# Phase transition detected in NM EOS:
#   P_t    = 10.0000 MeV/fm3
#   e_low  = 219.9037 MeV/fm3
#   e_high = 470.7574 MeV/fm3
#   delta_e= 250.8538 MeV/fm3
# Two-fluid TOV: Full results
# Columns: Pc_DM[MeV/fm3]  ec_NM[MeV/fm3]  ec_DM[MeV/fm3]  Pc_NM[MeV/fm3]  Pc_DM[MeV/fm3]  M[Msun]  M_NM[Msun]  M_DM[Msun]  R_total[km]  R_NM[km]  R_DM[km]  f_DM  Compactness  z_total  z_NM_surf  k2  Lambda  A_NM  A_DM  N_NM  N_DM  dM_dNB  detJ  stable_hippert  stable_jac  phase
1.000000e+00  1.030404e+02  3.547520e+01  1.000000e+00  1.000000e+00  6.184510e-01  6.647900e-02  5.519720e-01  2.782015e+01  1.052463e+01  2.782015e+01  8.925070e-01  3.283429e-02  3.454533e-02  2.460890e-02  1.350477e-01  2.359888e+06  1.000189e+04  8.491009e+04  8.385474e+55  8.238299e+57  6.418837e-06  6.144967e+110  1.000000e+00  1.000000e+00  0.000000e+00
1.000000e+00  1.076573e+02  3.547520e+01  1.133400e+00  1.000000e+00  5.813180e-01  7.415800e-02  5.071590e-01  2.736298e+01  1.053618e+01  2.736298e+01  8.724300e-01  3.137848e-02  3.293713e-02  2.541243e-02  1.288964e-01  2.824822e+06  1.117259e+04  7.795433e+04  9.352579e+55  7.569269e+57  6.431075e-06  5.895564e+110  1.000000e+00  1.000000e+00  0.000000e+00
1.000000e+00  1.131115e+02  3.547520e+01  1.284600e+00  1.000000e+00  5.426940e-01  8.256300e-02  4.601310e-01  2.680439e+01  1.055242e+01  2.680439e+01  8.478650e-01  2.990410e-02  3.131603e-02  2.630583e-02  1.217470e-01  3.393119e+06  1.245709e+04  7.067582e+04  1.040033e+56  6.867304e+57  6.455350e-06  5.609498e+110  1.000000e+00  1.000000e+00  0.000000e+00
1.000000e+00  1.191072e+02  3.547520e+01  1.456000e+00  1.000000e+00  5.028600e-01  9.182200e-02  4.110380e-01  2.611088e+01  1.057197e+01  2.611088e+01  8.174000e-01  2.844506e-02  2.971930e-02  2.730264e-02  1.134579e-01  4.061630e+06  1.387598e+04  6.309754e+04  1.154806e+56  6.134428e+57  6.480753e-06  5.898179e+110  1.000000e+00  1.000000e+00  0.000000e+00
1.000000e+00  1.250167e+02  3.547520e+01  1.650300e+00  1.000000e+00  4.626410e-01  1.020050e-01  3.606360e-01  2.525860e+01  1.059441e+01  2.525860e+01  7.795160e-01  2.705309e-02  2.820285e-02  2.840900e-02  1.040098e-01  4.784048e+06  1.544102e+04  5.533966e+04  1.280570e+56  5.382200e+57  6.508072e-06  6.096677e+110  1.000000e+00  1.000000e+00  0.000000e+00
1.000000e+00  1.316026e+02  3.547520e+01  1.870400e+00  1.000000e+00  4.232300e-01  1.132080e-01  3.100220e-01  2.421359e+01  1.061981e+01  2.421359e+01  7.325140e-01  2.581658e-02  2.686138e-02  2.963550e-02  9.350072e-02  5.433748e+06  1.716811e+04  4.756927e+04  1.418587e+56  4.626867e+57  6.536292e-06  6.370786e+110  1.000000e+00  1.000000e+00  0.000000e+00
1.000000e+00  1.379494e+02  3.547520e+01  2.120000e+00  1.000000e+00  3.862670e-01  1.255310e-01  2.607360e-01  2.295273e+01  1.064803e+01  2.295273e+01  6.750160e-01  2.485623e-02  2.582311e-02  3.099292e-02  8.228035e-02  5.779723e+06  1.907432e+04  4.002000e+04  1.570182e+56  3.891376e+57  6.561714e-06  5.292446e+110  1.000000e+00  1.000000e+00  0.000000e+00
1.000000e+00  1.527256e+02  3.547520e+01  2.402800e+00  1.000000e+00  3.549570e-01  1.374760e-01  2.174810e-01  2.160420e+01  1.067710e+01  2.160420e+01  6.126970e-01  2.426715e-02  2.518781e-02  3.224826e-02  7.191324e-02  5.696537e+06  2.092804e+04  3.340168e+04  1.716889e+56  3.245873e+57  6.592969e-06  7.179240e+110  1.000000e+00  1.000000e+00  0.000000e+00
1.000000e+00  1.576382e+02  3.547520e+01  2.723400e+00  1.000000e+00  3.285010e-01  1.507520e-01  1.777490e-01  2.006640e+01  1.070134e+01  2.006640e+01  5.410920e-01  2.417959e-02  2.509347e-02  3.366181e-02  6.202905e-02  5.003425e+06  2.299604e+04  2.733192e+04  1.879758e+56  2.653043e+57  6.652999e-06  8.381400e+110  1.000000e+00  1.000000e+00  0.000000e+00
1.000000e+00  1.627167e+02  3.547520e+01  3.086700e+00  1.000000e+00  3.089080e-01  1.661090e-01  1.427990e-01  1.836886e+01  1.072661e+01  1.836886e+01  4.622700e-01  2.483872e-02  2.580421e-02  3.534711e-02  5.371014e-02  3.787346e+06  2.539805e+04  2.199853e+04  2.068287e+56  2.131577e+57  6.814479e-06  8.362671e+110  1.000000e+00  1.000000e+00  0.000000e+00
1.000000e+00  1.679681e+02  3.547520e+01  3.498500e+00  1.000000e+00  2.979470e-01  1.837620e-01  1.141850e-01  1.663884e+01  1.075670e+01  1.663884e+01  3.832390e-01  2.644824e-02  2.754600e-02  3.733066e-02  4.876760e-02  2.512325e+06  2.817144e+04  1.763310e+04  2.285321e+56  1.704617e+57  1.008465e-05  7.905064e+110  1.000000e+00  1.000000e+00  0.000000e+00
1.000000e+00  1.734000e+02  3.547520e+01  3.965200e+00  1.000000e+00  2.960910e-01  2.039460e-01  9.214500e-02  1.501577e+01  1.079436e+01  1.501577e+01  3.112040e-01  2.912452e-02  3.046196e-02  3.963769e-02  4.921581e-02  1.565606e+06  3.135807e+04  1.426874e+04  2.533980e+56  1.375719e+57  1.128992e-05  7.110064e+110  1.000000e+00  1.000000e+00  0.000000e+00
1.000000e+00  1.790190e+02  3.547520e+01  4.494300e+00  1.000000e+00  3.027650e-01  2.269190e-01  7.584600e-02  1.359530e+01  1.084170e+01  1.359530e+01  2.505120e-01  3.289261e-02  3.460991e-02  4.229186e-02  5.719938e-02  9.903483e+05  3.500485e+04  1.177725e+04  2.817754e+56  1.132441e+57  5.869072e-06  6.180997e+110  1.000000e+00  1.000000e+00  0.000000e+00
1.000000e+00  1.848335e+02  3.547520e+01  5.093900e+00  1.000000e+00  3.169580e-01  2.529540e-01  6.400400e-02  1.241524e+01  1.090020e+01  1.241524e+01  2.019320e-01  3.770757e-02  3.998389e-02  4.531515e-02  7.491875e-02  6.551722e+05  3.916281e+04  9.963132e+03  3.140369e+56  9.556232e+56  6.076820e-06  5.306732e+110  1.000000e+00  1.000000e+00  0.000000e+00
1.000000e+00  1.908524e+02  3.547520e+01  5.773400e+00  1.000000e+00  3.377240e-01  2.823430e-01  5.538100e-02  1.146647e+01  1.097081e+01  1.146647e+01  1.639820e-01  4.350241e-02  4.656392e-02  4.872814e-02  1.043593e-01  4.465465e+05  4.388749e+04  8.638341e+03  3.505856e+56  8.268029e+56  6.106824e-06  4.588137e+110  1.000000e+00  1.000000e+00  0.000000e+00
1.000000e+00  1.970844e+02  3.547520e+01  6.543700e+00  1.000000e+00  3.643830e-01  3.153910e-01  4.899200e-02  1.105396e+01  1.105396e+01  1.071962e+01  1.344510e-01  4.868796e-02  5.255922e-02  5.255924e-02  1.255152e-01  3.058427e+05  4.923857e+04  7.653557e+03  3.918489e+56  7.313177e+56  6.093719e-06  4.045298e+110  1.000000e+00  1.000000e+00  0.000000e+00
1.000000e+00  2.035396e+02  3.547520e+01  7.416700e+00  1.000000e+00  3.965340e-01  3.524140e-01  4.412000e-02  1.114826e+01  1.114826e+01  1.013467e+01  1.112630e-01  5.253574e-02  5.707506e-02  5.707506e-02  1.254591e-01  2.089948e+05  5.528138e+04  6.899416e+03  4.382868e+56  6.584319e+56  6.061225e-06  3.657476e+110  1.000000e+00  1.000000e+00  0.000000e+00
1.000000e+00  2.102287e+02  3.547520e+01  8.406200e+00  1.000000e+00  4.339880e-01  3.937320e-01  4.025600e-02  1.125086e+01  1.125086e+01  9.680753e+00  9.275800e-02  5.697363e-02  6.235634e-02  6.235634e-02  1.274800e-01  1.415734e+05  6.208280e+04  6.298928e+03  4.903613e+56  6.005889e+56  6.016870e-06  3.392235e+110  1.000000e+00  1.000000e+00  0.000000e+00
1.000000e+00  2.171631e+02  3.547520e+01  9.527700e+00  1.000000e+00  4.767000e-01  4.396490e-01  3.705100e-02  1.136047e+01  1.136047e+01  9.318994e+00  7.772300e-02  6.197696e-02  6.840651e-02  6.840653e-02  1.304170e-01  9.508027e+04  6.971312e+04  5.798945e+03  5.485528e+56  5.525692e+56  5.961364e-06  2.996301e+110  1.000000e+00  1.000000e+00  0.000000e+00
1.000000e+00  4.714565e+02  3.547520e+01  1.079880e+01  1.000000e+00  4.904920e-01  4.577110e-01  3.278100e-02  1.139815e+01  1.139815e+01  9.009915e+00  6.683300e-02  6.355937e-02  7.034163e-02  7.034164e-02  1.314766e-01  8.450049e+04  7.270703e+04  5.122313e+03  5.713699e+56  4.888060e+56  6.335406e-06  -2.162541e+110  1.000000e+00  -1.000000e+00  1.000000e+00
1.000000e+00  4.728972e+02  3.547520e+01  1.223950e+01  1.000000e+00  4.849000e-01  4.570020e-01  2.789800e-02  1.135336e+01  1.135336e+01  8.662418e+00  5.753400e-02  6.308260e-02  6.975748e-02  6.975748e-02  1.300952e-01  8.682143e+04  7.257496e+04  4.350343e+03  5.701388e+56  4.159788e+56  6.479808e-06  -1.678570e+110  1.000000e+00  -1.000000e+00  1.000000e+00
1.000000e+00  4.745300e+02  3.547520e+01  1.387240e+01  1.000000e+00  4.814740e-01  4.579980e-01  2.347600e-02  1.127414e+01  1.127414e+01  8.272266e+00  4.875900e-02  6.307700e-02  6.975063e-02  6.975063e-02  1.278723e-01  8.537468e+04  7.275389e+04  3.655986e+03  5.709425e+56  3.500276e+56  -1.171903e-05  -8.288384e+109  -1.000000e+00  -1.000000e+00  1.000000e+00
1.000000e+00  4.763807e+02  3.547520e+01  1.572320e+01  1.000000e+00  4.811040e-01  4.614460e-01  1.965900e-02  1.116288e+01  1.116288e+01  7.852613e+00  4.086100e-02  6.365672e-02  7.046102e-02  7.046102e-02  1.250745e-01  7.977314e+04  7.338526e+04  3.059996e+03  5.748378e+56  2.930896e+56  -9.727948e-06  -1.091593e+109  -1.000000e+00  -1.000000e+00  1.000000e+00
1.000000e+00  4.784787e+02  3.547520e+01  1.782080e+01  1.000000e+00  4.847540e-01  4.682210e-01  1.653300e-02  1.102276e+01  1.102276e+01  7.421637e+00  3.410700e-02  6.495508e-02  7.205719e-02  7.205719e-02  1.219356e-01  7.030294e+04  7.458818e+04  2.574624e+03  5.827105e+56  2.464818e+56  5.078864e-06  4.838951e+109  1.000000e+00  1.000000e+00  1.000000e+00
1.000000e+00  4.808563e+02  3.547520e+01  2.019840e+01  1.000000e+00  4.934320e-01  4.793160e-01  1.411600e-02  1.086025e+01  1.086025e+01  7.000469e+00  2.860700e-02  6.710720e-02  7.471873e-02  7.471873e-02  1.186595e-01  5.812500e+04  7.667750e+04  2.200700e+03  5.969187e+56  2.104164e+56  5.264811e-06  8.579170e+109  1.000000e+00  1.000000e+00  1.000000e+00
1.000000e+00  4.835509e+02  3.547520e+01  2.289310e+01  1.000000e+00  5.081500e-01  4.958010e-01  1.234900e-02  1.068526e+01  1.068526e+01  6.612173e+00  2.430100e-02  7.024054e-02  7.862947e-02  7.862947e-02  1.155051e-01  4.503660e+04  7.958672e+04  1.928213e+03  6.169548e+56  1.840429e+56  5.528915e-06  1.087764e+110  1.000000e+00  1.000000e+00  1.000000e+00
1.000000e+00  4.866048e+02  3.547520e+01  2.594730e+01  1.000000e+00  5.298410e-01  5.187200e-01  1.112100e-02  1.050981e+01  1.050981e+01  6.278715e+00  2.098900e-02  7.446163e-02  8.396595e-02  8.396595e-02  1.126917e-01  3.282015e+04  8.375669e+04  1.738966e+03  6.460969e+56  1.656905e+56  5.461808e-06  1.237299e+110  1.000000e+00  1.000000e+00  1.000000e+00
1.000000e+00  4.900671e+02  3.547520e+01  2.940900e+01  1.000000e+00  5.592990e-01  5.490060e-01  1.029300e-02  1.034690e+01  1.034690e+01  6.013355e+00  1.840300e-02  7.983904e-02  9.088044e-02  9.088044e-02  1.103224e-01  2.267214e+04  8.926142e+04  1.610883e+03  6.848466e+56  1.532800e+56  5.454317e-06  1.296077e+110  1.000000e+00  1.000000e+00  1.000000e+00
1.000000e+00  4.939909e+02  3.547520e+01  3.333260e+01  1.000000e+00  5.971060e-01  5.873820e-01  9.724000e-03  1.020759e+01  1.020759e+01  5.819329e+00  1.628500e-02  8.639920e-02  9.949767e-02  9.949768e-02  1.084124e-01  1.501201e+04  9.632251e+04  1.522044e+03  7.347523e+56  1.447182e+56  5.439786e-06  1.301295e+110  1.000000e+00  1.000000e+00  1.000000e+00
1.000000e+00  4.984378e+02  3.547520e+01  3.777960e+01  1.000000e+00  6.436070e-01  6.343200e-01  9.287000e-03  1.009909e+01  1.009909e+01  5.688771e+00  1.443000e-02  9.412825e-02  1.099172e-01  1.099172e-01  1.069848e-01  9.652322e+03  1.049069e+05  1.452770e+03  7.954276e+56  1.381009e+56  5.444193e-06  1.289212e+110  1.000000e+00  1.000000e+00  1.000000e+00
1.000000e+00  5.034775e+02  3.547520e+01  4.281980e+01  1.000000e+00  6.989010e-01  6.900280e-01  8.873000e-03  1.002460e+01  1.002460e+01  5.600685e+00  1.269600e-02  1.029746e-01  1.222145e-01  1.222145e-01  1.057684e-01  6.089920e+03  1.151671e+05  1.386777e+03  8.678007e+56  1.318259e+56  5.306827e-06  1.295139e+110  1.000000e+00  1.000000e+00  1.000000e+00
1.000000e+00  5.091908e+02  3.547520e+01  4.853260e+01  1.000000e+00  7.628430e-01  7.544020e-01  8.441000e-03  9.983883e+00  9.983883e+00  5.508342e+00  1.106500e-02  1.128541e-01  1.364431e-01  1.364431e-01  1.045373e-01  3.807106e+03  1.276173e+05  1.317932e+03  9.554686e+56  1.252804e+56  5.158273e-06  1.267656e+110  1.000000e+00  1.000000e+00  1.000000e+00
1.000000e+00  5.156662e+02  3.547520e+01  5.500740e+01  1.000000e+00  8.350270e-01  8.270350e-01  7.992000e-03  9.974338e+00  9.974338e+00  5.409139e+00  9.570000e-03  1.236511e-01  1.526293e-01  1.526293e-01  1.029736e-01  2.374909e+03  1.417012e+05  1.246539e+03  1.053942e+57  1.184929e+56  5.134555e-06  1.179839e+110  1.000000e+00  1.000000e+00  1.000000e+00
1.000000e+00  5.230050e+02  3.547520e+01  6.234610e+01  1.000000e+00  9.148040e-01  9.072760e-01  7.529000e-03  9.991862e+00  9.991862e+00  5.302848e+00  8.230000e-03  1.352270e-01  1.707756e-01  1.707756e-01  1.008478e-01  1.486821e+03  1.573689e+05  1.173101e+03  1.162483e+57  1.115110e+56  5.021949e-06  1.093516e+110  1.000000e+00  1.000000e+00  1.000000e+00
1.000000e+00  5.313221e+02  3.547520e+01  7.066390e+01  1.000000e+00  1.001301e+00  9.942450e-01  7.056000e-03  1.003118e+01  1.003118e+01  5.189681e+00  7.047000e-03  1.474328e-01  1.908691e-01  1.908691e-01  9.797807e-02  9.377103e+02  1.750386e+05  1.098207e+03  1.283835e+57  1.043908e+56  4.815479e-06  1.004924e+110  1.000000e+00  1.000000e+00  1.000000e+00
1.000000e+00  5.407496e+02  3.547520e+01  8.009140e+01  1.000000e+00  1.093442e+00  1.086866e+00  6.577000e-03  1.008687e+01  1.008687e+01  5.070072e+00  6.015000e-03  1.601111e-01  2.128762e-01  2.128762e-01  9.430318e-02  5.974910e+02  1.947041e+05  1.022510e+03  1.417499e+57  9.719442e+55  4.666980e-06  8.857851e+109  1.000000e+00  1.000000e+00  1.000000e+00
1.000000e+00  5.514360e+02  3.547520e+01  9.077660e+01  1.000000e+00  1.189985e+00  1.183889e+00  6.096000e-03  1.015368e+01  1.015368e+01  4.943420e+00  5.123000e-03  1.731010e-01  2.367394e-01  2.367394e-01  8.979417e-02  3.851763e+02  2.156403e+05  9.466894e+02  1.557584e+57  8.998635e+55  4.526872e-06  7.691554e+109  1.000000e+00  1.000000e+00  1.000000e+00
1.000000e+00  5.635472e+02  3.547520e+01  1.028874e+02  1.000000e+00  1.289549e+00  1.283930e+00  5.619000e-03  1.022677e+01  1.022677e+01  4.811409e+00  4.357000e-03  1.862434e-01  2.623755e-01  2.623755e-01  8.467428e-02  2.519163e+02  2.382537e+05  8.714791e+02  1.706681e+57  8.283649e+55  4.388828e-06  6.450114e+109  1.000000e+00  1.000000e+00  1.000000e+00
1.000000e+00  5.772730e+02  3.547520e+01  1.166139e+02  1.000000e+00  1.390660e+00  1.385512e+00  5.148000e-03  1.030177e+01  1.030177e+01  4.673666e+00  3.702000e-03  1.993843e-01  2.896716e-01  2.896716e-01  7.903093e-02  1.672050e+02  2.615222e+05  7.975777e+02  1.856627e+57  7.581117e+55  4.198248e-06  5.426949e+109  1.000000e+00  1.000000e+00  1.000000e+00
1.000000e+00  5.928297e+02  3.547520e+01  1.321717e+02  1.000000e+00  1.491808e+00  1.487118e+00  4.690000e-03  1.037493e+01  1.037493e+01  4.530816e+00  3.144000e-03  2.123779e-01  3.184811e-01  3.184811e-01  7.308060e-02  1.127622e+02  2.867317e+05  7.256677e+02  2.016666e+57  6.897527e+55  4.000419e-06  4.458255e+109  1.000000e+00  1.000000e+00  1.000000e+00
1.000000e+00  6.104652e+02  3.547520e+01  1.498051e+02  1.000000e+00  1.591495e+00  1.587248e+00  4.247000e-03  1.044302e+01  1.044302e+01  4.383225e+00  2.668000e-03  2.250923e-01  3.486261e-01  3.486261e-01  6.702146e-02  7.732719e+01  3.118660e+05  6.563730e+02  2.171280e+57  6.238806e+55  3.821618e-06  3.547873e+109  1.000000e+00  1.000000e+00  1.000000e+00
1.000000e+00  6.304521e+02  3.547520e+01  1.697911e+02  1.000000e+00  1.688293e+00  1.684469e+00  3.824000e-03  1.050338e+01  1.050338e+01  4.232726e+00  2.265000e-03  2.374106e-01  3.798963e-01  3.798963e-01  6.102469e-02  5.394031e+01  3.383984e+05  5.902569e+02  2.331181e+57  5.610317e+55  3.571285e-06  2.837910e+109  1.000000e+00  1.000000e+00  1.000000e+00
1.000000e+00  6.531038e+02  3.547520e+01  1.924434e+02  1.000000e+00  1.780896e+00  1.777473e+00  3.423000e-03  1.055401e+01  1.055401e+01  4.079963e+00  1.922000e-03  2.492312e-01  4.120440e-01  4.120440e-01  5.523655e-02  3.829308e+01  3.650341e+05  5.277750e+02  2.486410e+57  5.016387e+55  3.402261e-06  2.156656e+109  1.000000e+00  1.000000e+00  1.000000e+00
1.000000e+00  6.787757e+02  3.547520e+01  2.181178e+02  1.000000e+00  1.868148e+00  1.865101e+00  3.047000e-03  1.059327e+01  1.059327e+01  3.924748e+00  1.631000e-03  2.604731e-01  4.448005e-01  4.448005e-01  4.977273e-02  2.767486e+01  3.913685e+05  4.692723e+02  2.633766e+57  4.460286e+55  3.242522e-06  1.592230e+109  1.000000e+00  1.000000e+00  1.000000e+00
1.000000e+00  7.078781e+02  3.547520e+01  2.472176e+02  1.000000e+00  1.949085e+00  1.946388e+00  2.697000e-03  1.062012e+01  1.062012e+01  3.768520e+00  1.384000e-03  2.710709e-01  4.778642e-01  4.778642e-01  4.470958e-02  2.036547e+01  4.169828e+05  4.150003e+02  2.770233e+57  3.944410e+55  3.021328e-06  1.173310e+109  1.000000e+00  1.000000e+00  1.000000e+00
1.000000e+00  7.408620e+02  3.547520e+01  2.801996e+02  1.000000e+00  2.022950e+00  2.020575e+00  2.375000e-03  1.063374e+01  1.063374e+01  3.612571e+00  1.174000e-03  2.809835e-01  5.109378e-01  5.109378e-01  4.006221e-02  1.524893e+01  4.427216e+05  3.651004e+02  2.902036e+57  3.470101e+55  2.732361e-06  8.768112e+108  1.000000e+00  1.000000e+00  1.000000e+00
1.000000e+00  7.782441e+02  3.547520e+01  3.175819e+02  1.000000e+00  2.089191e+00  2.087109e+00  2.081000e-03  1.063392e+01  1.063392e+01  3.456893e+00  9.960000e-04  2.901793e-01  5.436928e-01  5.436928e-01  3.586956e-02  1.162257e+01  4.683428e+05  3.196025e+02  3.027762e+57  3.037639e+55  2.511649e-06  6.049264e+108  1.000000e+00  1.000000e+00  1.000000e+00
1.000000e+00  8.206108e+02  3.547520e+01  3.599514e+02  1.000000e+00  2.147464e+00  2.145649e+00  1.815000e-03  1.062084e+01  1.062084e+01  3.302828e+00  8.450000e-04  2.986404e-01  5.757917e-01  5.757917e-01  3.212292e-02  9.015315e+00  4.922818e+05  2.784563e+02  3.135996e+57  2.646547e+55  2.363156e-06  3.900954e+108  1.000000e+00  1.000000e+00  1.000000e+00
1.000000e+00  8.686339e+02  3.547520e+01  4.079736e+02  1.000000e+00  2.197617e+00  2.196041e+00  1.576000e-03  1.059459e+01  1.059459e+01  3.150899e+00  7.170000e-04  3.063721e-01  6.069450e-01  6.069450e-01  2.879923e-02  7.112851e+00  5.141783e+05  2.415283e+02  3.224523e+57  2.295552e+55  2.145984e-06  2.599886e+108  1.000000e+00  1.000000e+00  1.000000e+00
1.000000e+00  9.230662e+02  3.547520e+01  4.624025e+02  1.000000e+00  2.239667e+00  2.238305e+00  1.362000e-03  1.055590e+01  1.055590e+01  3.001670e+00  6.080000e-04  3.133790e-01  6.368343e-01  6.368343e-01  2.587858e-02  5.708208e+00  5.351988e+05  2.086233e+02  3.302638e+57  1.982800e+55  1.852937e-06  1.732693e+108  1.000000e+00  1.000000e+00  1.000000e+00
1.000000e+00  9.847572e+02  3.547520e+01  5.240930e+02  1.000000e+00  2.273783e+00  2.272611e+00  1.173000e-03  1.050540e+01  1.050540e+01  2.856129e+00  5.160000e-04  3.196818e-01  6.651955e-01  6.651955e-01  2.330359e-02  4.653095e+00  5.551826e+05  1.795018e+02  3.369816e+57  1.706013e+55  1.554686e-06  1.119003e+108  1.000000e+00  1.000000e+00  1.000000e+00
1.000000e+00  1.054675e+03  3.547520e+01  5.940138e+02  1.000000e+00  2.300260e+00  2.299254e+00  1.006000e-03  1.044413e+01  1.044413e+01  2.713916e+00  4.370000e-04  3.253016e-01  6.917671e-01  6.917671e-01  2.106554e-02  3.855229e+00  5.740034e+05  1.538863e+02  3.425845e+57  1.462550e+55  1.293952e-06  6.297470e+107  1.000000e+00  1.000000e+00  1.000000e+00
1.000000e+00  1.133922e+03  3.547520e+01  6.732629e+02  1.000000e+00  2.319482e+00  2.318622e+00  8.600000e-04  1.037303e+01  1.037303e+01  2.575594e+00  3.710000e-04  3.302683e-01  7.163407e-01  7.163407e-01  1.911628e-02  3.243230e+00  5.901003e+05  1.314855e+02  3.459827e+57  1.249644e+55  9.843565e-07  3.442032e+107  1.000000e+00  1.000000e+00  1.000000e+00
1.000000e+00  1.223749e+03  3.547520e+01  7.630849e+02  1.000000e+00  2.331913e+00  2.331180e+00  7.330000e-04  1.029299e+01  1.029299e+01  2.442062e+00  3.140000e-04  3.346204e-01  7.387774e-01  7.387774e-01  1.742213e-02  2.768523e+00  6.062063e+05  1.120023e+02  3.492969e+57  1.064469e+55  6.029388e-07  1.846338e+107  1.000000e+00  1.000000e+00  1.000000e+00
1.000000e+00  1.325556e+03  3.547520e+01  8.648903e+02  1.000000e+00  2.338068e+00  2.337444e+00  6.230000e-04  1.020541e+01  1.020541e+01  2.313552e+00  2.670000e-04  3.383827e-01  7.589000e-01  7.589000e-01  1.595687e-02  2.397813e+00  6.195317e+05  9.513946e+01  3.505331e+57  9.042009e+54  2.364192e-07  4.306475e+106  1.000000e+00  1.000000e+00  1.000000e+00
1.000000e+00  1.440942e+03  3.547520e+01  9.802778e+02  1.000000e+00  2.338493e+00  2.337965e+00  5.280000e-04  1.011131e+01  1.011131e+01  2.189330e+00  2.260000e-04  3.415939e-01  7.766387e-01  7.766387e-01  1.468851e-02  2.105393e+00  6.313430e+05  8.060724e+01  3.506952e+57  7.660837e+54  -2.839580e-07  -3.148013e+106  -1.000000e+00  -1.000000e+00  1.000000e+00
1.000000e+00  1.571717e+03  3.547520e+01  1.111060e+03  1.000000e+00  2.333752e+00  2.333305e+00  4.470000e-04  1.001181e+01  1.001181e+01  2.070379e+00  1.910000e-04  3.442896e-01  7.919512e-01  7.919512e-01  1.360644e-02  1.875140e+00  6.403402e+05  6.813659e+01  3.488972e+57  6.475613e+54  -7.837840e-07  -5.623758e+106  -1.000000e+00  -1.000000e+00  1.000000e+00
1.000000e+00  1.719954e+03  3.547520e+01  1.259289e+03  1.000000e+00  2.324413e+00  2.324036e+00  3.770000e-04  9.908092e+00  9.908092e+00  1.956652e+00  1.620000e-04  3.465013e-01  8.048151e-01  8.048151e-01  1.267735e-02  1.692047e+00  6.493322e+05  5.747431e+01  3.473148e+57  5.462267e+54  -1.439089e-06  -4.736635e+106  -1.000000e+00  -1.000000e+00  1.000000e+00
1.000000e+00  1.887962e+03  3.547520e+01  1.427295e+03  1.000000e+00  2.311033e+00  2.310716e+00  3.170000e-04  9.801145e+00  9.801145e+00  1.847687e+00  1.370000e-04  3.482659e-01  8.152792e-01  8.152792e-01  1.187936e-02  1.545777e+00  6.568821e+05  4.838770e+01  3.449308e+57  4.598674e+54  -2.793525e-06  -5.646867e+106  -1.000000e+00  -1.000000e+00  1.000000e+00
1.000000e+00  2.078381e+03  3.547520e+01  1.617714e+03  1.000000e+00  2.294154e+00  2.293887e+00  2.670000e-04  9.692090e+00  9.692090e+00  1.743878e+00  1.160000e-04  3.496123e-01  8.233870e-01  8.233870e-01  1.119669e-02  1.429107e+00  6.617767e+05  4.066799e+01  3.408796e+57  3.864997e+54  -4.573276e-06  -5.758802e+106  -1.000000e+00  -1.000000e+00  1.000000e+00
1.000000e+00  2.294199e+03  3.547520e+01  1.833538e+03  1.000000e+00  2.274298e+00  2.274074e+00  2.240000e-04  9.581939e+00  9.581939e+00  1.645169e+00  9.900000e-05  3.505707e-01  8.292249e-01  8.292249e-01  1.061604e-02  1.336575e+00  6.654511e+05  3.412738e+01  3.362929e+57  3.243384e+54  -5.689793e-06  -4.357911e+106  -1.000000e+00  -1.000000e+00  1.000000e+00
1.000000e+00  2.538819e+03  3.547520e+01  2.078156e+03  1.000000e+00  2.251957e+00  2.251769e+00  1.880000e-04  9.471599e+00  9.471599e+00  1.551097e+00  8.300000e-05  3.511708e-01  8.329092e-01  8.329092e-01  1.012358e-02  1.263719e+00  6.691978e+05  2.859878e+01  3.321762e+57  2.717953e+54  -1.431687e-05  -3.449270e+106  -1.000000e+00  -1.000000e+00  1.000000e+00
1.000000e+00  2.816077e+03  3.547520e+01  2.355409e+03  1.000000e+00  2.227599e+00  2.227442e+00  1.570000e-04  9.362068e+00  9.362068e+00  1.461882e+00  7.100000e-05  3.514365e-01  8.345472e-01  8.345472e-01  9.710458e-03  1.207576e+00  6.705997e+05  2.393623e+01  3.267483e+57  2.274831e+54  -5.450780e-05  -3.013923e+106  -1.000000e+00  -1.000000e+00  1.000000e+00
1.000000e+00  3.130319e+03  3.547520e+01  2.669651e+03  1.000000e+00  2.201656e+00  2.201525e+00  1.310000e-04  9.254080e+00  9.254080e+00  1.377450e+00  6.000000e-05  3.513969e-01  8.343028e-01  8.343028e-01  9.364839e-03  1.165251e+00  6.710022e+05  2.001181e+01  3.210388e+57  1.901864e+54  -5.294075e-04  -2.320671e+106  -1.000000e+00  -1.000000e+00  1.000000e+00
1.000000e+00  3.486480e+03  3.547520e+01  3.025817e+03  1.000000e+00  2.174531e+00  2.174421e+00  1.100000e-04  9.148417e+00  9.148417e+00  1.297134e+00  5.100000e-05  3.510762e-01  8.323267e-01  8.323267e-01  9.083138e-03  1.135371e+00  6.705045e+05  1.671397e+01  3.151369e+57  1.588443e+54  4.506380e-05  -1.756825e+106  1.000000e+00  -1.000000e+00  1.000000e+00
1.000000e+00  3.890162e+03  3.547520e+01  3.429500e+03  1.000000e+00  2.146597e+00  2.146505e+00  9.200000e-05  9.045794e+00  9.045794e+00  1.221284e+00  4.300000e-05  3.504979e-01  8.287794e-01  8.287794e-01  8.855795e-03  1.116116e+00  6.692037e+05  1.394741e+01  3.091223e+57  1.325516e+54  1.854495e-05  -1.311950e+106  1.000000e+00  -1.000000e+00  1.000000e+00
1.000000e+00  4.347708e+03  3.547520e+01  3.887040e+03  1.000000e+00  2.118194e+00  2.118117e+00  7.600000e-05  8.946826e+00  8.946826e+00  1.149649e+00  3.600000e-05  3.496861e-01  8.238345e-01  8.238345e-01  8.678263e-03  1.106496e+00  6.671894e+05  1.162971e+01  3.030604e+57  1.105249e+54  1.266551e-05  -9.691611e+105  1.000000e+00  -1.000000e+00  1.000000e+00
1.000000e+00  4.866291e+03  3.547520e+01  4.405622e+03  1.000000e+00  2.089633e+00  2.089569e+00  6.400000e-05  8.851990e+00  8.851990e+00  1.081790e+00  3.000000e-05  3.486669e-01  8.176825e-01  8.176825e-01  8.542153e-03  1.105153e+00  6.645482e+05  9.690267e+00  2.970101e+57  9.209289e+53  9.281411e-06  -7.443068e+105  1.000000e+00  -1.000000e+00  1.000000e+00
1.000000e+00  5.454054e+03  3.547520e+01  4.993389e+03  1.000000e+00  2.061198e+00  2.061145e+00  5.300000e-05  8.761889e+00  8.761889e+00  1.017811e+00  2.600000e-05  3.474590e-01  8.104719e-01  8.104719e-01  8.448306e-03  1.112142e+00  6.604333e+05  8.069297e+00  2.903252e+57  7.668769e+53  7.399756e-06  -5.455806e+105  1.000000e+00  -1.000000e+00  1.000000e+00
1.000000e+00  6.120229e+03  3.547520e+01  5.659571e+03  1.000000e+00  2.033146e+00  2.033101e+00  4.400000e-05  8.676856e+00  8.676856e+00  9.574110e-01  2.200000e-05  3.460889e-01  8.023955e-01  8.023955e-01  8.389955e-03  1.126496e+00  6.568512e+05  6.715765e+00  2.844923e+57  6.382415e+53  7.416438e-06  -3.656069e+105  1.000000e+00  -1.000000e+00  1.000000e+00
1.000000e+00  6.875298e+03  3.547520e+01  6.414631e+03  1.000000e+00  2.005705e+00  2.005668e+00  3.700000e-05  8.597257e+00  8.597257e+00  9.004610e-01  1.800000e-05  3.445790e-01  7.936188e-01  7.936188e-01  8.363131e-03  1.147714e+00  6.529117e+05  5.586543e+00  2.788278e+57  5.309239e+53  6.653301e-06  -2.596276e+105  1.000000e+00  -1.000000e+00  1.000000e+00
1.000000e+00  7.731096e+03  3.547520e+01  7.270426e+03  1.000000e+00  1.979083e+00  1.979053e+00  3.100000e-05  8.523411e+00  8.523411e+00  8.467710e-01  1.500000e-05  3.429512e-01  7.842992e-01  7.842992e-01  8.366001e-03  1.175615e+00  6.487015e+05  4.645179e+00  2.733738e+57  4.414600e+53  5.685024e-06  -1.921214e+105  1.000000e+00  -1.000000e+00  1.000000e+00
1.000000e+00  8.701063e+03  3.547520e+01  8.240395e+03  1.000000e+00  1.953463e+00  1.953438e+00  2.500000e-05  8.455524e+00  8.455524e+00  7.961690e-01  1.300000e-05  3.412293e-01  7.745975e-01  7.745975e-01  8.394786e-03  1.209725e+00  6.434668e+05  3.860952e+00  2.675412e+57  3.669298e+53  5.180353e-06  -1.362629e+105  1.000000e+00  -1.000000e+00  1.000000e+00
1.000000e+00  9.800430e+03  3.547520e+01  9.339770e+03  1.000000e+00  1.929005e+00  1.928984e+00  2.100000e-05  8.393752e+00  8.393752e+00  7.485260e-01  1.100000e-05  3.394368e-01  7.646636e-01  7.646636e-01  8.446773e-03  1.249698e+00  6.389609e+05  3.208036e+00  2.626152e+57  3.048791e+53  5.257545e-06  -8.812893e+104  1.000000e+00  -1.000000e+00  1.000000e+00
1.000000e+00  1.104648e+04  3.547520e+01  1.058582e+04  1.000000e+00  1.905850e+00  1.905833e+00  1.800000e-05  8.338271e+00  8.338271e+00  7.036340e-01  9.000000e-06  3.375938e-01  7.546223e-01  7.546223e-01  8.518907e-03  1.295151e+00  6.344088e+05  2.664723e+00  2.579880e+57  2.532446e+53  4.932998e-06  -6.051720e+104  1.000000e+00  -1.000000e+00  1.000000e+00
1.000000e+00  1.245877e+04  3.547520e+01  1.199810e+04  1.000000e+00  1.884115e+00  1.884100e+00  1.500000e-05  8.288948e+00  8.288948e+00  6.613800e-01  8.000000e-06  3.357295e-01  7.446376e-01  7.446376e-01  8.605800e-03  1.345093e+00  6.298622e+05  2.212835e+00  2.536693e+57  2.102989e+53  4.357663e-06  -4.361538e+104  1.000000e+00  -1.000000e+00  1.000000e+00
1.000000e+00  1.405947e+04  3.547520e+01  1.359880e+04  1.000000e+00  1.863899e+00  1.863887e+00  1.200000e-05  8.245929e+00  8.245929e+00  6.216170e-01  6.000000e-06  3.338601e-01  7.347943e-01  7.347943e-01  8.709601e-03  1.399860e+00  6.246427e+05  1.837147e+00  2.491219e+57  1.745949e+53  4.101958e-06  -3.001603e+104  1.000000e+00  -1.000000e+00  1.000000e+00
1.000000e+00  1.587372e+04  3.547520e+01  1.541306e+04  1.000000e+00  1.845281e+00  1.845271e+00  1.000000e-05  8.208989e+00  8.208989e+00  5.842030e-01  5.000000e-06  3.320126e-01  7.252285e-01  7.252285e-01  8.822542e-03  1.457907e+00  6.203056e+05  1.524923e+00  2.454804e+57  1.449224e+53  4.180061e-06  -1.847524e+104  1.000000e+00  -1.000000e+00  1.000000e+00
1.000000e+00  1.793002e+04  3.547520e+01  1.746936e+04  1.000000e+00  1.828322e+00  1.828313e+00  8.000000e-06  8.178062e+00  8.178062e+00  5.490110e-01  5.000000e-06  3.302051e-01  7.160215e-01  7.160215e-01  8.944252e-03  1.518916e+00  6.161411e+05  1.265529e+00  2.421869e+57  1.202706e+53  3.958203e-06  -1.220991e+104  1.000000e+00  -1.000000e+00  1.000000e+00
1.000000e+00  2.025605e+04  3.547520e+01  1.979538e+04  1.000000e+00  1.813084e+00  1.813077e+00  7.000000e-06  8.152900e+00  8.152900e+00  5.160030e-01  4.000000e-06  3.284637e-01  7.072889e-01  7.072889e-01  9.068603e-03  1.581292e+00  6.121833e+05  1.050457e+00  2.392318e+57  9.983108e+52  3.849882e-06  -8.899078e+103  1.000000e+00  -1.000000e+00  1.000000e+00
1.373800e+00  1.030404e+02  4.218580e+01  1.000000e+00  1.373800e+00  7.803740e-01  6.022700e-02  7.201460e-01  2.821854e+01  9.966441e+00  2.821854e+01  9.228220e-01  4.084601e-02  4.353212e-02  2.633921e-02  1.391598e-01  8.160735e+05  9.061634e+03  1.117269e+05  7.599312e+55  1.075080e+58  6.312438e-06  5.428977e+110  1.000000e+00  1.000000e+00  0.000000e+00
1.373800e+00  1.076573e+02  4.218580e+01  1.133400e+00  1.373800e+00  7.445770e-01  6.744900e-02  6.771280e-01  2.793175e+01  1.000030e+01  2.793175e+01  9.094130e-01  3.937251e-02  4.186171e-02  2.722574e-02  1.351928e-01  9.524865e+05  1.016211e+04  1.049556e+05  8.508447e+55  1.010851e+58  6.325177e-06  5.219168e+110  1.000000e+00  1.000000e+00  0.000000e+00
1.373800e+00  1.131115e+02  4.218580e+01  1.284600e+00  1.373800e+00  7.065430e-01  7.537100e-02  6.311720e-01  2.758606e+01  1.003825e+01  2.758606e+01  8.933240e-01  3.782952e-02  4.012109e-02  2.819940e-02  1.305040e-01  1.122507e+06  1.137246e+04  9.774500e+04  9.495988e+55  9.422518e+57  6.350137e-06  4.973407e+110  1.000000e+00  1.000000e+00  0.000000e+00
1.373800e+00  1.191072e+02  4.218580e+01  1.456000e+00  1.373800e+00  6.661760e-01  8.412200e-02  5.820540e-01  2.715579e+01  1.007929e+01  2.715579e+01  8.737250e-01  3.623332e-02  3.832959e-02  2.927368e-02  1.249645e-01  1.334123e+06  1.271279e+04  9.005987e+04  1.058057e+56  8.689118e+57  6.376129e-06  5.236002e+110  1.000000e+00  1.000000e+00  0.000000e+00
1.373800e+00  1.250167e+02  4.218580e+01  1.650300e+00  1.373800e+00  6.237820e-01  9.377100e-02  5.300120e-01  2.662591e+01  1.012295e+01  2.662591e+01  8.496740e-01  3.460271e-02  3.650900e-02  3.045442e-02  1.183745e-01  1.590060e+06  1.419510e+04  8.194379e+04  1.177228e+56  7.912187e+57  6.403666e-06  5.422296e+110  1.000000e+00  1.000000e+00  0.000000e+00
1.373800e+00  1.316026e+02  4.218580e+01  1.870400e+00  1.373800e+00  5.798560e-01  1.044140e-01  4.754420e-01  2.596518e+01  1.016928e+01  2.596518e+01  8.199310e-01  3.298455e-02  3.471174e-02  3.175193e-02  1.107091e-01  1.890311e+06  1.583519e+04  7.345858e+04  1.308360e+56  7.097376e+57  6.432455e-06  5.673328e+110  1.000000e+00  1.000000e+00  0.000000e+00
1.373800e+00  1.379494e+02  4.218580e+01  2.120000e+00  1.373800e+00  5.352560e-01  1.161520e-01  4.191040e-01  2.515055e+01  1.021812e+01  2.515055e+01  7.829970e-01  3.143371e-02  3.299801e-02  3.317667e-02  1.019019e-01  2.213712e+06  1.765002e+04  6.472677e+04  1.452771e+56  6.256324e+57  6.460050e-06  4.756060e+110  1.000000e+00  1.000000e+00  0.000000e+00
1.373800e+00  1.527256e+02  4.218580e+01  2.402800e+00  1.373800e+00  4.936450e-01  1.276080e-01  3.660380e-01  2.424747e+01  1.026474e+01  2.424747e+01  7.414990e-01  3.006977e-02  3.149781e-02  3.449999e-02  9.293195e-02  2.518718e+06  1.942691e+04  5.651986e+04  1.593487e+56  5.464256e+57  6.486474e-06  6.451004e+110  1.000000e+00  1.000000e+00  0.000000e+00
1.373800e+00  1.576382e+02  4.218580e+01  2.723400e+00  1.373800e+00  4.530740e-01  1.403780e-01  3.126950e-01  2.313345e+01  1.030758e+01  2.313345e+01  6.901650e-01  2.892744e-02  3.024639e-02  3.597659e-02  8.299845e-02  2.731942e+06  2.141507e+04  4.829105e+04  1.750189e+56  4.667956e+57  6.522013e-06  7.667274e+110  1.000000e+00  1.000000e+00  0.000000e+00
1.373800e+00  1.627167e+02  4.218580e+01  3.086700e+00  1.373800e+00  4.153870e-01  1.551590e-01  2.602280e-01  2.176469e+01  1.035262e+01  2.176469e+01  6.264710e-01  2.818914e-02  2.944000e-02  3.771745e-02  7.231809e-02  2.709643e+06  2.372543e+04  4.021927e+04  1.931664e+56  3.884822e+57  6.570550e-06  7.841855e+110  1.000000e+00  1.000000e+00  0.000000e+00
1.373800e+00  1.679681e+02  4.218580e+01  3.498500e+00  1.373800e+00  3.838170e-01  1.721580e-01  2.116590e-01  2.016485e+01  1.040288e+01  2.016485e+01  5.514590e-01  2.811321e-02  2.935716e-02  3.974851e-02  6.191824e-02  2.350692e+06  2.639437e+04  3.276326e+04  2.140680e+56  3.159976e+57  6.650072e-06  7.703567e+110  1.000000e+00  1.000000e+00  0.000000e+00
1.373800e+00  1.734000e+02  4.218580e+01  3.965200e+00  1.373800e+00  3.613280e-01  1.916060e-01  1.697220e-01  1.841351e+01  1.046055e+01  1.841351e+01  4.697160e-01  2.898320e-02  3.030736e-02  4.209502e-02  5.334217e-02  1.738754e+06  2.946307e+04  2.633240e+04  2.380306e+56  2.534025e+57  6.889304e-06  7.266244e+110  1.000000e+00  1.000000e+00  0.000000e+00
1.373800e+00  1.790190e+02  4.218580e+01  4.494300e+00  1.373800e+00  3.497210e-01  2.137580e-01  1.359630e-01  1.665508e+01  1.052728e+01  1.665508e+01  3.887760e-01  3.101395e-02  3.253561e-02  4.478109e-02  4.844798e-02  1.125975e+06  3.297751e+04  2.115716e+04  2.653957e+56  2.030149e+57  -7.470842e-06  6.608777e+110  -1.000000e+00  1.000000e+00  0.000000e+00
1.373800e+00  1.848335e+02  4.218580e+01  5.093900e+00  1.373800e+00  3.492060e-01  2.388880e-01  1.103180e-01  1.502922e+01  1.060426e+01  1.502922e+01  3.159120e-01  3.431840e-02  3.619254e-02  4.782959e-02  4.925249e-02  6.901473e+05  3.698795e+04  1.722237e+04  2.965326e+56  1.647302e+57  -6.269293e-06  5.853921e+110  -1.000000e+00  1.000000e+00  0.000000e+00
1.373800e+00  1.908524e+02  4.218580e+01  5.773400e+00  1.373800e+00  3.588120e-01  2.672860e-01  9.152600e-02  1.362643e+01  1.069223e+01  1.362643e+01  2.550800e-01  3.889255e-02  4.131934e-02  5.126219e-02  5.784675e-02  4.335484e+05  4.155016e+04  1.433364e+04  3.318451e+56  1.366667e+57  5.820924e-06  5.125830e+110  1.000000e+00  1.000000e+00  0.000000e+00
1.373800e+00  1.970844e+02  4.218580e+01  6.543700e+00  1.373800e+00  3.771830e-01  2.992600e-01  7.792300e-02  1.247454e+01  1.079155e+01  1.247454e+01  2.065910e-01  4.465903e-02  4.789227e-02  5.509932e-02  7.627516e-02  2.861512e+05  4.672438e+04  1.223687e+04  3.717671e+56  1.163444e+57  5.987401e-06  4.507351e+110  1.000000e+00  1.000000e+00  0.000000e+00
1.373800e+00  2.035396e+02  4.218580e+01  7.416700e+00  1.373800e+00  4.031340e-01  3.351310e-01  6.800300e-02  1.155459e+01  1.090222e+01  1.155459e+01  1.686850e-01  5.153192e-02  5.589135e-02  5.936035e-02  1.062235e-01  1.948583e+05  5.257543e+04  1.070206e+04  4.167558e+56  1.015139e+57  6.008264e-06  4.028972e+110  1.000000e+00  1.000000e+00  0.000000e+00
1.373800e+00  2.102287e+02  4.218580e+01  8.406200e+00  1.373800e+00  4.358330e-01  3.752280e-01  6.060600e-02  1.102394e+01  1.102394e+01  1.083497e+01  1.390570e-01  5.839357e-02  6.406292e-02  6.406293e-02  1.359455e-01  1.334900e+05  5.917197e+04  9.552565e+03  4.672909e+56  9.044762e+56  5.988112e-06  3.682523e+110  1.000000e+00  1.000000e+00  0.000000e+00
1.373800e+00  2.171631e+02  4.218580e+01  9.527700e+00  1.373800e+00  4.747800e-01  4.198820e-01  5.489800e-02  1.115514e+01  1.115514e+01  1.027617e+01  1.156280e-01  6.286354e-02  6.948940e-02  6.948941e-02  1.344244e-01  9.128333e+04  6.658711e+04  8.661042e+03  5.238700e+56  8.190036e+56  5.951154e-06  3.171724e+110  1.000000e+00  1.000000e+00  0.000000e+00
1.373800e+00  4.714565e+02  4.218580e+01  1.079880e+01  1.373800e+00  4.868210e-01  4.378930e-01  4.892800e-02  1.120625e+01  1.120625e+01  9.900180e+00  1.005050e-01  6.416385e-02  7.108362e-02  7.108363e-02  1.335128e-01  8.184085e+04  6.956469e+04  7.708741e+03  5.465856e+56  7.298034e+56  6.553981e-06  -2.413534e+110  1.000000e+00  -1.000000e+00  1.000000e+00
1.373800e+00  4.728972e+02  4.218580e+01  1.223950e+01  1.373800e+00  4.804880e-01  4.380850e-01  4.240300e-02  1.117291e+01  1.117291e+01  9.536516e+00  8.824900e-02  6.351818e-02  7.029112e-02  7.029113e-02  1.309739e-01  8.444976e+04  6.959295e+04  6.667136e+03  5.466019e+56  6.324433e+56  6.434986e-06  -1.911602e+110  1.000000e+00  -1.000000e+00  1.000000e+00
1.373800e+00  4.745300e+02  4.218580e+01  1.387240e+01  1.373800e+00  4.764450e-01  4.401740e-01  3.627100e-02  1.110845e+01  1.110845e+01  9.133154e+00  7.612800e-02  6.334914e-02  7.008394e-02  7.008394e-02  1.277590e-01  8.348256e+04  6.994779e+04  5.694865e+03  5.487975e+56  5.409495e+56  2.026616e-05  -9.700148e+109  1.000000e+00  -1.000000e+00  1.000000e+00
1.373800e+00  4.763807e+02  4.218580e+01  1.572320e+01  1.373800e+00  4.756370e-01  4.448840e-01  3.075300e-02  1.101473e+01  1.101473e+01  8.696513e+00  6.465700e-02  6.377985e-02  7.061208e-02  7.061208e-02  1.242068e-01  7.845781e+04  7.077928e+04  4.825110e+03  5.543008e+56  4.586216e+56  2.207040e-05  -1.539988e+109  1.000000e+00  -1.000000e+00  1.000000e+00
1.373800e+00  4.784787e+02  4.218580e+01  1.782080e+01  1.373800e+00  4.790520e-01  4.530310e-01  2.602100e-02  1.089384e+01  1.089384e+01  8.240831e+00  5.431700e-02  6.495064e-02  7.205171e-02  7.205171e-02  1.205990e-01  6.955573e+04  7.220664e+04  4.082960e+03  5.639965e+56  3.880028e+56  5.103580e-06  4.856384e+109  1.000000e+00  1.000000e+00  1.000000e+00
1.373800e+00  4.808563e+02  4.218580e+01  2.019840e+01  1.373800e+00  4.876850e-01  4.655200e-01  2.216500e-02  1.075094e+01  1.075094e+01  7.784164e+00  4.544900e-02  6.699999e-02  7.458568e-02  7.458568e-02  1.171390e-01  5.784124e+04  7.441227e+04  3.480939e+03  5.792282e+56  3.304515e+56  5.454888e-06  9.216056e+109  1.000000e+00  1.000000e+00  1.000000e+00
1.373800e+00  4.835509e+02  4.218580e+01  2.289310e+01  1.373800e+00  5.024880e-01  4.833070e-01  1.918000e-02  1.059451e+01  1.059451e+01  7.349652e+00  3.817100e-02  7.005286e-02  7.839401e-02  7.839401e-02  1.140001e-01  4.504907e+04  7.753263e+04  3.016643e+03  6.010002e+56  2.858924e+56  5.516224e-06  1.225988e+110  1.000000e+00  1.000000e+00  1.000000e+00
1.373800e+00  4.866048e+02  4.218580e+01  2.594730e+01  1.373800e+00  5.243140e-01  5.073370e-01  1.697700e-02  1.043552e+01  1.043552e+01  6.957019e+00  3.238000e-02  7.420941e-02  8.364485e-02  8.364485e-02  1.113329e-01  3.297906e+04  8.189419e+04  2.674567e+03  6.317216e+56  2.529684e+56  5.440034e-06  1.398267e+110  1.000000e+00  1.000000e+00  1.000000e+00
1.373800e+00  4.900671e+02  4.218580e+01  2.940900e+01  1.373800e+00  5.538800e-01  5.384680e-01  1.541200e-02  1.028632e+01  1.028632e+01  6.621792e+00  2.782500e-02  7.953111e-02  9.048091e-02  9.048092e-02  1.091586e-01  2.287089e+04  8.755910e+04  2.431273e+03  6.717945e+56  2.295285e+56  5.512720e-06  1.427054e+110  1.000000e+00  1.000000e+00  1.000000e+00
1.373800e+00  4.939909e+02  4.218580e+01  3.333260e+01  1.373800e+00  5.917160e-01  5.774000e-01  1.431600e-02  1.015790e+01  1.015790e+01  6.353740e+00  2.419400e-02  8.603812e-02  9.901806e-02  9.901806e-02  1.074297e-01  1.519077e+04  9.450261e+04  2.259979e+03  7.209471e+56  2.130626e+56  5.453643e-06  1.444420e+110  1.000000e+00  1.000000e+00  1.000000e+00
1.373800e+00  4.984378e+02  4.218580e+01  3.777960e+01  1.373800e+00  6.381460e-01  6.246240e-01  1.352300e-02  1.005776e+01  1.005776e+01  6.153501e+00  2.119000e-02  9.371317e-02  1.093501e-01  1.093501e-01  1.061395e-01  9.789995e+03  1.034207e+05  2.134488e+03  7.842310e+56  2.010813e+56  5.335155e-06  1.440676e+110  1.000000e+00  1.000000e+00  1.000000e+00
1.373800e+00  5.034775e+02  4.218580e+01  4.281980e+01  1.373800e+00  6.932780e-01  6.803980e-01  1.288000e-02  9.989516e+00  9.989516e+00  6.015017e+00  1.857800e-02  1.025049e-01  1.215512e-01  1.215512e-01  1.050420e-01  6.187981e+03  1.137362e+05  2.031374e+03  8.571253e+56  1.913264e+56  5.355380e-06  1.385508e+110  1.000000e+00  1.000000e+00  1.000000e+00
1.373800e+00  5.091908e+02  4.218580e+01  4.853260e+01  1.373800e+00  7.570000e-01  7.447410e-01  1.225900e-02  9.953490e+00  9.953490e+00  5.914904e+00  1.619400e-02  1.123316e-01  1.356770e-01  1.356770e-01  1.039012e-01  3.872680e+03  1.258489e+05  1.931292e+03  9.423636e+56  1.818973e+56  5.239759e-06  1.346714e+110  1.000000e+00  1.000000e+00  1.000000e+00
1.373800e+00  5.156662e+02  4.218580e+01  5.500740e+01  1.373800e+00  8.289750e-01  8.173620e-01  1.161400e-02  9.947525e+00  9.947525e+00  5.809611e+00  1.401000e-02  1.230859e-01  1.517648e-01  1.517648e-01  1.024370e-01  2.417276e+03  1.398892e+05  1.827540e+03  1.040619e+57  1.721233e+56  5.079439e-06  1.289053e+110  1.000000e+00  1.000000e+00  1.000000e+00
1.373800e+00  5.230050e+02  4.218580e+01  6.234610e+01  1.373800e+00  9.085990e-01  8.976510e-01  1.094800e-02  9.967938e+00  9.967938e+00  5.696834e+00  1.205000e-02  1.346321e-01  1.698221e-01  1.698221e-01  1.004067e-01  1.513300e+03  1.559786e+05  1.720734e+03  1.152441e+57  1.620619e+56  4.953395e-06  1.198365e+110  1.000000e+00  1.000000e+00  1.000000e+00
1.373800e+00  5.313221e+02  4.218580e+01  7.066390e+01  1.373800e+00  9.950290e-01  9.847610e-01  1.026800e-02  1.000969e+01  1.000969e+01  5.576579e+00  1.031900e-02  1.468239e-01  1.898421e-01  1.898421e-01  9.763590e-02  9.539726e+02  1.736472e+05  1.611716e+03  1.273893e+57  1.517923e+56  4.891418e-06  1.067908e+110  1.000000e+00  1.000000e+00  1.000000e+00
1.373800e+00  5.407496e+02  4.218580e+01  8.009140e+01  1.373800e+00  1.087215e+00  1.077638e+00  9.578000e-03  1.006764e+01  1.006764e+01  5.449106e+00  8.809000e-03  1.595033e-01  2.117932e-01  2.117932e-01  9.404389e-02  6.072815e+02  1.927326e+05  1.501427e+03  1.403344e+57  1.414032e+56  4.695385e-06  9.568219e+109  1.000000e+00  1.000000e+00  1.000000e+00
1.373800e+00  5.514360e+02  4.218580e+01  9.077660e+01  1.373800e+00  1.183906e+00  1.175021e+00  8.884000e-03  1.013649e+01  1.013649e+01  5.314609e+00  7.504000e-03  1.725088e-01  2.356207e-01  2.356207e-01  8.966339e-02  3.912631e+02  2.142757e+05  1.390870e+03  1.548103e+57  1.309892e+56  4.544479e-06  8.317696e+109  1.000000e+00  1.000000e+00  1.000000e+00
1.373800e+00  5.635472e+02  4.218580e+01  1.028874e+02  1.373800e+00  1.283714e+00  1.275520e+00  8.194000e-03  1.021150e+01  1.021150e+01  5.174275e+00  6.383000e-03  1.856780e-01  2.612396e-01  2.612396e-01  8.459414e-02  2.555330e+02  2.361866e+05  1.281099e+03  1.692061e+57  1.206495e+56  4.416690e-06  6.978075e+109  1.000000e+00  1.000000e+00  1.000000e+00
1.373800e+00  5.772730e+02  4.218580e+01  1.166139e+02  1.373800e+00  1.385157e+00  1.377643e+00  7.514000e-03  1.028839e+01  1.028839e+01  5.026623e+00  5.425000e-03  1.988536e-01  2.885348e-01  2.885348e-01  7.900881e-02  1.694013e+02  2.602227e+05  1.173122e+03  1.847864e+57  1.104788e+56  4.140644e-06  6.011946e+109  1.000000e+00  1.000000e+00  1.000000e+00
1.373800e+00  5.928297e+02  4.218580e+01  1.321717e+02  1.373800e+00  1.486700e+00  1.479850e+00  6.850000e-03  1.036327e+01  1.036327e+01  4.874288e+00  4.608000e-03  2.118888e-01  3.173614e-01  3.173614e-01  7.309706e-02  1.140955e+02  2.854825e+05  1.067968e+03  2.008380e+57  1.005745e+56  4.013102e-06  4.824756e+109  1.000000e+00  1.000000e+00  1.000000e+00
1.373800e+00  6.104652e+02  4.218580e+01  1.498051e+02  1.373800e+00  1.586826e+00  1.580618e+00  6.208000e-03  1.043295e+01  1.043295e+01  4.717350e+00  3.912000e-03  2.246486e-01  3.475390e-01  3.475390e-01  6.706090e-02  7.813714e+01  3.106812e+05  9.665500e+02  2.163566e+57  9.102228e+55  3.833713e-06  3.860366e+109  1.000000e+00  1.000000e+00  1.000000e+00
1.373800e+00  6.304521e+02  4.218580e+01  1.697911e+02  1.373800e+00  1.684088e+00  1.678494e+00  5.594000e-03  1.049481e+01  1.049481e+01  4.556462e+00  3.321000e-03  2.370128e-01  3.788522e-01  3.788522e-01  6.108003e-02  5.444386e+01  3.372862e+05  8.696826e+02  2.324087e+57  8.189886e+55  3.582779e-06  3.090303e+109  1.000000e+00  1.000000e+00  1.000000e+00
1.373800e+00  6.531038e+02  4.218580e+01  1.924434e+02  1.373800e+00  1.777163e+00  1.772152e+00  5.011000e-03  1.054677e+01  1.054677e+01  4.392697e+00  2.820000e-03  2.488797e-01  4.110554e-01  4.110554e-01  5.530046e-02  3.860905e+01  3.640006e+05  7.780501e+02  2.479950e+57  7.326871e+55  3.412731e-06  2.334798e+109  1.000000e+00  1.000000e+00  1.000000e+00
1.373800e+00  6.787757e+02  4.218580e+01  2.181178e+02  1.373800e+00  1.864875e+00  1.860412e+00  4.464000e-03  1.058719e+01  1.058719e+01  4.226886e+00  2.394000e-03  2.601660e-01  4.438752e-01  4.438752e-01  4.983218e-02  2.787183e+01  3.904242e+05  6.921838e+02  2.628012e+57  6.518182e+55  3.252223e-06  1.736995e+109  1.000000e+00  1.000000e+00  1.000000e+00
1.373800e+00  7.078781e+02  4.218580e+01  2.472176e+02  1.373800e+00  1.946254e+00  1.942300e+00  3.955000e-03  1.061506e+01  1.061506e+01  4.059824e+00  2.032000e-03  2.708063e-01  4.770109e-01  4.770109e-01  4.475840e-02  2.048747e+01  4.161248e+05  6.124560e+02  2.765150e+57  5.767323e+55  3.030660e-06  1.280629e+109  1.000000e+00  1.000000e+00  1.000000e+00
1.373800e+00  7.408620e+02  4.218580e+01  2.801996e+02  1.373800e+00  2.020526e+00  2.017041e+00  3.485000e-03  1.062963e+01  1.062963e+01  3.892496e+00  1.725000e-03  2.807554e-01  5.101515e-01  5.101515e-01  4.011462e-02  1.533102e+01  4.419483e+05  5.390836e+02  2.897584e+57  5.076332e+55  2.809147e-06  9.254934e+108  1.000000e+00  1.000000e+00  1.000000e+00
1.373800e+00  7.782441e+02  4.218580e+01  3.175819e+02  1.373800e+00  2.087141e+00  2.084085e+00  3.056000e-03  1.063060e+01  1.063060e+01  3.725828e+00  1.464000e-03  2.899850e-01  5.429784e-01  5.429784e-01  3.591582e-02  1.167693e+01  4.663440e+05  4.721338e+02  3.014107e+57  4.445840e+55  2.592956e-06  6.329002e+108  1.000000e+00  1.000000e+00  1.000000e+00
1.373800e+00  8.206108e+02  4.218580e+01  3.599514e+02  1.373800e+00  2.145749e+00  2.143082e+00  2.666000e-03  1.061818e+01  1.061818e+01  3.560972e+00  1.243000e-03  2.984765e-01  5.751510e-01  5.751510e-01  3.216098e-02  9.050801e+00  4.903238e+05  4.115413e+02  3.122609e+57  3.875230e+55  2.307301e-06  4.491801e+108  1.000000e+00  1.000000e+00  1.000000e+00
1.373800e+00  8.686339e+02  4.218580e+01  4.079736e+02  1.373800e+00  2.196193e+00  2.193877e+00  2.316000e-03  1.059253e+01  1.059253e+01  3.397800e+00  1.055000e-03  3.062332e-01  6.063692e-01  6.063692e-01  2.883649e-02  7.138213e+00  5.136431e+05  3.571169e+02  3.221737e+57  3.362714e+55  2.085461e-06  3.038557e+108  1.000000e+00  1.000000e+00  1.000000e+00
1.373800e+00  9.230662e+02  4.218580e+01  4.624025e+02  1.373800e+00  2.238500e+00  2.236497e+00  2.003000e-03  1.055431e+01  1.055431e+01  3.237134e+00  8.950000e-04  3.132629e-01  6.363257e-01  6.363257e-01  2.589830e-02  5.723151e+00  5.347340e+05  3.085865e+02  3.300316e+57  2.905708e+55  1.859650e-06  1.896931e+108  1.000000e+00  1.000000e+00  1.000000e+00
1.373800e+00  9.847572e+02  4.218580e+01  5.240930e+02  1.373800e+00  2.272836e+00  2.271110e+00  1.726000e-03  1.050422e+01  1.050422e+01  3.080631e+00  7.590000e-04  3.195845e-01  6.647463e-01  6.647463e-01  2.332710e-02  4.664878e+00  5.547841e+05  2.656099e+02  3.367919e+57  2.501011e+55  1.561369e-06  1.224922e+108  1.000000e+00  1.000000e+00  1.000000e+00
1.373800e+00  1.054675e+03  4.218580e+01  5.940138e+02  1.373800e+00  2.299495e+00  2.298014e+00  1.481000e-03  1.044319e+01  1.044319e+01  2.927556e+00  6.440000e-04  3.252227e-01  6.913850e-01  6.913850e-01  2.108124e-02  3.862786e+00  5.736534e+05  2.277847e+02  3.424234e+57  2.144826e+55  1.300256e-06  6.903254e+107  1.000000e+00  1.000000e+00  1.000000e+00
1.373800e+00  1.133922e+03  4.218580e+01  6.732629e+02  1.373800e+00  2.318872e+00  2.317605e+00  1.267000e-03  1.037260e+01  1.037260e+01  2.778889e+00  5.460000e-04  3.301954e-01  7.159721e-01  7.159721e-01  1.913260e-02  3.249585e+00  5.898152e+05  1.946897e+02  3.458624e+57  1.833188e+55  9.903899e-07  3.771862e+107  1.000000e+00  1.000000e+00  1.000000e+00
1.373800e+00  1.223749e+03  4.218580e+01  7.630849e+02  1.373800e+00  2.331430e+00  2.330350e+00  1.080000e-03  1.029250e+01  1.029250e+01  2.635527e+00  4.630000e-04  3.345671e-01  7.384976e-01  7.384976e-01  1.743387e-02  2.772640e+00  6.059512e+05  1.658911e+02  3.491909e+57  1.562012e+55  6.098844e-07  2.022049e+107  1.000000e+00  1.000000e+00  1.000000e+00
1.373800e+00  1.325556e+03  4.218580e+01  8.648903e+02  1.373800e+00  2.337690e+00  2.336772e+00  9.180000e-04  1.020508e+01  1.020508e+01  2.496480e+00  3.930000e-04  3.383392e-01  7.586629e-01  7.586629e-01  1.596487e-02  2.400544e+00  6.193170e+05  1.409501e+02  3.504494e+57  1.327161e+55  2.434027e-07  4.760170e+106  1.000000e+00  1.000000e+00  1.000000e+00
1.373800e+00  1.440942e+03  4.218580e+01  9.802778e+02  1.373800e+00  2.338201e+00  2.337422e+00  7.790000e-04  1.011112e+01  1.011112e+01  2.363033e+00  3.330000e-04  3.415579e-01  7.764365e-01  7.764365e-01  1.469650e-02  2.107662e+00  6.311639e+05  1.194508e+02  3.506303e+57  1.124721e+55  -2.756582e-07  -3.415950e+106  -1.000000e+00  -1.000000e+00  1.000000e+00
1.373800e+00  1.571717e+03  4.218580e+01  1.111060e+03  1.373800e+00  2.333530e+00  2.332871e+00  6.590000e-04  1.001171e+01  1.001171e+01  2.234862e+00  2.820000e-04  3.442600e-01  7.917811e-01  7.917811e-01  1.361398e-02  1.877014e+00  6.401910e+05  1.009931e+02  3.488472e+57  9.509222e+54  -7.751496e-07  -6.140914e+106  -1.000000e+00  -1.000000e+00  1.000000e+00
1.373800e+00  1.719954e+03  4.218580e+01  1.259289e+03  1.373800e+00  2.324245e+00  2.323689e+00  5.560000e-04  9.908055e+00  9.908055e+00  2.112122e+00  2.390000e-04  3.464776e-01  8.046757e-01  8.046757e-01  1.268187e-02  1.693231e+00  6.492074e+05  8.520589e+01  3.472759e+57  8.022704e+54  -1.429555e-06  -5.175774e+106  -1.000000e+00  -1.000000e+00  1.000000e+00
1.373800e+00  1.887962e+03  4.218580e+01  1.427295e+03  1.373800e+00  2.310910e+00  2.310441e+00  4.680000e-04  9.801178e+00  9.801178e+00  1.995052e+00  2.030000e-04  3.482462e-01  8.151611e-01  8.151611e-01  1.188368e-02  1.546778e+00  6.567812e+05  7.174887e+01  3.449035e+57  6.755610e+54  -2.780603e-06  -6.180445e+106  -1.000000e+00  -1.000000e+00  1.000000e+00
1.373800e+00  2.078381e+03  4.218580e+01  1.617714e+03  1.373800e+00  2.294065e+00  2.293671e+00  3.940000e-04  9.692117e+00  9.692117e+00  1.883058e+00  1.720000e-04  3.495978e-01  8.232989e-01  8.232989e-01  1.119975e-02  1.429795e+00  6.616905e+05  6.031191e+01  3.408571e+57  5.678725e+54  -4.551392e-06  -6.306621e+106  -1.000000e+00  -1.000000e+00  1.000000e+00
1.373800e+00  2.294199e+03  4.218580e+01  1.833538e+03  1.373800e+00  2.274236e+00  2.273905e+00  3.310000e-04  9.582002e+00  9.582002e+00  1.776345e+00  1.450000e-04  3.505588e-01  8.291522e-01  8.291522e-01  1.061891e-02  1.337172e+00  6.653809e+05  5.061892e+01  3.362769e+57  4.766054e+54  -5.664567e-06  -4.771835e+106  -1.000000e+00  -1.000000e+00  1.000000e+00
1.373800e+00  2.538819e+03  4.218580e+01  2.078156e+03  1.373800e+00  2.251916e+00  2.251639e+00  2.770000e-04  9.471688e+00  9.471688e+00  1.675161e+00  1.230000e-04  3.511611e-01  8.328493e-01  8.328493e-01  1.012537e-02  1.264118e+00  6.691420e+05  4.242476e+01  3.321661e+57  3.994518e+54  -1.417453e-05  -3.776376e+106  -1.000000e+00  -1.000000e+00  1.000000e+00
1.373800e+00  2.816077e+03  4.218580e+01  2.355409e+03  1.373800e+00  2.227574e+00  2.227342e+00  2.320000e-04  9.362204e+00  9.362204e+00  1.578867e+00  1.040000e-04  3.514274e-01  8.344911e-01  8.344914e-01  9.712003e-03  1.207924e+00  6.705588e+05  3.551300e+01  3.267451e+57  3.343733e+54  -5.383619e-05  -3.301689e+106  -1.000000e+00  -1.000000e+00  1.000000e+00
1.373800e+00  3.130319e+03  4.218580e+01  2.669651e+03  1.373800e+00  2.201642e+00  2.201448e+00  1.940000e-04  9.254198e+00  9.254198e+00  1.487405e+00  8.800000e-05  3.513902e-01  8.342615e-01  8.342615e-01  9.366837e-03  1.165611e+00  6.709680e+05  2.969258e+01  3.210364e+57  2.795698e+54  -5.923509e-04  -2.543434e+106  -1.000000e+00  -1.000000e+00  1.000000e+00
1.373800e+00  3.486480e+03  4.218580e+01  3.025817e+03  1.373800e+00  2.174526e+00  2.174364e+00  1.620000e-04  9.148543e+00  9.148543e+00  1.400912e+00  7.500000e-05  3.510706e-01  8.322921e-01  8.322921e-01  9.083980e-03  1.135562e+00  6.704785e+05  2.480194e+01  3.151372e+57  2.335216e+54  4.566194e-05  -1.925352e+106  1.000000e+00  -1.000000e+00  1.000000e+00
1.373800e+00  3.890162e+03  4.218580e+01  3.429500e+03  1.373800e+00  2.146598e+00  2.146463e+00  1.350000e-04  9.045922e+00  9.045922e+00  1.319205e+00  6.300000e-05  3.504932e-01  8.287506e-01  8.287506e-01  8.856782e-03  1.116315e+00  6.691840e+05  2.069852e+01  3.091244e+57  1.948857e+54  1.858818e-05  -1.438607e+106  1.000000e+00  -1.000000e+00  1.000000e+00
1.373800e+00  4.347708e+03  4.218580e+01  3.887040e+03  1.373800e+00  2.118198e+00  2.118085e+00  1.130000e-04  8.946850e+00  8.946850e+00  1.241624e+00  5.300000e-05  3.496859e-01  8.238330e-01  8.238330e-01  8.675491e-03  1.106146e+00  6.671654e+05  1.726001e+01  3.030565e+57  1.625103e+54  1.265416e-05  -1.062443e+106  1.000000e+00  -1.000000e+00  1.000000e+00
1.373800e+00  4.866291e+03  4.218580e+01  4.405622e+03  1.373800e+00  2.089640e+00  2.089546e+00  9.400000e-05  8.852078e+00  8.852078e+00  1.168458e+00  4.500000e-05  3.486646e-01  8.176689e-01  8.176689e-01  8.543265e-03  1.105333e+00  6.645342e+05  1.438266e+01  2.970115e+57  1.354186e+54  9.306768e-06  -8.156713e+105  1.000000e+00  -1.000000e+00  1.000000e+00
1.373800e+00  5.454054e+03  4.218580e+01  4.993389e+03  1.373800e+00  2.061207e+00  2.061129e+00  7.800000e-05  8.761950e+00  8.761950e+00  1.099369e+00  3.800000e-05  3.474581e-01  8.104665e-01  8.104665e-01  8.448902e-03  1.112235e+00  6.604209e+05  1.197745e+01  2.903258e+57  1.127724e+54  7.400860e-06  -5.982491e+105  1.000000e+00  -1.000000e+00  1.000000e+00
1.373800e+00  6.120229e+03  4.218580e+01  5.659571e+03  1.373800e+00  2.033155e+00  2.033090e+00  6.500000e-05  8.676900e+00  8.676900e+00  1.034183e+00  3.200000e-05  3.460888e-01  8.023945e-01  8.023945e-01  8.390514e-03  1.126574e+00  6.568401e+05  9.968903e+00  2.844923e+57  9.386103e+53  7.420103e-06  -4.008209e+105  1.000000e+00  -1.000000e+00  1.000000e+00
1.373800e+00  6.875298e+03  4.218580e+01  6.414631e+03  1.373800e+00  2.005715e+00  2.005661e+00  5.400000e-05  8.597315e+00  8.597315e+00  9.726670e-01  2.700000e-05  3.445785e-01  7.936157e-01  7.936157e-01  8.363187e-03  1.147727e+00  6.529051e+05  8.293057e+00  2.788296e+57  7.808221e+53  6.657032e-06  -2.846286e+105  1.000000e+00  -1.000000e+00  1.000000e+00
1.373800e+00  7.731096e+03  4.218580e+01  7.270426e+03  1.373800e+00  1.979093e+00  1.979048e+00  4.500000e-05  8.523452e+00  8.523452e+00  9.146860e-01  2.300000e-05  3.429513e-01  7.842996e-01  7.842996e-01  8.366047e-03  1.175621e+00  6.486955e+05  6.895910e+00  2.733750e+57  6.492749e+53  5.687202e-06  -2.106023e+105  1.000000e+00  -1.000000e+00  1.000000e+00
1.373800e+00  8.701063e+03  4.218580e+01  8.240395e+03  1.373800e+00  1.953474e+00  1.953436e+00  3.800000e-05  8.455625e+00  8.455625e+00  8.601570e-01  1.900000e-05  3.412271e-01  7.745849e-01  7.745849e-01  8.395323e-03  1.209798e+00  6.434668e+05  5.731956e+00  2.675459e+57  5.396842e+53  5.182539e-06  -1.493781e+105  1.000000e+00  -1.000000e+00  1.000000e+00
1.373800e+00  9.800430e+03  4.218580e+01  9.339770e+03  1.373800e+00  1.929015e+00  1.928984e+00  3.100000e-05  8.393828e+00  8.393828e+00  8.085770e-01  1.600000e-05  3.394355e-01  7.646566e-01  7.646566e-01  8.447632e-03  1.249847e+00  6.389610e+05  4.762750e+00  2.626191e+57  4.484295e+53  5.256808e-06  -9.666868e+104  1.000000e+00  -1.000000e+00  1.000000e+00
1.373800e+00  1.104648e+04  4.218580e+01  1.058582e+04  1.373800e+00  1.905859e+00  1.905833e+00  2.600000e-05  8.338318e+00  8.338318e+00  7.601030e-01  1.400000e-05  3.375934e-01  7.546204e-01  7.546204e-01  8.519310e-03  1.295206e+00  6.344078e+05  3.956246e+00  2.579903e+57  3.724940e+53  4.933233e-06  -6.637627e+104  1.000000e+00  -1.000000e+00  1.000000e+00
1.373800e+00  1.245877e+04  4.218580e+01  1.199810e+04  1.373800e+00  1.884123e+00  1.884101e+00  2.200000e-05  8.289007e+00  8.289007e+00  7.144680e-01  1.100000e-05  3.357286e-01  7.446327e-01  7.446327e-01  8.607536e-03  1.345383e+00  6.298630e+05  3.285423e+00  2.536724e+57  3.093336e+53  4.358530e-06  -4.783976e+104  1.000000e+00  -1.000000e+00  1.000000e+00
1.373800e+00  1.405947e+04  4.218580e+01  1.359880e+04  1.373800e+00  1.863906e+00  1.863888e+00  1.800000e-05  8.245965e+00  8.245965e+00  6.715240e-01  1.000000e-05  3.338599e-01  7.347932e-01  7.347932e-01  8.710053e-03  1.399936e+00  6.246425e+05  2.727696e+00  2.491238e+57  2.568216e+53  4.102981e-06  -3.291864e+104  1.000000e+00  -1.000000e+00  1.000000e+00
1.373800e+00  1.587372e+04  4.218580e+01  1.541306e+04  1.373800e+00  1.845288e+00  1.845273e+00  1.500000e-05  8.209049e+00  8.209049e+00  6.311120e-01  8.000000e-06  3.320114e-01  7.252225e-01  7.252225e-01  8.823000e-03  1.458008e+00  6.203078e+05  2.264168e+00  2.454838e+57  2.131788e+53  4.179113e-06  -2.026851e+104  1.000000e+00  -1.000000e+00  1.000000e+00
1.373800e+00  1.793002e+04  4.218580e+01  1.746936e+04  1.373800e+00  1.828326e+00  1.828314e+00  1.200000e-05  8.178056e+00  8.178056e+00  5.930970e-01  7.000000e-06  3.302062e-01  7.160266e-01  7.160266e-01  8.944744e-03  1.519030e+00  6.161385e+05  1.879058e+00  2.421863e+57  1.769194e+53  3.958184e-06  -1.339263e+104  1.000000e+00  -1.000000e+00  1.000000e+00
1.373800e+00  2.025605e+04  4.218580e+01  1.979538e+04  1.373800e+00  1.813089e+00  1.813079e+00  1.000000e-05  8.152950e+00  8.152950e+00  5.573990e-01  6.000000e-06  3.284627e-01  7.072836e-01  7.072836e-01  9.070376e-03  1.581622e+00  6.121854e+05  1.559736e+00  2.392344e+57  1.468541e+53  3.854120e-06  -9.749801e+103  1.000000e+00  -1.000000e+00  1.000000e+00
1.887400e+00  1.030404e+02  5.027740e+01  1.000000e+00  1.887400e+00  9.509870e-01  5.383700e-02  8.971500e-01  2.828235e+01  9.411236e+00  2.828235e+01  9.433880e-01  4.966386e-02  5.369908e-02  2.795624e-02  1.381579e-01  3.042627e+05  8.100250e+03  1.405617e+05  6.794951e+55  1.339453e+58  6.181156e-06  4.364622e+110  1.000000e+00  1.000000e+00  0.000000e+00
1.887400e+00  1.076573e+02  5.027740e+01  1.133400e+00  1.887400e+00  9.178840e-01  6.053800e-02  8.573460e-01  2.809364e+01  9.463710e+00  2.809364e+01  9.340460e-01  4.825712e-02  5.205717e-02  2.893174e-02  1.357259e-01  3.459698e+05  9.120969e+03  1.341855e+05  7.638261e+55  1.279955e+58  6.198692e-06  4.224974e+110  1.000000e+00  1.000000e+00  0.000000e+00
1.887400e+00  1.131115e+02  5.027740e+01  1.284600e+00  1.887400e+00  8.822620e-01  6.791100e-02  8.143510e-01  2.787784e+01  9.519889e+00  2.787784e+01  9.230260e-01  4.674339e-02  5.029894e-02  2.999306e-02  1.328291e-01  3.968236e+05  1.024694e+04  1.273303e+05  8.557192e+55  1.215791e+58  6.229979e-06  4.064453e+110  1.000000e+00  1.000000e+00  0.000000e+00
1.887400e+00  1.191072e+02  5.027740e+01  1.456000e+00  1.887400e+00  8.438500e-01  7.608000e-02  7.677700e-01  2.761224e+01  9.579025e+00  2.761224e+01  9.098420e-01  4.513830e-02  4.844419e-02  3.115366e-02  1.293310e-01  4.601497e+05  1.149760e+04  1.199272e+05  9.569603e+55  1.146268e+58  6.257325e-06  4.330285e+110  1.000000e+00  1.000000e+00  0.000000e+00
1.887400e+00  1.250167e+02  5.027740e+01  1.650300e+00  1.887400e+00  8.026450e-01  8.511500e-02  7.175300e-01  2.728807e+01  9.640714e+00  2.728807e+01  8.939560e-01  4.344426e-02  4.649726e-02  3.241927e-02  1.251289e-01  5.387003e+05  1.288502e+04  1.119703e+05  1.068554e+56  1.071289e+58  6.285144e-06  4.555704e+110  1.000000e+00  1.000000e+00  0.000000e+00
1.887400e+00  1.316026e+02  5.027740e+01  1.870400e+00  1.887400e+00  7.587350e-01  9.511300e-02  6.636220e-01  2.687972e+01  9.704958e+00  2.687972e+01  8.746430e-01  4.169144e-02  4.449416e-02  3.379987e-02  1.201153e-01  6.358353e+05  1.442484e+04  1.034593e+05  1.191733e+56  9.908034e+57  6.314403e-06  4.866838e+110  1.000000e+00  1.000000e+00  0.000000e+00
1.887400e+00  1.379494e+02  5.027740e+01  2.120000e+00  1.887400e+00  7.123920e-01  1.061720e-01  6.062200e-01  2.637563e+01  9.771607e+00  2.637563e+01  8.509640e-01  3.989311e-02  4.245096e-02  3.530562e-02  1.141415e-01  7.533553e+05  1.613389e+04  9.442994e+04  1.327801e+56  9.051094e+57  6.342381e-06  4.218997e+110  1.000000e+00  1.000000e+00  0.000000e+00
1.887400e+00  1.527256e+02  5.027740e+01  2.402800e+00  1.887400e+00  6.670650e-01  1.170490e-01  5.500160e-01  2.581216e+01  9.833743e+00  2.581216e+01  8.245310e-01  3.817026e-02  4.050472e-02  3.671111e-02  1.077928e-01  8.869095e+05  1.782003e+04  8.560989e+04  1.461421e+56  8.211955e+57  6.369903e-06  5.902657e+110  1.000000e+00  1.000000e+00  0.000000e+00
1.887400e+00  1.576382e+02  5.027740e+01  2.723400e+00  1.887400e+00  6.197870e-01  1.292140e-01  4.905730e-01  2.510477e+01  9.893194e+00  2.510477e+01  7.915180e-01  3.646431e-02  3.858827e-02  3.826699e-02  1.003137e-01  1.037359e+06  1.971280e+04  7.631456e+04  1.610721e+56  7.324482e+57  6.405154e-06  7.369644e+110  1.000000e+00  1.000000e+00  0.000000e+00
1.887400e+00  1.627167e+02  5.027740e+01  3.086700e+00  1.887400e+00  5.711620e-01  1.433060e-01  4.278560e-01  2.419366e+01  9.955967e+00  2.419366e+01  7.490970e-01  3.486900e-02  3.680566e-02  4.008164e-02  9.141580e-02  1.182738e+06  2.191406e+04  6.654414e+04  1.783760e+56  6.388120e+57  6.445149e-06  7.959077e+110  1.000000e+00  1.000000e+00  0.000000e+00
1.887400e+00  1.679681e+02  5.027740e+01  3.498500e+00  1.887400e+00  5.236300e-01  1.595250e-01  3.641050e-01  2.304387e+01  1.002443e+01  2.304387e+01  6.953470e-01  3.356223e-02  3.535229e-02  4.218016e-02  8.131561e-02  1.272940e+06  2.445885e+04  5.664780e+04  1.983200e+56  5.436368e+57  6.491277e-06  8.340362e+110  1.000000e+00  1.000000e+00  0.000000e+00
1.887400e+00  1.734000e+02  5.027740e+01  3.965200e+00  1.887400e+00  4.804280e-01  1.780990e-01  3.023300e-01  2.164135e+01  1.010032e+01  2.164135e+01  6.292920e-01  3.278884e-02  3.449500e-02  4.458736e-02  7.059738e-02  1.241426e+06  2.738739e+04  4.708759e+04  2.212043e+56  4.514180e+57  6.551925e-06  8.435337e+110  1.000000e+00  1.000000e+00  0.000000e+00
1.887400e+00  1.790190e+02  5.027740e+01  4.494300e+00  1.887400e+00  4.452390e-01  1.992770e-01  2.459620e-01  2.001518e+01  1.018491e+01  2.001518e+01  5.524260e-01  3.285607e-02  3.456944e-02  4.732743e-02  6.036128e-02  1.050470e+06  3.074523e+04  3.838361e+04  2.473689e+56  3.672686e+57  6.660770e-06  8.204371e+110  1.000000e+00  1.000000e+00  0.000000e+00
1.887400e+00  1.848335e+02  5.027740e+01  5.093900e+00  1.887400e+00  4.212860e-01  2.233330e-01  1.979530e-01  1.826097e+01  1.027910e+01  1.826097e+01  4.698780e-01  3.407488e-02  3.592172e-02  5.042366e-02  5.220542e-02  7.576156e+05  3.458163e+04  3.097906e+04  2.771737e+56  2.955905e+57  7.065123e-06  7.679387e+110  1.000000e+00  1.000000e+00  0.000000e+00
1.887400e+00  1.908524e+02  5.027740e+01  5.773400e+00  1.887400e+00  4.102890e-01  2.505550e-01  1.597340e-01  1.652611e+01  1.038346e+01  1.652611e+01  3.893200e-01  3.666917e-02  3.881784e-02  5.389842e-02  4.800542e-02  4.827194e+05  3.895190e+04  2.508478e+04  3.110207e+56  2.385233e+57  1.831715e-06  6.956413e+110  1.000000e+00  1.000000e+00  0.000000e+00
1.887400e+00  1.970844e+02  5.027740e+01  6.543700e+00  1.887400e+00  4.121430e-01  2.812550e-01  1.308880e-01  1.494384e+01  1.049828e+01  1.494384e+01  3.175800e-01  4.073499e-02  4.340598e-02  5.777300e-02  4.973085e-02  2.955585e+05  4.391617e+04  2.063070e+04  3.493448e+56  1.954418e+57  3.999355e-06  6.163195e+110  1.000000e+00  1.000000e+00  0.000000e+00
1.887400e+00  2.035396e+02  5.027740e+01  7.416700e+00  1.887400e+00  4.255270e-01  3.157550e-01  1.097730e-01  1.359229e+01  1.062350e+01  1.359229e+01  2.579690e-01  4.623987e-02  4.971604e-02  6.206773e-02  5.933041e-02  1.872254e+05  4.953888e+04  1.736220e+04  3.926054e+56  1.638917e+57  5.753899e-06  5.420364e+110  1.000000e+00  1.000000e+00  0.000000e+00
1.887400e+00  2.102287e+02  5.027740e+01  8.406200e+00  1.887400e+00  4.488170e-01  3.543900e-01  9.442700e-02  1.248886e+01  1.075886e+01  1.248886e+01  2.103910e-01  5.307967e-02  5.771813e-02  6.680190e-02  7.869410e-02  1.245836e+05  5.589069e+04  1.497824e+04  4.412929e+56  1.409484e+57  5.884046e-06  4.799906e+110  1.000000e+00  1.000000e+00  0.000000e+00
1.887400e+00  2.171631e+02  5.027740e+01  9.527700e+00  1.887400e+00  4.806440e-01  3.975030e-01  8.314200e-02  1.161283e+01  1.090384e+01  1.161283e+01  1.729790e-01  6.113182e-02  6.737728e-02  7.199348e-02  1.091944e-01  8.526263e+04  6.304328e+04  1.321680e+04  4.959017e+56  1.240624e+57  5.849728e-06  3.922813e+110  1.000000e+00  1.000000e+00  0.000000e+00
1.887400e+00  4.714565e+02  5.027740e+01  1.079880e+01  1.887400e+00  4.893800e-01  4.153290e-01  7.405000e-02  1.110084e+01  1.096337e+01  1.110084e+01  1.513150e-01  6.511365e-02  7.225261e-02  7.324260e-02  1.349256e-01  7.685010e+04  6.599377e+04  1.176343e+04  5.184208e+56  1.104796e+57  7.897482e-06  -2.823906e+110  1.000000e+00  -1.000000e+00  1.000000e+00
1.887400e+00  4.728972e+02  5.027740e+01  1.223950e+01  1.887400e+00  4.813470e-01  4.163710e-01  6.497600e-02  1.093803e+01  1.093803e+01  1.067815e+01  1.349890e-01  6.499813e-02  7.211023e-02  7.211024e-02  1.381161e-01  7.936840e+04  6.613106e+04  1.030414e+04  5.192885e+56  9.694022e+56  6.351898e-06  -2.194987e+110  1.000000e+00  -1.000000e+00  1.000000e+00
1.887400e+00  4.745300e+02  5.027740e+01  1.387240e+01  1.887400e+00  4.756390e-01  4.194230e-01  5.621600e-02  1.088672e+01  1.088672e+01  1.020549e+01  1.181900e-01  6.453002e-02  7.153385e-02  7.153386e-02  1.324126e-01  7.887708e+04  6.665819e+04  8.903384e+03  5.228305e+56  8.386396e+56  7.530164e-06  -1.033350e+110  1.000000e+00  -1.000000e+00  1.000000e+00
1.887400e+00  4.763807e+02  5.027740e+01  1.572320e+01  1.887400e+00  4.733660e-01  4.252490e-01  4.811700e-02  1.081116e+01  1.081116e+01  9.704692e+00  1.016490e-01  6.467054e-02  7.170676e-02  7.170676e-02  1.267448e-01  7.469796e+04  6.765723e+04  7.615172e+03  5.296783e+56  7.177528e+56  1.301136e-05  -7.755312e+108  1.000000e+00  -1.000000e+00  1.000000e+00
1.887400e+00  4.784787e+02  5.027740e+01  1.782080e+01  1.887400e+00  4.755370e-01  4.345900e-01  4.094600e-02  1.071219e+01  1.071219e+01  9.192865e+00  8.610600e-02  6.556728e-02  7.281228e-02  7.281229e-02  1.214786e-01  6.683047e+04  6.926507e+04  6.479847e+03  5.408407e+56  6.107043e+56  4.766228e-06  6.950724e+109  1.000000e+00  1.000000e+00  1.000000e+00
1.887400e+00  4.808563e+02  5.027740e+01  2.019840e+01  1.887400e+00  4.832130e-01  4.483380e-01  3.487500e-02  1.059343e+01  1.059343e+01  8.681639e+00  7.217200e-02  6.737260e-02  7.504833e-02  7.504834e-02  1.168879e-01  5.613848e+04  7.167203e+04  5.522475e+03  5.577306e+56  5.200331e+56  5.372501e-06  1.249794e+110  1.000000e+00  1.000000e+00  1.000000e+00
1.887400e+00  4.835509e+02  5.027740e+01  2.289310e+01  1.887400e+00  4.973400e-01  4.673770e-01  2.996300e-02  1.046135e+01  1.046135e+01  8.187731e+00  6.024700e-02  7.021784e-02  7.860098e-02  7.860099e-02  1.131064e-01  4.417323e+04  7.500816e+04  4.750915e+03  5.812864e+56  4.466681e+56  5.453567e-06  1.623999e+110  1.000000e+00  1.000000e+00  1.000000e+00
1.887400e+00  4.866048e+02  5.027740e+01  2.594730e+01  1.887400e+00  5.187170e-01  4.925520e-01  2.616400e-02  1.032507e+01  1.032507e+01  7.730520e+00  5.044100e-02  7.420251e-02  8.363608e-02  8.363609e-02  1.101622e-01  3.264719e+04  7.958563e+04  4.155706e+03  6.138010e+56  3.898879e+56  5.468394e-06  1.780222e+110  1.000000e+00  1.000000e+00  1.000000e+00
1.887400e+00  4.900671e+02  5.027740e+01  2.940900e+01  1.887400e+00  5.479690e-01  5.246330e-01  2.333600e-02  1.019565e+01  1.019565e+01  7.323985e+00  4.258700e-02  7.938210e-02  9.028773e-02  9.028773e-02  1.079380e-01  2.282794e+04  8.525188e+04  3.712792e+03  6.540551e+56  3.475496e+56  5.577342e-06  1.787619e+110  1.000000e+00  1.000000e+00  1.000000e+00
1.887400e+00  4.939909e+02  5.027740e+01  3.333260e+01  1.887400e+00  5.855420e-01  5.642590e-01  2.128200e-02  1.008349e+01  1.008349e+01  6.980504e+00  3.634700e-02  8.576866e-02  9.866054e-02  9.866055e-02  1.063201e-01  1.527143e+04  9.234711e+04  3.390438e+03  7.044983e+56  3.167384e+56  5.490734e-06  1.788871e+110  1.000000e+00  1.000000e+00  1.000000e+00
1.887400e+00  4.984378e+02  5.027740e+01  3.777960e+01  1.887400e+00  6.317040e-01  6.119100e-01  1.979500e-02  9.996174e+00  9.996174e+00  6.704168e+00  3.133500e-02  9.333868e-02  1.088392e-01  1.088392e-01  1.051204e-01  9.892106e+03  1.011007e+05  3.155123e+03  7.666965e+56  2.943287e+56  5.403828e-06  1.730884e+110  1.000000e+00  1.000000e+00  1.000000e+00
1.887400e+00  5.034775e+02  5.027740e+01  4.281980e+01  1.887400e+00  6.865290e-01  6.678590e-01  1.867000e-02  9.937784e+00  9.937784e+00  6.493681e+00  2.719500e-02  1.020354e-01  1.208895e-01  1.208895e-01  1.041191e-01  6.276005e+03  1.114611e+05  2.974866e+03  8.400720e+56  2.772982e+56  5.276173e-06  1.680956e+110  1.000000e+00  1.000000e+00  1.000000e+00
1.887400e+00  5.091908e+02  5.027740e+01  4.853260e+01  1.887400e+00  7.499050e-01  7.321810e-01  1.772400e-02  9.909203e+00  9.909203e+00  6.342927e+00  2.363600e-02  1.117762e-01  1.348642e-01  1.348642e-01  1.030877e-01  3.938836e+03  1.239353e+05  2.821285e+03  9.281610e+56  2.629235e+56  5.219363e-06  1.592969e+110  1.000000e+00  1.000000e+00  1.000000e+00
1.887400e+00  5.156662e+02  5.027740e+01  5.500740e+01  1.887400e+00  8.215240e-01  8.047210e-01  1.680400e-02  9.908941e+00  9.908941e+00  6.230066e+00  2.045400e-02  1.224545e-01  1.508013e-01  1.508013e-01  1.017234e-01  2.462955e+03  1.375932e+05  2.671131e+03  1.023697e+57  2.489250e+56  5.160584e-06  1.491034e+110  1.000000e+00  1.000000e+00  1.000000e+00
1.887400e+00  5.230050e+02  5.027740e+01  6.234610e+01  1.887400e+00  9.008540e-01  8.850000e-01  1.585400e-02  9.933839e+00  9.933839e+00  6.109978e+00  1.759800e-02  1.339427e-01  1.687199e-01  1.687199e-01  9.983258e-02  1.543784e+03  1.536322e+05  2.516514e+03  1.135294e+57  2.345117e+56  4.968553e-06  1.400337e+110  1.000000e+00  1.000000e+00  1.000000e+00
1.887400e+00  5.313221e+02  5.027740e+01  7.066390e+01  1.887400e+00  9.871020e-01  9.722210e-01  1.488000e-02  9.979341e+00  9.979341e+00  5.983503e+00  1.507500e-02  1.460971e-01  1.886198e-01  1.886198e-01  9.715694e-02  9.731366e+02  1.712479e+05  2.358573e+03  1.256514e+57  2.197893e+56  4.843895e-06  1.268428e+110  1.000000e+00  1.000000e+00  1.000000e+00
1.887400e+00  5.407496e+02  5.027740e+01  8.009140e+01  1.887400e+00  1.079237e+00  1.065345e+00  1.389200e-02  1.004049e+01  1.004049e+01  5.847713e+00  1.287200e-02  1.587610e-01  2.104745e-01  2.104745e-01  9.370334e-02  6.193636e+02  1.908606e+05  2.198589e+03  1.390070e+57  2.048767e+56  4.701292e-06  1.130472e+110  1.000000e+00  1.000000e+00  1.000000e+00
1.887400e+00  5.514360e+02  5.027740e+01  9.077660e+01  1.887400e+00  1.176032e+00  1.163134e+00  1.289800e-02  1.011235e+01  1.011235e+01  5.705218e+00  1.096800e-02  1.717705e-01  2.342302e-01  2.342303e-01  8.944869e-02  3.987895e+02  2.117754e+05  2.038061e+03  1.530296e+57  1.899140e+56  4.565873e-06  9.740287e+109  1.000000e+00  1.000000e+00  1.000000e+00
1.887400e+00  5.635472e+02  5.027740e+01  1.028874e+02  1.887400e+00  1.276083e+00  1.264176e+00  1.190700e-02  1.019011e+01  1.019011e+01  5.555495e+00  9.331000e-03  1.849616e-01  2.598049e-01  2.598049e-01  8.444963e-02  2.600747e+02  2.343680e+05  1.878478e+03  1.679511e+57  1.750399e+56  4.360721e-06  8.425097e+109  1.000000e+00  1.000000e+00  1.000000e+00
1.887400e+00  5.772730e+02  5.027740e+01  1.166139e+02  1.887400e+00  1.377887e+00  1.366958e+00  1.092900e-02  1.026949e+01  1.026949e+01  5.399334e+00  7.932000e-03  1.981738e-01  2.870830e-01  2.870830e-01  7.894128e-02  1.721794e+02  2.584517e+05  1.721355e+03  1.835855e+57  1.603956e+56  4.225992e-06  6.969336e+109  1.000000e+00  1.000000e+00  1.000000e+00
1.887400e+00  5.928297e+02  5.027740e+01  1.321717e+02  1.887400e+00  1.479894e+00  1.469922e+00  9.972000e-03  1.034674e+01  1.034674e+01  5.237291e+00  6.738000e-03  2.112559e-01  3.159168e-01  3.159168e-01  7.309086e-02  1.158062e+02  2.829116e+05  1.568150e+03  1.990521e+57  1.461170e+56  4.039859e-06  5.686261e+109  1.000000e+00  1.000000e+00  1.000000e+00
1.887400e+00  6.104652e+02  5.027740e+01  1.498051e+02  1.887400e+00  1.580560e+00  1.571514e+00  9.046000e-03  1.041869e+01  1.041869e+01  5.070199e+00  5.723000e-03  2.240679e-01  3.461203e-01  3.461203e-01  6.709666e-02  7.919748e+01  3.090569e+05  1.420220e+03  2.152917e+57  1.323305e+56  3.779197e-06  4.675514e+109  1.000000e+00  1.000000e+00  1.000000e+00
1.887400e+00  6.304521e+02  5.027740e+01  1.697911e+02  1.887400e+00  1.678406e+00  1.670248e+00  8.158000e-03  1.048265e+01  1.048265e+01  4.898868e+00  4.860000e-03  2.364872e-01  3.774764e-01  3.774764e-01  6.114252e-02  5.510787e+01  3.357563e+05  1.278767e+03  2.314241e+57  1.191480e+56  3.670878e-06  3.576046e+109  1.000000e+00  1.000000e+00  1.000000e+00
1.887400e+00  6.531038e+02  5.027740e+01  1.924434e+02  1.887400e+00  1.772080e+00  1.764765e+00  7.315000e-03  1.053638e+01  1.053638e+01  4.724832e+00  4.128000e-03  2.484125e-01  4.097447e-01  4.097447e-01  5.537209e-02  3.902406e+01  3.614984e+05  1.144814e+03  2.462910e+57  1.066650e+56  3.443027e-06  2.758004e+109  1.000000e+00  1.000000e+00  1.000000e+00
1.887400e+00  6.787757e+02  5.027740e+01  2.181178e+02  1.887400e+00  1.860394e+00  1.853873e+00  6.521000e-03  1.057849e+01  1.057849e+01  4.547183e+00  3.505000e-03  2.597544e-01  4.426376e-01  4.426376e-01  4.990906e-02  2.813674e+01  3.891171e+05  1.019136e+03  2.619985e+57  9.495343e+55  3.200326e-06  2.125649e+109  1.000000e+00  1.000000e+00  1.000000e+00
1.887400e+00  7.078781e+02  5.027740e+01  2.472176e+02  1.887400e+00  1.942353e+00  1.936571e+00  5.782000e-03  1.060783e+01  1.060783e+01  4.368748e+00  2.977000e-03  2.704476e-01  4.758562e-01  4.758562e-01  4.483622e-02  2.065962e+01  4.149329e+05  9.023251e+02  2.758012e+57  8.406859e+55  3.042918e-06  1.531949e+109  1.000000e+00  1.000000e+00  1.000000e+00
1.887400e+00  7.408620e+02  5.027740e+01  2.801996e+02  1.887400e+00  2.017172e+00  2.012072e+00  5.100000e-03  1.062373e+01  1.062373e+01  4.189930e+00  2.528000e-03  2.804451e-01  5.090839e-01  5.090839e-01  4.019011e-02  1.544464e+01  4.408771e+05  7.947149e+02  2.891367e+57  7.404138e+55  2.820778e-06  1.108428e+109  1.000000e+00  1.000000e+00  1.000000e+00
1.887400e+00  7.782441e+02  5.027740e+01  3.175819e+02  1.887400e+00  2.084287e+00  2.079812e+00  4.475000e-03  1.062592e+01  1.062592e+01  4.011463e+00  2.147000e-03  2.897162e-01  5.419919e-01  5.419919e-01  3.597628e-02  1.175062e+01  4.653822e+05  6.964245e+02  3.008676e+57  6.488286e+55  2.604368e-06  7.729876e+108  1.000000e+00  1.000000e+00  1.000000e+00
1.887400e+00  8.206108e+02  5.027740e+01  3.599514e+02  1.887400e+00  2.143343e+00  2.139436e+00  3.908000e-03  1.061428e+01  1.061428e+01  3.834516e+00  1.823000e-03  2.982516e-01  5.742726e-01  5.742726e-01  3.221194e-02  9.099522e+00  4.894646e+05  6.073803e+02  3.117905e+57  5.658611e+55  2.317697e-06  5.510481e+108  1.000000e+00  1.000000e+00  1.000000e+00
1.887400e+00  8.686339e+02  5.027740e+01  4.079736e+02  1.887400e+00  2.194192e+00  2.190796e+00  3.397000e-03  1.058948e+01  1.058948e+01  3.659710e+00  1.548000e-03  3.060425e-01  6.055790e-01  6.055790e-01  2.887847e-02  7.171549e+00  5.128922e+05  5.273336e+02  3.217787e+57  4.912789e+55  2.095199e-06  3.651454e+108  1.000000e+00  1.000000e+00  1.000000e+00
1.887400e+00  9.230662e+02  5.027740e+01  4.624025e+02  1.887400e+00  2.236848e+00  2.233908e+00  2.940000e-03  1.055191e+01  1.055191e+01  3.488231e+00  1.314000e-03  3.131028e-01  6.356244e-01  6.356244e-01  2.593313e-02  5.745513e+00  5.340761e+05  4.559011e+02  3.296975e+57  4.247248e+55  1.869398e-06  2.280048e+108  1.000000e+00  1.000000e+00  1.000000e+00
1.887400e+00  9.847572e+02  5.027740e+01  5.240930e+02  1.887400e+00  2.271484e+00  2.268950e+00  2.534000e-03  1.050233e+01  1.050233e+01  3.319669e+00  1.116000e-03  3.194519e-01  6.641348e-01  6.641348e-01  2.335297e-02  4.679760e+00  5.542081e+05  3.925834e+02  3.365101e+57  3.657322e+55  1.570518e-06  1.474258e+108  1.000000e+00  1.000000e+00  1.000000e+00
1.887400e+00  1.054675e+03  5.027740e+01  5.940138e+02  1.887400e+00  2.298401e+00  2.296225e+00  2.176000e-03  1.044182e+01  1.044182e+01  3.155323e+00  9.470000e-04  3.251108e-01  6.908436e-01  6.908436e-01  2.111163e-02  3.874994e+00  5.731637e+05  3.368189e+02  3.421961e+57  3.137780e+55  1.310052e-06  8.310602e+107  1.000000e+00  1.000000e+00  1.000000e+00
1.887400e+00  1.133922e+03  5.027740e+01  6.732629e+02  1.887400e+00  2.317994e+00  2.316131e+00  1.862000e-03  1.037125e+01  1.037125e+01  2.996029e+00  8.030000e-04  3.301132e-01  7.155573e-01  7.155573e-01  1.914853e-02  3.256334e+00  5.893719e+05  2.879971e+02  3.456591e+57  2.682932e+55  9.999730e-07  4.541669e+107  1.000000e+00  1.000000e+00  1.000000e+00
1.887400e+00  1.223749e+03  5.027740e+01  7.630849e+02  1.887400e+00  2.330732e+00  2.329143e+00  1.589000e-03  1.029180e+01  1.029180e+01  2.841340e+00  6.820000e-04  3.344898e-01  7.380915e-01  7.380915e-01  1.744996e-02  2.778360e+00  6.055963e+05  2.454815e+02  3.490432e+57  2.286841e+55  6.184605e-07  2.452968e+107  1.000000e+00  1.000000e+00  1.000000e+00
1.887400e+00  1.325556e+03  5.027740e+01  8.648903e+02  1.887400e+00  2.337140e+00  2.335789e+00  1.351000e-03  1.020458e+01  1.020458e+01  2.692186e+00  5.780000e-04  3.382761e-01  7.583202e-01  7.583202e-01  1.597794e-02  2.404766e+00  6.190132e+05  2.086446e+02  3.503291e+57  1.943660e+55  2.533799e-07  5.781520e+106  1.000000e+00  1.000000e+00  1.000000e+00
1.887400e+00  1.440942e+03  5.027740e+01  9.802778e+02  1.887400e+00  2.337773e+00  2.336627e+00  1.146000e-03  1.011080e+01  1.011080e+01  2.548769e+00  4.900000e-04  3.415060e-01  7.761458e-01  7.761458e-01  1.470653e-02  2.110702e+00  6.309101e+05  1.768732e+02  3.505368e+57  1.647676e+55  -2.639014e-07  -4.067768e+106  -1.000000e+00  -1.000000e+00  1.000000e+00
1.887400e+00  1.571717e+03  5.027740e+01  1.111060e+03  1.887400e+00  2.333201e+00  2.332231e+00  9.700000e-04  1.001156e+01  1.001156e+01  2.410671e+00  4.160000e-04  3.442168e-01  7.915325e-01  7.915325e-01  1.362189e-02  1.879253e+00  6.399797e+05  1.495827e+02  3.487753e+57  1.393438e+55  -7.629692e-07  -7.381424e+106  -1.000000e+00  -1.000000e+00  1.000000e+00
1.887400e+00  1.719954e+03  5.027740e+01  1.259289e+03  1.887400e+00  2.323996e+00  2.323177e+00  8.190000e-04  9.907962e+00  9.907962e+00  2.278536e+00  3.520000e-04  3.464437e-01  8.044761e-01  8.044761e-01  1.268860e-02  1.694959e+00  6.490295e+05  1.262310e+02  3.472192e+57  1.175898e+55  -1.417256e-06  -6.232824e+106  -1.000000e+00  -1.000000e+00  1.000000e+00
1.887400e+00  1.887962e+03  5.027740e+01  1.427295e+03  1.887400e+00  2.310722e+00  2.310032e+00  6.900000e-04  9.801131e+00  9.801131e+00  2.152182e+00  2.990000e-04  3.482196e-01  8.150021e-01  8.150021e-01  1.188663e-02  1.547745e+00  6.566297e+05  1.063175e+02  3.448576e+57  9.903881e+54  -2.758039e-06  -7.447105e+106  -1.000000e+00  -1.000000e+00  1.000000e+00
1.887400e+00  2.078381e+03  5.027740e+01  1.617714e+03  1.887400e+00  2.293928e+00  2.293348e+00  5.810000e-04  9.692156e+00  9.692156e+00  2.031632e+00  2.530000e-04  3.495756e-01  8.231642e-01  8.231642e-01  1.120430e-02  1.430834e+00  6.615688e+05  8.938829e+01  3.408252e+57  8.326817e+54  -4.522225e-06  -7.599173e+106  -1.000000e+00  -1.000000e+00  1.000000e+00
1.887400e+00  2.294199e+03  5.027740e+01  1.833538e+03  1.887400e+00  2.274138e+00  2.273650e+00  4.880000e-04  9.582056e+00  9.582056e+00  1.916776e+00  2.140000e-04  3.505417e-01  8.290476e-01  8.290476e-01  1.062195e-02  1.337872e+00  6.652783e+05  7.503610e+01  3.362516e+57  6.989829e+54  -5.630597e-06  -5.755219e+106  -1.000000e+00  -1.000000e+00  1.000000e+00
1.887400e+00  2.538819e+03  5.027740e+01  2.078156e+03  1.887400e+00  2.251849e+00  2.251440e+00  4.090000e-04  9.471800e+00  9.471800e+00  1.807536e+00  1.820000e-04  3.511465e-01  8.327596e-01  8.327596e-01  1.012845e-02  1.264769e+00  6.690612e+05  6.289905e+01  3.321503e+57  5.859202e+54  -1.406769e-05  -4.555775e+106  -1.000000e+00  -1.000000e+00  1.000000e+00
1.887400e+00  2.816077e+03  5.027740e+01  2.355409e+03  1.887400e+00  2.227530e+00  2.227188e+00  3.420000e-04  9.362297e+00  9.362297e+00  1.704012e+00  1.540000e-04  3.514170e-01  8.344270e-01  8.344270e-01  9.713846e-03  1.208332e+00  6.704905e+05  5.265859e+01  3.267323e+57  4.905261e+54  -5.222915e-05  -3.986224e+106  -1.000000e+00  -1.000000e+00  1.000000e+00
1.887400e+00  3.130319e+03  5.027740e+01  2.669651e+03  1.887400e+00  2.201616e+00  2.201329e+00  2.860000e-04  9.254315e+00  9.254315e+00  1.605345e+00  1.300000e-04  3.513815e-01  8.342080e-01  8.342080e-01  9.368902e-03  1.166009e+00  6.709138e+05  4.403466e+01  3.210290e+57  4.101907e+54  -7.448577e-04  -3.070574e+106  -1.000000e+00  -1.000000e+00  1.000000e+00
1.887400e+00  3.486480e+03  5.027740e+01  3.025817e+03  1.887400e+00  2.174513e+00  2.174273e+00  2.390000e-04  9.148654e+00  9.148654e+00  1.512196e+00  1.100000e-04  3.510641e-01  8.322523e-01  8.322523e-01  9.087232e-03  1.136079e+00  6.704345e+05  3.678615e+01  3.151325e+57  3.426686e+54  4.637384e-05  -2.324841e+106  1.000000e+00  -1.000000e+00  1.000000e+00
1.887400e+00  3.890162e+03  5.027740e+01  3.429500e+03  1.887400e+00  2.146595e+00  2.146395e+00  2.000000e-04  9.046069e+00  9.046069e+00  1.423773e+00  9.300000e-05  3.504870e-01  8.287126e-01  8.287126e-01  8.857840e-03  1.116521e+00  6.691523e+05  3.070276e+01  3.091246e+57  2.860000e+54  1.871901e-05  -1.737035e+106  1.000000e+00  -1.000000e+00  1.000000e+00
1.887400e+00  4.347708e+03  5.027740e+01  3.887040e+03  1.887400e+00  2.118202e+00  2.118036e+00  1.670000e-04  8.947036e+00  8.947036e+00  1.340364e+00  7.900000e-05  3.496793e-01  8.237933e-01  8.237933e-01  8.679021e-03  1.106700e+00  6.671450e+05  2.560495e+01  3.030615e+57  2.385128e+54  1.269164e-05  -1.283269e+106  1.000000e+00  -1.000000e+00  1.000000e+00
1.887400e+00  4.866291e+03  5.027740e+01  4.405622e+03  1.887400e+00  2.089649e+00  2.089510e+00  1.390000e-04  8.852195e+00  8.852195e+00  1.261424e+00  6.600000e-05  3.486614e-01  8.176498e-01  8.176498e-01  8.543006e-03  1.105330e+00  6.645142e+05  2.133817e+01  2.970135e+57  1.987668e+54  9.303161e-06  -9.860884e+105  1.000000e+00  -1.000000e+00  1.000000e+00
1.887400e+00  5.454054e+03  5.027740e+01  4.993389e+03  1.887400e+00  2.061218e+00  2.061102e+00  1.160000e-04  8.762037e+00  8.762037e+00  1.186871e+00  5.600000e-05  3.474565e-01  8.104567e-01  8.104567e-01  8.449498e-03  1.112340e+00  6.604033e+05  1.777107e+01  2.903269e+57  1.655386e+54  7.405189e-06  -7.230008e+105  1.000000e+00  -1.000000e+00  1.000000e+00
1.887400e+00  6.120229e+03  5.027740e+01  5.659571e+03  1.887400e+00  2.033168e+00  2.033071e+00  9.600000e-05  8.676980e+00  8.676980e+00  1.116428e+00  4.700000e-05  3.460877e-01  8.023885e-01  8.023885e-01  8.390683e-03  1.126613e+00  6.568266e+05  1.479185e+01  2.844941e+57  1.377867e+54  7.426210e-06  -4.843412e+105  1.000000e+00  -1.000000e+00  1.000000e+00
1.887400e+00  6.875298e+03  5.027740e+01  6.414631e+03  1.887400e+00  2.005729e+00  2.005649e+00  8.000000e-05  8.597403e+00  8.597403e+00  1.050076e+00  4.000000e-05  3.445772e-01  7.936086e-01  7.936086e-01  8.364369e-03  1.147917e+00  6.528958e+05  1.230595e+01  2.788326e+57  1.146303e+54  6.662454e-06  -3.439637e+105  1.000000e+00  -1.000000e+00  1.000000e+00
1.887400e+00  7.731096e+03  5.027740e+01  7.270426e+03  1.887400e+00  1.979107e+00  1.979041e+00  6.700000e-05  8.523553e+00  8.523553e+00  9.875800e-01  3.400000e-05  3.429496e-01  7.842901e-01  7.842901e-01  8.366854e-03  1.175750e+00  6.486903e+05  1.023330e+01  2.733793e+57  9.532342e+53  5.689768e-06  -2.545852e+105  1.000000e+00  -1.000000e+00  1.000000e+00
1.887400e+00  8.701063e+03  5.027740e+01  8.240395e+03  1.887400e+00  1.953487e+00  1.953431e+00  5.500000e-05  8.455677e+00  8.455677e+00  9.285360e-01  2.800000e-05  3.412273e-01  7.745860e-01  7.745860e-01  8.395124e-03  1.209801e+00  6.434606e+05  8.506316e+00  2.675480e+57  7.923639e+53  5.182475e-06  -1.806761e+105  1.000000e+00  -1.000000e+00  1.000000e+00
1.887400e+00  9.800430e+03  5.027740e+01  9.339770e+03  1.887400e+00  1.929028e+00  1.928982e+00  4.600000e-05  8.393868e+00  8.393868e+00  8.729700e-01  2.400000e-05  3.394360e-01  7.646597e-01  7.646597e-01  8.446596e-03  1.249687e+00  6.389560e+05  7.068326e+00  2.626208e+57  6.584143e+53  5.257036e-06  -1.168972e+105  1.000000e+00  -1.000000e+00  1.000000e+00
1.887400e+00  1.104648e+04  5.027740e+01  1.058582e+04  1.887400e+00  1.905870e+00  1.905832e+00  3.800000e-05  8.338336e+00  8.338336e+00  8.206520e-01  2.000000e-05  3.375946e-01  7.546268e-01  7.546268e-01  8.520381e-03  1.295369e+00  6.344023e+05  5.871612e+00  2.579907e+57  5.469399e+53  4.932127e-06  -8.028678e+104  1.000000e+00  -1.000000e+00  1.000000e+00
1.887400e+00  1.245877e+04  5.027740e+01  1.199810e+04  1.887400e+00  1.884132e+00  1.884101e+00  3.200000e-05  8.288984e+00  8.288984e+00  7.714020e-01  1.700000e-05  3.357312e-01  7.446468e-01  7.446468e-01  8.607556e-03  1.345384e+00  6.298560e+05  4.876176e+00  2.536708e+57  4.542148e+53  4.358868e-06  -5.784074e+104  1.000000e+00  -1.000000e+00  1.000000e+00
1.887400e+00  1.405947e+04  5.027740e+01  1.359880e+04  1.887400e+00  1.863916e+00  1.863889e+00  2.600000e-05  8.245991e+00  8.245991e+00  7.250350e-01  1.400000e-05  3.338605e-01  7.347965e-01  7.347965e-01  8.710493e-03  1.399986e+00  6.246401e+05  4.048511e+00  2.491250e+57  3.771177e+53  4.104564e-06  -3.979145e+104  1.000000e+00  -1.000000e+00  1.000000e+00
1.887400e+00  1.587372e+04  5.027740e+01  1.541306e+04  1.887400e+00  1.845296e+00  1.845275e+00  2.200000e-05  8.209062e+00  8.209062e+00  6.814170e-01  1.200000e-05  3.320123e-01  7.252273e-01  7.252273e-01  8.823858e-03  1.458139e+00  6.203057e+05  3.360616e+00  2.454846e+57  3.130403e+53  4.180124e-06  -2.451020e+104  1.000000e+00  -1.000000e+00  1.000000e+00
1.887400e+00  1.793002e+04  5.027740e+01  1.746936e+04  1.887400e+00  1.828333e+00  1.828315e+00  1.800000e-05  8.178087e+00  8.178087e+00  6.403690e-01  1.000000e-05  3.302063e-01  7.160272e-01  7.160272e-01  8.943897e-03  1.518829e+00  6.161382e+05  2.789070e+00  2.421880e+57  2.598008e+53  3.958786e-06  -1.619024e+104  1.000000e+00  -1.000000e+00  1.000000e+00
1.887400e+00  2.025605e+04  5.027740e+01  1.979538e+04  1.887400e+00  1.813095e+00  1.813080e+00  1.500000e-05  8.152959e+00  8.152959e+00  6.018490e-01  8.000000e-06  3.284634e-01  7.072873e-01  7.072873e-01  9.068861e-03  1.581345e+00  6.121844e+05  2.315149e+00  2.392352e+57  2.156552e+53  3.853572e-06  -1.179707e+104  1.000000e+00  -1.000000e+00  1.000000e+00
2.592900e+00  1.030404e+02  6.007240e+01  1.000000e+00  2.592900e+00  1.125929e+00  4.741400e-02  1.078515e+00  2.808396e+01  8.856825e+00  2.808396e+01  9.578890e-01  5.921536e-02  6.505437e-02  2.943882e-02  1.334118e-01  1.220851e+05  7.133747e+03  1.708308e+05  5.985802e+55  1.609692e+58  6.057736e-06  3.356394e+110  1.000000e+00  1.000000e+00  0.000000e+00
2.592900e+00  1.076573e+02  6.007240e+01  1.133400e+00  2.592900e+00  1.096316e+00  5.353800e-02  1.042777e+00  2.797182e+01  8.924583e+00  2.797182e+01  9.511650e-01  5.788908e-02  6.345564e-02  3.050693e-02  1.320196e-01  1.354824e+05  8.066242e+03  1.650098e+05  6.756290e+55  1.556424e+58  6.069824e-06  3.263632e+110  1.000000e+00  1.000000e+00  0.000000e+00
2.592900e+00  1.131115e+02  6.007240e+01  1.284600e+00  2.592900e+00  1.064169e+00  6.030100e-02  1.003868e+00  2.783983e+01  8.995773e+00  2.783983e+01  9.433350e-01  5.645804e-02  6.173869e-02  3.166080e-02  1.303382e-01  1.514834e+05  9.098471e+03  1.586928e+05  7.598941e+55  1.498425e+58  6.095778e-06  3.160387e+110  1.000000e+00  1.000000e+00  0.000000e+00
2.592900e+00  1.191072e+02  6.007240e+01  1.456000e+00  2.592900e+00  1.029146e+00  6.781900e-02  9.613270e-01  2.767747e+01  9.069943e+00  2.767747e+01  9.341020e-01  5.492023e-02  5.990288e-02  3.291415e-02  1.282788e-01  1.712529e+05  1.024901e+04  1.518099e+05  8.530662e+55  1.435006e+58  6.122643e-06  3.393452e+110  1.000000e+00  1.000000e+00  0.000000e+00
2.592900e+00  1.250167e+02  6.007240e+01  1.650300e+00  2.592900e+00  9.910880e-01  7.616500e-02  9.149230e-01  2.747711e+01  9.146689e+00  2.747711e+01  9.231500e-01  5.327492e-02  5.794925e-02  3.427251e-02  1.257544e-01  1.953520e+05  1.152991e+04  1.443272e+05  9.561384e+55  1.365805e+58  6.150985e-06  3.604440e+110  1.000000e+00  1.000000e+00  0.000000e+00
2.592900e+00  1.316026e+02  6.007240e+01  1.870400e+00  2.592900e+00  9.498720e-01  8.543200e-02  8.644400e-01  2.723100e+01  9.226026e+00  2.723100e+01  9.100590e-01  5.152087e-02  5.587834e-02  3.574570e-02  1.226855e-01  2.252329e+05  1.295652e+04  1.362168e+05  1.070320e+56  1.290512e+58  6.181313e-06  3.897310e+110  1.000000e+00  1.000000e+00  0.000000e+00
2.592900e+00  1.379494e+02  6.007240e+01  2.120000e+00  2.592900e+00  9.054510e-01  9.572000e-02  8.097310e-01  2.692376e+01  9.307821e+00  2.692376e+01  8.942850e-01  4.967193e-02  5.370852e-02  3.734362e-02  1.189767e-01  2.622630e+05  1.454529e+04  1.274601e+05  1.196882e+56  1.208896e+58  6.208399e-06  3.440278e+110  1.000000e+00  1.000000e+00  0.000000e+00
2.592900e+00  1.527256e+02  6.007240e+01  2.402800e+00  2.592900e+00  8.608890e-01  1.059230e-01  7.549660e-01  2.657861e+01  9.383491e+00  2.657861e+01  8.769610e-01  4.784060e-02  5.157250e-02  3.884358e-02  1.149434e-01  3.059700e+05  1.612621e+04  1.187144e+05  1.322248e+56  1.127165e+58  6.236146e-06  4.918401e+110  1.000000e+00  1.000000e+00  0.000000e+00
2.592900e+00  1.576382e+02  6.007240e+01  2.723400e+00  2.592900e+00  8.128210e-01  1.173780e-01  6.954430e-01  2.614626e+01  9.457575e+00  2.614626e+01  8.555910e-01  4.591631e-02  4.934198e-02  4.049305e-02  1.100466e-01  3.594421e+05  1.790721e+04  1.092473e+05  1.462836e+56  1.038327e+58  6.273141e-06  6.305265e+110  1.000000e+00  1.000000e+00  0.000000e+00
2.592900e+00  1.627167e+02  6.007240e+01  3.086700e+00  2.592900e+00  7.609170e-01  1.306610e-01  6.302550e-01  2.558429e+01  9.536000e+00  2.558429e+01  8.282840e-01  4.392839e-02  4.705256e-02  4.239785e-02  1.039292e-01  4.233548e+05  1.998060e+04  9.892697e+04  1.625947e+56  9.410365e+57  6.313258e-06  7.032539e+110  1.000000e+00  1.000000e+00  0.000000e+00
2.592900e+00  1.679681e+02  6.007240e+01  3.498500e+00  2.592900e+00  7.063660e-01  1.459660e-01  5.604000e-01  2.485061e+01  9.620644e+00  2.485061e+01  7.933560e-01  4.198312e-02  4.482669e-02  4.458198e-02  9.647636e-02  4.931040e+05  2.238024e+04  8.791450e+04  1.814154e+56  8.367443e+57  6.356177e-06  7.701995e+110  1.000000e+00  1.000000e+00  0.000000e+00
2.592900e+00  1.734000e+02  6.007240e+01  3.965200e+00  2.592900e+00  6.511000e-01  1.635150e-01  4.875850e-01  2.391380e+01  9.712827e+00  2.391380e+01  7.488640e-01  4.021429e-02  4.281500e-02  4.706965e-02  8.768494e-02  5.558210e+05  2.514508e+04  7.648564e+04  2.030355e+56  7.280349e+57  6.404204e-06  8.242378e+110  1.000000e+00  1.000000e+00  0.000000e+00
2.592900e+00  1.790190e+02  6.007240e+01  4.494300e+00  2.592900e+00  5.979640e-01  1.835530e-01  4.144110e-01  2.273935e+01  9.813525e+00  2.273935e+01  6.930370e-01  3.883992e-02  4.125992e-02  4.988478e-02  7.780038e-02  5.867926e+05  2.831947e+04  6.504537e+04  2.277872e+56  6.187824e+57  6.460315e-06  8.564945e+110  1.000000e+00  1.000000e+00  0.000000e+00
2.592900e+00  1.848335e+02  6.007240e+01  5.093900e+00  2.592900e+00  5.507080e-01  2.063490e-01  3.443590e-01  2.131978e+01  9.923412e+00  2.131978e+01  6.253020e-01  3.815227e-02  4.048446e-02  5.305083e-02  6.748013e-02  5.564793e+05  3.195238e+04  5.412949e+04  2.560292e+56  5.141892e+57  6.538621e-06  8.594969e+110  1.000000e+00  1.000000e+00  0.000000e+00
2.592900e+00  1.908524e+02  6.007240e+01  5.773400e+00  2.592900e+00  5.134160e-01  2.321930e-01  2.812230e-01  1.969731e+01  1.004290e+01  1.969731e+01  5.477490e-01  3.849850e-02  4.087468e-02  5.659052e-02  5.788457e-02  4.563181e+05  3.609821e+04  4.431410e+04  2.881595e+56  4.199137e+57  6.697926e-06  8.307278e+110  1.000000e+00  1.000000e+00  0.000000e+00
2.592900e+00  1.970844e+02  6.007240e+01  6.543700e+00  2.592900e+00  4.894200e-01  2.613940e-01  2.280260e-01  1.798007e+01  1.017219e+01  1.798007e+01  4.659110e-01  4.020422e-02  4.280358e-02  6.052585e-02  5.061819e-02  3.210265e+05  4.081590e+04  3.605356e+04  3.246031e+56  3.404750e+57  7.529536e-06  7.747580e+110  1.000000e+00  1.000000e+00  0.000000e+00
2.592900e+00  2.035396e+02  6.007240e+01  7.416700e+00  2.592900e+00  4.802420e-01  2.942780e-01  1.859650e-01  1.630123e+01  1.031121e+01  1.630123e+01  3.872310e-01  4.351326e-02  4.657636e-02  6.487786e-02  4.752080e-02  2.031523e+05  4.617076e+04  2.951929e+04  3.658257e+56  2.776424e+57  -6.381493e-05  7.021060e+110  -1.000000e+00  1.000000e+00  0.000000e+00
2.592900e+00  2.102287e+02  6.007240e+01  8.406200e+00  2.592900e+00  4.854400e-01  3.311850e-01  1.542550e-01  1.479109e+01  1.045969e+01  1.479109e+01  3.177630e-01  4.847493e-02  5.231090e-02  6.966644e-02  5.047838e-02  1.257088e+05  5.223246e+04  2.458478e+04  4.123194e+56  2.302601e+57  4.870899e-06  6.249587e+110  1.000000e+00  1.000000e+00  0.000000e+00
2.592900e+00  2.171631e+02  6.007240e+01  9.527700e+00  2.592900e+00  5.034030e-01  3.724660e-01  1.309370e-01  1.351022e+01  1.061715e+01  1.351022e+01  2.601030e-01  5.503449e-02  6.003897e-02  7.491042e-02  6.132214e-02  8.098335e+04  5.907572e+04  2.094426e+04  4.645966e+56  1.953958e+57  5.028250e-06  4.923978e+110  1.000000e+00  1.000000e+00  0.000000e+00
2.592900e+00  4.714565e+02  6.007240e+01  1.079880e+01  2.592900e+00  5.058010e-01  3.900110e-01  1.157900e-01  1.282012e+01  1.068245e+01  1.282012e+01  2.289230e-01  5.827323e-02  6.391797e-02  7.624833e-02  7.204848e-02  7.149493e+04  6.198008e+04  1.852528e+04  4.867758e+56  1.727729e+57  4.508955e-06  -3.158657e+110  1.000000e+00  -1.000000e+00  1.000000e+00
2.592900e+00  4.728972e+02  6.007240e+01  1.223950e+01  2.592900e+00  4.943200e-01  3.919390e-01  1.023810e-01  1.231618e+01  1.066159e+01  1.231618e+01  2.071160e-01  5.928079e-02  6.513342e-02  7.521051e-02  8.052431e-02  7.325345e+04  6.228273e+04  1.636018e+04  4.889152e+56  1.527727e+57  6.286584e-06  -2.423021e+110  1.000000e+00  -1.000000e+00  1.000000e+00
2.592900e+00  4.745300e+02  6.007240e+01  1.387240e+01  2.592900e+00  4.850570e-01  3.960100e-01  8.904700e-02  1.173319e+01  1.061829e+01  1.173319e+01  1.835800e-01  6.106024e-02  6.729024e-02  7.458757e-02  9.234939e-02  7.250581e+04  6.297402e+04  1.421743e+04  4.937504e+56  1.328659e+57  6.573003e-06  -1.050574e+110  1.000000e+00  -1.000000e+00  1.000000e+00
2.592900e+00  4.763807e+02  6.007240e+01  1.572320e+01  2.592900e+00  4.792930e-01  4.028710e-01  7.642200e-02  1.109805e+01  1.055522e+01  1.109805e+01  1.594470e-01  6.378754e-02  7.062152e-02  7.450893e-02  1.089719e-01  6.879441e+04  6.413171e+04  1.219762e+04  5.018666e+56  1.140178e+57  2.224211e-05  1.215575e+109  1.000000e+00  1.000000e+00  1.000000e+00
2.592900e+00  4.784787e+02  6.007240e+01  1.782080e+01  2.592900e+00  4.783070e-01  4.132800e-01  6.502800e-02  1.047462e+01  1.047462e+01  1.044037e+01  1.359540e-01  6.744511e-02  7.513844e-02  7.513844e-02  1.295093e-01  6.186636e+04  6.590541e+04  1.038110e+04  5.143765e+56  9.700364e+56  2.381324e-05  1.064900e+110  1.000000e+00  1.000000e+00  1.000000e+00
2.592900e+00  4.808563e+02  6.007240e+01  2.019840e+01  2.592900e+00  4.832780e-01  4.280670e-01  5.521100e-02  1.038007e+01  1.038007e+01  9.792586e+00  1.142430e-01  6.876669e-02  7.678465e-02  7.678465e-02  1.212594e-01  5.256965e+04  6.847969e+04  8.820688e+03  5.326453e+56  8.234067e+56  5.040065e-06  1.723859e+110  1.000000e+00  1.000000e+00  1.000000e+00
2.592900e+00  4.835509e+02  6.007240e+01  2.289310e+01  2.592900e+00  4.952020e-01  4.480960e-01  4.710500e-02  1.027570e+01  1.027570e+01  9.184370e+00  9.512300e-02  7.117910e-02  7.980922e-02  7.980922e-02  1.149777e-01  4.195260e+04  7.199659e+04  7.535529e+03  5.577076e+56  7.022806e+56  5.398698e-06  2.100033e+110  1.000000e+00  1.000000e+00  1.000000e+00
2.592900e+00  4.866048e+02  6.007240e+01  2.594730e+01  2.592900e+00  5.148620e-01  4.742050e-01  4.065600e-02  1.016760e+01  1.016760e+01  8.631209e+00  7.896500e-02  7.479173e-02  8.438662e-02  8.438662e-02  1.104816e-01  3.147251e+04  7.659896e+04  6.515324e+03  5.905809e+56  6.058576e+56  5.502044e-06  2.250093e+110  1.000000e+00  1.000000e+00  1.000000e+00
2.592900e+00  4.900671e+02  6.007240e+01  2.940900e+01  2.592900e+00  5.428060e-01  5.071140e-01  3.569200e-02  1.006434e+01  1.006434e+01  8.136448e+00  6.575500e-02  7.966012e-02  9.064825e-02  9.064825e-02  1.074249e-01  2.232584e+04  8.244437e+04  5.730970e+03  6.323720e+56  5.315578e+56  5.501019e-06  2.292025e+110  1.000000e+00  1.000000e+00  1.000000e+00
2.592900e+00  4.939909e+02  6.007240e+01  3.333260e+01  2.592900e+00  5.793750e-01  5.474010e-01  3.197300e-02  9.974816e+00  9.974816e+00  7.708132e+00  5.518600e-02  8.578991e-02  9.868872e-02  9.868873e-02  1.054237e-01  1.512396e+04  8.971275e+04  5.142982e+03  6.843001e+56  4.758053e+56  5.496859e-06  2.214676e+110  1.000000e+00  1.000000e+00  1.000000e+00
2.592900e+00  4.984378e+02  6.007240e+01  3.777960e+01  2.592900e+00  6.247260e-01  5.955010e-01  2.922500e-02  9.906069e+00  9.906069e+00  7.350429e+00  4.678000e-02  9.314719e-02  1.085782e-01  1.085782e-01  1.041074e-01  9.897863e+03  9.835764e+04  4.706543e+03  7.458730e+56  4.344788e+56  5.444364e-06  2.105972e+110  1.000000e+00  1.000000e+00  1.000000e+00
2.592900e+00  5.034775e+02  6.007240e+01  4.281980e+01  2.592900e+00  6.788490e-01  6.516760e-01  2.717400e-02  9.862375e+00  9.862375e+00  7.059974e+00  4.002900e-02  1.016655e-01  1.203689e-01  1.203689e-01  1.031071e-01  6.328816e+03  1.088124e+05  4.377825e+03  8.201355e+56  4.035073e+56  5.306737e-06  2.002240e+110  1.000000e+00  1.000000e+00  1.000000e+00
2.592900e+00  5.091908e+02  6.007240e+01  4.853260e+01  2.592900e+00  7.415920e-01  7.160230e-01  2.556900e-02  9.845210e+00  9.845210e+00  6.835402e+00  3.447900e-02  1.112556e-01  1.341041e-01  1.341041e-01  1.021228e-01  3.994138e+03  1.209976e+05  4.117117e+03  9.062516e+56  3.791620e+56  5.203935e-06  1.874560e+110  1.000000e+00  1.000000e+00  1.000000e+00
2.592900e+00  5.156662e+02  6.007240e+01  5.500740e+01  2.592900e+00  8.126190e-01  7.884310e-01  2.418800e-02  9.853741e+00  9.853741e+00  6.669235e+00  2.976500e-02  1.218057e-01  1.498137e-01  1.498137e-01  1.008360e-01  2.507186e+03  1.350518e+05  3.889571e+03  1.004951e+57  3.581165e+56  5.131516e-06  1.740208e+110  1.000000e+00  1.000000e+00  1.000000e+00
2.592900e+00  5.230050e+02  6.007240e+01  6.234610e+01  2.592900e+00  8.914220e-01  8.685820e-01  2.284000e-02  9.885490e+00  9.885490e+00  6.540640e+00  2.562200e-02  1.331886e-01  1.675180e-01  1.675180e-01  9.902785e-02  1.575184e+03  1.506493e+05  3.666880e+03  1.113433e+57  3.376027e+56  5.043415e-06  1.599227e+110  1.000000e+00  1.000000e+00  1.000000e+00
2.592900e+00  5.313221e+02  6.007240e+01  7.066390e+01  2.592900e+00  9.772760e-01  9.558170e-01  2.145900e-02  9.936569e+00  9.936569e+00  6.407223e+00  2.195800e-02  1.452655e-01  1.872257e-01  1.872257e-01  9.650683e-02  9.946105e+02  1.682181e+05  3.439325e+03  1.234523e+57  3.166439e+56  4.858628e-06  1.469262e+110  1.000000e+00  1.000000e+00  1.000000e+00
2.592900e+00  5.407496e+02  6.007240e+01  8.009140e+01  2.592900e+00  1.069200e+00  1.049145e+00  2.005500e-02  1.000248e+01  1.000248e+01  6.264071e+00  1.875700e-02  1.578821e-01  2.089187e-01  2.089187e-01  9.318201e-02  6.332528e+02  1.877774e+05  3.208547e+03  1.367895e+57  2.953890e+56  4.724107e-06  1.306017e+110  1.000000e+00  1.000000e+00  1.000000e+00
2.592900e+00  5.514360e+02  6.007240e+01  9.077660e+01  2.592900e+00  1.165978e+00  1.147339e+00  1.863900e-02  1.007853e+01  1.007853e+01  6.113606e+00  1.598600e-02  1.708736e-01  2.325474e-01  2.325474e-01  8.907069e-02  4.076277e+02  2.086433e+05  2.976677e+03  1.507975e+57  2.740347e+56  4.593010e-06  1.131900e+110  1.000000e+00  1.000000e+00  1.000000e+00
2.592900e+00  5.635472e+02  6.007240e+01  1.028874e+02  2.592900e+00  1.266209e+00  1.248984e+00  1.722500e-02  1.016005e+01  1.016005e+01  5.955515e+00  1.360400e-02  1.840735e-01  2.580327e-01  2.580327e-01  8.424000e-02  2.657488e+02  2.312084e+05  2.745868e+03  1.657207e+57  2.527791e+56  4.389076e-06  9.799546e+109  1.000000e+00  1.000000e+00  1.000000e+00
2.592900e+00  5.772730e+02  6.007240e+01  1.166139e+02  2.592900e+00  1.368384e+00  1.352556e+00  1.582700e-02  1.024305e+01  1.024305e+01  5.790121e+00  1.156600e-02  1.973151e-01  2.852560e-01  2.852560e-01  7.881717e-02  1.756813e+02  2.552880e+05  2.518299e+03  1.813762e+57  2.318228e+56  4.187497e-06  8.238807e+109  1.000000e+00  1.000000e+00  1.000000e+00
2.592900e+00  5.928297e+02  6.007240e+01  1.321717e+02  2.592900e+00  1.470911e+00  1.456453e+00  1.445800e-02  1.032362e+01  1.032362e+01  5.618443e+00  9.829000e-03  2.104438e-01  3.140702e-01  3.140702e-01  7.305105e-02  1.179924e+02  2.806004e+05  2.296100e+03  1.975014e+57  2.113622e+56  4.059667e-06  6.699182e+109  1.000000e+00  1.000000e+00  1.000000e+00
2.592900e+00  6.104652e+02  6.007240e+01  1.498051e+02  2.592900e+00  1.572211e+00  1.559081e+00  1.312900e-02  1.039861e+01  1.039861e+01  5.441251e+00  8.351000e-03  2.233146e-01  3.442866e-01  3.442866e-01  6.711558e-02  8.056502e+01  3.059333e+05  2.081253e+03  2.131497e+57  1.915796e+56  3.878946e-06  5.340689e+109  1.000000e+00  1.000000e+00  1.000000e+00
2.592900e+00  6.304521e+02  6.007240e+01  1.697911e+02  2.592900e+00  1.670773e+00  1.658920e+00  1.185300e-02  1.046533e+01  1.046533e+01  5.259431e+00  7.095000e-03  2.358013e-01  3.756870e-01  3.756870e-01  6.119606e-02  5.596306e+01  3.326604e+05  1.875531e+03  2.293165e+57  1.726380e+56  3.627395e-06  4.283033e+109  1.000000e+00  1.000000e+00  1.000000e+00
2.592900e+00  6.531038e+02  6.007240e+01  1.924434e+02  2.592900e+00  1.765206e+00  1.754567e+00  1.064000e-02  1.052169e+01  1.052169e+01  5.074062e+00  6.027000e-03  2.477945e-01  4.080166e-01  4.080166e-01  5.546922e-02  3.958244e+01  3.595475e+05  1.680441e+03  2.450536e+57  1.546762e+56  3.452284e-06  3.301464e+109  1.000000e+00  1.000000e+00  1.000000e+00
2.592900e+00  6.787757e+02  6.007240e+01  2.181178e+02  2.592900e+00  1.854291e+00  1.844795e+00  9.496000e-03  1.056611e+01  1.056611e+01  4.885341e+00  5.121000e-03  2.592056e-01  4.409929e-01  4.409929e-01  4.999751e-02  2.848628e+01  3.861855e+05  1.497169e+03  2.600383e+57  1.378032e+56  3.220772e-06  2.486662e+109  1.000000e+00  1.000000e+00  1.000000e+00
2.592900e+00  7.078781e+02  6.007240e+01  2.472176e+02  2.592900e+00  1.937004e+00  1.928576e+00  8.428000e-03  1.059752e+01  1.059752e+01  4.695239e+00  4.351000e-03  2.699652e-01  4.743080e-01  4.743080e-01  4.491820e-02  2.088231e+01  4.132855e+05  1.326600e+03  2.748061e+57  1.221005e+56  2.990433e-06  1.879525e+109  1.000000e+00  1.000000e+00  1.000000e+00
2.592900e+00  7.408620e+02  6.007240e+01  2.801996e+02  2.592900e+00  2.012542e+00  2.005101e+00  7.441000e-03  1.061513e+01  1.061513e+01  4.504436e+00  3.697000e-03  2.800279e-01  5.076523e-01  5.076523e-01  4.026832e-02  1.559069e+01  4.393797e+05  1.169265e+03  2.882575e+57  1.076168e+56  2.837536e-06  1.314401e+109  1.000000e+00  1.000000e+00  1.000000e+00
2.592900e+00  7.782441e+02  6.007240e+01  3.175819e+02  2.592900e+00  2.080325e+00  2.073790e+00  6.535000e-03  1.061880e+01  1.061880e+01  4.314020e+00  3.141000e-03  2.893593e-01  5.406851e-01  5.406851e-01  3.605800e-02  1.185034e+01  4.640219e+05  1.025385e+03  3.000877e+57  9.437217e+55  2.619324e-06  9.181873e+108  1.000000e+00  1.000000e+00  1.000000e+00
2.592900e+00  8.206108e+02  6.007240e+01  3.599514e+02  2.592900e+00  2.139992e+00  2.134281e+00  5.712000e-03  1.060862e+01  1.060862e+01  4.124975e+00  2.669000e-03  2.979441e-01  5.730744e-01  5.730744e-01  3.227883e-02  9.165420e+00  4.882692e+05  8.948884e+02  3.111296e+57  8.235998e+55  2.330712e-06  6.562823e+108  1.000000e+00  1.000000e+00  1.000000e+00
2.592900e+00  8.686339e+02  6.007240e+01  4.079736e+02  2.592900e+00  2.191384e+00  2.186415e+00  4.969000e-03  1.058501e+01  1.058501e+01  3.938481e+00  2.268000e-03  3.057798e-01  6.044928e-01  6.044928e-01  2.893040e-02  7.214722e+00  5.118394e+05  7.774529e+02  3.212181e+57  7.155050e+55  2.108900e-06  4.349026e+108  1.000000e+00  1.000000e+00  1.000000e+00
2.592900e+00  9.230662e+02  6.007240e+01  4.624025e+02  2.592900e+00  2.234517e+00  2.230213e+00  4.304000e-03  1.054831e+01  1.054831e+01  3.753982e+00  1.926000e-03  3.128833e-01  6.346651e-01  6.346651e-01  2.597970e-02  5.776065e+00  5.331458e+05  6.725352e+02  3.292175e+57  6.189350e+55  1.882654e-06  2.719050e+108  1.000000e+00  1.000000e+00  1.000000e+00
2.592900e+00  9.847572e+02  6.007240e+01  5.240930e+02  2.592900e+00  2.269569e+00  2.265856e+00  3.713000e-03  1.049957e+01  1.049957e+01  3.574227e+00  1.636000e-03  3.192665e-01  6.632811e-01  6.632811e-01  2.339898e-02  4.702611e+00  5.534033e+05  5.794609e+02  3.361123e+57  5.332693e+55  1.583087e-06  1.761211e+108  1.000000e+00  1.000000e+00  1.000000e+00
2.592900e+00  1.054675e+03  6.007240e+01  5.940138e+02  2.592900e+00  2.296840e+00  2.293650e+00  3.191000e-03  1.043966e+01  1.043966e+01  3.397802e+00  1.389000e-03  3.249571e-01  6.901013e-01  6.901013e-01  2.113751e-02  3.888952e+00  5.724634e+05  4.974084e+02  3.418634e+57  4.577499e+55  1.323238e-06  9.927435e+107  1.000000e+00  1.000000e+00  1.000000e+00
2.592900e+00  1.133922e+03  6.007240e+01  6.732629e+02  2.592900e+00  2.316734e+00  2.314001e+00  2.732000e-03  1.036953e+01  1.036953e+01  3.226720e+00  1.179000e-03  3.299883e-01  7.149267e-01  7.149267e-01  1.917387e-02  3.266827e+00  5.887620e+05  4.255118e+02  3.453800e+57  3.915797e+55  1.012735e-06  5.443043e+107  1.000000e+00  1.000000e+00  1.000000e+00
2.592900e+00  1.223749e+03  6.007240e+01  7.630849e+02  2.592900e+00  2.329723e+00  2.327391e+00  2.332000e-03  1.029058e+01  1.029058e+01  3.061167e+00  1.001000e-03  3.343846e-01  7.375393e-01  7.375393e-01  1.747079e-02  2.786057e+00  6.050796e+05  3.628583e+02  3.488194e+57  3.339179e+55  6.312257e-07  2.943985e+107  1.000000e+00  1.000000e+00  1.000000e+00
2.592900e+00  1.325556e+03  6.007240e+01  8.648903e+02  2.592900e+00  2.336341e+00  2.334356e+00  1.985000e-03  1.020368e+01  1.020368e+01  2.900766e+00  8.490000e-04  3.381902e-01  7.578532e-01  7.578532e-01  1.599385e-02  2.410220e+00  6.185724e+05  3.085313e+02  3.501476e+57  2.839202e+55  2.673422e-07  7.016657e+106  1.000000e+00  1.000000e+00  1.000000e+00
2.592900e+00  1.440942e+03  6.007240e+01  9.802778e+02  2.592900e+00  2.337147e+00  2.335463e+00  1.684000e-03  1.011023e+01  1.011023e+01  2.746478e+00  7.210000e-04  3.414338e-01  7.757413e-01  7.757413e-01  1.472046e-02  2.114937e+00  6.305435e+05  2.616449e+02  3.503966e+57  2.407711e+55  -2.479295e-07  -4.803773e+106  -1.000000e+00  -1.000000e+00  1.000000e+00
2.592900e+00  1.571717e+03  6.007240e+01  1.111060e+03  2.592900e+00  2.332714e+00  2.331288e+00  1.426000e-03  1.001114e+01  1.001114e+01  2.598240e+00  6.110000e-04  3.441594e-01  7.912027e-01  7.912027e-01  1.363247e-02  1.882284e+00  6.396643e+05  2.213494e+02  3.486594e+57  2.036882e+55  -7.454575e-07  -8.802041e+106  -1.000000e+00  -1.000000e+00  1.000000e+00
2.592900e+00  1.719954e+03  6.007240e+01  1.259289e+03  2.592900e+00  2.323622e+00  2.322418e+00  1.204000e-03  9.907729e+00  9.907729e+00  2.456507e+00  5.180000e-04  3.463962e-01  8.041971e-01  8.041971e-01  1.269810e-02  1.697391e+00  6.487686e+05  1.868520e+02  3.471309e+57  1.719417e+55  -1.398478e-06  -7.426611e+106  -1.000000e+00  -1.000000e+00  1.000000e+00
2.592900e+00  1.887962e+03  6.007240e+01  1.427295e+03  2.592900e+00  2.310440e+00  2.309425e+00  1.015000e-03  9.801023e+00  9.801023e+00  2.320271e+00  4.390000e-04  3.481809e-01  8.147706e-01  8.147706e-01  1.189578e-02  1.549805e+00  6.564133e+05  1.574174e+02  3.447903e+57  1.448546e+55  -2.725022e-06  -8.889081e+106  -1.000000e+00  -1.000000e+00  1.000000e+00
2.592900e+00  2.078381e+03  6.007240e+01  1.617714e+03  2.592900e+00  2.293720e+00  2.292866e+00  8.540000e-04  9.692203e+00  9.692203e+00  2.190514e+00  3.720000e-04  3.495421e-01  8.229615e-01  8.229615e-01  1.120968e-02  1.432159e+00  6.613966e+05  1.323840e+02  3.407796e+57  1.218181e+55  -4.483089e-06  -9.090391e+106  -1.000000e+00  -1.000000e+00  1.000000e+00
2.592900e+00  2.294199e+03  6.007240e+01  1.833538e+03  2.592900e+00  2.273986e+00  2.273268e+00  7.180000e-04  9.582107e+00  9.582107e+00  2.066876e+00  3.160000e-04  3.505164e-01  8.288927e-01  8.288927e-01  1.062700e-02  1.338991e+00  6.651307e+05  1.111531e+02  3.362138e+57  1.022810e+55  -5.586990e-06  -6.892250e+106  -1.000000e+00  -1.000000e+00  1.000000e+00
2.592900e+00  2.538819e+03  6.007240e+01  2.078156e+03  2.592900e+00  2.251742e+00  2.251140e+00  6.020000e-04  9.471900e+00  9.471900e+00  1.949531e+00  2.670000e-04  3.511262e-01  8.326342e-01  8.326342e-01  1.013203e-02  1.265579e+00  6.689414e+05  9.319326e+01  3.321237e+57  8.575421e+54  -1.387863e-05  -5.455506e+106  -1.000000e+00  -1.000000e+00  1.000000e+00
2.592900e+00  2.816077e+03  6.007240e+01  2.355409e+03  2.592900e+00  2.227457e+00  2.226953e+00  5.040000e-04  9.362420e+00  9.362420e+00  1.837506e+00  2.260000e-04  3.514009e-01  8.343276e-01  8.343276e-01  9.717387e-03  1.209049e+00  6.703925e+05  7.803352e+01  3.267135e+57  7.180414e+54  -5.002746e-05  -4.775276e+106  -1.000000e+00  -1.000000e+00  1.000000e+00
2.592900e+00  3.130319e+03  6.007240e+01  2.669651e+03  2.592900e+00  2.201570e+00  2.201148e+00  4.220000e-04  9.254474e+00  9.254474e+00  1.731469e+00  1.920000e-04  3.513682e-01  8.341256e-01  8.341256e-01  9.371737e-03  1.166586e+00  6.708368e+05  6.526478e+01  3.210182e+57  6.005443e+54  -1.231184e-03  -3.679980e+106  -1.000000e+00  -1.000000e+00  1.000000e+00
2.592900e+00  3.486480e+03  6.007240e+01  3.025817e+03  2.592900e+00  2.174487e+00  2.174134e+00  3.530000e-04  9.148825e+00  9.148825e+00  1.631146e+00  1.620000e-04  3.510533e-01  8.321863e-01  8.321863e-01  9.087634e-03  1.136291e+00  6.703729e+05  5.452939e+01  3.151263e+57  5.017589e+54  4.751744e-05  -2.788092e+106  1.000000e+00  -1.000000e+00  1.000000e+00
2.592900e+00  3.890162e+03  6.007240e+01  3.429500e+03  2.592900e+00  2.146583e+00  2.146288e+00  2.940000e-04  9.046194e+00  9.046194e+00  1.535857e+00  1.370000e-04  3.504801e-01  8.286707e-01  8.286707e-01  8.859439e-03  1.116859e+00  6.690987e+05  4.551757e+01  3.091185e+57  4.188337e+54  1.878384e-05  -2.084619e+106  1.000000e+00  -1.000000e+00  1.000000e+00
2.592900e+00  4.347708e+03  6.007240e+01  3.887040e+03  2.592900e+00  2.118200e+00  2.117955e+00  2.460000e-04  8.947148e+00  8.947148e+00  1.446000e+00  1.160000e-04  3.496745e-01  8.237644e-01  8.237644e-01  8.680337e-03  1.106943e+00  6.671007e+05  3.796426e+01  3.030572e+57  3.493303e+54  1.272741e-05  -1.539902e+106  1.000000e+00  -1.000000e+00  1.000000e+00
2.592900e+00  4.866291e+03  6.007240e+01  4.405622e+03  2.592900e+00  2.089654e+00  2.089449e+00  2.050000e-04  8.852299e+00  8.852299e+00  1.360716e+00  9.800000e-05  3.486582e-01  8.176306e-01  8.176306e-01  8.545232e-03  1.105689e+00  6.644786e+05  3.164093e+01  2.970111e+57  2.911447e+54  9.323725e-06  -1.182916e+106  1.000000e+00  -1.000000e+00  1.000000e+00
2.592900e+00  5.454054e+03  6.007240e+01  4.993389e+03  2.592900e+00  2.061230e+00  2.061059e+00  1.710000e-04  8.762171e+00  8.762171e+00  1.280549e+00  8.300000e-05  3.474532e-01  8.104369e-01  8.104369e-01  8.449443e-03  1.112386e+00  6.603786e+05  2.635405e+01  2.903288e+57  2.424969e+54  7.413716e-06  -8.674623e+105  1.000000e+00  -1.000000e+00  1.000000e+00
2.592900e+00  6.120229e+03  6.007240e+01  5.659571e+03  2.592900e+00  2.033181e+00  2.033039e+00  1.420000e-04  8.677089e+00  8.677089e+00  1.204493e+00  7.000000e-05  3.460857e-01  8.023767e-01  8.023767e-01  8.391337e-03  1.126742e+00  6.568057e+05  2.193762e+01  2.844955e+57  2.018584e+54  7.431250e-06  -5.813456e+105  1.000000e+00  -1.000000e+00  1.000000e+00
2.592900e+00  6.875298e+03  6.007240e+01  6.414631e+03  2.592900e+00  2.005744e+00  2.005626e+00  1.180000e-04  8.597504e+00  8.597504e+00  1.132929e+00  5.900000e-05  3.445759e-01  7.936007e-01  7.936007e-01  8.365029e-03  1.148026e+00  6.528795e+05  1.825209e+01  2.788346e+57  1.679458e+54  6.666265e-06  -4.129505e+105  1.000000e+00  -1.000000e+00  1.000000e+00
2.592900e+00  7.731096e+03  6.007240e+01  7.270426e+03  2.592900e+00  1.979124e+00  1.979026e+00  9.800000e-05  8.523618e+00  8.523618e+00  1.065599e+00  5.000000e-05  3.429499e-01  7.842918e-01  7.842918e-01  8.366972e-03  1.175774e+00  6.486763e+05  1.517893e+01  2.733805e+57  1.396681e+54  5.690766e-06  -3.057679e+105  1.000000e+00  -1.000000e+00  1.000000e+00
2.592900e+00  8.701063e+03  6.007240e+01  8.240395e+03  2.592900e+00  1.953503e+00  1.953421e+00  8.200000e-05  8.455701e+00  8.455701e+00  1.001846e+00  4.200000e-05  3.412291e-01  7.745962e-01  7.745962e-01  8.394410e-03  1.209705e+00  6.434472e+05  1.261798e+01  2.675476e+57  1.161033e+54  5.187697e-06  -2.169027e+105  1.000000e+00  -1.000000e+00  1.000000e+00
2.592900e+00  9.800430e+03  6.007240e+01  9.339770e+03  2.592900e+00  1.929044e+00  1.928976e+00  6.800000e-05  8.393967e+00  8.393967e+00  9.419390e-01  3.500000e-05  3.394349e-01  7.646536e-01  7.646536e-01  8.447695e-03  1.249856e+00  6.389510e+05  1.048544e+01  2.626251e+57  9.648085e+53  5.261410e-06  -1.403025e+105  1.000000e+00  -1.000000e+00  1.000000e+00
2.592900e+00  1.104648e+04  6.007240e+01  1.058582e+04  2.592900e+00  1.905885e+00  1.905828e+00  5.600000e-05  8.338393e+00  8.338393e+00  8.854910e-01  3.000000e-05  3.375950e-01  7.546288e-01  7.546288e-01  8.518302e-03  1.295037e+00  6.343967e+05  8.710558e+00  2.579931e+57  8.014930e+53  4.934981e-06  -9.637712e+104  1.000000e+00  -1.000000e+00  1.000000e+00
2.592900e+00  1.245877e+04  6.007240e+01  1.199810e+04  2.592900e+00  1.884148e+00  1.884101e+00  4.700000e-05  8.289105e+00  8.289105e+00  8.323580e-01  2.500000e-05  3.357290e-01  7.446351e-01  7.446351e-01  8.607421e-03  1.345366e+00  6.298576e+05  7.234098e+00  2.536774e+57  6.656372e+53  4.361730e-06  -6.942306e+104  1.000000e+00  -1.000000e+00  1.000000e+00
2.592900e+00  1.405947e+04  6.007240e+01  1.359880e+04  2.592900e+00  1.863929e+00  1.863890e+00  3.900000e-05  8.246034e+00  8.246034e+00  7.823570e-01  2.100000e-05  3.338611e-01  7.347996e-01  7.347996e-01  8.709918e-03  1.399898e+00  6.246375e+05  6.006421e+00  2.491273e+57  5.526734e+53  4.104537e-06  -4.781111e+104  1.000000e+00  -1.000000e+00  1.000000e+00
2.592900e+00  1.587372e+04  6.007240e+01  1.541306e+04  2.592900e+00  1.845308e+00  1.845276e+00  3.200000e-05  8.209122e+00  8.209122e+00  7.352960e-01  1.800000e-05  3.320120e-01  7.252254e-01  7.252254e-01  8.823706e-03  1.458112e+00  6.203053e+05  4.985996e+00  2.454878e+57  4.587799e+53  4.181533e-06  -2.943457e+104  1.000000e+00  -1.000000e+00  1.000000e+00
2.592900e+00  1.793002e+04  6.007240e+01  1.746936e+04  2.592900e+00  1.828344e+00  1.828317e+00  2.700000e-05  8.178138e+00  8.178138e+00  6.910630e-01  1.500000e-05  3.302062e-01  7.160267e-01  7.160267e-01  8.944376e-03  1.518913e+00  6.161384e+05  4.138145e+00  2.421910e+57  3.807657e+53  3.957825e-06  -1.945336e+104  1.000000e+00  -1.000000e+00  1.000000e+00
2.592900e+00  2.025605e+04  6.007240e+01  1.979538e+04  2.592900e+00  1.813104e+00  1.813082e+00  2.200000e-05  8.152959e+00  8.152959e+00  6.494270e-01  1.200000e-05  3.284650e-01  7.072952e-01  7.072952e-01  9.067529e-03  1.581074e+00  6.121818e+05  3.435049e+00  2.392354e+57  3.160710e+53  3.851060e-06  -1.418180e+104  1.000000e+00  -1.000000e+00  1.000000e+00
3.562200e+00  1.030404e+02  7.198020e+01  1.000000e+00  3.562200e+00  1.300788e+00  4.108000e-02  1.259708e+00  2.770229e+01  8.302370e+00  2.770229e+01  9.684190e-01  6.935415e-02  7.751883e-02  3.076377e-02  1.260272e-01  5.236088e+04  6.180497e+03  2.019734e+05  5.187291e+55  1.878829e+58  5.910971e-06  2.460078e+110  1.000000e+00  1.000000e+00  0.000000e+00
3.562200e+00  1.076573e+02  7.198020e+01  1.133400e+00  3.562200e+00  1.275074e+00  4.658300e-02  1.228491e+00  2.763925e+01  8.382291e+00  2.763925e+01  9.634660e-01  6.813819e-02  7.600082e-02  3.192540e-02  1.253164e-01  5.688145e+04  7.017952e+03  1.967857e+05  5.879315e+55  1.832425e+58  5.923586e-06  2.399618e+110  1.000000e+00  1.000000e+00  0.000000e+00
3.562200e+00  1.131115e+02  7.198020e+01  1.284600e+00  3.562200e+00  1.246978e+00  5.268400e-02  1.194295e+00  2.756426e+01  8.465495e+00  2.756426e+01  9.577510e-01  6.681813e-02  7.436009e-02  3.317396e-02  1.244299e-01  6.225737e+04  7.948693e+03  1.911229e+05  6.639316e+55  1.781596e+58  5.947828e-06  2.337254e+110  1.000000e+00  1.000000e+00  0.000000e+00
3.562200e+00  1.191072e+02  7.198020e+01  1.456000e+00  3.562200e+00  1.216124e+00  5.949200e-02  1.156632e+00  2.746558e+01  8.551777e+00  2.746558e+01  9.510800e-01  6.539896e-02  7.260452e-02  3.452350e-02  1.233239e-01  6.874252e+04  8.990165e+03  1.849040e+05  7.483015e+55  1.725559e+58  5.973116e-06  2.525293e+110  1.000000e+00  1.000000e+00  0.000000e+00
3.562200e+00  1.250167e+02  7.198020e+01  1.650300e+00  3.562200e+00  1.182301e+00  6.708200e-02  1.115219e+00  2.734628e+01  8.640762e+00  2.734628e+01  9.432620e-01  6.385741e-02  7.070728e-02  3.597951e-02  1.219196e-01  7.654940e+04  1.015426e+04  1.780915e+05  8.420159e+55  1.663935e+58  6.001940e-06  2.701000e+110  1.000000e+00  1.000000e+00  0.000000e+00
3.562200e+00  1.316026e+02  7.198020e+01  1.870400e+00  3.562200e+00  1.145283e+00  7.554100e-02  1.069742e+00  2.719709e+01  8.732488e+00  2.719709e+01  9.340410e-01  6.219736e-02  6.867540e-02  3.755172e-02  1.201740e-01  8.606916e+04  1.145579e+04  1.706377e+05  9.462400e+55  1.596232e+58  6.031458e-06  2.944494e+110  1.000000e+00  1.000000e+00  0.000000e+00
3.562200e+00  1.379494e+02  7.198020e+01  2.120000e+00  3.562200e+00  1.104860e+00  8.496900e-02  1.019891e+00  2.701148e+01  8.826816e+00  2.701148e+01  9.230950e-01  6.041442e-02  6.650595e-02  3.924980e-02  1.180233e-01  9.777024e+04  1.291096e+04  1.624981e+05  1.062222e+56  1.521982e+58  6.058516e-06  2.627825e+110  1.000000e+00  1.000000e+00  0.000000e+00
3.562200e+00  1.527256e+02  7.198020e+01  2.402800e+00  3.562200e+00  1.063657e+00  9.440800e-02  9.692500e-01  2.680619e+01  8.914029e+00  2.680619e+01  9.112420e-01  5.860682e-02  6.431992e-02  4.085398e-02  1.156756e-01  1.115352e+05  1.437235e+04  1.542487e+05  1.178180e+56  1.446528e+58  6.086615e-06  3.822826e+110  1.000000e+00  1.000000e+00  0.000000e+00
3.562200e+00  1.576382e+02  7.198020e+01  2.723400e+00  3.562200e+00  1.018387e+00  1.050460e-01  9.133420e-01  2.654648e+01  9.000722e+00  2.654648e+01  8.968510e-01  5.666145e-02  6.198224e-02  4.260875e-02  1.127829e-01  1.288302e+05  1.602513e+04  1.451804e+05  1.308742e+56  1.363206e+58  6.123745e-06  4.966815e+110  1.000000e+00  1.000000e+00  0.000000e+00
3.562200e+00  1.627167e+02  7.198020e+01  3.086700e+00  3.562200e+00  9.682390e-01  1.173990e-01  8.508400e-01  2.620853e+01  9.092673e+00  2.620853e+01  8.787500e-01  5.456592e-02  5.948127e-02  4.461728e-02  1.089644e-01  1.501190e+05  1.795185e+04  1.350924e+05  1.460428e+56  1.270024e+58  6.164395e-06  5.632750e+110  1.000000e+00  1.000000e+00  0.000000e+00
3.562200e+00  1.679681e+02  7.198020e+01  3.498500e+00  3.562200e+00  9.136060e-01  1.316520e-01  7.819540e-01  2.575886e+01  9.191336e+00  2.575886e+01  8.558990e-01  5.238585e-02  5.689806e-02  4.690246e-02  1.041805e-01  1.760466e+05  2.018486e+04  1.240273e+05  1.635696e+56  1.167268e+58  6.207953e-06  6.320620e+110  1.000000e+00  1.000000e+00  0.000000e+00
3.562200e+00  1.734000e+02  7.198020e+01  3.965200e+00  3.562200e+00  8.552470e-01  1.480210e-01  7.072260e-01  2.517837e+01  9.297726e+00  2.517837e+01  8.269260e-01  5.017015e-02  5.429189e-02  4.948778e-02  9.823933e-02  2.061836e+05  2.276168e+04  1.120852e+05  1.837337e+56  1.055774e+58  6.255631e-06  7.000712e+110  1.000000e+00  1.000000e+00  0.000000e+00
3.562200e+00  1.790190e+02  7.198020e+01  4.494300e+00  3.562200e+00  7.945780e-01  1.667450e-01  6.278330e-01  2.443126e+01  9.412575e+00  2.443126e+01  7.901460e-01  4.803659e-02  5.180048e-02  5.239683e-02  9.100440e-02  2.370462e+05  2.572536e+04  9.946176e+04  2.068576e+56  9.372989e+57  6.306379e-06  7.621363e+110  1.000000e+00  1.000000e+00  0.000000e+00
3.562200e+00  1.848335e+02  7.198020e+01  5.093900e+00  3.562200e+00  7.338890e-01  1.880890e-01  5.458010e-01  2.347446e+01  9.536367e+00  2.347446e+01  7.437100e-01  4.617603e-02  4.964221e-02  5.565298e-02  8.238188e-02  2.603304e+05  2.912376e+04  8.647897e+04  2.332948e+56  8.148466e+57  6.362694e-06  8.106589e+110  1.000000e+00  1.000000e+00  0.000000e+00
3.562200e+00  1.908524e+02  7.198020e+01  5.773400e+00  3.562200e+00  6.765210e-01  2.123380e-01  4.641840e-01  2.228568e+01  9.669416e+00  2.228568e+01  6.861330e-01  4.483709e-02  4.809722e-02  5.927924e-02  7.315587e-02  2.690632e+05  3.301013e+04  7.361683e+04  2.634333e+56  6.929945e+57  6.431778e-06  8.371699e+110  1.000000e+00  1.000000e+00  0.000000e+00
3.562200e+00  1.970844e+02  7.198020e+01  6.543700e+00  3.562200e+00  6.266980e-01  2.398000e-01  3.868990e-01  2.086674e+01  9.811815e+00  2.086674e+01  6.173600e-01  4.435939e-02  4.754766e-02  6.329800e-02  6.352960e-02  2.465626e+05  3.744276e+04  6.147930e+04  2.976954e+56  5.775927e+57  6.536171e-06  8.353834e+110  1.000000e+00  1.000000e+00  0.000000e+00
3.562200e+00  2.035396e+02  7.198020e+01  7.416700e+00  3.562200e+00  5.887930e-01  2.708020e-01  3.179910e-01  1.927241e+01  9.963469e+00  1.927241e+01  5.400720e-01  4.512403e-02  4.842774e-02  6.773088e-02  5.489774e-02  1.954900e+05  4.248644e+04  5.068210e+04  3.365474e+56  4.746817e+57  6.783298e-06  8.047355e+110  1.000000e+00  1.000000e+00  0.000000e+00
3.562200e+00  2.102287e+02  7.198020e+01  8.406200e+00  3.562200e+00  5.661000e-01  3.056890e-01  2.604120e-01  1.760839e+01  1.012414e+01  1.760839e+01  4.600100e-01  4.748491e-02  5.115913e-02  7.259836e-02  4.882098e-02  1.348714e+05  4.821010e+04  4.166727e+04  3.804735e+56  3.886677e+57  9.438533e-06  7.506129e+110  1.000000e+00  1.000000e+00  0.000000e+00
3.562200e+00  2.171631e+02  7.198020e+01  9.527700e+00  3.562200e+00  5.598510e-01  3.448170e-01  2.150340e-01  1.601342e+01  1.029338e+01  1.601342e+01  3.840920e-01  5.163807e-02  5.601634e-02  7.791987e-02  4.705293e-02  8.542324e+04  5.469042e+04  3.455728e+04  4.300108e+56  3.208608e+57  8.898814e-06  5.946195e+110  1.000000e+00  1.000000e+00  0.000000e+00
3.562200e+00  4.714565e+02  7.198020e+01  1.079880e+01  3.562200e+00  5.508910e-01  3.619600e-01  1.889300e-01  1.516086e+01  1.036454e+01  1.516086e+01  3.429550e-01  5.366897e-02  5.841616e-02  7.936923e-02  4.848514e-02  7.259839e+04  5.752653e+04  3.038935e+04  4.516784e+56  2.818860e+57  6.541882e-06  -3.536387e+110  1.000000e+00  -1.000000e+00  1.000000e+00
3.562200e+00  4.728972e+02  7.198020e+01  1.223950e+01  3.562200e+00  5.331420e-01  3.647890e-01  1.683530e-01  1.459610e+01  1.034880e+01  1.459610e+01  3.157760e-01  5.394956e-02  5.874900e-02  7.845936e-02  4.981513e-02  7.269191e+04  5.796786e+04  2.705645e+04  4.548928e+56  2.511961e+57  6.191058e-06  -2.696087e+110  1.000000e+00  -1.000000e+00  1.000000e+00
3.562200e+00  4.745300e+02  7.198020e+01  1.387240e+01  3.562200e+00  5.168720e-01  3.698700e-01  1.470020e-01  1.390699e+01  1.031391e+01  1.390699e+01  2.844070e-01  5.489481e-02  5.987262e-02  7.795616e-02  5.232770e-02  7.003273e+04  5.879933e+04  2.361711e+04  4.608398e+56  2.193370e+57  6.386261e-06  -9.448954e+109  1.000000e+00  -1.000000e+00  1.000000e+00
3.562200e+00  4.763807e+02  7.198020e+01  1.572320e+01  3.562200e+00  5.038360e-01  3.777850e-01  1.260510e-01  1.311702e+01  1.026259e+01  1.311702e+01  2.501820e-01  5.673298e-02  6.206792e-02  7.798164e-02  5.703275e-02  6.469073e+04  6.015463e+04  2.025613e+04  4.705237e+56  1.880659e+57  6.638628e-06  5.424745e+109  1.000000e+00  1.000000e+00  1.000000e+00
3.562200e+00  4.784787e+02  7.198020e+01  1.782080e+01  3.562200e+00  4.958390e-01  3.892330e-01  1.066060e-01  1.225969e+01  1.019717e+01  1.225969e+01  2.150010e-01  5.973693e-02  6.568505e-02  7.869239e-02  6.524017e-02  5.717553e+04  6.207489e+04  1.714609e+04  4.842400e+56  1.590337e+57  6.841801e-05  1.664615e+110  1.000000e+00  1.000000e+00  1.000000e+00
3.562200e+00  4.808563e+02  7.198020e+01  2.019840e+01  3.562200e+00  4.945170e-01  4.049810e-01  8.953600e-02  1.138443e+01  1.012117e+01  1.138443e+01  1.810570e-01  6.415819e-02  7.107667e-02  8.026315e-02  7.863961e-02  4.822503e+04  6.478041e+04  1.442152e+04  5.036168e+56  1.335390e+57  7.031791e-05  2.453024e+110  1.000000e+00  1.000000e+00  1.000000e+00
3.562200e+00  4.835509e+02  7.198020e+01  2.289310e+01  3.562200e+00  5.011410e-01  4.258320e-01  7.530900e-02  1.054303e+01  1.003950e+01  1.054303e+01  1.502740e-01  7.020635e-02  7.858656e-02  8.287696e-02  9.895568e-02  3.867836e+04  6.841475e+04  1.215350e+04  5.296968e+56  1.122804e+57  4.990214e-06  2.855846e+110  1.000000e+00  1.000000e+00  1.000000e+00
3.562200e+00  4.866048e+02  7.198020e+01  2.594730e+01  3.562200e+00  5.165380e-01  4.525790e-01  6.395800e-02  9.958277e+00  9.958277e+00  9.779446e+00  1.238210e-01  7.661248e-02  8.671579e-02  8.671580e-02  1.161434e-01  2.933640e+04  7.313171e+04  1.034520e+04  5.635878e+56  9.531039e+56  5.328301e-06  2.971589e+110  1.000000e+00  1.000000e+00  1.000000e+00
3.562200e+00  4.900671e+02  7.198020e+01  2.940900e+01  3.562200e+00  5.411500e-01  4.859590e-01  5.519100e-02  9.884100e+00  9.884100e+00  9.122065e+00  1.019880e-01  8.086523e-02  9.221505e-02  9.221506e-02  1.098622e-01  2.118127e+04  7.910055e+04  8.948360e+03  6.064720e+56  8.218978e+56  5.454032e-06  2.892507e+110  1.000000e+00  1.000000e+00  1.000000e+00
3.562200e+00  4.939909e+02  7.198020e+01  3.333260e+01  3.562200e+00  5.751380e-01  5.265900e-01  4.854800e-02  9.822381e+00  9.822381e+00  8.568497e+00  8.441100e-02  8.648424e-02  9.961073e-02  9.961074e-02  1.060503e-01  1.461283e+04  8.628489e+04  7.889196e+03  6.579718e+56  7.223515e+56  5.501879e-06  2.725689e+110  1.000000e+00  1.000000e+00  1.000000e+00
3.562200e+00  4.984378e+02  7.198020e+01  3.777960e+01  3.562200e+00  6.184830e-01  5.749130e-01  4.357000e-02  9.778035e+00  9.778035e+00  8.106855e+00  7.044600e-02  9.342382e-02  1.089553e-01  1.089553e-01  1.037786e-01  9.721387e+03  9.504768e+04  7.093301e+03  7.206476e+56  6.475837e+56  5.437045e-06  2.562844e+110  1.000000e+00  1.000000e+00  1.000000e+00
3.562200e+00  5.034775e+02  7.198020e+01  4.281980e+01  3.562200e+00  6.710220e-01  6.311810e-01  3.984100e-02  9.754655e+00  9.754655e+00  7.724637e+00  5.937400e-02  1.016030e-01  1.202811e-01  1.202811e-01  1.023352e-01  6.300853e+03  1.053183e+05  6.493584e+03  7.937553e+56  5.914039e+56  5.335063e-06  2.378501e+110  1.000000e+00  1.000000e+00  1.000000e+00
3.562200e+00  5.091908e+02  7.198020e+01  4.853260e+01  3.562200e+00  7.324710e-01  6.954770e-01  3.699400e-02  9.753836e+00  9.753836e+00  7.416862e+00  5.050500e-02  1.109166e-01  1.336100e-01  1.336100e-01  1.011729e-01  4.017778e+03  1.175619e+05  6.030652e+03  8.805370e+56  5.483124e+56  5.231326e-06  2.190733e+110  1.000000e+00  1.000000e+00  1.000000e+00
3.562200e+00  5.156662e+02  7.198020e+01  5.500740e+01  3.562200e+00  8.024180e-01  7.677100e-01  3.470800e-02  9.775303e+00  9.775303e+00  7.174681e+00  4.325500e-02  1.212418e-01  1.489575e-01  1.489575e-01  9.986715e-02  2.541397e+03  1.312658e+05  5.653676e+03  9.768521e+56  5.135641e+56  5.118683e-06  2.012944e+110  1.000000e+00  1.000000e+00  1.000000e+00
3.562200e+00  5.230050e+02  7.198020e+01  6.234610e+01  3.562200e+00  8.803100e-01  8.476010e-01  3.270900e-02  9.817297e+00  9.817297e+00  6.990489e+00  3.715600e-02  1.324419e-01  1.663314e-01  1.663314e-01  9.809278e-02  1.604803e+03  1.472855e+05  5.319539e+03  1.088762e+57  4.830680e+56  5.021243e-06  1.838800e+110  1.000000e+00  1.000000e+00  1.000000e+00
3.562200e+00  5.313221e+02  7.198020e+01  7.066390e+01  3.562200e+00  9.654250e-01  9.346600e-01  3.076400e-02  9.876607e+00  9.876607e+00  6.846536e+00  3.186600e-02  1.443751e-01  1.857385e-01  1.857385e-01  9.570171e-02  1.017105e+03  1.643649e+05  4.993543e+03  1.206448e+57  4.534440e+56  4.934927e-06  1.653155e+110  1.000000e+00  1.000000e+00  1.000000e+00
3.562200e+00  5.407496e+02  7.198020e+01  8.009140e+01  3.562200e+00  1.056834e+00  1.028049e+00  2.878500e-02  9.949336e+00  9.949336e+00  6.697038e+00  2.723700e-02  1.568897e-01  2.071691e-01  2.071691e-01  9.249610e-02  6.487251e+02  1.838653e+05  4.662896e+03  1.339681e+57  4.234032e+56  4.739996e-06  1.491740e+110  1.000000e+00  1.000000e+00  1.000000e+00
3.562200e+00  5.514360e+02  7.198020e+01  9.077660e+01  3.562200e+00  1.153371e+00  1.126584e+00  2.678700e-02  1.003130e+01  1.003130e+01  6.538001e+00  2.322500e-02  1.698217e-01  2.305826e-01  2.305826e-01  8.853134e-02  4.178688e+02  2.046960e+05  4.330115e+03  1.479797e+57  3.931703e+56  4.553321e-06  1.321280e+110  1.000000e+00  1.000000e+00  1.000000e+00
3.562200e+00  5.635472e+02  7.198020e+01  1.028874e+02  3.562200e+00  1.253645e+00  1.228858e+00  2.478700e-02  1.011826e+01  1.011826e+01  6.371510e+00  1.977200e-02  1.829998e-01  2.559005e-01  2.559005e-01  8.385272e-02  2.723784e+02  2.279280e+05  3.998342e+03  1.634333e+57  3.630312e+56  4.412447e-06  1.131157e+110  1.000000e+00  1.000000e+00  1.000000e+00
3.562200e+00  5.772730e+02  7.198020e+01  1.166139e+02  3.562200e+00  1.356119e+00  1.333314e+00  2.280500e-02  1.020611e+01  1.020611e+01  6.197420e+00  1.681600e-02  1.962542e-01  2.830096e-01  2.830096e-01  7.859605e-02  1.799756e+02  2.513022e+05  3.670695e+03  1.785884e+57  3.332690e+56  4.289201e-06  9.329755e+109  1.000000e+00  1.000000e+00  1.000000e+00
3.562200e+00  5.928297e+02  7.198020e+01  1.321717e+02  3.562200e+00  1.459175e+00  1.438316e+00  2.085900e-02  1.029120e+01  1.029120e+01  6.016409e+00  1.429500e-02  2.094224e-01  3.117587e-01  3.117587e-01  7.294677e-02  1.207254e+02  2.766452e+05  3.350244e+03  1.947658e+57  3.041625e+56  4.023297e-06  7.831786e+109  1.000000e+00  1.000000e+00  1.000000e+00
3.562200e+00  6.104652e+02  7.198020e+01  1.498051e+02  3.562200e+00  1.561190e+00  1.542223e+00  1.896800e-02  1.037039e+01  1.037039e+01  5.829343e+00  1.214900e-02  2.223527e-01  3.419560e-01  3.419560e-01  6.709789e-02  8.230057e+01  3.029509e+05  3.039873e+03  2.111693e+57  2.759736e+56  3.833731e-06  6.357732e+109  1.000000e+00  1.000000e+00  1.000000e+00
3.562200e+00  6.304521e+02  7.198020e+01  1.697911e+02  3.562200e+00  1.660601e+00  1.643454e+00  1.714700e-02  1.044098e+01  1.044098e+01  5.636830e+00  1.032600e-02  2.349122e-01  3.733781e-01  3.733781e-01  6.124915e-02  5.707962e+01  3.298212e+05  2.742179e+03  2.274661e+57  2.489378e+56  3.651332e-06  4.998312e+109  1.000000e+00  1.000000e+00  1.000000e+00
3.562200e+00  6.531038e+02  7.198020e+01  1.924434e+02  3.562200e+00  1.755969e+00  1.740559e+00  1.541000e-02  1.050085e+01  1.050085e+01  5.440145e+00  8.776000e-03  2.469868e-01  4.057673e-01  4.057673e-01  5.552996e-02  4.027793e+01  3.568864e+05  2.459396e+03  2.433539e+57  2.232580e+56  3.476379e-06  3.824876e+109  1.000000e+00  1.000000e+00  1.000000e+00
3.562200e+00  6.787757e+02  7.198020e+01  2.181178e+02  3.562200e+00  1.846025e+00  1.832254e+00  1.377100e-02  1.054842e+01  1.054842e+01  5.240427e+00  7.460000e-03  2.584830e-01  4.388356e-01  4.388357e-01  5.009151e-02  2.894071e+01  3.836969e+05  2.193326e+03  2.584836e+57  1.990974e+56  3.243892e-06  2.939229e+109  1.000000e+00  1.000000e+00  1.000000e+00
3.562200e+00  7.078781e+02  7.198020e+01  2.472176e+02  3.562200e+00  1.929709e+00  1.917471e+00  1.223800e-02  1.058265e+01  1.058265e+01  5.039313e+00  6.342000e-03  2.693264e-01  4.722651e-01  4.722651e-01  4.502048e-02  2.117993e+01  4.110076e+05  1.945306e+03  2.734169e+57  1.765773e+56  3.011241e-06  2.183207e+109  1.000000e+00  1.000000e+00  1.000000e+00
3.562200e+00  7.408620e+02  7.198020e+01  2.801996e+02  3.562200e+00  2.006186e+00  1.995369e+00  1.081700e-02  1.060282e+01  1.060282e+01  4.835760e+00  5.392000e-03  2.794676e-01  5.057358e-01  5.057358e-01  4.036150e-02  1.578406e+01  4.373094e+05  1.716156e+03  2.870304e+57  1.557718e+56  2.858888e-06  1.525993e+109  1.000000e+00  1.000000e+00  1.000000e+00
3.562200e+00  7.782441e+02  7.198020e+01  3.175819e+02  3.562200e+00  2.074850e+00  2.065339e+00  9.511000e-03  1.060864e+01  1.060864e+01  4.633097e+00  4.584000e-03  2.888740e-01  5.389132e-01  5.389132e-01  3.615242e-02  1.198130e+01  4.621416e+05  1.506301e+03  2.990006e+57  1.367192e+56  2.639396e-06  1.079933e+109  1.000000e+00  1.000000e+00  1.000000e+00
3.562200e+00  8.206108e+02  7.198020e+01  3.599514e+02  3.562200e+00  2.135331e+00  2.127010e+00  8.322000e-03  1.060037e+01  1.060037e+01  4.431630e+00  3.897000e-03  2.975265e-01  5.714514e-01  5.714514e-01  3.235937e-02  9.252952e+00  4.866000e+05  1.315696e+03  3.101956e+57  1.194153e+56  2.349428e-06  7.733461e+108  1.000000e+00  1.000000e+00  1.000000e+00
3.562200e+00  8.686339e+02  7.198020e+01  4.079736e+02  3.562200e+00  2.187454e+00  2.180207e+00  7.247000e-03  1.057826e+01  1.057826e+01  4.232175e+00  3.313000e-03  3.054263e-01  6.030348e-01  6.030348e-01  2.900021e-02  7.274072e+00  5.103495e+05  1.143932e+03  3.204103e+57  1.038226e+56  2.127240e-06  5.130334e+108  1.000000e+00  1.000000e+00  1.000000e+00
3.562200e+00  9.230662e+02  7.198020e+01  4.624025e+02  3.562200e+00  2.231239e+00  2.224956e+00  6.283000e-03  1.054302e+01  1.054302e+01  4.035780e+00  2.816000e-03  3.125812e-01  6.333467e-01  6.333467e-01  2.604041e-02  5.817581e+00  5.318439e+05  9.902955e+02  3.285374e+57  8.987627e+55  1.900100e-06  3.215805e+108  1.000000e+00  1.000000e+00  1.000000e+00
3.562200e+00  9.847572e+02  7.198020e+01  5.240930e+02  3.562200e+00  2.266859e+00  2.261434e+00  5.425000e-03  1.049541e+01  1.049541e+01  3.843227e+00  2.393000e-03  3.190119e-01  6.621108e-01  6.621108e-01  2.344439e-02  4.730569e+00  5.522651e+05  8.538295e+02  3.355400e+57  7.748909e+55  1.600577e-06  2.084314e+108  1.000000e+00  1.000000e+00  1.000000e+00
3.562200e+00  1.054675e+03  7.198020e+01  5.940138e+02  3.562200e+00  2.294619e+00  2.289954e+00  4.666000e-03  1.043641e+01  1.043641e+01  3.654945e+00  2.033000e-03  3.247440e-01  6.890736e-01  6.890736e-01  2.118232e-02  3.910358e+00  5.714733e+05  7.333995e+02  3.413850e+57  6.655795e+55  1.340857e-06  1.177070e+108  1.000000e+00  1.000000e+00  1.000000e+00
3.562200e+00  1.133922e+03  7.198020e+01  6.732629e+02  3.562200e+00  2.314929e+00  2.310931e+00  3.998000e-03  1.036714e+01  1.036714e+01  3.471814e+00  1.727000e-03  3.298074e-01  7.140154e-01  7.140154e-01  1.920967e-02  3.281909e+00  5.879086e+05  6.277638e+02  3.449855e+57  5.697002e+55  1.030098e-06  6.471175e+107  1.000000e+00  1.000000e+00  1.000000e+00
3.562200e+00  1.223749e+03  7.198020e+01  7.630849e+02  3.562200e+00  2.328272e+00  2.324857e+00  3.415000e-03  1.028871e+01  1.028871e+01  3.294215e+00  1.467000e-03  3.342370e-01  7.367657e-01  7.367657e-01  1.749846e-02  2.796635e+00  6.043485e+05  5.356198e+02  3.484974e+57  4.860694e+55  6.491750e-07  3.510496e+107  1.000000e+00  1.000000e+00  1.000000e+00
3.562200e+00  1.325556e+03  7.198020e+01  8.648903e+02  3.562200e+00  2.335184e+00  2.332275e+00  2.908000e-03  1.020236e+01  1.020236e+01  3.122603e+00  1.245000e-03  3.380666e-01  7.571819e-01  7.571819e-01  1.601784e-02  2.418252e+00  6.179540e+05  4.556564e+02  3.498906e+57  4.134961e+55  2.864843e-07  8.483614e+106  1.000000e+00  1.000000e+00  1.000000e+00
3.562200e+00  1.440942e+03  7.198020e+01  9.802778e+02  3.562200e+00  2.336232e+00  2.333763e+00  2.470000e-03  1.010928e+01  1.010928e+01  2.957095e+00  1.057000e-03  3.413324e-01  7.751740e-01  7.751740e-01  1.473896e-02  2.120743e+00  6.300162e+05  3.865878e+02  3.501884e+57  3.508125e+55  -2.244855e-07  -5.594041e+106  -1.000000e+00  -1.000000e+00  1.000000e+00
3.562200e+00  1.571717e+03  7.198020e+01  1.111060e+03  3.562200e+00  2.332000e+00  2.329908e+00  2.092000e-03  1.001057e+01  1.001057e+01  2.797910e+00  8.970000e-04  3.440738e-01  7.907107e-01  7.907107e-01  1.364955e-02  1.886988e+00  6.392265e+05  3.271851e+02  3.484993e+57  2.969026e+55  -7.211692e-07  -1.036368e+107  -1.000000e+00  -1.000000e+00  1.000000e+00
3.562200e+00  1.719954e+03  7.198020e+01  1.259289e+03  3.562200e+00  2.323070e+00  2.321302e+00  1.768000e-03  9.907342e+00  9.907342e+00  2.645400e+00  7.610000e-04  3.463274e-01  8.037932e-01  8.037932e-01  1.271010e-02  1.700691e+00  6.483986e+05  2.762952e+02  3.470033e+57  2.507195e+55  -1.372334e-06  -8.774983e+106  -1.000000e+00  -1.000000e+00  1.000000e+00
3.562200e+00  1.887962e+03  7.198020e+01  1.427295e+03  3.562200e+00  2.310019e+00  2.308528e+00  1.491000e-03  9.800827e+00  9.800827e+00  2.499583e+00  6.450000e-04  3.481244e-01  8.144335e-01  8.144335e-01  1.190429e-02  1.552172e+00  6.561064e+05  2.328517e+02  3.446933e+57  2.112950e+55  -2.686795e-06  -1.053041e+107  -1.000000e+00  -1.000000e+00  1.000000e+00
3.562200e+00  2.078381e+03  7.198020e+01  1.617714e+03  3.562200e+00  2.293402e+00  2.292147e+00  1.255000e-03  9.692095e+00  9.692095e+00  2.359886e+00  5.470000e-04  3.494976e-01  8.226921e-01  8.226921e-01  1.121865e-02  1.434262e+00  6.611366e+05  1.958815e+02  3.407019e+57  1.777454e+55  -4.418294e-06  -1.078944e+107  -1.000000e+00  -1.000000e+00  1.000000e+00
3.562200e+00  2.294199e+03  7.198020e+01  1.833538e+03  3.562200e+00  2.273752e+00  2.272697e+00  1.055000e-03  9.582151e+00  9.582151e+00  2.226976e+00  4.640000e-04  3.504788e-01  8.286626e-01  8.286626e-01  1.063309e-02  1.340477e+00  6.649198e+05  1.645125e+02  3.361583e+57  1.492794e+55  -5.515801e-06  -8.176648e+106  -1.000000e+00  -1.000000e+00  1.000000e+00
3.562200e+00  2.538819e+03  7.198020e+01  2.078156e+03  3.562200e+00  2.251575e+00  2.250690e+00  8.850000e-04  9.472028e+00  9.472028e+00  2.100467e+00  3.930000e-04  3.510953e-01  8.324443e-01  8.324443e-01  1.013721e-02  1.266760e+00  6.687704e+05  1.379642e+02  3.320849e+57  1.251882e+55  -1.360676e-05  -6.479124e+106  -1.000000e+00  -1.000000e+00  1.000000e+00
3.562200e+00  2.816077e+03  7.198020e+01  2.355409e+03  3.562200e+00  2.227340e+00  2.226599e+00  7.410000e-04  9.362594e+00  9.362594e+00  1.980229e+00  3.330000e-04  3.513759e-01  8.341735e-01  8.341735e-01  9.721766e-03  1.210024e+00  6.702537e+05  1.155478e+02  3.266868e+57  1.048469e+55  -4.811270e-05  -5.677228e+106  -1.000000e+00  -1.000000e+00  1.000000e+00
3.562200e+00  3.130319e+03  7.198020e+01  2.669651e+03  3.562200e+00  2.201492e+00  2.200871e+00  6.200000e-04  9.254633e+00  9.254633e+00  1.866168e+00  2.820000e-04  3.513496e-01  8.340114e-01  8.340114e-01  9.374406e-03  1.167226e+00  6.707200e+05  9.665978e+01  3.209972e+57  8.770745e+54  -6.202428e-03  -4.377536e+106  -1.000000e+00  -1.000000e+00  1.000000e+00
3.562200e+00  3.486480e+03  7.198020e+01  3.025817e+03  3.562200e+00  2.174439e+00  2.173920e+00  5.190000e-04  9.149020e+00  9.149020e+00  1.757938e+00  2.390000e-04  3.510381e-01  8.320925e-01  8.320925e-01  9.090789e-03  1.136944e+00  6.702800e+05  8.077400e+01  3.151137e+57  7.329251e+54  4.946002e-05  -3.317755e+106  1.000000e+00  -1.000000e+00  1.000000e+00
3.562200e+00  3.890162e+03  7.198020e+01  3.429500e+03  3.562200e+00  2.146556e+00  2.146123e+00  4.330000e-04  9.046348e+00  9.046348e+00  1.655637e+00  2.020000e-04  3.504698e-01  8.286077e-01  8.286077e-01  8.861508e-03  1.117284e+00  6.690198e+05  6.743594e+01  3.091079e+57  6.118954e+54  1.891725e-05  -2.480379e+106  1.000000e+00  -1.000000e+00  1.000000e+00
3.562200e+00  4.347708e+03  7.198020e+01  3.887040e+03  3.562200e+00  2.118191e+00  2.117830e+00  3.610000e-04  8.947364e+00  8.947364e+00  1.558583e+00  1.710000e-04  3.496647e-01  8.237045e-01  8.237045e-01  8.681873e-03  1.107295e+00  6.670432e+05  5.625291e+01  3.030553e+57  5.104209e+54  1.281602e-05  -1.831985e+106  1.000000e+00  -1.000000e+00  1.000000e+00
3.562200e+00  4.866291e+03  7.198020e+01  4.405622e+03  3.562200e+00  2.089658e+00  2.089356e+00  3.010000e-04  8.852529e+00  8.852529e+00  1.466951e+00  1.440000e-04  3.486498e-01  8.175799e-01  8.175799e-01  8.546958e-03  1.106046e+00  6.644354e+05  4.688956e+01  2.970137e+57  4.254591e+54  9.354966e-06  -1.408455e+106  1.000000e+00  -1.000000e+00  1.000000e+00
3.562200e+00  5.454054e+03  7.198020e+01  4.993389e+03  3.562200e+00  2.061240e+00  2.060989e+00  2.510000e-04  8.762364e+00  8.762364e+00  1.380539e+00  1.220000e-04  3.474473e-01  8.104020e-01  8.104020e-01  8.451582e-03  1.112762e+00  6.603424e+05  3.905903e+01  2.903310e+57  3.544065e+54  7.426068e-06  -1.033130e+106  1.000000e+00  -1.000000e+00  1.000000e+00
3.562200e+00  6.120229e+03  7.198020e+01  5.659571e+03  3.562200e+00  2.033199e+00  2.032990e+00  2.090000e-04  8.677295e+00  8.677295e+00  1.298620e+00  1.030000e-04  3.460804e-01  8.023457e-01  8.023457e-01  8.392462e-03  1.126971e+00  6.567804e+05  3.251674e+01  2.845011e+57  2.950431e+54  7.441399e-06  -6.924287e+105  1.000000e+00  -1.000000e+00  1.000000e+00
3.562200e+00  6.875298e+03  7.198020e+01  6.414631e+03  3.562200e+00  2.005764e+00  2.005590e+00  1.740000e-04  8.597649e+00  8.597649e+00  1.221614e+00  8.700000e-05  3.445734e-01  7.935867e-01  7.935867e-01  8.365561e-03  1.148140e+00  6.528570e+05  2.705635e+01  2.788382e+57  2.454972e+54  6.668139e-06  -4.921524e+105  1.000000e+00  -1.000000e+00  1.000000e+00
3.562200e+00  7.731096e+03  7.198020e+01  7.270426e+03  3.562200e+00  1.979145e+00  1.979000e+00  1.450000e-04  8.523736e+00  8.523736e+00  1.148791e+00  7.300000e-05  3.429487e-01  7.842853e-01  7.842853e-01  8.367945e-03  1.175955e+00  6.486573e+05  2.250233e+01  2.733833e+57  2.041754e+54  5.694123e-06  -3.643533e+105  1.000000e+00  -1.000000e+00  1.000000e+00
3.562200e+00  8.701063e+03  7.198020e+01  8.240395e+03  3.562200e+00  1.953524e+00  1.953403e+00  1.200000e-04  8.455833e+00  8.455833e+00  1.080262e+00  6.200000e-05  3.412274e-01  7.745869e-01  7.745869e-01  8.396704e-03  1.210063e+00  6.434340e+05  1.870720e+01  2.675519e+57  1.697399e+54  5.191366e-06  -2.583616e+105  1.000000e+00  -1.000000e+00  1.000000e+00
3.562200e+00  9.800430e+03  7.198020e+01  9.339770e+03  3.562200e+00  1.929065e+00  1.928965e+00  1.000000e-04  8.394081e+00  8.394081e+00  1.015660e+00  5.200000e-05  3.394340e-01  7.646488e-01  7.646488e-01  8.447914e-03  1.249917e+00  6.389416e+05  1.554646e+01  2.626297e+57  1.410606e+54  5.265091e-06  -1.672066e+105  1.000000e+00  -1.000000e+00  1.000000e+00
3.562200e+00  1.104648e+04  7.198020e+01  1.058582e+04  3.562200e+00  1.905906e+00  1.905823e+00  8.300000e-05  8.338516e+00  8.338516e+00  9.547790e-01  4.400000e-05  3.375937e-01  7.546218e-01  7.546218e-01  8.519412e-03  1.295230e+00  6.343919e+05  1.291558e+01  2.579990e+57  1.171891e+54  4.938487e-06  -1.148553e+105  1.000000e+00  -1.000000e+00  1.000000e+00
3.562200e+00  1.245877e+04  7.198020e+01  1.199810e+04  3.562200e+00  1.884167e+00  1.884098e+00  6.900000e-05  8.289241e+00  8.289241e+00  8.975580e-01  3.700000e-05  3.357269e-01  7.446239e-01  7.446239e-01  8.608038e-03  1.345443e+00  6.298557e+05  1.072689e+01  2.536838e+57  9.732992e+53  4.362602e-06  -8.279856e+104  1.000000e+00  -1.000000e+00  1.000000e+00
3.562200e+00  1.405947e+04  7.198020e+01  1.359880e+04  3.562200e+00  1.863946e+00  1.863889e+00  5.700000e-05  8.246099e+00  8.246099e+00  8.437180e-01  3.100000e-05  3.338615e-01  7.348018e-01  7.348018e-01  8.710031e-03  1.399899e+00  6.246332e+05  8.906862e+00  2.491304e+57  8.081588e+53  4.103200e-06  -5.703135e+104  1.000000e+00  -1.000000e+00  1.000000e+00
3.562200e+00  1.587372e+04  7.198020e+01  1.541306e+04  3.562200e+00  1.845323e+00  1.845275e+00  4.800000e-05  8.209149e+00  8.209149e+00  7.929020e-01  2.600000e-05  3.320136e-01  7.252339e-01  7.252339e-01  8.825905e-03  1.458473e+00  6.203001e+05  7.393934e+00  2.454890e+57  6.708831e+53  4.182764e-06  -3.509957e+104  1.000000e+00  -1.000000e+00  1.000000e+00
3.562200e+00  1.793002e+04  7.198020e+01  1.746936e+04  3.562200e+00  1.828358e+00  1.828319e+00  3.900000e-05  8.178189e+00  8.178189e+00  7.451650e-01  2.200000e-05  3.302066e-01  7.160289e-01  7.160289e-01  8.944599e-03  1.518941e+00  6.161369e+05  6.136806e+00  2.421940e+57  5.568179e+53  3.960402e-06  -2.318711e+104  1.000000e+00  -1.000000e+00  1.000000e+00
3.562200e+00  2.025605e+04  7.198020e+01  1.979538e+04  3.562200e+00  1.813116e+00  1.813084e+00  3.300000e-05  8.153021e+00  8.153021e+00  7.003440e-01  1.800000e-05  3.284647e-01  7.072939e-01  7.072939e-01  9.068909e-03  1.581321e+00  6.121818e+05  5.094296e+00  2.392388e+57  4.622261e+53  3.852719e-06  -1.690293e+104  1.000000e+00  -1.000000e+00  1.000000e+00
4.893900e+00  1.030404e+02  8.652400e+01  1.000000e+00  4.893900e+00  1.471007e+00  3.496600e-02  1.436041e+00  2.717778e+01  7.748235e+00  2.717778e+01  9.762300e-01  7.994335e-02  9.101587e-02  3.190812e-02  1.169605e-01  2.389469e+04  5.260153e+03  2.333404e+05  4.415932e+55  2.139201e+58  5.750169e-06  1.709452e+110  1.000000e+00  1.000000e+00  0.000000e+00
4.893900e+00  1.076573e+02  8.652400e+01  1.133400e+00  4.893900e+00  1.449332e+00  3.981800e-02  1.409514e+00  2.714536e+01  7.837350e+00  2.714536e+01  9.725270e-01  7.885950e-02  8.961104e-02  3.316114e-02  1.166427e-01  2.549778e+04  5.998188e+03  2.288329e+05  5.025862e+55  2.099942e+58  5.761972e-06  1.672019e+110  1.000000e+00  1.000000e+00  0.000000e+00
4.893900e+00  1.131115e+02  8.652400e+01  1.284600e+00  4.893900e+00  1.425504e+00  4.522100e-02  1.380283e+00  2.710489e+01  7.929716e+00  2.710489e+01  9.682770e-01  7.767879e-02  8.808683e-02  3.450343e-02  1.162426e-01  2.738962e+04  6.822069e+03  2.238829e+05  5.698782e+55  2.056668e+58  5.785889e-06  1.637369e+110  1.000000e+00  1.000000e+00  0.000000e+00
4.893900e+00  1.191072e+02  8.652400e+01  1.456000e+00  4.893900e+00  1.399167e+00  5.127600e-02  1.347891e+00  2.705233e+01  8.025302e+00  2.705233e+01  9.633520e-01  7.639175e-02  8.643262e-02  3.594929e-02  1.157207e-01  2.963729e+04  7.747812e+03  2.184147e+05  6.448987e+55  2.008668e+58  5.809745e-06  1.779248e+110  1.000000e+00  1.000000e+00  0.000000e+00
4.893900e+00  1.250167e+02  8.652400e+01  1.650300e+00  4.893900e+00  1.370093e+00  5.805600e-02  1.312037e+00  2.698172e+01  8.123797e+00  2.698172e+01  9.576260e-01  7.500011e-02  8.465243e-02  3.750439e-02  1.150383e-01  3.231695e+04  8.787064e+03  2.123822e+05  7.285973e+55  1.955490e+58  5.836970e-06  1.914086e+110  1.000000e+00  1.000000e+00  0.000000e+00
4.893900e+00  1.316026e+02  8.652400e+01  1.870400e+00  4.893900e+00  1.338023e+00  6.564500e-02  1.272378e+00  2.689562e+01  8.225232e+00  2.689562e+01  9.509390e-01  7.347908e-02  8.271670e-02  3.917836e-02  1.141564e-01  3.555786e+04  9.953989e+03  2.057357e+05  8.220862e+55  1.896646e+58  5.867271e-06  2.100951e+110  1.000000e+00  1.000000e+00  0.000000e+00
4.893900e+00  1.379494e+02  8.652400e+01  2.120000e+00  4.893900e+00  1.302681e+00  7.413900e-02  1.228542e+00  2.678742e+01  8.329516e+00  2.678742e+01  9.430870e-01  7.182720e-02  8.062613e-02  4.098089e-02  1.130280e-01  3.944795e+04  1.126421e+04  1.984184e+05  9.265711e+55  1.831565e+58  5.894506e-06  1.889630e+110  1.000000e+00  1.000000e+00  0.000000e+00
4.893900e+00  1.527256e+02  8.652400e+01  2.402800e+00  4.893900e+00  1.266240e+00  8.272800e-02  1.183512e+00  2.667158e+01  8.426231e+00  2.667158e+01  9.346660e-01  7.012116e-02  7.847968e-02  4.269577e-02  1.117758e-01  4.393084e+04  1.259309e+04  1.909194e+05  1.032076e+56  1.764695e+58  5.920752e-06  2.791838e+110  1.000000e+00  1.000000e+00  0.000000e+00
4.893900e+00  1.576382e+02  8.652400e+01  2.723400e+00  4.893900e+00  1.225713e+00  9.245000e-02  1.133263e+00  2.651615e+01  8.523431e+00  2.651615e+01  9.245740e-01  6.827476e-02  7.617100e-02  4.456407e-02  1.101632e-01  4.953689e+04  1.410234e+04  1.825840e+05  1.151383e+56  1.689992e+58  5.956698e-06  3.654211e+110  1.000000e+00  1.000000e+00  0.000000e+00
4.893900e+00  1.627167e+02  8.652400e+01  3.086700e+00  4.893900e+00  1.180176e+00  1.037580e-01  1.076418e+00  2.631364e+01  8.626673e+00  2.631364e+01  9.120830e-01  6.624413e-02  7.364899e-02  4.668620e-02  1.080156e-01  5.649653e+04  1.586455e+04  1.732050e+05  1.290216e+56  1.605446e+58  5.999119e-06  4.182296e+110  1.000000e+00  1.000000e+00  0.000000e+00
4.893900e+00  1.679681e+02  8.652400e+01  3.498500e+00  4.893900e+00  1.129554e+00  1.168280e-01  1.012726e+00  2.604773e+01  8.737076e+00  2.604773e+01  8.965710e-01  6.404996e-02  7.094370e-02  4.908398e-02  1.052378e-01  6.510889e+04  1.791044e+04  1.627527e+05  1.450909e+56  1.510657e+58  6.043473e-06  4.754060e+110  1.000000e+00  1.000000e+00  0.000000e+00
4.893900e+00  1.734000e+02  8.652400e+01  3.965200e+00  4.893900e+00  1.073958e+00  1.318680e-01  9.420900e-01  2.569793e+01  8.855404e+00  2.569793e+01  8.772130e-01  6.172636e-02  6.810101e-02  5.178029e-02  1.016378e-01  7.560683e+04  2.027591e+04  1.512238e+05  1.636141e+56  1.405465e+58  6.090507e-06  5.364806e+110  1.000000e+00  1.000000e+00  0.000000e+00
4.893900e+00  1.790190e+02  8.652400e+01  4.494300e+00  4.893900e+00  1.013805e+00  1.491090e-01  8.646960e-01  2.524005e+01  8.982229e+00  2.524005e+01  8.529220e-01  5.932608e-02  6.518816e-02  5.479843e-02  9.707045e-02  8.805900e+04  2.300232e+04  1.386612e+05  1.849014e+56  1.290134e+58  6.141207e-06  5.997202e+110  1.000000e+00  1.000000e+00  0.000000e+00
4.893900e+00  1.848335e+02  8.652400e+01  5.093900e+00  4.893900e+00  9.500460e-01  1.688080e-01  7.812390e-01  2.464752e+01  9.117848e+00  2.464752e+01  8.223170e-01  5.693157e-02  6.230592e-02  5.816156e-02  9.140035e-02  1.018544e+05  2.613556e+04  1.251914e+05  2.092894e+56  1.165717e+58  6.195736e-06  6.620330e+110  1.000000e+00  1.000000e+00  0.000000e+00
4.893900e+00  1.908524e+02  8.652400e+01  5.773400e+00  4.893900e+00  8.843970e-01  1.912450e-01  6.931530e-01  2.388096e+01  9.262539e+00  2.388096e+01  7.837570e-01  5.469873e-02  5.963924e-02  6.189298e-02  8.453558e-02  1.151304e+05  2.972799e+04  1.110509e+05  2.371667e+56  1.034331e+58  6.254623e-06  7.178853e+110  1.000000e+00  1.000000e+00  0.000000e+00
4.893900e+00  1.970844e+02  8.652400e+01  6.543700e+00  4.893900e+00  8.195630e-01  2.167230e-01  6.028400e-01  2.291156e+01  9.416329e+00  2.291156e+01  7.355620e-01  5.283351e-02  5.742695e-02  6.601538e-02  7.657562e-02  1.240163e+05  3.383605e+04  9.662675e+04  2.689387e+56  8.995704e+57  6.322190e-06  7.601531e+110  1.000000e+00  1.000000e+00  0.000000e+00
4.893900e+00  2.035396e+02  8.652400e+01  7.416700e+00  4.893900e+00  7.593770e-01  2.455700e-01  5.138080e-01  2.171924e+01  9.579112e+00  2.171924e+01  6.766170e-01  5.164101e-02  5.601980e-02  7.055087e-02  6.786255e-02  1.231868e+05  3.852394e+04  8.247057e+04  3.050732e+56  7.666768e+57  6.409237e-06  7.817000e+110  1.000000e+00  1.000000e+00  0.000000e+00
4.893900e+00  2.102287e+02  8.652400e+01  8.406200e+00  4.893900e+00  7.084790e-01  2.781280e-01  4.303510e-01  2.031671e+01  9.750643e+00  2.031671e+01  6.074290e-01  5.150568e-02  5.586046e-02  7.552059e-02  5.916837e-02  1.088402e+05  4.386006e+04  6.924702e+04  3.460501e+56  6.420700e+57  6.553792e-06  7.775645e+110  1.000000e+00  1.000000e+00  0.000000e+00
4.893900e+00  2.171631e+02  8.652400e+01  9.527700e+00  4.893900e+00  6.713900e-01  3.147610e-01  3.566290e-01  1.876757e+01  9.930523e+00  1.876757e+01  5.311800e-01  5.283828e-02  5.743259e-02  8.094440e-02  5.168355e-02  8.366478e+04  4.991866e+04  5.759034e+04  3.923944e+56  5.319648e+57  6.468558e-06  6.478891e+110  1.000000e+00  1.000000e+00  0.000000e+00
4.893900e+00  4.714565e+02  8.652400e+01  1.079880e+01  4.893900e+00  6.464900e-01  3.313590e-01  3.151310e-01  1.790939e+01  1.000750e+01  1.790939e+01  4.874490e-01  5.331663e-02  5.799865e-02  8.253018e-02  4.869340e-02  7.540489e+04  5.266236e+04  5.093087e+04  4.133641e+56  4.700424e+57  6.248140e-06  -3.356339e+110  1.000000e+00  -1.000000e+00  1.000000e+00
4.893900e+00  4.728972e+02  8.652400e+01  1.223950e+01  4.893900e+00  6.199090e-01  3.350750e-01  2.848350e-01  1.737889e+01  9.997611e+00  1.737889e+01  4.594780e-01  5.268510e-02  5.725152e-02  8.177737e-02  4.707773e-02  7.738008e+04  5.326082e+04  4.599291e+04  4.177904e+56  4.248844e+57  6.150953e-06  -2.513495e+110  1.000000e+00  -1.000000e+00  1.000000e+00
4.893900e+00  4.745300e+02  8.652400e+01  1.387240e+01  4.893900e+00  5.926050e-01  3.411210e-01  2.514840e-01  1.668052e+01  9.971883e+00  1.668052e+01  4.243700e-01  5.247320e-02  5.700120e-02  8.142546e-02  4.525306e-02  7.583240e+04  5.423908e+04  4.059445e+04  4.249015e+56  3.751490e+57  6.240176e-06  -6.134108e+109  1.000000e+00  -1.000000e+00  1.000000e+00
4.893900e+00  4.763807e+02  8.652400e+01  1.572320e+01  4.893900e+00  5.668480e-01  3.500340e-01  2.168140e-01  1.581183e+01  9.933188e+00  1.581183e+01  3.824910e-01  5.294999e-02  5.756471e-02  8.159111e-02  4.365562e-02  6.997350e+04  5.573224e+04  3.501182e+04  4.357042e+56  3.234237e+57  6.404133e-06  1.255063e+110  1.000000e+00  1.000000e+00  1.000000e+00
4.893900e+00  4.784787e+02  8.652400e+01  1.782080e+01  4.893900e+00  5.453380e-01  3.624460e-01  1.828920e-01  1.479188e+01  9.883841e+00  1.479188e+01  3.353740e-01  5.445328e-02  5.934733e-02  8.242100e-02  4.311670e-02  6.008411e+04  5.785870e+04  2.957092e+04  4.510765e+56  2.727962e+57  6.660739e-06  2.694202e+110  1.000000e+00  1.000000e+00  1.000000e+00
4.893900e+00  4.808563e+02  8.652400e+01  2.019840e+01  4.893900e+00  5.308780e-01  3.790590e-01  1.518180e-01  1.367361e+01  9.827086e+00  1.367361e+01  2.859760e-01  5.734463e-02  6.280144e-02  8.407982e-02  4.489095e-02  4.824624e+04  6.069434e+04  2.459966e+04  4.715569e+56  2.264054e+57  9.310831e-06  3.594581e+110  1.000000e+00  1.000000e+00  1.000000e+00
4.893900e+00  4.835509e+02  8.652400e+01  2.289310e+01  4.893900e+00  5.258010e-01  4.006110e-01  1.251900e-01  1.252971e+01  9.767129e+00  1.252971e+01  2.380950e-01  6.198153e-02  6.841209e-02  8.674168e-02  5.063356e-02  3.687137e+04  6.443785e+04  2.034440e+04  4.986068e+56  1.866331e+57  1.369319e-05  3.947319e+110  1.000000e+00  1.000000e+00  1.000000e+00
4.893900e+00  4.866048e+02  8.652400e+01  2.594730e+01  4.893900e+00  5.315450e-01  4.278390e-01  1.037060e-01  1.144355e+01  9.709091e+00  1.144355e+01  1.951030e-01  6.860586e-02  7.658390e-02  9.057838e-02  6.222998e-02  2.730117e+04  6.908822e+04  1.691075e+04  5.321557e+56  1.545249e+57  4.817586e-06  3.954107e+110  1.000000e+00  1.000000e+00  1.000000e+00
4.893900e+00  4.900671e+02  8.652400e+01  2.940900e+01  4.893900e+00  5.486040e-01  4.614350e-01  8.716900e-02  1.048255e+01  9.659029e+00  1.048255e+01  1.588920e-01  7.729895e-02  8.759785e-02  9.573986e-02  8.142825e-02  1.966791e+04  7.508949e+04  1.426470e+04  5.754533e+56  1.297914e+57  5.203715e-06  3.774812e+110  1.000000e+00  1.000000e+00  1.000000e+00
4.893900e+00  4.939909e+02  8.652400e+01  3.333260e+01  4.893900e+00  5.768330e-01  5.020160e-01  7.481700e-02  9.675481e+00  9.622877e+00  9.675481e+00  1.297030e-01  8.805599e-02  1.017065e-01  1.023453e-01  1.091779e-01  1.374831e+04  8.230738e+04  1.228383e+04  6.273901e+56  1.112950e+57  5.355655e-06  3.469269e+110  1.000000e+00  1.000000e+00  1.000000e+00
4.893900e+00  4.984378e+02  8.652400e+01  3.777960e+01  4.893900e+00  6.157900e-01  5.500870e-01  6.570300e-02  9.604880e+00  9.604880e+00  9.027680e+00  1.066970e-01  9.469392e-02  1.106915e-01  1.106915e-01  1.061309e-01  9.292607e+03  9.111440e+04  1.081714e+04  6.906052e+56  9.762263e+56  5.388939e-06  3.110125e+110  1.000000e+00  1.000000e+00  1.000000e+00
4.893900e+00  5.034775e+02  8.652400e+01  4.281980e+01  4.893900e+00  6.649500e-01  6.060070e-01  5.894300e-02  9.606026e+00  9.606026e+00  8.512861e+00  8.864300e-02  1.022415e-01  1.211797e-01  1.211797e-01  1.028743e-01  6.138815e+03  1.011648e+05  9.723583e+03  7.623078e+56  8.745504e+56  5.398919e-06  2.788897e+110  1.000000e+00  1.000000e+00  1.000000e+00
4.893900e+00  5.091908e+02  8.652400e+01  4.853260e+01  4.893900e+00  7.237640e-01  6.699160e-01  5.384800e-02  9.626463e+00  9.626463e+00  8.100748e+00  7.439900e-02  1.110483e-01  1.338019e-01  1.338019e-01  1.007859e-01  3.978759e+03  1.131190e+05  8.892498e+03  8.471900e+56  7.976329e+56  5.244775e-06  2.543520e+110  1.000000e+00  1.000000e+00  1.000000e+00
4.893900e+00  5.156662e+02  8.652400e+01  5.500740e+01  4.893900e+00  7.916290e-01  7.417370e-01  4.989200e-02  9.665627e+00  9.665627e+00  7.770201e+00  6.302400e-02  1.209688e-01  1.485437e-01  1.485437e-01  9.905544e-02  2.549304e+03  1.268368e+05  8.239377e+03  9.439012e+56  7.376559e+56  5.135393e-06  2.308737e+110  1.000000e+00  1.000000e+00  1.000000e+00
4.893900e+00  5.230050e+02  8.652400e+01  6.234610e+01  4.893900e+00  8.678600e-01  8.212020e-01  4.665800e-02  9.722060e+00  9.722060e+00  7.507437e+00  5.376200e-02  1.318478e-01  1.653901e-01  1.653901e-01  9.714527e-02  1.625416e+03  1.424226e+05  7.697256e+03  1.052882e+57  6.884004e+56  4.996715e-06  2.085636e+110  1.000000e+00  1.000000e+00  1.000000e+00
4.893900e+00  5.313221e+02  8.652400e+01  7.066390e+01  4.893900e+00  9.516520e-01  9.078520e-01  4.380000e-02  9.793140e+00  9.793140e+00  7.302880e+00  4.602500e-02  1.435283e-01  1.843294e-01  1.843294e-01  9.473182e-02  1.036850e+03  1.599497e+05  7.212190e+03  1.174269e+57  6.447817e+56  4.904307e-06  1.868463e+110  1.000000e+00  1.000000e+00  1.000000e+00
4.893900e+00  5.407496e+02  8.652400e+01  8.009140e+01  4.893900e+00  1.042058e+00  1.001022e+00  4.103600e-02  9.875624e+00  9.875624e+00  7.140398e+00  3.938000e-02  1.558507e-01  2.053456e-01  2.053456e-01  9.162807e-02  6.643484e+02  1.789054e+05  6.741428e+03  1.303785e+57  6.026537e+56  4.746949e-06  1.676634e+110  1.000000e+00  1.000000e+00  1.000000e+00
4.893900e+00  5.514360e+02  8.652400e+01  9.077660e+01  4.893900e+00  1.137945e+00  1.099701e+00  3.824400e-02  9.965948e+00  9.965948e+00  6.975847e+00  3.360800e-02  1.686491e-01  2.284032e-01  2.284032e-01  8.783946e-02  4.292183e+02  2.002961e+05  6.267714e+03  1.448495e+57  5.602755e+56  4.555194e-06  1.493233e+110  1.000000e+00  1.000000e+00  1.000000e+00
4.893900e+00  5.635472e+02  8.652400e+01  1.028874e+02  4.893900e+00  1.237956e+00  1.202514e+00  3.544200e-02  1.006028e+01  1.006028e+01  6.801164e+00  2.863000e-02  1.817511e-01  2.534342e-01  2.534342e-01  8.332507e-02  2.800909e+02  2.228735e+05  5.794446e+03  1.598541e+57  5.179409e+56  4.432823e-06  1.267641e+110  1.000000e+00  1.000000e+00  1.000000e+00
4.893900e+00  5.772730e+02  8.652400e+01  1.166139e+02  4.893900e+00  1.340545e+00  1.307886e+00  3.265900e-02  1.015489e+01  1.015489e+01  6.618665e+00  2.436200e-02  1.949789e-01  2.803246e-01  2.803246e-01  7.824501e-02  1.851043e+02  2.470091e+05  5.326147e+03  1.756172e+57  4.760551e+56  4.308571e-06  1.062566e+110  1.000000e+00  1.000000e+00  1.000000e+00
4.893900e+00  5.928297e+02  8.652400e+01  1.321717e+02  4.893900e+00  1.444055e+00  1.414136e+00  2.991900e-02  1.024609e+01  1.024609e+01  6.428877e+00  2.071900e-02  2.081647e-01  3.089290e-01  3.089290e-01  7.274842e-02  1.240788e+02  2.716414e+05  4.867213e+03  1.913027e+57  4.350110e+56  4.128580e-06  8.740985e+109  1.000000e+00  1.000000e+00  1.000000e+00
4.893900e+00  6.104652e+02  8.652400e+01  1.498051e+02  4.893900e+00  1.546811e+00  1.519562e+00  2.724900e-02  1.033096e+01  1.033096e+01  6.231947e+00  1.761600e-02  2.211455e-01  3.390481e-01  3.390481e-01  6.702261e-02  8.447719e+01  2.980087e+05  4.421799e+03  2.077895e+57  3.951798e+56  3.871489e-06  7.221252e+109  1.000000e+00  1.000000e+00  1.000000e+00
4.893900e+00  6.304521e+02  8.652400e+01  1.697911e+02  4.893900e+00  1.647183e+00  1.622512e+00  2.467100e-02  1.040683e+01  1.040683e+01  6.030302e+00  1.497800e-02  2.337787e-01  3.704513e-01  3.704513e-01  6.125331e-02  5.848083e+01  3.250143e+05  3.993736e+03  2.242212e+57  3.569042e+56  3.688600e-06  5.695958e+109  1.000000e+00  1.000000e+00  1.000000e+00
4.893900e+00  6.531038e+02  8.652400e+01  1.924434e+02  4.893900e+00  1.743659e+00  1.721451e+00  2.220700e-02  1.047146e+01  1.047146e+01  5.822178e+00  1.273600e-02  2.459437e-01  4.028784e-01  4.028784e-01  5.560005e-02  4.119165e+01  3.522214e+05  3.586255e+03  2.402433e+57  3.204719e+56  3.449878e-06  4.473417e+109  1.000000e+00  1.000000e+00  1.000000e+00
4.893900e+00  6.787757e+02  8.652400e+01  2.181178e+02  4.893900e+00  1.834913e+00  1.815038e+00  1.987500e-02  1.052346e+01  1.052346e+01  5.611128e+00  1.083200e-02  2.575364e-01  4.360240e-01  4.360240e-01  5.019892e-02  2.953999e+01  3.803017e+05  3.202104e+03  2.563451e+57  2.861289e+56  3.277623e-06  3.374999e+109  1.000000e+00  1.000000e+00  1.000000e+00
4.893900e+00  7.078781e+02  8.652400e+01  2.472176e+02  4.893900e+00  1.919822e+00  1.902134e+00  1.768800e-02  1.056155e+01  1.056155e+01  5.397795e+00  9.214000e-03  2.684819e-01  4.695775e-01  4.695775e-01  4.514399e-02  2.157429e+01  4.066948e+05  2.843307e+03  2.706041e+57  2.540553e+56  3.115062e-06  2.417368e+109  1.000000e+00  1.000000e+00  1.000000e+00
4.893900e+00  7.408620e+02  8.652400e+01  2.801996e+02  4.893900e+00  1.997507e+00  1.981850e+00  1.565700e-02  1.058517e+01  1.058517e+01  5.182942e+00  7.838000e-03  2.787226e-01  5.031990e-01  5.031990e-01  4.048003e-02  1.604311e+01  4.332018e+05  2.511210e+03  2.843828e+57  2.243710e+56  2.823334e-06  1.814930e+109  1.000000e+00  1.000000e+00  1.000000e+00
4.893900e+00  7.782441e+02  8.652400e+01  3.175819e+02  4.893900e+00  2.067327e+00  2.053541e+00  1.378600e-02  1.059412e+01  1.059412e+01  4.967969e+00  6.668000e-03  2.882213e-01  5.365399e-01  5.365399e-01  3.625419e-02  1.215169e+01  4.595645e+05  2.206510e+03  2.975011e+57  1.971377e+56  2.596446e-06  1.314687e+109  1.000000e+00  1.000000e+00  1.000000e+00
4.893900e+00  8.206108e+02  8.652400e+01  3.599514e+02  4.893900e+00  2.128883e+00  2.116806e+00  1.207700e-02  1.058841e+01  1.058841e+01  4.754559e+00  5.673000e-03  2.969632e-01  5.692699e-01  5.692699e-01  3.246192e-02  9.370649e+00  4.842822e+05  1.929285e+03  3.088851e+57  1.723621e+56  2.375251e-06  9.000942e+108  1.000000e+00  1.000000e+00  1.000000e+00
4.893900e+00  8.686339e+02  8.652400e+01  4.079736e+02  4.893900e+00  2.181986e+00  2.171456e+00  1.053000e-02  1.056853e+01  1.056853e+01  4.541903e+00  4.826000e-03  3.049433e-01  6.010487e-01  6.010487e-01  2.909058e-02  7.354733e+00  5.082821e+05  1.679039e+03  3.192762e+57  1.499989e+56  2.151949e-06  5.880318e+108  1.000000e+00  1.000000e+00  1.000000e+00
4.893900e+00  9.230662e+02  8.652400e+01  4.624025e+02  4.893900e+00  2.226646e+00  2.217506e+00  9.140000e-03  1.053526e+01  1.053526e+01  4.333168e+00  4.105000e-03  3.121675e-01  6.315470e-01  6.315470e-01  2.611956e-02  5.874031e+00  5.300202e+05  1.454864e+03  3.275714e+57  1.299672e+56  1.924126e-06  3.761714e+108  1.000000e+00  1.000000e+00  1.000000e+00
4.893900e+00  9.847572e+02  8.652400e+01  5.240930e+02  4.893900e+00  2.263040e+00  2.255140e+00  7.900000e-03  1.048923e+01  1.048923e+01  4.127467e+00  3.491000e-03  3.186621e-01  6.605068e-01  6.605068e-01  2.351156e-02  4.770219e+00  5.506670e+05  1.255444e+03  3.347246e+57  1.121484e+56  1.624391e-06  2.442151e+108  1.000000e+00  1.000000e+00  1.000000e+00
4.893900e+00  1.054675e+03  8.652400e+01  5.940138e+02  4.893900e+00  2.291472e+00  2.284670e+00  6.802000e-03  1.043153e+01  1.043153e+01  3.926704e+00  2.968000e-03  3.244502e-01  6.876594e-01  6.876594e-01  2.123452e-02  3.937460e+00  5.700783e+05  1.079224e+03  3.406998e+57  9.640360e+55  1.365138e-06  1.382291e+108  1.000000e+00  1.000000e+00  1.000000e+00
4.893900e+00  1.133922e+03  8.652400e+01  6.732629e+02  4.893900e+00  2.312359e+00  2.306525e+00  5.834000e-03  1.036341e+01  1.036341e+01  3.731494e+00  2.523000e-03  3.295598e-01  7.127698e-01  7.127698e-01  1.925626e-02  3.302418e+00  5.867002e+05  9.244571e+02  3.444161e+57  8.257637e+55  1.053911e-06  7.624044e+107  1.000000e+00  1.000000e+00  1.000000e+00
4.893900e+00  1.223749e+03  8.652400e+01  7.630849e+02  4.893900e+00  2.326191e+00  2.321203e+00  4.988000e-03  1.028590e+01  1.028590e+01  3.541258e+00  2.144000e-03  3.340293e-01  7.356785e-01  7.356785e-01  1.753701e-02  2.811522e+00  6.033177e+05  7.892939e+02  3.480360e+57  7.050107e+55  6.737827e-07  3.834916e+107  1.000000e+00  1.000000e+00  1.000000e+00
4.893900e+00  1.325556e+03  8.652400e+01  8.648903e+02  4.893900e+00  2.333513e+00  2.329262e+00  4.251000e-03  1.020027e+01  1.020027e+01  3.357583e+00  1.822000e-03  3.378937e-01  7.562447e-01  7.562447e-01  1.604894e-02  2.429105e+00  6.170720e+05  6.718741e+02  3.495148e+57  6.001143e+55  3.132521e-07  1.014169e+107  1.000000e+00  1.000000e+00  1.000000e+00
4.893900e+00  1.440942e+03  8.652400e+01  9.802778e+02  4.893900e+00  2.334903e+00  2.331290e+00  3.612000e-03  1.010775e+01  1.010775e+01  3.180429e+00  1.547000e-03  3.411895e-01  7.743751e-01  7.743751e-01  1.476448e-02  2.128862e+00  6.292659e+05  5.703536e+02  3.498853e+57  5.094253e+55  -1.930007e-07  -6.448506e+106  -1.000000e+00  -1.000000e+00  1.000000e+00
4.893900e+00  1.571717e+03  8.652400e+01  1.111060e+03  4.893900e+00  2.330951e+00  2.327890e+00  3.062000e-03  1.000946e+01  1.000946e+01  3.009893e+00  1.313000e-03  3.439569e-01  7.900399e-01  7.900399e-01  1.366884e-02  1.892867e+00  6.385845e+05  4.829621e+02  3.482517e+57  4.313604e+55  -6.867918e-07  -1.210212e+107  -1.000000e+00  -1.000000e+00  1.000000e+00
4.893900e+00  1.719954e+03  8.652400e+01  1.259289e+03  4.893900e+00  2.322253e+00  2.319664e+00  2.589000e-03  9.906643e+00  9.906643e+00  2.846313e+00  1.115000e-03  3.462300e-01  8.032221e-01  8.032221e-01  1.272708e-02  1.705351e+00  6.478652e+05  4.080327e+02  3.468124e+57  3.644300e+55  -1.335494e-06  -1.023732e+107  -1.000000e+00  -1.000000e+00  1.000000e+00
4.893900e+00  1.887962e+03  8.652400e+01  1.427295e+03  4.893900e+00  2.309390e+00  2.307206e+00  2.184000e-03  9.800411e+00  9.800411e+00  2.689695e+00  9.460000e-04  3.480444e-01  8.139553e-01  8.139553e-01  1.191969e-02  1.555968e+00  6.556613e+05  3.440195e+02  3.445457e+57  3.072522e+55  -2.630206e-06  -1.309351e+107  -1.000000e+00  -1.000000e+00  1.000000e+00
4.893900e+00  2.078381e+03  8.652400e+01  1.617714e+03  4.893900e+00  2.292924e+00  2.291084e+00  1.840000e-03  9.691876e+00  9.691876e+00  2.540315e+00  8.020000e-04  3.494326e-01  8.222986e-01  8.222986e-01  1.122942e-02  1.436994e+00  6.607647e+05  2.895114e+02  3.405874e+57  2.585658e+55  -4.333619e-06  -1.268063e+107  -1.000000e+00  -1.000000e+00  1.000000e+00
4.893900e+00  2.294199e+03  8.652400e+01  1.833538e+03  4.893900e+00  2.273394e+00  2.271848e+00  1.547000e-03  9.582083e+00  9.582083e+00  2.397671e+00  6.800000e-04  3.504261e-01  8.283406e-01  8.283406e-01  1.064461e-02  1.342939e+00  6.646101e+05  2.432318e+02  3.360703e+57  2.172301e+55  -5.425248e-06  -9.618482e+106  -1.000000e+00  -1.000000e+00  1.000000e+00
4.893900e+00  2.538819e+03  8.652400e+01  2.078156e+03  4.893900e+00  2.251312e+00  2.250014e+00  1.298000e-03  9.472060e+00  9.472060e+00  2.261490e+00  5.770000e-04  3.510531e-01  8.321849e-01  8.321849e-01  1.014491e-02  1.268507e+00  6.685134e+05  2.040420e+02  3.320179e+57  1.822275e+55  -1.321701e-05  -7.912475e+106  -1.000000e+00  -1.000000e+00  1.000000e+00
4.893900e+00  2.816077e+03  8.652400e+01  2.355409e+03  4.893900e+00  2.227153e+00  2.226065e+00  1.088000e-03  9.362712e+00  9.362712e+00  2.132496e+00  4.890000e-04  3.513420e-01  8.339643e-01  8.339643e-01  9.728061e-03  1.211391e+00  6.700446e+05  1.709370e+02  3.266392e+57  1.526602e+55  -4.482000e-05  -6.687223e+106  -1.000000e+00  -1.000000e+00  1.000000e+00
4.893900e+00  3.130319e+03  8.652400e+01  2.669651e+03  4.893900e+00  2.201363e+00  2.200452e+00  9.110000e-04  9.254815e+00  9.254815e+00  2.009625e+00  4.140000e-04  3.513222e-01  8.338420e-01  8.338420e-01  9.379917e-03  1.168369e+00  6.705504e+05  1.430294e+02  3.209642e+57  1.277352e+55  1.259180e-03  -5.159641e+106  1.000000e+00  -1.000000e+00  1.000000e+00
4.893900e+00  3.486480e+03  8.652400e+01  3.025817e+03  4.893900e+00  2.174354e+00  2.173593e+00  7.620000e-04  9.149195e+00  9.149195e+00  1.893534e+00  3.500000e-04  3.510177e-01  8.319674e-01  8.319674e-01  9.094281e-03  1.137710e+00  6.701382e+05  1.195498e+02  3.150883e+57  1.067654e+55  5.172754e-05  -3.911994e+106  1.000000e+00  -1.000000e+00  1.000000e+00
4.893900e+00  3.890162e+03  8.652400e+01  3.429500e+03  4.893900e+00  2.146507e+00  2.145871e+00  6.360000e-04  9.046606e+00  9.046606e+00  1.783274e+00  2.960000e-04  3.504518e-01  8.284978e-01  8.284978e-01  8.864277e-03  1.117919e+00  6.689114e+05  9.982796e+01  3.090958e+57  8.915187e+54  1.924074e-05  -2.925694e+106  1.000000e+00  -1.000000e+00  1.000000e+00
4.893900e+00  4.347708e+03  8.652400e+01  3.887040e+03  4.893900e+00  2.118166e+00  2.117635e+00  5.310000e-04  8.947547e+00  8.947547e+00  1.679013e+00  2.510000e-04  3.496533e-01  8.236358e-01  8.236358e-01  8.684727e-03  1.107873e+00  6.669489e+05  8.328815e+01  3.030434e+57  7.438040e+54  1.286615e-05  -2.163364e+106  1.000000e+00  -1.000000e+00  1.000000e+00
4.893900e+00  4.866291e+03  8.652400e+01  4.405622e+03  4.893900e+00  2.089651e+00  2.089208e+00  4.430000e-04  8.852707e+00  8.852707e+00  1.580196e+00  2.120000e-04  3.486416e-01  8.175309e-01  8.175309e-01  8.547757e-03  1.106279e+00  6.643592e+05  6.943529e+01  2.970062e+57  6.200871e+54  9.396116e-06  -1.662562e+106  1.000000e+00  -1.000000e+00  1.000000e+00
4.893900e+00  5.454054e+03  8.652400e+01  4.993389e+03  4.893900e+00  2.061247e+00  2.060878e+00  3.690000e-04  8.762607e+00  8.762607e+00  1.487026e+00  1.790000e-04  3.474389e-01  8.103523e-01  8.103523e-01  8.452322e-03  1.112979e+00  6.602873e+05  5.784739e+01  2.903317e+57  5.165993e+54  7.445160e-06  -1.219836e+106  1.000000e+00  -1.000000e+00  1.000000e+00
4.893900e+00  6.120229e+03  8.652400e+01  5.659571e+03  4.893900e+00  2.033215e+00  2.032907e+00  3.070000e-04  8.677507e+00  8.677507e+00  1.399055e+00  1.510000e-04  3.460747e-01  8.023121e-01  8.023121e-01  8.394022e-03  1.127274e+00  6.567359e+05  4.816427e+01  2.845030e+57  4.301233e+54  7.453957e-06  -8.182242e+105  1.000000e+00  -1.000000e+00  1.000000e+00
4.893900e+00  6.875298e+03  8.652400e+01  6.414631e+03  4.893900e+00  2.005786e+00  2.005530e+00  2.560000e-04  8.597849e+00  8.597849e+00  1.316040e+00  1.280000e-04  3.445691e-01  7.935617e-01  7.935617e-01  8.366741e-03  1.148374e+00  6.528219e+05  4.008051e+01  2.788414e+57  3.579310e+54  6.675484e-06  -5.815953e+105  1.000000e+00  -1.000000e+00  1.000000e+00
4.893900e+00  7.731096e+03  8.652400e+01  7.270426e+03  4.893900e+00  1.979169e+00  1.978956e+00  2.130000e-04  8.523877e+00  8.523877e+00  1.237749e+00  1.080000e-04  3.429473e-01  7.842768e-01  7.842768e-01  8.366214e-03  1.175712e+00  6.486270e+05  3.333765e+01  2.733851e+57  2.977142e+54  5.700155e-06  -4.304066e+105  1.000000e+00  -1.000000e+00  1.000000e+00
4.893900e+00  8.701063e+03  8.652400e+01  8.240395e+03  4.893900e+00  1.953551e+00  1.953375e+00  1.770000e-04  8.456054e+00  8.456054e+00  1.163935e+00  9.100000e-05  3.412233e-01  7.745641e-01  7.745641e-01  8.396545e-03  1.210058e+00  6.434179e+05  2.771745e+01  2.675602e+57  2.475234e+54  5.194953e-06  -3.052784e+105  1.000000e+00  -1.000000e+00  1.000000e+00
4.893900e+00  9.800430e+03  8.652400e+01  9.339770e+03  4.893900e+00  1.929092e+00  1.928945e+00  1.470000e-04  8.394216e+00  8.394216e+00  1.094544e+00  7.600000e-05  3.394333e-01  7.646448e-01  7.646448e-01  8.448537e-03  1.250022e+00  6.389252e+05  2.303623e+01  2.626341e+57  2.057186e+54  5.263814e-06  -1.978030e+105  1.000000e+00  -1.000000e+00  1.000000e+00
4.893900e+00  1.104648e+04  8.652400e+01  1.058582e+04  4.893900e+00  1.905931e+00  1.905809e+00  1.220000e-04  8.338593e+00  8.338593e+00  1.028870e+00  6.400000e-05  3.375951e-01  7.546295e-01  7.546295e-01  8.519183e-03  1.295170e+00  6.343761e+05  1.913911e+01  2.580010e+57  1.709159e+54  4.940189e-06  -1.358310e+105  1.000000e+00  -1.000000e+00  1.000000e+00
4.893900e+00  1.245877e+04  8.652400e+01  1.199810e+04  4.893900e+00  1.884191e+00  1.884090e+00  1.020000e-04  8.289313e+00  8.289313e+00  9.673160e-01  5.400000e-05  3.357284e-01  7.446318e-01  7.446318e-01  8.607988e-03  1.345457e+00  6.298445e+05  1.589676e+01  2.536867e+57  1.419608e+54  4.366263e-06  -9.790794e+104  1.000000e+00  -1.000000e+00  1.000000e+00
4.893900e+00  1.405947e+04  8.652400e+01  1.359880e+04  4.893900e+00  1.863968e+00  1.863884e+00  8.400000e-05  8.246202e+00  8.246202e+00  9.092300e-01  4.500000e-05  3.338614e-01  7.348013e-01  7.348013e-01  8.710850e-03  1.400033e+00  6.246268e+05  1.320021e+01  2.491350e+57  1.178800e+54  4.104904e-06  -6.742289e+104  1.000000e+00  -1.000000e+00  1.000000e+00
4.893900e+00  1.587372e+04  8.652400e+01  1.541306e+04  4.893900e+00  1.845344e+00  1.845274e+00  7.000000e-05  8.209221e+00  8.209221e+00  8.544560e-01  3.800000e-05  3.320144e-01  7.252381e-01  7.252381e-01  8.823911e-03  1.458104e+00  6.202945e+05  1.095852e+01  2.454923e+57  9.786106e+53  4.183405e-06  -4.150606e+104  1.000000e+00  -1.000000e+00  1.000000e+00
4.893900e+00  1.793002e+04  8.652400e+01  1.746936e+04  4.893900e+00  1.828377e+00  1.828319e+00  5.800000e-05  8.178243e+00  8.178243e+00  8.030310e-01  3.200000e-05  3.302078e-01  7.160349e-01  7.160349e-01  8.944527e-03  1.518900e+00  6.161322e+05  9.095707e+00  2.421966e+57  8.122574e+53  3.962028e-06  -2.742320e+104  1.000000e+00  -1.000000e+00  1.000000e+00
4.893900e+00  2.025605e+04  8.652400e+01  1.979538e+04  4.893900e+00  1.813133e+00  1.813085e+00  4.800000e-05  8.153080e+00  8.153080e+00  7.548380e-01  2.700000e-05  3.284654e-01  7.072974e-01  7.072974e-01  9.068980e-03  1.581317e+00  6.121797e+05  7.550852e+00  2.392422e+57  6.742995e+53  3.855174e-06  -1.998705e+104  1.000000e+00  -1.000000e+00  1.000000e+00
6.723400e+00  1.030404e+02  1.043767e+02  1.000000e+00  6.723400e+00  1.632015e+00  2.920100e-02  1.602814e+00  2.654066e+01  7.195937e+00  2.654066e+01  9.821080e-01  9.082261e-02  1.054248e-01  3.285176e-02  1.068585e-01  1.152181e+04  4.392274e+03  2.642479e+05  3.688191e+55  2.383121e+58  5.561894e-06  1.117226e+110  1.000000e+00  1.000000e+00  0.000000e+00
6.723400e+00  1.076573e+02  1.043767e+02  1.133400e+00  6.723400e+00  1.614283e+00  3.339100e-02  1.580892e+00  2.652152e+01  7.291423e+00  2.652152e+01  9.793150e-01  8.990067e-02  1.041815e-01  3.419092e-02  1.067908e-01  1.213400e+04  5.029389e+03  2.604228e+05  4.214771e+55  2.350814e+58  5.579638e-06  1.096105e+110  1.000000e+00  1.000000e+00  0.000000e+00
6.723400e+00  1.131115e+02  1.043767e+02  1.284600e+00  6.723400e+00  1.594684e+00  3.808000e-02  1.556604e+00  2.650509e+01  7.390202e+00  2.650509e+01  9.761210e-01  8.886424e-02  1.027889e-01  3.562258e-02  1.066957e-01  1.282972e+04  5.743968e+03  2.562078e+05  4.798556e+55  2.315087e+58  5.608564e-06  1.079571e+110  1.000000e+00  1.000000e+00  0.000000e+00
6.723400e+00  1.191072e+02  1.043767e+02  1.456000e+00  6.723400e+00  1.572900e+00  4.335900e-02  1.529541e+00  2.647682e+01  7.492383e+00  2.647682e+01  9.724340e-01  8.774389e-02  1.012894e-01  3.716134e-02  1.065228e-01  1.365359e+04  6.550514e+03  2.515244e+05  5.452379e+55  2.275211e+58  5.633206e-06  1.179784e+110  1.000000e+00  1.000000e+00  0.000000e+00
6.723400e+00  1.250167e+02  1.043767e+02  1.650300e+00  6.723400e+00  1.548693e+00  4.929600e-02  1.499397e+00  2.644680e+01  7.597707e+00  2.644680e+01  9.681690e-01  8.649159e-02  9.962051e-02  3.881309e-02  1.062675e-01  1.462361e+04  7.460115e+03  2.463296e+05  6.185244e+55  2.230785e+58  5.660185e-06  1.276084e+110  1.000000e+00  1.000000e+00  0.000000e+00
6.723400e+00  1.316026e+02  1.043767e+02  1.870400e+00  6.723400e+00  1.521817e+00  5.597400e-02  1.465844e+00  2.639970e+01  7.706228e+00  2.639970e+01  9.632190e-01  8.514227e-02  9.783079e-02  4.058757e-02  1.059041e-01  1.577249e+04  8.486100e+03  2.405658e+05  7.007572e+55  2.181256e+58  5.687541e-06  1.409362e+110  1.000000e+00  1.000000e+00  0.000000e+00
6.723400e+00  1.379494e+02  1.043767e+02  2.120000e+00  6.723400e+00  1.491991e+00  6.348100e-02  1.428510e+00  2.633826e+01  7.817880e+00  2.633826e+01  9.574520e-01  8.366828e-02  9.588568e-02  4.249455e-02  1.053934e-01  1.713653e+04  9.643304e+03  2.341796e+05  7.930843e+55  2.126110e+58  5.713347e-06  1.275551e+110  1.000000e+00  1.000000e+00  0.000000e+00
6.723400e+00  1.527256e+02  1.043767e+02  2.402800e+00  6.723400e+00  1.460924e+00  7.115300e-02  1.389771e+00  2.627383e+01  7.921964e+00  2.627383e+01  9.512960e-01  8.212698e-02  9.386276e-02  4.432249e-02  1.048479e-01  1.872442e+04  1.082932e+04  2.275652e+05  8.872986e+55  2.068852e+58  5.739380e-06  1.913832e+110  1.000000e+00  1.000000e+00  0.000000e+00
6.723400e+00  1.576382e+02  1.043767e+02  2.723400e+00  6.723400e+00  1.426091e+00  7.987500e-02  1.346216e+00  2.618911e+01  8.027464e+00  2.618911e+01  9.439900e-01  8.042819e-02  9.164606e-02  4.630816e-02  1.040741e-01  2.061780e+04  1.218224e+04  2.201623e+05  9.943171e+55  2.004421e+58  5.777045e-06  2.517011e+110  1.000000e+00  1.000000e+00  0.000000e+00
6.723400e+00  1.627167e+02  1.043767e+02  3.086700e+00  6.723400e+00  1.386574e+00  9.004000e-02  1.296535e+00  2.607632e+01  8.139646e+00  2.607632e+01  9.350630e-01  7.853777e-02  8.919509e-02  4.854901e-02  1.029878e-01  2.296543e+04  1.376482e+04  2.117654e+05  1.119081e+56  1.930867e+58  5.818569e-06  2.896559e+110  1.000000e+00  1.000000e+00  0.000000e+00
6.723400e+00  1.679681e+02  1.043767e+02  3.498500e+00  6.723400e+00  1.342093e+00  1.018130e-01  1.240279e+00  2.592095e+01  8.259359e+00  2.592095e+01  9.241380e-01  7.647389e-02  8.653797e-02  5.106605e-02  1.015118e-01  2.586574e+04  1.560604e+04  2.023079e+05  1.263793e+56  1.847472e+58  5.862020e-06  3.317667e+110  1.000000e+00  1.000000e+00  0.000000e+00
6.723400e+00  1.734000e+02  1.043767e+02  3.965200e+00  6.723400e+00  1.292433e+00  1.153920e-01  1.177041e+00  2.571386e+01  8.387188e+00  2.571386e+01  9.107170e-01  7.423734e-02  8.368040e-02  5.388159e-02  9.952121e-02  2.944272e+04  1.773962e+04  1.917374e+05  1.430976e+56  1.753629e+58  5.909484e-06  3.783895e+110  1.000000e+00  1.000000e+00  0.000000e+00
6.723400e+00  1.790190e+02  1.043767e+02  4.494300e+00  6.723400e+00  1.237492e+00  1.309970e-01  1.106495e+00  2.544221e+01  8.523550e+00  2.544221e+01  8.941430e-01  7.184050e-02  8.064292e-02  5.701870e-02  9.691303e-02  3.377908e+04  2.020469e+04  1.800156e+05  1.623554e+56  1.648846e+58  5.960499e-06  4.294462e+110  1.000000e+00  1.000000e+00  0.000000e+00
6.723400e+00  1.848335e+02  1.043767e+02  5.093900e+00  6.723400e+00  1.177416e+00  1.488760e-01  1.028540e+00  2.508753e+01  8.668720e+00  2.508753e+01  8.735570e-01  6.931922e-02  7.747513e-02  6.050069e-02  9.354875e-02  3.895413e+04  2.304539e+04  1.671419e+05  1.844809e+56  1.532958e+58  6.014454e-06  4.841439e+110  1.000000e+00  1.000000e+00  0.000000e+00
6.723400e+00  1.908524e+02  1.043767e+02  5.773400e+00  6.723400e+00  1.112759e+00  1.692990e-01  9.434610e-01  2.461948e+01  8.822841e+00  2.461948e+01  8.478570e-01  6.675810e-02  7.428566e-02  6.435092e-02  8.925938e-02  4.487626e+04  2.631137e+04  1.531762e+05  2.098380e+56  1.406356e+58  6.072279e-06  5.407154e+110  1.000000e+00  1.000000e+00  0.000000e+00
6.723400e+00  1.970844e+02  1.043767e+02  6.543700e+00  6.723400e+00  1.044686e+00  1.925620e-01  8.521240e-01  2.401756e+01  8.985934e+00  2.401756e+01  8.156750e-01  6.424491e-02  7.118323e-02  6.859255e-02  8.393369e-02  5.110787e+04  3.005791e+04  1.382756e+05  2.388318e+56  1.270348e+58  6.134368e-06  5.958298e+110  1.000000e+00  1.000000e+00  0.000000e+00
6.723400e+00  2.035396e+02  1.043767e+02  7.416700e+00  6.723400e+00  9.752570e-01  2.189860e-01  7.562710e-01  2.323748e+01  9.157919e+00  2.323748e+01  7.754580e-01  6.198861e-02  6.842071e-02  7.324827e-02  7.754381e-02  5.648049e+04  3.434657e+04  1.227271e+05  2.719086e+56  1.127488e+58  6.203042e-06  6.445101e+110  1.000000e+00  1.000000e+00  0.000000e+00
6.723400e+00  2.102287e+02  1.043767e+02  8.406200e+00  6.723400e+00  9.076250e-01  2.489140e-01  6.587100e-01  2.226346e+01  9.338543e+00  2.226346e+01  7.257520e-01  6.021370e-02  6.626254e-02  7.833983e-02  7.019267e-02  5.910135e+04  3.924458e+04  1.069881e+05  3.095437e+56  9.820102e+57  6.284563e-06  6.804469e+110  1.000000e+00  1.000000e+00  0.000000e+00
6.723400e+00  2.171631e+02  1.043767e+02  9.527700e+00  6.723400e+00  8.460810e-01  2.827090e-01  5.633720e-01  2.107618e+01  9.527489e+00  2.107618e+01  6.658610e-01  5.929278e-02  6.514791e-02  8.388768e-02  6.229808e-02  5.668972e+04  4.482608e+04  9.167764e+04  3.522631e+56  8.397675e+57  6.241747e-06  6.117921e+110  1.000000e+00  1.000000e+00  0.000000e+00
6.723400e+00  4.714565e+02  1.043767e+02  1.079880e+01  6.723400e+00  8.068120e-01  2.985910e-01  5.082210e-01  2.040318e+01  9.610085e+00  2.040318e+01  6.299130e-01  5.840580e-02  6.407765e-02  8.563569e-02  5.842941e-02  5.731723e+04  4.744873e+04  8.270780e+04  3.723164e+56  7.575657e+57  6.095457e-06  -2.520112e+110  1.000000e+00  -1.000000e+00  1.000000e+00
6.723400e+00  4.728972e+02  1.043767e+02  1.223950e+01  6.723400e+00  7.724580e-01  3.031250e-01  4.693330e-01  2.001971e+01  9.606739e+00  2.001971e+01  6.075840e-01  5.699003e-02  6.237600e-02  8.507144e-02  5.640047e-02  6.255171e+04  4.816589e+04  7.627756e+04  3.776688e+56  6.996958e+57  6.052280e-06  -1.650519e+110  1.000000e+00  -1.000000e+00  1.000000e+00
6.723400e+00  4.745300e+02  1.043767e+02  1.387240e+01  6.723400e+00  7.338460e-01  3.100490e-01  4.237970e-01  1.947060e+01  9.590945e+00  1.947060e+01  5.775010e-01  5.566823e-02  6.079465e-02  8.490829e-02  5.353359e-02  6.679997e+04  4.929430e+04  6.881489e+04  3.859650e+56  6.318718e+57  6.153215e-06  3.231882e+109  1.000000e+00  1.000000e+00  1.000000e+00
6.723400e+00  4.763807e+02  1.043767e+02  1.572320e+01  6.723400e+00  6.929010e-01  3.198370e-01  3.730640e-01  1.872480e+01  9.565635e+00  1.872480e+01  5.384090e-01  5.465576e-02  5.958813e-02  8.525518e-02  4.989716e-02  6.816480e+04  5.095709e+04  6.056195e+04  3.981252e+56  5.562556e+57  6.247132e-06  2.182216e+110  1.000000e+00  1.000000e+00  1.000000e+00
6.723400e+00  4.784787e+02  1.043767e+02  1.782080e+01  6.723400e+00  6.525410e-01  3.330630e-01  3.194780e-01  1.775306e+01  9.532993e+00  1.775306e+01  4.895900e-01  5.428955e-02  5.915274e-02  8.624921e-02  4.572195e-02  6.466052e+04  5.319503e+04  5.189754e+04  4.144416e+56  4.763363e+57  6.330391e-06  3.595760e+110  1.000000e+00  1.000000e+00  1.000000e+00
6.723400e+00  4.808563e+02  1.043767e+02  2.019840e+01  6.723400e+00  6.167530e-01  3.503660e-01  2.663870e-01  1.656549e+01  9.496072e+00  1.656549e+01  4.319190e-01  5.499058e-02  5.998666e-02  8.804406e-02  4.165340e-02  5.524417e+04  5.612402e+04  4.335391e+04  4.357533e+56  3.971226e+57  6.535562e-06  4.733623e+110  1.000000e+00  1.000000e+00  1.000000e+00
6.723400e+00  4.835509e+02  1.043767e+02  2.289310e+01  6.723400e+00  5.900010e-01  3.724200e-01  2.175810e-01  1.521321e+01  9.458448e+00  1.521321e+01  3.687800e-01  5.728133e-02  6.272546e-02  9.080333e-02  3.880434e-02  4.194796e+04  5.993231e+04  3.552351e+04  4.634368e+56  3.242692e+57  7.000727e-06  5.269330e+110  1.000000e+00  1.000000e+00  1.000000e+00
6.723400e+00  4.866048e+02  1.043767e+02  2.594730e+01  6.723400e+00  5.760380e-01  3.999060e-01  1.761320e-01  1.380232e+01  9.424245e+00  1.380232e+01  3.057650e-01  6.164256e-02  6.799892e-02  9.468982e-02  3.878775e-02  2.905537e+04  6.462691e+04  2.888152e+04  4.974824e+56  2.623701e+57  -1.076672e-06  5.260145e+110  -1.000000e+00  1.000000e+00  1.000000e+00
6.723400e+00  4.900671e+02  1.043767e+02  2.940900e+01  6.723400e+00  5.768630e-01  4.334760e-01  1.433880e-01  1.245655e+01  9.398400e+00  1.245655e+01  2.485640e-01  6.840008e-02  7.632722e-02  9.985001e-02  4.352709e-02  1.938101e+04  7.046426e+04  2.363071e+04  5.397366e+56  2.134385e+57  1.939667e-06  4.940977e+110  1.000000e+00  1.000000e+00  1.000000e+00
6.723400e+00  4.939909e+02  1.043767e+02  3.333260e+01  6.723400e+00  5.926180e-01  4.737310e-01  1.188870e-01  1.127281e+01  9.385745e+00  1.127281e+01  2.006130e-01  7.764688e-02  8.804572e-02  1.064055e-01  5.491419e-02  1.296978e+04  7.763478e+04  1.969239e+04  5.915092e+56  1.767925e+57  5.022763e-06  4.417813e+110  1.000000e+00  1.000000e+00  1.000000e+00
6.723400e+00  4.984378e+02  1.043767e+02  3.777960e+01  6.723400e+00  6.223000e-01  5.211800e-01  1.011200e-01  1.029455e+01  9.389936e+00  1.029455e+01  1.624940e-01  8.928404e-02  1.033523e-01  1.144485e-01  7.433567e-02  8.733711e+03  8.612293e+04  1.682469e+04  6.525432e+56  1.501795e+57  5.244268e-06  3.863697e+110  1.000000e+00  1.000000e+00  1.000000e+00
6.723400e+00  5.034775e+02  1.043767e+02  4.281980e+01  6.723400e+00  6.645690e-01  5.762230e-01  8.834600e-02  9.521316e+00  9.413258e+00  9.521316e+00  1.329380e-01  1.030920e-01  1.223804e-01  1.240400e-01  1.020160e-01  5.844054e+03  9.634005e+04  1.475057e+04  7.257289e+56  1.310047e+57  5.251745e-06  3.382417e+110  1.000000e+00  1.000000e+00  1.000000e+00
6.723400e+00  5.091908e+02  1.043767e+02  4.853260e+01  6.723400e+00  7.181720e-01  6.391240e-01  7.904900e-02  9.456172e+00  9.456172e+00  8.928740e+00  1.100690e-01  1.121747e-01  1.354472e-01  1.354472e-01  1.025473e-01  3.849070e+03  1.079250e+05  1.322826e+04  8.081280e+56  1.170044e+57  5.228749e-06  2.958436e+110  1.000000e+00  1.000000e+00  1.000000e+00
6.723400e+00  5.156662e+02  1.043767e+02  5.500740e+01  6.723400e+00  7.820320e-01  7.099670e-01  7.206500e-02  9.516435e+00  9.516435e+00  8.473991e+00  9.215100e-02  1.213757e-01  1.491606e-01  1.491607e-01  9.923672e-02  2.511421e+03  1.215860e+05  1.207217e+04  9.047505e+56  1.064461e+57  5.120934e-06  2.627418e+110  1.000000e+00  1.000000e+00  1.000000e+00
6.723400e+00  5.230050e+02  1.043767e+02  6.234610e+01  6.723400e+00  8.551550e-01  7.885630e-01  6.659200e-02  9.591411e+00  9.591411e+00  8.114970e+00  7.787100e-02  1.316873e-01  1.651361e-01  1.651361e-01  9.655787e-02  1.625479e+03  1.367390e+05  1.115355e+04  1.010865e+57  9.813570e+56  5.078417e-06  2.300789e+110  1.000000e+00  1.000000e+00  1.000000e+00
6.723400e+00  5.313221e+02  1.043767e+02  7.066390e+01  6.723400e+00  9.365450e-01  8.744840e-01  6.206100e-02  9.678417e+00  9.678417e+00  7.828896e+00  6.626600e-02  1.429242e-01  1.833270e-01  1.833270e-01  9.382541e-02  1.048820e+03  1.537520e+05  1.038120e+04  1.128830e+57  9.122946e+56  4.882040e-06  2.078091e+110  1.000000e+00  1.000000e+00  1.000000e+00
6.723400e+00  5.407496e+02  1.043767e+02  8.009140e+01  6.723400e+00  1.025116e+00  9.670790e-01  5.803600e-02  9.774372e+00  9.774372e+00  7.602397e+00  5.661500e-02  1.549051e-01  2.036929e-01  2.036929e-01  9.067377e-02  6.777403e+02  1.731606e+05  9.686502e+03  1.262201e+57  8.508488e+56  4.717436e-06  1.857246e+110  1.000000e+00  1.000000e+00  1.000000e+00
6.723400e+00  5.514360e+02  1.043767e+02  9.077660e+01  6.723400e+00  1.119672e+00  1.065502e+00  5.417000e-02  9.876126e+00  9.876126e+00  7.422053e+00  4.838000e-02  1.674503e-01  2.261870e-01  2.261870e-01  8.694344e-02  4.402674e+02  1.939453e+05  9.016760e+03  1.402863e+57  7.919383e+56  4.622455e-06  1.608688e+110  1.000000e+00  1.000000e+00  1.000000e+00
6.723400e+00  5.635472e+02  1.043767e+02  1.028874e+02  6.723400e+00  1.218875e+00  1.168582e+00  5.029300e-02  9.980521e+00  9.980521e+00  7.240068e+00  4.126200e-02  1.803797e-01  2.507422e-01  2.507422e-01  8.262006e-02  2.884406e+02  2.164780e+05  8.348029e+03  1.553087e+57  7.331470e+56  4.451367e-06  1.399396e+110  1.000000e+00  1.000000e+00  1.000000e+00
6.723400e+00  5.772730e+02  1.043767e+02  1.166139e+02  6.723400e+00  1.321186e+00  1.274757e+00  4.642800e-02  1.008414e+01  1.008414e+01  7.050313e+00  3.514100e-02  1.935115e-01  2.772558e-01  2.772558e-01  7.772256e-02  1.909511e+02  2.406115e+05  7.684756e+03  1.711276e+57  6.748440e+56  4.271063e-06  1.191958e+110  1.000000e+00  1.000000e+00  1.000000e+00
6.723400e+00  5.928297e+02  1.043767e+02  1.321717e+02  6.723400e+00  1.424918e+00  1.382305e+00  4.261300e-02  1.018374e+01  1.018374e+01  6.852090e+00  2.990600e-02  2.066637e-01  3.055759e-01  3.055759e-01  7.241674e-02  1.280637e+02  2.660922e+05  7.033143e+03  1.874984e+57  6.175739e+56  4.086694e-06  9.985583e+109  1.000000e+00  1.000000e+00  1.000000e+00
6.723400e+00  6.104652e+02  1.043767e+02  1.498051e+02  6.723400e+00  1.528326e+00  1.489443e+00  3.888200e-02  1.027629e+01  1.027629e+01  6.646622e+00  2.544100e-02  2.196652e-01  3.355080e-01  3.355080e-01  6.685056e-02  8.713794e+01  2.926327e+05  6.399187e+03  2.041671e+57  5.618633e+56  3.902042e-06  8.120436e+109  1.000000e+00  1.000000e+00  1.000000e+00
6.723400e+00  6.304521e+02  1.043767e+02  1.697911e+02  6.723400e+00  1.629697e+00  1.594426e+00  3.527000e-02  1.035917e+01  1.035917e+01  6.434992e+00  2.164200e-02  2.323611e-01  3.668169e-01  3.668170e-01  6.120587e-02  6.024001e+01  3.198494e+05  5.788394e+03  2.208029e+57  5.081955e+56  3.722708e-06  6.430792e+109  1.000000e+00  1.000000e+00  1.000000e+00
6.723400e+00  6.531038e+02  1.043767e+02  1.924434e+02  6.723400e+00  1.727433e+00  1.695625e+00  3.180700e-02  1.043038e+01  1.043038e+01  6.218005e+00  1.841300e-02  2.446147e-01  3.992233e-01  3.992233e-01  5.564103e-02  4.235372e+01  3.473242e+05  5.205593e+03  2.370659e+57  4.569941e+56  3.550316e-06  4.953205e+109  1.000000e+00  1.000000e+00  1.000000e+00
6.723400e+00  6.787757e+02  1.043767e+02  2.181178e+02  6.723400e+00  1.820112e+00  1.791593e+00  2.851900e-02  1.048823e+01  1.048823e+01  5.995433e+00  1.566900e-02  2.563169e-01  4.324264e-01  4.324264e-01  5.029424e-02  3.030684e+01  3.746087e+05  4.654775e+03  2.526056e+57  4.086083e+56  3.318283e-06  3.757538e+109  1.000000e+00  1.000000e+00  1.000000e+00
6.723400e+00  7.078781e+02  1.043767e+02  2.472176e+02  6.723400e+00  1.906532e+00  1.881106e+00  2.542600e-02  1.053166e+01  1.053166e+01  5.770765e+00  1.333600e-02  2.673801e-01  4.660931e-01  4.660931e-01  4.526390e-02  2.208120e+01  4.024145e+05  4.139102e+03  2.679426e+57  3.633157e+56  3.083446e-06  2.861654e+109  1.000000e+00  1.000000e+00  1.000000e+00
6.723400e+00  7.408620e+02  1.043767e+02  2.801996e+02  6.723400e+00  1.985742e+00  1.963197e+00  2.254400e-02  1.056006e+01  1.056006e+01  5.544298e+00  1.135300e-02  2.777398e-01  4.998718e-01  4.998718e-01  4.061695e-02  1.638420e+01  4.292701e+05  3.660706e+03  2.819986e+57  3.213022e+56  2.856993e-06  2.107961e+109  1.000000e+00  1.000000e+00  1.000000e+00
6.723400e+00  7.782441e+02  1.043767e+02  3.175819e+02  6.723400e+00  2.057050e+00  2.037167e+00  1.988300e-02  1.057319e+01  1.057319e+01  5.317283e+00  9.666000e-03  2.873561e-01  5.334110e-01  5.334110e-01  3.638971e-02  1.238183e+01  4.560089e+05  3.220795e+03  2.954087e+57  2.826729e+56  2.630407e-06  1.488938e+109  1.000000e+00  1.000000e+00  1.000000e+00
6.723400e+00  8.206108e+02  1.043767e+02  3.599514e+02  6.723400e+00  2.120008e+00  2.102562e+00  1.744700e-02  1.057114e+01  1.057114e+01  5.090929e+00  8.229000e-03  2.962084e-01  5.663610e-01  5.663610e-01  3.258857e-02  9.527684e+00  4.810566e+05  2.819687e+03  3.070375e+57  2.474547e+56  2.475512e-06  9.743505e+108  1.000000e+00  1.000000e+00  1.000000e+00
6.723400e+00  8.686339e+02  1.043767e+02  4.079736e+02  6.723400e+00  2.174411e+00  2.159176e+00  1.523500e-02  1.055445e+01  1.055445e+01  4.866264e+00  7.006000e-03  3.042900e-01  5.983741e-01  5.983741e-01  2.920485e-02  7.463210e+00  5.040587e+05  2.456897e+03  3.166693e+57  2.156041e+56  2.196148e-06  6.618815e+108  1.000000e+00  1.000000e+00  1.000000e+00
6.723400e+00  9.230662e+02  1.043767e+02  4.624025e+02  6.723400e+00  2.220246e+00  2.207003e+00  1.324200e-02  1.052378e+01  1.052378e+01  4.644301e+00  5.964000e-03  3.116097e-01  6.291299e-01  6.291300e-01  2.622323e-02  5.950264e+00  5.274728e+05  2.131263e+03  3.262028e+57  1.870183e+56  1.893675e-06  4.682741e+108  1.000000e+00  1.000000e+00  1.000000e+00
6.723400e+00  9.847572e+02  1.043767e+02  5.240930e+02  6.723400e+00  2.257682e+00  2.246221e+00  1.146100e-02  1.048008e+01  1.048008e+01  4.426883e+00  5.076000e-03  3.181851e-01  6.583273e-01  6.583273e-01  2.360069e-02  4.824301e+00  5.484257e+05  1.841084e+03  3.335628e+57  1.615472e+56  1.655976e-06  2.830503e+108  1.000000e+00  1.000000e+00  1.000000e+00
6.723400e+00  1.054675e+03  1.043767e+02  5.940138e+02  6.723400e+00  2.287030e+00  2.277151e+00  9.879000e-03  1.042435e+01  1.042435e+01  4.212581e+00  4.320000e-03  3.240444e-01  6.857122e-01  6.857122e-01  2.130756e-02  3.975759e+00  5.681268e+05  1.584210e+03  3.397280e+57  1.390011e+56  1.397983e-06  1.605986e+108  1.000000e+00  1.000000e+00  1.000000e+00
6.723400e+00  1.133922e+03  1.043767e+02  6.732629e+02  6.723400e+00  2.308708e+00  2.300224e+00  8.484000e-03  1.035775e+01  1.035775e+01  4.004302e+00  3.675000e-03  3.292192e-01  7.110608e-01  7.110608e-01  1.931546e-02  3.329570e+00  5.849936e+05  1.358258e+03  3.435968e+57  1.191707e+56  1.119244e-06  7.673447e+107  1.000000e+00  1.000000e+00  1.000000e+00
6.723400e+00  1.223749e+03  1.043767e+02  7.630849e+02  6.723400e+00  2.323214e+00  2.315954e+00  7.260000e-03  1.028172e+01  1.028172e+01  3.801954e+00  3.125000e-03  3.337377e-01  7.341560e-01  7.341560e-01  1.758889e-02  2.832177e+00  6.004431e+05  1.160648e+03  3.463099e+57  1.018289e+56  7.349446e-07  4.038957e+107  1.000000e+00  1.000000e+00  1.000000e+00
6.723400e+00  1.325556e+03  1.043767e+02  8.648903e+02  6.723400e+00  2.331109e+00  2.324916e+00  6.193000e-03  1.019700e+01  1.019700e+01  3.605781e+00  2.657000e-03  3.376539e-01  7.549473e-01  7.549473e-01  1.609071e-02  2.444129e+00  6.158098e+05  9.887438e+02  3.489616e+57  8.674394e+55  3.163289e-07  2.085310e+107  1.000000e+00  1.000000e+00  1.000000e+00
6.723400e+00  1.440942e+03  1.043767e+02  9.802778e+02  6.723400e+00  2.332977e+00  2.327709e+00  5.268000e-03  1.010531e+01  1.010531e+01  3.416483e+00  2.258000e-03  3.409906e-01  7.732647e-01  7.732647e-01  1.479896e-02  2.140076e+00  6.281941e+05  8.399354e+02  3.494402e+57  7.368640e+55  -1.492089e-07  -9.374077e+106  -1.000000e+00  -1.000000e+00  1.000000e+00
6.723400e+00  1.571717e+03  1.043767e+02  1.111060e+03  6.723400e+00  2.329424e+00  2.324956e+00  4.468000e-03  1.000771e+01  1.000771e+01  3.234649e+00  1.918000e-03  3.437917e-01  7.890932e-01  7.890932e-01  1.369551e-02  1.901122e+00  6.376736e+05  7.116973e+02  3.478928e+57  6.243447e+55  -6.399274e-07  -1.390959e+107  -1.000000e+00  -1.000000e+00  1.000000e+00
6.723400e+00  1.719954e+03  1.043767e+02  1.259289e+03  6.723400e+00  2.321051e+00  2.317269e+00  3.781000e-03  9.905435e+00  9.905435e+00  3.059263e+00  1.629000e-03  3.460929e-01  8.024186e-01  8.024195e-01  1.275000e-02  1.711810e+00  6.470989e+05  6.016296e+02  3.465286e+57  5.277724e+55  -1.507661e-06  -1.448899e+107  -1.000000e+00  -1.000000e+00  1.000000e+00
6.723400e+00  1.887962e+03  1.043767e+02  1.427295e+03  6.723400e+00  2.308457e+00  2.305264e+00  3.193000e-03  9.799630e+00  9.799630e+00  2.891843e+00  1.383000e-03  3.479315e-01  8.132820e-01  8.132820e-01  1.193847e-02  1.560949e+00  6.537069e+05  5.075133e+02  3.433416e+57  4.451996e+55  -2.230623e-06  -1.621191e+107  -1.000000e+00  -1.000000e+00  1.000000e+00
6.723400e+00  2.078381e+03  1.043767e+02  1.617714e+03  6.723400e+00  2.292207e+00  2.289517e+00  2.690000e-03  9.691369e+00  9.691369e+00  2.731184e+00  1.174000e-03  3.493417e-01  8.217485e-01  8.217485e-01  1.124253e-02  1.440525e+00  6.602242e+05  4.273010e+02  3.404119e+57  3.748278e+55  -4.067312e-06  -1.282316e+107  -1.000000e+00  -1.000000e+00  1.000000e+00
6.723400e+00  2.294199e+03  1.043767e+02  1.833538e+03  6.723400e+00  2.272853e+00  2.270590e+00  2.263000e-03  9.581896e+00  9.581896e+00  2.578192e+00  9.960000e-04  3.503495e-01  8.278724e-01  8.278724e-01  1.065526e-02  1.345753e+00  6.641664e+05  3.591487e+02  3.359399e+57  3.150387e+55  -6.802464e-06  -1.219716e+107  -1.000000e+00  -1.000000e+00  1.000000e+00
6.723400e+00  2.538819e+03  1.043767e+02  2.078156e+03  6.723400e+00  2.250910e+00  2.249009e+00  1.900000e-03  9.472065e+00  9.472065e+00  2.432784e+00  8.440000e-04  3.509902e-01  8.317982e-01  8.317982e-01  1.015563e-02  1.270985e+00  6.669431e+05  3.014007e+02  3.310190e+57  2.643788e+55  -8.407754e-06  -9.608482e+106  -1.000000e+00  -1.000000e+00  1.000000e+00
6.723400e+00  2.816077e+03  1.043767e+02  2.355409e+03  6.723400e+00  2.226860e+00  2.225267e+00  1.593000e-03  9.362796e+00  9.362796e+00  2.293789e+00  7.160000e-04  3.512926e-01  8.336595e-01  8.336595e-01  9.736224e-03  1.213261e+00  6.697408e+05  2.525851e+02  3.265654e+57  2.215558e+55  -4.250796e-05  -7.082898e+106  -1.000000e+00  -1.000000e+00  1.000000e+00
6.723400e+00  3.130319e+03  1.043767e+02  2.669651e+03  6.723400e+00  2.201157e+00  2.199823e+00  1.334000e-03  9.255044e+00  9.255044e+00  2.162107e+00  6.060000e-04  3.512806e-01  8.335857e-01  8.335857e-01  9.386616e-03  1.169895e+00  6.703070e+05  2.114134e+02  3.209150e+57  1.854394e+55  4.389355e-04  -6.019085e+106  1.000000e+00  -1.000000e+00  1.000000e+00
6.723400e+00  3.486480e+03  1.043767e+02  3.025817e+03  6.723400e+00  2.174215e+00  2.173099e+00  1.116000e-03  9.149493e+00  9.149493e+00  2.037528e+00  5.130000e-04  3.509838e-01  8.317589e-01  8.317589e-01  9.101762e-03  1.139197e+00  6.699418e+05  1.767569e+02  3.150557e+57  1.550390e+55  5.638476e-05  -4.569679e+106  1.000000e+00  -1.000000e+00  1.000000e+00
6.723400e+00  3.890162e+03  1.043767e+02  3.429500e+03  6.723400e+00  2.146418e+00  2.145485e+00  9.330000e-04  9.046875e+00  9.046875e+00  1.918827e+00  4.350000e-04  3.504268e-01  8.283446e-01  8.283446e-01  8.869172e-03  1.118937e+00  6.687468e+05  1.476336e+02  3.090706e+57  1.294925e+55  1.955025e-05  -3.419271e+106  1.000000e+00  -1.000000e+00  1.000000e+00
6.723400e+00  4.347708e+03  1.043767e+02  3.887040e+03  6.723400e+00  2.118117e+00  2.117338e+00  7.790000e-04  8.947905e+00  8.947905e+00  1.806770e+00  3.680000e-04  3.496312e-01  8.235014e-01  8.235014e-01  8.688374e-03  1.108655e+00  6.668229e+05  1.232002e+02  3.030326e+57  1.080604e+55  1.301645e-05  -2.527679e+106  1.000000e+00  -1.000000e+00  1.000000e+00
6.723400e+00  4.866291e+03  1.043767e+02  4.405622e+03  6.723400e+00  2.089629e+00  2.088980e+00  6.490000e-04  8.853041e+00  8.853041e+00  1.700841e+00  3.110000e-04  3.486249e-01  8.174305e-01  8.174305e-01  8.550974e-03  1.106961e+00  6.642565e+05  1.027296e+02  2.970004e+57  9.010461e+54  9.440800e-06  -1.945355e+106  1.000000e+00  -1.000000e+00  1.000000e+00
6.723400e+00  5.454054e+03  1.043767e+02  4.993389e+03  6.723400e+00  2.061246e+00  2.060704e+00  5.410000e-04  8.762844e+00  8.762844e+00  1.600693e+00  2.630000e-04  3.474292e-01  8.102947e-01  8.102947e-01  8.455476e-03  1.113564e+00  6.601985e+05  8.560018e+01  2.903252e+57  7.507976e+54  7.465037e-06  -1.428221e+106  1.000000e+00  -1.000000e+00  1.000000e+00
6.723400e+00  6.120229e+03  1.043767e+02  5.659571e+03  6.723400e+00  2.033228e+00  2.032777e+00  4.510000e-04  8.677751e+00  8.677751e+00  1.506230e+00  2.220000e-04  3.460672e-01  8.022682e-01  8.022682e-01  8.395861e-03  1.127644e+00  6.566663e+05  7.128269e+01  2.845014e+57  6.252152e+54  7.478982e-06  -9.573999e+105  1.000000e+00  -1.000000e+00  1.000000e+00
6.723400e+00  6.875298e+03  1.043767e+02  6.414631e+03  6.723400e+00  2.005809e+00  2.005434e+00  3.750000e-04  8.598106e+00  8.598106e+00  1.416750e+00  1.870000e-04  3.445629e-01  7.935258e-01  7.935258e-01  8.368929e-03  1.148778e+00  6.527697e+05  5.932673e+01  2.788446e+57  5.203469e+54  6.695471e-06  -6.806190e+105  1.000000e+00  -1.000000e+00  1.000000e+00
6.723400e+00  7.731096e+03  1.043767e+02  7.270426e+03  6.723400e+00  1.979199e+00  1.978887e+00  3.120000e-04  8.524176e+00  8.524176e+00  1.332530e+00  1.580000e-04  3.429405e-01  7.842384e-01  7.842384e-01  8.369024e-03  1.176223e+00  6.485912e+05  4.935202e+01  2.733937e+57  4.328577e+54  5.711016e-06  -5.039456e+105  1.000000e+00  -1.000000e+00  1.000000e+00
6.723400e+00  8.701063e+03  1.043767e+02  8.240395e+03  6.723400e+00  1.953584e+00  1.953324e+00  2.600000e-04  8.456236e+00  8.456236e+00  1.253135e+00  1.330000e-04  3.412217e-01  7.745551e-01  7.745551e-01  8.397898e-03  1.210308e+00  6.433840e+05  4.103650e+01  2.675642e+57  3.599221e+54  5.199020e-06  -3.578453e+105  1.000000e+00  -1.000000e+00  1.000000e+00
6.723400e+00  9.800430e+03  1.043767e+02  9.339770e+03  6.723400e+00  1.929126e+00  1.928910e+00  2.160000e-04  8.394409e+00  8.394409e+00  1.178301e+00  1.120000e-04  3.394315e-01  7.646347e-01  7.646347e-01  8.449395e-03  1.250183e+00  6.389005e+05  3.410892e+01  2.626400e+57  2.991606e+54  5.271704e-06  -2.316338e+105  1.000000e+00  -1.000000e+00  1.000000e+00
6.723400e+00  1.104648e+04  1.043767e+02  1.058582e+04  6.723400e+00  1.905966e+00  1.905786e+00  1.790000e-04  8.338797e+00  8.338797e+00  1.107827e+00  9.400000e-05  3.375929e-01  7.546178e-01  7.546178e-01  8.520571e-03  1.295421e+00  6.343602e+05  2.834114e+01  2.580091e+57  2.485719e+54  4.941854e-06  -1.591659e+105  1.000000e+00  -1.000000e+00  1.000000e+00
6.723400e+00  1.245877e+04  1.043767e+02  1.199810e+04  6.723400e+00  1.884223e+00  1.884074e+00  1.490000e-04  8.289394e+00  8.289394e+00  1.041415e+00  7.900000e-05  3.357308e-01  7.446446e-01  7.446446e-01  8.606406e-03  1.345162e+00  6.298252e+05  2.354153e+01  2.536888e+57  2.064752e+54  4.366402e-06  -1.147460e+105  1.000000e+00  -1.000000e+00  1.000000e+00
6.723400e+00  1.405947e+04  1.043767e+02  1.359880e+04  6.723400e+00  1.864000e+00  1.863876e+00  1.240000e-04  8.246351e+00  8.246351e+00  9.789200e-01  6.600000e-05  3.338609e-01  7.347989e-01  7.347989e-01  8.711190e-03  1.400097e+00  6.246182e+05  1.954951e+01  2.491419e+57  1.714620e+54  4.109698e-06  -7.896332e+104  1.000000e+00  -1.000000e+00  1.000000e+00
6.723400e+00  1.587372e+04  1.043767e+02  1.541306e+04  6.723400e+00  1.845372e+00  1.845270e+00  1.030000e-04  8.209370e+00  8.209370e+00  9.200700e-01  5.600000e-05  3.320136e-01  7.252336e-01  7.252336e-01  8.824341e-03  1.458182e+00  6.202895e+05  1.623058e+01  2.454996e+57  1.423524e+54  4.184614e-06  -4.866301e+104  1.000000e+00  -1.000000e+00  1.000000e+00
6.723400e+00  1.793002e+04  1.043767e+02  1.746936e+04  6.723400e+00  1.828402e+00  1.828317e+00  8.500000e-05  8.178334e+00  8.178334e+00  8.647030e-01  4.700000e-05  3.302087e-01  7.160396e-01  7.160396e-01  8.944615e-03  1.518895e+00  6.161265e+05  1.347227e+01  2.422012e+57  1.181601e+54  3.962265e-06  -3.215224e+104  1.000000e+00  -1.000000e+00  1.000000e+00
6.723400e+00  2.025605e+04  1.043767e+02  1.979538e+04  6.723400e+00  1.813156e+00  1.813085e+00  7.100000e-05  8.153155e+00  8.153155e+00  8.127410e-01  3.900000e-05  3.284665e-01  7.073028e-01  7.073028e-01  9.068978e-03  1.581290e+00  6.121754e+05  1.118456e+01  2.392462e+57  9.809523e+53  3.856461e-06  -2.343330e+104  1.000000e+00  -1.000000e+00  1.000000e+00
9.236700e+00  1.030404e+02  1.264085e+02  1.000000e+00  9.236700e+00  1.779420e+00  2.390000e-02  1.755519e+00  2.579700e+01  6.648009e+00  2.579700e+01  9.865680e-01  1.018804e-01  1.206713e-01  3.357986e-02  9.637327e-02  5.853503e+03  3.594409e+03  2.939599e+05  3.018865e+55  2.602855e+58  5.383927e-06  6.812530e+109  1.000000e+00  1.000000e+00  0.000000e+00
9.236700e+00  1.076573e+02  1.264085e+02  1.133400e+00  9.236700e+00  1.765378e+00  2.744100e-02  1.737937e+00  2.579539e+01  6.747203e+00  2.579539e+01  9.844560e-01  1.010828e-01  1.195503e-01  3.499684e-02  9.644715e-02  6.092694e+03  4.132371e+03  2.908138e+05  3.463538e+55  2.577247e+58  5.392699e-06  6.701318e+109  1.000000e+00  1.000000e+00  0.000000e+00
9.236700e+00  1.131115e+02  1.264085e+02  1.284600e+00  9.236700e+00  1.749746e+00  3.142200e-02  1.718325e+00  2.579101e+01  6.849779e+00  2.579101e+01  9.820420e-01  1.002047e-01  1.183202e-01  3.651022e-02  9.650423e-02  6.371057e+03  4.738686e+03  2.873141e+05  3.958986e+55  2.548629e+58  5.414924e-06  6.634145e+109  1.000000e+00  1.000000e+00  0.000000e+00
9.236700e+00  1.191072e+02  1.264085e+02  1.456000e+00  9.236700e+00  1.732285e+00  3.592400e-02  1.696361e+00  2.578295e+01  6.955943e+00  2.578295e+01  9.792620e-01  9.923581e-02  1.169675e-01  3.813479e-02  9.652526e-02  6.686506e+03  5.426230e+03  2.834102e+05  4.516508e+55  2.516557e+58  5.440768e-06  7.292731e+109  1.000000e+00  1.000000e+00  0.000000e+00
9.236700e+00  1.250167e+02  1.264085e+02  1.650300e+00  9.236700e+00  1.712778e+00  4.101300e-02  1.671765e+00  2.576953e+01  7.065504e+00  2.576953e+01  9.760550e-01  9.816942e-02  1.154844e-01  3.987688e-02  9.650924e-02  7.057033e+03  6.205314e+03  2.790545e+05  5.144436e+55  2.480597e+58  5.468581e-06  7.930848e+109  1.000000e+00  1.000000e+00  0.000000e+00
9.236700e+00  1.316026e+02  1.264085e+02  1.870400e+00  9.236700e+00  1.690992e+00  4.676400e-02  1.644229e+00  2.575419e+01  7.178516e+00  2.575419e+01  9.723450e-01  9.697849e-02  1.138351e-01  4.174629e-02  9.642394e-02  7.494653e+03  7.088240e+03  2.741994e+05  5.852398e+55  2.440312e+58  5.496440e-06  8.813116e+109  1.000000e+00  1.000000e+00  0.000000e+00
9.236700e+00  1.379494e+02  1.264085e+02  2.120000e+00  9.236700e+00  1.666648e+00  5.326000e-02  1.613388e+00  2.572284e+01  7.294955e+00  2.572284e+01  9.680440e-01  9.569883e-02  1.120710e-01  4.375303e-02  9.629409e-02  7.998817e+03  8.088771e+03  2.687803e+05  6.651029e+55  2.395099e+58  5.518707e-06  8.020435e+109  1.000000e+00  1.000000e+00  0.000000e+00
9.236700e+00  1.527256e+02  1.264085e+02  2.402800e+00  9.236700e+00  1.641077e+00  5.997100e-02  1.581106e+00  2.569227e+01  7.404208e+00  2.569227e+01  9.634570e-01  9.434265e-02  1.102105e-01  4.569181e-02  9.612344e-02  8.574279e+03  9.125354e+03  2.631183e+05  7.474873e+55  2.347754e+58  5.545135e-06  1.222483e+110  1.000000e+00  1.000000e+00  0.000000e+00
9.236700e+00  1.576382e+02  1.264085e+02  2.723400e+00  9.236700e+00  1.612205e+00  6.763500e-02  1.544570e+00  2.565483e+01  7.515716e+00  2.565483e+01  9.580480e-01  9.281811e-02  1.081302e-01  4.779370e-02  9.584910e-02  9.266762e+03  1.031315e+04  2.567414e+05  8.414984e+55  2.294116e+58  5.581660e-06  1.613173e+110  1.000000e+00  1.000000e+00  0.000000e+00
9.236700e+00  1.627167e+02  1.264085e+02  3.086700e+00  9.236700e+00  1.579214e+00  7.658700e-02  1.502627e+00  2.559183e+01  7.634376e+00  2.559183e+01  9.515030e-01  9.114257e-02  1.058572e-01  5.015290e-02  9.540659e-02  1.010945e+04  1.170558e+04  2.494595e+05  9.513397e+55  2.232424e+58  5.622086e-06  1.864065e+110  1.000000e+00  1.000000e+00  0.000000e+00
9.236700e+00  1.679681e+02  1.264085e+02  3.498500e+00  9.236700e+00  1.541759e+00  8.698000e-02  1.454778e+00  2.550592e+01  7.760849e+00  2.550592e+01  9.435840e-01  8.928059e-02  1.033477e-01  5.278989e-02  9.472184e-02  1.113647e+04  1.332911e+04  2.412008e+05  1.079015e+56  2.161947e+58  5.666901e-06  2.147216e+110  1.000000e+00  1.000000e+00  0.000000e+00
9.236700e+00  1.734000e+02  1.264085e+02  3.965200e+00  9.236700e+00  1.499475e+00  9.899800e-02  1.400477e+00  2.539193e+01  7.895577e+00  2.539193e+01  9.339780e-01  8.722180e-02  1.005927e-01  5.572666e-02  9.376582e-02  1.237822e+04  1.521545e+04  2.318851e+05  1.226911e+56  2.081858e+58  5.714086e-06  2.466813e+110  1.000000e+00  1.000000e+00  0.000000e+00
9.236700e+00  1.790190e+02  1.264085e+02  4.494300e+00  9.236700e+00  1.452034e+00  1.128490e-01  1.339185e+00  2.523472e+01  8.038894e+00  2.523472e+01  9.222820e-01  8.498844e-02  9.762731e-02  5.898624e-02  9.242955e-02  1.389682e+04  1.740084e+04  2.214337e+05  1.397736e+56  1.991318e+58  5.763089e-06  2.826111e+110  1.000000e+00  1.000000e+00  0.000000e+00
9.236700e+00  1.848335e+02  1.264085e+02  5.093900e+00  9.236700e+00  1.399185e+00  1.287650e-01  1.270420e+00  2.502594e+01  8.191042e+00  2.502594e+01  9.079710e-01  8.257838e-02  9.445406e-02  6.259222e-02  9.062564e-02  1.575152e+04  1.992677e+04  2.097792e+05  1.594581e+56  1.889563e+58  5.818199e-06  3.227962e+110  1.000000e+00  1.000000e+00  0.000000e+00
9.236700e+00  1.908524e+02  1.264085e+02  5.773400e+00  9.236700e+00  1.340862e+00  1.470070e-01  1.193855e+00  2.475682e+01  8.352114e+00  2.475682e+01  8.903640e-01  7.999647e-02  9.108487e-02  6.656824e-02  8.822406e-02  1.793661e+04  2.284023e+04  1.968954e+05  1.820918e+56  1.776197e+58  5.876112e-06  3.669278e+110  1.000000e+00  1.000000e+00  0.000000e+00
9.236700e+00  1.970844e+02  1.264085e+02  6.543700e+00  9.236700e+00  1.277279e+00  1.678570e-01  1.109422e+00  2.439000e+01  8.522116e+00  2.439000e+01  8.685820e-01  7.734915e-02  8.766243e-02  7.093796e-02  8.511066e-02  2.049521e+04  2.619366e+04  1.827737e+05  2.080572e+56  1.650937e+58  5.935664e-06  4.140518e+110  1.000000e+00  1.000000e+00  0.000000e+00
9.236700e+00  2.035396e+02  1.264085e+02  7.416700e+00  9.236700e+00  1.209162e+00  1.916270e-01  1.017535e+00  2.391595e+01  8.700997e+00  2.391595e+01  8.415210e-01  7.467556e-02  8.423852e-02  7.572486e-02  8.114478e-02  2.329916e+04  3.004578e+04  1.675090e+05  2.377828e+56  1.514471e+58  6.001968e-06  4.627349e+110  1.000000e+00  1.000000e+00  0.000000e+00
9.236700e+00  2.102287e+02  1.264085e+02  8.406200e+00  9.236700e+00  1.137934e+00  2.186510e-01  9.192830e-01  2.330535e+01  8.888555e+00  2.330535e+01  8.078530e-01  7.211790e-02  8.099316e-02  8.095146e-02  7.622485e-02  2.602938e+04  3.446167e+04  1.512936e+05  2.717333e+56  1.368393e+58  6.073520e-06  5.099244e+110  1.000000e+00  1.000000e+00  0.000000e+00
9.236700e+00  2.171631e+02  1.264085e+02  9.527700e+00  9.236700e+00  1.066014e+00  2.492890e-01  8.167250e-01  2.252207e+01  9.084515e+00  2.252207e+01  7.661480e-01  6.990951e-02  7.821429e-02  8.663913e-02  7.035214e-02  2.806710e+04  3.951450e+04  1.344707e+05  3.104311e+56  1.215746e+58  6.045457e-06  4.912561e+110  1.000000e+00  1.000000e+00  0.000000e+00
9.236700e+00  4.714565e+02  1.264085e+02  1.079880e+01  9.236700e+00  1.019850e+00  2.642680e-01  7.555820e-01  2.208258e+01  9.172332e+00  2.208258e+01  7.408760e-01  6.821316e-02  7.609422e-02  8.857444e-02  6.740995e-02  3.043413e+04  4.198353e+04  1.243115e+05  3.293150e+56  1.124859e+58  5.923535e-06  -1.028841e+110  1.000000e+00  -1.000000e+00  1.000000e+00
9.236700e+00  4.728972e+02  1.264085e+02  1.223950e+01  9.236700e+00  9.824550e-01  2.695020e-01  7.129530e-01  2.186375e+01  9.176189e+00  2.186375e+01  7.256850e-01  6.636969e-02  7.380442e-02  8.823331e-02  6.608219e-02  3.421156e+04  4.281884e+04  1.170922e+05  3.355829e+56  1.061644e+58  5.902589e-06  -2.139791e+109  1.000000e+00  -1.000000e+00  1.000000e+00
9.236700e+00  4.745300e+02  1.264085e+02  1.387240e+01  9.236700e+00  9.378840e-01  2.771450e-01  6.607380e-01  2.152650e+01  9.170936e+00  2.152650e+01  7.044990e-01  6.435126e-02  7.131398e-02  8.829825e-02  6.393659e-02  3.862689e+04  4.407886e+04  1.083479e+05  3.449227e+56  9.841008e+57  5.995395e-06  1.382268e+110  1.000000e+00  1.000000e+00  1.000000e+00
9.236700e+00  4.763807e+02  1.264085e+02  1.572320e+01  9.236700e+00  8.869280e-01  2.876140e-01  5.993140e-01  2.102349e+01  9.159458e+00  2.102349e+01  6.757190e-01  6.231105e-02  6.881419e-02  8.887092e-02  6.080333e-02  4.315398e+04  4.583331e+04  9.815773e+04  3.578514e+56  8.927458e+57  6.072055e-06  2.838219e+110  1.000000e+00  1.000000e+00  1.000000e+00
9.236700e+00  4.784787e+02  1.264085e+02  1.782080e+01  9.236700e+00  8.312430e-01  3.014240e-01  5.298180e-01  2.032398e+01  9.143952e+00  2.032398e+01  6.373810e-01  6.040888e-02  6.649923e-02  9.007768e-02  5.657051e-02  4.684465e+04  4.814205e+04  8.672953e+04  3.748016e+56  7.892994e+57  6.142115e-06  4.127883e+110  1.000000e+00  1.000000e+00  1.000000e+00
9.236700e+00  4.808563e+02  1.264085e+02  2.019840e+01  9.236700e+00  7.739990e-01  3.191540e-01  4.548450e-01  1.937152e+01  9.127088e+00  1.937152e+01  5.876560e-01  5.901442e-02  6.481168e-02  9.206074e-02  5.127011e-02  4.772878e+04  5.111434e+04  7.449243e+04  3.965670e+56  6.775919e+57  6.248246e-06  5.375955e+110  1.000000e+00  1.000000e+00  1.000000e+00
9.236700e+00  4.835509e+02  1.264085e+02  2.289310e+01  9.236700e+00  7.201970e-01  3.414170e-01  3.787800e-01  1.814422e+01  9.111874e+00  1.814422e+01  5.259390e-01  5.862661e-02  6.434378e-02  9.497149e-02  4.528294e-02  4.358458e+04  5.493016e+04  6.215329e+04  4.244484e+56  5.641694e+57  6.368369e-06  6.096411e+110  1.000000e+00  1.000000e+00  1.000000e+00
9.236700e+00  4.866048e+02  1.264085e+02  2.594730e+01  9.236700e+00  6.761840e-01  3.688450e-01  3.073390e-01  1.667840e+01  9.101657e+00  1.667840e+01  4.545200e-01  5.988143e-02  6.585998e-02  9.896235e-02  3.955258e-02  3.427465e+04  5.960532e+04  5.061558e+04  4.585158e+56  4.575823e+57  6.686652e-06  6.394124e+110  1.000000e+00  1.000000e+00  1.000000e+00
9.236700e+00  4.900671e+02  1.264085e+02  2.940900e+01  9.236700e+00  6.479410e-01  4.020530e-01  2.458880e-01  1.508236e+01  9.100282e+00  1.508236e+01  3.794910e-01  6.345231e-02  7.021037e-02  1.041741e-01  3.561129e-02  2.306580e+04  6.538574e+04  4.071245e+04  5.005223e+56  3.658472e+57  1.115616e-05  6.294269e+110  1.000000e+00  1.000000e+00  1.000000e+00
9.236700e+00  4.939909e+02  1.264085e+02  3.333260e+01  9.236700e+00  6.389640e-01  4.416210e-01  1.973430e-01  1.351045e+01  9.111566e+00  1.351045e+01  3.088480e-01  6.985346e-02  7.814404e-02  1.107268e-01  3.533766e-02  1.416533e+04  7.246086e+04  3.288557e+04  5.517875e+56  2.933216e+57  1.518887e-05  5.673367e+110  1.000000e+00  1.000000e+00  1.000000e+00
9.236700e+00  4.984378e+02  1.264085e+02  3.777960e+01  9.236700e+00  6.495140e-01  4.880660e-01  1.614480e-01  1.211295e+01  9.138397e+00  1.211295e+01  2.485670e-01  7.919907e-02  9.005060e-02  1.187158e-01  4.065607e-02  8.692667e+03  8.082762e+04  2.708191e+04  6.121398e+56  2.396443e+57  4.389317e-06  4.834431e+110  1.000000e+00  1.000000e+00  1.000000e+00
9.236700e+00  5.034775e+02  1.264085e+02  4.281980e+01  9.236700e+00  6.777050e-01  5.418150e-01  1.358900e-01  1.095554e+01  9.182470e+00  1.095554e+01  2.005150e-01  9.136689e-02  1.061607e-01  1.282095e-01  5.310306e-02  5.563187e+03  9.063040e+04  2.292741e+04  6.824855e+56  2.013636e+57  5.052529e-06  4.053170e+110  1.000000e+00  1.000000e+00  1.000000e+00
9.236700e+00  5.091908e+02  1.264085e+02  4.853260e+01  9.236700e+00  7.210490e-01  6.031820e-01  1.178670e-01  1.004718e+01  9.244355e+00  1.004718e+01  1.634660e-01  1.059990e-01  1.265133e-01  1.392478e-01  7.348155e-02  3.660787e+03  1.020094e+05  1.997424e+04  7.636338e+56  1.743033e+57  5.136965e-06  3.447205e+110  1.000000e+00  1.000000e+00  1.000000e+00
9.236700e+00  5.156662e+02  1.264085e+02  5.500740e+01  9.236700e+00  7.773060e-01  6.723380e-01  1.049690e-01  9.357702e+00  9.323522e+00  9.357702e+00  1.350410e-01  1.226887e-01  1.511584e-01  1.518414e-01  1.010417e-01  2.424116e+03  1.151176e+05  1.783736e+04  8.564567e+56  1.548719e+57  5.089471e-06  2.949782e+110  1.000000e+00  1.000000e+00  1.000000e+00
9.236700e+00  5.230050e+02  1.264085e+02  6.234610e+01  9.236700e+00  8.446770e-01  7.492880e-01  9.538900e-02  9.418231e+00  9.418231e+00  8.840974e+00  1.129300e-01  1.324656e-01  1.663691e-01  1.663691e-01  9.749286e-02  1.593547e+03  1.300869e+05  1.622764e+04  9.616101e+56  1.403775e+57  4.991770e-06  2.583005e+110  1.000000e+00  1.000000e+00  1.000000e+00
9.236700e+00  5.313221e+02  1.264085e+02  7.066390e+01  9.236700e+00  9.216680e-01  8.337940e-01  8.787400e-02  9.524084e+00  9.524084e+00  8.446989e+00  9.534200e-02  1.429331e-01  1.833418e-01  1.833418e-01  9.357072e-02  1.045648e+03  1.469805e+05  1.494443e+04  1.079170e+57  1.289572e+57  4.938015e-06  2.235487e+110  1.000000e+00  1.000000e+00  1.000000e+00
9.236700e+00  5.407496e+02  1.264085e+02  8.009140e+01  9.236700e+00  1.006902e+00  9.252910e-01  8.161100e-02  9.637178e+00  9.637178e+00  8.136118e+00  8.105200e-02  1.543189e-01  2.026719e-01  2.026719e-01  8.990142e-02  6.848256e+02  1.653050e+05  1.385764e+04  1.204987e+57  1.194087e+57  4.820730e-06  1.951262e+110  1.000000e+00  1.000000e+00  1.000000e+00
9.236700e+00  5.514360e+02  1.264085e+02  9.077660e+01  9.236700e+00  1.098993e+00  1.022957e+00  7.603500e-02  9.754173e+00  9.754173e+00  7.884840e+00  6.918600e-02  1.664125e-01  2.242782e-01  2.242782e-01  8.601652e-02  4.493268e+02  1.859655e+05  1.287774e+04  1.345328e+57  1.108990e+57  4.608178e-06  1.736529e+110  1.000000e+00  1.000000e+00  1.000000e+00
9.236700e+00  5.635472e+02  1.264085e+02  1.028874e+02  9.236700e+00  1.196475e+00  1.125758e+00  7.071800e-02  9.871970e+00  9.871970e+00  7.683309e+00  5.910500e-02  1.790117e-01  2.480743e-01  2.480743e-01  8.173601e-02  2.964262e+02  2.084205e+05  1.193978e+04  1.495645e+57  1.028054e+57  4.454914e-06  1.506444e+110  1.000000e+00  1.000000e+00  1.000000e+00
9.236700e+00  5.772730e+02  1.264085e+02  1.166139e+02  9.236700e+00  1.297793e+00  1.232367e+00  6.542600e-02  9.987640e+00  9.987640e+00  7.487130e+00  5.041300e-02  1.919217e-01  2.739561e-01  2.739561e-01  7.701692e-02  1.971851e+02  2.325154e+05  1.101080e+04  1.654229e+57  9.479628e+56  4.291104e-06  1.288680e+110  1.000000e+00  1.000000e+00  1.000000e+00
9.236700e+00  5.928297e+02  1.264085e+02  1.321717e+02  9.236700e+00  1.401240e+00  1.341057e+00  6.018300e-02  1.009827e+01  1.009827e+01  7.282042e+00  4.295000e-02  2.049497e-01  3.017782e-01  3.017782e-01  7.191138e-02  1.325773e+02  2.580405e+05  1.009549e+04  1.819003e+57  8.690655e+56  4.119429e-06  1.078306e+110  1.000000e+00  1.000000e+00  1.000000e+00
9.236700e+00  6.104652e+02  1.264085e+02  1.498051e+02  9.236700e+00  1.505002e+00  1.449965e+00  5.503700e-02  1.020097e+01  1.020097e+01  7.068753e+00  3.656900e-02  2.179100e-01  3.313466e-01  3.313466e-01  6.654395e-02  9.028833e+01  2.846715e+05  9.202321e+03  1.987028e+57  7.920920e+56  3.945440e-06  8.799357e+109  1.000000e+00  1.000000e+00  1.000000e+00
9.236700e+00  6.304521e+02  1.264085e+02  1.697911e+02  9.236700e+00  1.607272e+00  1.557235e+00  5.003600e-02  1.029332e+01  1.029332e+01  6.848477e+00  3.113100e-02  2.306299e-01  3.624177e-01  3.624177e-01  6.104853e-02  6.237437e+01  3.120514e+05  8.339216e+03  2.155265e+57  7.177234e+56  3.771005e-06  6.999334e+109  1.000000e+00  1.000000e+00  1.000000e+00
9.236700e+00  6.531038e+02  1.264085e+02  1.924434e+02  9.236700e+00  1.706326e+00  1.661102e+00  4.522400e-02  1.037320e+01  1.037320e+01  6.621750e+00  2.650300e-02  2.429577e-01  3.947060e-01  3.947060e-01  5.562736e-02  4.380709e+01  3.397648e+05  7.513200e+03  2.320262e+57  6.465637e+56  3.599251e-06  5.414733e+109  1.000000e+00  1.000000e+00  1.000000e+00
9.236700e+00  6.787757e+02  1.264085e+02  2.181178e+02  9.236700e+00  1.800621e+00  1.759984e+00  4.063700e-02  1.043904e+01  1.043904e+01  6.390181e+00  2.256800e-02  2.547672e-01  4.278931e-01  4.278931e-01  5.036595e-02  3.128447e+01  3.673771e+05  6.730257e+03  2.478579e+57  5.791269e+56  3.369068e-06  4.198960e+109  1.000000e+00  1.000000e+00  1.000000e+00
9.236700e+00  7.078781e+02  1.264085e+02  2.472176e+02  9.236700e+00  1.888842e+00  1.852534e+00  3.630700e-02  1.048972e+01  1.048972e+01  6.155057e+00  1.922200e-02  2.659582e-01  4.616329e-01  4.616329e-01  4.538690e-02  2.273874e+01  3.955063e+05  5.995119e+03  2.634736e+57  5.158187e+56  3.072134e-06  3.264539e+109  1.000000e+00  1.000000e+00  1.000000e+00
9.236700e+00  7.408620e+02  1.264085e+02  2.801996e+02  9.236700e+00  1.969932e+00  1.937672e+00  3.225900e-02  1.052456e+01  1.052456e+01  5.917560e+00  1.637600e-02  2.764578e-01  4.955649e-01  4.955649e-01  4.076874e-02  1.683089e+01  4.239425e+05  5.311195e+03  2.787391e+57  4.569310e+56  2.906211e-06  2.356285e+109  1.000000e+00  1.000000e+00  1.000000e+00
9.236700e+00  7.782441e+02  1.264085e+02  3.175819e+02  9.236700e+00  2.043116e+00  2.014608e+00  2.850800e-02  1.054340e+01  1.054340e+01  5.679139e+00  1.395300e-02  2.862159e-01  5.293161e-01  5.293161e-01  3.655173e-02  1.268669e+01  4.498798e+05  4.680573e+03  2.915662e+57  4.026414e+56  2.747273e-06  1.587421e+109  1.000000e+00  1.000000e+00  1.000000e+00
9.236700e+00  8.206108e+02  1.264085e+02  3.599514e+02  9.236700e+00  2.107885e+00  2.082822e+00  2.506300e-02  1.054641e+01  1.054641e+01  5.440584e+00  1.189000e-02  2.952051e-01  5.625196e-01  5.625196e-01  3.274688e-02  9.737731e+00  4.753179e+05  4.104057e+03  3.034894e+57  3.530172e+56  2.456886e-06  1.139131e+109  1.000000e+00  1.000000e+00  1.000000e+00
9.236700e+00  8.686339e+02  1.264085e+02  4.079736e+02  9.236700e+00  2.163983e+00  2.142058e+00  2.192500e-02  1.053413e+01  1.053413e+01  5.203630e+00  1.013200e-02  3.034148e-01  5.948125e-01  5.948125e-01  2.934666e-02  7.608220e+00  5.001029e+05  3.581316e+03  3.144467e+57  3.080281e+56  2.167280e-06  8.213489e+108  1.000000e+00  1.000000e+00  1.000000e+00
9.236700e+00  9.230662e+02  1.264085e+02  4.624025e+02  9.236700e+00  2.211372e+00  2.192282e+00  1.909000e-02  1.050720e+01  1.050720e+01  4.969120e+00  8.633000e-03  3.108539e-01  6.258716e-01  6.258716e-01  2.634353e-02  6.050643e+00  5.239437e+05  3.110997e+03  3.242823e+57  2.675561e+56  1.936146e-06  5.222678e+108  1.000000e+00  1.000000e+00  1.000000e+00
9.236700e+00  9.847572e+02  1.264085e+02  5.240930e+02  9.236700e+00  2.250208e+00  2.233659e+00  1.654900e-02  1.046672e+01  1.046672e+01  4.738826e+00  7.354000e-03  3.175364e-01  6.553769e-01  6.553769e-01  2.370648e-02  4.895626e+00  5.453100e+05  2.690944e+03  3.319259e+57  2.314141e+56  1.698361e-06  3.147444e+108  1.000000e+00  1.000000e+00  1.000000e+00
9.236700e+00  1.054675e+03  1.264085e+02  5.940138e+02  9.236700e+00  2.280790e+00  2.266504e+00  1.428600e-02  1.041367e+01  1.041367e+01  4.511804e+00  6.264000e-03  3.234918e-01  6.830713e-01  6.830713e-01  2.140158e-02  4.027568e+00  5.653894e+05  2.318330e+03  3.383409e+57  1.993574e+56  1.442045e-06  1.769908e+108  1.000000e+00  1.000000e+00  1.000000e+00
9.236700e+00  1.133922e+03  1.264085e+02  6.732629e+02  9.236700e+00  2.303545e+00  2.291260e+00  1.228500e-02  1.034936e+01  1.034936e+01  4.290659e+00  5.333000e-03  3.287495e-01  7.087127e-01  7.087127e-01  1.939526e-02  3.367303e+00  5.825991e+05  1.989927e+03  3.424279e+57  1.711073e+56  1.164707e-06  8.855956e+107  1.000000e+00  1.000000e+00  1.000000e+00
9.236700e+00  1.223749e+03  1.264085e+02  7.630849e+02  9.236700e+00  2.318982e+00  2.308455e+00  1.052700e-02  1.027508e+01  1.027508e+01  4.076194e+00  4.540000e-03  3.333450e-01  7.321112e-01  7.321112e-01  1.765429e-02  2.859496e+00  5.983769e+05  1.702205e+03  3.453447e+57  1.463591e+56  7.796586e-07  5.331134e+107  1.000000e+00  1.000000e+00  1.000000e+00
9.236700e+00  1.325556e+03  1.264085e+02  8.648903e+02  9.236700e+00  2.327666e+00  2.318675e+00  8.991000e-03  1.019195e+01  1.019195e+01  3.866856e+00  3.863000e-03  3.373224e-01  7.531581e-01  7.531581e-01  1.614581e-02  2.464581e+00  6.140213e+05  1.451484e+03  3.481600e+57  1.247953e+56  3.693313e-07  1.339580e+107  1.000000e+00  1.000000e+00  1.000000e+00
9.236700e+00  1.440942e+03  1.264085e+02  9.802778e+02  9.236700e+00  2.330202e+00  2.322546e+00  7.655000e-03  1.010155e+01  1.010155e+01  3.665176e+00  3.285000e-03  3.407117e-01  7.717117e-01  7.717117e-01  1.484701e-02  2.155821e+00  6.252870e+05  1.234120e+03  3.477561e+57  1.061020e+56  -2.411530e-08  -1.332542e+107  -1.000000e+00  -1.000000e+00  1.000000e+00
9.236700e+00  1.571717e+03  1.264085e+02  1.111060e+03  9.236700e+00  2.327206e+00  2.320706e+00  6.500000e-03  1.000498e+01  1.000498e+01  3.470781e+00  2.793000e-03  3.435581e-01  7.877571e-01  7.877571e-01  1.373450e-02  1.913024e+00  6.363839e+05  1.046537e+03  3.473741e+57  8.997109e+55  -5.750405e-07  -1.012374e+107  -1.000000e+00  -1.000000e+00  1.000000e+00
9.236700e+00  1.719954e+03  1.264085e+02  1.259289e+03  9.236700e+00  2.319298e+00  2.313792e+00  5.506000e-03  9.903482e+00  9.903482e+00  3.283949e+00  2.374000e-03  3.458998e-01  8.012889e-01  8.012889e-01  1.277915e-02  1.720518e+00  6.460086e+05  8.853336e+02  3.461141e+57  7.610959e+55  -1.424495e-06  -1.650041e+107  -1.000000e+00  -1.000000e+00  1.000000e+00
9.236700e+00  1.887962e+03  1.264085e+02  1.427295e+03  9.236700e+00  2.307082e+00  2.302429e+00  4.652000e-03  9.798340e+00  9.798340e+00  3.104741e+00  2.017000e-03  3.477700e-01  8.123199e-01  8.123199e-01  1.196473e-02  1.568014e+00  6.527930e+05  7.473287e+02  3.430177e+57  6.424355e+55  -2.137423e-06  -1.703174e+107  -1.000000e+00  -1.000000e+00  1.000000e+00
9.236700e+00  2.078381e+03  1.264085e+02  1.617714e+03  9.236700e+00  2.291143e+00  2.287219e+00  3.923000e-03  9.690599e+00  9.690599e+00  2.933249e+00  1.712000e-03  3.492072e-01  8.209358e-01  8.209358e-01  1.126538e-02  1.446236e+00  6.594631e+05  6.295920e+02  3.401622e+57  5.412077e+55  -3.918514e-06  -1.471085e+107  -1.000000e+00  -1.000000e+00  1.000000e+00
9.236700e+00  2.294199e+03  1.264085e+02  1.833538e+03  9.236700e+00  2.272038e+00  2.268736e+00  3.302000e-03  9.581460e+00  9.581460e+00  2.769587e+00  1.453000e-03  3.502399e-01  8.272034e-01  8.272034e-01  1.067298e-02  1.350104e+00  6.635286e+05  5.294610e+02  3.357448e+57  4.551212e+55  -6.557019e-06  -1.404363e+107  -1.000000e+00  -1.000000e+00  1.000000e+00
9.236700e+00  2.538819e+03  1.264085e+02  2.078156e+03  9.236700e+00  2.250295e+00  2.247520e+00  2.775000e-03  9.471863e+00  9.471863e+00  2.613508e+00  1.233000e-03  3.509018e-01  8.312549e-01  8.312549e-01  1.016964e-02  1.274344e+00  6.664075e+05  4.445420e+02  3.308658e+57  3.821160e+55  -8.120826e-06  -1.048510e+107  -1.000000e+00  -1.000000e+00  1.000000e+00
9.236700e+00  2.816077e+03  1.264085e+02  2.355409e+03  9.236700e+00  2.226406e+00  2.224078e+00  2.328000e-03  9.362813e+00  9.362813e+00  2.464973e+00  1.046000e-03  3.512203e-01  8.332139e-01  8.332139e-01  9.748217e-03  1.216007e+00  6.693022e+05  3.727064e+02  3.264531e+57  3.203611e+55  -3.782707e-05  -8.163974e+106  -1.000000e+00  -1.000000e+00  1.000000e+00
9.236700e+00  3.130319e+03  1.264085e+02  2.669651e+03  9.236700e+00  2.200829e+00  2.198878e+00  1.950000e-03  9.255199e+00  9.255199e+00  2.323837e+00  8.860000e-04  3.512224e-01  8.332266e-01  8.332266e-01  9.396920e-03  1.172151e+00  6.699455e+05  3.120764e+02  3.208320e+57  2.682412e+55  2.611993e-04  -6.952934e+106  1.000000e+00  -1.000000e+00  1.000000e+00
9.236700e+00  3.486480e+03  1.264085e+02  3.025817e+03  9.236700e+00  2.173986e+00  2.172353e+00  1.632000e-03  9.149707e+00  9.149707e+00  2.189883e+00  7.510000e-04  3.509386e-01  8.314808e-01  8.314808e-01  9.106877e-03  1.140571e+00  6.696425e+05  2.610082e+02  3.149933e+57  2.243423e+55  6.370748e-05  -5.280742e+106  1.000000e+00  -1.000000e+00  1.000000e+00
9.236700e+00  3.890162e+03  1.264085e+02  3.429500e+03  9.236700e+00  2.146266e+00  2.144902e+00  1.364000e-03  9.047237e+00  9.047237e+00  2.062913e+00  6.360000e-04  3.503880e-01  8.281075e-01  8.281075e-01  8.876646e-03  1.120500e+00  6.685105e+05  2.180721e+02  3.090326e+57  1.874348e+55  2.022800e-05  -3.951925e+106  1.000000e+00  -1.000000e+00  1.000000e+00
9.236700e+00  4.347708e+03  1.264085e+02  3.887040e+03  9.236700e+00  2.118023e+00  2.116883e+00  1.139000e-03  8.948282e+00  8.948282e+00  1.942713e+00  5.380000e-04  3.496009e-01  8.233180e-01  8.233182e-01  8.694079e-03  1.109860e+00  6.666304e+05  1.820316e+02  3.030074e+57  1.564556e+55  1.318620e-05  -2.926088e+106  1.000000e+00  -1.000000e+00  1.000000e+00
9.236700e+00  4.866291e+03  1.264085e+02  4.405622e+03  9.236700e+00  2.089579e+00  2.088628e+00  9.510000e-04  8.853421e+00  8.853421e+00  1.828892e+00  4.550000e-04  3.486015e-01  8.172900e-01  8.172900e-01  8.558251e-03  1.108275e+00  6.641005e+05  1.518230e+02  2.969847e+57  1.304898e+55  9.516159e-06  -2.253125e+106  1.000000e+00  -1.000000e+00  1.000000e+00
9.236700e+00  5.454054e+03  1.264085e+02  4.993389e+03  9.236700e+00  2.061227e+00  2.060434e+00  7.930000e-04  8.763190e+00  8.763190e+00  1.721601e+00  3.850000e-04  3.474123e-01  8.101945e-01  8.101945e-01  8.460954e-03  1.114557e+00  6.600705e+05  1.265359e+02  2.903150e+57  1.087547e+55  7.501814e-06  -1.653798e+106  1.000000e+00  -1.000000e+00  1.000000e+00
9.236700e+00  6.120229e+03  1.264085e+02  5.659571e+03  9.236700e+00  2.033233e+00  2.032573e+00  6.600000e-04  8.678134e+00  8.678134e+00  1.619757e+00  3.250000e-04  3.460529e-01  8.021842e-01  8.021842e-01  8.398919e-03  1.128288e+00  6.565683e+05  1.053914e+02  2.845003e+57  9.058065e+54  7.510517e-06  -1.109154e+106  1.000000e+00  -1.000000e+00  1.000000e+00
9.236700e+00  6.875298e+03  1.264085e+02  6.414631e+03  9.236700e+00  2.005830e+00  2.005280e+00  5.500000e-04  8.598412e+00  8.598412e+00  1.523873e+00  2.740000e-04  3.445542e-01  7.934758e-01  7.934758e-01  8.369193e-03  1.148959e+00  6.526878e+05  8.773012e+01  2.788440e+57  7.540066e+54  6.713896e-06  -7.890039e+105  1.000000e+00  -1.000000e+00  1.000000e+00
9.236700e+00  7.731096e+03  1.264085e+02  7.270426e+03  9.236700e+00  1.979232e+00  1.978774e+00  4.580000e-04  8.524512e+00  8.524512e+00  1.433328e+00  2.310000e-04  3.429326e-01  7.841938e-01  7.841938e-01  8.371484e-03  1.176700e+00  6.485309e+05  7.299106e+01  2.733994e+57  6.273253e+54  5.727257e-06  -5.844656e+105  1.000000e+00  -1.000000e+00  1.000000e+00
9.236700e+00  8.701063e+03  1.264085e+02  8.240395e+03  9.236700e+00  1.953622e+00  1.953242e+00  3.810000e-04  8.456523e+00  8.456523e+00  1.348124e+00  1.950000e-04  3.412168e-01  7.745277e-01  7.745277e-01  8.399939e-03  1.210689e+00  6.433351e+05  6.070091e+01  2.675699e+57  5.216936e+54  5.207647e-06  -4.150533e+105  1.000000e+00  -1.000000e+00  1.000000e+00
9.236700e+00  9.800430e+03  1.264085e+02  9.339770e+03  9.236700e+00  1.929168e+00  1.928852e+00  3.160000e-04  8.394691e+00  8.394691e+00  1.267569e+00  1.640000e-04  3.394275e-01  7.646128e-01  7.646128e-01  8.450419e-03  1.250407e+00  6.388645e+05  5.045967e+01  2.626482e+57  4.336727e+54  5.280194e-06  -2.686982e+105  1.000000e+00  -1.000000e+00  1.000000e+00
9.236700e+00  1.104648e+04  1.264085e+02  1.058582e+04  9.236700e+00  1.906009e+00  1.905746e+00  2.630000e-04  8.339047e+00  8.339047e+00  1.191804e+00  1.380000e-04  3.375904e-01  7.546042e-01  7.546042e-01  8.522113e-03  1.295703e+00  6.343324e+05  4.193149e+01  2.580174e+57  3.603758e+54  4.949349e-06  -1.847053e+105  1.000000e+00  -1.000000e+00  1.000000e+00
9.236700e+00  1.245877e+04  1.264085e+02  1.199810e+04  9.236700e+00  1.884266e+00  1.884048e+00  2.190000e-04  8.289665e+00  8.289665e+00  1.120384e+00  1.160000e-04  3.357275e-01  7.446268e-01  7.446268e-01  8.609531e-03  1.345717e+00  6.298084e+05  3.483362e+01  2.537001e+57  2.993725e+54  4.371353e-06  -1.331357e+105  1.000000e+00  -1.000000e+00  1.000000e+00
9.236700e+00  1.405947e+04  1.264085e+02  1.359880e+04  9.236700e+00  1.864040e+00  1.863858e+00  1.820000e-04  8.246525e+00  8.246525e+00  1.053173e+00  9.700000e-05  3.338611e-01  7.347998e-01  7.347998e-01  8.711834e-03  1.400198e+00  6.246011e+05  2.892918e+01  2.491488e+57  2.486266e+54  4.109564e-06  -9.175764e+104  1.000000e+00  -1.000000e+00  1.000000e+00
9.236700e+00  1.587372e+04  1.264085e+02  1.541306e+04  9.236700e+00  1.845410e+00  1.845259e+00  1.510000e-04  8.209474e+00  8.209474e+00  9.899250e-01  8.200000e-05  3.320162e-01  7.252469e-01  7.252469e-01  8.823379e-03  1.457967e+00  6.202740e+05  2.401966e+01  2.455040e+57  2.064319e+54  4.190003e-06  -5.648680e+104  1.000000e+00  -1.000000e+00  1.000000e+00
9.236700e+00  1.793002e+04  1.264085e+02  1.746936e+04  9.236700e+00  1.828437e+00  1.828312e+00  1.250000e-04  8.178548e+00  8.178548e+00  9.303990e-01  6.800000e-05  3.302064e-01  7.160280e-01  7.160280e-01  8.945992e-03  1.519182e+00  6.161222e+05  1.993897e+01  2.422110e+57  1.713607e+54  3.967039e-06  -3.731264e+104  1.000000e+00  -1.000000e+00  1.000000e+00
9.236700e+00  2.025605e+04  1.264085e+02  1.979538e+04  9.236700e+00  1.813187e+00  1.813084e+00  1.040000e-04  8.153291e+00  8.153291e+00  8.744770e-01  5.700000e-05  3.284668e-01  7.073040e-01  7.073040e-01  9.069699e-03  1.581410e+00  6.121704e+05  1.655408e+01  2.392531e+57  1.422697e+54  3.855702e-06  -2.723382e+104  1.000000e+00  -1.000000e+00  1.000000e+00
1.268960e+01  1.030404e+02  1.537538e+02  1.000000e+00  1.268960e+01  1.909255e+00  1.915800e-02  1.890098e+00  2.496906e+01  6.107843e+00  2.496906e+01  9.899660e-01  1.129389e-01  1.365675e-01  3.408523e-02  8.588711e-02  3.116177e+03  2.880517e+03  3.217858e+05  2.419750e+55  2.791729e+58  5.172206e-06  3.813893e+109  1.000000e+00  1.000000e+00  0.000000e+00
1.268960e+01  1.076573e+02  1.537538e+02  1.133400e+00  1.268960e+01  1.898478e+00  2.208000e-02  1.876398e+00  2.497425e+01  6.208289e+00  2.497425e+01  9.883700e-01  1.122780e-01  1.355984e-01  3.556912e-02  8.601290e-02  3.213620e+03  3.324303e+03  3.192583e+05  2.786612e+55  2.772015e+58  5.183834e-06  3.762043e+109  1.000000e+00  1.000000e+00  0.000000e+00
1.268960e+01  1.131115e+02  1.537538e+02  1.284600e+00  1.268960e+01  1.886436e+00  2.538200e-02  1.861054e+00  2.497825e+01  6.312211e+00  2.497825e+01  9.865450e-01  1.115480e-01  1.345309e-01  3.715353e-02  8.613434e-02  3.324886e+03  3.826936e+03  3.164386e+05  3.197416e+55  2.749918e+58  5.208397e-06  3.748493e+109  1.000000e+00  1.000000e+00  0.000000e+00
1.268960e+01  1.191072e+02  1.537538e+02  1.456000e+00  1.268960e+01  1.872906e+00  2.913500e-02  1.843771e+00  2.498038e+01  6.419899e+00  2.498038e+01  9.844440e-01  1.107385e-01  1.333505e-01  3.885353e-02  8.624701e-02  3.452731e+03  4.399580e+03  3.132746e+05  3.661895e+55  2.724990e+58  5.233878e-06  4.144299e+109  1.000000e+00  1.000000e+00  0.000000e+00
1.268960e+01  1.250167e+02  1.537538e+02  1.650300e+00  1.268960e+01  1.857701e+00  3.339700e-02  1.824305e+00  2.498010e+01  6.531202e+00  2.498010e+01  9.820230e-01  1.098407e-01  1.320458e-01  4.067580e-02  8.634322e-02  3.600138e+03  5.051573e+03  3.097253e+05  4.187559e+55  2.696873e+58  5.260615e-06  4.531393e+109  1.000000e+00  1.000000e+00  0.000000e+00
1.268960e+01  1.316026e+02  1.537538e+02  1.870400e+00  1.268960e+01  1.840616e+00  3.823600e-02  1.802381e+00  2.497646e+01  6.646205e+00  2.497646e+01  9.792270e-01  1.088464e-01  1.306061e-01  4.263047e-02  8.641936e-02  3.770953e+03  5.793978e+03  3.057440e+05  4.783055e+55  2.665154e+58  5.288875e-06  5.066550e+109  1.000000e+00  1.000000e+00  0.000000e+00
1.268960e+01  1.379494e+02  1.537538e+02  2.120000e+00  1.268960e+01  1.821419e+00  4.372900e-02  1.777690e+00  2.496852e+01  6.764923e+00  2.496852e+01  9.759920e-01  1.077454e-01  1.290183e-01  4.472787e-02  8.646400e-02  3.969632e+03  6.639332e+03  3.012796e+05  5.458084e+55  2.629376e+58  5.311305e-06  4.638718e+109  1.000000e+00  1.000000e+00  0.000000e+00
1.268960e+01  1.527256e+02  1.537538e+02  2.402800e+00  1.268960e+01  1.801075e+00  4.946600e-02  1.751608e+00  2.495927e+01  6.877107e+00  2.495927e+01  9.725350e-01  1.065814e-01  1.273468e-01  4.677034e-02  8.650628e-02  4.193237e+03  7.524791e+03  2.965689e+05  6.162132e+55  2.591543e+58  5.334541e-06  7.179624e+109  1.000000e+00  1.000000e+00  0.000000e+00
1.268960e+01  1.576382e+02  1.537538e+02  2.723400e+00  1.268960e+01  1.777969e+00  5.605000e-02  1.721919e+00  2.494331e+01  6.992251e+00  2.494331e+01  9.684750e-01  1.052814e-01  1.254889e-01  4.898181e-02  8.649778e-02  4.458184e+03  8.544034e+03  2.912330e+05  6.969301e+55  2.548404e+58  5.372101e-06  9.506112e+109  1.000000e+00  1.000000e+00  0.000000e+00
1.268960e+01  1.627167e+02  1.537538e+02  3.086700e+00  1.268960e+01  1.751409e+00  6.375600e-02  1.687653e+00  2.491665e+01  7.114861e+00  2.491665e+01  9.635970e-01  1.038197e-01  1.234107e-01  5.145307e-02  8.639961e-02  4.775546e+03  9.741550e+03  2.851118e+05  7.914469e+55  2.498525e+58  5.414279e-06  1.103242e+110  1.000000e+00  1.000000e+00  0.000000e+00
1.268960e+01  1.679681e+02  1.537538e+02  3.498500e+00  1.268960e+01  1.721059e+00  7.272700e-02  1.648331e+00  2.487594e+01  7.245456e+00  2.487594e+01  9.577430e-01  1.021875e-01  1.211038e-01  5.420431e-02  8.618448e-02  5.156433e+03  1.114134e+04  2.781297e+05  9.015821e+55  2.441170e+58  5.458261e-06  1.277113e+110  1.000000e+00  1.000000e+00  0.000000e+00
1.268960e+01  1.734000e+02  1.537538e+02  3.965200e+00  1.268960e+01  1.686500e+00  8.313000e-02  1.603369e+00  2.481679e+01  7.384397e+00  2.481679e+01  9.507080e-01  1.003742e-01  1.185574e-01  5.725749e-02  8.581323e-02  5.615050e+03  1.277225e+04  2.701951e+05  1.029518e+56  2.375454e+58  5.504994e-06  1.476133e+110  1.000000e+00  1.000000e+00  0.000000e+00
1.268960e+01  1.790190e+02  1.537538e+02  4.494300e+00  1.268960e+01  1.647335e+00  9.515700e-02  1.552177e+00  2.473349e+01  7.531942e+00  2.473349e+01  9.422360e-01  9.837349e-02  1.157678e-01  6.063568e-02  8.523401e-02  6.167809e+03  1.466758e+04  2.612180e+05  1.177749e+56  2.300477e+58  5.554720e-06  1.704108e+110  1.000000e+00  1.000000e+00  0.000000e+00
1.268960e+01  1.848335e+02  1.537538e+02  5.093900e+00  1.268960e+01  1.603154e+00  1.090240e-01  1.494130e+00  2.461880e+01  7.688330e+00  2.461880e+01  9.319940e-01  9.618115e-02  1.127349e-01  6.436300e-02  8.438803e-02  6.834946e+03  1.686519e+04  2.511054e+05  1.349093e+56  2.215292e+58  5.607722e-06  1.964674e+110  1.000000e+00  1.000000e+00  0.000000e+00
1.268960e+01  1.908524e+02  1.537538e+02  5.773400e+00  1.268960e+01  1.553609e+00  1.249720e-01  1.428637e+00  2.446295e+01  7.853635e+00  2.446295e+01  9.195600e-01  9.380256e-02  1.094722e-01  6.846356e-02  8.319557e-02  7.637281e+03  1.940884e+04  2.397717e+05  1.546801e+56  2.118983e+58  5.664160e-06  2.259582e+110  1.000000e+00  1.000000e+00  0.000000e+00
1.268960e+01  1.970844e+02  1.537538e+02  6.543700e+00  1.268960e+01  1.498461e+00  1.432700e-01  1.355191e+00  2.425380e+01  8.027895e+00  2.425380e+01  9.043890e-01  9.125303e-02  1.060066e-01  7.296184e-02  8.156468e-02  8.593574e+03  2.234739e+04  2.271491e+05  1.774442e+56  2.010768e+58  5.724326e-06  2.590277e+110  1.000000e+00  1.000000e+00  0.000000e+00
1.268960e+01  2.035396e+02  1.537538e+02  7.416700e+00  1.268960e+01  1.437685e+00  1.642110e-01  1.273474e+00  2.397536e+01  8.211072e+00  2.397536e+01  8.857810e-01  8.856871e-02  1.023927e-01  7.788223e-02  7.938424e-02  9.710490e+03  2.573570e+04  2.132030e+05  2.036033e+56  1.890133e+58  5.788770e-06  2.955461e+110  1.000000e+00  1.000000e+00  0.000000e+00
1.268960e+01  2.102287e+02  1.537538e+02  8.406200e+00  1.268960e+01  1.371620e+00  1.881200e-01  1.183500e+00  2.360796e+01  8.403020e+00  2.360796e+01  8.628490e-01  8.581375e-02  9.872034e-02  8.324823e-02  7.653676e-02  1.096471e+04  2.963644e+04  1.979574e+05  2.336099e+56  1.757075e+58  5.857630e-06  3.346655e+110  1.000000e+00  1.000000e+00  0.000000e+00
1.268960e+01  2.171631e+02  1.537538e+02  9.527700e+00  1.268960e+01  1.301155e+00  2.153430e-01  1.085811e+00  2.312758e+01  8.603527e+00  2.312758e+01  8.344980e-01  8.309603e-02  9.513330e-02  8.908246e-02  7.290945e-02  1.226856e+04  3.411702e+04  1.815209e+05  2.679423e+56  1.612358e+58  5.831839e-06  3.379951e+110  1.000000e+00  1.000000e+00  0.000000e+00
1.268960e+01  4.714565e+02  1.537538e+02  1.079880e+01  1.268960e+01  1.255467e+00  2.292240e-01  1.026242e+00  2.287555e+01  8.695988e+00  2.287555e+01  8.174190e-01  8.106163e-02  9.247104e-02  9.122685e-02  7.119627e-02  1.356105e+04  3.639950e+04  1.713490e+05  2.854045e+56  1.524304e+58  5.719929e-06  2.547077e+109  1.000000e+00  1.000000e+00  1.000000e+00
1.268960e+01  4.728972e+02  1.537538e+02  1.223950e+01  1.268960e+01  1.219607e+00  2.349860e-01  9.846210e-01  2.277333e+01  8.707548e+00  2.277333e+01  8.073270e-01  7.909973e-02  8.992196e-02  9.114438e-02  7.066311e-02  1.521335e+04  3.734033e+04  1.640758e+05  2.924909e+56  1.462998e+58  5.699823e-06  8.037834e+109  1.000000e+00  1.000000e+00  1.000000e+00
1.268960e+01  4.745300e+02  1.537538e+02  1.387240e+01  1.268960e+01  1.175393e+00  2.431230e-01  9.322690e-01  2.259464e+01  8.713209e+00  2.259464e+01  7.931560e-01  7.683499e-02  8.700146e-02  9.147703e-02  6.956209e-02  1.731771e+04  3.867200e+04  1.550475e+05  3.024200e+56  1.385697e+58  5.783246e-06  1.859829e+110  1.000000e+00  1.000000e+00  1.000000e+00
1.268960e+01  4.763807e+02  1.537538e+02  1.572320e+01  1.268960e+01  1.122658e+00  2.540050e-01  8.686530e-01  2.231289e+01  8.715769e+00  2.231289e+01  7.737470e-01  7.431443e-02  8.377852e-02  9.231968e-02  6.771935e-02  1.991742e+04  4.047089e+04  1.442009e+05  3.157565e+56  1.291552e+58  5.860949e-06  2.920639e+110  1.000000e+00  1.000000e+00  1.000000e+00
1.268960e+01  4.784787e+02  1.537538e+02  1.782080e+01  1.268960e+01  1.061633e+00  2.680880e-01  7.935450e-01  2.189111e+01  8.717315e+00  2.189111e+01  7.474760e-01  7.162892e-02  8.037600e-02  9.378767e-02  6.492551e-02  2.295540e+04  4.279541e+04  1.315298e+05  3.329194e+56  1.180193e+58  5.954532e-06  4.122078e+110  1.000000e+00  1.000000e+00  1.000000e+00
1.268960e+01  4.808563e+02  1.537538e+02  2.019840e+01  1.268960e+01  9.935230e-01  2.858950e-01  7.076280e-01  2.128106e+01  8.720202e+00  2.128106e+01  7.122410e-01  6.895512e-02  7.701997e-02  9.601150e-02  6.095850e-02  2.606735e+04  4.582711e+04  1.171773e+05  3.552423e+56  1.052593e+58  6.033241e-06  5.127534e+110  1.000000e+00  1.000000e+00  1.000000e+00
1.268960e+01  4.835509e+02  1.537538e+02  2.289310e+01  1.268960e+01  9.212360e-01  3.079850e-01  6.132510e-01  2.042794e+01  8.726933e+00  2.042794e+01  6.656820e-01  6.660824e-02  7.409990e-02  9.912956e-02  5.569245e-02  2.831813e+04  4.950360e+04  1.015546e+05  3.822205e+56  9.122368e+57  6.144023e-06  5.969069e+110  1.000000e+00  1.000000e+00  1.000000e+00
1.268960e+01  4.866048e+02  1.537538e+02  2.594730e+01  1.268960e+01  8.499940e-01  3.349430e-01  5.150510e-01  1.928517e+01  8.740122e+00  1.928517e+01  6.059470e-01  6.509896e-02  7.223450e-02  1.032826e-01  4.926343e-02  2.809030e+04  5.420148e+04  8.542685e+04  4.166158e+56  7.660195e+57  6.299456e-06  6.716980e+110  1.000000e+00  1.000000e+00  1.000000e+00
1.268960e+01  4.900671e+02  1.537538e+02  2.940900e+01  1.268960e+01  7.873350e-01  3.673490e-01  4.199850e-01  1.784883e+01  8.762757e+00  1.784883e+01  5.334270e-01  6.515253e-02  7.230055e-02  1.086028e-01  4.231844e-02  2.403187e+04  5.986242e+04  6.990884e+04  4.579088e+56  6.243260e+57  6.488459e-06  6.703275e+110  1.000000e+00  1.000000e+00  1.000000e+00
1.268960e+01  4.939909e+02  1.537538e+02  3.333260e+01  1.268960e+01  7.415090e-01  4.057700e-01  3.357390e-01  1.619909e+01  8.797766e+00  1.619909e+01  4.527780e-01  6.760946e-02  7.534275e-02  1.152072e-01  3.616481e-02  1.706725e+04  6.660082e+04  5.620760e+04  5.068620e+56  4.986556e+57  7.146952e-06  6.204818e+110  1.000000e+00  1.000000e+00  1.000000e+00
1.268960e+01  4.984378e+02  1.537538e+02  3.777960e+01  1.268960e+01  7.184450e-01  4.507230e-01  2.677220e-01  1.450134e+01  8.847243e+00  1.450134e+01  3.726410e-01  7.317568e-02  8.233181e-02  1.231918e-01  3.260376e-02  1.035964e+04  7.453895e+04  4.515274e+04  5.642454e+56  3.971048e+57  -3.270938e-06  5.552082e+110  -1.000000e+00  1.000000e+00  1.000000e+00
1.268960e+01  5.034775e+02  1.537538e+02  4.281980e+01  1.268960e+01  7.196360e-01  5.026670e-01  2.169690e-01  1.293742e+01  8.912492e+00  1.293742e+01  3.014990e-01  8.215747e-02  9.390267e-02  1.326291e-01  3.353931e-02  5.973422e+03  8.404591e+04  3.688253e+04  6.326493e+56  3.212468e+57  1.651655e-06  4.806297e+110  1.000000e+00  1.000000e+00  1.000000e+00
1.268960e+01  5.091908e+02  1.537538e+02  4.853260e+01  1.268960e+01  7.428740e-01  5.619600e-01  1.809140e-01  1.162155e+01  8.993749e+00  1.162155e+01  2.435330e-01  9.441327e-02  1.103071e-01  1.435660e-01  4.059663e-02  3.607689e+03  9.510219e+04  3.097260e+04  7.117085e+56  2.672665e+57  4.716739e-06  3.968022e+110  1.000000e+00  1.000000e+00  1.000000e+00
1.268960e+01  5.156662e+02  1.537538e+02  5.500740e+01  1.268960e+01  7.845520e-01  6.288450e-01  1.557070e-01  1.058086e+01  9.090505e+00  1.058086e+01  1.984660e-01  1.095172e-01  1.315768e-01  1.560218e-01  5.474311e-02  2.316483e+03  1.075418e+05  2.680204e+04  7.999098e+56  2.294323e+57  4.983840e-06  3.301743e+110  1.000000e+00  1.000000e+00  1.000000e+00
1.268960e+01  5.230050e+02  1.537538e+02  6.234610e+01  1.268960e+01  8.412740e-01  7.034150e-01  1.378600e-01  9.787979e+00  9.201532e+00  9.787979e+00  1.638700e-01  1.269481e-01  1.577116e-01  1.699859e-01  7.587106e-02  1.534106e+03  1.220979e+05  2.380999e+04  9.024151e+56  2.025497e+57  4.939091e-06  2.802309e+110  1.000000e+00  1.000000e+00  1.000000e+00
1.268960e+01  5.313221e+02  1.537538e+02  7.066390e+01  1.268960e+01  9.103340e-01  7.855850e-01  1.247480e-01  9.324638e+00  9.324638e+00  9.197196e+00  1.370360e-01  1.441950e-01  1.854384e-01  1.854387e-01  9.547771e-02  1.021079e+03  1.382014e+05  2.157416e+04  1.014583e+57  1.827129e+57  4.870505e-06  2.401215e+110  1.000000e+00  1.000000e+00  1.000000e+00
1.268960e+01  5.407496e+02  1.537538e+02  8.009140e+01  1.268960e+01  9.895820e-01  8.750520e-01  1.145310e-01  9.456249e+00  9.456249e+00  8.758767e+00  1.157370e-01  1.545663e-01  2.031025e-01  2.031028e-01  9.008822e-02  6.807750e+02  1.567008e+05  1.979875e+04  1.142350e+57  1.671874e+57  4.743034e-06  2.097265e+110  1.000000e+00  1.000000e+00  1.000000e+00
1.268960e+01  5.514360e+02  1.537538e+02  9.077660e+01  1.268960e+01  1.077197e+00  9.711900e-01  1.060070e-01  9.591432e+00  9.591432e+00  8.417973e+00  9.841000e-02  1.658797e-01  2.233017e-01  2.233019e-01  8.542661e-02  4.534567e+02  1.766613e+05  1.829165e+04  1.278185e+57  1.541982e+57  4.689360e-06  1.783431e+110  1.000000e+00  1.000000e+00  1.000000e+00
1.268960e+01  5.635472e+02  1.537538e+02  1.028874e+02  1.268960e+01  1.171444e+00  1.073025e+00  9.841900e-02  9.726288e+00  9.726288e+00  8.143936e+00  8.401500e-02  1.778918e-01  2.459026e-01  2.459028e-01  8.087698e-02  3.026501e+02  1.983989e+05  1.693288e+04  1.423951e+57  1.426341e+57  4.502960e-06  1.556719e+110  1.000000e+00  1.000000e+00  1.000000e+00
1.268960e+01  5.772730e+02  1.537538e+02  1.166139e+02  1.268960e+01  1.270573e+00  1.179338e+00  9.123600e-02  9.857374e+00  9.857374e+00  7.921411e+00  7.180700e-02  1.903795e-01  2.707793e-01  2.707795e-01  7.616658e-02  2.030407e+02  2.223885e+05  1.564139e+04  1.582607e+57  1.317242e+57  4.295860e-06  1.352231e+110  1.000000e+00  1.000000e+00  1.000000e+00
1.268960e+01  5.928297e+02  1.537538e+02  1.321717e+02  1.268960e+01  1.372816e+00  1.288673e+00  8.414300e-02  9.982367e+00  9.982367e+00  7.710899e+00  6.129200e-02  2.031237e-01  2.977685e-01  2.977686e-01  7.123649e-02  1.373405e+02  2.478880e+05  1.437250e+04  1.748094e+57  1.210199e+57  4.143389e-06  1.137734e+110  1.000000e+00  1.000000e+00  1.000000e+00
1.268960e+01  6.104652e+02  1.537538e+02  1.498051e+02  1.268960e+01  1.476293e+00  1.399140e+00  7.715300e-02  1.009830e+01  1.009830e+01  7.491452e+00  5.226100e-02  2.159264e-01  3.266904e-01  3.266905e-01  6.606168e-02  9.382733e+01  2.745966e+05  1.312991e+04  1.917627e+57  1.105403e+57  3.982657e-06  9.309970e+109  1.000000e+00  1.000000e+00  1.000000e+00
1.268960e+01  6.304521e+02  1.537538e+02  1.697911e+02  1.268960e+01  1.579088e+00  1.508759e+00  7.032900e-02  1.020301e+01  1.020301e+01  7.264025e+00  4.453800e-02  2.285912e-01  3.572912e-01  3.572914e-01  6.078445e-02  6.492410e+01  3.021651e+05  1.192482e+04  2.088144e+57  1.003796e+57  3.817579e-06  7.491006e+109  1.000000e+00  1.000000e+00  1.000000e+00
1.268960e+01  6.531038e+02  1.537538e+02  1.924434e+02  1.268960e+01  1.679335e+00  1.615602e+00  6.373300e-02  1.029439e+01  1.029439e+01  7.029709e+00  3.795100e-02  2.409453e-01  3.892784e-01  3.892785e-01  5.551563e-02  4.557551e+01  3.301659e+05  1.076737e+04  2.256094e+57  9.062330e+56  3.590972e-06  5.967848e+109  1.000000e+00  1.000000e+00  1.000000e+00
1.268960e+01  6.787757e+02  1.537538e+02  2.181178e+02  1.268960e+01  1.775326e+00  1.717907e+00  5.741900e-02  1.037079e+01  1.037079e+01  6.789708e+00  3.234300e-02  2.528413e-01  4.223192e-01  4.223193e-01  5.038223e-02  3.250469e+01  3.591565e+05  9.666349e+03  2.425414e+57  8.134500e+56  3.354855e-06  4.717851e+109  1.000000e+00  1.000000e+00  1.000000e+00
1.268960e+01  7.078781e+02  1.537538e+02  2.472176e+02  1.268960e+01  1.865585e+00  1.814152e+00  5.143400e-02  1.043110e+01  1.043110e+01  6.545309e+00  2.757000e-02  2.641597e-01  4.560489e-01  4.560490e-01  4.549817e-02  2.358143e+01  3.878068e+05  8.628907e+03  2.586121e+57  7.260463e+56  3.187438e-06  3.488793e+109  1.000000e+00  1.000000e+00  1.000000e+00
1.268960e+01  7.408620e+02  1.537538e+02  2.801996e+02  1.268960e+01  1.948913e+00  1.903100e+00  4.581300e-02  1.047471e+01  1.047471e+01  6.297849e+00  2.350700e-02  2.748098e-01  4.900823e-01  4.900824e-01  4.091816e-02  1.740459e+01  4.155817e+05  7.660412e+03  2.734198e+57  6.444707e+56  2.962413e-06  2.525934e+109  1.000000e+00  1.000000e+00  1.000000e+00
1.268960e+01  7.782441e+02  1.537538e+02  3.175819e+02  1.268960e+01  2.024407e+00  1.983823e+00  4.058400e-02  1.050136e+01  1.050136e+01  6.048679e+00  2.004700e-02  2.847303e-01  5.240300e-01  5.240301e-01  3.671944e-02  1.308087e+01  4.432833e+05  6.764404e+03  2.875954e+57  5.690177e+56  2.736561e-06  1.846028e+109  1.000000e+00  1.000000e+00  1.000000e+00
1.268960e+01  8.206108e+02  1.537538e+02  3.599514e+02  1.268960e+01  2.091458e+00  2.055696e+00  3.576200e-02  1.051126e+01  1.051126e+01  5.799137e+00  1.709900e-02  2.938841e-01  5.575042e-01  5.575043e-01  3.291560e-02  1.000991e+01  4.692971e+05  5.942637e+03  2.999610e+57  4.998314e+56  2.513062e-06  1.275325e+109  1.000000e+00  1.000000e+00  1.000000e+00
1.268960e+01  8.686339e+02  1.537538e+02  4.079736e+02  1.268960e+01  2.149737e+00  2.118383e+00  3.135400e-02  1.050500e+01  1.050500e+01  5.550513e+00  1.458500e-02  3.022533e-01  5.901217e-01  5.901218e-01  2.952341e-02  7.802254e+00  4.946562e+05  5.195214e+03  3.113452e+57  4.369169e+56  2.283762e-06  8.574545e+108  1.000000e+00  1.000000e+00  1.000000e+00
1.268960e+01  9.230662e+02  1.537538e+02  4.624025e+02  1.268960e+01  2.199159e+00  2.171802e+00  2.735700e-02  1.048334e+01  1.048334e+01  5.304025e+00  1.244000e-02  3.098408e-01  6.215351e-01  6.215352e-01  2.649965e-02  6.186652e+00  5.177223e+05  4.520774e+03  3.205847e+57  3.801565e+56  2.055421e-06  5.353060e+108  1.000000e+00  1.000000e+00  1.000000e+00
1.268960e+01  9.847572e+02  1.537538e+02  5.240930e+02  1.268960e+01  2.239843e+00  2.216081e+00  2.376200e-02  1.044738e+01  1.044738e+01  5.060799e+00  1.060900e-02  3.166589e-01  6.514107e-01  6.514107e-01  2.384443e-02  4.992419e+00  5.396140e+05  3.916732e+03  3.285929e+57  3.293297e+56  1.755962e-06  3.475153e+108  1.000000e+00  1.000000e+00  1.000000e+00
1.268960e+01  1.054675e+03  1.537538e+02  5.940138e+02  1.268960e+01  2.272081e+00  2.251530e+00  2.055100e-02  1.039810e+01  1.039810e+01  4.821847e+00  9.045000e-03  3.227392e-01  6.794946e-01  6.794946e-01  2.152289e-02  4.097802e+00  5.601752e+05  3.379536e+03  3.353284e+57  2.841350e+56  1.449464e-06  2.153966e+108  1.000000e+00  1.000000e+00  1.000000e+00
1.268960e+01  1.133922e+03  1.537538e+02  6.732629e+02  1.268960e+01  2.296293e+00  2.278589e+00  1.770300e-02  1.033696e+01  1.033696e+01  4.588065e+00  7.710000e-03  3.281075e-01  7.055189e-01  7.055190e-01  1.949837e-02  3.418427e+00  5.792714e+05  2.904919e+03  3.407810e+57  2.442110e+56  1.168754e-06  1.208956e+108  1.000000e+00  1.000000e+00  1.000000e+00
1.268960e+01  1.223749e+03  1.537538e+02  7.630849e+02  1.268960e+01  2.312995e+00  2.297801e+00  1.519400e-02  1.026527e+01  1.026527e+01  4.360220e+00  6.569000e-03  3.328019e-01  7.292961e-01  7.292961e-01  1.774126e-02  2.897103e+00  5.954854e+05  2.488146e+03  3.439709e+57  2.091577e+56  8.616176e-07  4.935116e+107  1.000000e+00  1.000000e+00  1.000000e+00
1.268960e+01  1.325556e+03  1.537538e+02  8.648903e+02  1.268960e+01  2.322766e+00  2.309771e+00  1.299500e-02  1.018447e+01  1.018447e+01  4.138953e+00  5.595000e-03  3.368595e-01  7.506695e-01  7.506696e-01  1.622034e-02  2.493012e+00  6.101163e+05  2.124232e+03  3.459694e+57  1.785538e+56  4.665640e-07  1.120152e+107  1.000000e+00  1.000000e+00  1.000000e+00
1.268960e+01  1.440942e+03  1.537538e+02  9.802778e+02  1.268960e+01  2.326224e+00  2.315144e+00  1.108000e-02  1.009575e+01  1.009575e+01  3.924782e+00  4.763000e-03  3.403256e-01  7.695683e-01  7.695683e-01  1.490466e-02  2.176496e+00  6.231419e+05  1.808121e+03  3.468249e+57  1.519732e+56  2.093076e-08  -1.725393e+106  1.000000e+00  -1.000000e+00  1.000000e+00
1.268960e+01  1.571717e+03  1.537538e+02  1.111060e+03  1.268960e+01  2.324004e+00  2.314584e+00  9.420000e-03  1.000069e+01  1.000069e+01  3.718955e+00  4.053000e-03  3.432325e-01  7.858992e-01  7.859005e-01  1.378621e-02  1.929362e+00  6.345582e+05  1.534849e+03  3.466225e+57  1.289972e+56  -4.945811e-07  -1.111821e+107  -1.000000e+00  -1.000000e+00  1.000000e+00
1.268960e+01  1.719954e+03  1.537538e+02  1.259289e+03  1.268960e+01  2.316746e+00  2.308759e+00  7.987000e-03  9.900389e+00  9.900389e+00  3.519210e+00  3.448000e-03  3.456271e-01  7.996975e-01  7.996975e-01  1.282376e-02  1.733345e+00  6.444600e+05  1.299618e+03  3.455103e+57  1.092212e+56  -1.314920e-06  -1.853058e+107  -1.000000e+00  -1.000000e+00  1.000000e+00
1.268960e+01  1.887962e+03  1.537538e+02  1.427295e+03  1.268960e+01  2.305065e+00  2.298309e+00  6.756000e-03  9.796125e+00  9.796125e+00  3.328288e+00  2.931000e-03  3.475446e-01  8.109797e-01  8.109797e-01  1.199819e-02  1.577509e+00  6.514812e+05  1.097951e+03  3.425345e+57  9.226853e+55  -2.014012e-06  -1.923723e+107  -1.000000e+00  -1.000000e+00  1.000000e+00
1.268960e+01  2.078381e+03  1.537538e+02  1.617714e+03  1.268960e+01  2.289566e+00  2.283864e+00  5.703000e-03  9.689130e+00  9.689130e+00  3.145438e+00  2.491000e-03  3.490198e-01  8.198057e-01  8.198057e-01  1.129462e-02  1.453885e+00  6.583621e+05  9.256749e+02  3.397832e+57  7.778764e+55  -3.712587e-06  -1.665359e+107  -1.000000e+00  -1.000000e+00  1.000000e+00
1.268960e+01  2.294199e+03  1.537538e+02  1.833538e+03  1.268960e+01  2.270821e+00  2.266017e+00  4.804000e-03  9.580576e+00  9.580576e+00  2.970682e+00  2.115000e-03  3.500846e-01  8.262567e-01  8.262567e-01  1.069699e-02  1.356144e+00  6.626107e+05  7.789847e+02  3.354517e+57  6.545824e+55  -6.209973e-06  -1.594405e+107  -1.000000e+00  -1.000000e+00  1.000000e+00
1.268960e+01  2.538819e+03  1.537538e+02  2.078156e+03  1.268960e+01  2.249368e+00  2.245329e+00  4.040000e-03  9.471442e+00  9.471442e+00  2.803974e+00  1.796000e-03  3.507730e-01  8.304642e-01  8.304642e-01  1.019038e-02  1.279289e+00  6.656447e+05  6.544463e+02  3.306415e+57  5.499135e+55  -7.733980e-06  -1.192452e+107  -1.000000e+00  -1.000000e+00  1.000000e+00
1.268960e+01  2.816077e+03  1.537538e+02  2.355409e+03  1.268960e+01  2.225711e+00  2.222319e+00  3.391000e-03  9.362703e+00  9.362703e+00  2.645211e+00  1.524000e-03  3.511148e-01  8.325644e-01  8.325644e-01  9.764690e-03  1.219892e+00  6.686722e+05  5.489934e+02  3.262850e+57  4.612901e+55  -3.287055e-05  -9.301406e+106  -1.000000e+00  -1.000000e+00  1.000000e+00
1.268960e+01  3.130319e+03  1.537538e+02  2.669651e+03  1.268960e+01  2.200317e+00  2.197474e+00  2.843000e-03  9.255270e+00  9.255270e+00  2.494716e+00  1.292000e-03  3.511379e-01  8.327069e-01  8.327073e-01  9.410711e-03  1.175283e+00  6.694214e+05  4.599148e+02  3.207037e+57  3.864317e+55  1.939437e-04  -7.933559e+106  1.000000e+00  -1.000000e+00  1.000000e+00
1.268960e+01  3.486480e+03  1.537538e+02  3.025817e+03  1.268960e+01  2.173621e+00  2.171241e+00  2.381000e-03  9.149960e+00  9.149960e+00  2.350885e+00  1.095000e-03  3.508700e-01  8.310598e-01  8.310598e-01  9.117305e-03  1.142994e+00  6.692148e+05  3.848226e+02  3.149013e+57  3.233292e+55  8.065152e-05  -6.029390e+106  1.000000e+00  -1.000000e+00  1.000000e+00
1.268960e+01  3.890162e+03  1.537538e+02  3.429500e+03  1.268960e+01  2.146014e+00  2.144023e+00  1.991000e-03  9.047575e+00  9.047575e+00  2.214918e+00  9.280000e-04  3.503337e-01  8.277763e-01  8.277763e-01  8.884896e-03  1.122409e+00  6.681585e+05  3.216456e+02  3.089656e+57  2.702417e+55  2.107000e-05  -4.519012e+106  1.000000e+00  -1.000000e+00  1.000000e+00
1.268960e+01  4.347708e+03  1.537538e+02  3.887040e+03  1.268960e+01  2.117858e+00  2.116195e+00  1.663000e-03  8.948691e+00  8.948691e+00  2.086098e+00  7.850000e-04  3.495578e-01  8.230566e-01  8.230566e-01  8.701672e-03  1.111518e+00  6.663444e+05  2.685821e+02  3.029617e+57  2.256541e+55  1.345648e-05  -3.347260e+106  1.000000e+00  -1.000000e+00  1.000000e+00
1.268960e+01  4.866291e+03  1.537538e+02  4.405622e+03  1.268960e+01  2.089481e+00  2.088093e+00  1.388000e-03  8.853874e+00  8.853874e+00  1.964172e+00  6.640000e-04  3.485674e-01  8.170854e-01  8.170855e-01  8.562611e-03  1.109381e+00  6.638703e+05  2.240805e+02  2.969561e+57  1.882621e+55  9.640852e-06  -2.578337e+106  1.000000e+00  -1.000000e+00  1.000000e+00
1.268960e+01  5.454054e+03  1.537538e+02  4.993389e+03  1.268960e+01  2.061181e+00  2.060023e+00  1.158000e-03  8.763737e+00  8.763737e+00  1.848868e+00  5.620000e-04  3.473829e-01  8.100200e-01  8.100200e-01  8.463796e-03  1.115403e+00  6.598928e+05  1.868098e+02  2.903041e+57  1.569465e+55  7.547824e-06  -1.894172e+106  1.000000e+00  -1.000000e+00  1.000000e+00
1.268960e+01  6.120229e+03  1.537538e+02  5.659571e+03  1.268960e+01  2.033222e+00  2.032257e+00  9.650000e-04  8.678611e+00  8.678611e+00  1.739912e+00  4.750000e-04  3.460320e-01  8.020620e-01  8.020620e-01  8.403160e-03  1.129199e+00  6.564217e+05  1.556326e+02  2.844938e+57  1.307515e+55  7.548051e-06  -1.271821e+106  1.000000e+00  -1.000000e+00  1.000000e+00
1.268960e+01  6.875298e+03  1.537538e+02  6.414631e+03  1.268960e+01  2.005846e+00  2.005042e+00  8.040000e-04  8.598897e+00  8.598897e+00  1.637025e+00  4.010000e-04  3.445375e-01  7.933792e-01  7.933792e-01  8.373850e-03  1.149878e+00  6.525740e+05  1.295804e+02  2.788457e+57  1.088630e+55  6.737596e-06  -9.049914e+105  1.000000e+00  -1.000000e+00  1.000000e+00
1.268960e+01  7.731096e+03  1.537538e+02  7.270426e+03  1.268960e+01  1.979263e+00  1.978594e+00  6.690000e-04  8.524855e+00  8.524855e+00  1.539928e+00  3.380000e-04  3.429242e-01  7.841457e-01  7.841457e-01  8.374171e-03  1.177227e+00  6.484313e+05  1.078315e+02  2.733977e+57  9.059032e+54  5.738397e-06  -6.708184e+105  1.000000e+00  -1.000000e+00  1.000000e+00
1.268960e+01  8.701063e+03  1.537538e+02  8.240395e+03  1.268960e+01  1.953667e+00  1.953111e+00  5.570000e-04  8.456914e+00  8.456914e+00  1.448344e+00  2.850000e-04  3.412089e-01  7.744833e-01  7.744833e-01  8.401707e-03  1.211067e+00  6.432630e+05  8.969031e+01  2.675768e+57  7.534900e+54  5.221332e-06  -4.761091e+105  1.000000e+00  -1.000000e+00  1.000000e+00
1.268960e+01  9.800430e+03  1.537538e+02  9.339770e+03  1.268960e+01  1.929219e+00  1.928756e+00  4.630000e-04  8.395036e+00  8.395036e+00  1.362002e+00  2.400000e-04  3.394224e-01  7.645849e-01  7.645849e-01  8.452461e-03  1.250804e+00  6.388070e+05  7.456970e+01  2.626559e+57  6.264562e+54  5.288302e-06  -3.086299e+105  1.000000e+00  -1.000000e+00  1.000000e+00
1.268960e+01  1.104648e+04  1.537538e+02  1.058582e+04  1.268960e+01  1.906062e+00  1.905677e+00  3.850000e-04  8.339306e+00  8.339306e+00  1.280636e+00  2.020000e-04  3.375894e-01  7.545986e-01  7.545986e-01  8.521415e-03  1.295617e+00  6.342843e+05  6.197509e+01  2.580234e+57  5.206456e+54  4.958061e-06  -2.121186e+105  1.000000e+00  -1.000000e+00  1.000000e+00
1.268960e+01  1.245877e+04  1.537538e+02  1.199810e+04  1.268960e+01  1.884321e+00  1.884001e+00  3.200000e-04  8.289956e+00  8.289956e+00  1.203989e+00  1.700000e-04  3.357254e-01  7.446158e-01  7.446158e-01  8.612440e-03  1.346201e+00  6.297754e+05  5.149064e+01  2.537101e+57  4.325641e+54  4.379411e-06  -1.529406e+105  1.000000e+00  -1.000000e+00  1.000000e+00
1.268960e+01  1.405947e+04  1.537538e+02  1.359880e+04  1.268960e+01  1.864092e+00  1.863827e+00  2.660000e-04  8.246744e+00  8.246744e+00  1.131811e+00  1.420000e-04  3.338616e-01  7.348023e-01  7.348023e-01  8.713077e-03  1.400387e+00  6.245735e+05  4.276734e+01  2.491567e+57  3.592790e+54  4.115238e-06  -1.054256e+105  1.000000e+00  -1.000000e+00  1.000000e+00
1.268960e+01  1.587372e+04  1.537538e+02  1.541306e+04  1.268960e+01  1.845460e+00  1.845240e+00  2.210000e-04  8.209713e+00  8.209713e+00  1.064040e+00  1.200000e-04  3.320155e-01  7.252435e-01  7.252435e-01  8.827165e-03  1.458598e+00  6.202565e+05  3.551283e+01  2.455144e+57  2.983342e+54  4.192502e-06  -6.491180e+104  1.000000e+00  -1.000000e+00  1.000000e+00
1.268960e+01  1.793002e+04  1.537538e+02  1.746936e+04  1.268960e+01  1.828482e+00  1.828299e+00  1.830000e-04  8.178641e+00  8.178641e+00  9.999090e-01  1.000000e-04  3.302108e-01  7.160502e-01  7.160502e-01  8.945850e-03  1.519060e+00  6.161020e+05  2.948191e+01  2.422151e+57  2.476686e+54  3.969130e-06  -4.292450e+104  1.000000e+00  -1.000000e+00  1.000000e+00
1.268960e+01  2.025605e+04  1.537538e+02  1.979538e+04  1.268960e+01  1.813230e+00  1.813077e+00  1.520000e-04  8.153430e+00  8.153430e+00  9.398430e-01  8.400000e-05  3.284688e-01  7.073139e-01  7.073139e-01  9.069502e-03  1.581328e+00  6.121588e+05  2.447881e+01  2.392600e+57  2.056383e+54  3.863231e-06  -3.127566e+104  1.000000e+00  -1.000000e+00  1.000000e+00
1.743330e+01  1.030404e+02  1.878941e+02  1.000000e+00  1.743330e+01  2.018261e+00  1.503200e-02  2.003229e+00  2.407956e+01  5.579464e+00  2.407956e+01  9.925520e-01  1.237970e-01  1.528529e-01  3.436977e-02  7.583706e-02  1.738758e+03  2.259585e+03  3.470547e+05  1.898469e+55  2.943972e+58  4.944484e-06  1.912851e+109  1.000000e+00  1.000000e+00  0.000000e+00
1.743330e+01  1.076573e+02  1.878941e+02  1.133400e+00  1.743330e+01  2.010273e+00  1.738600e-02  1.992887e+00  2.408829e+01  5.678956e+00  2.408829e+01  9.913510e-01  1.232624e-01  1.520346e-01  3.590759e-02  7.605179e-02  1.787865e+03  2.616976e+03  3.450819e+05  2.193936e+55  2.929345e+58  4.959478e-06  1.895057e+109  1.000000e+00  1.000000e+00  0.000000e+00
1.743330e+01  1.131115e+02  1.878941e+02  1.284600e+00  1.743330e+01  2.001329e+00  2.006000e-02  1.981268e+00  2.409694e+01  5.782002e+00  2.409694e+01  9.899760e-01  1.226699e-01  1.511298e-01  3.755000e-02  7.611117e-02  1.826710e+03  3.023750e+03  3.428777e+05  2.526455e+55  2.912919e+58  4.985650e-06  1.900304e+109  1.000000e+00  1.000000e+00  0.000000e+00
1.743330e+01  1.191072e+02  1.878941e+02  1.456000e+00  1.743330e+01  1.991197e+00  2.311300e-02  1.968083e+00  2.410483e+01  5.888950e+00  2.410483e+01  9.883920e-01  1.220090e-01  1.501229e-01  3.931230e-02  7.625203e-02  1.880193e+03  3.489266e+03  3.403843e+05  2.904128e+55  2.894218e+58  5.009546e-06  2.113337e+109  1.000000e+00  1.000000e+00  0.000000e+00
1.743330e+01  1.250167e+02  1.878941e+02  1.650300e+00  1.743330e+01  1.979751e+00  2.659700e-02  1.953154e+00  2.411178e+01  5.999703e+00  2.411178e+01  9.865660e-01  1.212727e-01  1.490044e-01  4.120164e-02  7.639230e-02  1.941538e+03  4.021786e+03  3.375738e+05  3.333591e+55  2.873007e+58  5.037611e-06  2.325084e+109  1.000000e+00  1.000000e+00  0.000000e+00
1.743330e+01  1.316026e+02  1.878941e+02  1.870400e+00  1.743330e+01  1.966821e+00  3.057100e-02  1.936249e+00  2.411728e+01  6.114339e+00  2.411728e+01  9.844570e-01  1.204531e-01  1.477632e-01  4.322822e-02  7.652764e-02  2.012048e+03  4.631016e+03  3.344053e+05  3.822420e+55  2.848940e+58  5.066618e-06  2.618335e+109  1.000000e+00  1.000000e+00  0.000000e+00
1.743330e+01  1.379494e+02  1.878941e+02  2.120000e+00  1.743330e+01  1.952202e+00  3.510500e-02  1.917097e+00  2.412062e+01  6.232916e+00  2.412062e+01  9.820180e-01  1.195413e-01  1.463869e-01  4.540290e-02  7.665516e-02  2.093485e+03  5.328011e+03  3.308320e+05  4.379171e+55  2.821617e+58  5.089149e-06  2.412212e+109  1.000000e+00  1.000000e+00  0.000000e+00
1.743330e+01  1.527256e+02  1.878941e+02  2.402800e+00  1.743330e+01  1.936589e+00  3.989100e-02  1.896698e+00  2.412407e+01  6.345827e+00  2.412407e+01  9.794010e-01  1.185683e-01  1.449239e-01  4.753745e-02  7.678969e-02  2.184586e+03  6.066023e+03  3.270304e+05  4.966218e+55  2.792495e+58  5.111624e-06  3.793658e+109  1.000000e+00  1.000000e+00  0.000000e+00
1.743330e+01  1.576382e+02  1.878941e+02  2.723400e+00  1.743330e+01  1.918750e+00  4.540800e-02  1.873341e+00  2.412383e+01  6.462264e+00  2.412383e+01  9.763340e-01  1.174772e-01  1.432899e-01  4.984682e-02  7.690431e-02  2.291354e+03  6.919278e+03  3.226991e+05  5.642211e+55  2.759061e+58  5.149370e-06  5.045229e+109  1.000000e+00  1.000000e+00  0.000000e+00
1.743330e+01  1.627167e+02  1.878941e+02  3.086700e+00  1.743330e+01  1.898136e+00  5.188300e-02  1.846254e+00  2.411783e+01  6.586313e+00  2.411783e+01  9.726670e-01  1.162441e-01  1.414515e-01  5.241818e-02  7.698118e-02  2.417894e+03  7.924177e+03  3.177091e+05  6.435725e+55  2.720198e+58  5.192563e-06  5.883713e+109  1.000000e+00  1.000000e+00  0.000000e+00
1.743330e+01  1.679681e+02  1.878941e+02  3.498500e+00  1.743330e+01  1.874418e+00  5.944000e-02  1.814979e+00  2.410378e+01  6.718382e+00  2.410378e+01  9.682890e-01  1.148585e-01  1.393963e-01  5.527161e-02  7.700270e-02  2.568011e+03  9.102007e+03  3.119835e+05  7.362902e+55  2.675199e+58  5.236705e-06  6.848873e+109  1.000000e+00  1.000000e+00  0.000000e+00
1.743330e+01  1.734000e+02  1.878941e+02  3.965200e+00  1.743330e+01  1.847231e+00  6.823000e-02  1.779001e+00  2.407907e+01  6.858807e+00  2.407907e+01  9.630640e-01  1.133087e-01  1.371109e-01  5.842944e-02  7.694764e-02  2.746497e+03  1.047828e+04  3.054396e+05  8.442976e+55  2.623296e+58  5.283817e-06  7.969362e+109  1.000000e+00  1.000000e+00  0.000000e+00
1.743330e+01  1.790190e+02  1.878941e+02  4.494300e+00  1.743330e+01  1.816177e+00  7.842500e-02  1.737752e+00  2.404025e+01  7.007827e+00  2.404025e+01  9.568180e-01  1.115838e-01  1.345831e-01  6.191508e-02  7.678654e-02  2.959268e+03  1.208291e+04  2.979864e+05  9.698538e+55  2.563630e+58  5.333340e-06  9.269773e+109  1.000000e+00  1.000000e+00  0.000000e+00
1.743330e+01  1.848335e+02  1.878941e+02  5.093900e+00  1.743330e+01  1.780810e+00  9.022200e-02  1.690588e+00  2.398270e+01  7.165624e+00  2.398270e+01  9.493370e-01  1.096734e-01  1.318032e-01  6.575293e-02  7.648529e-02  3.213559e+03  1.394975e+04  2.895212e+05  1.115471e+56  2.495219e+58  5.385655e-06  1.077861e+110  1.000000e+00  1.000000e+00  0.000000e+00
1.743330e+01  1.908524e+02  1.878941e+02  5.773400e+00  1.743330e+01  1.740686e+00  1.038400e-01  1.636846e+00  2.390072e+01  7.332337e+00  2.390072e+01  9.403460e-01  1.075700e-01  1.287659e-01  6.996818e-02  7.599420e-02  3.517512e+03  1.611829e+04  2.799420e+05  1.284096e+56  2.417056e+58  5.441513e-06  1.252626e+110  1.000000e+00  1.000000e+00  0.000000e+00
1.743330e+01  1.970844e+02  1.878941e+02  6.543700e+00  1.743330e+01  1.695390e+00  1.195250e-01  1.575865e+00  2.378661e+01  7.508011e+00  2.378661e+01  9.295000e-01  1.052734e-01  1.254775e-01  7.458610e-02  7.525750e-02  3.880248e+03  1.863304e+04  2.691492e+05  1.478991e+56  2.328125e+58  5.500704e-06  1.453885e+110  1.000000e+00  1.000000e+00  0.000000e+00
1.743330e+01  2.035396e+02  1.878941e+02  7.416700e+00  1.743330e+01  1.644566e+00  1.375520e-01  1.507013e+00  2.363051e+01  7.692656e+00  2.363051e+01  9.163600e-01  1.027921e-01  1.219566e-01  7.963222e-02  7.410998e-02  4.290097e+03  2.154491e+04  2.570513e+05  1.703904e+56  2.227443e+58  5.563667e-06  1.684215e+110  1.000000e+00  1.000000e+00  0.000000e+00
1.743330e+01  2.102287e+02  1.878941e+02  8.406200e+00  1.743330e+01  1.587995e+00  1.582230e-01  1.429772e+00  2.341982e+01  7.886194e+00  2.341982e+01  9.003630e-01  1.001491e-01  1.182424e-01  8.513153e-02  7.273904e-02  4.813236e+03  2.491074e+04  2.435792e+05  1.962939e+56  2.114196e+58  5.631087e-06  1.944163e+110  1.000000e+00  1.000000e+00  0.000000e+00
1.743330e+01  2.171631e+02  1.878941e+02  9.527700e+00  1.743330e+01  1.525730e+00  1.818690e-01  1.343861e+00  2.313864e+01  8.088474e+00  2.313864e+01  8.807990e-01  9.739159e-02  1.144064e-01  9.110801e-02  7.077279e-02  5.384783e+03  2.879541e+04  2.287082e+05  2.260760e+56  1.987927e+58  5.601366e-06  2.026681e+110  1.000000e+00  1.000000e+00  0.000000e+00
1.743330e+01  4.714565e+02  1.878941e+02  1.079880e+01  1.743330e+01  1.484981e+00  1.944770e-01  1.290504e+00  2.300548e+01  8.184774e+00  2.300548e+01  8.690370e-01  9.533914e-02  1.115766e-01  9.347935e-02  6.998277e-02  5.922950e+03  3.086830e+04  2.193028e+05  2.419367e+56  1.909779e+58  5.474228e-06  6.820453e+109  1.000000e+00  1.000000e+00  1.000000e+00
1.743330e+01  4.728972e+02  1.878941e+02  1.223950e+01  1.743330e+01  1.453346e+00  2.005370e-01  1.252809e+00  2.297226e+01  8.204272e+00  2.297226e+01  8.620170e-01  9.344302e-02  1.089815e-01  9.368722e-02  6.997062e-02  6.547676e+03  3.184862e+04  2.124727e+05  2.493400e+56  1.854903e+58  5.453088e-06  1.072234e+110  1.000000e+00  1.000000e+00  1.000000e+00
1.743330e+01  4.745300e+02  1.878941e+02  1.387240e+01  1.743330e+01  1.413518e+00  2.088910e-01  1.204627e+00  2.289386e+01  8.220909e+00  2.289386e+01  8.522190e-01  9.119350e-02  1.059261e-01  9.432420e-02  6.963324e-02  7.360425e+03  3.321845e+04  2.038730e+05  2.595974e+56  1.784473e+58  5.542460e-06  1.753039e+110  1.000000e+00  1.000000e+00  1.000000e+00
1.743330e+01  4.763807e+02  1.878941e+02  1.572320e+01  1.743330e+01  1.364900e+00  2.198520e-01  1.145048e+00  2.275387e+01  8.237291e+00  2.275387e+01  8.389240e-01  8.859864e-02  1.024328e-01  9.547632e-02  6.884957e-02  8.407725e+03  3.500826e+04  1.933749e+05  2.729269e+56  1.697073e+58  5.630949e-06  2.501885e+110  1.000000e+00  1.000000e+00  1.000000e+00
1.743330e+01  4.784787e+02  1.878941e+02  1.782080e+01  1.743330e+01  1.306908e+00  2.338320e-01  1.073076e+00  2.252847e+01  8.255270e+00  2.252847e+01  8.210800e-01  8.568305e-02  9.854702e-02  9.724926e-02  6.745088e-02  9.736952e+03  3.734087e+04  1.808453e+05  2.902343e+56  1.591177e+58  5.715866e-06  3.279826e+110  1.000000e+00  1.000000e+00  1.000000e+00
1.743330e+01  4.808563e+02  1.878941e+02  2.019840e+01  1.743330e+01  1.239347e+00  2.512960e-01  9.880510e-01  2.218408e+01  8.277014e+00  2.218408e+01  7.972350e-01  8.251507e-02  9.437106e-02  9.976153e-02  6.522545e-02  1.136711e+04  4.022322e+04  1.662112e+05  3.115421e+56  1.465721e+58  5.803744e-06  3.997195e+110  1.000000e+00  1.000000e+00  1.000000e+00
1.743330e+01  4.835509e+02  1.878941e+02  2.289310e+01  1.743330e+01  1.162945e+00  2.727580e-01  8.901880e-01  2.167581e+01  8.304566e+00  2.167581e+01  7.654600e-01  7.924384e-02  9.010859e-02  1.031388e-01  6.193031e-02  1.321252e+04  4.385524e+04  1.495512e+05  3.383100e+56  1.320952e+58  5.905720e-06  4.841269e+110  1.000000e+00  1.000000e+00  1.000000e+00
1.743330e+01  4.866048e+02  1.878941e+02  2.594730e+01  1.743330e+01  1.080031e+00  2.987540e-01  7.812770e-01  2.094881e+01  8.339856e+00  2.094881e+01  7.233840e-01  7.614796e-02  8.612013e-02  1.075087e-01  5.735016e-02  1.493300e+04  4.826778e+04  1.312031e+05  3.707153e+56  1.159486e+58  6.020757e-06  5.440812e+110  1.000000e+00  1.000000e+00  1.000000e+00
1.743330e+01  4.900671e+02  1.878941e+02  2.940900e+01  1.743330e+01  9.953650e-01  3.298380e-01  6.655270e-01  1.994654e+01  8.385260e+00  1.994654e+01  6.686260e-01  7.370493e-02  8.300347e-02  1.129945e-01  5.143668e-02  1.576512e+04  5.368544e+04  1.118864e+05  4.103634e+56  9.875531e+57  6.156000e-06  5.897239e+110  1.000000e+00  1.000000e+00  1.000000e+00
1.743330e+01  4.939909e+02  1.878941e+02  3.333260e+01  1.743330e+01  9.166030e-01  3.665560e-01  5.500470e-01  1.863786e+01  8.442880e+00  1.863786e+01  6.000930e-01  7.263848e-02  8.165135e-02  1.197072e-01  4.453303e-02  1.468121e+04  6.013274e+04  9.276582e+04  4.573399e+56  8.157523e+57  6.322538e-06  5.877185e+110  1.000000e+00  1.000000e+00  1.000000e+00
1.743330e+01  4.984378e+02  1.878941e+02  3.777960e+01  1.743330e+01  8.533220e-01  4.094360e-01  4.438860e-01  1.706041e+01  8.514266e+00  1.706041e+01  5.201860e-01  7.387626e-02  8.322116e-02  1.277417e-01  3.760660e-02  1.139317e+04  6.773745e+04  7.528347e+04  5.124754e+56  6.576131e+57  6.716300e-06  5.579140e+110  1.000000e+00  1.000000e+00  1.000000e+00
1.743330e+01  5.034775e+02  1.878941e+02  4.281980e+01  1.743330e+01  8.139630e-01  4.589550e-01  3.550080e-01  1.535002e+01  8.600207e+00  1.535002e+01  4.361480e-01  7.832083e-02  8.891487e-02  1.371722e-01  3.223558e-02  7.292116e+03  7.663461e+04  6.067829e+04  5.766038e+56  5.250633e+57  1.720732e-05  5.061295e+110  1.000000e+00  1.000000e+00  1.000000e+00
1.743330e+01  5.091908e+02  1.878941e+02  4.853260e+01  1.743330e+01  8.023590e-01  5.155220e-01  2.868360e-01  1.369965e+01  8.700780e+00  1.369965e+01  3.574910e-01  8.650490e-02  9.963821e-02  1.480507e-01  3.024189e-02  4.162080e+03  8.722403e+04  4.945648e+04  6.525195e+56  4.232628e+57  2.122177e-05  4.357019e+110  1.000000e+00  1.000000e+00  1.000000e+00
1.743330e+01  5.156662e+02  1.878941e+02  5.500740e+01  1.743330e+01  8.171340e-01  5.794530e-01  2.376820e-01  1.226392e+01  8.815454e+00  1.226392e+01  2.908730e-01  9.841149e-02  1.158206e-01  1.604033e-01  3.325601e-02  2.401895e+03  9.918377e+04  4.131829e+04  7.375514e+56  3.497347e+57  4.127623e-06  3.607798e+110  1.000000e+00  1.000000e+00  1.000000e+00
1.743330e+01  5.230050e+02  1.878941e+02  6.234610e+01  1.743330e+01  8.541040e-01  6.509250e-01  2.031790e-01  1.110542e+01  8.943009e+00  1.110542e+01  2.378850e-01  1.135945e-01  1.375313e-01  1.742281e-01  4.240161e-02  1.494536e+03  1.128723e+05  3.554807e+04  8.340633e+56  2.979934e+57  4.720075e-06  2.980590e+110  1.000000e+00  1.000000e+00  1.000000e+00
1.743330e+01  5.313221e+02  1.878941e+02  7.066390e+01  1.743330e+01  9.087820e-01  7.299660e-01  1.788160e-01  1.021303e+01  9.081501e+00  1.021303e+01  1.967640e-01  1.314276e-01  1.647255e-01  1.894998e-01  5.793681e-02  9.849859e+02  1.284130e+05  3.141322e+04  9.426200e+56  2.613296e+57  4.781905e-06  2.514628e+110  1.000000e+00  1.000000e+00  1.000000e+00
1.743330e+01  5.407496e+02  1.878941e+02  8.009140e+01  1.743330e+01  9.774390e-01  8.164070e-01  1.610330e-01  9.543623e+00  9.228440e+00  9.543623e+00  1.647490e-01  1.512718e-01  1.974062e-01  2.061667e-01  7.895043e-02  6.644701e+02  1.458931e+05  2.833637e+04  1.063447e+57  2.344514e+57  4.726493e-06  2.130319e+110  1.000000e+00  1.000000e+00  1.000000e+00
1.743330e+01  5.514360e+02  1.878941e+02  9.077660e+01  1.743330e+01  1.057160e+00  9.098640e-01  1.472960e-01  9.380986e+00  9.380986e+00  9.049123e+00  1.393320e-01  1.664462e-01  2.243401e-01  2.243407e-01  8.615099e-02  4.495730e+02  1.653603e+05  2.590779e+04  1.196424e+57  2.136026e+57  4.628173e-06  1.832478e+110  1.000000e+00  1.000000e+00  1.000000e+00
1.743330e+01  5.635472e+02  1.878941e+02  1.028874e+02  1.743330e+01  1.145570e+00  1.009681e+00  1.358900e-01  9.534644e+00  9.534644e+00  8.675579e+00  1.186220e-01  1.774594e-01  2.450672e-01  2.450678e-01  8.052202e-02  3.050202e+02  1.867589e+05  2.385217e+04  1.340601e+57  1.962507e+57  4.517323e-06  1.569571e+110  1.000000e+00  1.000000e+00  1.000000e+00
1.743330e+01  5.772730e+02  1.878941e+02  1.166139e+02  1.743330e+01  1.240549e+00  1.114789e+00  1.257610e-01  9.684591e+00  9.684591e+00  8.377014e+00  1.013750e-01  1.891970e-01  2.683597e-01  2.683602e-01  7.540990e-02  2.073787e+02  2.099112e+05  2.200245e+04  1.494073e+57  1.808522e+57  4.341283e-06  1.353684e+110  1.000000e+00  1.000000e+00  1.000000e+00
1.743330e+01  5.928297e+02  1.878941e+02  1.321717e+02  1.743330e+01  1.340058e+00  1.223817e+00  1.162400e-01  9.827347e+00  9.827347e+00  8.132555e+00  8.674300e-02  2.014043e-01  2.940267e-01  2.940271e-01  7.044009e-02  1.417036e+02  2.352871e+05  2.025603e+04  1.659772e+57  1.664387e+57  4.210705e-06  1.139359e+110  1.000000e+00  1.000000e+00  1.000000e+00
1.743330e+01  6.104652e+02  1.878941e+02  1.498051e+02  1.743330e+01  1.442079e+00  1.335165e+00  1.069150e-01  9.960123e+00  9.960123e+00  7.908856e+00  7.413900e-02  2.138484e-01  3.218644e-01  3.218648e-01  6.542054e-02  9.751980e+01  2.612213e+05  1.855382e+04  1.824694e+57  1.524200e+57  4.025770e-06  9.529578e+109  1.000000e+00  1.000000e+00  1.000000e+00
1.743330e+01  6.304521e+02  1.878941e+02  1.697911e+02  1.743330e+01  1.544588e+00  1.446824e+00  9.776500e-02  1.008061e+01  1.008061e+01  7.676412e+00  6.329500e-02  2.263119e-01  3.516275e-01  3.516279e-01  6.033179e-02  6.775143e+01  2.897027e+05  1.689589e+04  2.003205e+57  1.387712e+57  3.803969e-06  7.892612e+109  1.000000e+00  1.000000e+00  1.000000e+00
1.743330e+01  6.531038e+02  1.878941e+02  1.924434e+02  1.743330e+01  1.645562e+00  1.556688e+00  8.887400e-02  1.018682e+01  1.018682e+01  7.436223e+00  5.400800e-02  2.385928e-01  3.830130e-01  3.830134e-01  5.526887e-02  4.765421e+01  3.179693e+05  1.529664e+04  2.174248e+57  1.256104e+57  3.646424e-06  6.233255e+109  1.000000e+00  1.000000e+00  1.000000e+00
1.743330e+01  6.787757e+02  1.878941e+02  2.181178e+02  1.743330e+01  1.743092e+00  1.662773e+00  8.031900e-02  1.027706e+01  1.027706e+01  7.189483e+00  4.607900e-02  2.505147e-01  4.156716e-01  4.156719e-01  5.030539e-02  3.399048e+01  3.473618e+05  1.376880e+04  2.347598e+57  1.130419e+57  3.418972e-06  4.911052e+109  1.000000e+00  1.000000e+00  1.000000e+00
1.743330e+01  7.078781e+02  1.878941e+02  2.472176e+02  1.743330e+01  1.835487e+00  1.763320e+00  7.216800e-02  1.035013e+01  1.035013e+01  6.937489e+00  3.931800e-02  2.619313e-01  4.492185e-01  4.492188e-01  4.553933e-02  2.462374e+01  3.764844e+05  1.232305e+04  2.512692e+57  1.011527e+57  3.257359e-06  3.646316e+109  1.000000e+00  1.000000e+00  1.000000e+00
1.743330e+01  7.408620e+02  1.878941e+02  2.801996e+02  1.743330e+01  1.921342e+00  1.856868e+00  6.447400e-02  1.040531e+01  1.040531e+01  6.681606e+00  3.355700e-02  2.727290e-01  4.832453e-01  4.832456e-01  4.105032e-02  1.813714e+01  4.048525e+05  1.096772e+04  2.665836e+57  9.001093e+56  3.035253e-06  2.696523e+109  1.000000e+00  1.000000e+00  1.000000e+00
1.743330e+01  7.782441e+02  1.878941e+02  3.175819e+02  1.743330e+01  1.999576e+00  1.942295e+00  5.728100e-02  1.044243e+01  1.044243e+01  6.423233e+00  2.864700e-02  2.828252e-01  5.173309e-01  5.173312e-01  3.689853e-02  1.359337e+01  4.331635e+05  9.708711e+03  2.812618e+57  7.966427e+56  2.808282e-06  1.948710e+109  1.000000e+00  1.000000e+00  1.000000e+00
1.743330e+01  8.206108e+02  1.878941e+02  3.599514e+02  1.743330e+01  2.069431e+00  2.018814e+00  5.061700e-02  1.046171e+01  1.046171e+01  6.163771e+00  2.446000e-02  2.921662e-01  5.510538e-01  5.510541e-01  3.311790e-02  1.037139e+01  4.599193e+05  8.549459e+03  2.942115e+57  7.014032e+56  2.585493e-06  1.370216e+109  1.000000e+00  1.000000e+00  1.000000e+00
1.743330e+01  8.686339e+02  1.878941e+02  4.079736e+02  1.743330e+01  2.130456e+00  2.085959e+00  4.449800e-02  1.046363e+01  1.046363e+01  5.904588e+00  2.088600e-02  3.007265e-01  5.840185e-01  5.840188e-01  2.971513e-02  8.054299e+00  4.859316e+05  7.491080e+03  3.060901e+57  6.144758e+56  2.296622e-06  9.693877e+108  1.000000e+00  1.000000e+00  1.000000e+00
1.743330e+01  9.230662e+02  1.878941e+02  4.624025e+02  1.743330e+01  2.182486e+00  2.143561e+00  3.892500e-02  1.044918e+01  1.044918e+01  5.646992e+00  1.783500e-02  3.084970e-01  6.158358e-01  6.158361e-01  2.668909e-02  6.367775e+00  5.110630e+05  6.532591e+03  3.168639e+57  5.357736e+56  2.062761e-06  6.419365e+108  1.000000e+00  1.000000e+00  1.000000e+00
1.743330e+01  9.847572e+02  1.878941e+02  5.240930e+02  1.743330e+01  2.225585e+00  2.191695e+00  3.389000e-02  1.041925e+01  1.041925e+01  5.392201e+00  1.522800e-02  3.154929e-01  6.461841e-01  6.461844e-01  2.401988e-02  5.123760e+00  5.336681e+05  5.671204e+03  3.253768e+57  4.650622e+56  1.827811e-06  4.006341e+108  1.000000e+00  1.000000e+00  1.000000e+00
1.743330e+01  1.054675e+03  1.878941e+02  5.940138e+02  1.743330e+01  2.260009e+00  2.230632e+00  2.937700e-02  1.037536e+01  1.037536e+01  5.141330e+00  1.299900e-02  3.217279e-01  6.747244e-01  6.747246e-01  2.167073e-02  4.191201e+00  5.548955e+05  4.902666e+03  3.325656e+57  4.019873e+56  1.521464e-06  2.532363e+108  1.000000e+00  1.000000e+00  1.000000e+00
1.743330e+01  1.133922e+03  1.878941e+02  6.732629e+02  1.743330e+01  2.286170e+00  2.260810e+00  2.536000e-02  1.031873e+01  1.031873e+01  4.895372e+00  1.109300e-02  3.272383e-01  7.012232e-01  7.012234e-01  1.963387e-02  3.488142e+00  5.746555e+05  4.221602e+03  3.384602e+57  3.461035e+56  1.243968e-06  1.291478e+108  1.000000e+00  1.000000e+00  1.000000e+00
1.743330e+01  1.223749e+03  1.878941e+02  7.630849e+02  1.743330e+01  2.304582e+00  2.282774e+00  2.180800e-02  1.025087e+01  1.025087e+01  4.655194e+00  9.463000e-03  3.320573e-01  7.254583e-01  7.254585e-01  1.785655e-02  2.948771e+00  5.914642e+05  3.621860e+03  3.420292e+57  2.969020e+56  9.434008e-07  5.578958e+107  1.000000e+00  1.000000e+00  1.000000e+00
1.743330e+01  1.325556e+03  1.878941e+02  8.648903e+02  1.743330e+01  2.315832e+00  2.297146e+00  1.868600e-02  1.017311e+01  1.017311e+01  4.421528e+00  8.069000e-03  3.362289e-01  7.472955e-01  7.472956e-01  1.631596e-02  2.531316e+00  6.066032e+05  3.096815e+03  3.443333e+57  2.538361e+56  5.543092e-07  1.962371e+107  1.000000e+00  1.000000e+00  1.000000e+00
1.743330e+01  1.440942e+03  1.878941e+02  9.802778e+02  1.743330e+01  2.320559e+00  2.304600e+00  1.595800e-02  1.008707e+01  1.008707e+01  4.194978e+00  6.877000e-03  3.397890e-01  7.666025e-01  7.666026e-01  1.498729e-02  2.205898e+00  6.201382e+05  2.639643e+03  3.454969e+57  2.163435e+56  1.155384e-07  -1.042369e+106  1.000000e+00  -1.000000e+00  1.000000e+00
1.743330e+01  1.571717e+03  1.878941e+02  1.111060e+03  1.743330e+01  2.319417e+00  2.305829e+00  1.358800e-02  9.994115e+00  9.994115e+00  3.976021e+00  5.858000e-03  3.427805e-01  7.833301e-01  7.833303e-01  1.385481e-02  1.951741e+00  6.319850e+05  2.243543e+03  3.455389e+57  1.838642e+56  -3.888606e-07  -1.199194e+107  -1.000000e+00  -1.000000e+00  1.000000e+00
1.743330e+01  1.719954e+03  1.878941e+02  1.259289e+03  1.743330e+01  2.313059e+00  2.301521e+00  1.153700e-02  9.895506e+00  9.895506e+00  3.765013e+00  4.988000e-03  3.452473e-01  7.974876e-01  7.974877e-01  1.288149e-02  1.750747e+00  6.422642e+05  1.901913e+03  3.446306e+57  1.558551e+56  -1.170224e-06  -2.047103e+107  -1.000000e+00  -1.000000e+00  1.000000e+00
1.743330e+01  1.887962e+03  1.878941e+02  1.427295e+03  1.743330e+01  2.302130e+00  2.292359e+00  9.772000e-03  9.792602e+00  9.792602e+00  3.562205e+00  4.245000e-03  3.472270e-01  8.090961e-01  8.090962e-01  1.204754e-02  1.591256e+00  6.496209e+05  1.608482e+03  3.418302e+57  1.318006e+56  -1.851051e-06  -2.135388e+107  -1.000000e+00  -1.000000e+00  1.000000e+00
1.743330e+01  2.078381e+03  1.878941e+02  1.617714e+03  1.743330e+01  2.287253e+00  2.278995e+00  8.257000e-03  9.686711e+00  9.686711e+00  3.367745e+00  3.610000e-03  3.487542e-01  8.182069e-01  8.182070e-01  1.133615e-02  1.464796e+00  6.567955e+05  1.357397e+03  3.392273e+57  1.112197e+56  -3.448950e-06  -1.856428e+107  -1.000000e+00  -1.000000e+00  1.000000e+00
1.743330e+01  2.294199e+03  1.878941e+02  1.833538e+03  1.743330e+01  2.269018e+00  2.262055e+00  6.963000e-03  9.578986e+00  9.578986e+00  3.181699e+00  3.069000e-03  3.498646e-01  8.249183e-01  8.249183e-01  1.073039e-02  1.364660e+00  6.612963e+05  1.143280e+03  3.350157e+57  9.367059e+55  -5.788245e-06  -1.786586e+107  -1.000000e+00  -1.000000e+00  1.000000e+00
1.743330e+01  2.538819e+03  1.878941e+02  2.078156e+03  1.743330e+01  2.247978e+00  2.242118e+00  5.861000e-03  9.470418e+00  9.470418e+00  3.004051e+00  2.607000e-03  3.505941e-01  8.293682e-01  8.293682e-01  1.021559e-02  1.285729e+00  6.645353e+05  9.612478e+02  3.302945e+57  7.875260e+55  -7.240192e-06  -1.338525e+107  -1.000000e+00  -1.000000e+00  1.000000e+00
1.743330e+01  2.816077e+03  1.878941e+02  2.355409e+03  1.743330e+01  2.224656e+00  2.219732e+00  4.924000e-03  9.362239e+00  9.362239e+00  2.834726e+00  2.214000e-03  3.509659e-01  8.316484e-01  8.316485e-01  9.787606e-03  1.225352e+00  6.677585e+05  8.069233e+02  3.260255e+57  6.610627e+55  -2.715057e-05  -1.044029e+107  -1.000000e+00  -1.000000e+00  1.000000e+00
1.743330e+01  3.130319e+03  1.878941e+02  2.669651e+03  1.743330e+01  2.199533e+00  2.195401e+00  4.131000e-03  9.255221e+00  9.255221e+00  2.673592e+00  1.878000e-03  3.510147e-01  8.319484e-01  8.319485e-01  9.429808e-03  1.179752e+00  6.686709e+05  6.764150e+02  3.205121e+57  5.541235e+55  1.990383e-04  -8.929132e+106  1.000000e+00  -1.000000e+00  1.000000e+00
1.743330e+01  3.486480e+03  1.878941e+02  3.025817e+03  1.743330e+01  2.173048e+00  2.169587e+00  3.462000e-03  9.150197e+00  9.150197e+00  2.520473e+00  1.593000e-03  3.507684e-01  8.304365e-01  8.304366e-01  9.135774e-03  1.146978e+00  6.685985e+05  5.662943e+02  3.147612e+57  4.638956e+55  1.273170e-04  -6.799063e+106  1.000000e+00  -1.000000e+00  1.000000e+00
1.743330e+01  3.890162e+03  1.878941e+02  3.429500e+03  1.743330e+01  2.145609e+00  2.142712e+00  2.897000e-03  9.047970e+00  9.047970e+00  2.375158e+00  1.350000e-03  3.502524e-01  8.272796e-01  8.272797e-01  8.898033e-03  1.125375e+00  6.676530e+05  4.735626e+02  3.088646e+57  3.879197e+55  2.246537e-05  -5.101317e+106  1.000000e+00  -1.000000e+00  1.000000e+00
1.743330e+01  4.347708e+03  1.878941e+02  3.887040e+03  1.743330e+01  2.117584e+00  2.115163e+00  2.421000e-03  8.949240e+00  8.949240e+00  2.237408e+00  1.143000e-03  3.494911e-01  8.226529e-01  8.226529e-01  8.712579e-03  1.113973e+00  6.659358e+05  3.956138e+02  3.028941e+57  3.240588e+55  1.387033e-05  -3.782350e+106  1.000000e+00  -1.000000e+00  1.000000e+00
1.743330e+01  4.866291e+03  1.878941e+02  4.405622e+03  1.743330e+01  2.089307e+00  2.087285e+00  2.022000e-03  8.854481e+00  8.854481e+00  2.106964e+00  9.680000e-04  3.485145e-01  8.167678e-01  8.167678e-01  8.572070e-03  1.111451e+00  6.635384e+05  3.301963e+02  2.969115e+57  2.704667e+55  9.805887e-06  -2.918236e+106  1.000000e+00  -1.000000e+00  1.000000e+00
1.743330e+01  5.454054e+03  1.878941e+02  4.993389e+03  1.743330e+01  2.061082e+00  2.059395e+00  1.687000e-03  8.764293e+00  8.764293e+00  1.983551e+00  8.190000e-04  3.473441e-01  8.097903e-01  8.097903e-01  8.471975e-03  1.117132e+00  6.596184e+05  2.753736e+02  2.902723e+57  2.255560e+55  7.616318e-06  -2.145627e+106  1.000000e+00  -1.000000e+00  1.000000e+00
1.743330e+01  6.120229e+03  1.878941e+02  5.659571e+03  1.743330e+01  2.033180e+00  2.031773e+00  1.407000e-03  8.679217e+00  8.679217e+00  1.866887e+00  6.920000e-04  3.460006e-01  8.018787e-01  8.018787e-01  8.409110e-03  1.130510e+00  6.562046e+05  2.294884e+02  2.844785e+57  1.879682e+55  7.616389e-06  -1.440303e+106  1.000000e+00  -1.000000e+00  1.000000e+00
1.743330e+01  6.875298e+03  1.878941e+02  6.414631e+03  1.743330e+01  2.005845e+00  2.004673e+00  1.172000e-03  8.599523e+00  8.599523e+00  1.756683e+00  5.840000e-04  3.445122e-01  7.932334e-01  7.932334e-01  8.379271e-03  1.151044e+00  6.524030e+05  1.911269e+02  2.788420e+57  1.565445e+55  6.782464e-06  -1.025790e+106  1.000000e+00  -1.000000e+00  1.000000e+00
1.743330e+01  7.731096e+03  1.878941e+02  7.270426e+03  1.743330e+01  1.979292e+00  1.978317e+00  9.760000e-04  8.525478e+00  8.525478e+00  1.652648e+00  4.930000e-04  3.429042e-01  7.840324e-01  7.840324e-01  8.379063e-03  1.178278e+00  6.482994e+05  1.590877e+02  2.734034e+57  1.303004e+55  5.765452e-06  -7.606580e+105  1.000000e+00  -1.000000e+00  1.000000e+00
1.743330e+01  8.701063e+03  1.878941e+02  8.240395e+03  1.743330e+01  1.953715e+00  1.952902e+00  8.120000e-04  8.457453e+00  8.457453e+00  1.554494e+00  4.160000e-04  3.411954e-01  7.744078e-01  7.744078e-01  8.405714e-03  1.211904e+00  6.431553e+05  1.323527e+02  2.675837e+57  1.084017e+55  5.235500e-06  -5.406404e+105  1.000000e+00  -1.000000e+00  1.000000e+00
1.743330e+01  9.800430e+03  1.878941e+02  9.339770e+03  1.743330e+01  1.929278e+00  1.928603e+00  6.750000e-04  8.395518e+00  8.395518e+00  1.461936e+00  3.500000e-04  3.394134e-01  7.645355e-01  7.645355e-01  8.454456e-03  1.251247e+00  6.387221e+05  1.100614e+02  2.626653e+57  9.014323e+54  5.304646e-06  -3.503257e+105  1.000000e+00  -1.000000e+00  1.000000e+00
1.743330e+01  1.104648e+04  1.878941e+02  1.058582e+04  1.743330e+01  1.906129e+00  1.905568e+00  5.620000e-04  8.339778e+00  8.339778e+00  1.374693e+00  2.950000e-04  3.375821e-01  7.545594e-01  7.545594e-01  8.523647e-03  1.296096e+00  6.342213e+05  9.148824e+01  2.580368e+57  7.493053e+54  4.969483e-06  -2.408267e+105  1.000000e+00  -1.000000e+00  1.000000e+00
1.743330e+01  1.245877e+04  1.878941e+02  1.199810e+04  1.743330e+01  1.884389e+00  1.883923e+00  4.670000e-04  8.290333e+00  8.290333e+00  1.292494e+00  2.480000e-04  3.357224e-01  7.445998e-01  7.445998e-01  8.612153e-03  1.346211e+00  6.297236e+05  7.602274e+01  2.537215e+57  6.226341e+54  4.385777e-06  -1.738210e+105  1.000000e+00  -1.000000e+00  1.000000e+00
1.743330e+01  1.405947e+04  1.878941e+02  1.359880e+04  1.743330e+01  1.864161e+00  1.863773e+00  3.880000e-04  8.247090e+00  8.247090e+00  1.215074e+00  2.080000e-04  3.338599e-01  7.347936e-01  7.347936e-01  8.713638e-03  1.400512e+00  6.245348e+05  6.315195e+01  2.491691e+57  5.172167e+54  4.121883e-06  -1.197813e+105  1.000000e+00  -1.000000e+00  1.000000e+00
1.743330e+01  1.587372e+04  1.878941e+02  1.541306e+04  1.743330e+01  1.845526e+00  1.845204e+00  3.220000e-04  8.210016e+00  8.210016e+00  1.142179e+00  1.750000e-04  3.320151e-01  7.252416e-01  7.252416e-01  8.826399e-03  1.458482e+00  6.202273e+05  5.244581e+01  2.455265e+57  4.295298e+54  4.199772e-06  -7.378167e+104  1.000000e+00  -1.000000e+00  1.000000e+00
1.743330e+01  1.793002e+04  1.878941e+02  1.746936e+04  1.743330e+01  1.828546e+00  1.828278e+00  2.670000e-04  8.178937e+00  8.178937e+00  1.073564e+00  1.460000e-04  3.302103e-01  7.160475e-01  7.160475e-01  8.946472e-03  1.519174e+00  6.160831e+05  4.354409e+01  2.422287e+57  3.566226e+54  3.973612e-06  -4.879427e+104  1.000000e+00  -1.000000e+00  1.000000e+00
1.743330e+01  2.025605e+04  1.878941e+02  1.979538e+04  1.743330e+01  1.813286e+00  1.813064e+00  2.220000e-04  8.153640e+00  8.153640e+00  1.009109e+00  1.230000e-04  3.284706e-01  7.073231e-01  7.073231e-01  9.069362e-03  1.581259e+00  6.121417e+05  3.615803e+01  2.392698e+57  2.961296e+54  3.864262e-06  -3.560023e+104  1.000000e+00  -1.000000e+00  1.000000e+00
2.395030e+01  1.030404e+02  2.307818e+02  1.000000e+00  2.395030e+01  2.104057e+00  1.154400e-02  2.092513e+00  2.314902e+01  5.067191e+00  2.314902e+01  9.945130e-01  1.342476e-01  1.692071e-01  3.444459e-02  6.648130e-02  1.016420e+03  1.734904e+03  3.691884e+05  1.457861e+55  3.055490e+58  4.705634e-06  8.165611e+108  1.000000e+00  1.000000e+00  0.000000e+00
2.395030e+01  1.076573e+02  2.307818e+02  1.133400e+00  2.395030e+01  2.098391e+00  1.339700e-02  2.084994e+00  2.315921e+01  5.163838e+00  2.315921e+01  9.936160e-01  1.338272e-01  1.685356e-01  3.602234e-02  6.660547e-02  1.034456e+03  2.015838e+03  3.677032e+05  1.690136e+55  3.045133e+58  4.717123e-06  8.127234e+108  1.000000e+00  1.000000e+00  0.000000e+00
2.395030e+01  1.131115e+02  2.307818e+02  1.284600e+00  2.395030e+01  2.091968e+00  1.551000e-02  2.076458e+00  2.316975e+01  5.264091e+00  2.316975e+01  9.925860e-01  1.333568e-01  1.677859e-01  3.770846e-02  6.673619e-02  1.054860e+03  2.337039e+03  3.660241e+05  1.952743e+55  3.033344e+58  4.741327e-06  8.201884e+108  1.000000e+00  1.000000e+00  0.000000e+00
2.395030e+01  1.191072e+02  2.307818e+02  1.456000e+00  2.395030e+01  2.084662e+00  1.793300e-02  2.066730e+00  2.318028e+01  5.368308e+00  2.318028e+01  9.913980e-01  1.328308e-01  1.669490e-01  3.951815e-02  6.687207e-02  1.078109e+03  2.706246e+03  3.641183e+05  2.252343e+55  3.019861e+58  4.767391e-06  9.196714e+108  1.000000e+00  1.000000e+00  0.000000e+00
2.395030e+01  1.250167e+02  2.307818e+02  1.650300e+00  2.395030e+01  2.076360e+00  2.071000e-02  2.055650e+00  2.319075e+01  5.476431e+00  2.319075e+01  9.900260e-01  1.322420e-01  1.660144e-01  4.145899e-02  6.701417e-02  1.104659e+03  3.130482e+03  3.619579e+05  2.594559e+55  3.004464e+58  4.798587e-06  1.020148e+109  1.000000e+00  1.000000e+00  0.000000e+00
2.395030e+01  1.316026e+02  2.307818e+02  1.870400e+00  2.395030e+01  2.066936e+00  2.389300e-02  2.043043e+00  2.320106e+01  5.588599e+00  2.320106e+01  9.884400e-01  1.315834e-01  1.649717e-01  4.354192e-02  6.716262e-02  1.135083e+03  3.618019e+03  3.595141e+05  2.985851e+55  2.986922e+58  4.828942e-06  1.158822e+109  1.000000e+00  1.000000e+00  0.000000e+00
2.395030e+01  1.379494e+02  2.307818e+02  2.120000e+00  2.395030e+01  2.056204e+00  2.754100e-02  2.028663e+00  2.321044e+01  5.704835e+00  2.321044e+01  9.866060e-01  1.308472e-01  1.638096e-01  4.577751e-02  6.731013e-02  1.169958e+03  4.178339e+03  3.567375e+05  3.433560e+55  2.966829e+58  4.849353e-06  1.076260e+109  1.000000e+00  1.000000e+00  0.000000e+00
2.395030e+01  1.527256e+02  2.307818e+02  2.402800e+00  2.395030e+01  2.044658e+00  3.143300e-02  2.013225e+00  2.322049e+01  5.816363e+00  2.322049e+01  9.846270e-01  1.300562e-01  1.625646e-01  4.798853e-02  6.747239e-02  1.208916e+03  4.777839e+03  3.537606e+05  3.910582e+55  2.945253e+58  4.874164e-06  1.724010e+109  1.000000e+00  1.000000e+00  0.000000e+00
2.395030e+01  1.576382e+02  2.307818e+02  2.723400e+00  2.395030e+01  2.031398e+00  3.593900e-02  1.995459e+00  2.322938e+01  5.931832e+00  2.322938e+01  9.823080e-01  1.291632e-01  1.611641e-01  5.037966e-02  6.762998e-02  1.254159e+03  5.473919e+03  3.503552e+05  4.462268e+55  2.920360e+58  4.912753e-06  2.306516e+109  1.000000e+00  1.000000e+00  0.000000e+00
2.395030e+01  1.627167e+02  2.307818e+02  3.086700e+00  2.395030e+01  2.015964e+00  4.123900e-02  1.974724e+00  2.323504e+01  6.054896e+00  2.323504e+01  9.795440e-01  1.281507e-01  1.595821e-01  5.303419e-02  6.777762e-02  1.307340e+03  6.295658e+03  3.464054e+05  5.111406e+55  2.891172e+58  4.956729e-06  2.709541e+109  1.000000e+00  1.000000e+00  0.000000e+00
2.395030e+01  1.679681e+02  2.307818e+02  3.498500e+00  2.395030e+01  1.998124e+00  4.744400e-02  1.950681e+00  2.323676e+01  6.185907e+00  2.323676e+01  9.762560e-01  1.270073e-01  1.578034e-01  5.597244e-02  6.790287e-02  1.369783e+03  7.261473e+03  3.418593e+05  5.871994e+55  2.857239e+58  5.003273e-06  3.181746e+109  1.000000e+00  1.000000e+00  0.000000e+00
2.395030e+01  1.734000e+02  2.307818e+02  3.965200e+00  2.395030e+01  1.977527e+00  5.468300e-02  1.922845e+00  2.323251e+01  6.325197e+00  2.323251e+01  9.723480e-01  1.257210e-01  1.558123e-01  5.921735e-02  6.799662e-02  1.443307e+03  8.393403e+03  3.366300e+05  6.760661e+55  2.817792e+58  5.050101e-06  3.734600e+109  1.000000e+00  1.000000e+00  0.000000e+00
2.395030e+01  1.790190e+02  2.307818e+02  4.494300e+00  2.395030e+01  1.953826e+00  6.310700e-02  1.890719e+00  2.322048e+01  6.472953e+00  2.322048e+01  9.677010e-01  1.242786e-01  1.535914e-01  6.279229e-02  6.804202e-02  1.530033e+03  9.717316e+03  3.306373e+05  7.796955e+55  2.772114e+58  5.100908e-06  4.388341e+109  1.000000e+00  1.000000e+00  0.000000e+00
2.395030e+01  1.848335e+02  2.307818e+02  5.093900e+00  2.395030e+01  1.926624e+00  7.288900e-02  1.853735e+00  2.319784e+01  6.629425e+00  2.319784e+01  9.621670e-01  1.226679e-01  1.511267e-01  6.672295e-02  6.802077e-02  1.632647e+03  1.126317e+04  3.237874e+05  9.003201e+55  2.719350e+58  5.153313e-06  5.159092e+109  1.000000e+00  1.000000e+00  0.000000e+00
2.395030e+01  1.908524e+02  2.307818e+02  5.773400e+00  2.395030e+01  1.895481e+00  8.422500e-02  1.811256e+00  2.316089e+01  6.794682e+00  2.316089e+01  9.555650e-01  1.208776e-01  1.484056e-01  7.103445e-02  6.790510e-02  1.754221e+03  1.306533e+04  3.159748e+05  1.040506e+56  2.658520e+58  5.208150e-06  6.067075e+109  1.000000e+00  1.000000e+00  0.000000e+00
2.395030e+01  1.970844e+02  2.307818e+02  6.543700e+00  2.395030e+01  1.859931e+00  9.733400e-02  1.762597e+00  2.310509e+01  6.968895e+00  2.310509e+01  9.476680e-01  1.188970e-01  1.454175e-01  7.575405e-02  6.766321e-02  1.898470e+03  1.516338e+04  3.070902e+05  1.203179e+56  2.588587e+58  5.266721e-06  7.136832e+109  1.000000e+00  1.000000e+00  0.000000e+00
2.395030e+01  2.035396e+02  2.307818e+02  7.416700e+00  2.395030e+01  1.819532e+00  1.124650e-01  1.707067e+00  2.302434e+01  7.152104e+00  2.302434e+01  9.381900e-01  1.167224e-01  1.421636e-01  8.090843e-02  6.724780e-02  2.069269e+03  1.760279e+04  2.970265e+05  1.391674e+56  2.508497e+58  5.329124e-06  8.392961e+109  1.000000e+00  1.000000e+00  0.000000e+00
2.395030e+01  2.102287e+02  2.307818e+02  8.406200e+00  2.395030e+01  1.773847e+00  1.298930e-01  1.643954e+00  2.291097e+01  7.344273e+00  2.291097e+01  9.267730e-01  1.143548e-01  1.386520e-01  8.652382e-02  6.660857e-02  2.270732e+03  2.043496e+04  2.856758e+05  1.609722e+56  2.417157e+58  5.394683e-06  9.856281e+109  1.000000e+00  1.000000e+00  0.000000e+00
2.395030e+01  2.171631e+02  2.307818e+02  9.527700e+00  2.395030e+01  1.722524e+00  1.499240e-01  1.572600e+00  2.275464e+01  7.545360e+00  2.275464e+01  9.129630e-01  1.118090e-01  1.349123e-01  9.262643e-02  6.567794e-02  2.505763e+03  2.371799e+04  2.729406e+05  1.861522e+56  2.313512e+58  5.353214e-06  1.051456e+110  1.000000e+00  1.000000e+00  0.000000e+00
2.395030e+01  4.714565e+02  2.307818e+02  1.079880e+01  2.395030e+01  1.688664e+00  1.611090e-01  1.527555e+00  2.269359e+01  7.644421e+00  2.269359e+01  9.045940e-01  1.099061e-01  1.321407e-01  9.523345e-02  6.544211e-02  2.720540e+03  2.555170e+04  2.647201e+05  2.001840e+56  2.248483e+58  5.207541e-06  6.561006e+109  1.000000e+00  1.000000e+00  1.000000e+00
2.395030e+01  4.728972e+02  2.307818e+02  1.223950e+01  2.395030e+01  1.662347e+00  1.672130e-01  1.495134e+00  2.269810e+01  7.671821e+00  2.269810e+01  8.994110e-01  1.081717e-01  1.296323e-01  9.575867e-02  6.569225e-02  2.957021e+03  2.653478e+04  2.586089e+05  2.076239e+56  2.202119e+58  5.183425e-06  9.010074e+109  1.000000e+00  1.000000e+00  1.000000e+00
2.395030e+01  4.745300e+02  2.307818e+02  1.387240e+01  2.395030e+01  1.628748e+00  1.754690e-01  1.453279e+00  2.267698e+01  7.699068e+00  2.267698e+01  8.922680e-01  1.060841e-01  1.266350e-01  9.672850e-02  6.577971e-02  3.264009e+03  2.788907e+04  2.508519e+05  2.177962e+56  2.141888e+58  5.287919e-06  1.313642e+110  1.000000e+00  1.000000e+00  1.000000e+00
2.395030e+01  4.763807e+02  2.307818e+02  1.572320e+01  2.395030e+01  1.587170e+00  1.861460e-01  1.401024e+00  2.262074e+01  7.728449e+00  2.262074e+01  8.827180e-01  1.036330e-01  1.231462e-01  9.822091e-02  6.563232e-02  3.660429e+03  2.964455e+04  2.413060e+05  2.309164e+56  2.066319e+58  5.377851e-06  1.740133e+110  1.000000e+00  1.000000e+00  1.000000e+00
2.395030e+01  4.784787e+02  2.307818e+02  1.782080e+01  2.395030e+01  1.536700e+00  1.996090e-01  1.337091e+00  2.251437e+01  7.761819e+00  2.251437e+01  8.701060e-01  1.008117e-01  1.191700e-01  1.003327e-01  6.514723e-02  4.171134e+03  3.187338e+04  2.297765e+05  2.475138e+56  1.973408e+58  5.458352e-06  2.161891e+110  1.000000e+00  1.000000e+00  1.000000e+00
2.395030e+01  4.808563e+02  2.307818e+02  2.019840e+01  2.395030e+01  1.476542e+00  2.162750e-01  1.260267e+00  2.233765e+01  7.800816e+00  2.233765e+01  8.535260e-01  9.763150e-02  1.147385e-01  1.031701e-01  6.417953e-02  4.823371e+03  3.460842e+04  2.160953e+05  2.678063e+56  1.861295e+58  5.551090e-06  2.674504e+110  1.000000e+00  1.000000e+00  1.000000e+00
2.395030e+01  4.835509e+02  2.307818e+02  2.289310e+01  2.395030e+01  1.406213e+00  2.366100e-01  1.169603e+00  2.206143e+01  7.847279e+00  2.206143e+01  8.317400e-01  9.414537e-02  1.099406e-01  1.068476e-01  6.254075e-02  5.637470e+03  3.803308e+04  2.001440e+05  2.931301e+56  1.728450e+58  5.658349e-06  3.228243e+110  1.000000e+00  1.000000e+00  1.000000e+00
2.395030e+01  4.866048e+02  2.307818e+02  2.594730e+01  2.395030e+01  1.325992e+00  2.611120e-01  1.064880e+00  2.164680e+01  7.902667e+00  2.164680e+01  8.030820e-01  9.047501e-02  1.049555e-01  1.114799e-01  6.000374e-02  6.598432e+03  4.218424e+04  1.819380e+05  3.237070e+56  1.574451e+58  5.774458e-06  3.803266e+110  1.000000e+00  1.000000e+00  1.000000e+00
2.395030e+01  4.900671e+02  2.307818e+02  2.940900e+01  2.395030e+01  1.237569e+00  2.903020e-01  9.472660e-01  2.104340e+01  7.968727e+00  2.104340e+01  7.654250e-01  8.686305e-02  1.001147e-01  1.171806e-01  5.633218e-02  7.594299e+03  4.727291e+04  1.617247e+05  3.610553e+56  1.400922e+58  5.877495e-06  4.233631e+110  1.000000e+00  1.000000e+00  1.000000e+00
2.395030e+01  4.939909e+02  2.307818e+02  3.333260e+01  2.395030e+01  1.144873e+00  3.247120e-01  8.201600e-01  2.019472e+01  8.047025e+00  2.019472e+01  7.163770e-01  8.373387e-02  9.597201e-02  1.240540e-01  5.137401e-02  8.320498e+03  5.319894e+04  1.401137e+05  4.043283e+56  1.212848e+58  6.001369e-06  4.461589e+110  1.000000e+00  1.000000e+00  1.000000e+00
2.395030e+01  4.984378e+02  2.307818e+02  3.777960e+01  2.395030e+01  1.054844e+00  3.648680e-01  6.899760e-01  1.905557e+01  8.138587e+00  1.905557e+01  6.541030e-01  8.176133e-02  9.338449e-02  1.321913e-01  4.524122e-02  8.254651e+03  6.033751e+04  1.181864e+05  4.562123e+56  1.019759e+58  6.191466e-06  4.633204e+110  1.000000e+00  1.000000e+00  1.000000e+00
2.395030e+01  5.034775e+02  2.307818e+02  4.281980e+01  2.395030e+01  9.771750e-01  4.112690e-01  5.659060e-01  1.762809e+01  8.243879e+00  1.762809e+01  5.791250e-01  8.187451e-02  9.353246e-02  1.416666e-01  3.854708e-02  6.984863e+03  6.871703e+04  9.743582e+04  5.167699e+56  8.353694e+57  6.510919e-06  4.500701e+110  1.000000e+00  1.000000e+00  1.000000e+00
2.395030e+01  5.091908e+02  2.307818e+02  4.853260e+01  2.395030e+01  9.219610e-01  4.643710e-01  4.575900e-01  1.600298e+01  8.362853e+00  1.600298e+01  4.963230e-01  8.509297e-02  9.776557e-02  1.525351e-01  3.252462e-02  4.860210e+03  7.848217e+04  7.938864e+04  5.868813e+56  6.741303e+57  7.976387e-06  4.062253e+110  1.000000e+00  1.000000e+00  1.000000e+00
2.395030e+01  5.156662e+02  2.307818e+02  5.500740e+01  2.395030e+01  8.957140e-01  5.245500e-01  3.711630e-01  1.435213e+01  8.494829e+00  1.435213e+01  4.143770e-01  9.217953e-02  1.072623e-01  1.648279e-01  2.880250e-02  2.885105e+03  8.978844e+04  6.498221e+04  6.674751e+56  5.452708e+57  -9.559929e-06  3.523241e+110  -1.000000e+00  1.000000e+00  1.000000e+00
2.395030e+01  5.230050e+02  2.307818e+02  6.234610e+01  2.395030e+01  8.990850e-01  5.920840e-01  3.070010e-01  1.285234e+01  8.638769e+00  1.285234e+01  3.414590e-01  1.033238e-01  1.227082e-01  1.785502e-01  2.897284e-02  1.639590e+03  1.024811e+05  5.423215e+04  7.570955e+56  4.494342e+57  2.260557e-06  2.981076e+110  1.000000e+00  1.000000e+00  1.000000e+00
2.395030e+01  5.313221e+02  2.307818e+02  7.066390e+01  2.395030e+01  9.283240e-01  6.671090e-01  2.612140e-01  1.160166e+01  8.792836e+00  1.160166e+01  2.813830e-01  1.181846e-01  1.443484e-01  1.936831e-01  3.424113e-02  9.900333e+02  1.172596e+05  4.648169e+04  8.606164e+56  3.808719e+57  4.288688e-06  2.553742e+110  1.000000e+00  1.000000e+00  1.000000e+00
2.395030e+01  5.407496e+02  2.307818e+02  8.009140e+01  2.395030e+01  9.782780e-01  7.495940e-01  2.286840e-01  1.061952e+01  8.954763e+00  1.061952e+01  2.337620e-01  1.360626e-01  1.721189e-01  2.101812e-01  4.514216e-02  6.453551e+02  1.339737e+05  4.088858e+04  9.765067e+56  3.319990e+57  4.510169e-06  2.155500e+110  1.000000e+00  1.000000e+00  1.000000e+00
2.395030e+01  5.514360e+02  2.307818e+02  9.077660e+01  2.395030e+01  1.044270e+00  8.393080e-01  2.049620e-01  9.873401e+00  9.122053e+00  9.873401e+00  1.962730e-01  1.562168e-01  2.059872e-01  2.279707e-01  6.120751e-02  4.386068e+02  1.526931e+05  3.672400e+04  1.104822e+57  2.962161e+57  4.572805e-06  1.790404e+110  1.000000e+00  1.000000e+00  1.000000e+00
2.395030e+01  5.635472e+02  2.307818e+02  1.028874e+02  2.395030e+01  1.122548e+00  9.357940e-01  1.867540e-01  9.317442e+00  9.291911e+00  9.317442e+00  1.663660e-01  1.779467e-01  2.460088e-01  2.469503e-01  8.095107e-02  3.024696e+02  1.729178e+05  3.345019e+04  1.241296e+57  2.686467e+57  4.519197e-06  1.516989e+110  1.000000e+00  1.000000e+00  1.000000e+00
2.395030e+01  5.772730e+02  2.307818e+02  1.166139e+02  2.395030e+01  1.210107e+00  1.038343e+00  1.717630e-01  9.460964e+00  9.460964e+00  8.904768e+00  1.419410e-01  1.889165e-01  2.677876e-01  2.677887e-01  7.535394e-02  2.087666e+02  1.955561e+05  3.069615e+04  1.392158e+57  2.459084e+57  4.354490e-06  1.310706e+110  1.000000e+00  1.000000e+00  1.000000e+00
2.395030e+01  5.928297e+02  2.307818e+02  1.321717e+02  2.395030e+01  1.304390e+00  1.145873e+00  1.585170e-01  9.624091e+00  9.624091e+00  8.580806e+00  1.215250e-01  2.001840e-01  2.913905e-01  2.913914e-01  6.980286e-02  1.447546e+02  2.199480e+05  2.822770e+04  1.551875e+57  2.258453e+57  4.191186e-06  1.118510e+110  1.000000e+00  1.000000e+00  1.000000e+00
2.395030e+01  6.104652e+02  2.307818e+02  1.498051e+02  2.395030e+01  1.403038e+00  1.256890e+00  1.461480e-01  9.777088e+00  9.777088e+00  8.314669e+00  1.041650e-01  2.119540e-01  3.175105e-01  3.175113e-01  6.466216e-02  1.007746e+02  2.465008e+05  2.591129e+04  1.722877e+57  2.072053e+57  4.076027e-06  9.363196e+109  1.000000e+00  1.000000e+00  1.000000e+00
2.395030e+01  6.304521e+02  2.307818e+02  1.697911e+02  2.395030e+01  1.503800e+00  1.369671e+00  1.341290e-01  9.917107e+00  9.917107e+00  8.078224e+00  8.919300e-02  2.239683e-01  3.458775e-01  3.458782e-01  5.972946e-02  7.065849e+01  2.734262e+05  2.367084e+04  1.891262e+57  1.892341e+57  3.904662e-06  7.657287e+109  1.000000e+00  1.000000e+00  1.000000e+00
2.395030e+01  6.531038e+02  2.307818e+02  1.924434e+02  2.395030e+01  1.604489e+00  1.482107e+00  1.223810e-01  1.004199e+01  1.004199e+01  7.834477e+00  7.627400e-02  2.359925e-01  3.761853e-01  3.761860e-01  5.484712e-02  4.995366e+01  3.027395e+05  2.149883e+04  2.071636e+57  1.718213e+57  3.636523e-06  6.426240e+109  1.000000e+00  1.000000e+00  1.000000e+00
2.395030e+01  6.787757e+02  2.307818e+02  2.181178e+02  2.395030e+01  1.702971e+00  1.591963e+00  1.110080e-01  1.014984e+01  1.014984e+01  7.583247e+00  6.518500e-02  2.478161e-01  4.080769e-01  4.080776e-01  5.008756e-02  3.572657e+01  3.324743e+05  1.941313e+04  2.248930e+57  1.551091e+57  3.484764e-06  4.952295e+109  1.000000e+00  1.000000e+00  1.000000e+00
2.395030e+01  7.078781e+02  2.307818e+02  2.472176e+02  2.395030e+01  1.797297e+00  1.697191e+00  1.001060e-01  1.023939e+01  1.023939e+01  7.325810e+00  5.569800e-02  2.592552e-01  4.411411e-01  4.411418e-01  4.549430e-02  2.589582e+01  3.621392e+05  1.742939e+04  2.419244e+57  1.392217e+57  3.331340e-06  3.712804e+109  1.000000e+00  1.000000e+00  1.000000e+00
2.395030e+01  7.408620e+02  2.307818e+02  2.801996e+02  2.395030e+01  1.885787e+00  1.796033e+00  8.975400e-02  1.030979e+01  1.030979e+01  7.063534e+00  4.759500e-02  2.701621e-01  4.749395e-01  4.749402e-01  4.113759e-02  1.905572e+01  3.911818e+05  1.556032e+04  2.578540e+57  1.242599e+57  3.115987e-06  2.795117e+109  1.000000e+00  1.000000e+00  1.000000e+00
2.395030e+01  7.782441e+02  2.307818e+02  3.175819e+02  2.395030e+01  1.967106e+00  1.887087e+00  8.002000e-02  1.036079e+01  1.036079e+01  6.797846e+00  4.067900e-02  2.804249e-01  5.090146e-01  5.090152e-01  3.707072e-02  1.425138e+01  4.202642e+05  1.381550e+04  2.731802e+57  1.102989e+57  2.831722e-06  2.111539e+109  1.000000e+00  1.000000e+00  1.000000e+00
2.395030e+01  8.206108e+02  2.307818e+02  3.599514e+02  2.395030e+01  2.040272e+00  1.969323e+00  7.094900e-02  1.039250e+01  1.039250e+01  6.530192e+00  3.477400e-02  2.899678e-01  5.429154e-01  5.429159e-01  3.332326e-02  1.083698e+01  4.490826e+05  1.220119e+04  2.877248e+57  9.738782e+56  2.606640e-06  1.532040e+109  1.000000e+00  1.000000e+00  1.000000e+00
2.395030e+01  8.686339e+02  2.307818e+02  4.079736e+02  2.395030e+01  2.104659e+00  2.042086e+00  6.257400e-02  1.040550e+01  1.040550e+01  6.262004e+00  2.973100e-02  2.987450e-01  5.762014e-01  5.762019e-01  2.993781e-02  8.387360e+00  4.760220e+05  1.072051e+04  3.003220e+57  8.555025e+56  2.444617e-06  9.944065e+108  1.000000e+00  1.000000e+00  1.000000e+00
2.395030e+01  9.230662e+02  2.307818e+02  4.624025e+02  2.395030e+01  2.159956e+00  2.105050e+00  5.490700e-02  1.040077e+01  1.040077e+01  5.994671e+00  2.542000e-02  3.067334e-01  6.084464e-01  6.084490e-01  2.691150e-02  6.607797e+00  5.007295e+05  9.373610e+03  3.107766e+57  7.478629e+56  2.162512e-06  6.681775e+108  1.000000e+00  1.000000e+00  1.000000e+00
2.395030e+01  9.847572e+02  2.307818e+02  5.240930e+02  2.395030e+01  2.206152e+00  2.158206e+00  4.794600e-02  1.037944e+01  1.037944e+01  5.729505e+00  2.173300e-02  3.139374e-01  6.392888e-01  6.392893e-01  2.422592e-02  5.296320e+00  5.255669e+05  8.158039e+03  3.209336e+57  6.507530e+56  1.858200e-06  4.598526e+108  1.000000e+00  1.000000e+00  1.000000e+00
2.395030e+01  1.054675e+03  2.307818e+02  5.940138e+02  2.395030e+01  2.243424e+00  2.201748e+00  4.167600e-02  1.034279e+01  1.034279e+01  5.467720e+00  1.857700e-02  3.203727e-01  6.683948e-01  6.683952e-01  2.186077e-02  4.318140e+00  5.476966e+05  7.069153e+03  3.287520e+57  5.637923e+56  1.665485e-06  2.436929e+108  1.000000e+00  1.000000e+00  1.000000e+00
2.395030e+01  1.133922e+03  2.307818e+02  6.732629e+02  2.395030e+01  2.272153e+00  2.236083e+00  3.607000e-02  1.029237e+01  1.029237e+01  5.210419e+00  1.587500e-02  3.260648e-01  6.954745e-01  6.954749e-01  1.979549e-02  3.580596e+00  5.669225e+05  6.100577e+03  3.341833e+57  4.864632e+56  1.357086e-06  1.325130e+108  1.000000e+00  1.000000e+00  1.000000e+00
2.395030e+01  1.223749e+03  2.307818e+02  7.630849e+02  2.395030e+01  2.292845e+00  2.261753e+00  3.109200e-02  1.022974e+01  1.022974e+01  4.958573e+00  1.356100e-02  3.310487e-01  7.203001e-01  7.203005e-01  1.800147e-02  3.018237e+00  5.858927e+05  5.244656e+03  3.392913e+57  4.181472e+56  9.977782e-07  7.432266e+107  1.000000e+00  1.000000e+00  1.000000e+00
2.395030e+01  1.325556e+03  2.307818e+02  8.648903e+02  2.395030e+01  2.306095e+00  2.279394e+00  2.670100e-02  1.015650e+01  1.015650e+01  4.713018e+00  1.157800e-02  3.353625e-01  7.426921e-01  7.426924e-01  1.644343e-02  2.584214e+00  6.017480e+05  4.492893e+03  3.420389e+57  3.581598e+56  6.659270e-07  2.267816e+107  1.000000e+00  1.000000e+00  1.000000e+00
2.395030e+01  1.440942e+03  2.307818e+02  9.802778e+02  2.395030e+01  2.312546e+00  2.289695e+00  2.285100e-02  1.007406e+01  1.007406e+01  4.474458e+00  9.881000e-03  3.390527e-01  7.625571e-01  7.625574e-01  1.509674e-02  2.246238e+00  6.159418e+05  3.836335e+03  3.436035e+57  3.057816e+56  2.374882e-07  -2.352022e+105  1.000000e+00  -1.000000e+00  1.000000e+00
2.395030e+01  1.571717e+03  2.307818e+02  1.111060e+03  2.395030e+01  2.312878e+00  2.293385e+00  1.949300e-02  9.984120e+00  9.984120e+00  4.243462e+00  8.428000e-03  3.421564e-01  7.798010e-01  7.798013e-01  1.394598e-02  1.982598e+00  6.283738e+05  3.265904e+03  3.439836e+57  2.602839e+56  -2.525354e-07  -1.264957e+107  -1.000000e+00  -1.000000e+00  1.000000e+00
2.395030e+01  1.719954e+03  2.307818e+02  1.259289e+03  2.395030e+01  2.307769e+00  2.291189e+00  1.658000e-02  9.887956e+00  9.887956e+00  4.020471e+00  7.184000e-03  3.447207e-01  7.944373e-01  7.944375e-01  1.295786e-02  1.774618e+00  6.391652e+05  2.772664e+03  3.433572e+57  2.209505e+56  -9.838192e-07  -2.408769e+107  -1.000000e+00  -1.000000e+00  1.000000e+00
2.395030e+01  1.887962e+03  2.307818e+02  1.427295e+03  2.395030e+01  2.297889e+00  2.283825e+00  1.406500e-02  9.787063e+00  9.787063e+00  3.805810e+00  6.121000e-03  3.467834e-01  8.064758e-01  8.064759e-01  1.211182e-02  1.610003e+00  6.469935e+05  2.348028e+03  3.408091e+57  1.870937e+56  -1.642695e-06  -2.327799e+107  -1.000000e+00  -1.000000e+00  1.000000e+00
2.395030e+01  2.078381e+03  2.307818e+02  1.617714e+03  2.395030e+01  2.283883e+00  2.271981e+00  1.190200e-02  9.682704e+00  9.682704e+00  3.599691e+00  5.211000e-03  3.483845e-01  8.159889e-01  8.159891e-01  1.138757e-02  1.479264e+00  6.545667e+05  1.983905e+03  3.384097e+57  1.580662e+56  -3.115782e-06  -2.035874e+107  -1.000000e+00  -1.000000e+00  1.000000e+00
2.395030e+01  2.294199e+03  2.307818e+02  1.833538e+03  2.395030e+01  2.266366e+00  2.256317e+00  1.004900e-02  9.576267e+00  9.576267e+00  3.402234e+00  4.434000e-03  3.495550e-01  8.230396e-01  8.230398e-01  1.077596e-02  1.376552e+00  6.594216e+05  1.672795e+03  3.343711e+57  1.332684e+56  -5.240574e-06  -1.967959e+107  -1.000000e+00  -1.000000e+00  1.000000e+00
2.395030e+01  2.538819e+03  2.307818e+02  2.078156e+03  2.395030e+01  2.245917e+00  2.237449e+00  8.468000e-03  9.468733e+00  9.468733e+00  3.213470e+00  3.771000e-03  3.503350e-01  8.277839e-01  8.277840e-01  1.025568e-02  1.295554e+00  6.629637e+05  1.407848e+03  3.297900e+57  1.121527e+56  -6.615339e-06  -1.476929e+107  -1.000000e+00  -1.000000e+00  1.000000e+00
2.395030e+01  2.816077e+03  2.307818e+02  2.355409e+03  2.395030e+01  2.223076e+00  2.215953e+00  7.123000e-03  9.361326e+00  9.361326e+00  3.033358e+00  3.204000e-03  3.507507e-01  8.303279e-01  8.303281e-01  9.819394e-03  1.233105e+00  6.664565e+05  1.182878e+03  3.256427e+57  9.422512e+55  -2.208883e-05  -1.195985e+107  -1.000000e+00  -1.000000e+00  1.000000e+00
2.395030e+01  3.130319e+03  2.307818e+02  2.669651e+03  2.395030e+01  2.198337e+00  2.192355e+00  5.982000e-03  9.254799e+00  9.254799e+00  2.861796e+00  2.721000e-03  3.508398e-01  8.308743e-01  8.308744e-01  9.455868e-03  1.185948e+00  6.675836e+05  9.923587e+02  3.202160e+57  7.904439e+55  6.438916e-04  -9.917173e+106  1.000000e+00  -1.000000e+00  1.000000e+00
2.395030e+01  3.486480e+03  2.307818e+02  3.025817e+03  2.395030e+01  2.172162e+00  2.167146e+00  5.016000e-03  9.150213e+00  9.150213e+00  2.698629e+00  2.309000e-03  3.506249e-01  8.295568e-01  8.295568e-01  9.157505e-03  1.152052e+00  6.677019e+05  8.313989e+02  3.145405e+57  6.622012e+55  5.875375e-04  -7.561530e+106  1.000000e+00  -1.000000e+00  1.000000e+00
2.395030e+01  3.890162e+03  2.307818e+02  3.429500e+03  2.395030e+01  2.144968e+00  2.140767e+00  4.201000e-03  9.048277e+00  9.048277e+00  2.543658e+00  1.958000e-03  3.501358e-01  8.265688e-01  8.265689e-01  8.916742e-03  1.129620e+00  6.669149e+05  6.957025e+02  3.087020e+57  5.540956e+55  2.486588e-05  -5.683314e+106  1.000000e+00  -1.000000e+00  1.000000e+00
2.395030e+01  4.347708e+03  2.307818e+02  3.887040e+03  2.395030e+01  2.117135e+00  2.113621e+00  3.514000e-03  8.949733e+00  8.949733e+00  2.396655e+00  1.660000e-03  3.493978e-01  8.220878e-01  8.220879e-01  8.728240e-03  1.117467e+00  6.653304e+05  5.815231e+02  3.027770e+57  4.631384e+55  1.448438e-05  -4.219774e+106  1.000000e+00  -1.000000e+00  1.000000e+00
2.395030e+01  4.866291e+03  2.307818e+02  4.405622e+03  2.395030e+01  2.089008e+00  2.086072e+00  2.936000e-03  8.855126e+00  8.855126e+00  2.257362e+00  1.406000e-03  3.484392e-01  8.163168e-01  8.163168e-01  8.584499e-03  1.114265e+00  6.630472e+05  4.856127e+02  2.968319e+57  3.867394e+55  1.007443e-05  -3.334964e+106  1.000000e+00  -1.000000e+00  1.000000e+00
2.395030e+01  5.454054e+03  2.307818e+02  4.993389e+03  2.395030e+01  2.060899e+00  2.058447e+00  2.451000e-03  8.765105e+00  8.765105e+00  2.125507e+00  1.189000e-03  3.472811e-01  8.094167e-01  8.094167e-01  8.482559e-03  1.119514e+00  6.592286e+05  4.051711e+02  2.902267e+57  3.226660e+55  7.716532e-06  -2.397620e+106  1.000000e+00  -1.000000e+00  1.000000e+00
2.395030e+01  6.120229e+03  2.307818e+02  5.659571e+03  2.395030e+01  2.033083e+00  2.031038e+00  2.045000e-03  8.680004e+00  8.680004e+00  2.000801e+00  1.006000e-03  3.459528e-01  8.015986e-01  8.015987e-01  8.417382e-03  1.132393e+00  6.558872e+05  3.377949e+02  2.844500e+57  2.690021e+55  7.695569e-06  -1.612560e+106  1.000000e+00  -1.000000e+00  1.000000e+00
2.395030e+01  6.875298e+03  2.307818e+02  6.414631e+03  2.395030e+01  2.005811e+00  2.004107e+00  1.704000e-03  8.600249e+00  8.600249e+00  1.882949e+00  8.500000e-04  3.444773e-01  7.930326e-01  7.930326e-01  8.385391e-03  1.152464e+00  6.521441e+05  2.814304e+02  2.788252e+57  2.241108e+55  6.838815e-06  -1.148925e+106  1.000000e+00  -1.000000e+00  1.000000e+00
2.395030e+01  7.731096e+03  2.307818e+02  7.270426e+03  2.395030e+01  1.979305e+00  1.977885e+00  1.420000e-03  8.526235e+00  8.526235e+00  1.771651e+00  7.170000e-04  3.428760e-01  7.838720e-01  7.838720e-01  8.386636e-03  1.179815e+00  6.480965e+05  2.343285e+02  2.734008e+57  1.865981e+55  5.804591e-06  -8.527476e+105  1.000000e+00  -1.000000e+00  1.000000e+00
2.395030e+01  8.701063e+03  2.307818e+02  8.240395e+03  2.395030e+01  1.953758e+00  1.952577e+00  1.182000e-03  8.458102e+00  8.458102e+00  1.666608e+00  6.050000e-04  3.411769e-01  7.743045e-01  7.743045e-01  8.409583e-03  1.212789e+00  6.429897e+05  1.950046e+02  2.675849e+57  1.552811e+55  5.260315e-06  -6.063709e+105  1.000000e+00  -1.000000e+00  1.000000e+00
2.395030e+01  9.800430e+03  2.307818e+02  9.339770e+03  2.395030e+01  1.929345e+00  1.928362e+00  9.830000e-04  8.396175e+00  8.396175e+00  1.567524e+00  5.100000e-04  3.393986e-01  7.644540e-01  7.644540e-01  8.458688e-03  1.252165e+00  6.385958e+05  1.622022e+02  2.626754e+57  1.291585e+55  5.330561e-06  -3.928963e+105  1.000000e+00  -1.000000e+00  1.000000e+00
2.395030e+01  1.104648e+04  2.307818e+02  1.058582e+04  2.395030e+01  1.906208e+00  1.905390e+00  8.180000e-04  8.340413e+00  8.340413e+00  1.474106e+00  4.290000e-04  3.375705e-01  7.544964e-01  7.544964e-01  8.528293e-03  1.297026e+00  6.341245e+05  1.348604e+02  2.580516e+57  1.073851e+55  4.986335e-06  -2.703731e+105  1.000000e+00  -1.000000e+00  1.000000e+00
2.395030e+01  1.245877e+04  2.307818e+02  1.199810e+04  2.395030e+01  1.884475e+00  1.883795e+00  6.800000e-04  8.290877e+00  8.290877e+00  1.386066e+00  3.610000e-04  3.357156e-01  7.445638e-01  7.445638e-01  8.613609e-03  1.346553e+00  6.296472e+05  1.120853e+02  2.537367e+57  8.924880e+54  4.396683e-06  -1.952475e+105  1.000000e+00  -1.000000e+00  1.000000e+00
2.395030e+01  1.405947e+04  2.307818e+02  1.359880e+04  2.395030e+01  1.864249e+00  1.863684e+00  5.650000e-04  8.247578e+00  8.247578e+00  1.303128e+00  3.030000e-04  3.338559e-01  7.347728e-01  7.347728e-01  8.715314e-03  1.400864e+00  6.244767e+05  9.312545e+01  2.491854e+57  7.415096e+54  4.129518e-06  -1.345878e+105  1.000000e+00  -1.000000e+00  1.000000e+00
2.395030e+01  1.587372e+04  2.307818e+02  1.541306e+04  2.395030e+01  1.845611e+00  1.845142e+00  4.690000e-04  8.210426e+00  8.210426e+00  1.225023e+00  2.540000e-04  3.320138e-01  7.252347e-01  7.252347e-01  8.827572e-03  1.458692e+00  6.201805e+05  7.734993e+01  2.455407e+57  6.158908e+54  4.205251e-06  -8.298254e+104  1.000000e+00  -1.000000e+00  1.000000e+00
2.395030e+01  1.793002e+04  2.307818e+02  1.746936e+04  2.395030e+01  1.828627e+00  1.828237e+00  3.900000e-04  8.179222e+00  8.179222e+00  1.151491e+00  2.130000e-04  3.302134e-01  7.160633e-01  7.160633e-01  8.945953e-03  1.519014e+00  6.160436e+05  6.423002e+01  2.422395e+57  5.114201e+54  3.981066e-06  -5.486595e+104  1.000000e+00  -1.000000e+00  1.000000e+00
2.395030e+01  2.025605e+04  2.307818e+02  1.979538e+04  2.395030e+01  1.813363e+00  1.813039e+00  3.240000e-04  8.153945e+00  8.153945e+00  1.082407e+00  1.790000e-04  3.284721e-01  7.073307e-01  7.073307e-01  9.070793e-03  1.581471e+00  6.121156e+05  5.334164e+01  2.392833e+57  4.247198e+54  3.875215e-06  -3.997318e+104  1.000000e+00  -1.000000e+00  1.000000e+00
3.290340e+01  1.030404e+02  2.849943e+02  1.000000e+00  3.290340e+01  2.165286e+00  8.681000e-03  2.156605e+00  2.219231e+01  4.575367e+00  2.219231e+01  9.959910e-01  1.441101e-01  1.852970e-01  3.432978e-02  5.782921e-02  6.134374e+02  1.304264e+03  3.877248e+05  1.096134e+55  3.124042e+58  4.435395e-06  2.504380e+108  1.000000e+00  1.000000e+00  0.000000e+00
3.290340e+01  1.076573e+02  2.849943e+02  1.133400e+00  3.290340e+01  2.161409e+00  1.010400e-02  2.151306e+00  2.220245e+01  4.667621e+00  2.220245e+01  9.953250e-01  1.437864e-01  1.847583e-01  3.593322e-02  5.806586e-02  6.298553e+02  1.519850e+03  3.866351e+05  1.274390e+55  3.116982e+58  4.448463e-06  2.520414e+108  1.000000e+00  1.000000e+00  0.000000e+00
3.290340e+01  1.131115e+02  2.849943e+02  1.284600e+00  3.290340e+01  2.156997e+00  1.173300e-02  2.145264e+00  2.221313e+01  4.763484e+00  2.221313e+01  9.945600e-01  1.434239e-01  1.841559e-01  3.764825e-02  5.817532e-02  6.390575e+02  1.767389e+03  3.853991e+05  1.476798e+55  3.108907e+58  4.476559e-06  2.579952e+108  1.000000e+00  1.000000e+00  0.000000e+00
3.290340e+01  1.191072e+02  2.849943e+02  1.456000e+00  3.290340e+01  2.151945e+00  1.361000e-02  2.138335e+00  2.222431e+01  4.863312e+00  2.222431e+01  9.936760e-01  1.430159e-01  1.834791e-01  3.948991e-02  5.829312e-02  6.495455e+02  2.053077e+03  3.839886e+05  1.708666e+55  3.099607e+58  4.506651e-06  2.934552e+108  1.000000e+00  1.000000e+00  0.000000e+00
3.290340e+01  1.250167e+02  2.849943e+02  1.650300e+00  3.290340e+01  2.146161e+00  1.576900e-02  2.130392e+00  2.223602e+01  4.967073e+00  2.223602e+01  9.926520e-01  1.425565e-01  1.827182e-01  4.146600e-02  5.841912e-02  6.614959e+02  2.382702e+03  3.823804e+05  1.974614e+55  3.088909e+58  4.538883e-06  3.303497e+108  1.000000e+00  1.000000e+00  0.000000e+00
3.290340e+01  1.316026e+02  2.849943e+02  1.870400e+00  3.290340e+01  2.139548e+00  1.825500e-02  2.121293e+00  2.224802e+01  5.074920e+00  2.224802e+01  9.914680e-01  1.420405e-01  1.818655e-01  4.358782e-02  5.855203e-02  6.751238e+02  2.763113e+03  3.805485e+05  2.279996e+55  3.076610e+58  4.571696e-06  3.814169e+108  1.000000e+00  1.000000e+00  0.000000e+00
3.290340e+01  1.379494e+02  2.849943e+02  2.120000e+00  3.290340e+01  2.131984e+00  2.111600e-02  2.110867e+00  2.226013e+01  5.186936e+00  2.226013e+01  9.900950e-01  1.414613e-01  1.809105e-01  4.586666e-02  5.869186e-02  6.907173e+02  3.202207e+03  3.784612e+05  2.630931e+55  3.062467e+58  4.594689e-06  3.605688e+108  1.000000e+00  1.000000e+00  0.000000e+00
3.290340e+01  1.527256e+02  2.849943e+02  2.402800e+00  3.290340e+01  2.123780e+00  2.419900e-02  2.099581e+00  2.227326e+01  5.295182e+00  2.227326e+01  9.886060e-01  1.408339e-01  1.798787e-01  4.813611e-02  5.884462e-02  7.080902e+02  3.676572e+03  3.762036e+05  3.008478e+55  3.047148e+58  4.618434e-06  5.912502e+108  1.000000e+00  1.000000e+00  0.000000e+00
3.290340e+01  1.576382e+02  2.849943e+02  2.723400e+00  3.290340e+01  2.114290e+00  2.778300e-02  2.086507e+00  2.228623e+01  5.407596e+00  2.228623e+01  9.868600e-01  1.401230e-01  1.787127e-01  5.058953e-02  5.900214e-02  7.281678e+02  4.229593e+03  3.736048e+05  3.446938e+55  3.029328e+58  4.659964e-06  8.033982e+108  1.000000e+00  1.000000e+00  0.000000e+00
3.290340e+01  1.627167e+02  2.849943e+02  3.086700e+00  3.290340e+01  2.103188e+00  3.200900e-02  2.071180e+00  2.229795e+01  5.527478e+00  2.229795e+01  9.847810e-01  1.393140e-01  1.773900e-01  5.330708e-02  5.916177e-02  7.515973e+02  4.883989e+03  3.705805e+05  3.964050e+55  3.008324e+58  4.707310e-06  9.603819e+108  1.000000e+00  1.000000e+00  0.000000e+00
3.290340e+01  1.679681e+02  2.849943e+02  3.498500e+00  3.290340e+01  2.090269e+00  3.696900e-02  2.053299e+00  2.230812e+01  5.655133e+00  2.230812e+01  9.823140e-01  1.383951e-01  1.758931e-01  5.630923e-02  5.931830e-02  7.789210e+02  5.655136e+03  3.670801e+05  4.571522e+55  2.983722e+58  4.755746e-06  1.147126e+109  1.000000e+00  1.000000e+00  0.000000e+00
3.290340e+01  1.734000e+02  2.849943e+02  3.965200e+00  3.290340e+01  2.075251e+00  4.277400e-02  2.032477e+00  2.231542e+01  5.790830e+00  2.231542e+01  9.793880e-01  1.373559e-01  1.742071e-01  5.961871e-02  5.946618e-02  8.108490e+02  6.561583e+03  3.630326e+05  5.283391e+55  2.954926e+58  4.805342e-06  1.372655e+109  1.000000e+00  1.000000e+00  0.000000e+00
3.290340e+01  1.790190e+02  2.849943e+02  4.494300e+00  3.290340e+01  2.057858e+00  4.955200e-02  2.008306e+00  2.231879e+01  5.934813e+00  2.231879e+01  9.759200e-01  1.361841e-01  1.723146e-01  6.326010e-02  5.959657e-02  8.481917e+02  7.625219e+03  3.583703e+05  6.116201e+55  2.921359e+58  4.856438e-06  1.644615e+109  1.000000e+00  1.000000e+00  0.000000e+00
3.290340e+01  1.848335e+02  2.849943e+02  5.093900e+00  3.290340e+01  2.037729e+00  5.745100e-02  1.980278e+00  2.231628e+01  6.087297e+00  2.231628e+01  9.718060e-01  1.348672e-01  1.701986e-01  6.725919e-02  5.970085e-02  8.920019e+02  8.871284e+03  3.530020e+05  7.088828e+55  2.882234e+58  4.909237e-06  1.972031e+109  1.000000e+00  1.000000e+00  0.000000e+00
3.290340e+01  1.908524e+02  2.849943e+02  5.773400e+00  3.290340e+01  2.014501e+00  6.663800e-02  1.947863e+00  2.230611e+01  6.248467e+00  2.230611e+01  9.669210e-01  1.333906e-01  1.678396e-01  7.164291e-02  5.976310e-02  9.434214e+02  1.032937e+04  3.468411e+05  8.223399e+55  2.836790e+58  4.966130e-06  2.370086e+109  1.000000e+00  1.000000e+00  0.000000e+00
3.290340e+01  1.970844e+02  2.849943e+02  6.543700e+00  3.290340e+01  1.987753e+00  7.730500e-02  1.910448e+00  2.228533e+01  6.418455e+00  2.228533e+01  9.611090e-01  1.317422e-01  1.652230e-01  7.643883e-02  5.976521e-02  1.003989e+03  1.203353e+04  3.397839e+05  9.545125e+55  2.784099e+58  5.024321e-06  2.849314e+109  1.000000e+00  1.000000e+00  0.000000e+00
3.290340e+01  2.035396e+02  2.849943e+02  7.416700e+00  3.290340e+01  1.957025e+00  8.966900e-02  1.867356e+00  2.225012e+01  6.597364e+00  2.225012e+01  9.541810e-01  1.299109e-01  1.623365e-01  8.167511e-02  5.968447e-02  1.075321e+03  1.402273e+04  3.317166e+05  1.108267e+56  2.723117e+58  5.085853e-06  3.427341e+109  1.000000e+00  1.000000e+00  0.000000e+00
3.290340e+01  2.102287e+02  2.849943e+02  8.406200e+00  3.290340e+01  1.921870e+00  1.039740e-01  1.817896e+00  2.219591e+01  6.785283e+00  2.219591e+01  9.459000e-01  1.278888e-01  1.591741e-01  8.738038e-02  5.948917e-02  1.159269e+03  1.634224e+04  3.225310e+05  1.286910e+56  2.652819e+58  5.151200e-06  4.124038e+109  1.000000e+00  1.000000e+00  0.000000e+00
3.290340e+01  2.171631e+02  2.849943e+02  9.527700e+00  3.290340e+01  1.881796e+00  1.204930e-01  1.761303e+00  2.211636e+01  6.982169e+00  2.211636e+01  9.359690e-01  1.256726e-01  1.557374e-01  9.358189e-02  5.913926e-02  1.257713e+03  1.904397e+04  3.121023e+05  1.494203e+56  2.572000e+58  5.095210e-06  4.520310e+109  1.000000e+00  1.000000e+00  0.000000e+00
3.290340e+01  4.714565e+02  2.849943e+02  1.079880e+01  3.290340e+01  1.855156e+00  1.301620e-01  1.724994e+00  2.209738e+01  7.082724e+00  2.209738e+01  9.298380e-01  1.239999e-01  1.531638e-01  9.642432e-02  5.918659e-02  1.345934e+03  2.062666e+04  3.052263e+05  1.615317e+56  2.520655e+58  4.929419e-06  4.280087e+109  1.000000e+00  1.000000e+00  1.000000e+00
3.290340e+01  4.728972e+02  2.849943e+02  1.223950e+01  3.290340e+01  1.834299e+00  1.360480e-01  1.698251e+00  2.212117e+01  7.117579e+00  2.212117e+01  9.258310e-01  1.224739e-01  1.508309e-01  9.728350e-02  5.952947e-02  1.440195e+03  2.157785e+04  2.999705e+05  1.687380e+56  2.483374e+58  4.895234e-06  5.432482e+109  1.000000e+00  1.000000e+00  1.000000e+00
3.290340e+01  4.745300e+02  2.849943e+02  1.387240e+01  3.290340e+01  1.807396e+00  1.438920e-01  1.663504e+00  2.213145e+01  7.154514e+00  2.213145e+01  9.203870e-01  1.206216e-01  1.480180e-01  9.860218e-02  5.980627e-02  1.561460e+03  2.285123e+04  2.932712e+05  1.783262e+56  2.434512e+58  4.999601e-06  7.243136e+109  1.000000e+00  1.000000e+00  1.000000e+00
3.290340e+01  4.763807e+02  2.849943e+02  1.572320e+01  3.290340e+01  1.773763e+00  1.539250e-01  1.619838e+00  2.212236e+01  7.195637e+00  2.212236e+01  9.132210e-01  1.184256e-01  1.447098e-01  1.004522e-01  5.997580e-02  1.716560e+03  2.448088e+04  2.849822e+05  1.905409e+56  2.372649e+58  5.104425e-06  9.577373e+109  1.000000e+00  1.000000e+00  1.000000e+00
3.290340e+01  4.784787e+02  2.849943e+02  1.782080e+01  3.290340e+01  1.732487e+00  1.664670e-01  1.566020e+00  2.208511e+01  7.242527e+00  2.208511e+01  9.039150e-01  1.158650e-01  1.408881e-01  1.029208e-01  5.998090e-02  1.914953e+03  2.657007e+04  2.749079e+05  2.061428e+56  2.295889e+58  5.207741e-06  1.229010e+110  1.000000e+00  1.000000e+00  1.000000e+00
3.290340e+01  4.808563e+02  2.849943e+02  2.019840e+01  3.290340e+01  1.682597e+00  1.818910e-01  1.500706e+00  2.200738e+01  7.296721e+00  2.200738e+01  8.918990e-01  1.129258e-01  1.365483e-01  1.061052e-01  5.973630e-02  2.168609e+03  2.913849e+04  2.628432e+05  2.252545e+56  2.202161e+58  5.285237e-06  1.466280e+110  1.000000e+00  1.000000e+00  1.000000e+00
3.290340e+01  4.835509e+02  2.849943e+02  2.289310e+01  3.290340e+01  1.623152e+00  2.006170e-01  1.422535e+00  2.187161e+01  7.359541e+00  2.187161e+01  8.764030e-01  1.096125e-01  1.317149e-01  1.101074e-01  5.912605e-02  2.491105e+03  3.222427e+04  2.485886e+05  2.481286e+56  2.089330e+58  5.380299e-06  1.751625e+110  1.000000e+00  1.000000e+00  1.000000e+00
3.290340e+01  4.866048e+02  2.849943e+02  2.594730e+01  3.290340e+01  1.553480e+00  2.231030e-01  1.330377e+00  2.165360e+01  7.432224e+00  2.165360e+01  8.563850e-01  1.059637e-01  1.264629e-01  1.150315e-01  5.799469e-02  2.894091e+03  3.602429e+04  2.319968e+05  2.761919e+56  1.955595e+58  5.512590e-06  2.164758e+110  1.000000e+00  1.000000e+00  1.000000e+00
3.290340e+01  4.900671e+02  2.849943e+02  2.940900e+01  3.290340e+01  1.473488e+00  2.498400e-01  1.223648e+00  2.131978e+01  7.516052e+00  2.131978e+01  8.304430e-01  1.020812e-01  1.209539e-01  1.209816e-01  5.614659e-02  3.376792e+03  4.068066e+04  2.130214e+05  3.104483e+56  1.799920e+58  5.622322e-06  2.490298e+110  1.000000e+00  1.000000e+00  1.000000e+00
3.290340e+01  4.939909e+02  2.849943e+02  3.333260e+01  3.290340e+01  1.384258e+00  2.813360e-01  1.102922e+00  2.082673e+01  7.612199e+00  2.082673e+01  7.967610e-01  9.816976e-02  1.154849e-01  1.280551e-01  5.336056e-02  3.901601e+03  4.612131e+04  1.918210e+05  3.502736e+56  1.623018e+58  5.717888e-06  2.741038e+110  1.000000e+00  1.000000e+00  1.000000e+00
3.290340e+01  4.984378e+02  2.849943e+02  3.777960e+01  3.290340e+01  1.288797e+00  3.181130e-01  9.706840e-01  2.012265e+01  7.721330e+00  2.012265e+01  7.531710e-01  9.459780e-02  1.105598e-01  1.363385e-01  4.944744e-02  4.351615e+03  5.254636e+04  1.688705e+05  3.970536e+56  1.428454e+58  5.873677e-06  3.021283e+110  1.000000e+00  1.000000e+00  1.000000e+00
3.290340e+01  5.034775e+02  2.849943e+02  4.281980e+01  3.290340e+01  1.192912e+00  3.606840e-01  8.322270e-01  1.915840e+01  7.843687e+00  1.915840e+01  6.976440e-01  9.196673e-02  1.069735e-01  1.459045e-01  4.437659e-02  4.496870e+03  6.025630e+04  1.450940e+05  4.528971e+56  1.224027e+58  6.027293e-06  3.172421e+110  1.000000e+00  1.000000e+00  1.000000e+00
3.290340e+01  5.091908e+02  2.849943e+02  4.853260e+01  3.290340e+01  1.105478e+00  4.095420e-01  6.959370e-01  1.791384e+01  7.979121e+00  1.791384e+01  6.295340e-01  9.114716e-02  1.058634e-01  1.568092e-01  3.847600e-02  4.077381e+03  6.908304e+04  1.218876e+05  5.163670e+56  1.022210e+58  6.320354e-06  3.115725e+110  1.000000e+00  1.000000e+00  1.000000e+00
3.290340e+01  5.156662e+02  2.849943e+02  5.500740e+01  3.290340e+01  1.037045e+00  4.651240e-01  5.719210e-01  1.643681e+01  8.126923e+00  1.643681e+01  5.514910e-01  9.318831e-02  1.086343e-01  1.690875e-01  3.260400e-02  3.092975e+03  7.955271e+04  1.008835e+05  5.911800e+56  8.381330e+57  6.943523e-06  2.942281e+110  1.000000e+00  1.000000e+00  1.000000e+00
3.290340e+01  5.230050e+02  2.849943e+02  6.234610e+01  3.290340e+01  9.962560e-01  5.277930e-01  4.684630e-01  1.485973e+01  8.286128e+00  1.485973e+01  4.702230e-01  9.902424e-02  1.166728e-01  1.827496e-01  2.809552e-02  1.967144e+03  9.137956e+04  8.337938e+04  6.749113e+56  6.842572e+57  2.426603e-04  2.616783e+110  1.000000e+00  1.000000e+00  1.000000e+00
3.290340e+01  5.313221e+02  2.849943e+02  7.066390e+01  3.290340e+01  9.864190e-01  5.978030e-01  3.886160e-01  1.335389e+01  8.455073e+00  1.335389e+01  3.939670e-01  1.091027e-01  1.309767e-01  1.977817e-01  2.642035e-02  1.139405e+03  1.049045e+05  6.981418e+04  7.697835e+56  5.652540e+57  2.460561e-04  2.316133e+110  1.000000e+00  1.000000e+00  1.000000e+00
3.290340e+01  5.407496e+02  2.849943e+02  8.009140e+01  3.290340e+01  1.005336e+00  6.752640e-01  3.300720e-01  1.204888e+01  8.631709e+00  1.204888e+01  3.283200e-01  1.232384e-01  1.519979e-01  2.141432e-01  2.881329e-02  6.757454e+02  1.206100e+05  5.976970e+04  8.790184e+56  4.777881e+57  3.686407e-06  1.982235e+110  1.000000e+00  1.000000e+00  1.000000e+00
3.290340e+01  5.514360e+02  2.849943e+02  9.077660e+01  3.290340e+01  1.047965e+00  7.601100e-01  2.878550e-01  1.099402e+01  8.813684e+00  1.099402e+01  2.746800e-01  1.407900e-01  1.798066e-01  2.317659e-01  3.597940e-02  4.336104e+02  1.379026e+05  5.241029e+04  9.977025e+56  4.145245e+57  4.293769e-06  1.666340e+110  1.000000e+00  1.000000e+00  1.000000e+00
3.290340e+01  5.635472e+02  2.849943e+02  1.028874e+02  3.290340e+01  1.108983e+00  8.520670e-01  2.569160e-01  1.017242e+01  8.998505e+00  1.017242e+01  2.316680e-01  1.610209e-01  2.145028e-01  2.505500e-01  4.787536e-02  2.955875e+02  1.576171e+05  4.689657e+04  1.131585e+57  3.679844e+57  4.357987e-06  1.424060e+110  1.000000e+00  1.000000e+00  1.000000e+00
3.290340e+01  5.772730e+02  2.849943e+02  1.166139e+02  3.290340e+01  1.183853e+00  9.506230e-01  2.332300e-01  9.561164e+00  9.183322e+00  9.561164e+00  1.970090e-01  1.828811e-01  2.556654e-01  2.703721e-01  6.346895e-02  2.068352e+02  1.788431e+05  4.256826e+04  1.273286e+57  3.322624e+57  4.345021e-06  1.196293e+110  1.000000e+00  1.000000e+00  1.000000e+00
3.290340e+01  5.928297e+02  2.849943e+02  1.321717e+02  3.290340e+01  1.268912e+00  1.055018e+00  2.138940e-01  9.365343e+00  9.365343e+00  9.102755e+00  1.685650e-01  2.001194e-01  2.912515e-01  2.912535e-01  7.010416e-02  1.456142e+02  2.025085e+05  3.894832e+04  1.429166e+57  3.030587e+57  4.201436e-06  1.032799e+110  1.000000e+00  1.000000e+00  1.000000e+00
3.290340e+01  6.104652e+02  2.849943e+02  1.498051e+02  3.290340e+01  1.361113e+00  1.164176e+00  1.969370e-01  9.540217e+00  9.540217e+00  8.751971e+00  1.446880e-01  2.107258e-01  3.147105e-01  3.147121e-01  6.421816e-02  1.030335e+02  2.279236e+05  3.572307e+04  1.593411e+57  2.775080e+57  4.054821e-06  8.739712e+109  1.000000e+00  1.000000e+00  1.000000e+00
3.290340e+01  6.304521e+02  2.849943e+02  1.697911e+02  3.290340e+01  1.457764e+00  1.276559e+00  1.812050e-01  9.702883e+00  9.702883e+00  8.465074e+00  1.243030e-01  2.219055e-01  3.408766e-01  3.408779e-01  5.906217e-02  7.317751e+01  2.554386e+05  3.271351e+04  1.768078e+57  2.539419e+57  3.894347e-06  7.391471e+109  1.000000e+00  1.000000e+00  1.000000e+00
3.290340e+01  6.531038e+02  2.849943e+02  1.924434e+02  3.290340e+01  1.556359e+00  1.390326e+00  1.660330e-01  9.850185e+00  9.850185e+00  8.216007e+00  1.066800e-01  2.333711e-01  3.694034e-01  3.694046e-01  5.427216e-02  5.226977e+01  2.839895e+05  2.982306e+04  1.944630e+57  2.314110e+57  3.787472e-06  5.884602e+109  1.000000e+00  1.000000e+00  1.000000e+00
3.290340e+01  6.787757e+02  2.849943e+02  2.181178e+02  3.290340e+01  1.654536e+00  1.503285e+00  1.512500e-01  9.979773e+00  9.979773e+00  7.962983e+00  9.141600e-02  2.448709e-01  3.999257e-01  3.999269e-01  4.969941e-02  3.763346e+01  3.130927e+05  2.703192e+04  2.119032e+57  2.096727e+57  3.611328e-06  4.644171e+109  1.000000e+00  1.000000e+00  1.000000e+00
3.290340e+01  7.078781e+02  2.849943e+02  2.472176e+02  3.290340e+01  1.750055e+00  1.613076e+00  1.369790e-01  1.009003e+01  1.009003e+01  7.702743e+00  7.827100e-02  2.561775e-01  4.320167e-01  4.320179e-01  4.530833e-02  2.737676e+01  3.431608e+05  2.436111e+04  2.294111e+57  1.888860e+57  3.354706e-06  3.723458e+109  1.000000e+00  1.000000e+00  1.000000e+00
3.290340e+01  7.408620e+02  2.849943e+02  2.801996e+02  3.290340e+01  1.840909e+00  1.717574e+00  1.233340e-01  1.017990e+01  1.017990e+01  7.436623e+00  6.699600e-02  2.670979e-01  4.652048e-01  4.652059e-01  4.111869e-02  2.016487e+01  3.739166e+05  2.182953e+04  2.467682e+57  1.691961e+57  3.141966e-06  2.886054e+109  1.000000e+00  1.000000e+00  1.000000e+00
3.290340e+01  7.782441e+02  2.849943e+02  3.175819e+02  3.290340e+01  1.925415e+00  1.815001e+00  1.104130e-01  1.024887e+01  1.024887e+01  7.166043e+00  5.734500e-02  2.774788e-01  4.989920e-01  4.989931e-01  3.717407e-02  1.506606e+01  4.038492e+05  1.945218e+04  2.628578e+57  1.507177e+57  2.929541e-06  2.125277e+109  1.000000e+00  1.000000e+00  1.000000e+00
3.290340e+01  8.206108e+02  2.849943e+02  3.599514e+02  3.290340e+01  2.002277e+00  1.903984e+00  9.829300e-02  1.029690e+01  1.029690e+01  6.892467e+00  4.909100e-02  2.872099e-01  5.328839e-01  5.328873e-01  3.351668e-02  1.143334e+01  4.335867e+05  1.723990e+04  2.781720e+57  1.335327e+57  2.708193e-06  1.524805e+109  1.000000e+00  1.000000e+00  1.000000e+00
3.290340e+01  8.686339e+02  2.849943e+02  4.079736e+02  3.290340e+01  2.070621e+00  1.983593e+00  8.702700e-02  1.032464e+01  1.032464e+01  6.617372e+00  4.203000e-02  2.962152e-01  5.663873e-01  5.663882e-01  3.017449e-02  8.820876e+00  4.616272e+05  1.519930e+04  2.916468e+57  1.176904e+57  2.486608e-06  1.045989e+109  1.000000e+00  1.000000e+00  1.000000e+00
3.290340e+01  9.230662e+02  2.849943e+02  4.624025e+02  3.290340e+01  2.129910e+00  2.053260e+00  7.665000e-02  1.033296e+01  1.033296e+01  6.342209e+00  3.598700e-02  3.044515e-01  5.990344e-01  5.990352e-01  2.715860e-02  6.921912e+00  4.887364e+05  1.333300e+04  3.039205e+57  1.032091e+57  2.260837e-06  7.149097e+108  1.000000e+00  1.000000e+00  1.000000e+00
3.290340e+01  9.847572e+02  2.849943e+02  5.240930e+02  3.290340e+01  2.179962e+00  2.112791e+00  6.717100e-02  1.032306e+01  1.032306e+01  6.068374e+00  3.081300e-02  3.119047e-01  6.304071e-01  6.304079e-01  2.447200e-02  5.526733e+00  5.133796e+05  1.163993e+04  3.139152e+57  9.007852e+56  2.028475e-06  4.237589e+108  1.000000e+00  1.000000e+00  1.000000e+00
3.290340e+01  1.054675e+03  2.849943e+02  5.940138e+02  3.290340e+01  2.220867e+00  2.162284e+00  5.858400e-02  1.029641e+01  1.029641e+01  5.797178e+00  2.637900e-02  3.185800e-01  6.601312e-01  6.601319e-01  2.209464e-02  4.488521e+00  5.366122e+05  1.011583e+04  3.225166e+57  7.826390e+56  1.726803e-06  2.675577e+108  1.000000e+00  1.000000e+00  1.000000e+00
3.290340e+01  1.133922e+03  2.849943e+02  6.732629e+02  3.290340e+01  2.252931e+00  2.202067e+00  5.086400e-02  1.025455e+01  1.025455e+01  5.529829e+00  2.257700e-02  3.244986e-01  6.878921e-01  6.878928e-01  2.000877e-02  3.707362e+00  5.582737e+05  8.753817e+03  3.296992e+57  6.771028e+56  1.462045e-06  1.524012e+108  1.000000e+00  1.000000e+00  1.000000e+00
3.290340e+01  1.223749e+03  2.849943e+02  7.630849e+02  3.290340e+01  2.276624e+00  2.232650e+00  4.397500e-02  1.019920e+01  1.019920e+01  5.267409e+00  1.931600e-02  3.296908e-01  7.134285e-01  7.134291e-01  1.818771e-02  3.112809e+00  5.768875e+05  7.544961e+03  3.344532e+57  5.834712e+56  1.143853e-06  7.246527e+107  1.000000e+00  1.000000e+00  1.000000e+00
3.290340e+01  1.325556e+03  2.849943e+02  8.648903e+02  3.290340e+01  2.292529e+00  2.254661e+00  3.786900e-02  1.013206e+01  1.013206e+01  5.010872e+00  1.651800e-02  3.341941e-01  7.365409e-01  7.365415e-01  1.660471e-02  2.655499e+00  5.950511e+05  6.478886e+03  3.388197e+57  5.009287e+56  7.607504e-07  3.538287e+107  1.000000e+00  1.000000e+00  1.000000e+00
3.290340e+01  1.440942e+03  2.849943e+02  9.802778e+02  3.290340e+01  2.301303e+00  2.268813e+00  3.249100e-02  1.005483e+01  1.005483e+01  4.761031e+00  1.411800e-02  3.380500e-01  7.570921e-01  7.570925e-01  1.523224e-02  2.300212e+00  6.101239e+05  5.544302e+03  3.409266e+57  4.285909e+56  3.902735e-07  -2.781214e+106  1.000000e+00  -1.000000e+00  1.000000e+00
3.290340e+01  1.571717e+03  2.849943e+02  1.111060e+03  3.290340e+01  2.303638e+00  2.275856e+00  2.778200e-02  9.969130e+00  9.969130e+00  4.518562e+00  1.206000e-02  3.413018e-01  7.750027e-01  7.750032e-01  1.406498e-02  2.024673e+00  6.233402e+05  4.729482e+03  3.417681e+57  3.655419e+56  -1.226365e-07  -2.200121e+107  -1.000000e+00  -1.000000e+00  1.000000e+00
3.290340e+01  1.719954e+03  2.849943e+02  1.259289e+03  3.290340e+01  2.300239e+00  2.276558e+00  2.368100e-02  9.876497e+00  9.876497e+00  4.284006e+00  1.029500e-02  3.439946e-01  7.902562e-01  7.902566e-01  1.306004e-02  1.807571e+00  6.334996e+05  4.022662e+03  3.405388e+57  3.108647e+56  -6.424764e-07  -2.821152e+107  -1.000000e+00  -1.000000e+00  1.000000e+00
3.290340e+01  1.887962e+03  2.849943e+02  1.427295e+03  3.290340e+01  2.291806e+00  2.271678e+00  2.012800e-02  9.778497e+00  9.778497e+00  4.057777e+00  8.783000e-03  3.461684e-01  8.028609e-01  8.028612e-01  1.219882e-02  1.636024e+00  6.433005e+05  3.412364e+03  3.393363e+57  2.636658e+56  -1.336278e-06  -2.025692e+107  -1.000000e+00  -1.000000e+00  1.000000e+00
3.290340e+01  2.078381e+03  2.849943e+02  1.617714e+03  3.290340e+01  2.279011e+00  2.261948e+00  1.706300e-02  9.676449e+00  9.676449e+00  3.840170e+00  7.487000e-03  3.478660e-01  8.128919e-01  8.128931e-01  1.146070e-02  1.499891e+00  6.514292e+05  2.887635e+03  3.372284e+57  2.230935e+56  -2.712119e-06  -2.301385e+107  -1.000000e+00  -1.000000e+00  1.000000e+00
3.290340e+01  2.294199e+03  2.849943e+02  1.833538e+03  3.290340e+01  2.262504e+00  2.248073e+00  1.443100e-02  9.571853e+00  9.571853e+00  3.631375e+00  6.378000e-03  3.491202e-01  8.204113e-01  8.204115e-01  1.083727e-02  1.393008e+00  6.567704e+05  2.438210e+03  3.334314e+57  1.883508e+56  -4.595590e-06  -2.130378e+107  -1.000000e+00  -1.000000e+00  1.000000e+00
3.290340e+01  2.538819e+03  2.849943e+02  2.078156e+03  3.290340e+01  2.242887e+00  2.230709e+00  1.217800e-02  9.465795e+00  9.465795e+00  3.431483e+00  5.430000e-03  3.499710e-01  8.255652e-01  8.255655e-01  1.030755e-02  1.308893e+00  6.607285e+05  2.054626e+03  3.290457e+57  1.587032e+56  -7.814782e-06  -1.735493e+107  -1.000000e+00  -1.000000e+00  1.000000e+00
3.290340e+01  2.816077e+03  2.849943e+02  2.355409e+03  3.290340e+01  2.220725e+00  2.210468e+00  1.025700e-02  9.359466e+00  9.359466e+00  3.240503e+00  4.619000e-03  3.504494e-01  8.284831e-01  8.284840e-01  9.863589e-03  1.244014e+00  6.634235e+05  1.728270e+03  3.241933e+57  1.334829e+56  -9.860951e-06  -1.358346e+107  -1.000000e+00  -1.000000e+00  1.000000e+00
3.290340e+01  3.130319e+03  2.849943e+02  2.669651e+03  3.290340e+01  2.196542e+00  2.187918e+00  8.624000e-03  9.253880e+00  9.253880e+00  3.058374e+00  3.926000e-03  3.505882e-01  8.293320e-01  8.293322e-01  9.492718e-03  1.194849e+00  6.660350e+05  1.451394e+03  3.197780e+57  1.120894e+56  -1.649976e-04  -1.021873e+107  -1.000000e+00  -1.000000e+00  1.000000e+00
3.290340e+01  3.486480e+03  2.849943e+02  3.025817e+03  3.290340e+01  2.170812e+00  2.163573e+00  7.240000e-03  9.149923e+00  9.149923e+00  2.884971e+00  3.335000e-03  3.504180e-01  8.282913e-01  8.282915e-01  9.187829e-03  1.159283e+00  6.664166e+05  1.217098e+03  3.142079e+57  9.398821e+55  -2.251721e-04  -8.284177e+106  -1.000000e+00  -1.000000e+00  1.000000e+00
3.290340e+01  3.890162e+03  2.849943e+02  3.429500e+03  3.290340e+01  2.143974e+00  2.137905e+00  6.069000e-03  9.048451e+00  9.048451e+00  2.720123e+00  2.831000e-03  3.499669e-01  8.255402e-01  8.255403e-01  8.942067e-03  1.135565e+00  6.658538e+05  1.019290e+03  3.084543e+57  7.870778e+55  2.950632e-05  -6.238688e+106  1.000000e+00  -1.000000e+00  1.000000e+00
3.290340e+01  4.347708e+03  2.849943e+02  3.887040e+03  3.290340e+01  2.116423e+00  2.111342e+00  5.081000e-03  8.950214e+00  8.950214e+00  2.563615e+00  2.401000e-03  3.492614e-01  8.212636e-01  8.212637e-01  8.749128e-03  1.122329e+00  6.644571e+05  8.526313e+02  3.025955e+57  6.583493e+55  1.468958e-05  -4.887935e+106  1.000000e+00  -1.000000e+00  1.000000e+00
3.290340e+01  4.866291e+03  2.849943e+02  4.405622e+03  3.290340e+01  2.088517e+00  2.084268e+00  4.249000e-03  8.855852e+00  8.855852e+00  2.415204e+00  2.034000e-03  3.483287e-01  8.156549e-01  8.156550e-01  8.602581e-03  1.118385e+00  6.613557e+05  7.124760e+02  2.959719e+57  5.501020e+55  9.289685e-06  -3.778844e+106  1.000000e+00  -1.000000e+00  1.000000e+00
3.290340e+01  5.454054e+03  2.849943e+02  4.993389e+03  3.290340e+01  2.060578e+00  2.057029e+00  3.549000e-03  8.765933e+00  8.765933e+00  2.274621e+00  1.723000e-03  3.471943e-01  8.089025e-01  8.089026e-01  8.497401e-03  1.122877e+00  6.586465e+05  5.948036e+02  2.901388e+57  4.592265e+55  9.166136e-06  -2.471110e+106  1.000000e+00  -1.000000e+00  1.000000e+00
3.290340e+01  6.120229e+03  2.849943e+02  5.659571e+03  3.290340e+01  2.032893e+00  2.029931e+00  2.962000e-03  8.680938e+00  8.680938e+00  2.141578e+00  1.457000e-03  3.458833e-01  8.011926e-01  8.011928e-01  8.430423e-03  1.135299e+00  6.554185e+05  4.961528e+02  2.843956e+57  3.830463e+55  7.832873e-06  -1.779770e+106  1.000000e+00  -1.000000e+00  1.000000e+00
3.290340e+01  6.875298e+03  2.849943e+02  6.414631e+03  3.290340e+01  2.005720e+00  2.003250e+00  2.471000e-03  8.601255e+00  8.601255e+00  2.015779e+00  1.232000e-03  3.444214e-01  7.927104e-01  7.927104e-01  8.396351e-03  1.154911e+00  6.517708e+05  4.135571e+02  2.787972e+57  3.192683e+55  6.922166e-06  -1.269890e+106  1.000000e+00  -1.000000e+00  1.000000e+00
3.290340e+01  7.731096e+03  2.849943e+02  7.270426e+03  3.290340e+01  1.979285e+00  1.977226e+00  2.059000e-03  8.527134e+00  8.527134e+00  1.896918e+00  1.040000e-03  3.428364e-01  7.836473e-01  7.836473e-01  8.392624e-03  1.181332e+00  6.477910e+05  3.444841e+02  2.733844e+57  2.659352e+55  5.852866e-06  -9.436761e+105  1.000000e+00  -1.000000e+00  1.000000e+00
3.290340e+01  8.701063e+03  2.849943e+02  8.240395e+03  3.290340e+01  1.953792e+00  1.952077e+00  1.715000e-03  8.459037e+00  8.459037e+00  1.784690e+00  8.780000e-04  3.411450e-01  7.741263e-01  7.741263e-01  8.416967e-03  1.214422e+00  6.427517e+05  2.867798e+02  2.675854e+57  2.213823e+55  5.291409e-06  -6.712085e+105  1.000000e+00  -1.000000e+00  1.000000e+00
3.290340e+01  9.800430e+03  2.849943e+02  9.339770e+03  3.290340e+01  1.929411e+00  1.927984e+00  1.427000e-03  8.396964e+00  8.396964e+00  1.678787e+00  7.400000e-04  3.393784e-01  7.643430e-01  7.643431e-01  8.464470e-03  1.253394e+00  6.384003e+05  2.386174e+02  2.626788e+57  1.841983e+55  5.358842e-06  -4.355037e+105  1.000000e+00  -1.000000e+00  1.000000e+00
3.290340e+01  1.104648e+04  2.849943e+02  1.058582e+04  3.290340e+01  1.906299e+00  1.905111e+00  1.187000e-03  8.341161e+00  8.341161e+00  1.578905e+00  6.230000e-04  3.375562e-01  7.544193e-01  7.544194e-01  8.532433e-03  1.297930e+00  6.339728e+05  1.984520e+02  2.580631e+57  1.531896e+55  5.011378e-06  -2.997707e+105  1.000000e+00  -1.000000e+00  1.000000e+00
3.290340e+01  1.245877e+04  2.849943e+02  1.199810e+04  3.290340e+01  1.884579e+00  1.883591e+00  9.870000e-04  8.291538e+00  8.291538e+00  1.484748e+00  5.240000e-04  3.357073e-01  7.445198e-01  7.445198e-01  8.616297e-03  1.347179e+00  6.295270e+05  1.649799e+02  2.537506e+57  1.273493e+55  4.414263e-06  -2.165848e+105  1.000000e+00  -1.000000e+00  1.000000e+00
3.290340e+01  1.405947e+04  2.849943e+02  1.359880e+04  3.290340e+01  1.864359e+00  1.863538e+00  8.210000e-04  8.248232e+00  8.248232e+00  1.396021e+00  4.400000e-04  3.338492e-01  7.347374e-01  7.347374e-01  8.718977e-03  1.401596e+00  6.243871e+05  1.371037e+02  2.492045e+57  1.058296e+55  4.142528e-06  -1.493268e+105  1.000000e+00  -1.000000e+00  1.000000e+00
3.290340e+01  1.587372e+04  2.849943e+02  1.541306e+04  3.290340e+01  1.845722e+00  1.845040e+00  6.820000e-04  8.210968e+00  8.210968e+00  1.312446e+00  3.700000e-04  3.320118e-01  7.252247e-01  7.252247e-01  8.829653e-03  1.459098e+00  6.201099e+05  1.139011e+02  2.455590e+57  8.791834e+54  4.218392e-06  -9.210262e+104  1.000000e+00  -1.000000e+00  1.000000e+00
3.290340e+01  1.793002e+04  2.849943e+02  1.746936e+04  3.290340e+01  1.828734e+00  1.828167e+00  5.670000e-04  8.179765e+00  8.179765e+00  1.233747e+00  3.100000e-04  3.302109e-01  7.160504e-01  7.160504e-01  8.949196e-03  1.519624e+00  6.159933e+05  9.459833e+01  2.422604e+57  7.301784e+54  3.992156e-06  -6.089123e+104  1.000000e+00  -1.000000e+00  1.000000e+00
3.290340e+01  2.025605e+04  2.849943e+02  1.979538e+04  3.290340e+01  1.813465e+00  1.812994e+00  4.710000e-04  8.154384e+00  8.154384e+00  1.159569e+00  2.600000e-04  3.284729e-01  7.073348e-01  7.073348e-01  9.072040e-03  1.581669e+00  6.120765e+05  7.857376e+01  2.393021e+57  6.064808e+54  3.882551e-06  -4.443150e+104  1.000000e+00  -1.000000e+00  1.000000e+00
4.520350e+01  1.030404e+02  3.539537e+02  1.000000e+00  4.520350e+01  2.201634e+00  6.397000e-03  2.195237e+00  2.122373e+01  4.107953e+00  2.122373e+01  9.970940e-01  1.532163e-01  2.007584e-01  3.405208e-02  5.035001e-02  3.975460e+02  9.607462e+02  4.023377e+05  8.075234e+54  3.149362e+58  4.146278e-06  2.541362e+106  1.000000e+00  1.000000e+00  0.000000e+00
4.520350e+01  1.076573e+02  3.539537e+02  1.133400e+00  4.520350e+01  2.199117e+00  7.464000e-03  2.191653e+00  2.123308e+01  4.194677e+00  2.123308e+01  9.966060e-01  1.529738e-01  2.003388e-01  3.566821e-02  5.043009e-02  4.013397e+02  1.122378e+03  4.015691e+05  9.411752e+54  3.144829e+58  4.158095e-06  5.206895e+106  1.000000e+00  1.000000e+00  0.000000e+00
4.520350e+01  1.131115e+02  3.539537e+02  1.284600e+00  4.520350e+01  2.196214e+00  8.691000e-03  2.187523e+00  2.124309e+01  4.284908e+00  2.124309e+01  9.960430e-01  1.526999e-01  1.998654e-01  3.739775e-02  5.051636e-02  4.056441e+02  1.308690e+03  4.006870e+05  1.093535e+55  3.139559e+58  4.184750e-06  7.938219e+106  1.000000e+00  1.000000e+00  0.000000e+00
4.520350e+01  1.191072e+02  3.539537e+02  1.456000e+00  4.520350e+01  2.192867e+00  1.011000e-02  2.182758e+00  2.125366e+01  4.379047e+00  2.125366e+01  9.953900e-01  1.523913e-01  1.993327e-01  3.925628e-02  5.061099e-02  4.105365e+02  1.524495e+03  3.996743e+05  1.268709e+55  3.133431e+58  4.216096e-06  1.253868e+107  1.000000e+00  1.000000e+00  0.000000e+00
4.520350e+01  1.250167e+02  3.539537e+02  1.650300e+00  4.520350e+01  2.189013e+00  1.174800e-02  2.177265e+00  2.126487e+01  4.477072e+00  2.126487e+01  9.946330e-01  1.520433e-01  1.987329e-01  4.125164e-02  5.071161e-02  4.160956e+02  1.774426e+03  3.985143e+05  1.470393e+55  3.126330e+58  4.253785e-06  1.859669e+107  1.000000e+00  1.000000e+00  0.000000e+00
4.520350e+01  1.316026e+02  3.539537e+02  1.870400e+00  4.520350e+01  2.184579e+00  1.364200e-02  2.170937e+00  2.127686e+01  4.579137e+00  2.127686e+01  9.937550e-01  1.516498e-01  1.980556e-01  4.339527e-02  5.082203e-02  4.224335e+02  2.063965e+03  3.971876e+05  1.702868e+55  3.118122e+58  4.293669e-06  2.692235e+107  1.000000e+00  1.000000e+00  0.000000e+00
4.520350e+01  1.379494e+02  3.539537e+02  2.120000e+00  4.520350e+01  2.179459e+00  1.583000e-02  2.163628e+00  2.128958e+01  4.685354e+00  2.128958e+01  9.927370e-01  1.512039e-01  1.972896e-01  4.569887e-02  5.094012e-02  4.296852e+02  2.399462e+03  3.956653e+05  1.971060e+55  3.108594e+58  4.316484e-06  3.079568e+107  1.000000e+00  1.000000e+00  0.000000e+00
4.520350e+01  1.527256e+02  3.539537e+02  2.402800e+00  4.520350e+01  2.173868e+00  1.821000e-02  2.155658e+00  2.130320e+01  4.788688e+00  2.130320e+01  9.916230e-01  1.507196e-01  1.964593e-01  4.800751e-02  5.106824e-02  4.377027e+02  2.765191e+03  3.940050e+05  2.262211e+55  3.098180e+58  4.340431e-06  5.947335e+107  1.000000e+00  1.000000e+00  0.000000e+00
4.520350e+01  1.576382e+02  3.539537e+02  2.723400e+00  4.520350e+01  2.167367e+00  2.098500e-02  2.146381e+00  2.131739e+01  4.896311e+00  2.131739e+01  9.903180e-01  1.501689e-01  1.955171e-01  5.050312e-02  5.120655e-02  4.470276e+02  3.193063e+03  3.920879e+05  2.601527e+55  3.086006e+58  4.389918e-06  9.402365e+107  1.000000e+00  1.000000e+00  0.000000e+00
4.520350e+01  1.627167e+02  3.539537e+02  3.086700e+00  4.520350e+01  2.159709e+00  2.426700e-02  2.135443e+00  2.133168e+01  5.011103e+00  2.133168e+01  9.887640e-01  1.495381e-01  1.944408e-01  5.326169e-02  5.135086e-02  4.578247e+02  3.700520e+03  3.898474e+05  3.002634e+55  3.071558e+58  4.440720e-06  1.280074e+108  1.000000e+00  1.000000e+00  0.000000e+00
4.520350e+01  1.679681e+02  3.539537e+02  3.498500e+00  4.520350e+01  2.150718e+00  2.812800e-02  2.122590e+00  2.134542e+01  5.133380e+00  2.134542e+01  9.869220e-01  1.488197e-01  1.932183e-01  5.630446e-02  5.149950e-02  4.703379e+02  4.300052e+03  3.872348e+05  3.475040e+55  3.054452e+58  4.492427e-06  1.725416e+108  1.000000e+00  1.000000e+00  0.000000e+00
4.520350e+01  1.734000e+02  3.539537e+02  3.965200e+00  4.520350e+01  2.140206e+00  3.266000e-02  2.107546e+00  2.135836e+01  5.263406e+00  2.135836e+01  9.847400e-01  1.480025e-01  1.918326e-01  5.965458e-02  5.165060e-02  4.848842e+02  5.006806e+03  3.842035e+05  4.030250e+55  3.034323e+58  4.546799e-06  2.311190e+108  1.000000e+00  1.000000e+00  0.000000e+00
4.520350e+01  1.790190e+02  3.539537e+02  4.494300e+00  4.520350e+01  2.127938e+00  3.796900e-02  2.089970e+00  2.136960e+01  5.401397e+00  2.136960e+01  9.821570e-01  1.470769e-01  1.902685e-01  6.333646e-02  5.180080e-02  5.017995e+02  5.838540e+03  3.806905e+05  4.681634e+55  3.010662e+58  4.599856e-06  3.058974e+108  1.000000e+00  1.000000e+00  0.000000e+00
4.520350e+01  1.848335e+02  3.539537e+02  5.093900e+00  4.520350e+01  2.113620e+00  4.417600e-02  2.069445e+00  2.137821e+01  5.547635e+00  2.137821e+01  9.791000e-01  1.460283e-01  1.885043e-01  6.737735e-02  5.194371e-02  5.214976e+02  6.816131e+03  3.766193e+05  5.444902e+55  2.982846e+58  4.655159e-06  4.028511e+108  1.000000e+00  1.000000e+00  0.000000e+00
4.520350e+01  1.908524e+02  3.539537e+02  5.773400e+00  4.520350e+01  2.096971e+00  5.142100e-02  2.045550e+00  2.138293e+01  5.702287e+00  2.138293e+01  9.754780e-01  1.448461e-01  1.865246e-01  7.180434e-02  5.207428e-02  5.444974e+02  7.964045e+03  3.719184e+05  6.338338e+55  2.950279e+58  4.713491e-06  5.281611e+108  1.000000e+00  1.000000e+00  0.000000e+00
4.520350e+01  1.970844e+02  3.539537e+02  6.543700e+00  4.520350e+01  2.077637e+00  5.986600e-02  2.017771e+00  2.138213e+01  5.865533e+00  2.138213e+01  9.711850e-01  1.435160e-01  1.843089e-01  7.664616e-02  5.218149e-02  5.713773e+02  9.310688e+03  3.664972e+05  7.383066e+55  2.912195e+58  4.773031e-06  6.869282e+108  1.000000e+00  1.000000e+00  0.000000e+00
4.520350e+01  2.035396e+02  3.539537e+02  7.416700e+00  4.520350e+01  2.055226e+00  6.969400e-02  1.985531e+00  2.137349e+01  6.037559e+00  2.137349e+01  9.660890e-01  1.420253e-01  1.818404e-01  8.193280e-02  5.225227e-02  6.028190e+02  1.088855e+04  3.602553e+05  8.602946e+55  2.867727e+58  4.835044e-06  8.891539e+108  1.000000e+00  1.000000e+00  0.000000e+00
4.520350e+01  2.102287e+02  3.539537e+02  8.406200e+00  4.520350e+01  2.029313e+00  8.111500e-02  1.948199e+00  2.135424e+01  6.218467e+00  2.135424e+01  9.600290e-01  1.403611e-01  1.791028e-01  8.769394e-02  5.227079e-02  6.396454e+02  1.273619e+04  3.530859e+05  1.002637e+56  2.815931e+58  4.899931e-06  1.143640e+109  1.000000e+00  1.000000e+00  0.000000e+00
4.520350e+01  2.171631e+02  3.539537e+02  9.527700e+00  4.520350e+01  1.999423e+00  9.436300e-02  1.905061e+00  2.132050e+01  6.408345e+00  2.132050e+01  9.528050e-01  1.385125e-01  1.760841e-01  9.395946e-02  5.221563e-02  6.827597e+02  1.489777e+04  3.448675e+05  1.168539e+56  2.755714e+58  4.826739e-06  1.335232e+109  1.000000e+00  1.000000e+00  0.000000e+00
4.520350e+01  4.714565e+02  3.539537e+02  1.079880e+01  4.520350e+01  1.979453e+00  1.024900e-01  1.876963e+00  2.132490e+01  6.509019e+00  2.132490e+01  9.482230e-01  1.371007e-01  1.737942e-01  9.702740e-02  5.238222e-02  7.209213e+02  1.622653e+04  3.393359e+05  1.270222e+56  2.717095e+58  4.636539e-06  1.664410e+109  1.000000e+00  1.000000e+00  1.000000e+00
4.520350e+01  4.728972e+02  3.539537e+02  1.223950e+01  4.520350e+01  1.963690e+00  1.079220e-01  1.855768e+00  2.135739e+01  6.550404e+00  2.135739e+01  9.450410e-01  1.358020e-01  1.716995e-01  9.822350e-02  5.272513e-02  7.610226e+02  1.710527e+04  3.349862e+05  1.336867e+56  2.688585e+58  4.591461e-06  2.082773e+109  1.000000e+00  1.000000e+00  1.000000e+00
4.520350e+01  4.745300e+02  3.539537e+02  1.387240e+01  4.520350e+01  1.943138e+00  1.150780e-01  1.828060e+00  2.138359e+01  6.595696e+00  2.138359e+01  9.407770e-01  1.342161e-01  1.691567e-01  9.989253e-02  5.305323e-02  8.120760e+02  1.825659e+04  3.294200e+05  1.423692e+56  2.650839e+58  4.708331e-06  2.810534e+109  1.000000e+00  1.000000e+00  1.000000e+00
4.520350e+01  4.763807e+02  3.539537e+02  1.572320e+01  4.520350e+01  1.917231e+00  1.241540e-01  1.793077e+00  2.140003e+01  6.646677e+00  2.140003e+01  9.352430e-01  1.323249e-01  1.661460e-01  1.020988e-01  5.334382e-02  8.765808e+02  1.973871e+04  3.225109e+05  1.535018e+56  2.602690e+58  4.822256e-06  3.835712e+109  1.000000e+00  1.000000e+00  1.000000e+00
4.520350e+01  4.784787e+02  3.539537e+02  1.782080e+01  4.520350e+01  1.885139e+00  1.354320e-01  1.749707e+00  2.140137e+01  6.704815e+00  2.140137e+01  9.281580e-01  1.301018e-01  1.626364e-01  1.049249e-01  5.356759e-02  9.580790e+02  2.160269e+04  3.140720e+05  1.674516e+56  2.542429e+58  4.922131e-06  4.897116e+109  1.000000e+00  1.000000e+00  1.000000e+00
4.520350e+01  4.808563e+02  3.539537e+02  2.019840e+01  4.520350e+01  1.845963e+00  1.492390e-01  1.696725e+00  2.138045e+01  6.771401e+00  2.138045e+01  9.191540e-01  1.275228e-01  1.586043e-01  1.084575e-01  5.367682e-02  1.061094e+03  2.388680e+04  3.039079e+05  1.844841e+56  2.468204e+58  5.019052e-06  6.145909e+109  1.000000e+00  1.000000e+00  1.000000e+00
4.520350e+01  4.835509e+02  3.539537e+02  2.289310e+01  4.520350e+01  1.798691e+00  1.659480e-01  1.632743e+00  2.132650e+01  6.847530e+00  2.132650e+01  9.077400e-01  1.245715e-01  1.540414e-01  1.127889e-01  5.360842e-02  1.191377e+03  2.668423e+04  2.917961e+05  2.052678e+56  2.377833e+58  5.108704e-06  7.588772e+109  1.000000e+00  1.000000e+00  1.000000e+00
4.520350e+01  4.866048e+02  3.539537e+02  2.594730e+01  4.520350e+01  1.742347e+00  1.859760e-01  1.556371e+00  2.122518e+01  6.934106e+00  2.122518e+01  8.932610e-01  1.212453e-01  1.489629e-01  1.180132e-01  5.326994e-02  1.355405e+03  3.000503e+04  2.775307e+05  2.298383e+56  2.269161e+58  5.209855e-06  9.168391e+109  1.000000e+00  1.000000e+00  1.000000e+00
4.520350e+01  4.900671e+02  3.539537e+02  2.940900e+01  4.520350e+01  1.676106e+00  2.097770e-01  1.466329e+00  2.105582e+01  7.032182e+00  2.105582e+01  8.748430e-01  1.175739e-01  1.434343e-01  1.242264e-01  5.253779e-02  1.558947e+03  3.406088e+04  2.609307e+05  2.597261e+56  2.140111e+58  5.333006e-06  1.121065e+110  1.000000e+00  1.000000e+00  1.000000e+00
4.520350e+01  4.939909e+02  3.539537e+02  3.333260e+01  4.520350e+01  1.599609e+00  2.378330e-01  1.361776e+00  2.079062e+01  7.142635e+00  2.079062e+01  8.513180e-01  1.136392e-01  1.375970e-01  1.315197e-01  5.125273e-02  1.802956e+03  3.889828e+04  2.419067e+05  2.952010e+56  1.989259e+58  5.448517e-06  1.335316e+110  1.000000e+00  1.000000e+00  1.000000e+00
4.520350e+01  4.984378e+02  3.539537e+02  3.777960e+01  4.520350e+01  1.513396e+00  2.706500e-01  1.242746e+00  2.039256e+01  7.265980e+00  2.039256e+01  8.211640e-01  1.096131e-01  1.317158e-01  1.399752e-01  4.922402e-02  2.073826e+03  4.463424e+04  2.205260e+05  3.370474e+56  1.816447e+58  5.597417e-06  1.604917e+110  1.000000e+00  1.000000e+00  1.000000e+00
4.520350e+01  5.034775e+02  3.539537e+02  4.281980e+01  4.520350e+01  1.419605e+00  3.087460e-01  1.110860e+00  1.981647e+01  7.402184e+00  1.981647e+01  7.825130e-01  1.058091e-01  1.262419e-01  1.496630e-01  4.626566e-02  2.325702e+03  5.154308e+04  1.971303e+05  3.871880e+56  1.623907e+58  5.740188e-06  1.785441e+110  1.000000e+00  1.000000e+00  1.000000e+00
4.520350e+01  5.091908e+02  3.539537e+02  4.853260e+01  4.520350e+01  1.322785e+00  3.526330e-01  9.701530e-01  1.901478e+01  7.551162e+00  1.901478e+01  7.334160e-01  1.027495e-01  1.218964e-01  1.606394e-01  4.227322e-02  2.460817e+03  5.950379e+04  1.724542e+05  4.445593e+56  1.417483e+58  5.884301e-06  1.888394e+110  1.000000e+00  1.000000e+00  1.000000e+00
4.520350e+01  5.156662e+02  3.539537e+02  5.500740e+01  4.520350e+01  1.230513e+00  4.027980e-01  8.277150e-01  1.795624e+01  7.712257e+00  1.795624e+01  6.726590e-01  1.012168e-01  1.197384e-01  1.729411e-01  3.737812e-02  2.345681e+03  6.878564e+04  1.477149e+05  5.109676e+56  1.207669e+58  6.117392e-06  1.913708e+110  1.000000e+00  1.000000e+00  1.000000e+00
4.520350e+01  5.230050e+02  3.539537e+02  6.234610e+01  4.520350e+01  1.152757e+00  4.596820e-01  6.930750e-01  1.665639e+01  7.884586e+00  1.665639e+01  6.012320e-01  1.022205e-01  1.211503e-01  1.865826e-01  3.211836e-02  1.918561e+03  7.954764e+04  1.244853e+05  5.873516e+56  1.008673e+58  6.607495e-06  1.888237e+110  1.000000e+00  1.000000e+00  1.000000e+00
4.520350e+01  5.313221e+02  3.539537e+02  7.066390e+01  4.520350e+01  1.099276e+00  5.236450e-01  5.756310e-01  1.520490e+01  8.066694e+00  1.520490e+01  5.236450e-01  1.067837e-01  1.276368e-01  2.015533e-01  2.749442e-02  1.320181e+03  9.194026e+04  1.042739e+05  6.745285e+56  8.346244e+57  9.897722e-06  1.764469e+110  1.000000e+00  1.000000e+00  1.000000e+00
4.520350e+01  5.407496e+02  3.539537e+02  8.009140e+01  4.520350e+01  1.075888e+00  5.949390e-01  4.809500e-01  1.374873e+01  8.256732e+00  1.374873e+01  4.470260e-01  1.155810e-01  1.404666e-01  2.178164e-01  2.476903e-02  8.005386e+02  1.061048e+05  8.793348e+04  7.731880e+56  6.939702e+57  2.491625e-05  1.575035e+110  1.000000e+00  1.000000e+00  1.000000e+00
4.520350e+01  5.514360e+02  3.539537e+02  9.077660e+01  4.520350e+01  1.082732e+00  6.736670e-01  4.090650e-01  1.242865e+01  8.452554e+00  1.242865e+01  3.778080e-01  1.286704e-01  1.603933e-01  2.353066e-01  2.513259e-02  4.750728e+02  1.221523e+05  7.541478e+04  8.837204e+56  5.869172e+57  2.487606e-06  1.393058e+110  1.000000e+00  1.000000e+00  1.000000e+00
4.520350e+01  5.635472e+02  3.539537e+02  1.028874e+02  4.520350e+01  1.115800e+00  7.597520e-01  3.560480e-01  1.132376e+01  8.651842e+00  1.132376e+01  3.190960e-01  1.455383e-01  1.876825e-01  2.539272e-01  2.941604e-02  3.003320e+02  1.401669e+05  6.603557e+04  1.006265e+57  5.077448e+57  3.969162e-06  1.191029e+110  1.000000e+00  1.000000e+00  1.000000e+00
4.520350e+01  5.772730e+02  3.539537e+02  1.166139e+02  4.520350e+01  1.169669e+00  8.529030e-01  3.167660e-01  1.044739e+01  8.851973e+00  1.044739e+01  2.708170e-01  1.653624e-01  2.223558e-01  2.735545e-01  3.785220e-02  2.040863e+02  1.601663e+05  5.893009e+04  1.140381e+57  4.489111e+57  4.152106e-06  1.041446e+110  1.000000e+00  1.000000e+00  1.000000e+00
4.520350e+01  5.928297e+02  3.539537e+02  1.321717e+02  4.520350e+01  1.239231e+00  9.525820e-01  2.866490e-01  9.774873e+00  9.050201e+00  9.774873e+00  2.313120e-01  1.872504e-01  2.644063e-01  2.940384e-01  4.989395e-02  1.444916e+02  1.826515e+05  5.333566e+04  1.289246e+57  4.037009e+57  4.106072e-06  9.009015e+109  1.000000e+00  1.000000e+00  1.000000e+00
4.520350e+01  6.104652e+02  3.539537e+02  1.498051e+02  4.520350e+01  1.320203e+00  1.057993e+00  2.622110e-01  9.268850e+00  9.243723e+00  9.268850e+00  1.986140e-01  2.103761e-01  3.139167e-01  3.152074e-01  6.421163e-02  1.038815e+02  2.070997e+05  4.867690e+04  1.448292e+57  3.670046e+57  4.061142e-06  7.615758e+109  1.000000e+00  1.000000e+00  1.000000e+00
4.520350e+01  6.304521e+02  3.539537e+02  1.697911e+02  4.520350e+01  1.409035e+00  1.168059e+00  2.409770e-01  9.429266e+00  9.429266e+00  8.888050e+00  1.710230e-01  2.207118e-01  3.380081e-01  3.380106e-01  5.881724e-02  7.486608e+01  2.332802e+05  4.455499e+04  1.615190e+57  3.352215e+57  3.935850e-06  6.408798e+109  1.000000e+00  1.000000e+00  1.000000e+00
4.520350e+01  6.531038e+02  3.539537e+02  1.924434e+02  4.520350e+01  1.502672e+00  1.281266e+00  2.214060e-01  9.601534e+00  9.601534e+00  8.581396e+00  1.473420e-01  2.311560e-01  3.637501e-01  3.637522e-01  5.371682e-02  5.426239e+01  2.615227e+05  4.072975e+04  1.791787e+57  3.061272e+57  3.793368e-06  5.326475e+109  1.000000e+00  1.000000e+00  1.000000e+00
4.520350e+01  6.787757e+02  3.539537e+02  2.181178e+02  4.520350e+01  1.598347e+00  1.395686e+00  2.026610e-01  9.756632e+00  9.756632e+00  8.319790e+00  1.267940e-01  2.419652e-01  3.920211e-01  3.920231e-01  4.917501e-02  3.952656e+01  2.906874e+05  3.707822e+04  1.969033e+57  2.785252e+57  3.644968e-06  4.331116e+109  1.000000e+00  1.000000e+00  1.000000e+00
4.520350e+01  7.078781e+02  3.539537e+02  2.472176e+02  4.520350e+01  1.693511e+00  1.509063e+00  1.844470e-01  9.891956e+00  9.891956e+00  8.059766e+00  1.089140e-01  2.528642e-01  4.223851e-01  4.223868e-01  4.495526e-02  2.899028e+01  3.211295e+05  3.356358e+04  2.149184e+57  2.519939e+57  3.418914e-06  3.531515e+109  1.000000e+00  1.000000e+00  1.000000e+00
4.520350e+01  7.408620e+02  3.539537e+02  2.801996e+02  4.520350e+01  1.785798e+00  1.618905e+00  1.668930e-01  1.000589e+01  1.000589e+01  7.792786e+00  9.345500e-02  2.636077e-01  4.543479e-01  4.543496e-01  4.096314e-02  2.145418e+01  3.524563e+05  3.020856e+04  2.329093e+57  2.266915e+57  3.229914e-06  2.711555e+109  1.000000e+00  1.000000e+00  1.000000e+00
4.520350e+01  7.782441e+02  3.539537e+02  3.175819e+02  4.520350e+01  1.873120e+00  1.722985e+00  1.501350e-01  1.009753e+01  1.009753e+01  7.520220e+00  8.015300e-02  2.739883e-01  4.873719e-01  4.873735e-01  3.718916e-02  1.605701e+01  3.832506e+05  2.703580e+04  2.498205e+57  2.027851e+57  3.030464e-06  2.025760e+109  1.000000e+00  1.000000e+00  1.000000e+00
4.520350e+01  8.206108e+02  3.539537e+02  3.599514e+02  4.520350e+01  1.953773e+00  1.819482e+00  1.342920e-01  1.016663e+01  1.016663e+01  7.243515e+00  6.873500e-02  2.838434e-01  5.209003e-01  5.209019e-01  3.365893e-02  1.217910e+01  4.140487e+05  2.406288e+04  2.660756e+57  1.804037e+57  2.821867e-06  1.469724e+109  1.000000e+00  1.000000e+00  1.000000e+00
4.520350e+01  8.686339e+02  3.539537e+02  4.079736e+02  4.520350e+01  2.026486e+00  1.907034e+00  1.194520e-01  1.021368e+01  1.021368e+01  6.964154e+00  5.894500e-02  2.930509e-01  5.543657e-01  5.543672e-01  3.040405e-02  9.378324e+00  4.432604e+05  2.130214e+04  2.805251e+57  1.596364e+57  2.608006e-06  1.032892e+109  1.000000e+00  1.000000e+00  1.000000e+00
4.520350e+01  9.230662e+02  3.539537e+02  4.624025e+02  4.520350e+01  2.090424e+00  1.984746e+00  1.056780e-01  1.023921e+01  1.023921e+01  6.683624e+00  5.055400e-02  3.015432e-01  5.872743e-01  5.872758e-01  2.742626e-02  7.333183e+00  4.716871e+05  1.876065e+04  2.938360e+57  1.405330e+57  2.386265e-06  6.916540e+108  1.000000e+00  1.000000e+00  1.000000e+00
4.520350e+01  9.847572e+02  3.539537e+02  5.240930e+02  4.520350e+01  2.145150e+00  2.052143e+00  9.300700e-02  1.024442e+01  1.024442e+01  6.403382e+00  4.335700e-02  3.092802e-01  6.191503e-01  6.191516e-01  2.475048e-02  5.830845e+00  4.977027e+05  1.644051e+04  3.048698e+57  1.231058e+57  2.160713e-06  4.296250e+108  1.000000e+00  1.000000e+00  1.000000e+00
4.520350e+01  1.054675e+03  3.539537e+02  5.940138e+02  4.520350e+01  2.190570e+00  2.109122e+00  8.144800e-02  1.023110e+01  1.023110e+01  6.124822e+00  3.718100e-02  3.162397e-01  6.495259e-01  6.495271e-01  2.236724e-02  4.714540e+00  5.222954e+05  1.433933e+04  3.144607e+57  1.073338e+57  1.864849e-06  2.836245e+108  1.000000e+00  1.000000e+00  1.000000e+00
4.520350e+01  1.133922e+03  3.539537e+02  6.732629e+02  4.520350e+01  2.226869e+00  2.155880e+00  7.098900e-02  1.020088e+01  1.020088e+01  5.849248e+00  3.187800e-02  3.224323e-01  6.780426e-01  6.780437e-01  2.026372e-02  3.876459e+00  5.452902e+05  1.245086e+04  3.225738e+57  9.316702e+56  1.560113e-06  1.714593e+108  1.000000e+00  1.000000e+00  1.000000e+00
4.520350e+01  1.223749e+03  3.539537e+02  7.630849e+02  4.520350e+01  2.254438e+00  2.192842e+00  6.159600e-02  1.015550e+01  1.015550e+01  5.577854e+00  2.732200e-02  3.278829e-01  7.044055e-01  7.044066e-01  1.841961e-02  3.240377e+00  5.664945e+05  1.076571e+04  3.291702e+57  8.053260e+56  1.280517e-06  8.476080e+107  1.000000e+00  1.000000e+00  1.000000e+00
4.520350e+01  1.325556e+03  3.539537e+02  8.648903e+02  4.520350e+01  2.273829e+00  2.220606e+00  5.322300e-02  1.009690e+01  1.009690e+01  5.311711e+00  2.340700e-02  3.326223e-01  7.283681e-01  7.283690e-01  1.681081e-02  2.752583e+00  5.845848e+05  9.272080e+03  3.333605e+57  6.933988e+56  9.720474e-07  2.079207e+107  1.000000e+00  1.000000e+00  1.000000e+00
4.520350e+01  1.440942e+03  3.539537e+02  9.802778e+02  4.520350e+01  2.285681e+00  2.239873e+00  4.580800e-02  1.002685e+01  1.002685e+01  5.051752e+00  2.004100e-02  3.366921e-01  7.497719e-01  7.497727e-01  1.541540e-02  2.375193e+00  6.007915e+05  7.956497e+03  3.361759e+57  5.948605e+56  5.761365e-07  -4.337134e+106  1.000000e+00  -1.000000e+00  1.000000e+00
4.520350e+01  1.571717e+03  3.539537e+02  1.111060e+03  4.520350e+01  2.290701e+00  2.251418e+00  3.928400e-02  9.947090e+00  9.947090e+00  4.798773e+00  1.714900e-02  3.401371e-01  7.685250e-01  7.685257e-01  1.422131e-02  2.082467e+00  6.150728e+05  6.804485e+03  3.376603e+57  5.086109e+56  1.271468e-07  -1.751691e+107  1.000000e+00  -1.000000e+00  1.000000e+00
4.520350e+01  1.719954e+03  3.539537e+02  1.259289e+03  4.520350e+01  2.289619e+00  2.256044e+00  3.357500e-02  9.859482e+00  9.859482e+00  4.553429e+00  1.466400e-02  3.429974e-01  7.845617e-01  7.845624e-01  1.319458e-02  1.852893e+00  6.274925e+05  5.801134e+03  3.379598e+57  4.335205e+56  -3.988466e-07  -1.924783e+107  -1.000000e+00  -1.000000e+00  1.000000e+00
4.520350e+01  1.887962e+03  3.539537e+02  1.427295e+03  4.520350e+01  2.283161e+00  2.254553e+00  2.860800e-02  9.765500e+00  9.765500e+00  4.316242e+00  1.253000e-02  3.453216e-01  7.979189e-01  7.979195e-01  1.231323e-02  1.671715e+00  6.381529e+05  4.931586e+03  3.372337e+57  3.684670e+56  -1.221951e-06  -2.465280e+107  -1.000000e+00  -1.000000e+00  1.000000e+00
4.520350e+01  2.078381e+03  3.539537e+02  1.617714e+03  4.520350e+01  2.272037e+00  2.247731e+00  2.430700e-02  9.666830e+00  9.666830e+00  4.087605e+00  1.069800e-02  3.471467e-01  8.086211e-01  8.086216e-01  1.156083e-02  1.528736e+00  6.457821e+05  4.181417e+03  3.345910e+57  3.123624e+56  -1.956486e-06  -2.579188e+107  -1.000000e+00  -1.000000e+00  1.000000e+00
4.520350e+01  2.294199e+03  3.539537e+02  1.833538e+03  4.520350e+01  2.256930e+00  2.236331e+00  2.059900e-02  9.564867e+00  9.564867e+00  3.867795e+00  9.127000e-03  3.485144e-01  8.167673e-01  8.167677e-01  1.091967e-02  1.415841e+00  6.530440e+05  3.536920e+03  3.320722e+57  2.641747e+56  -3.754216e-06  -2.000561e+107  -1.000000e+00  -1.000000e+00  1.000000e+00
4.520350e+01  2.538819e+03  3.539537e+02  2.078156e+03  4.520350e+01  2.238476e+00  2.221060e+00  1.741600e-02  9.460963e+00  9.460963e+00  3.656983e+00  7.780000e-03  3.494609e-01  8.224699e-01  8.224703e-01  1.037962e-02  1.327692e+00  6.575740e+05  2.985295e+03  3.279612e+57  2.229416e+56  -6.507570e-06  -1.852003e+107  -1.000000e+00  -1.000000e+00  1.000000e+00
4.520350e+01  2.816077e+03  3.539537e+02  2.355409e+03  4.520350e+01  2.217272e+00  2.202579e+00  1.469300e-02  9.356250e+00  9.356250e+00  3.455243e+00  6.627000e-03  3.500248e-01  8.258930e-01  8.258933e-01  9.920592e-03  1.258786e+00  6.607675e+05  2.514774e+03  3.233376e+57  1.877789e+56  -1.258465e-05  -1.477663e+107  -1.000000e+00  -1.000000e+00  1.000000e+00
4.520350e+01  3.130319e+03  3.539537e+02  2.669651e+03  4.520350e+01  2.193871e+00  2.181499e+00  1.237200e-02  9.251951e+00  9.251951e+00  3.262571e+00  5.640000e-03  3.502349e-01  8.271733e-01  8.271740e-01  9.542706e-03  1.207210e+00  6.626988e+05  2.114672e+03  3.182796e+57  1.578850e+56  -1.580463e-05  -1.140607e+107  -1.000000e+00  -1.000000e+00  1.000000e+00
4.520350e+01  3.486480e+03  3.539537e+02  3.025817e+03  4.520350e+01  2.168780e+00  2.158380e+00  1.040000e-02  9.148991e+00  9.148991e+00  3.078887e+00  4.795000e-03  3.501257e-01  8.265070e-01  8.265073e-01  9.230747e-03  1.169575e+00  6.645747e+05  1.775400e+03  3.137045e+57  1.325407e+56  8.431262e-05  -8.453029e+106  1.000000e+00  -1.000000e+00  1.000000e+00
4.520350e+01  3.890162e+03  3.539537e+02  3.429500e+03  4.520350e+01  2.142455e+00  2.133726e+00  8.729000e-03  9.048270e+00  9.048270e+00  2.904057e+00  4.074000e-03  3.497259e-01  8.240758e-01  8.240760e-01  8.977416e-03  1.143991e+00  6.643292e+05  1.488431e+03  3.080754e+57  1.111071e+56  4.114598e-05  -6.737330e+106  1.000000e+00  -1.000000e+00  1.000000e+00
4.520350e+01  4.347708e+03  3.539537e+02  3.887040e+03  4.520350e+01  2.115313e+00  2.107998e+00  7.316000e-03  8.950579e+00  8.950579e+00  2.737895e+00  3.458000e-03  3.490641e-01  8.200729e-01  8.200730e-01  8.778324e-03  1.129261e+00  6.632020e+05  1.246248e+03  3.023170e+57  9.302121e+55  1.647640e-05  -5.422438e+106  1.000000e+00  -1.000000e+00  1.000000e+00
4.520350e+01  4.866291e+03  3.539537e+02  4.405622e+03  4.520350e+01  2.087731e+00  2.081607e+00  6.124000e-03  8.856600e+00  8.856600e+00  2.580177e+00  2.933000e-03  3.481682e-01  8.146951e-01  8.146953e-01  8.627069e-03  1.124154e+00  6.603272e+05  1.042275e+03  2.957720e+57  7.779073e+55  9.666968e-06  -3.949252e+106  1.000000e+00  -1.000000e+00  1.000000e+00
4.520350e+01  5.454054e+03  3.539537e+02  4.993389e+03  4.520350e+01  2.060045e+00  2.054924e+00  5.120000e-03  8.766919e+00  8.766919e+00  2.430650e+00  2.485000e-03  3.470654e-01  8.081402e-01  8.081403e-01  8.518266e-03  1.127726e+00  6.578070e+05  8.707925e+02  2.900000e+57  6.498784e+55  9.494746e-06  -2.684828e+106  1.000000e+00  -1.000000e+00  1.000000e+00
4.520350e+01  6.120229e+03  3.539537e+02  5.659571e+03  4.520350e+01  2.032555e+00  2.028278e+00  4.277000e-03  8.682061e+00  8.682061e+00  2.289035e+00  2.104000e-03  3.457810e-01  8.005954e-01  8.005954e-01  8.448265e-03  1.139385e+00  6.547357e+05  7.268588e+02  2.843029e+57  5.424283e+55  8.021977e-06  -1.937299e+106  1.000000e+00  -1.000000e+00  1.000000e+00
4.520350e+01  6.875298e+03  3.539537e+02  6.414631e+03  4.520350e+01  2.005530e+00  2.001961e+00  3.569000e-03  8.602415e+00  8.602415e+00  2.155038e+00  1.780000e-03  3.443424e-01  7.922550e-01  7.922551e-01  8.410310e-03  1.158160e+00  6.512164e+05  6.062216e+02  2.787382e+57  4.523779e+55  7.047453e-06  -1.383854e+106  1.000000e+00  -1.000000e+00  1.000000e+00
4.520350e+01  7.731096e+03  3.539537e+02  7.270426e+03  4.520350e+01  1.979208e+00  1.976232e+00  2.976000e-03  8.528379e+00  8.528379e+00  2.028356e+00  1.504000e-03  3.427729e-01  7.832875e-01  7.832876e-01  8.403917e-03  1.184017e+00  6.473510e+05  5.052399e+02  2.733566e+57  3.770056e+55  5.936238e-06  -1.029123e+106  1.000000e+00  -1.000000e+00  1.000000e+00
4.520350e+01  8.701063e+03  3.539537e+02  8.240395e+03  4.520350e+01  1.953795e+00  1.951315e+00  2.480000e-03  8.460263e+00  8.460263e+00  1.908677e+00  1.269000e-03  3.410961e-01  7.738536e-01  7.738537e-01  8.426611e-03  1.216684e+00  6.424008e+05  4.208078e+02  2.675772e+57  3.139903e+55  5.342018e-06  -7.331676e+105  1.000000e+00  -1.000000e+00  1.000000e+00
4.520350e+01  9.800430e+03  3.539537e+02  9.339770e+03  4.520350e+01  1.929473e+00  1.927408e+00  2.065000e-03  8.398165e+00  8.398165e+00  1.795689e+00  1.070000e-03  3.393407e-01  7.641361e-01  7.641361e-01  8.472168e-03  1.255231e+00  6.381252e+05  3.502845e+02  2.626866e+57  2.613593e+55  5.401977e-06  -4.760749e+105  1.000000e+00  -1.000000e+00  1.000000e+00
4.520350e+01  1.104648e+04  3.539537e+02  1.058582e+04  4.520350e+01  1.906397e+00  1.904678e+00  1.719000e-03  8.342200e+00  8.342200e+00  1.689080e+00  9.020000e-04  3.375316e-01  7.542866e-01  7.542866e-01  8.539413e-03  1.299465e+00  6.337496e+05  2.914319e+02  2.580749e+57  2.174404e+55  5.042120e-06  -3.281646e+105  1.000000e+00  -1.000000e+00  1.000000e+00
4.520350e+01  1.245877e+04  3.539537e+02  1.199810e+04  4.520350e+01  1.884701e+00  1.883271e+00  1.430000e-03  8.292506e+00  8.292506e+00  1.588541e+00  7.590000e-04  3.356899e-01  7.444273e-01  7.444274e-01  8.622717e-03  1.348533e+00  6.293527e+05  2.423578e+02  2.537694e+57  1.808206e+55  4.440356e-06  -2.370290e+105  1.000000e+00  -1.000000e+00  1.000000e+00
4.520350e+01  1.405947e+04  3.539537e+02  1.359880e+04  4.520350e+01  1.864495e+00  1.863306e+00  1.189000e-03  8.249162e+00  8.249162e+00  1.493771e+00  6.380000e-04  3.338359e-01  7.346682e-01  7.346683e-01  8.723027e-03  1.402525e+00  6.242550e+05  2.014667e+02  2.492296e+57  1.503085e+55  4.162183e-06  -1.636047e+105  1.000000e+00  -1.000000e+00  1.000000e+00
4.520350e+01  1.587372e+04  3.539537e+02  1.541306e+04  4.520350e+01  1.845864e+00  1.844876e+00  9.880000e-04  8.211807e+00  8.211807e+00  1.404475e+00  5.350000e-04  3.320035e-01  7.251816e-01  7.251817e-01  8.833369e-03  1.459897e+00  6.200097e+05  1.674155e+02  2.455865e+57  1.249011e+55  4.234475e-06  -1.010012e+105  1.000000e+00  -1.000000e+00  1.000000e+00
4.520350e+01  1.793002e+04  3.539537e+02  1.746936e+04  4.520350e+01  1.828874e+00  1.828053e+00  8.210000e-04  8.180455e+00  8.180455e+00  1.320367e+00  4.490000e-04  3.302083e-01  7.160377e-01  7.160378e-01  8.951496e-03  1.520072e+00  6.159139e+05  1.390757e+02  2.422855e+57  1.037561e+55  4.004011e-06  -6.685347e+104  1.000000e+00  -1.000000e+00  1.000000e+00
4.520350e+01  2.025605e+04  3.539537e+02  1.979538e+04  4.520350e+01  1.813598e+00  1.812916e+00  6.820000e-04  8.154975e+00  8.154975e+00  1.241315e+00  3.760000e-04  3.284733e-01  7.073366e-01  7.073366e-01  9.073828e-03  1.581972e+00  6.120146e+05  1.155412e+02  2.393252e+57  8.619684e+54  3.894102e-06  -4.878513e+104  1.000000e+00  -1.000000e+00  1.000000e+00
6.210170e+01  1.030404e+02  4.422249e+02  1.000000e+00  6.210170e+01  2.213842e+00  4.623000e-03  2.209219e+00  2.025738e+01  3.668320e+00  2.025738e+01  9.979120e-01  1.614154e-01  2.152101e-01  3.364278e-02  4.365700e-02  2.656018e+02  6.941497e+02  4.128699e+05  5.834996e+54  3.133282e+58  3.789235e-06  -7.869796e+107  1.000000e+00  -1.000000e+00  0.000000e+00
6.210170e+01  1.076573e+02  4.422249e+02  1.133400e+00  6.210170e+01  2.212260e+00  5.406000e-03  2.206854e+00  2.026526e+01  3.748685e+00  2.026526e+01  9.975560e-01  1.612373e-01  2.148907e-01  3.525930e-02  4.371607e-02  2.674371e+02  8.126909e+02  4.123340e+05  6.815237e+54  3.130451e+58  3.811310e-06  -7.631593e+107  1.000000e+00  -1.000000e+00  0.000000e+00
6.210170e+01  1.131115e+02  4.422249e+02  1.284600e+00  6.210170e+01  2.210451e+00  6.310000e-03  2.204141e+00  2.027395e+01  3.832462e+00  2.027395e+01  9.971450e-01  1.610365e-01  2.145308e-01  3.699111e-02  4.378108e-02  2.695061e+02  9.497875e+02  4.117254e+05  7.936470e+54  3.127203e+58  3.856253e-06  -7.532715e+107  1.000000e+00  -1.000000e+00  0.000000e+00
6.210170e+01  1.191072e+02  4.422249e+02  1.456000e+00  6.210170e+01  2.208356e+00  7.358000e-03  2.200998e+00  2.028337e+01  3.919991e+00  2.028337e+01  9.966680e-01  1.608091e-01  2.141237e-01  3.885289e-02  4.385222e-02  2.718635e+02  1.109094e+03  4.110260e+05  9.229738e+54  3.123415e+58  3.898007e-06  -8.225846e+107  1.000000e+00  -1.000000e+00  0.000000e+00
6.210170e+01  1.250167e+02  4.422249e+02  1.650300e+00  6.210170e+01  2.205916e+00  8.573000e-03  2.197343e+00  2.029355e+01  4.011276e+00  2.029355e+01  9.961140e-01  1.605509e-01  2.136617e-01  4.085273e-02  4.392982e-02  2.745387e+02  1.294209e+03  4.102183e+05  1.072375e+55  3.118966e+58  3.939951e-06  -8.823665e+107  1.000000e+00  -1.000000e+00  0.000000e+00
6.210170e+01  1.316026e+02  4.422249e+02  1.870400e+00  6.210170e+01  2.203086e+00  9.981000e-03  2.193105e+00  2.030449e+01  4.106481e+00  2.030449e+01  9.954690e-01  1.602585e-01  2.131394e-01  4.300227e-02  4.400393e-02  2.770797e+02  1.509383e+03  4.092891e+05  1.245165e+55  3.113773e+58  3.980132e-06  -9.675953e+107  1.000000e+00  -1.000000e+00  0.000000e+00
6.210170e+01  1.379494e+02  4.422249e+02  2.120000e+00  6.210170e+01  2.199774e+00  1.161500e-02  2.188159e+00  2.031605e+01  4.205746e+00  2.031605e+01  9.947200e-01  1.599265e-01  2.125470e-01  4.531370e-02  4.410761e-02  2.810782e+02  1.759591e+03  4.082108e+05  1.445210e+55  3.107640e+58  4.007885e-06  -8.589222e+107  1.000000e+00  -1.000000e+00  0.000000e+00
6.210170e+01  1.527256e+02  4.422249e+02  2.402800e+00  6.210170e+01  2.196159e+00  1.340500e-02  2.182754e+00  2.032904e+01  4.302906e+00  2.032904e+01  9.938960e-01  1.595616e-01  2.118971e-01  4.764312e-02  4.420948e-02  2.849636e+02  2.034498e+03  4.070359e+05  1.664096e+55  3.100964e+58  4.038666e-06  -1.339736e+108  1.000000e+00  -1.000000e+00  0.000000e+00
6.210170e+01  1.576382e+02  4.422249e+02  2.723400e+00  6.210170e+01  2.191899e+00  1.550100e-02  2.176399e+00  2.034273e+01  4.404316e+00  2.034273e+01  9.929280e-01  1.591450e-01  2.111563e-01  5.016064e-02  4.432007e-02  2.894291e+02  2.357178e+03  4.056652e+05  1.920047e+55  3.093035e+58  4.091615e-06  -1.675648e+108  1.000000e+00  -1.000000e+00  0.000000e+00
6.210170e+01  1.627167e+02  4.422249e+02  3.086700e+00  6.210170e+01  2.186841e+00  1.798300e-02  2.168858e+00  2.035698e+01  4.512526e+00  2.035698e+01  9.917770e-01  1.586666e-01  2.103072e-01  5.293904e-02  4.443810e-02  2.946025e+02  2.740653e+03  4.040550e+05  2.223222e+55  3.083536e+58  4.151813e-06  -1.825782e+108  1.000000e+00  -1.000000e+00  0.000000e+00
6.210170e+01  1.679681e+02  4.422249e+02  3.498500e+00  6.210170e+01  2.180863e+00  2.091100e-02  2.159952e+00  2.037170e+01  4.627817e+00  2.037170e+01  9.904110e-01  1.581185e-01  2.093367e-01  5.599958e-02  4.456412e-02  3.005895e+02  3.194771e+03  4.021724e+05  2.581119e+55  3.072225e+58  4.209423e-06  -1.965980e+108  1.000000e+00  -1.000000e+00  0.000000e+00
6.210170e+01  1.734000e+02  4.422249e+02  3.965200e+00  6.210170e+01  2.173792e+00  2.435800e-02  2.149434e+00  2.038637e+01  4.750458e+00  2.038637e+01  9.887950e-01  1.574925e-01  2.082309e-01  5.936575e-02  4.469618e-02  3.075218e+02  3.731445e+03  3.999672e+05  3.002799e+55  3.058726e+58  4.267046e-06  -2.087355e+108  1.000000e+00  -1.000000e+00  0.000000e+00
6.210170e+01  1.790190e+02  4.422249e+02  4.494300e+00  6.210170e+01  2.165490e+00  2.840600e-02  2.137084e+00  2.040082e+01  4.880690e+00  2.040082e+01  9.868820e-01  1.567798e-01  2.069759e-01  6.306258e-02  4.512336e-02  3.486060e+02  4.364832e+03  3.974034e+05  3.498944e+55  3.042768e+58  4.327761e-06  -2.171651e+108  1.000000e+00  -1.000000e+00  0.000000e+00
6.210170e+01  1.848335e+02  4.422249e+02  5.093900e+00  6.210170e+01  2.155733e+00  3.315500e-02  2.122578e+00  2.041448e+01  5.018788e+00  2.041448e+01  9.846200e-01  1.559690e-01  2.055527e-01  6.711756e-02  4.497459e-02  3.248579e+02  5.111519e+03  3.944187e+05  4.082054e+55  3.023870e+58  4.388058e-06  -2.210547e+108  1.000000e+00  -1.000000e+00  0.000000e+00
6.210170e+01  1.908524e+02  4.422249e+02  5.773400e+00  6.210170e+01  2.144279e+00  3.871700e-02  2.105563e+00  2.042665e+01  5.164944e+00  2.042665e+01  9.819440e-01  1.550479e-01  2.039420e-01  7.155836e-02  4.511556e-02  3.356692e+02  5.991108e+03  3.909483e+05  4.766785e+55  3.001531e+58  4.449268e-06  -2.181425e+108  1.000000e+00  -1.000000e+00  0.000000e+00
6.210170e+01  1.970844e+02  4.422249e+02  6.543700e+00  6.210170e+01  2.130858e+00  4.522200e-02  2.085635e+00  2.043635e+01  5.319376e+00  2.043635e+01  9.787770e-01  1.540042e-01  2.021249e-01  7.641467e-02  4.525143e-02  3.482394e+02  7.026434e+03  3.869183e+05  5.570148e+55  2.975156e+58  4.511487e-06  -2.057719e+108  1.000000e+00  -1.000000e+00  0.000000e+00
6.210170e+01  2.035396e+02  4.422249e+02  7.416700e+00  6.210170e+01  2.115167e+00  5.282200e-02  2.062345e+00  2.044221e+01  5.482304e+00  2.044221e+01  9.750270e-01  1.528264e-01  2.000841e-01  8.171764e-02  4.537571e-02  3.628628e+02  8.244009e+03  3.822489e+05  6.511700e+55  2.944096e+58  4.575046e-06  -1.803408e+108  1.000000e+00  -1.000000e+00  0.000000e+00
6.210170e+01  2.102287e+02  4.422249e+02  8.406200e+00  6.210170e+01  2.096834e+00  6.168900e-02  2.035145e+00  2.044247e+01  5.653882e+00  2.044247e+01  9.705800e-01  1.514999e-01  1.977979e-01  8.749832e-02  4.548125e-02  3.799145e+02  9.675198e+03  3.768400e+05  7.614531e+55  2.907525e+58  4.641341e-06  -1.371426e+108  1.000000e+00  -1.000000e+00  0.000000e+00
6.210170e+01  2.171631e+02  4.422249e+02  9.527700e+00  6.210170e+01  2.075487e+00  7.201800e-02  2.003469e+00  2.043510e+01  5.834248e+00  2.043510e+01  9.653010e-01  1.500116e-01  1.952484e-01  9.378818e-02  4.555486e-02  3.997899e+02  1.135628e+04  3.705961e+05  8.905063e+55  2.864631e+58  4.546881e-06  -6.241489e+107  1.000000e+00  -1.000000e+00  0.000000e+00
6.210170e+01  4.714565e+02  4.422249e+02  1.079880e+01  6.210170e+01  2.061199e+00  7.865000e-02  1.982549e+00  2.045156e+01  5.933505e+00  2.045156e+01  9.618430e-01  1.488590e-01  1.932852e-01  9.706117e-02  4.575055e-02  4.172698e+02  1.243661e+04  3.663081e+05  9.731737e+55  2.836968e+58  4.322362e-06  -2.076019e+108  1.000000e+00  -1.000000e+00  1.000000e+00
6.210170e+01  4.728972e+02  4.422249e+02  1.223950e+01  6.210170e+01  2.049858e+00  8.344900e-02  1.966409e+00  2.048645e+01  5.980151e+00  2.048645e+01  9.592900e-01  1.477879e-01  1.914693e-01  9.858307e-02  4.605248e-02  4.354830e+02  1.320872e+04  3.628432e+05  1.031773e+56  2.816288e+58  4.279245e-06  -6.878979e+107  1.000000e+00  -1.000000e+00  1.000000e+00
6.210170e+01  4.745300e+02  4.422249e+02  1.387240e+01  6.210170e+01  2.034888e+00  8.971600e-02  1.945172e+00  2.051939e+01  6.032014e+00  2.051939e+01  9.559110e-01  1.464730e-01  1.892516e-01  1.005871e-01  4.636138e-02  4.584298e+02  1.423008e+04  3.583927e+05  1.108905e+56  2.788579e+58  4.411899e-06  7.764512e+107  1.000000e+00  1.000000e+00  1.000000e+00
6.210170e+01  4.763807e+02  4.422249e+02  1.572320e+01  6.210170e+01  2.015824e+00  9.761600e-02  1.918208e+00  2.054812e+01  6.090671e+00  2.054812e+01  9.515750e-01  1.448979e-01  1.866111e-01  1.031339e-01  4.666856e-02  4.870973e+02  1.551335e+04  3.528442e+05  1.205442e+56  2.752858e+58  4.521810e-06  2.967530e+108  1.000000e+00  1.000000e+00  1.000000e+00
6.210170e+01  4.784787e+02  4.422249e+02  1.782080e+01  6.210170e+01  1.992029e+00  1.073880e-01  1.884641e+00  2.056985e+01  6.157327e+00  2.056985e+01  9.460910e-01  1.430363e-01  1.835129e-01  1.062967e-01  4.695926e-02  5.228725e+02  1.711785e+04  3.460504e+05  1.325708e+56  2.707856e+58  4.628785e-06  6.375232e+108  1.000000e+00  1.000000e+00  1.000000e+00
6.210170e+01  4.808563e+02  4.422249e+02  2.019840e+01  6.210170e+01  1.962714e+00  1.193160e-01  1.843398e+00  2.057997e+01  6.233173e+00  2.057997e+01  9.392080e-01  1.408620e-01  1.799248e-01  1.101578e-01  4.720756e-02  5.674808e+02  1.908062e+04  3.378252e+05  1.472316e+56  2.651919e+58  4.731166e-06  1.097011e+109  1.000000e+00  1.000000e+00  1.000000e+00
6.210170e+01  4.835509e+02  4.422249e+02  2.289310e+01  6.210170e+01  1.926977e+00  1.337300e-01  1.793247e+00  2.057230e+01  6.318981e+00  2.057230e+01  9.306010e-01  1.383487e-01  1.758177e-01  1.147990e-01  4.737964e-02  6.231876e+02  2.148280e+04  3.279634e+05  1.651077e+56  2.583168e+58  4.827053e-06  1.631892e+109  1.000000e+00  1.000000e+00  1.000000e+00
6.210170e+01  4.866048e+02  4.422249e+02  2.594730e+01  6.210170e+01  1.883853e+00  1.509990e-01  1.732854e+00  2.053824e+01  6.415724e+00  2.053824e+01  9.198460e-01  1.354769e-01  1.711769e-01  1.203097e-01  4.742766e-02  6.928008e+02  2.434154e+04  3.162499e+05  1.862938e+56  2.499548e+58  4.932678e-06  2.441053e+109  1.000000e+00  1.000000e+00  1.000000e+00
6.210170e+01  4.900671e+02  4.422249e+02  2.940900e+01  6.210170e+01  1.832330e+00  1.715330e-01  1.660797e+00  2.046529e+01  6.524064e+00  2.046529e+01  9.063850e-01  1.322414e-01  1.660135e-01  1.267764e-01  4.728098e-02  7.794047e+02  2.783756e+04  3.024603e+05  2.120952e+56  2.398802e+58  5.059288e-06  3.551876e+109  1.000000e+00  1.000000e+00  1.000000e+00
6.210170e+01  4.939909e+02  4.422249e+02  3.333260e+01  6.210170e+01  1.771531e+00  1.957800e-01  1.575751e+00  2.033657e+01  6.644755e+00  2.033657e+01  8.894860e-01  1.286627e-01  1.603813e-01  1.342856e-01  4.684322e-02  8.857020e+02  3.202418e+04  2.864023e+05  2.428520e+56  2.278806e+58  5.178130e-06  4.682779e+109  1.000000e+00  1.000000e+00  1.000000e+00
6.210170e+01  4.984378e+02  4.422249e+02  3.777960e+01  6.210170e+01  1.700868e+00  2.242180e-01  1.476651e+00  2.012876e+01  6.778232e+00  2.012876e+01  8.681750e-01  1.248059e-01  1.544019e-01  1.429161e-01  4.598969e-02  1.012498e+03  3.700860e+04  2.679390e+05  2.792758e+56  2.137759e+58  5.284184e-06  5.796780e+109  1.000000e+00  1.000000e+00  1.000000e+00
6.210170e+01  5.034775e+02  4.422249e+02  4.281980e+01  6.210170e+01  1.620481e+00  2.573510e-01  1.363130e+00  1.981120e+01  6.924513e+00  1.981120e+01  8.411890e-01  1.208133e-01  1.483082e-01  1.527357e-01  4.456382e-02  1.154281e+03  4.279834e+04  2.470698e+05  3.213186e+56  1.974906e+58  5.415648e-06  6.794663e+109  1.000000e+00  1.000000e+00  1.000000e+00
6.210170e+01  5.091908e+02  4.422249e+02  4.853260e+01  6.210170e+01  1.531722e+00  2.956970e-01  1.236026e+00  1.934501e+01  7.083389e+00  1.934501e+01  8.069510e-01  1.169480e-01  1.424997e-01  1.637995e-01  4.239798e-02  1.292075e+03  4.974514e+04  2.240033e+05  3.714713e+56  1.791229e+58  5.583435e-06  8.475152e+109  1.000000e+00  1.000000e+00  1.000000e+00
6.210170e+01  5.156662e+02  4.422249e+02  5.500740e+01  6.210170e+01  1.437968e+00  3.397720e-01  1.098196e+00  1.868730e+01  7.254368e+00  1.868730e+01  7.637140e-01  1.136539e-01  1.376188e-01  1.761465e-01  3.936384e-02  1.383805e+03  5.790058e+04  1.992915e+05  4.299345e+56  1.590768e+58  5.757768e-06  9.613400e+109  1.000000e+00  1.000000e+00  1.000000e+00
6.210170e+01  5.230050e+02  4.422249e+02  6.234610e+01  6.210170e+01  1.345292e+00  3.900740e-01  9.552180e-01  1.780206e+01  7.436701e+00  1.780206e+01  7.100450e-01  1.116164e-01  1.346307e-01  1.897938e-01  3.547200e-02  1.365115e+03  6.742336e+04  1.739231e+05  4.976728e+56  1.381657e+58  5.932046e-06  1.010775e+110  1.000000e+00  1.000000e+00  1.000000e+00
6.210170e+01  5.313221e+02  4.422249e+02  7.066390e+01  6.210170e+01  1.262479e+00  4.470510e-01  8.154280e-01  1.668463e+01  7.629141e+00  1.668463e+01  6.458940e-01  1.117607e-01  1.348416e-01  2.047340e-01  3.102143e-02  1.186115e+03  7.824003e+04  1.493148e+05  5.738534e+56  1.176287e+58  6.341860e-06  1.014804e+110  1.000000e+00  1.000000e+00  1.000000e+00
6.210170e+01  5.407496e+02  4.422249e+02  8.009140e+01  6.210170e+01  1.199341e+00  5.110810e-01  6.882600e-01  1.538691e+01  7.830108e+00  1.538691e+01  5.738650e-01  1.151258e-01  1.397920e-01  2.209328e-01  2.670033e-02  8.801690e+02  9.093985e+04  1.270146e+05  6.625556e+56  9.887779e+57  7.787665e-06  1.023319e+110  1.000000e+00  1.000000e+00  1.000000e+00
6.210170e+01  5.514360e+02  4.422249e+02  9.077660e+01  6.210170e+01  1.163494e+00  5.824320e-01  5.810620e-01  1.402268e+01  8.037724e+00  1.402268e+01  4.994110e-01  1.225504e-01  1.509475e-01  2.383263e-01  2.351703e-02  5.671681e+02  1.054617e+05  1.081897e+05  7.629047e+56  8.302466e+57  -1.040381e-05  9.716694e+109  -1.000000e+00  1.000000e+00  1.000000e+00
6.210170e+01  5.635472e+02  4.422249e+02  1.028874e+02  6.210170e+01  1.157623e+00  6.612280e-01  4.963950e-01  1.272652e+01  8.249857e+00  1.272652e+01  4.288060e-01  1.343505e-01  1.693714e-01  2.568199e-01  2.255426e-02  3.435119e+02  1.219238e+05  9.320377e+04  8.753177e+56  7.047035e+57  -2.722462e-06  8.844235e+109  -1.000000e+00  1.000000e+00  1.000000e+00
6.210170e+01  5.772730e+02  4.422249e+02  1.166139e+02  6.210170e+01  1.179542e+00  7.474080e-01  4.321340e-01  1.159789e+01  8.464092e+00  1.159789e+01  3.663570e-01  1.502159e-01  1.955975e-01  2.762895e-01  2.468490e-02  2.151555e+02  1.403956e+05  8.165775e+04  9.997878e+56  6.091801e+57  3.426373e-06  7.903095e+109  1.000000e+00  1.000000e+00  1.000000e+00
6.210170e+01  5.928297e+02  4.422249e+02  1.321717e+02  6.210170e+01  1.224425e+00  8.406950e-01  3.837300e-01  1.067595e+01  8.677894e+00  1.067595e+01  3.133960e-01  1.693976e-01  2.297930e-01  2.965820e-01  3.035761e-02  1.450885e+02  1.608989e+05  7.276720e+04  1.135851e+57  5.370651e+57  3.886608e-06  6.965172e+109  1.000000e+00  1.000000e+00  1.000000e+00
6.210170e+01  6.104652e+02  4.422249e+02  1.498051e+02  6.210170e+01  1.286968e+00  9.405560e-01  3.464110e-01  9.953802e+00  8.888492e+00  9.953802e+00  2.691680e-01  1.909678e-01  2.719884e-01  3.175234e-01  3.945750e-02  1.032995e+02  1.839120e+05  6.572405e+04  1.286488e+57  4.813883e+57  3.930482e-06  6.137414e+109  1.000000e+00  1.000000e+00  1.000000e+00
6.210170e+01  6.304521e+02  4.422249e+02  1.697911e+02  6.210170e+01  1.362409e+00  1.046189e+00  3.162190e-01  9.398745e+00  9.093073e+00  9.398745e+00  2.321030e-01  2.141013e-01  3.224488e-01  3.389246e-01  5.097978e-02  7.554801e+01  2.088802e+05  5.986691e+04  1.446873e+57  4.363702e+57  3.932992e-06  5.200317e+109  1.000000e+00  1.000000e+00  1.000000e+00
6.210170e+01  6.531038e+02  4.422249e+02  1.924434e+02  6.210170e+01  1.446723e+00  1.156509e+00  2.902150e-01  9.288808e+00  9.288808e+00  8.988047e+00  2.006010e-01  2.300420e-01  3.609335e-01  3.609375e-01  5.373448e-02  5.560472e+01  2.355551e+05  5.471925e+04  1.614511e+57  3.977751e+57  3.833336e-06  4.370732e+109  1.000000e+00  1.000000e+00  1.000000e+00
6.210170e+01  6.787757e+02  4.422249e+02  2.181178e+02  6.210170e+01  1.536483e+00  1.270061e+00  2.664220e-01  9.470907e+00  9.470907e+00  8.662121e+00  1.733970e-01  2.396170e-01  3.857303e-01  3.857335e-01  4.873657e-02  4.113156e+01  2.643031e+05  4.996802e+04  1.791534e+57  3.627289e+57  3.653521e-06  3.732103e+109  1.000000e+00  1.000000e+00  1.000000e+00
6.210170e+01  7.078781e+02  4.422249e+02  2.472176e+02  6.210170e+01  1.628652e+00  1.384882e+00  2.437700e-01  9.634677e+00  9.634677e+00  8.387929e+00  1.496760e-01  2.496737e-01  4.132914e-01  4.132942e-01  4.449284e-02  3.057279e+01  2.947084e+05  4.545521e+04  1.974331e+57  3.297110e+57  3.517486e-06  3.004899e+109  1.000000e+00  1.000000e+00  1.000000e+00
6.210170e+01  7.408620e+02  4.422249e+02  2.801996e+02  6.210170e+01  1.720478e+00  1.498664e+00  2.218140e-01  9.777176e+00  9.777176e+00  8.123323e+00  1.289260e-01  2.599067e-01  4.430951e-01  4.430978e-01  4.064248e-02  2.284556e+01  3.254702e+05  4.112287e+04  2.152846e+57  2.980820e+57  3.367180e-06  2.311418e+109  1.000000e+00  1.000000e+00  1.000000e+00
6.210170e+01  7.782441e+02  4.422249e+02  3.175819e+02  6.210170e+01  1.809452e+00  1.608788e+00  2.006640e-01  9.896498e+00  9.896498e+00  7.852010e+00  1.108980e-01  2.700518e-01  4.745856e-01  4.745881e-01  3.706196e-02  1.720291e+01  3.569238e+05  3.699238e+04  2.329391e+57  2.679649e+57  3.137524e-06  1.816008e+109  1.000000e+00  1.000000e+00  1.000000e+00
6.210170e+01  8.206108e+02  4.422249e+02  3.599514e+02  6.210170e+01  1.893379e+00  1.712895e+00  1.804840e-01  9.991823e+00  9.991823e+00  7.575369e+00  9.532400e-02  2.798817e-01  5.071516e-01  5.071539e-01  3.370419e-02  1.308339e+01  3.886479e+05  3.309067e+04  2.500972e+57  2.395500e+57  2.889103e-06  1.391974e+109  1.000000e+00  1.000000e+00  1.000000e+00
6.210170e+01  8.686339e+02  4.422249e+02  4.079736e+02  6.210170e+01  1.970497e+00  1.809084e+00  1.614130e-01  1.006305e+01  1.006305e+01  7.294843e+00  8.191500e-02  2.892196e-01  5.401743e-01  5.401767e-01  3.057053e-02  1.007095e+01  4.202293e+05  2.943848e+04  2.664877e+57  2.129826e+57  2.683939e-06  1.008008e+109  1.000000e+00  1.000000e+00  1.000000e+00
6.210170e+01  9.230662e+02  4.422249e+02  4.624025e+02  6.210170e+01  2.039525e+00  1.895969e+00  1.435560e-01  1.011078e+01  1.011078e+01  7.011915e+00  7.038700e-02  2.979380e-01  5.730504e-01  5.730525e-01  2.768015e-02  7.860459e+00  4.500569e+05  2.605009e+04  2.809584e+57  1.883607e+57  2.530025e-06  6.453541e+108  1.000000e+00  1.000000e+00  1.000000e+00
6.210170e+01  9.847572e+02  4.422249e+02  5.240930e+02  6.210170e+01  2.099651e+00  1.972663e+00  1.269880e-01  1.013612e+01  1.013612e+01  6.728065e+00  6.048100e-02  3.059545e-01  6.052151e-01  6.052171e-01  2.504813e-02  6.228731e+00  4.776631e+05  2.293340e+04  2.932397e+57  1.657358e+57  2.259799e-06  4.468787e+108  1.000000e+00  1.000000e+00  1.000000e+00
6.210170e+01  1.054675e+03  4.422249e+02  5.940138e+02  6.210170e+01  2.150490e+00  2.038739e+00  1.117500e-01  1.014067e+01  1.014067e+01  6.444738e+00  5.196500e-02  3.132221e-01  6.361469e-01  6.361486e-01  2.268051e-02  5.015329e+00  5.051467e+05  2.009029e+04  3.049969e+57  1.451162e+57  1.967590e-06  3.065645e+108  1.000000e+00  1.000000e+00  1.000000e+00
6.210170e+01  1.133922e+03  4.422249e+02  6.732629e+02  6.210170e+01  2.192015e+00  2.094162e+00  9.785300e-02  1.012581e+01  1.012581e+01  6.163316e+00  4.464100e-02  3.197388e-01  6.654588e-01  6.654605e-01  2.056692e-02  4.102997e+00  5.297847e+05  1.751722e+04  3.142903e+57  1.264711e+57  1.777485e-06  1.580754e+108  1.000000e+00  1.000000e+00  1.000000e+00
6.210170e+01  1.223749e+03  4.422249e+02  7.630849e+02  6.210170e+01  2.224479e+00  2.139198e+00  8.528100e-02  1.009385e+01  1.009385e+01  5.885092e+00  3.833700e-02  3.255016e-01  6.927363e-01  6.927378e-01  1.870112e-02  3.412013e+00  5.513473e+05  1.520599e+04  3.210641e+57  1.097369e+57  1.472745e-06  7.286242e+107  1.000000e+00  1.000000e+00  1.000000e+00
6.210170e+01  1.325556e+03  4.422249e+02  8.648903e+02  6.210170e+01  2.248342e+00  2.174349e+00  7.399300e-02  1.004677e+01  1.004677e+01  5.611245e+00  3.291000e-02  3.305351e-01  7.176913e-01  7.176927e-01  1.706697e-02  2.883880e+00  5.723002e+05  1.314467e+04  3.272656e+57  9.482307e+56  1.122121e-06  3.973392e+107  1.000000e+00  1.000000e+00  1.000000e+00
6.210170e+01  1.440942e+03  4.422249e+02  9.802778e+02  6.210170e+01  2.264211e+00  2.200280e+00  6.393100e-02  9.986567e+00  9.986567e+00  5.342832e+00  2.823600e-02  3.348747e-01  7.401160e-01  7.401173e-01  1.564466e-02  2.476641e+00  5.899301e+05  1.131846e+04  3.309815e+57  8.161919e+56  7.949765e-07  -9.454492e+105  1.000000e+00  -1.000000e+00  1.000000e+00
6.210170e+01  1.571717e+03  4.422249e+02  1.111060e+03  6.210170e+01  2.272779e+00  2.217757e+00  5.502200e-02  9.915125e+00  9.915125e+00  5.080774e+00  2.420900e-02  3.385640e-01  7.598869e-01  7.598880e-01  1.442301e-02  2.161529e+00  6.056152e+05  9.710602e+03  3.333388e+57  7.000116e+56  3.709022e-07  -1.487811e+107  1.000000e+00  -1.000000e+00  1.000000e+00
6.210170e+01  1.719954e+03  4.422249e+02  1.259289e+03  6.210170e+01  2.274789e+00  2.227605e+00  4.718300e-02  9.834381e+00  9.834381e+00  4.825851e+00  2.074200e-02  3.416455e-01  7.769277e-01  7.769287e-01  1.336976e-02  1.914934e+00  6.192653e+05  8.303157e+03  3.343617e+57  5.983693e+56  -1.170218e-07  -2.152693e+107  -1.000000e+00  -1.000000e+00  1.000000e+00
6.210170e+01  1.887962e+03  4.422249e+02  1.427295e+03  6.210170e+01  2.270996e+00  2.230670e+00  4.032600e-02  9.746139e+00  9.746139e+00  4.578708e+00  1.775700e-02  3.441639e-01  7.912284e-01  7.912293e-01  1.246469e-02  1.720932e+00  6.310449e+05  7.077718e+03  3.342643e+57  5.099159e+56  -8.291562e-07  -2.688772e+107  -1.000000e+00  -1.000000e+00  1.000000e+00
6.210170e+01  2.078381e+03  4.422249e+02  1.617714e+03  6.210170e+01  2.262147e+00  2.227787e+00  3.435900e-02  9.652174e+00  9.652174e+00  4.339853e+00  1.518900e-02  3.461603e-01  8.028133e-01  8.028140e-01  1.169060e-02  1.568048e+00  6.396910e+05  6.015991e+03  3.321785e+57  4.333143e+56  -1.502552e-06  -2.447723e+107  -1.000000e+00  -1.000000e+00  1.000000e+00
6.210170e+01  2.294199e+03  4.422249e+02  1.833538e+03  6.210170e+01  2.248958e+00  2.219766e+00  2.919300e-02  9.554012e+00  9.554012e+00  4.109670e+00  1.298000e-02  3.476780e-01  8.117728e-01  8.117735e-01  1.103108e-02  1.447573e+00  6.478416e+05  5.100247e+03  3.301198e+57  3.672723e+56  -2.988768e-06  -2.169910e+107  -1.000000e+00  -1.000000e+00  1.000000e+00
6.210170e+01  2.538819e+03  4.422249e+02  2.078156e+03  6.210170e+01  2.232114e+00  2.207375e+00  2.473900e-02  9.453166e+00  9.453166e+00  3.888425e+00  1.108300e-02  3.487552e-01  8.182131e-01  8.182137e-01  1.047248e-02  1.353178e+00  6.531578e+05  4.313663e+03  3.263982e+57  3.105662e+56  -5.174656e-06  -1.934186e+107  -1.000000e+00  -1.000000e+00  1.000000e+00
6.210170e+01  2.816077e+03  4.422249e+02  2.355409e+03  6.210170e+01  2.212248e+00  2.191332e+00  2.091600e-02  9.350950e+00  9.350950e+00  3.676280e+00  9.455000e-03  3.494297e-01  8.222808e-01  8.222818e-01  1.000275e-02  1.280055e+00  6.570330e+05  3.640551e+03  3.220950e+57  2.620565e+56  -9.380319e-06  -1.550179e+107  -1.000000e+00  -1.000000e+00  1.000000e+00
6.210170e+01  3.130319e+03  4.422249e+02  2.669651e+03  6.210170e+01  2.189952e+00  2.172306e+00  1.764600e-02  9.248563e+00  9.248563e+00  3.473301e+00  8.058000e-03  3.497373e-01  8.241449e-01  8.241453e-01  9.611102e-03  1.224539e+00  6.595747e+05  3.066496e+03  3.173159e+57  2.206980e+56  -2.417877e-05  -1.217049e+107  -1.000000e+00  -1.000000e+00  1.000000e+00
6.210170e+01  3.486480e+03  4.422249e+02  3.025817e+03  6.210170e+01  2.165761e+00  2.150902e+00  1.485900e-02  9.147096e+00  9.147096e+00  3.279475e+00  6.861000e-03  3.497107e-01  8.239837e-01  8.239840e-01  9.288502e-03  1.183881e+00  6.608820e+05  2.578426e+03  3.121503e+57  1.855437e+56  -2.958255e-05  -9.281214e+106  -1.000000e+00  -1.000000e+00  1.000000e+00
6.210170e+01  3.890162e+03  4.422249e+02  3.429500e+03  6.210170e+01  2.140167e+00  2.127677e+00  1.249000e-02  9.047504e+00  9.047504e+00  3.094718e+00  5.836000e-03  3.493820e-01  8.219926e-01  8.219929e-01  9.027097e-03  1.155990e+00  6.621593e+05  2.164610e+03  3.075087e+57  1.557449e+56  -5.863660e-05  -7.196165e+106  -1.000000e+00  -1.000000e+00  1.000000e+00
6.210170e+01  4.347708e+03  4.422249e+02  3.887040e+03  6.210170e+01  2.113614e+00  2.103131e+00  1.048300e-02  8.950599e+00  8.950599e+00  2.918886e+00  4.960000e-03  3.487829e-01  8.183793e-01  8.183796e-01  8.819527e-03  1.139143e+00  6.603900e+05  1.814626e+03  3.011321e+57  1.305479e+56  1.370500e-05  -5.953940e+106  1.000000e+00  -1.000000e+00  1.000000e+00
6.210170e+01  4.866291e+03  4.422249e+02  4.405622e+03  6.210170e+01  2.086500e+00  2.077715e+00  8.786000e-03  8.857199e+00  8.857199e+00  2.751791e+00  4.211000e-03  3.479394e-01  8.133295e-01  8.133299e-01  8.659735e-03  1.132127e+00  6.588441e+05  1.519292e+03  2.954582e+57  1.092894e+56  1.311792e-05  -3.929424e+106  1.000000e+00  -1.000000e+00  1.000000e+00
6.210170e+01  5.454054e+03  4.422249e+02  4.993389e+03  6.210170e+01  2.059185e+00  2.051831e+00  7.354000e-03  8.767968e+00  8.767968e+00  2.593202e+00  3.571000e-03  3.468790e-01  8.070395e-01  8.070397e-01  8.546420e-03  1.134496e+00  6.565953e+05  1.270573e+03  2.897791e+57  9.138936e+55  1.002199e-05  -2.870152e+106  1.000000e+00  -1.000000e+00  1.000000e+00
6.210170e+01  6.120229e+03  4.422249e+02  5.659571e+03  6.210170e+01  2.031985e+00  2.025835e+00  6.149000e-03  8.683390e+00  8.683390e+00  2.442860e+00  3.026000e-03  3.456310e-01  7.997202e-01  7.997203e-01  8.471909e-03  1.145055e+00  6.537492e+05  1.061488e+03  2.841526e+57  7.634400e+55  8.317334e-06  -2.075495e+106  1.000000e+00  -1.000000e+00  1.000000e+00
6.210170e+01  6.875298e+03  4.422249e+02  6.414631e+03  6.210170e+01  2.005182e+00  2.000046e+00  5.136000e-03  8.603920e+00  8.603920e+00  2.300485e+00  2.561000e-03  3.442223e-01  7.915644e-01  7.915647e-01  8.431407e-03  1.163091e+00  6.504188e+05  8.860034e+02  2.786430e+57  6.371813e+55  7.228714e-06  -1.485608e+106  1.000000e+00  -1.000000e+00  1.000000e+00
6.210170e+01  7.731096e+03  4.422249e+02  7.270426e+03  6.210170e+01  1.979027e+00  1.974740e+00  4.286000e-03  8.529881e+00  8.529881e+00  2.165778e+00  2.166000e-03  3.426813e-01  7.827677e-01  7.827679e-01  8.419858e-03  1.187850e+00  6.467025e+05  7.389305e+02  2.732974e+57  5.313768e+55  6.043748e-06  -1.107086e+106  1.000000e+00  -1.000000e+00  1.000000e+00
6.210170e+01  8.701063e+03  4.422249e+02  8.240395e+03  6.210170e+01  1.953740e+00  1.950165e+00  3.574000e-03  8.461776e+00  8.461776e+00  2.038430e+00  1.830000e-03  3.410255e-01  7.734592e-01  7.734593e-01  8.440445e-03  1.219945e+00  6.418811e+05  6.158264e+02  2.675487e+57  4.428247e+55  5.412531e-06  -7.895823e+105  1.000000e+00  -1.000000e+00  1.000000e+00
6.210170e+01  9.800430e+03  4.422249e+02  9.339770e+03  6.210170e+01  1.929508e+00  1.926530e+00  2.979000e-03  8.399631e+00  8.399631e+00  1.918129e+00  1.544000e-03  3.392876e-01  7.638448e-01  7.638449e-01  8.484077e-03  1.257978e+00  6.377107e+05  5.129017e+02  2.626801e+57  3.687951e+55  5.468785e-06  -5.133309e+105  1.000000e+00  -1.000000e+00  1.000000e+00
6.210170e+01  1.104648e+04  4.422249e+02  1.058582e+04  6.210170e+01  1.906496e+00  1.904015e+00  2.480000e-03  8.343623e+00  8.343623e+00  1.804558e+00  1.301000e-03  3.374914e-01  7.540699e-01  7.540699e-01  8.548710e-03  1.301666e+00  6.334238e+05  4.269355e+02  2.580859e+57  3.069681e+55  5.093534e-06  -3.540406e+105  1.000000e+00  -1.000000e+00  1.000000e+00
6.210170e+01  1.245877e+04  4.422249e+02  1.199810e+04  6.210170e+01  1.884841e+00  1.882776e+00  2.064000e-03  8.293843e+00  8.293843e+00  1.697402e+00  1.095000e-03  3.356607e-01  7.442721e-01  7.442722e-01  8.631182e-03  1.350445e+00  6.290973e+05  3.551979e+02  2.537912e+57  2.553781e+55  4.472887e-06  -2.562221e+105  1.000000e+00  -1.000000e+00  1.000000e+00
6.210170e+01  1.405947e+04  4.422249e+02  1.359880e+04  6.210170e+01  1.864658e+00  1.862941e+00  1.717000e-03  8.250260e+00  8.250260e+00  1.596352e+00  9.210000e-04  3.338207e-01  7.345888e-01  7.345889e-01  8.728573e-03  1.403737e+00  6.240467e+05  2.953816e+02  2.492509e+57  2.123641e+55  4.186374e-06  -1.771311e+105  1.000000e+00  -1.000000e+00  1.000000e+00
6.210170e+01  1.587372e+04  4.422249e+02  1.541306e+04  6.210170e+01  1.846039e+00  1.844611e+00  1.428000e-03  8.212826e+00  8.212826e+00  1.501103e+00  7.740000e-04  3.319938e-01  7.251322e-01  7.251322e-01  8.836317e-03  1.460596e+00  6.198490e+05  2.455407e+02  2.456134e+57  1.765255e+55  4.262547e-06  -1.092527e+105  1.000000e+00  -1.000000e+00  1.000000e+00
6.210170e+01  1.793002e+04  4.422249e+02  1.746936e+04  6.210170e+01  1.829054e+00  1.827867e+00  1.187000e-03  8.181415e+00  8.181415e+00  1.411357e+00  6.490000e-04  3.302020e-01  7.160054e-01  7.160055e-01  8.955369e-03  1.520877e+00  6.157935e+05  2.040377e+02  2.423170e+57  1.466837e+55  4.026260e-06  -7.236922e+104  1.000000e+00  -1.000000e+00  1.000000e+00
6.210170e+01  2.025605e+04  4.422249e+02  1.979538e+04  6.210170e+01  1.813774e+00  1.812787e+00  9.870000e-04  8.155810e+00  8.155810e+00  1.326981e+00  5.440000e-04  3.284715e-01  7.073275e-01  7.073275e-01  9.076445e-03  1.582472e+00  6.119223e+05  1.695553e+02  2.393563e+57  1.218912e+55  3.912150e-06  -5.284814e+104  1.000000e+00  -1.000000e+00  1.000000e+00
8.531680e+01  1.030404e+02  5.559159e+02  1.000000e+00  8.531680e+01  2.203478e+00  3.282000e-03  2.200196e+00  1.930586e+01  3.258988e+00  1.930586e+01  9.985110e-01  1.685782e-01  2.282717e-01  3.313448e-02  3.785530e-02  1.853637e+02  4.925639e+02  4.192923e+05  4.140796e+54  3.079164e+58  3.391500e-06  -8.449106e+107  1.000000e+00  -1.000000e+00  0.000000e+00
8.531680e+01  1.076573e+02  5.559159e+02  1.133400e+00  8.531680e+01  2.202570e+00  3.845000e-03  2.198725e+00  1.931238e+01  3.332593e+00  1.931238e+01  9.982540e-01  1.684518e-01  2.280376e-01  3.474244e-02  3.789792e-02  1.862712e+02  5.777283e+02  4.189394e+05  4.845060e+54  3.077574e+58  3.417000e-06  -8.280803e+107  1.000000e+00  -1.000000e+00  0.000000e+00
8.531680e+01  1.131115e+02  5.559159e+02  1.284600e+00  8.531680e+01  2.201509e+00  4.496000e-03  2.197013e+00  1.931962e+01  3.409393e+00  1.931962e+01  9.979580e-01  1.683076e-01  2.277706e-01  3.646554e-02  3.794430e-02  1.872949e+02  6.765082e+02  4.185329e+05  5.652976e+54  3.075706e+58  3.468903e-06  -8.300749e+107  1.000000e+00  -1.000000e+00  0.000000e+00
8.531680e+01  1.191072e+02  5.559159e+02  1.456000e+00  8.531680e+01  2.200270e+00  5.254000e-03  2.195016e+00  1.932746e+01  3.489732e+00  1.932746e+01  9.976120e-01  1.681445e-01  2.274690e-01  3.831866e-02  3.799600e-02  1.884672e+02  7.916063e+02  4.180631e+05  6.587436e+54  3.073497e+58  3.519262e-06  -9.211229e+107  1.000000e+00  -1.000000e+00  0.000000e+00
8.531680e+01  1.250167e+02  5.559159e+02  1.650300e+00  8.531680e+01  2.198807e+00  6.135000e-03  2.192672e+00  1.933609e+01  3.573662e+00  1.933609e+01  9.972100e-01  1.679578e-01  2.271237e-01  4.031053e-02  3.805370e-02  1.898042e+02  9.257339e+02  4.175165e+05  7.670050e+54  3.070867e+58  3.573768e-06  -1.005590e+108  1.000000e+00  -1.000000e+00  0.000000e+00
8.531680e+01  1.316026e+02  5.559159e+02  1.870400e+00  8.531680e+01  2.197097e+00  7.159000e-03  2.189938e+00  1.934549e+01  3.661339e+00  1.934549e+01  9.967420e-01  1.677456e-01  2.267318e-01  4.245275e-02  3.811579e-02  1.913218e+02  1.082098e+03  4.168858e+05  8.925854e+54  3.067772e+58  3.628439e-06  -1.123744e+108  1.000000e+00  -1.000000e+00  0.000000e+00
8.531680e+01  1.379494e+02  5.559159e+02  2.120000e+00  8.531680e+01  2.195087e+00  8.351000e-03  2.186736e+00  1.935573e+01  3.752878e+00  1.935573e+01  9.961960e-01  1.675035e-01  2.262851e-01  4.475703e-02  3.818583e-02  1.930615e+02  1.264460e+03  4.161537e+05  1.038401e+55  3.064103e+58  3.659636e-06  -1.019635e+108  1.000000e+00  -1.000000e+00  0.000000e+00
8.531680e+01  1.527256e+02  5.559159e+02  2.402800e+00  8.531680e+01  2.192849e+00  9.666000e-03  2.183183e+00  1.936700e+01  3.842952e+00  1.936700e+01  9.955920e-01  1.672353e-01  2.257909e-01  4.709020e-02  3.826217e-02  1.949968e+02  1.466222e+03  4.153409e+05  1.199071e+55  3.060010e+58  3.690825e-06  -1.643089e+108  1.000000e+00  -1.000000e+00  0.000000e+00
8.531680e+01  1.576382e+02  5.559159e+02  2.723400e+00  8.531680e+01  2.190210e+00  1.121000e-02  2.179000e+00  1.937908e+01  3.937143e+00  1.937908e+01  9.948820e-01  1.669300e-01  2.252288e-01  4.961146e-02  3.834561e-02  1.972197e+02  1.703707e+03  4.143947e+05  1.387476e+55  3.055141e+58  3.759264e-06  -2.115155e+108  1.000000e+00  -1.000000e+00  0.000000e+00
8.531680e+01  1.627167e+02  5.559159e+02  3.086700e+00  8.531680e+01  2.187039e+00  1.304200e-02  2.173997e+00  1.939220e+01  4.037702e+00  1.939220e+01  9.940370e-01  1.665755e-01  2.245774e-01  5.239065e-02  3.843725e-02  1.997982e+02  1.986442e+03  4.132779e+05  1.611040e+55  3.049252e+58  3.832148e-06  -2.387180e+108  1.000000e+00  -1.000000e+00  0.000000e+00
8.531680e+01  1.679681e+02  5.559159e+02  3.498500e+00  8.531680e+01  2.183250e+00  1.520800e-02  2.168042e+00  1.940601e+01  4.144840e+00  1.940601e+01  9.930340e-01  1.661686e-01  2.238309e-01  5.544797e-02  3.853557e-02  2.027748e+02  2.321957e+03  4.119629e+05  1.875509e+55  3.042140e+58  3.898325e-06  -2.682172e+108  1.000000e+00  -1.000000e+00  0.000000e+00
8.531680e+01  1.734000e+02  5.559159e+02  3.965200e+00  8.531680e+01  2.178734e+00  1.776400e-02  2.160970e+00  1.942038e+01  4.258878e+00  1.942038e+01  9.918470e-01  1.657022e-01  2.229768e-01  5.880828e-02  3.864297e-02  2.062237e+02  2.719401e+03  4.104173e+05  2.187841e+55  3.033580e+58  3.965755e-06  -2.996583e+108  1.000000e+00  -1.000000e+00  0.000000e+00
8.531680e+01  1.790190e+02  5.559159e+02  4.494300e+00  8.531680e+01  2.173364e+00  2.077400e-02  2.152589e+00  1.943531e+01  4.380020e+00  1.943531e+01  9.904410e-01  1.651667e-01  2.219985e-01  6.249592e-02  3.875643e-02  2.102026e+02  3.189605e+03  4.086056e+05  2.556227e+55  3.023328e+58  4.033585e-06  -3.333370e+108  1.000000e+00  -1.000000e+00  0.000000e+00
8.531680e+01  1.848335e+02  5.559159e+02  5.093900e+00  8.531680e+01  2.166991e+00  2.431500e-02  2.142677e+00  1.945034e+01  4.508574e+00  1.945034e+01  9.887800e-01  1.645552e-01  2.208841e-01  6.653922e-02  3.887676e-02  2.148039e+02  3.745419e+03  4.064838e+05  2.990330e+55  3.011061e+58  4.101360e-06  -3.688243e+108  1.000000e+00  -1.000000e+00  0.000000e+00
8.531680e+01  1.908524e+02  5.559159e+02  5.773400e+00  8.531680e+01  2.159453e+00  2.847400e-02  2.130980e+00  1.946531e+01  4.644747e+00  1.946531e+01  9.868140e-01  1.638566e-01  2.196149e-01  7.096625e-02  3.900175e-02  2.201259e+02  4.401997e+03  4.040059e+05  3.501533e+55  2.996446e+58  4.168194e-06  -4.060142e+108  1.000000e+00  -1.000000e+00  0.000000e+00
8.531680e+01  1.970844e+02  5.559159e+02  6.543700e+00  8.531680e+01  2.150517e+00  3.335400e-02  2.117163e+00  1.947947e+01  4.788773e+00  1.947947e+01  9.844900e-01  1.630600e-01  2.181723e-01  7.580714e-02  3.913043e-02  2.263005e+02  5.177192e+03  4.011043e+05  4.103133e+55  2.978973e+58  4.234542e-06  -4.439860e+108  1.000000e+00  -1.000000e+00  0.000000e+00
8.531680e+01  2.035396e+02  5.559159e+02  7.416700e+00  8.531680e+01  2.139973e+00  3.907500e-02  2.100898e+00  1.949221e+01  4.940904e+00  1.949221e+01  9.817400e-01  1.621544e-01  2.165385e-01  8.109400e-02  3.925963e-02  2.334566e+02  6.091964e+03  3.977211e+05  4.810685e+55  2.958201e+58  4.304740e-06  -4.811219e+108  1.000000e+00  -1.000000e+00  0.000000e+00
8.531680e+01  2.102287e+02  5.559159e+02  8.406200e+00  8.531680e+01  2.127549e+00  4.577400e-02  2.081775e+00  1.950266e+01  5.101308e+00  1.950266e+01  9.784850e-01  1.611266e-01  2.146923e-01  8.685842e-02  3.938519e-02  2.417697e+02  7.170885e+03  3.937815e+05  5.642209e+55  2.933551e+58  4.374623e-06  -5.167311e+108  1.000000e+00  -1.000000e+00  0.000000e+00
8.531680e+01  2.171631e+02  5.559159e+02  9.527700e+00  8.531680e+01  2.112922e+00  5.360800e-02  2.059314e+00  1.950922e+01  5.270235e+00  1.950922e+01  9.746280e-01  1.599651e-01  2.126159e-01  9.313471e-02  3.950234e-02  2.514307e+02  8.442510e+03  3.891943e+05  6.618539e+55  2.904294e+58  4.251553e-06  -4.992577e+108  1.000000e+00  -1.000000e+00  0.000000e+00
8.531680e+01  4.714565e+02  5.559159e+02  1.079880e+01  8.531680e+01  2.103192e+00  5.886000e-02  2.044332e+00  1.952732e+01  5.366590e+00  1.952732e+01  9.720140e-01  1.590809e-01  2.110424e-01  9.658478e-02  3.968433e-02  2.598994e+02  9.296916e+03  3.859885e+05  7.272239e+55  2.885457e+58  3.993674e-06  -1.069143e+109  1.000000e+00  -1.000000e+00  1.000000e+00
8.531680e+01  4.728972e+02  5.559159e+02  1.223950e+01  8.531680e+01  2.095459e+00  6.292200e-02  2.032536e+00  1.956434e+01  5.416859e+00  1.956434e+01  9.699720e-01  1.581960e-01  2.094738e-01  9.840592e-02  3.992984e-02  2.686679e+02  9.951687e+03  3.833359e+05  7.769476e+55  2.871335e+58  3.939862e-06  -1.099109e+109  1.000000e+00  -1.000000e+00  1.000000e+00
8.531680e+01  4.745300e+02  5.559159e+02  1.387240e+01  8.531680e+01  2.085095e+00  6.819100e-02  2.016905e+00  1.959831e+01  5.473241e+00  1.959831e+01  9.672960e-01  1.571407e-01  2.076110e-01  1.007146e-01  4.019256e-02  2.796545e+02  1.080428e+04  3.799109e+05  8.413958e+55  2.852063e+58  4.081309e-06  -1.216705e+109  1.000000e+00  -1.000000e+00  1.000000e+00
8.531680e+01  4.763807e+02  5.559159e+02  1.572320e+01  8.531680e+01  2.071734e+00  7.480300e-02  1.996930e+00  1.963160e+01  5.537024e+00  1.963160e+01  9.638930e-01  1.558690e-01  2.053776e-01  1.035663e-01  4.046792e-02  2.932342e+02  1.186913e+04  3.756242e+05  9.215918e+55  2.826927e+58  4.204104e-06  -1.261617e+109  1.000000e+00  -1.000000e+00  1.000000e+00
8.531680e+01  4.784787e+02  5.559159e+02  1.782080e+01  8.531680e+01  2.054916e+00  8.295800e-02  1.971958e+00  1.966248e+01  5.609323e+00  1.966248e+01  9.596290e-01  1.543609e-01  2.027451e-01  1.070306e-01  4.074867e-02  3.099794e+02  1.319620e+04  3.703619e+05  1.021188e+56  2.794993e+58  4.320614e-06  -1.240654e+109  1.000000e+00  -1.000000e+00  1.000000e+00
8.531680e+01  4.808563e+02  5.559159e+02  2.019840e+01  8.531680e+01  2.033978e+00  9.289800e-02  1.941080e+00  1.968818e+01  5.691020e+00  1.968818e+01  9.543270e-01  1.525887e-01  1.996734e-01  1.111808e-01  4.102286e-02  3.305951e+02  1.481825e+04  3.639570e+05  1.142489e+56  2.754879e+58  4.430731e-06  -1.161435e+109  1.000000e+00  -1.000000e+00  1.000000e+00
8.531680e+01  4.835509e+02  5.559159e+02  2.289310e+01  8.531680e+01  2.008185e+00  1.049020e-01  1.903283e+00  1.970507e+01  5.783025e+00  1.970507e+01  9.477630e-01  1.505246e-01  1.961253e-01  1.160971e-01  4.127450e-02  3.560820e+02  1.680487e+04  3.562314e+05  1.290508e+56  2.705061e+58  4.547387e-06  -9.876247e+108  1.000000e+00  -1.000000e+00  1.000000e+00
8.531680e+01  4.866048e+02  5.559159e+02  2.594730e+01  8.531680e+01  1.976725e+00  1.192920e-01  1.857433e+00  1.970805e+01  5.885917e+00  1.970805e+01  9.396520e-01  1.481441e-01  1.920722e-01  1.218578e-01  4.147730e-02  3.875237e+02  1.921947e+04  3.469933e+05  1.469703e+56  2.643835e+58  4.663818e-06  -6.813995e+108  1.000000e+00  -1.000000e+00  1.000000e+00
8.531680e+01  4.900671e+02  5.559159e+02  2.940900e+01  8.531680e+01  1.938657e+00  1.364290e-01  1.802228e+00  1.968980e+01  6.000456e+00  1.968980e+01  9.296270e-01  1.454258e-01  1.874940e-01  1.285471e-01  4.159431e-02  4.263160e+02  2.213557e+04  3.360233e+05  1.685210e+56  2.569180e+58  4.766031e-06  -3.854947e+108  1.000000e+00  -1.000000e+00  1.000000e+00
8.531680e+01  4.939909e+02  5.559159e+02  3.333260e+01  8.531680e+01  1.893021e+00  1.567140e-01  1.736308e+00  1.964016e+01  6.127155e+00  1.964016e+01  9.172150e-01  1.423614e-01  1.823956e-01  1.362453e-01  4.157386e-02  4.739957e+02  2.557390e+04  3.231020e+05  1.938016e+56  2.478957e+58  4.883402e-06  2.496458e+107  1.000000e+00  1.000000e+00  1.000000e+00
8.531680e+01  4.984378e+02  5.559159e+02  3.777960e+01  8.531680e+01  1.838897e+00  1.805840e-01  1.658312e+00  1.954512e+01  6.266468e+00  1.954512e+01  9.017970e-01  1.389635e-01  1.768184e-01  1.450293e-01  4.134300e-02  5.318723e+02  2.975355e+04  3.080212e+05  2.243857e+56  2.370991e+58  5.007378e-06  6.083255e+108  1.000000e+00  1.000000e+00  1.000000e+00
8.531680e+01  5.034775e+02  5.559159e+02  4.281980e+01  8.531680e+01  1.775553e+00  2.085150e-01  1.567038e+00  1.938523e+01  6.418514e+00  1.938523e+01  8.825630e-01  1.352833e-01  1.708660e-01  1.549660e-01  4.080479e-02  6.003396e+02  3.463714e+04  2.906092e+05  2.599000e+56  2.243256e+58  5.138128e-06  1.334208e+109  1.000000e+00  1.000000e+00  1.000000e+00
8.531680e+01  5.091908e+02  5.559159e+02  4.853260e+01  8.531680e+01  1.702809e+00  2.410060e-01  1.461803e+00  1.913513e+01  6.583068e+00  1.913513e+01  8.584650e-01  1.314366e-01  1.647397e-01  1.661094e-01  3.983452e-02  6.770001e+02  4.053048e+04  2.708051e+05  3.025139e+56  2.094518e+58  5.277311e-06  2.108003e+109  1.000000e+00  1.000000e+00  1.000000e+00
8.531680e+01  5.156662e+02  5.559159e+02  5.500740e+01  8.531680e+01  1.621373e+00  2.785790e-01  1.342794e+00  1.876187e+01  6.759863e+00  1.876187e+01  8.281830e-01  1.276405e-01  1.587874e-01  1.785005e-01  3.829117e-02  7.534672e+02  4.735655e+04  2.487003e+05  3.514935e+56  1.924730e+58  5.431522e-06  2.839537e+109  1.000000e+00  1.000000e+00  1.000000e+00
8.531680e+01  5.230050e+02  5.559159e+02  6.234610e+01  8.531680e+01  1.533598e+00  3.217580e-01  1.211841e+00  1.822782e+01  6.948286e+00  1.822782e+01  7.901940e-01  1.242678e-01  1.535749e-01  1.921592e-01  3.604500e-02  8.108896e+02  5.552473e+04  2.246792e+05  4.097102e+56  1.736359e+58  5.597926e-06  3.600800e+109  1.000000e+00  1.000000e+00  1.000000e+00
8.531680e+01  5.313221e+02  5.559159e+02  7.066390e+01  8.531680e+01  1.444121e+00  3.710530e-01  1.073068e+00  1.749714e+01  7.147330e+00  1.749714e+01  7.430590e-01  1.219041e-01  1.499634e-01  2.070806e-01  3.304439e-02  8.183071e+02  6.488776e+04  1.995044e+05  4.758065e+56  1.535301e+58  5.771767e-06  4.083690e+109  1.000000e+00  1.000000e+00  1.000000e+00
8.531680e+01  5.407496e+02  5.559159e+02  8.009140e+01  8.531680e+01  1.360222e+00  4.269410e-01  9.332810e-01  1.655249e+01  7.355763e+00  1.655249e+01  6.861240e-01  1.213747e-01  1.491591e-01  2.232334e-01  2.942540e-02  7.447194e+02  7.574191e+04  1.743665e+05  5.517068e+56  1.331562e+58  6.152071e-06  4.667582e+109  1.000000e+00  1.000000e+00  1.000000e+00
8.531680e+01  5.514360e+02  5.559159e+02  9.077660e+01  8.531680e+01  1.290989e+00  4.898260e-01  8.011630e-01  1.541789e+01  7.571947e+00  1.541789e+01  6.205810e-01  1.236742e-01  1.526648e-01  2.405551e-01  2.562461e-02  5.904358e+02  8.850186e+04  1.507278e+05  6.401397e+56  1.138074e+58  6.821852e-06  4.834284e+109  1.000000e+00  1.000000e+00  1.000000e+00
8.531680e+01  5.635472e+02  5.559159e+02  1.028874e+02  8.531680e+01  1.244900e+00  5.600180e-01  6.848830e-01  1.417282e+01  7.794053e+00  1.417282e+01  5.501500e-01  1.297359e-01  1.620617e-01  2.589518e-01  2.239201e-02  4.061694e+02  1.028115e+05  1.299224e+05  7.380085e+56  9.671385e+57  2.442305e-05  4.713936e+109  1.000000e+00  1.000000e+00  1.000000e+00
8.531680e+01  5.772730e+02  5.559159e+02  1.166139e+02  8.531680e+01  1.226847e+00  6.376830e-01  5.891640e-01  1.293396e+01  8.019926e+00  1.293396e+01  4.802260e-01  1.401008e-01  1.786764e-01  2.782975e-01  2.064582e-02  2.549955e+02  1.193612e+05  1.126852e+05  8.499571e+56  8.260137e+57  3.022492e-05  4.781590e+109  1.000000e+00  1.000000e+00  1.000000e+00
8.531680e+01  5.928297e+02  5.559159e+02  1.321717e+02  8.531680e+01  1.236886e+00  7.228120e-01  5.140740e-01  1.180849e+01  8.247278e+00  1.180849e+01  4.156200e-01  1.547094e-01  2.033519e-01  2.984352e-01  2.124661e-02  1.598122e+02  1.379534e+05  9.897399e+04  9.739575e+56  7.150408e+57  2.468655e-06  4.634972e+109  1.000000e+00  1.000000e+00  1.000000e+00
8.531680e+01  6.104652e+02  5.559159e+02  1.498051e+02  8.531680e+01  1.271468e+00  8.151700e-01  4.562980e-01  1.085770e+01  8.473457e+00  1.085770e+01  3.588750e-01  1.729613e-01  2.364753e-01  3.191866e-01  2.476283e-02  1.066506e+02  1.590780e+05  8.819668e+04  1.113025e+57  6.295136e+57  3.489809e-06  4.291297e+109  1.000000e+00  1.000000e+00  1.000000e+00
8.531680e+01  6.304521e+02  5.559159e+02  1.697911e+02  8.531680e+01  1.325589e+00  9.142700e-01  4.113190e-01  1.009467e+01  8.695812e+00  1.009467e+01  3.102910e-01  1.939539e-01  2.781787e-01  3.403528e-01  3.131247e-02  7.605629e+01  1.823316e+05  7.957578e+04  1.263474e+57  5.629052e+57  3.748639e-06  3.775924e+109  1.000000e+00  1.000000e+00  1.000000e+00
8.531680e+01  6.531038e+02  5.559159e+02  1.924434e+02  8.531680e+01  1.394263e+00  1.019335e+00  3.749280e-01  9.502484e+00  8.911314e+00  9.502484e+00  2.689080e-01  2.167152e-01  3.285360e-01  3.617401e-01  4.036942e-02  5.630092e+01  2.075308e+05  7.240022e+04  1.423250e+57  5.091219e+57  3.758355e-06  3.322301e+109  1.000000e+00  1.000000e+00  1.000000e+00
8.531680e+01  6.787757e+02  5.559159e+02  2.181178e+02  8.531680e+01  1.473085e+00  1.129288e+00  3.437970e-01  9.117223e+00  9.117223e+00  9.052638e+00  2.333860e-01  2.386420e-01  3.831431e-01  3.831489e-01  4.903174e-02  4.223298e+01  2.351312e+05  6.612040e+04  1.595097e+57  4.633550e+57  3.678417e-06  2.841692e+109  1.000000e+00  1.000000e+00  1.000000e+00
8.531680e+01  7.078781e+02  5.559159e+02  2.472176e+02  8.531680e+01  1.558271e+00  1.242727e+00  3.155430e-01  9.309773e+00  9.309773e+00  8.706834e+00  2.024960e-01  2.472211e-01  4.064185e-01  4.064231e-01  4.418734e-02  3.189916e+01  2.641798e+05  6.035831e+04  1.771331e+57  4.221838e+57  3.580757e-06  2.329121e+109  1.000000e+00  1.000000e+00  1.000000e+00
8.531680e+01  7.408620e+02  5.559159e+02  2.801996e+02  8.531680e+01  1.646510e+00  1.357724e+00  2.887860e-01  9.483570e+00  9.483570e+00  8.419765e+00  1.753930e-01  2.564331e-01  4.327681e-01  4.327722e-01  4.023987e-02  2.419330e+01  2.948647e+05  5.490705e+04  1.952790e+57  3.836381e+57  3.410416e-06  1.935731e+109  1.000000e+00  1.000000e+00  1.000000e+00
8.531680e+01  7.782441e+02  5.559159e+02  3.175819e+02  8.531680e+01  1.734833e+00  1.471923e+00  2.629100e-01  9.634865e+00  9.634865e+00  8.152966e+00  1.515480e-01  2.659461e-01  4.615950e-01  4.616011e-01  3.677846e-02  1.843038e+01  3.266969e+05  4.968431e+04  2.135606e+57  3.468343e+57  3.219596e-06  1.561754e+109  1.000000e+00  1.000000e+00  1.000000e+00
8.531680e+01  8.206108e+02  5.559159e+02  3.599514e+02  8.531680e+01  1.820574e+00  1.582606e+00  2.379680e-01  9.761600e+00  9.761600e+00  7.879746e+00  1.307110e-01  2.754666e-01  4.922601e-01  4.922637e-01  3.361102e-02  1.412686e+01  3.591875e+05  4.470497e+04  2.316011e+57  3.118047e+57  3.056448e-06  1.166550e+109  1.000000e+00  1.000000e+00  1.000000e+00
8.531680e+01  8.686339e+02  5.559159e+02  4.079736e+02  8.531680e+01  1.901400e+00  1.687244e+00  2.141560e-01  9.862775e+00  9.862775e+00  7.601421e+00  1.126310e-01  2.847449e-01  5.240819e-01  5.240853e-01  3.064345e-02  1.091356e+01  3.908560e+05  4.000098e+04  2.483094e+57  2.787647e+57  2.878000e-06  8.258459e+108  1.000000e+00  1.000000e+00  1.000000e+00
8.531680e+01  9.230662e+02  5.559159e+02  4.624025e+02  8.531680e+01  1.975456e+00  1.783821e+00  1.916350e-01  9.938409e+00  9.938409e+00  7.319411e+00  9.700800e-02  2.935838e-01  5.563711e-01  5.563742e-01  2.788315e-02  8.522957e+00  4.221011e+05  3.559697e+04  2.640354e+57  2.478783e+57  2.628563e-06  6.012353e+108  1.000000e+00  1.000000e+00  1.000000e+00
8.531680e+01  9.847572e+02  5.559159e+02  5.240930e+02  8.531680e+01  2.041403e+00  1.870870e+00  1.705330e-01  9.989244e+00  9.989244e+00  7.035168e+00  8.353700e-02  3.018407e-01  5.884654e-01  5.884705e-01  2.533566e-02  6.741431e+00  4.525633e+05  3.150998e+04  2.785822e+57  2.192556e+57  2.420282e-06  4.141764e+108  1.000000e+00  1.000000e+00  1.000000e+00
8.531680e+01  1.054675e+03  5.559159e+02  5.940138e+02  8.531680e+01  2.098435e+00  1.947497e+00  1.509380e-01  1.001654e+01  1.001654e+01  6.750145e+00  7.192900e-02  3.094278e-01  6.197769e-01  6.197796e-01  2.300824e-02  5.407585e+00  4.806289e+05  2.774945e+04  2.908289e+57  1.929539e+57  2.155105e-06  2.566513e+108  1.000000e+00  1.000000e+00  1.000000e+00
8.531680e+01  1.133922e+03  5.559159e+02  6.732629e+02  8.531680e+01  2.146170e+00  2.013269e+00  1.329010e-01  1.002212e+01  1.002212e+01  6.465764e+00  6.192500e-02  3.162906e-01  6.497545e-01  6.497570e-01  2.090889e-02  4.403604e+00  5.083700e+05  2.431768e+04  3.024371e+57  1.689810e+57  1.919570e-06  1.521644e+108  1.000000e+00  1.000000e+00  1.000000e+00
8.531680e+01  1.223749e+03  5.559159e+02  7.630849e+02  8.531680e+01  2.184623e+00  2.068185e+00  1.164390e-01  1.000813e+01  1.000813e+01  6.183382e+00  5.329900e-02  3.224075e-01  6.779257e-01  6.779280e-01  1.903840e-02  3.643454e+00  5.319033e+05  2.121055e+04  3.106128e+57  1.473005e+57  1.676140e-06  6.981977e+107  1.000000e+00  1.000000e+00  1.000000e+00
8.531680e+01  1.325556e+03  5.559159e+02  8.648903e+02  8.531680e+01  2.214091e+00  2.112559e+00  1.015330e-01  9.976449e+00  9.976449e+00  5.904273e+00  4.585800e-02  3.277941e-01  7.039665e-01  7.039687e-01  1.738243e-02  3.062058e+00  5.546852e+05  1.841837e+04  3.180604e+57  1.278378e+57  1.344973e-06  3.051763e+107  1.000000e+00  1.000000e+00  1.000000e+00
8.531680e+01  1.440942e+03  5.559159e+02  9.802778e+02  8.531680e+01  2.235086e+00  2.146946e+00  8.813900e-02  9.929497e+00  9.929497e+00  5.629599e+00  3.943400e-02  3.324670e-01  7.275667e-01  7.275687e-01  1.593055e-02  2.614548e+00  5.741746e+05  1.592695e+04  3.229944e+57  1.104883e+57  1.040209e-06  -2.486717e+106  1.000000e+00  -1.000000e+00  1.000000e+00
8.531680e+01  1.571717e+03  5.559159e+02  1.111060e+03  8.531680e+01  2.248252e+00  2.172061e+00  7.619100e-02  9.869331e+00  9.869331e+00  5.360406e+00  3.388900e-02  3.364642e-01  7.485522e-01  7.485540e-01  1.467907e-02  2.269421e+00  5.915887e+05  1.371868e+04  3.264459e+57  9.512390e+56  6.473965e-07  -1.629195e+107  1.000000e+00  -1.000000e+00  1.000000e+00
8.531680e+01  1.719954e+03  5.559159e+02  1.259289e+03  8.531680e+01  2.254324e+00  2.188719e+00  6.560400e-02  9.798106e+00  9.798106e+00  5.097601e+00  2.910200e-02  3.398253e-01  7.668029e-01  7.668044e-01  1.359547e-02  1.999973e+00  6.068443e+05  1.177354e+04  3.284388e+57  8.160110e+56  1.998242e-07  -2.272302e+107  1.000000e+00  -1.000000e+00  1.000000e+00
8.531680e+01  1.887962e+03  5.559159e+02  1.427295e+03  8.531680e+01  2.254073e+00  2.197790e+00  5.628300e-02  9.717819e+00  9.717819e+00  4.841960e+00  2.496900e-02  3.425948e-01  7.822778e-01  7.822792e-01  1.266012e-02  1.788311e+00  6.200566e+05  1.007009e+04  3.291634e+57  6.976710e+56  -3.301675e-07  -2.418482e+107  -1.000000e+00  -1.000000e+00  1.000000e+00
8.531680e+01  2.078381e+03  5.559159e+02  1.617714e+03  8.531680e+01  2.248275e+00  2.200153e+00  4.812200e-02  9.630454e+00  9.630454e+00  4.594119e+00  2.140400e-02  3.448135e-01  7.949735e-01  7.949747e-01  1.186202e-02  1.622356e+00  6.313275e+05  8.586283e+03  3.287832e+57  5.946571e+56  -1.154341e-06  -2.483959e+107  -1.000000e+00  -1.000000e+00  1.000000e+00
8.531680e+01  2.294199e+03  5.559159e+02  1.833538e+03  8.531680e+01  2.237690e+00  2.196673e+00  4.101700e-02  9.537653e+00  9.537653e+00  4.354587e+00  1.833000e-02  3.465294e-01  8.049799e-01  8.049809e-01  1.117787e-02  1.491309e+00  6.394549e+05  7.300172e+03  3.264535e+57  5.054212e+56  -1.914630e-06  -2.322913e+107  -1.000000e+00  -1.000000e+00  1.000000e+00
8.531680e+01  2.538819e+03  5.559159e+02  2.078156e+03  8.531680e+01  2.223046e+00  2.188184e+00  3.486200e-02  9.441192e+00  9.441192e+00  4.123742e+00  1.568200e-02  3.477789e-01  8.123731e-01  8.123740e-01  1.059955e-02  1.388928e+00  6.470377e+05  6.190464e+03  3.241744e+57  4.284657e+56  -3.798199e-06  -1.841192e+107  -1.000000e+00  -1.000000e+00  1.000000e+00
8.531680e+01  2.816077e+03  5.559159e+02  2.355409e+03  8.531680e+01  2.205024e+00  2.175471e+00  2.955300e-02  9.342445e+00  9.342445e+00  3.901852e+00  1.340300e-02  3.486056e-01  8.173148e-01  8.173156e-01  1.011044e-02  1.309203e+00  6.518202e+05  5.236923e+03  3.203042e+57  3.623718e+56  -6.768832e-06  -1.591977e+107  -1.000000e+00  -1.000000e+00  1.000000e+00
8.531680e+01  3.130319e+03  5.559159e+02  2.669651e+03  8.531680e+01  2.184260e+00  2.159267e+00  2.499300e-02  9.242917e+00  9.242917e+00  3.689077e+00  1.144200e-02  3.490414e-01  8.199357e-01  8.199364e-01  9.704082e-03  1.248759e+00  6.551867e+05  4.420661e+03  3.159097e+57  3.058174e+56  -1.420559e-05  -1.254549e+107  -1.000000e+00  -1.000000e+00  1.000000e+00
8.531680e+01  3.486480e+03  5.559159e+02  3.025817e+03  8.531680e+01  2.161331e+00  2.140239e+00  2.109200e-02  9.143581e+00  9.143581e+00  3.485485e+00  9.759000e-03  3.491295e-01  8.204671e-01  8.204681e-01  9.367532e-03  1.203930e+00  6.572047e+05  3.724304e+03  3.110582e+57  2.575892e+56  -8.696195e-05  -9.728439e+106  -1.000000e+00  -1.000000e+00  1.000000e+00
8.531680e+01  3.890162e+03  5.559159e+02  3.429500e+03  8.531680e+01  2.136771e+00  2.119007e+00  1.776400e-02  9.045693e+00  9.045693e+00  3.291061e+00  8.314000e-03  3.488974e-01  8.190687e-01  8.190692e-01  9.094900e-03  1.172783e+00  6.580428e+05  3.132078e+03  3.058849e+57  2.165870e+56  -1.736166e-04  -7.755251e+106  -1.000000e+00  -1.000000e+00  1.000000e+00
8.531680e+01  4.347708e+03  5.559159e+02  3.887040e+03  8.531680e+01  2.111055e+00  2.096120e+00  1.493600e-02  8.950097e+00  8.950097e+00  3.105725e+00  7.075000e-03  3.483802e-01  8.159634e-01  8.159638e-01  8.876723e-03  1.153142e+00  6.578437e+05  2.629820e+03  3.004992e+57  1.818242e+56  3.057667e-05  -5.556927e+106  1.000000e+00  -1.000000e+00  1.000000e+00
8.531680e+01  4.866291e+03  5.559159e+02  4.405622e+03  8.531680e+01  2.084615e+00  2.072077e+00  1.253800e-02  8.857646e+00  8.857646e+00  2.929332e+00  6.015000e-03  3.476075e-01  8.113537e-01  8.113540e-01  8.710424e-03  1.144200e+00  6.567410e+05  2.204933e+03  2.949898e+57  1.524246e+56  1.513720e-05  -4.118351e+106  1.000000e+00  -1.000000e+00  1.000000e+00
8.531680e+01  5.454054e+03  5.559159e+02  4.993389e+03  8.531680e+01  2.057834e+00  2.047324e+00  1.051000e-02  8.768993e+00  8.768993e+00  2.761694e+00  5.107000e-03  3.466110e-01  8.054598e-01  8.054601e-01  8.587957e-03  1.144425e+00  6.548591e+05  1.846313e+03  2.894355e+57  1.276162e+56  1.084761e-05  -3.018247e+106  1.000000e+00  -1.000000e+00  1.000000e+00
8.531680e+01  6.120229e+03  5.559159e+02  5.659571e+03  8.531680e+01  2.031056e+00  2.022257e+00  8.799000e-03  8.684840e+00  8.684840e+00  2.602583e+00  4.332000e-03  3.454154e-01  7.984644e-01  7.984646e-01  8.506200e-03  1.153297e+00  6.523272e+05  1.544237e+03  2.839105e+57  1.067240e+56  8.769144e-06  -2.187406e+106  1.000000e+00  -1.000000e+00  1.000000e+00
8.531680e+01  6.875298e+03  5.559159e+02  6.414631e+03  8.531680e+01  2.004582e+00  1.997223e+00  7.358000e-03  8.605647e+00  8.605647e+00  2.451739e+00  3.671000e-03  3.440502e-01  7.905755e-01  7.905759e-01  8.458458e-03  1.169744e+00  6.492605e+05  1.290252e+03  2.784799e+57  8.916127e+55  7.512459e-06  -1.568562e+106  1.000000e+00  -1.000000e+00  1.000000e+00
8.531680e+01  7.731096e+03  5.559159e+02  7.270426e+03  8.531680e+01  1.978679e+00  1.972533e+00  6.147000e-03  8.531864e+00  8.531864e+00  2.308882e+00  3.107000e-03  3.425415e-01  7.819763e-01  7.819764e-01  8.445849e-03  1.193950e+00  6.457733e+05  1.077049e+03  2.732017e+57  7.442103e+55  6.219950e-06  -1.171419e+106  1.000000e+00  -1.000000e+00  1.000000e+00
8.531680e+01  8.701063e+03  5.559159e+02  8.240395e+03  8.531680e+01  1.953581e+00  1.948450e+00  5.131000e-03  8.463759e+00  8.463759e+00  2.173713e+00  2.626000e-03  3.409178e-01  7.728591e-01  7.728592e-01  8.460398e-03  1.224760e+00  6.411286e+05  8.983386e+02  2.674943e+57  6.206737e+55  5.508968e-06  -8.380001e+105  1.000000e+00  -1.000000e+00  1.000000e+00
8.531680e+01  9.800430e+03  5.559159e+02  9.339770e+03  8.531680e+01  1.929488e+00  1.925209e+00  4.279000e-03  8.401542e+00  8.401542e+00  2.045925e+00  2.218000e-03  3.392069e-01  7.634019e-01  7.634020e-01  8.500051e-03  1.261847e+00  6.371050e+05  7.487333e+02  2.626565e+57  5.172706e+55  5.560317e-06  -5.453935e+105  1.000000e+00  -1.000000e+00  1.000000e+00
8.531680e+01  1.104648e+04  5.559159e+02  1.058582e+04  8.531680e+01  1.906575e+00  1.903009e+00  3.566000e-03  8.345446e+00  8.345446e+00  1.925202e+00  1.870000e-03  3.374318e-01  7.537482e-01  7.537483e-01  8.561276e-03  1.304719e+00  6.329406e+05  6.236369e+02  2.580858e+57  4.308177e+55  5.165987e-06  -3.765471e+105  1.000000e+00  -1.000000e+00  1.000000e+00
8.531680e+01  1.245877e+04  5.559159e+02  1.199810e+04  8.531680e+01  1.884990e+00  1.882020e+00  2.970000e-03  8.295596e+00  8.295596e+00  1.811231e+00  1.575000e-03  3.356163e-01  7.440368e-01  7.440368e-01  8.641986e-03  1.353029e+00  6.287184e+05  5.191415e+02  2.538107e+57  3.586095e+55  4.524230e-06  -2.729479e+105  1.000000e+00  -1.000000e+00  1.000000e+00
8.531680e+01  1.405947e+04  5.559159e+02  1.359880e+04  8.531680e+01  1.864851e+00  1.862379e+00  2.472000e-03  8.251849e+00  8.251849e+00  1.703695e+00  1.326000e-03  3.337909e-01  7.344333e-01  7.344333e-01  8.737483e-03  1.405838e+00  6.237467e+05  4.319335e+02  2.492794e+57  2.983528e+55  4.223828e-06  -1.888435e+105  1.000000e+00  -1.000000e+00  1.000000e+00
8.531680e+01  1.587372e+04  5.559159e+02  1.541306e+04  8.531680e+01  1.846257e+00  1.844200e+00  2.056000e-03  8.214322e+00  8.214322e+00  1.602283e+00  1.114000e-03  3.319724e-01  7.250224e-01  7.250225e-01  8.844690e-03  1.462451e+00  6.196180e+05  3.592115e+02  2.456509e+57  2.481095e+55  4.296751e-06  -1.166259e+105  1.000000e+00  -1.000000e+00  1.000000e+00
8.531680e+01  1.793002e+04  5.559159e+02  1.746936e+04  8.531680e+01  1.829280e+00  1.827570e+00  1.710000e-03  8.182674e+00  8.182674e+00  1.506690e+00  9.350000e-04  3.301920e-01  7.159553e-01  7.159554e-01  8.960262e-03  1.521936e+00  6.156093e+05  2.986128e+02  2.423535e+57  2.062451e+55  4.053773e-06  -7.737467e+104  1.000000e+00  -1.000000e+00  1.000000e+00
8.531680e+01  2.025605e+04  5.559159e+02  1.979538e+04  8.531680e+01  1.814001e+00  1.812579e+00  1.422000e-03  8.156953e+00  8.156953e+00  1.416783e+00  7.840000e-04  3.284667e-01  7.073036e-01  7.073036e-01  9.080743e-03  1.583332e+00  6.117830e+05  2.482339e+02  2.393960e+57  1.714434e+55  3.941163e-06  -5.645615e+104  1.000000e+00  -1.000000e+00  1.000000e+00
1.172102e+02  1.030404e+02  7.032201e+02  1.000000e+00  1.172102e+02  2.172896e+00  2.291000e-03  2.170605e+00  1.838117e+01  2.881570e+00  1.838117e+01  9.989460e-01  1.746013e-01  2.395872e-01  3.255909e-02  3.288970e-02  1.351236e+02  3.437688e+02  4.217420e+05  2.890117e+54  2.991948e+58  2.893494e-06  -6.498332e+107  1.000000e+00  -1.000000e+00  0.000000e+00
1.172102e+02  1.076573e+02  7.032201e+02  1.133400e+00  1.172102e+02  2.172430e+00  2.688000e-03  2.169742e+00  1.838645e+01  2.948222e+00  1.838645e+01  9.987630e-01  1.745137e-01  2.394204e-01  3.415023e-02  3.291984e-02  1.355887e+02  4.038104e+02  4.215209e+05  3.386642e+54  2.991174e+58  2.922508e-06  -6.401463e+107  1.000000e+00  -1.000000e+00  0.000000e+00
1.172102e+02  1.131115e+02  7.032201e+02  1.284600e+00  1.172102e+02  2.171852e+00  3.149000e-03  2.168703e+00  1.839219e+01  3.017885e+00  1.839219e+01  9.985500e-01  1.744128e-01  2.392283e-01  3.585695e-02  3.295194e-02  1.361115e+02  4.736215e+02  4.212557e+05  3.957651e+54  2.990175e+58  2.994068e-06  -6.455974e+107  1.000000e+00  -1.000000e+00  0.000000e+00
1.172102e+02  1.191072e+02  7.032201e+02  1.456000e+00  1.172102e+02  2.171180e+00  3.686000e-03  2.167494e+00  1.839854e+01  3.090829e+00  1.839854e+01  9.983020e-01  1.742987e-01  2.390113e-01  3.769280e-02  3.298853e-02  1.367119e+02  5.551524e+02  4.209528e+05  4.619630e+54  2.989017e+58  3.068211e-06  -7.201835e+107  1.000000e+00  -1.000000e+00  0.000000e+00
1.172102e+02  1.250167e+02  7.032201e+02  1.650300e+00  1.172102e+02  2.170381e+00  4.312000e-03  2.166070e+00  1.840564e+01  3.167118e+00  1.840564e+01  9.980130e-01  1.741673e-01  2.387615e-01  3.966665e-02  3.302924e-02  1.373955e+02  6.503881e+02  4.206006e+05  5.388387e+54  2.987623e+58  3.136496e-06  -7.916780e+107  1.000000e+00  -1.000000e+00  0.000000e+00
1.172102e+02  1.316026e+02  7.032201e+02  1.870400e+00  1.172102e+02  2.169411e+00  5.042000e-03  2.164369e+00  1.841335e+01  3.246912e+00  1.841335e+01  9.976760e-01  1.740165e-01  2.384749e-01  4.179025e-02  3.307443e-02  1.381806e+02  7.616889e+02  4.201832e+05  6.282349e+54  2.985896e+58  3.204686e-06  -8.917244e+107  1.000000e+00  -1.000000e+00  0.000000e+00
1.172102e+02  1.379494e+02  7.032201e+02  2.120000e+00  1.172102e+02  2.168270e+00  5.893000e-03  2.162377e+00  1.842182e+01  3.330354e+00  1.842182e+01  9.972820e-01  1.738450e-01  2.381493e-01  4.407580e-02  3.312423e-02  1.390754e+02  8.918256e+02  4.197011e+05  7.323021e+54  2.983853e+58  3.249045e-06  -8.153127e+107  1.000000e+00  -1.000000e+00  0.000000e+00
1.172102e+02  1.527256e+02  7.032201e+02  2.402800e+00  1.172102e+02  2.167004e+00  6.838000e-03  2.160166e+00  1.843128e+01  3.412800e+00  1.843128e+01  9.968450e-01  1.736545e-01  2.377877e-01  4.639837e-02  3.317946e-02  1.400710e+02  1.036655e+03  4.191677e+05  8.476469e+54  2.981589e+58  3.288067e-06  -1.331207e+108  1.000000e+00  -1.000000e+00  0.000000e+00
1.172102e+02  1.576382e+02  7.032201e+02  2.723400e+00  1.172102e+02  2.165462e+00  7.950000e-03  2.157513e+00  1.844146e+01  3.499179e+00  1.844146e+01  9.963290e-01  1.734351e-01  2.373719e-01  4.890851e-02  3.324098e-02  1.412229e+02  1.207532e+03  4.185332e+05  9.832272e+54  2.978785e+58  3.368847e-06  -1.728430e+108  1.000000e+00  -1.000000e+00  0.000000e+00
1.172102e+02  1.627167e+02  7.032201e+02  3.086700e+00  1.172102e+02  2.163592e+00  9.271000e-03  2.154320e+00  1.845262e+01  3.591379e+00  1.845262e+01  9.957150e-01  1.731804e-01  2.368897e-01  5.167122e-02  3.330849e-02  1.425569e+02  1.411273e+03  4.177825e+05  1.144349e+55  2.975350e+58  3.459744e-06  -1.970336e+108  1.000000e+00  -1.000000e+00  0.000000e+00
1.172102e+02  1.679681e+02  7.032201e+02  3.498500e+00  1.172102e+02  2.161315e+00  1.083700e-02  2.150477e+00  1.846471e+01  3.689686e+00  1.846471e+01  9.949860e-01  1.728849e-01  2.363309e-01  5.470871e-02  3.338264e-02  1.440921e+02  1.653494e+03  4.168909e+05  1.335300e+55  2.971128e+58  3.546805e-06  -2.237363e+108  1.000000e+00  -1.000000e+00  0.000000e+00
1.172102e+02  1.734000e+02  7.032201e+02  3.965200e+00  1.172102e+02  2.158589e+00  1.268800e-02  2.145901e+00  1.847766e+01  3.794350e+00  1.847766e+01  9.941220e-01  1.725459e-01  2.356907e-01  5.804446e-02  3.346340e-02  1.458641e+02  1.940973e+03  4.158451e+05  1.561237e+55  2.966032e+58  3.629754e-06  -2.533104e+108  1.000000e+00  -1.000000e+00  0.000000e+00
1.172102e+02  1.790190e+02  7.032201e+02  4.494300e+00  1.172102e+02  2.155295e+00  1.487400e-02  2.140422e+00  1.849147e+01  3.905607e+00  1.849147e+01  9.930990e-01  1.721540e-01  2.349519e-01  6.170348e-02  3.355143e-02  1.479185e+02  2.281849e+03  4.146073e+05  1.828325e+55  2.959814e+58  3.707333e-06  -2.862755e+108  1.000000e+00  -1.000000e+00  0.000000e+00
1.172102e+02  1.848335e+02  7.032201e+02  5.093900e+00  1.172102e+02  2.151341e+00  1.745000e-02  2.133891e+00  1.850583e+01  4.023721e+00  1.850583e+01  9.918890e-01  1.717047e-01  2.341066e-01  6.571329e-02  3.364672e-02  1.502942e+02  2.685729e+03  4.131483e+05  2.143818e+55  2.952271e+58  3.783638e-06  -3.226524e+108  1.000000e+00  -1.000000e+00  0.000000e+00
1.172102e+02  1.908524e+02  7.032201e+02  5.773400e+00  1.172102e+02  2.146592e+00  2.048500e-02  2.126107e+00  1.852073e+01  4.148936e+00  1.852073e+01  9.904570e-01  1.711879e-01  2.331364e-01  7.010268e-02  3.374796e-02  1.530351e+02  3.164008e+03  4.114286e+05  2.516238e+55  2.943137e+58  3.863099e-06  -3.625322e+108  1.000000e+00  -1.000000e+00  0.000000e+00
1.172102e+02  1.970844e+02  7.032201e+02  6.543700e+00  1.172102e+02  2.140930e+00  2.405600e-02  2.116875e+00  1.853606e+01  4.281532e+00  1.853606e+01  9.887640e-01  1.705951e-01  2.320264e-01  7.490306e-02  3.385619e-02  1.562119e+02  3.730186e+03  4.094134e+05  2.955683e+55  2.932176e+58  3.941146e-06  -4.057873e+108  1.000000e+00  -1.000000e+00  0.000000e+00
1.172102e+02  2.035396e+02  7.032201e+02  7.416700e+00  1.172102e+02  2.134167e+00  2.825400e-02  2.105913e+00  1.855113e+01  4.421685e+00  1.855113e+01  9.867610e-01  1.699181e-01  2.307622e-01  8.014475e-02  3.396914e-02  1.598839e+02  4.400101e+03  4.070446e+05  3.473869e+55  2.918963e+58  4.014878e-06  -4.533005e+108  1.000000e+00  -1.000000e+00  0.000000e+00
1.172102e+02  2.102287e+02  7.032201e+02  8.406200e+00  1.172102e+02  2.126080e+00  3.318600e-02  2.092894e+00  1.856557e+01  4.569688e+00  1.856557e+01  9.843910e-01  1.691426e-01  2.293189e-01  8.586239e-02  3.408523e-02  1.641378e+02  5.192643e+03  4.042576e+05  4.084762e+55  2.903033e+58  4.091088e-06  -5.044217e+108  1.000000e+00  -1.000000e+00  0.000000e+00
1.172102e+02  2.171631e+02  7.032201e+02  9.527700e+00  1.172102e+02  2.116478e+00  3.897400e-02  2.077504e+00  1.857876e+01  4.725761e+00  1.857876e+01  9.815860e-01  1.682591e-01  2.276809e-01  9.209001e-02  3.420261e-02  1.690700e+02  6.130026e+03  4.009973e+05  4.804581e+55  2.883976e+58  3.939402e-06  -5.074192e+108  1.000000e+00  -1.000000e+00  0.000000e+00
1.172102e+02  4.714565e+02  7.032201e+02  1.079880e+01  1.172102e+02  2.110201e+00  4.301000e-02  2.067191e+00  1.860084e+01  4.817807e+00  1.860084e+01  9.796180e-01  1.675610e-01  2.263912e-01  9.568307e-02  3.435409e-02  1.733886e+02  6.784252e+03  3.986919e+05  5.305148e+55  2.871906e+58  3.622702e-06  -1.233960e+109  1.000000e+00  -1.000000e+00  1.000000e+00
1.172102e+02  4.728972e+02  7.032201e+02  1.223950e+01  1.172102e+02  2.105266e+00  4.631000e-02  2.058956e+00  1.863009e+01  4.870013e+00  1.863009e+01  9.780030e-01  1.669067e-01  2.251860e-01  9.776737e-02  3.454468e-02  1.778470e+02  7.314597e+03  3.967388e+05  5.707992e+55  2.862873e+58  3.553151e-06  -1.303286e+109  1.000000e+00  -1.000000e+00  1.000000e+00
1.172102e+02  4.745300e+02  7.032201e+02  1.387240e+01  1.172102e+02  2.098498e+00  5.056800e-02  2.047930e+00  1.866325e+01  4.928732e+00  1.866325e+01  9.759030e-01  1.660745e-01  2.236584e-01  1.003378e-01  3.475418e-02  1.834006e+02  7.996712e+03  3.942088e+05  6.224003e+55  2.850312e+58  3.731619e-06  -1.459728e+109  1.000000e+00  -1.000000e+00  1.000000e+00
1.172102e+02  4.763807e+02  7.032201e+02  1.572320e+01  1.172102e+02  2.089648e+00  5.589500e-02  2.033753e+00  1.869631e+01  4.995224e+00  1.869631e+01  9.732520e-01  1.650817e-01  2.218435e-01  1.034512e-01  3.498017e-02  1.902179e+02  8.856968e+03  3.910307e+05  6.872404e+55  2.833665e+58  3.884870e-06  -1.579415e+109  1.000000e+00  -1.000000e+00  1.000000e+00
1.172102e+02  4.784787e+02  7.032201e+02  1.782080e+01  1.172102e+02  2.078323e+00  6.245300e-02  2.015870e+00  1.872957e+01  5.070145e+00  1.872957e+01  9.699500e-01  1.638955e-01  2.196854e-01  1.071650e-01  3.522060e-02  1.985513e+02  9.932887e+03  3.871001e+05  7.680603e+55  2.812157e+58  4.012983e-06  -1.663610e+109  1.000000e+00  -1.000000e+00  1.000000e+00
1.172102e+02  4.808563e+02  7.032201e+02  2.019840e+01  1.172102e+02  2.064068e+00  7.044200e-02  1.993626e+00  1.876142e+01  5.154592e+00  1.876142e+01  9.658720e-01  1.624949e-01  2.171521e-01  1.115558e-01  3.546965e-02  2.087161e+02  1.123355e+04  3.822962e+05  8.654155e+55  2.784836e+58  4.127259e-06  -1.717469e+109  1.000000e+00  -1.000000e+00  1.000000e+00
1.172102e+02  4.835509e+02  7.032201e+02  2.289310e+01  1.172102e+02  2.046324e+00  8.009300e-02  1.966232e+00  1.878985e+01  5.249139e+00  1.878985e+01  9.608600e-01  1.608543e-01  2.142045e-01  1.166933e-01  3.571953e-02  2.211336e+02  1.282768e+04  3.764747e+05  9.842971e+55  2.750557e+58  4.253074e-06  -1.735144e+109  1.000000e+00  -1.000000e+00  1.000000e+00
1.172102e+02  4.866048e+02  7.032201e+02  2.594730e+01  1.172102e+02  2.024396e+00  9.167600e-02  1.932721e+00  1.881157e+01  5.354431e+00  1.881157e+01  9.547150e-01  1.589469e-01  2.108044e-01  1.226539e-01  3.595900e-02  2.362960e+02  1.476948e+04  3.694570e+05  1.128547e+56  2.707847e+58  4.362586e-06  -1.719393e+109  1.000000e+00  -1.000000e+00  1.000000e+00
1.172102e+02  4.900671e+02  7.032201e+02  2.940900e+01  1.172102e+02  1.997562e+00  1.054980e-01  1.892065e+00  1.882271e+01  5.471128e+00  1.882271e+01  9.471870e-01  1.567472e-01  2.069186e-01  1.295168e-01  3.616860e-02  2.548258e+02  1.707915e+04  3.610676e+05  1.299350e+56  2.655209e+58  4.467122e-06  -1.681744e+109  1.000000e+00  -1.000000e+00  1.000000e+00
1.172102e+02  4.939909e+02  7.032201e+02  3.333260e+01  1.172102e+02  1.964950e+00  1.219060e-01  1.843043e+00  1.881705e+01  5.599770e+00  1.881705e+01  9.379600e-01  1.542345e-01  2.025252e-01  1.373603e-01  3.632116e-02  2.774388e+02  1.985540e+04  3.510926e+05  1.503686e+56  2.590738e+58  4.602289e-06  -1.536741e+109  1.000000e+00  -1.000000e+00  1.000000e+00
1.172102e+02  4.984378e+02  7.032201e+02  3.777960e+01  1.172102e+02  1.925647e+00  1.412870e-01  1.784360e+00  1.878627e+01  5.740763e+00  1.878627e+01  9.266290e-01  1.513971e-01  1.976213e-01  1.462582e-01  3.637819e-02  3.049055e+02  2.324502e+04  3.393159e+05  1.751976e+56  2.512422e+58  4.729932e-06  -1.360859e+109  1.000000e+00  -1.000000e+00  1.000000e+00
1.172102e+02  5.034775e+02  7.032201e+02  4.281980e+01  1.172102e+02  1.878731e+00  1.640670e-01  1.714664e+00  1.871868e+01  5.894234e+00  1.871868e+01  9.126720e-01  1.482419e-01  1.922380e-01  1.562756e-01  3.628575e-02  3.379032e+02  2.722938e+04  3.255189e+05  2.042062e+56  2.418090e+58  4.842170e-06  -1.133110e+109  1.000000e+00  -1.000000e+00  1.000000e+00
1.172102e+02  5.091908e+02  7.032201e+02  4.853260e+01  1.172102e+02  1.823426e+00  1.907100e-01  1.632716e+00  1.859852e+01  6.060114e+00  1.859852e+01  8.954110e-01  1.448076e-01  1.864602e-01  1.674674e-01  3.596890e-02  3.765986e+02  3.197142e+04  3.095180e+05  2.385175e+56  2.305718e+58  4.976092e-06  -8.616081e+108  1.000000e+00  -1.000000e+00  1.000000e+00
1.172102e+02  5.156662e+02  7.032201e+02  5.500740e+01  1.172102e+02  1.759249e+00  2.217120e-01  1.537537e+00  1.840430e+01  6.238395e+00  1.840430e+01  8.739730e-01  1.411854e-01  1.804564e-01  1.798780e-01  3.533121e-02  4.198633e+02  3.759594e+04  2.911810e+05  2.789346e+56  2.173550e+58  5.116980e-06  -4.629742e+108  1.000000e+00  -1.000000e+00  1.000000e+00
1.172102e+02  5.230050e+02  7.032201e+02  6.234610e+01  1.172102e+02  1.686473e+00  2.575960e-01  1.428877e+00  1.810872e+01  6.428443e+00  1.810872e+01  8.472580e-01  1.375540e-01  1.745280e-01  1.935280e-01  3.425706e-02  4.637618e+02  4.423878e+04  2.705231e+05  3.263066e+56  2.020934e+58  5.268647e-06  -1.000284e+108  1.000000e+00  -1.000000e+00  1.000000e+00
1.172102e+02  5.313221e+02  7.032201e+02  7.066390e+01  1.172102e+02  1.606583e+00  2.988940e-01  1.307689e+00  1.767931e+01  6.629840e+00  1.767931e+01  8.139560e-01  1.342207e-01  1.691640e-01  2.084188e-01  3.262864e-02  4.993523e+02  5.205322e+04  2.477748e+05  3.815739e+56  1.848973e+58  5.469597e-06  4.946519e+108  1.000000e+00  1.000000e+00  1.000000e+00
1.172102e+02  5.407496e+02  7.032201e+02  8.009140e+01  1.172102e+02  1.522932e+00  3.461390e-01  1.176793e+00  1.708224e+01  6.841437e+00  1.708224e+01  7.727150e-01  1.316792e-01  1.651233e-01  2.245203e-01  3.036543e-02  5.113284e+02  6.137823e+04  2.234850e+05  4.470095e+56  1.661550e+58  5.668119e-06  1.038186e+109  1.000000e+00  1.000000e+00  1.000000e+00
1.172102e+02  5.514360e+02  7.032201e+02  9.077660e+01  1.172102e+02  1.441252e+00  3.998350e-01  1.041417e+00  1.629373e+01  7.061991e+00  1.629373e+01  7.225780e-01  1.306475e-01  1.634950e-01  2.417730e-01  2.750524e-02  4.817433e+02  7.204054e+04  1.985990e+05  5.209931e+56  1.466222e+58  5.906638e-06  1.183814e+109  1.000000e+00  1.000000e+00  1.000000e+00
1.172102e+02  5.635472e+02  7.032201e+02  1.028874e+02  1.172102e+02  1.369442e+00  4.604340e-01  9.090080e-01  1.531840e+01  7.290040e+00  1.531840e+01  6.637800e-01  1.320419e-01  1.656974e-01  2.600840e-01  2.429782e-02  4.035677e+02  8.435100e+04  1.744067e+05  6.054563e+56  1.273989e+58  6.567017e-06  1.642429e+109  1.000000e+00  1.000000e+00  1.000000e+00
1.172102e+02  5.772730e+02  7.032201e+02  1.166139e+02  1.172102e+02  1.315981e+00  5.283020e-01  7.876790e-01  1.420595e+01  7.523780e+00  1.420595e+01  5.985490e-01  1.368236e-01  1.733462e-01  2.793263e-01  2.126346e-02  2.956245e+02  9.874961e+04  1.522689e+05  7.032398e+56  1.096999e+58  9.698743e-06  2.010419e+109  1.000000e+00  1.000000e+00  1.000000e+00
1.172102e+02  5.928297e+02  7.032201e+02  1.321717e+02  1.172102e+02  1.287279e+00  6.036760e-01  6.836040e-01  1.304909e+01  7.761182e+00  1.304909e+01  5.310450e-01  1.457050e-01  1.879618e-01  2.993391e-01  1.913772e-02  1.942769e+02  1.151422e+05  1.331861e+05  8.130819e+56  9.446469e+57  4.411853e-04  2.113079e+109  1.000000e+00  1.000000e+00  1.000000e+00
1.172102e+02  6.104652e+02  7.032201e+02  1.498051e+02  1.172102e+02  1.285626e+00  6.866230e-01  5.990030e-01  1.195149e+01  7.999945e+00  1.195149e+01  4.659230e-01  1.588817e-01  2.106888e-01  3.199351e-01  1.870383e-02  1.231599e+02  1.336082e+05  1.174807e+05  9.349827e+56  8.205055e+57  2.493199e-07  2.174700e+109  1.000000e+00  1.000000e+00  1.000000e+00
1.172102e+02  6.304521e+02  7.032201e+02  1.697911e+02  1.172102e+02  1.309243e+00  7.769940e-01  5.322490e-01  1.098962e+01  8.237479e+00  1.098962e+01  4.065320e-01  1.759621e-01  2.421873e-01  3.409102e-01  2.059804e-02  8.140397e+01  1.546236e+05  1.048360e+05  1.071825e+57  7.224401e+57  3.073339e-06  2.191577e+109  1.000000e+00  1.000000e+00  1.000000e+00
1.172102e+02  6.531038e+02  7.032201e+02  1.924434e+02  1.172102e+02  1.353955e+00  8.743770e-01  4.795780e-01  1.019599e+01  8.471069e+00  1.019599e+01  3.542050e-01  1.961356e-01  2.827591e-01  3.620497e-01  2.512565e-02  5.770891e+01  1.777851e+05  9.458959e+04  1.219899e+57  6.451079e+57  3.552896e-06  1.995737e+109  1.000000e+00  1.000000e+00  1.000000e+00
1.172102e+02  6.787757e+02  7.032201e+02  2.181178e+02  1.172102e+02  1.414894e+00  9.780590e-01  4.368350e-01  9.567956e+00  8.697715e+00  9.567956e+00  3.087400e-01  2.184170e-01  3.325448e-01  3.831509e-01  3.211067e-02  4.306516e+01  2.029502e+05  8.603006e+04  1.377415e+57  5.825520e+57  3.644518e-06  1.795609e+109  1.000000e+00  1.000000e+00  1.000000e+00
1.172102e+02  7.078781e+02  7.032201e+02  2.472176e+02  1.172102e+02  1.487443e+00  1.087007e+00  4.004360e-01  9.084564e+00  8.914589e+00  9.084564e+00  2.692110e-01  2.418342e-01  3.916681e-01  4.040153e-01  4.087462e-02  3.294379e+01  2.304960e+05  7.855867e+04  1.546554e+57  5.296293e+57  3.557942e-06  1.629312e+109  1.000000e+00  1.000000e+00  1.000000e+00
1.172102e+02  7.408620e+02  7.032201e+02  2.801996e+02  1.172102e+02  1.567516e+00  1.199856e+00  3.676600e-01  9.118025e+00  9.118025e+00  8.716464e+00  2.345500e-01  2.539177e-01  4.254264e-01  4.254334e-01  4.011722e-02  2.533815e+01  2.602337e+05  7.173862e+04  1.725265e+57  4.824518e+57  3.423450e-06  1.411433e+109  1.000000e+00  1.000000e+00  1.000000e+00
1.172102e+02  7.782441e+02  7.032201e+02  3.175819e+02  1.172102e+02  1.651544e+00  1.314767e+00  3.367770e-01  9.303202e+00  9.303202e+00  8.417205e+00  2.039170e-01  2.622041e-01  4.500494e-01  4.500550e-01  3.644481e-02  1.960412e+01  2.917766e+05  6.530747e+04  1.910196e+57  4.385515e+57  3.320078e-06  1.144549e+109  1.000000e+00  1.000000e+00  1.000000e+00
1.172102e+02  8.206108e+02  7.032201e+02  3.599514e+02  1.172102e+02  1.736340e+00  1.429362e+00  3.069770e-01  9.465263e+00  9.465263e+00  8.148967e+00  1.767960e-01  2.709465e-01  4.774629e-01  4.774681e-01  3.335154e-02  1.522673e+01  3.236771e+05  5.915456e+04  2.090252e+57  3.967676e+57  3.155039e-06  8.924862e+108  1.000000e+00  1.000000e+00  1.000000e+00
1.172102e+02  8.686339e+02  7.032201e+02  4.079736e+02  1.172102e+02  1.819048e+00  1.540840e+00  2.782090e-01  9.601574e+00  9.601574e+00  7.876144e+00  1.529420e-01  2.798230e-01  5.069506e-01  5.069557e-01  3.056381e-02  1.187680e+01  3.570523e+05  5.328177e+04  2.273796e+57  3.569755e+57  2.949843e-06  7.098207e+108  1.000000e+00  1.000000e+00  1.000000e+00
1.172102e+02  9.230662e+02  7.032201e+02  4.624025e+02  1.172102e+02  1.897186e+00  1.646493e+00  2.506930e-01  9.710982e+00  9.710982e+00  7.598431e+00  1.321390e-01  2.885548e-01  5.377512e-01  5.377558e-01  2.797596e-02  9.322924e+00  3.896130e+05  4.772639e+04  2.443964e+57  3.194127e+57  2.779464e-06  5.045687e+108  1.000000e+00  1.000000e+00  1.000000e+00
1.172102e+02  9.847572e+02  7.032201e+02  5.240930e+02  1.172102e+02  1.968761e+00  1.744139e+00  2.246220e-01  9.793487e+00  9.793487e+00  7.317191e+00  1.140930e-01  2.969184e-01  5.690969e-01  5.691013e-01  2.556685e-02  7.385842e+00  4.216669e+05  4.251793e+04  2.603631e+57  2.842648e+57  2.593887e-06  3.387406e+108  1.000000e+00  1.000000e+00  1.000000e+00
1.172102e+02  1.054675e+03  7.032201e+02  5.940138e+02  1.172102e+02  2.032347e+00  1.832201e+00  2.001460e-01  9.849785e+00  9.849785e+00  7.033822e+00  9.848000e-02  3.047564e-01  6.002823e-01  6.002863e-01  2.333078e-02  5.916622e+00  4.516796e+05  3.767723e+04  2.742161e+57  2.516589e+57  2.392818e-06  2.077682e+108  1.000000e+00  1.000000e+00  1.000000e+00
1.172102e+02  1.133922e+03  7.032201e+02  6.732629e+02  1.172102e+02  2.087075e+00  1.909700e+00  1.773750e-01  9.881589e+00  9.881589e+00  6.749729e+00  8.498700e-02  3.119557e-01  6.306280e-01  6.306318e-01  2.127988e-02  4.801902e+00  4.803039e+05  3.321641e+04  2.865497e+57  2.216635e+57  2.123945e-06  1.236651e+108  1.000000e+00  1.000000e+00  1.000000e+00
1.172102e+02  1.223749e+03  7.032201e+02  7.630849e+02  1.172102e+02  2.132562e+00  1.976188e+00  1.563740e-01  9.890622e+00  9.890622e+00  6.466289e+00  7.332700e-02  3.184636e-01  6.595988e-01  6.596023e-01  1.941965e-02  3.952312e+00  5.072314e+05  2.913932e+04  2.972450e+57  1.942920e+57  1.841035e-06  7.788926e+107  1.000000e+00  1.000000e+00  1.000000e+00
1.172102e+02  1.325556e+03  7.032201e+02  8.648903e+02  1.172102e+02  2.168822e+00  2.031652e+00  1.371700e-01  9.879266e+00  9.879266e+00  6.184827e+00  6.324600e-02  3.242507e-01  6.867013e-01  6.867043e-01  1.775439e-02  3.302251e+00  5.322391e+05  2.544224e+04  3.062670e+57  1.695081e+57  1.541750e-06  3.814475e+107  1.000000e+00  1.000000e+00  1.000000e+00
1.172102e+02  1.440942e+03  7.032201e+02  9.802778e+02  1.172102e+02  2.196179e+00  2.076429e+00  1.197500e-01  9.849934e+00  9.849934e+00  5.906585e+00  5.452700e-02  3.293184e-01  7.115580e-01  7.115608e-01  1.627995e-02  2.802089e+00  5.551806e+05  2.211488e+04  3.136247e+57  1.472330e+57  1.262092e-06  6.443834e+106  1.000000e+00  1.000000e+00  1.000000e+00
1.172102e+02  1.571717e+03  7.032201e+02  1.111060e+03  1.172102e+02  2.215165e+00  2.111096e+00  1.040690e-01  9.804902e+00  9.804902e+00  5.632708e+00  4.698000e-02  3.336910e-01  7.339122e-01  7.339148e-01  1.499967e-02  2.416952e+00  5.746569e+05  1.914155e+04  3.184022e+57  1.273526e+57  9.491942e-07  -1.373419e+107  1.000000e+00  -1.000000e+00  1.000000e+00
1.172102e+02  1.719954e+03  7.032201e+02  1.259289e+03  1.172102e+02  2.226464e+00  2.136407e+00  9.005700e-02  9.746536e+00  9.746536e+00  5.364224e+00  4.044800e-02  3.374015e-01  7.535845e-01  7.535868e-01  1.388340e-02  2.116750e+00  5.919643e+05  1.650239e+04  3.216790e+57  1.097266e+57  5.415926e-07  -2.006721e+107  1.000000e+00  -1.000000e+00  1.000000e+00
1.172102e+02  1.887962e+03  7.032201e+02  1.427295e+03  1.172102e+02  2.230830e+00  2.153210e+00  7.762100e-02  9.677058e+00  9.677058e+00  5.102033e+00  3.479400e-02  3.404904e-01  7.704822e-01  7.704843e-01  1.291684e-02  1.881658e+00  6.070134e+05  1.417455e+04  3.234913e+57  9.419578e+56  4.522427e-08  -2.590315e+107  1.000000e+00  -1.000000e+00  1.000000e+00
1.172102e+02  2.078381e+03  7.032201e+02  1.617714e+03  1.172102e+02  2.229061e+00  2.162407e+00  6.665300e-02  9.598717e+00  9.598717e+00  4.846907e+00  2.990200e-02  3.429970e-01  7.845594e-01  7.845623e-01  1.208370e-02  1.696903e+00  6.187648e+05  1.213332e+04  3.231593e+57  8.058992e+56  -4.898651e-07  -2.606698e+107  -1.000000e+00  -1.000000e+00  1.000000e+00
1.172102e+02  2.294199e+03  7.032201e+02  1.833538e+03  1.172102e+02  2.221953e+00  2.164914e+00  5.703900e-02  9.513413e+00  9.513413e+00  4.599484e+00  2.567100e-02  3.449690e-01  7.958736e-01  7.958751e-01  1.137271e-02  1.551930e+00  6.296703e+05  1.035314e+04  3.225994e+57  6.873407e+56  -1.423150e-06  -2.148483e+107  -1.000000e+00  -1.000000e+00  1.000000e+00
1.172102e+02  2.538819e+03  7.032201e+02  2.078156e+03  1.172102e+02  2.210276e+00  2.161620e+00  4.865600e-02  9.423139e+00  9.423139e+00  4.360276e+00  2.201400e-02  3.464436e-01  8.044757e-01  8.044771e-01  1.076826e-02  1.438440e+00  6.374755e+05  8.808387e+03  3.201701e+57  5.845407e+56  -2.273484e-06  -1.926190e+107  -1.000000e+00  -1.000000e+00  1.000000e+00
1.172102e+02  2.816077e+03  7.032201e+02  2.355409e+03  1.172102e+02  2.194763e+00  2.153378e+00  4.138500e-02  9.329354e+00  9.329354e+00  4.129669e+00  1.885600e-02  3.474702e-01  8.105381e-01  8.105393e-01  1.025548e-02  1.349823e+00  6.446537e+05  7.474112e+03  3.177821e+57  4.958084e+56  -4.591488e-06  -1.497099e+107  -1.000000e+00  -1.000000e+00  1.000000e+00
1.172102e+02  3.130319e+03  7.032201e+02  2.669651e+03  1.172102e+02  2.176100e+00  2.140994e+00  3.510600e-02  9.233779e+00  9.233779e+00  3.907936e+00  1.613300e-02  3.480816e-01  8.141776e-01  8.141787e-01  9.828760e-03  1.282337e+00  6.490867e+05  6.326495e+03  3.138861e+57  4.195363e+56  -8.719254e-06  -1.265126e+107  -1.000000e+00  -1.000000e+00  1.000000e+00
1.172102e+02  3.486480e+03  7.032201e+02  3.025817e+03  1.172102e+02  2.154919e+00  2.125211e+00  2.970800e-02  9.137623e+00  9.137623e+00  3.695247e+00  1.378600e-02  3.483208e-01  8.156074e-01  8.156083e-01  9.474937e-03  1.231936e+00  6.520734e+05  5.343219e+03  3.094766e+57  3.542228e+56  -2.291178e-05  -9.847984e+106  -1.000000e+00  -1.000000e+00  1.000000e+00
1.172102e+02  3.890162e+03  7.032201e+02  3.429500e+03  1.172102e+02  2.131800e+00  2.106715e+00  2.508500e-02  9.042181e+00  9.042181e+00  3.491678e+00  1.176700e-02  3.482209e-01  8.150099e-01  8.150106e-01  9.186264e-03  1.196116e+00  6.537387e+05  4.503696e+03  3.046574e+57  2.984857e+56  1.673771e-04  -7.544963e+106  1.000000e+00  -1.000000e+00  1.000000e+00
1.172102e+02  4.347708e+03  7.032201e+02  3.887040e+03  1.172102e+02  2.107261e+00  2.086122e+00  2.113800e-02  8.948444e+00  8.948444e+00  3.297225e+00  1.003100e-02  3.478182e-01  8.126072e-01  8.126079e-01  8.954666e-03  1.172725e+00  6.542458e+05  3.789181e+03  2.995547e+57  2.510690e+56  1.031946e-04  -5.689574e+106  1.000000e+00  -1.000000e+00  1.000000e+00
1.172102e+02  4.866291e+03  7.032201e+02  4.405622e+03  1.172102e+02  2.081775e+00  2.063994e+00  1.778100e-02  8.857419e+00  8.857419e+00  3.111814e+00  8.541000e-03  3.471429e-01  8.085984e-01  8.085990e-01  8.775867e-03  1.160533e+00  6.537535e+05  3.182800e+03  2.942790e+57  2.108443e+56  1.975829e-05  -4.231026e+106  1.000000e+00  -1.000000e+00  1.000000e+00
1.172102e+02  5.454054e+03  7.032201e+02  4.993389e+03  1.172102e+02  2.055760e+00  2.040828e+00  1.493200e-02  8.769860e+00  8.769860e+00  2.935309e+00  7.264000e-03  3.462274e-01  8.032069e-01  8.032077e-01  8.644466e-03  1.158349e+00  6.523956e+05  2.669518e+03  2.889152e+57  1.768073e+56  1.239407e-05  -3.111451e+106  1.000000e+00  -1.000000e+00  1.000000e+00
1.172102e+02  6.120229e+03  7.032201e+02  5.659571e+03  1.172102e+02  2.029591e+00  2.017069e+00  1.252200e-02  8.686411e+00  8.686411e+00  2.767529e+00  6.170000e-03  3.451038e-01  7.966549e-01  7.966553e-01  8.553981e-03  1.165006e+00  6.503021e+05  2.236048e+03  2.835378e+57  1.480719e+56  9.512933e-06  -2.263134e+106  1.000000e+00  -1.000000e+00  1.000000e+00
1.172102e+02  6.875298e+03  7.032201e+02  6.414631e+03  1.172102e+02  2.003596e+00  1.993109e+00  1.048700e-02  8.607707e+00  8.607707e+00  2.608252e+00  5.234000e-03  3.437987e-01  7.891334e-01  7.891338e-01  8.499970e-03  1.179790e+00  6.476062e+05  1.870743e+03  2.782234e+57  1.238620e+56  7.942231e-06  -1.628241e+106  1.000000e+00  -1.000000e+00  1.000000e+00
1.172102e+02  7.731096e+03  7.032201e+02  7.270426e+03  1.172102e+02  1.978063e+00  1.969291e+00  8.772000e-03  8.534150e+00  8.534150e+00  2.457225e+00  4.435000e-03  3.423430e-01  7.808545e-01  7.808549e-01  8.479214e-03  1.202145e+00  6.444233e+05  1.563458e+03  2.730305e+57  1.035023e+56  6.469414e-06  -1.220323e+106  1.000000e+00  -1.000000e+00  1.000000e+00
1.172102e+02  8.701063e+03  7.032201e+02  8.240395e+03  1.172102e+02  1.953248e+00  1.945918e+00  7.330000e-03  8.466195e+00  8.466195e+00  2.314170e+00  3.753000e-03  3.407618e-01  7.719902e-01  7.719904e-01  8.488033e-03  1.231577e+00  6.400376e+05  1.305410e+03  2.673919e+57  8.640864e+55  5.660227e-06  -8.744435e+105  1.000000e+00  -1.000000e+00  1.000000e+00
1.172102e+02  9.800430e+03  7.032201e+02  9.339770e+03  1.172102e+02  1.929368e+00  1.923248e+00  6.120000e-03  8.404038e+00  8.404038e+00  2.178792e+00  3.172000e-03  3.390851e-01  7.627343e-01  7.627345e-01  8.524151e-03  1.267711e+00  6.362300e+05  1.089031e+03  2.626068e+57  7.207807e+55  5.700851e-06  -5.699036e+105  1.000000e+00  -1.000000e+00  1.000000e+00
1.172102e+02  1.104648e+04  7.032201e+02  1.058582e+04  1.172102e+02  1.906610e+00  1.901505e+00  5.105000e-03  8.347897e+00  8.347897e+00  2.050795e+00  2.677000e-03  3.373389e-01  7.532470e-01  7.532472e-01  8.579731e-03  1.309334e+00  6.322422e+05  9.078342e+02  2.580738e+57  6.007965e+55  5.267412e-06  -3.944463e+105  1.000000e+00  -1.000000e+00  1.000000e+00
1.172102e+02  1.245877e+04  7.032201e+02  1.199810e+04  1.172102e+02  1.885133e+00  1.880878e+00  4.255000e-03  8.297877e+00  8.297877e+00  1.929859e+00  2.257000e-03  3.355495e-01  7.436827e-01  7.436828e-01  8.656291e-03  1.356617e+00  6.281601e+05  7.562789e+02  2.538220e+57  5.004555e+55  4.593714e-06  -2.865699e+105  1.000000e+00  -1.000000e+00  1.000000e+00
1.172102e+02  1.405947e+04  7.032201e+02  1.359880e+04  1.172102e+02  1.865067e+00  1.861523e+00  3.544000e-03  8.254008e+00  8.254008e+00  1.815674e+00  1.900000e-03  3.337422e-01  7.341794e-01  7.341795e-01  8.750046e-03  1.408845e+00  6.233076e+05  6.296493e+02  2.493100e+57  4.166287e+55  4.272161e-06  -1.985653e+105  1.000000e+00  -1.000000e+00  1.000000e+00
1.172102e+02  1.587372e+04  7.032201e+02  1.541306e+04  1.172102e+02  1.846517e+00  1.843567e+00  2.951000e-03  8.216194e+00  8.216194e+00  1.707925e+00  1.598000e-03  3.319436e-01  7.248745e-01  7.248746e-01  8.853063e-03  1.464473e+00  6.192670e+05  5.239450e+02  2.456877e+57  3.466625e+55  4.345345e-06  -1.228270e+105  1.000000e+00  -1.000000e+00  1.000000e+00
1.172102e+02  1.793002e+04  7.032201e+02  1.746936e+04  1.172102e+02  1.829564e+00  1.827109e+00  2.455000e-03  8.184419e+00  8.184419e+00  1.606305e+00  1.342000e-03  3.301728e-01  7.158584e-01  7.158585e-01  8.968437e-03  1.523768e+00  6.153387e+05  4.357815e+02  2.423998e+57  2.883129e+55  4.096640e-06  -8.145463e+104  1.000000e+00  -1.000000e+00  1.000000e+00
1.172102e+02  2.025605e+04  7.032201e+02  1.979538e+04  1.172102e+02  1.814292e+00  1.812250e+00  2.042000e-03  8.158500e+00  8.158500e+00  1.510682e+00  1.126000e-03  3.284570e-01  7.072554e-01  7.072554e-01  9.087111e-03  1.584682e+00  6.115728e+05  3.624269e+02  2.394447e+57  2.397688e+55  3.977825e-06  -5.953935e+104  1.000000e+00  -1.000000e+00  1.000000e+00
1.610262e+02  1.030404e+02  8.951781e+02  1.000000e+00  1.610262e+02  2.124984e+00  1.576000e-03  2.123408e+00  1.749457e+01  2.536764e+00  1.749457e+01  9.992590e-01  1.794048e-01  2.488392e-01  3.194586e-02  2.868943e-02  1.029125e+02  2.363392e+02  4.204902e+05  1.987042e+54  2.877630e+58  2.223322e-06  -4.275536e+107  1.000000e+00  -1.000000e+00  0.000000e+00
1.610262e+02  1.076573e+02  8.951781e+02  1.133400e+00  1.610262e+02  2.124774e+00  1.851000e-03  2.122923e+00  1.749879e+01  2.596564e+00  1.749879e+01  9.991290e-01  1.793438e-01  2.487203e-01  3.351505e-02  2.870924e-02  1.031545e+02  2.779536e+02  4.203543e+05  2.331186e+54  2.877310e+58  2.259831e-06  -4.220164e+107  1.000000e+00  -1.000000e+00  0.000000e+00
1.610262e+02  1.131115e+02  8.951781e+02  1.284600e+00  1.610262e+02  2.124516e+00  2.171000e-03  2.122345e+00  1.750314e+01  2.659127e+00  1.750314e+01  9.989780e-01  1.792775e-01  2.485912e-01  3.519893e-02  2.873139e-02  1.034283e+02  3.264372e+02  4.201939e+05  2.727766e+54  2.876890e+58  2.363261e-06  -4.269872e+107  1.000000e+00  -1.000000e+00  0.000000e+00
1.610262e+02  1.191072e+02  8.951781e+02  1.456000e+00  1.610262e+02  2.124189e+00  2.545000e-03  2.121644e+00  1.750817e+01  2.724705e+00  1.750817e+01  9.988020e-01  1.791983e-01  2.484371e-01  3.701080e-02  2.875681e-02  1.037458e+02  3.831675e+02  4.200026e+05  3.188401e+54  2.876348e+58  2.478474e-06  -4.783439e+107  1.000000e+00  -1.000000e+00  0.000000e+00
1.610262e+02  1.250167e+02  8.951781e+02  1.650300e+00  1.610262e+02  2.123797e+00  2.982000e-03  2.120815e+00  1.751369e+01  2.793355e+00  1.751369e+01  9.985960e-01  1.791089e-01  2.482631e-01  3.895922e-02  2.878538e-02  1.041099e+02  4.495640e+02  4.197813e+05  3.724394e+54  2.875694e+58  2.573843e-06  -5.277125e+107  1.000000e+00  -1.000000e+00  0.000000e+00
1.610262e+02  1.316026e+02  8.951781e+02  1.870400e+00  1.610262e+02  2.123308e+00  3.492000e-03  2.119816e+00  1.751977e+01  2.865265e+00  1.751977e+01  9.983550e-01  1.790054e-01  2.480619e-01  4.105677e-02  2.881631e-02  1.045239e+02  5.273172e+02  4.195175e+05  4.348942e+54  2.874851e+58  2.672905e-06  -5.964500e+107  1.000000e+00  -1.000000e+00  0.000000e+00
1.610262e+02  1.379494e+02  8.951781e+02  2.120000e+00  1.610262e+02  2.122737e+00  4.088000e-03  2.118649e+00  1.752668e+01  2.940516e+00  1.752668e+01  9.980740e-01  1.788867e-01  2.478312e-01  4.331414e-02  2.885162e-02  1.049989e+02  6.184197e+02  4.192165e+05  5.077520e+54  2.873875e+58  2.728963e-06  -5.478056e+107  1.000000e+00  -1.000000e+00  0.000000e+00
1.610262e+02  1.527256e+02  8.951781e+02  2.402800e+00  1.610262e+02  2.122064e+00  4.753000e-03  2.117310e+00  1.753418e+01  3.015166e+00  1.753418e+01  9.977600e-01  1.787535e-01  2.475725e-01  4.561577e-02  2.889045e-02  1.055298e+02  7.203118e+02  4.188688e+05  5.889073e+54  2.872692e+58  2.786056e-06  -9.024548e+107  1.000000e+00  -1.000000e+00  0.000000e+00
1.610262e+02  1.576382e+02  8.951781e+02  2.723400e+00  1.610262e+02  2.121249e+00  5.538000e-03  2.115711e+00  1.754241e+01  3.093456e+00  1.754241e+01  9.973890e-01  1.786011e-01  2.472767e-01  4.810232e-02  2.893369e-02  1.061420e+02  8.407553e+02  4.184619e+05  6.844796e+54  2.871244e+58  2.900504e-06  -1.175919e+108  1.000000e+00  -1.000000e+00  0.000000e+00
1.610262e+02  1.627167e+02  8.951781e+02  3.086700e+00  1.610262e+02  2.120235e+00  6.472000e-03  2.113763e+00  1.755163e+01  3.177060e+00  1.755163e+01  9.969480e-01  1.784219e-01  2.469291e-01  5.083695e-02  2.898208e-02  1.068535e+02  9.845530e+02  4.179766e+05  7.982063e+54  2.869431e+58  3.018614e-06  -1.345757e+108  1.000000e+00  -1.000000e+00  0.000000e+00
1.610262e+02  1.679681e+02  8.951781e+02  3.498500e+00  1.610262e+02  2.118980e+00  7.580000e-03  2.111400e+00  1.756170e+01  3.266216e+00  1.756170e+01  9.964230e-01  1.782141e-01  2.465264e-01  5.384091e-02  2.903597e-02  1.076765e+02  1.155773e+03  4.173975e+05  9.331991e+54  2.867148e+58  3.125215e-06  -1.537984e+108  1.000000e+00  -1.000000e+00  0.000000e+00
1.610262e+02  1.734000e+02  8.951781e+02  3.965200e+00  1.610262e+02  2.117429e+00  8.892000e-03  2.108537e+00  1.757258e+01  3.361172e+00  1.757258e+01  9.958000e-01  1.779734e-01  2.460604e-01  5.713777e-02  2.909541e-02  1.086307e+02  1.359318e+03  4.167065e+05  1.093181e+55  2.864291e+58  3.229449e-06  -1.753258e+108  1.000000e+00  -1.000000e+00  0.000000e+00
1.610262e+02  1.790190e+02  8.951781e+02  4.494300e+00  1.610262e+02  2.115539e+00  1.044400e-02  2.105095e+00  1.758442e+01  3.462166e+00  1.758442e+01  9.950630e-01  1.776948e-01  2.455217e-01  6.075265e-02  2.916008e-02  1.097258e+02  1.601118e+03  4.158897e+05  1.282660e+55  2.860775e+58  3.330878e-06  -1.994497e+108  1.000000e+00  -1.000000e+00  0.000000e+00
1.610262e+02  1.848335e+02  8.951781e+02  5.093900e+00  1.610262e+02  2.113236e+00  1.227800e-02  2.100958e+00  1.759718e+01  3.569436e+00  1.759718e+01  9.941900e-01  1.773726e-01  2.448998e-01  6.471238e-02  2.923186e-02  1.110045e+02  1.888165e+03  4.149217e+05  1.506899e+55  2.856451e+58  3.425567e-06  -2.265520e+108  1.000000e+00  -1.000000e+00  0.000000e+00
1.610262e+02  1.908524e+02  8.951781e+02  5.773400e+00  1.610262e+02  2.110413e+00  1.444300e-02  2.095971e+00  1.761067e+01  3.683248e+00  1.761067e+01  9.931560e-01  1.770000e-01  2.441815e-01  6.904639e-02  2.930970e-02  1.124745e+02  2.228795e+03  4.137691e+05  1.772164e+55  2.851090e+58  3.517271e-06  -2.570169e+108  1.000000e+00  -1.000000e+00  0.000000e+00
1.610262e+02  1.970844e+02  8.951781e+02  6.543700e+00  1.610262e+02  2.106989e+00  1.699600e-02  2.089993e+00  1.762490e+01  3.803840e+00  1.762490e+01  9.919340e-01  1.765701e-01  2.433544e-01  7.378498e-02  2.939390e-02  1.141785e+02  2.632906e+03  4.124049e+05  2.085845e+55  2.844526e+58  3.609576e-06  -2.908362e+108  1.000000e+00  -1.000000e+00  0.000000e+00
1.610262e+02  2.035396e+02  8.951781e+02  7.416700e+00  1.610262e+02  2.102862e+00  2.000600e-02  2.082857e+00  1.763978e+01  3.931465e+00  1.763978e+01  9.904860e-01  1.760757e-01  2.424051e-01  7.896040e-02  2.948415e-02  1.161465e+02  3.112253e+03  4.107980e+05  2.456651e+55  2.836563e+58  3.699198e-06  -3.285300e+108  1.000000e+00  -1.000000e+00  0.000000e+00
1.610262e+02  2.102287e+02  8.951781e+02  8.406200e+00  1.610262e+02  2.097861e+00  2.355100e-02  2.074310e+00  1.765494e+01  4.066379e+00  1.765494e+01  9.887740e-01  1.755060e-01  2.413141e-01  8.460654e-02  2.958087e-02  1.184303e+02  3.680792e+03  4.088942e+05  2.894915e+55  2.826821e+58  3.782395e-06  -3.704511e+108  1.000000e+00  -1.000000e+00  0.000000e+00
1.610262e+02  2.171631e+02  8.951781e+02  9.527700e+00  1.610262e+02  2.091855e+00  2.772300e-02  2.064131e+00  1.766602e+01  4.208815e+00  1.766602e+01  9.867470e-01  1.748938e-01  2.401447e-01  9.075774e-02  2.968194e-02  1.210709e+02  4.355036e+03  4.066500e+05  3.412721e+55  2.814995e+58  3.594686e-06  -3.784651e+108  1.000000e+00  -1.000000e+00  0.000000e+00
1.610262e+02  4.714565e+02  8.951781e+02  1.079880e+01  1.610262e+02  2.088051e+00  3.073800e-02  2.057312e+00  1.769061e+01  4.295396e+00  1.769061e+01  9.852790e-01  1.743332e-01  2.390768e-01  9.445821e-02  2.979997e-02  1.233755e+02  4.843486e+03  4.050531e+05  3.786385e+55  2.807778e+58  3.205900e-06  -1.025830e+109  1.000000e+00  -1.000000e+00  1.000000e+00
1.610262e+02  4.728972e+02  8.951781e+02  1.223950e+01  1.610262e+02  2.085153e+00  3.331800e-02  2.051835e+00  1.771666e+01  4.347885e+00  1.771666e+01  9.840210e-01  1.738352e-01  2.381307e-01  9.676298e-02  2.994242e-02  1.257546e+02  5.255942e+03  4.036778e+05  4.099778e+55  2.802519e+58  3.118948e-06  -1.092012e+109  1.000000e+00  -1.000000e+00  1.000000e+00
1.610262e+02  4.745300e+02  8.951781e+02  1.387240e+01  1.610262e+02  2.081045e+00  3.663200e-02  2.044412e+00  1.774512e+01  4.406961e+00  1.774512e+01  9.823970e-01  1.732144e-01  2.369540e-01  9.954805e-02  3.010168e-02  1.287008e+02  5.788830e+03  4.018853e+05  4.503078e+55  2.794942e+58  3.340017e-06  -1.223929e+109  1.000000e+00  -1.000000e+00  1.000000e+00
1.610262e+02  4.763807e+02  8.951781e+02  1.572320e+01  1.610262e+02  2.075527e+00  4.077100e-02  2.034756e+00  1.777535e+01  4.473638e+00  1.777535e+01  9.803560e-01  1.724614e-01  2.355312e-01  1.028665e-01  3.027833e-02  1.323071e+02  6.454169e+03  3.996158e+05  5.004900e+55  2.784609e+58  3.517435e-06  -1.339365e+109  1.000000e+00  -1.000000e+00  1.000000e+00
1.610262e+02  4.784787e+02  8.951781e+02  1.782080e+01  1.610262e+02  2.068343e+00  4.586100e-02  2.022482e+00  1.780714e+01  4.548669e+00  1.780714e+01  9.778270e-01  1.715576e-01  2.338303e-01  1.067774e-01  3.046965e-02  1.366869e+02  7.284813e+03  3.967972e+05  5.629218e+55  2.771027e+58  3.667769e-06  -1.436853e+109  1.000000e+00  -1.000000e+00  1.000000e+00
1.610262e+02  4.808563e+02  8.951781e+02  2.019840e+01  1.610262e+02  2.059143e+00  5.206100e-02  2.007082e+00  1.783954e+01  4.632888e+00  1.783954e+01  9.747170e-01  1.704844e-01  2.318193e-01  1.113502e-01  3.067529e-02  1.419918e+02  8.289921e+03  3.933290e+05  6.382056e+55  2.753461e+58  3.799627e-06  -1.517627e+109  1.000000e+00  -1.000000e+00  1.000000e+00
1.610262e+02  4.835509e+02  8.951781e+02  2.289310e+01  1.610262e+02  2.047518e+00  5.955700e-02  1.987961e+00  1.787149e+01  4.726919e+00  1.787149e+01  9.709120e-01  1.692188e-01  2.294606e-01  1.166530e-01  3.089201e-02  1.484257e+02  9.523241e+03  3.890983e+05  7.302412e+55  2.731081e+58  3.940394e-06  -1.592414e+109  1.000000e+00  -1.000000e+00  1.000000e+00
1.610262e+02  4.866048e+02  8.951781e+02  2.594730e+01  1.610262e+02  2.032971e+00  6.856900e-02  1.964402e+00  1.790128e+01  4.831275e+00  1.790128e+01  9.662720e-01  1.677369e-01  2.267158e-01  1.227559e-01  3.111384e-02  1.562120e+02  1.102867e+04  3.839699e+05  8.421480e+55  2.702849e+58  4.062240e-06  -1.648038e+109  1.000000e+00  -1.000000e+00  1.000000e+00
1.610262e+02  4.900671e+02  8.951781e+02  2.940900e+01  1.610262e+02  2.014913e+00  7.934700e-02  1.935566e+00  1.792637e+01  4.946551e+00  1.792637e+01  9.606200e-01  1.660143e-01  2.235482e-01  1.297347e-01  3.133153e-02  1.656411e+02  1.282646e+04  3.777879e+05  9.751988e+55  2.667531e+58  4.176240e-06  -1.677758e+109  1.000000e+00  -1.000000e+00  1.000000e+00
1.610262e+02  4.939909e+02  8.951781e+02  3.333260e+01  1.610262e+02  1.992669e+00  9.218100e-02  1.900488e+00  1.794341e+01  5.073368e+00  1.794341e+01  9.537400e-01  1.640257e-01  2.199217e-01  1.376673e-01  3.153403e-02  1.770642e+02  1.499591e+04  3.703783e+05  1.134998e+56  2.623704e+58  4.301977e-06  -1.689331e+109  1.000000e+00  -1.000000e+00  1.000000e+00
1.610262e+02  4.984378e+02  8.951781e+02  3.777960e+01  1.610262e+02  1.965457e+00  1.073940e-01  1.858063e+00  1.794742e+01  5.211971e+00  1.794742e+01  9.453590e-01  1.617495e-01  2.158103e-01  1.466205e-01  3.169956e-02  1.908734e+02  1.760518e+04  3.615418e+05  1.326211e+56  2.569671e+58  4.429598e-06  -1.690300e+109  1.000000e+00  -1.000000e+00  1.000000e+00
1.610262e+02  5.034775e+02  8.951781e+02  4.281980e+01  1.610262e+02  1.932434e+00  1.253630e-01  1.807071e+00  1.793145e+01  5.362959e+00  1.793145e+01  9.351270e-01  1.591736e-01  2.112070e-01  1.566721e-01  3.180030e-02  2.074844e+02  2.073906e+04  3.510695e+05  1.554581e+56  2.503564e+58  4.561317e-06  -1.649631e+109  1.000000e+00  -1.000000e+00  1.000000e+00
1.610262e+02  5.091908e+02  8.951781e+02  4.853260e+01  1.610262e+02  1.892732e+00  1.464880e-01  1.746244e+00  1.788618e+01  5.526103e+00  1.788618e+01  9.226050e-01  1.562979e-01  2.061294e-01  1.678666e-01  3.179539e-02  2.272484e+02  2.448978e+04  3.387493e+05  1.826221e+56  2.423376e+58  4.696127e-06  -1.564272e+109  1.000000e+00  -1.000000e+00  1.000000e+00
1.610262e+02  5.156662e+02  8.951781e+02  5.500740e+01  1.610262e+02  1.845512e+00  1.712200e-01  1.674292e+00  1.779816e+01  5.701479e+00  1.779816e+01  9.072240e-01  1.531522e-01  2.006476e-01  1.802514e-01  3.162921e-02  2.502547e+02  2.896634e+04  3.243714e+05  2.148268e+56  2.326977e+58  4.836251e-06  -1.435900e+109  1.000000e+00  -1.000000e+00  1.000000e+00
1.610262e+02  5.230050e+02  8.951781e+02  6.234610e+01  1.610262e+02  1.790169e+00  2.000470e-01  1.590122e+00  1.765005e+01  5.889028e+00  1.765005e+01  8.882530e-01  1.498062e-01  1.948978e-01  1.938557e-01  3.122665e-02  2.759219e+02  3.429386e+04  3.077785e+05  2.528699e+56  2.212518e+58  4.983714e-06  -1.259306e+109  1.000000e+00  -1.000000e+00  1.000000e+00
1.610262e+02  5.313221e+02  8.951781e+02  7.066390e+01  1.610262e+02  1.726595e+00  2.334870e-01  1.493108e+00  1.741905e+01  6.088124e+00  1.741905e+01  8.647700e-01  1.464022e-01  1.891324e-01  2.086791e-01  3.049565e-02  3.022721e+02  4.060963e+04  2.889060e+05  2.976121e+56  2.078765e+58  5.139679e-06  -1.058818e+109  1.000000e+00  -1.000000e+00  1.000000e+00
1.610262e+02  5.407496e+02  8.951781e+02  8.009140e+01  1.610262e+02  1.655596e+00  2.720820e-01  1.383514e+00  1.707690e+01  6.298257e+00  1.707690e+01  8.356590e-01  1.431947e-01  1.837755e-01  2.246993e-01  2.933454e-02  3.248298e+02  4.806530e+04  2.678561e+05  3.499645e+56  1.925756e+58  5.308379e-06  -8.755108e+108  1.000000e+00  -1.000000e+00  1.000000e+00
1.610262e+02  5.514360e+02  8.951781e+02  9.077660e+01  1.610262e+02  1.579448e+00  3.163820e-01  1.263066e+00  1.659304e+01  6.518488e+00  1.659304e+01  7.996880e-01  1.405921e-01  1.794817e-01  2.418603e-01  2.765552e-02  3.356437e+02  5.682131e+04  2.449915e+05  4.108566e+56  1.755716e+58  5.499940e-06  -6.204441e+108  1.000000e+00  -1.000000e+00  1.000000e+00
1.610262e+02  5.635472e+02  8.951781e+02  1.028874e+02  1.610262e+02  1.502467e+00  3.669290e-01  1.135538e+00  1.594131e+01  6.747696e+00  1.594131e+01  7.557820e-01  1.392074e-01  1.772162e-01  2.600712e-01  2.543924e-02  3.244142e+02  6.704347e+04  2.210227e+05  4.811822e+56  1.573966e+58  5.805561e-06  -2.861235e+108  1.000000e+00  -1.000000e+00  1.000000e+00
1.610262e+02  5.772730e+02  8.951781e+02  1.166139e+02  1.610262e+02  1.431154e+00  4.242270e-01  1.006927e+00  1.511351e+01  6.984595e+00  1.511351e+01  7.035770e-01  1.398629e-01  1.782869e-01  2.792047e-01  2.280928e-02  2.841224e+02  7.912942e+04  1.970190e+05  5.635163e+56  1.389237e+58  6.195181e-06  -7.059635e+107  1.000000e+00  -1.000000e+00  1.000000e+00
1.610262e+02  5.928297e+02  8.951781e+02  1.321717e+02  1.610262e+02  1.373355e+00  4.887130e-01  8.846420e-01  1.413615e+01  7.227299e+00  1.413615e+01  6.441470e-01  1.434939e-01  1.842722e-01  2.990997e-01  2.010291e-02  2.202937e+02  9.279848e+04  1.742571e+05  6.552725e+56  1.212540e+58  7.651678e-06  1.280151e+108  1.000000e+00  1.000000e+00  1.000000e+00
1.610262e+02  6.104652e+02  8.951781e+02  1.498051e+02  1.610262e+02  1.336216e+00  5.607150e-01  7.755010e-01  1.307681e+01  7.474122e+00  1.307681e+01  5.803710e-01  1.509234e-01  1.968084e-01  3.195600e-01  1.787401e-02  1.519592e+02  1.087009e+05  1.538746e+05  7.607512e+56  1.054155e+58  -1.843952e-05  4.779469e+108  -1.000000e+00  1.000000e+00  1.000000e+00
1.610262e+02  6.304521e+02  8.951781e+02  1.697911e+02  1.610262e+02  1.323886e+00  6.404040e-01  6.834820e-01  1.202750e+01  7.722713e+00  1.202750e+01  5.162690e-01  1.625761e-01  2.172984e-01  3.403709e-01  1.679478e-02  9.857924e+01  1.270480e+05  1.365060e+05  8.808972e+56  9.202653e+57  -1.046726e-05  6.572482e+108  -1.000000e+00  1.000000e+00  1.000000e+00
1.610262e+02  6.531038e+02  8.951781e+02  1.924434e+02  1.610262e+02  1.336560e+00  7.277470e-01  6.088120e-01  1.107172e+01  7.970654e+00  1.107172e+01  4.555070e-01  1.783014e-01  2.466956e-01  3.613029e-01  1.750584e-02  6.476122e+01  1.472060e+05  1.221472e+05  1.010265e+57  8.115293e+57  2.480108e-06  7.781846e+108  1.000000e+00  1.000000e+00  1.000000e+00
1.610262e+02  6.787757e+02  8.951781e+02  2.181178e+02  1.610262e+02  1.371346e+00  8.224460e-01  5.489000e-01  1.025841e+01  8.215138e+00  1.025841e+01  4.002640e-01  1.974462e-01  2.855344e-01  3.821330e-01  2.043710e-02  4.540243e+01  1.704017e+05  1.103265e+05  1.157299e+57  7.244042e+57  3.205746e-06  9.398787e+108  1.000000e+00  1.000000e+00  1.000000e+00
1.610262e+02  7.078781e+02  8.951781e+02  2.472176e+02  1.610262e+02  1.423888e+00  9.238940e-01  4.999940e-01  9.600482e+00  8.453035e+00  9.600482e+00  3.511470e-01  2.190607e-01  3.340705e-01  4.026685e-01  2.566806e-02  3.392016e+01  1.957629e+05  1.003921e+05  1.314753e+57  6.535967e+57  3.460915e-06  8.674619e+108  1.000000e+00  1.000000e+00  1.000000e+00
1.610262e+02  7.408620e+02  8.951781e+02  2.801996e+02  1.610262e+02  1.489583e+00  1.031137e+00  4.584460e-01  9.088429e+00  8.681436e+00  9.088429e+00  3.077680e-01  2.420792e-01  3.923289e-01  4.227266e-01  3.278396e-02  2.630111e+01  2.230511e+05  9.172834e+04  1.480130e+57  5.939279e+57  3.445220e-06  8.148960e+108  1.000000e+00  1.000000e+00  1.000000e+00
1.610262e+02  7.782441e+02  8.951781e+02  3.175819e+02  1.610262e+02  1.564157e+00  1.142862e+00  4.212950e-01  8.896745e+00  8.896745e+00  8.693733e+00  2.693430e-01  2.596755e-01  4.424008e-01  4.424110e-01  3.650333e-02  2.061039e+01  2.532102e+05  8.385034e+04  1.659875e+57  5.411567e+57  3.333526e-06  7.288677e+108  1.000000e+00  1.000000e+00  1.000000e+00
1.610262e+02  8.206108e+02  8.951781e+02  3.599514e+02  1.610262e+02  1.643806e+00  1.257330e+00  3.864760e-01  9.094654e+00  9.094654e+00  8.382801e+00  2.351100e-01  2.669599e-01  4.647708e-01  4.647826e-01  3.310234e-02  1.627574e+01  2.846137e+05  7.644441e+04  1.841377e+57  4.923797e+57  3.253527e-06  5.950874e+108  1.000000e+00  1.000000e+00  1.000000e+00
1.610262e+02  8.686339e+02  8.951781e+02  4.079736e+02  1.610262e+02  1.725137e+00  1.372192e+00  3.529450e-01  9.269431e+00  9.269431e+00  8.112682e+00  2.045890e-01  2.748857e-01  4.903336e-01  4.903409e-01  3.034731e-02  1.289045e+01  3.172395e+05  6.936397e+04  2.024203e+57  4.460937e+57  3.101829e-06  4.553041e+108  1.000000e+00  1.000000e+00  1.000000e+00
1.610262e+02  9.230662e+02  8.951781e+02  4.624025e+02  1.610262e+02  1.805103e+00  1.484600e+00  3.205020e-01  9.417648e+00  9.417648e+00  7.842299e+00  1.775530e-01  2.831008e-01  5.182945e-01  5.183012e-01  2.792926e-02  1.023923e+01  3.505184e+05  6.259197e+04  2.204140e+57  4.019604e+57  2.921876e-06  3.495411e+108  1.000000e+00  1.000000e+00  1.000000e+00
1.610262e+02  9.847572e+02  8.951781e+02  5.240930e+02  1.610262e+02  1.881034e+00  1.591650e+00  2.893840e-01  9.537727e+00  9.537727e+00  7.567262e+00  1.538430e-01  2.912953e-01  5.478144e-01  5.478206e-01  2.568303e-02  8.163836e+00  3.838126e+05  5.616987e+04  2.376751e+57  3.602213e+57  2.764736e-06  2.382929e+108  1.000000e+00  1.000000e+00  1.000000e+00
1.610262e+02  1.054675e+03  8.951781e+02  5.940138e+02  1.610262e+02  1.950774e+00  1.690961e+00  2.598130e-01  9.629549e+00  9.629549e+00  7.288847e+00  1.331850e-01  2.992145e-01  5.780429e-01  5.780487e-01  2.358938e-02  6.557092e+00  4.156186e+05  5.013311e+04  2.531449e+57  3.210869e+57  2.539452e-06  1.625014e+108  1.000000e+00  1.000000e+00  1.000000e+00
1.610262e+02  1.133922e+03  8.951781e+02  6.732629e+02  1.610262e+02  2.012763e+00  1.780794e+00  2.319690e-01  9.693875e+00  9.693875e+00  7.008372e+00  1.152490e-01  3.066739e-01  6.081987e-01  6.082042e-01  2.163371e-02  5.316868e+00  4.473986e+05  4.450760e+04  2.680128e+57  2.847057e+57  2.288863e-06  1.168445e+108  1.000000e+00  1.000000e+00  1.000000e+00
1.610262e+02  1.223749e+03  8.951781e+02  7.630849e+02  1.610262e+02  2.066038e+00  1.860053e+00  2.059850e-01  9.732396e+00  9.732396e+00  6.727170e+00  9.970000e-02  3.135452e-01  6.375638e-01  6.375688e-01  1.982648e-02  4.361678e+00  4.766582e+05  3.930959e+04  2.805287e+57  2.511640e+57  2.076350e-06  5.709289e+107  1.000000e+00  1.000000e+00  1.000000e+00
1.610262e+02  1.325556e+03  8.951781e+02  8.648903e+02  1.610262e+02  2.110166e+00  1.928217e+00  1.819490e-01  9.747245e+00  9.747245e+00  6.446557e+00  8.622500e-02  3.197543e-01  6.655305e-01  6.655350e-01  1.817793e-02  3.625525e+00  5.040920e+05  3.454592e+04  2.913378e+57  2.204885e+57  1.846260e-06  1.679422e+107  1.000000e+00  1.000000e+00  1.000000e+00
1.610262e+02  1.440942e+03  8.951781e+02  9.802778e+02  1.610262e+02  2.145139e+00  1.985234e+00  1.599050e-01  9.740817e+00  9.740817e+00  6.167802e+00  7.454300e-02  3.252683e-01  6.916056e-01  6.916098e-01  1.669453e-02  3.056852e+00  5.283135e+05  3.021479e+04  2.995398e+57  1.926513e+57  1.553541e-06  -6.481713e+106  1.000000e+00  -1.000000e+00  1.000000e+00
1.610262e+02  1.571717e+03  8.951781e+02  1.111060e+03  1.610262e+02  2.171276e+00  2.031425e+00  1.398500e-01  9.715722e+00  9.715722e+00  5.892112e+00  6.440900e-02  3.300818e-01  7.153984e-01  7.154032e-01  1.539098e-02  2.618589e+00  5.515107e+05  2.630668e+04  3.069039e+57  1.675770e+57  1.217997e-06  -1.069739e+107  1.000000e+00  -1.000000e+00  1.000000e+00
1.610262e+02  1.719954e+03  8.951781e+02  1.259289e+03  1.610262e+02  2.189129e+00  2.067381e+00  1.217480e-01  9.674422e+00  9.674422e+00  5.620600e+00  5.561500e-02  3.342166e-01  7.366587e-01  7.366620e-01  1.424257e-02  2.276969e+00  5.711974e+05  2.280564e+04  3.117058e+57  1.451505e+57  8.990100e-07  -2.275843e+107  1.000000e+00  -1.000000e+00  1.000000e+00
1.610262e+02  1.887962e+03  8.951781e+02  1.427295e+03  1.610262e+02  2.199384e+00  2.093856e+00  1.055280e-01  9.619510e+00  9.619510e+00  5.354277e+00  4.798100e-02  3.376990e-01  7.551912e-01  7.551960e-01  1.324008e-02  2.009788e+00  5.885697e+05  1.969061e+04  3.149462e+57  1.252259e+57  4.837178e-07  -2.381744e+107  1.000000e+00  -1.000000e+00  1.000000e+00
1.610262e+02  2.078381e+03  8.951781e+02  1.617714e+03  1.610262e+02  2.202834e+00  2.111739e+00  9.109600e-02  9.553396e+00  9.553396e+00  5.094033e+00  4.135400e-02  3.405694e-01  7.709211e-01  7.709245e-01  1.237288e-02  1.800326e+00  6.036243e+05  1.693675e+04  3.167365e+57  1.076348e+57  -3.520872e-08  -2.310059e+107  -1.000000e+00  -1.000000e+00  1.000000e+00
1.610262e+02  2.294199e+03  8.951781e+02  1.833538e+03  1.610262e+02  2.200281e+00  2.121943e+00  7.833800e-02  9.478363e+00  9.478363e+00  4.840641e+00  3.560300e-02  3.428676e-01  7.838244e-01  7.838267e-01  1.162945e-02  1.636209e+00  6.153563e+05  1.451675e+04  3.164217e+57  9.219508e+56  -5.970026e-07  -2.184694e+107  -1.000000e+00  -1.000000e+00  1.000000e+00
1.610262e+02  2.538819e+03  8.951781e+02  2.078156e+03  1.610262e+02  2.192534e+00  2.125406e+00  6.712800e-02  9.396465e+00  9.396465e+00  4.594741e+00  3.061700e-02  3.446383e-01  7.939609e-01  7.939630e-01  1.099014e-02  1.506934e+00  6.261119e+05  1.240196e+04  3.158245e+57  7.871733e+56  -1.607754e-06  -1.759498e+107  -1.000000e+00  -1.000000e+00  1.000000e+00
1.610262e+02  2.816077e+03  8.951781e+02  2.355409e+03  1.610262e+02  2.180381e+00  2.123047e+00  5.733400e-02  9.309695e+00  9.309695e+00  4.356856e+00  2.629500e-02  3.459223e-01  8.014204e-01  8.014222e-01  1.044971e-02  1.406437e+00  6.337736e+05  1.056340e+04  3.134162e+57  6.701158e+56  -2.531667e-06  -1.529822e+107  -1.000000e+00  -1.000000e+00  1.000000e+00
1.610262e+02  3.130319e+03  8.951781e+02  2.669651e+03  1.610262e+02  2.164560e+00  2.115738e+00  4.882200e-02  9.219690e+00  9.219690e+00  4.127384e+00  2.255500e-02  3.467648e-01  8.063658e-01  8.063674e-01  9.996625e-03  1.329190e+00  6.407415e+05  8.972574e+03  3.110422e+57  5.689208e+56  -5.294536e-06  -1.172988e+107  -1.000000e+00  -1.000000e+00  1.000000e+00
1.610262e+02  3.486480e+03  8.951781e+02  3.025817e+03  1.610262e+02  2.145765e+00  2.104306e+00  4.145900e-02  9.128028e+00  9.128028e+00  3.906614e+00  1.932100e-02  3.472057e-01  8.089700e-01  8.089714e-01  9.618325e-03  1.270791e+00  6.449816e+05  7.602089e+03  3.072098e+57  4.818118e+56  -1.075613e-05  -9.730819e+106  -1.000000e+00  -1.000000e+00  1.000000e+00
1.610262e+02  3.890162e+03  8.951781e+02  3.429500e+03  1.610262e+02  2.124625e+00  2.089508e+00  3.511800e-02  9.036132e+00  9.036132e+00  3.694731e+00  1.652900e-02  3.472813e-01  8.094180e-01  8.094199e-01  9.309953e-03  1.228709e+00  6.477690e+05  6.426124e+03  3.028898e+57  4.071201e+56  -4.126452e-05  -7.495575e+106  -1.000000e+00  -1.000000e+00  1.000000e+00
1.610262e+02  4.347708e+03  8.951781e+02  3.887040e+03  1.610262e+02  2.101723e+00  2.072045e+00  2.967800e-02  8.945164e+00  8.945164e+00  3.491830e+00  1.412100e-02  3.470315e-01  8.079398e-01  8.079408e-01  9.061176e-03  1.200187e+00  6.492383e+05  5.420728e+03  2.981868e+57  3.433029e+56  -8.174147e-04  -5.687895e+106  -1.000000e+00  -1.000000e+00  1.000000e+00
1.610262e+02  4.866291e+03  8.951781e+02  4.405622e+03  1.610262e+02  2.077573e+00  2.052544e+00  2.502900e-02  8.856240e+00  8.856240e+00  3.297921e+00  1.204700e-02  3.464883e-01  8.047384e-01  8.047392e-01  8.868016e-03  1.183838e+00  6.495734e+05  4.563985e+03  2.932368e+57  2.889526e+56  3.854917e-05  -4.252585e+106  1.000000e+00  -1.000000e+00  1.000000e+00
1.610262e+02  5.454054e+03  8.951781e+02  4.993389e+03  1.610262e+02  2.052640e+00  2.031571e+00  2.106900e-02  8.770209e+00  8.770209e+00  3.112945e+00  1.026400e-02  3.456881e-01  8.000532e-01  8.000542e-01  8.721821e-03  1.177859e+00  6.489219e+05  3.836090e+03  2.881337e+57  2.427997e+56  1.567863e-05  -3.142790e+106  1.000000e+00  -1.000000e+00  1.000000e+00
1.610262e+02  6.120229e+03  8.951781e+02  5.659571e+03  1.610262e+02  2.027338e+00  2.009633e+00  1.770500e-02  8.687883e+00  8.687883e+00  2.936784e+00  8.733000e-03  3.446624e-01  7.941001e-01  7.941006e-01  8.617603e-03  1.181207e+00  6.474338e+05  3.219327e+03  2.829684e+57  2.037111e+56  1.085361e-05  -2.294847e+106  1.000000e+00  -1.000000e+00  1.000000e+00
1.610262e+02  6.875298e+03  8.951781e+02  6.414631e+03  1.610262e+02  2.002031e+00  1.987175e+00  1.485600e-02  8.609947e+00  8.609947e+00  2.769268e+00  7.420000e-03  3.434408e-01  7.870872e-01  7.870879e-01  8.555713e-03  1.193728e+00  6.452495e+05  2.697993e+03  2.778196e+57  1.706840e+56  8.657922e-06  -1.657622e+106  1.000000e+00  -1.000000e+00  1.000000e+00
1.610262e+02  7.731096e+03  8.951781e+02  7.270426e+03  1.610262e+02  1.977038e+00  1.964590e+00  1.244800e-02  8.536918e+00  8.536918e+00  2.610187e+00  6.296000e-03  3.420547e-01  7.792284e-01  7.792288e-01  8.526862e-03  1.214003e+00  6.425005e+05  2.258281e+03  2.727585e+57  1.428377e+56  6.875610e-06  -1.278531e+106  1.000000e+00  -1.000000e+00  1.000000e+00
1.610262e+02  8.701063e+03  8.951781e+02  8.240395e+03  1.610262e+02  1.952639e+00  1.942222e+00  1.041800e-02  8.469215e+00  8.469215e+00  2.459298e+00  5.335000e-03  3.405340e-01  7.707245e-01  7.707249e-01  8.528218e-03  1.241551e+00  6.384735e+05  1.888135e+03  2.672179e+57  1.194044e+56  5.884843e-06  -8.965624e+105  1.000000e+00  -1.000000e+00  1.000000e+00
1.610262e+02  9.800430e+03  8.951781e+02  9.339770e+03  1.610262e+02  1.929076e+00  1.920367e+00  8.709000e-03  8.407216e+00  8.407216e+00  2.316335e+00  4.514000e-03  3.389055e-01  7.617517e-01  7.617520e-01  8.557160e-03  1.275983e+00  6.349694e+05  1.577092e+03  2.625108e+57  9.971841e+55  5.907555e-06  -5.858243e+105  1.000000e+00  -1.000000e+00  1.000000e+00
1.610262e+02  1.104648e+04  8.951781e+02  1.058582e+04  1.610262e+02  1.906551e+00  1.899278e+00  7.273000e-03  8.351009e+00  8.351009e+00  2.181013e+00  3.815000e-03  3.372028e-01  7.525143e-01  7.525145e-01  8.608313e-03  1.316348e+00  6.312264e+05  1.316123e+03  2.580308e+57  8.320578e+55  5.416831e-06  -4.066067e+105  1.000000e+00  -1.000000e+00  1.000000e+00
1.610262e+02  1.245877e+04  8.951781e+02  1.199810e+04  1.610262e+02  1.885244e+00  1.879175e+00  6.069000e-03  8.300895e+00  8.300895e+00  2.053033e+00  3.219000e-03  3.354472e-01  7.431403e-01  7.431405e-01  8.679446e-03  1.362323e+00  6.273501e+05  1.097471e+03  2.538205e+57  6.937384e+55  4.698340e-06  -2.959592e+105  1.000000e+00  -1.000000e+00  1.000000e+00
1.610262e+02  1.405947e+04  8.951781e+02  1.359880e+04  1.610262e+02  1.865294e+00  1.860234e+00  5.060000e-03  8.256859e+00  8.256859e+00  1.932093e+00  2.713000e-03  3.336677e-01  7.337907e-01  7.337908e-01  8.768670e-03  1.413422e+00  6.226647e+05  9.145015e+02  2.493364e+57  5.780148e+55  4.346350e-06  -2.055732e+105  1.000000e+00  -1.000000e+00  1.000000e+00
1.610262e+02  1.587372e+04  8.951781e+02  1.541306e+04  1.610262e+02  1.846820e+00  1.842604e+00  4.216000e-03  8.218844e+00  8.218844e+00  1.817882e+00  2.283000e-03  3.318911e-01  7.246050e-01  7.246051e-01  8.869097e-03  1.468284e+00  6.187607e+05  7.615604e+02  2.457332e+57  4.813004e+55  4.418192e-06  -1.272176e+105  1.000000e+00  -1.000000e+00  1.000000e+00
1.610262e+02  1.793002e+04  8.951781e+02  1.746936e+04  1.610262e+02  1.829913e+00  1.826402e+00  3.511000e-03  8.186840e+00  8.186840e+00  1.710092e+00  1.919000e-03  3.301382e-01  7.156832e-01  7.156833e-01  8.980586e-03  1.526633e+00  6.149441e+05  6.338449e+02  2.424580e+57  4.005503e+55  4.154219e-06  -8.457699e+104  1.000000e+00  -1.000000e+00  1.000000e+00
1.610262e+02  2.025605e+04  8.951781e+02  1.979538e+04  1.610262e+02  1.814660e+00  1.811737e+00  2.923000e-03  8.160629e+00  8.160629e+00  1.608601e+00  1.611000e-03  3.284379e-01  7.071602e-01  7.071602e-01  9.096618e-03  1.586802e+00  6.112628e+05  5.274686e+02  2.395061e+57  3.333015e+55  4.027118e-06  -6.191394e+104  1.000000e+00  -1.000000e+00  1.000000e+00
2.212216e+02  1.030404e+02  1.146690e+03  1.000000e+00  2.212216e+02  2.062917e+00  1.069000e-03  2.061848e+00  1.665589e+01  2.224373e+00  1.665589e+01  9.994820e-01  1.829344e-01  2.557710e-01  3.131881e-02  2.517526e-02  8.192140e+01  1.603039e+02  4.159015e+05  1.347825e+54  2.742626e+58  9.884218e-07  -2.541240e+107  1.000000e+00  -1.000000e+00  0.000000e+00
2.212216e+02  1.076573e+02  1.146690e+03  1.133400e+00  2.212216e+02  2.062872e+00  1.257000e-03  2.061615e+00  1.665908e+01  2.277620e+00  1.665908e+01  9.993910e-01  1.828955e-01  2.556938e-01  3.286341e-02  2.518858e-02  8.204999e+01  1.887135e+02  4.158281e+05  1.582769e+54  2.742604e+58  1.186078e-06  -2.513477e+107  1.000000e+00  -1.000000e+00  0.000000e+00
2.212216e+02  1.131115e+02  1.146690e+03  1.284600e+00  2.212216e+02  2.062771e+00  1.476000e-03  2.061295e+00  1.666236e+01  2.333342e+00  1.666236e+01  9.992840e-01  1.828506e-01  2.556050e-01  3.452054e-02  2.520353e-02  8.220117e+01  2.218641e+02  4.157267e+05  1.853938e+54  2.742446e+58  1.503047e-06  -2.549818e+107  1.000000e+00  -1.000000e+00  0.000000e+00
2.212216e+02  1.191072e+02  1.146690e+03  1.456000e+00  2.212216e+02  2.062663e+00  1.732000e-03  2.060931e+00  1.666618e+01  2.391804e+00  1.666618e+01  9.991600e-01  1.827990e-01  2.555030e-01  3.630423e-02  2.522046e-02  8.237259e+01  2.607131e+02  4.156169e+05  2.169392e+54  2.742300e+58  1.581687e-06  -2.861901e+107  1.000000e+00  -1.000000e+00  0.000000e+00
2.212216e+02  1.250167e+02  1.146690e+03  1.650300e+00  2.212216e+02  2.062520e+00  2.032000e-03  2.060488e+00  1.666956e+01  2.453092e+00  1.666956e+01  9.990150e-01  1.827493e-01  2.554045e-01  3.822373e-02  2.523994e-02  8.257115e+01  3.062550e+02  4.154847e+05  2.537049e+54  2.742079e+58  1.772302e-06  -3.165594e+107  1.000000e+00  -1.000000e+00  0.000000e+00
2.212216e+02  1.316026e+02  1.146690e+03  1.870400e+00  2.212216e+02  2.062316e+00  2.383000e-03  2.059933e+00  1.667507e+01  2.517303e+00  1.667507e+01  9.988450e-01  1.826708e-01  2.552493e-01  4.028929e-02  2.526118e-02  8.279814e+01  3.596741e+02  4.153250e+05  2.966158e+54  2.741757e+58  1.965237e-06  -3.589859e+107  1.000000e+00  -1.000000e+00  0.000000e+00
2.212216e+02  1.379494e+02  1.146690e+03  2.120000e+00  2.212216e+02  2.062061e+00  2.793000e-03  2.059268e+00  1.668035e+01  2.584542e+00  1.668035e+01  9.986450e-01  1.825904e-01  2.550903e-01  4.251212e-02  2.528553e-02  8.305965e+01  4.223728e+02  4.151364e+05  3.467598e+54  2.741340e+58  2.030398e-06  -3.308562e+107  1.000000e+00  -1.000000e+00  0.000000e+00
2.212216e+02  1.527256e+02  1.146690e+03  2.402800e+00  2.212216e+02  2.061777e+00  3.253000e-03  2.058523e+00  1.668617e+01  2.651477e+00  1.668617e+01  9.984220e-01  1.825016e-01  2.549147e-01  4.478505e-02  2.531225e-02  8.334912e+01  4.927730e+02  4.149263e+05  4.028357e+54  2.740869e+58  2.104484e-06  -5.473463e+107  1.000000e+00  -1.000000e+00  0.000000e+00
2.212216e+02  1.576382e+02  1.146690e+03  2.723400e+00  2.212216e+02  2.061418e+00  3.797000e-03  2.057621e+00  1.669277e+01  2.721751e+00  1.669277e+01  9.981580e-01  1.823976e-01  2.547093e-01  4.724025e-02  2.534218e-02  8.368938e+01  5.761288e+02  4.146786e+05  4.689833e+54  2.740273e+58  2.399071e-06  -7.137204e+107  1.000000e+00  -1.000000e+00  0.000000e+00
2.212216e+02  1.627167e+02  1.146690e+03  3.086700e+00  2.212216e+02  2.060939e+00  4.444000e-03  2.056495e+00  1.670939e+01  2.796791e+00  1.670939e+01  9.978430e-01  1.821740e-01  2.542678e-01  4.993758e-02  2.537614e-02  8.407865e+01  6.757523e+02  4.143975e+05  5.477783e+54  2.739648e+58  2.512956e-06  -8.211269e+107  1.000000e+00  -1.000000e+00  0.000000e+00
2.212216e+02  1.679681e+02  1.146690e+03  3.498500e+00  2.212216e+02  2.060321e+00  5.214000e-03  2.055107e+00  1.670806e+01  2.876845e+00  1.670806e+01  9.974690e-01  1.821338e-01  2.541885e-01  5.289898e-02  2.541405e-02  8.453311e+01  7.945191e+02  4.140137e+05  6.414221e+54  2.738358e+58  2.494721e-06  -9.432723e+107  1.000000e+00  -1.000000e+00  0.000000e+00
2.212216e+02  1.734000e+02  1.146690e+03  3.965200e+00  2.212216e+02  2.059521e+00  6.126000e-03  2.053394e+00  1.671691e+01  2.962121e+00  1.671691e+01  9.970250e-01  1.819667e-01  2.538590e-01  5.614691e-02  2.545620e-02  8.506370e+01  9.359001e+02  4.135735e+05  7.525511e+54  2.736914e+58  2.724272e-06  -1.077385e+108  1.000000e+00  -1.000000e+00  0.000000e+00
2.212216e+02  1.790190e+02  1.146690e+03  4.494300e+00  2.212216e+02  2.058521e+00  7.207000e-03  2.051314e+00  1.672332e+01  3.052877e+00  1.672332e+01  9.964990e-01  1.818086e-01  2.535475e-01  5.970723e-02  2.550312e-02  8.567245e+01  1.104100e+03  4.130455e+05  8.843623e+54  2.735054e+58  2.865083e-06  -1.229826e+108  1.000000e+00  -1.000000e+00  0.000000e+00
2.212216e+02  1.848335e+02  1.146690e+03  5.093900e+00  2.212216e+02  2.057291e+00  8.487000e-03  2.048804e+00  1.673735e+01  3.149326e+00  1.673735e+01  9.958750e-01  1.815477e-01  2.530338e-01  6.360612e-02  2.555454e-02  8.637947e+01  1.304101e+03  4.124305e+05  1.040611e+55  2.732838e+58  3.007429e-06  -1.402743e+108  1.000000e+00  -1.000000e+00  0.000000e+00
2.212216e+02  1.908524e+02  1.146690e+03  5.773400e+00  2.212216e+02  2.055735e+00  1.000000e-02  2.045735e+00  1.674875e+01  3.251680e+00  1.674875e+01  9.951360e-01  1.812869e-01  2.525211e-01  6.787124e-02  2.561219e-02  8.720314e+01  1.541844e+03  4.116845e+05  1.225762e+55  2.729928e+58  3.112553e-06  -1.600289e+108  1.000000e+00  -1.000000e+00  0.000000e+00
2.212216e+02  1.970844e+02  1.146690e+03  6.543700e+00  2.212216e+02  2.053805e+00  1.178800e-02  2.042017e+00  1.676114e+01  3.360232e+00  1.676114e+01  9.942600e-01  1.809827e-01  2.519238e-01  7.253471e-02  2.567535e-02  8.815330e+01  1.824417e+03  4.107938e+05  1.445113e+55  2.726289e+58  3.226628e-06  -1.820986e+108  1.000000e+00  -1.000000e+00  0.000000e+00
2.212216e+02  2.035396e+02  1.146690e+03  7.416700e+00  2.212216e+02  2.051435e+00  1.390000e-02  2.037534e+00  1.677443e+01  3.475217e+00  1.677443e+01  9.932240e-01  1.806307e-01  2.512336e-01  7.762830e-02  2.574408e-02  8.925432e+01  2.160251e+03  4.097373e+05  1.704918e+55  2.721784e+58  3.335772e-06  -2.070316e+108  1.000000e+00  -1.000000e+00  0.000000e+00
2.212216e+02  2.102287e+02  1.146690e+03  8.406200e+00  2.212216e+02  2.048513e+00  1.639400e-02  2.032119e+00  1.678845e+01  3.596868e+00  1.678845e+01  9.919970e-01  1.802229e-01  2.504355e-01  8.318504e-02  2.581859e-02  9.052949e+01  2.559405e+03  4.084770e+05  2.012629e+55  2.716175e+58  3.442769e-06  -2.350556e+108  1.000000e+00  -1.000000e+00  0.000000e+00
2.212216e+02  2.171631e+02  1.146690e+03  9.527700e+00  2.212216e+02  2.044952e+00  1.933700e-02  2.025615e+00  1.680320e+01  3.725442e+00  1.680320e+01  9.905440e-01  1.797516e-01  2.495152e-01  8.924013e-02  2.589909e-02  9.200790e+01  3.033883e+03  4.069856e+05  2.377038e+55  2.709291e+58  3.184102e-06  -2.418717e+108  1.000000e+00  -1.000000e+00  0.000000e+00
2.212216e+02  4.714565e+02  1.146690e+03  1.079880e+01  2.212216e+02  2.042835e+00  2.152900e-02  2.021306e+00  1.682090e+01  3.805711e+00  1.682090e+01  9.894610e-01  1.793767e-01  2.487843e-01  9.301406e-02  2.598757e-02  9.329102e+01  3.388169e+03  4.059164e+05  2.648045e+55  2.705298e+58  2.680613e-06  -7.210458e+108  1.000000e+00  -1.000000e+00  1.000000e+00
2.212216e+02  4.728972e+02  1.146690e+03  1.223950e+01  2.212216e+02  2.041333e+00  2.347500e-02  2.017858e+00  1.684238e+01  3.856969e+00  1.684238e+01  9.885000e-01  1.790161e-01  2.480827e-01  9.549322e-02  2.609110e-02  9.461236e+01  3.699438e+03  4.049891e+05  2.884595e+55  2.702609e+58  2.610146e-06  -7.641995e+108  1.000000e+00  -1.000000e+00  1.000000e+00
2.212216e+02  4.745300e+02  1.146690e+03  1.387240e+01  2.212216e+02  2.039073e+00  2.596800e-02  2.013105e+00  1.687417e+01  3.914619e+00  1.687417e+01  9.872650e-01  1.784810e-01  2.470438e-01  9.844270e-02  2.620854e-02  9.624741e+01  4.097987e+03  4.037923e+05  3.186344e+55  2.698688e+58  2.885802e-06  -8.590530e+108  1.000000e+00  -1.000000e+00  1.000000e+00
2.212216e+02  4.763807e+02  1.146690e+03  1.572320e+01  2.212216e+02  2.035911e+00  2.907700e-02  2.006834e+00  1.689262e+01  3.979610e+00  1.689262e+01  9.857180e-01  1.780096e-01  2.461305e-01  1.019173e-01  2.634037e-02  9.824648e+01  4.600726e+03  4.022209e+05  3.565634e+55  2.692641e+58  3.061698e-06  -9.417809e+108  1.000000e+00  -1.000000e+00  1.000000e+00
2.212216e+02  4.784787e+02  1.146690e+03  1.782080e+01  2.212216e+02  2.031666e+00  3.289900e-02  1.998767e+00  1.692067e+01  4.052491e+00  1.692067e+01  9.838070e-01  1.773439e-01  2.448445e-01  1.059690e-01  2.648664e-02  1.006650e+02  5.213906e+03  4.002770e+05  4.026736e+55  2.684681e+58  3.275801e-06  -1.014474e+109  1.000000e+00  -1.000000e+00  1.000000e+00
2.212216e+02  4.808563e+02  1.146690e+03  2.019840e+01  2.212216e+02  2.026091e+00  3.755500e-02  1.988535e+00  1.695072e+01  4.134081e+00  1.695072e+01  9.814640e-01  1.765438e-01  2.433037e-01  1.106668e-01  2.664708e-02  1.035846e+02  5.975553e+03  3.978670e+05  4.597501e+55  2.674124e+58  3.449202e-06  -1.087153e+109  1.000000e+00  -1.000000e+00  1.000000e+00
2.212216e+02  4.835509e+02  1.146690e+03  2.289310e+01  2.212216e+02  2.018905e+00  4.319200e-02  1.975713e+00  1.698170e+01  4.224941e+00  1.698170e+01  9.786060e-01  1.755967e-01  2.414876e-01  1.160755e-01  2.682101e-02  1.071046e+02  6.900830e+03  3.949072e+05  5.288331e+55  2.660394e+58  3.589250e-06  -1.146661e+109  1.000000e+00  -1.000000e+00  1.000000e+00
2.212216e+02  4.866048e+02  1.146690e+03  2.594730e+01  2.212216e+02  2.009730e+00  4.997900e-02  1.959751e+00  1.701288e+01  4.325574e+00  1.701288e+01  9.751310e-01  1.744783e-01  2.393531e-01  1.222624e-01  2.700621e-02  1.113433e+02  8.013900e+03  3.912874e+05  6.116009e+55  2.642714e+58  3.739353e-06  -1.210966e+109  1.000000e+00  -1.000000e+00  1.000000e+00
2.212216e+02  4.900671e+02  1.146690e+03  2.940900e+01  2.212216e+02  1.998183e+00  5.811600e-02  1.940067e+00  1.704303e+01  4.436556e+00  1.704303e+01  9.709150e-01  1.731690e-01  2.368681e-01  1.293008e-01  2.719834e-02  1.164403e+02  9.388920e+03  3.869011e+05  7.134338e+55  2.620300e+58  3.885611e-06  -1.265451e+109  1.000000e+00  -1.000000e+00  1.000000e+00
2.212216e+02  4.939909e+02  1.146690e+03  3.333260e+01  2.212216e+02  1.983713e+00  6.783400e-02  1.915879e+00  1.706998e+01  4.558443e+00  1.706998e+01  9.658050e-01  1.716435e-01  2.339917e-01  1.372652e-01  2.739294e-02  1.225792e+02  1.103103e+04  3.815933e+05  8.344598e+55  2.591986e+58  4.010462e-06  -1.307459e+109  1.000000e+00  -1.000000e+00  1.000000e+00
2.212216e+02  4.984378e+02  1.146690e+03  3.777960e+01  2.212216e+02  1.965750e+00  7.939700e-02  1.886353e+00  1.709124e+01  4.691679e+00  1.709124e+01  9.596100e-01  1.698777e-01  2.306869e-01  1.462266e-01  2.757931e-02  1.299585e+02  1.301507e+04  3.752130e+05  9.799461e+55  2.556584e+58  4.131175e-06  -1.340485e+109  1.000000e+00  -1.000000e+00  1.000000e+00
2.212216e+02  5.034775e+02  1.146690e+03  4.281980e+01  2.212216e+02  1.943576e+00  9.310800e-02  1.850467e+00  1.710224e+01  4.836605e+00  1.710224e+01  9.520940e-01  1.678534e-01  2.269309e-01  1.562508e-01  2.774353e-02  1.388111e+02  1.536435e+04  3.675662e+05  1.151187e+56  2.512512e+58  4.263216e-06  -1.371057e+109  1.000000e+00  -1.000000e+00  1.000000e+00
2.212216e+02  5.091908e+02  1.146690e+03  4.853260e+01  2.212216e+02  1.916467e+00  1.093110e-01  1.807156e+00  1.709803e+01  4.993339e+00  1.709803e+01  9.429620e-01  1.655529e-01  2.227039e-01  1.673919e-01  2.786543e-02  1.493834e+02  1.823426e+04  3.584704e+05  1.359204e+56  2.458210e+58  4.417728e-06  -1.381696e+109  1.000000e+00  -1.000000e+00  1.000000e+00
2.212216e+02  5.156662e+02  1.146690e+03  5.500740e+01  2.212216e+02  1.883552e+00  1.283900e-01  1.755163e+00  1.707025e+01  5.162123e+00  1.707025e+01  9.318360e-01  1.629744e-01  2.180175e-01  1.796995e-01  2.791342e-02  1.618524e+02  2.168016e+04  3.476979e+05  1.607330e+56  2.391650e+58  4.559287e-06  -1.373169e+109  1.000000e+00  -1.000000e+00  1.000000e+00
2.212216e+02  5.230050e+02  1.146690e+03  6.234610e+01  2.212216e+02  1.844046e+00  1.507730e-01  1.693273e+00  1.700841e+01  5.342953e+00  1.700841e+01  9.182380e-01  1.601363e-01  2.129212e-01  1.932033e-01  2.786155e-02  1.769879e+02  2.580781e+04  3.350504e+05  1.902409e+56  2.310918e+58  4.685499e-06  -1.356544e+109  1.000000e+00  -1.000000e+00  1.000000e+00
2.212216e+02  5.313221e+02  1.146690e+03  7.066390e+01  2.212216e+02  1.797255e+00  1.769310e-01  1.620324e+00  1.689789e+01  5.535719e+00  1.689789e+01  9.015550e-01  1.570937e-01  2.075282e-01  2.079122e-01  2.760644e-02  1.923654e+02  3.064714e+04  3.203431e+05  2.245335e+56  2.214060e+58  4.831199e-06  -1.317832e+109  1.000000e+00  -1.000000e+00  1.000000e+00
2.212216e+02  5.407496e+02  1.146690e+03  8.009140e+01  2.212216e+02  1.742794e+00  2.073740e-01  1.535420e+00  1.671960e+01  5.739851e+00  1.671960e+01  8.810100e-01  1.539579e-01  2.020444e-01  2.238022e-01  2.712152e-02  2.090315e+02  3.649672e+04  3.034498e+05  2.656671e+56  2.099453e+58  5.008097e-06  -1.238172e+109  1.000000e+00  -1.000000e+00  1.000000e+00
2.212216e+02  5.514360e+02  1.146690e+03  9.077660e+01  2.212216e+02  1.680967e+00  2.426460e-01  1.438321e+00  1.644964e+01  5.954973e+00  1.644964e+01  8.556510e-01  1.509331e-01  1.968251e-01  2.408262e-01  2.630547e-02  2.239170e+02  4.342996e+04  2.843755e+05  3.139642e+56  1.966412e+58  5.177086e-06  -1.139695e+109  1.000000e+00  -1.000000e+00  1.000000e+00
2.212216e+02  5.635472e+02  1.146690e+03  1.028874e+02  2.212216e+02  1.613196e+00  2.833120e-01  1.329884e+00  1.606062e+01  6.180349e+00  1.606062e+01  8.243780e-01  1.483564e-01  1.924321e-01  2.588982e-01  2.507363e-02  2.325898e+02  5.161144e+04  2.633264e+05  3.703847e+56  1.815840e+58  5.363376e-06  -1.021459e+109  1.000000e+00  -1.000000e+00  1.000000e+00
2.212216e+02  5.772730e+02  1.146690e+03  1.166139e+02  2.212216e+02  1.542555e+00  3.299470e-01  1.212608e+00  1.552611e+01  6.414953e+00  1.552611e+01  7.861040e-01  1.467437e-01  1.897071e-01  2.778929e-01  2.337939e-02  2.290593e+02  6.120475e+04  2.407964e+05  4.357939e+56  1.651105e+58  5.640833e-06  -8.941490e+108  1.000000e+00  -1.000000e+00  1.000000e+00
2.212216e+02  5.928297e+02  1.146690e+03  1.321717e+02  2.212216e+02  1.474150e+00  3.831100e-01  1.091040e+00  1.483035e+01  6.657632e+00  1.483035e+01  7.401150e-01  1.468155e-01  1.898281e-01  2.976481e-01  2.126429e-02  2.078269e+02  7.259481e+04  2.176228e+05  5.126582e+56  1.478695e+58  5.960129e-06  -7.178521e+108  1.000000e+00  -1.000000e+00  1.000000e+00
2.212216e+02  6.104652e+02  1.146690e+03  1.498051e+02  2.212216e+02  1.414811e+00  4.433160e-01  9.714950e-01  1.398258e+01  6.906942e+00  1.398258e+01  6.866610e-01  1.494489e-01  1.942888e-01  3.179652e-01  1.892993e-02  1.692737e+02  8.554816e+04  1.949231e+05  5.987235e+56  1.307884e+58  7.073652e-06  -5.310084e+108  1.000000e+00  -1.000000e+00  1.000000e+00
2.212216e+02  6.304521e+02  1.146690e+03  1.697911e+02  2.212216e+02  1.371732e+00  5.109950e-01  8.607370e-01  1.302774e+01  7.161063e+00  1.302774e+01  6.274820e-01  1.555183e-01  2.047639e-01  3.386186e-01  1.676964e-02  1.228913e+02  1.009777e+05  1.738574e+05  7.002502e+56  1.148785e+58  1.459792e-05  -3.192574e+108  1.000000e+00  -1.000000e+00  1.000000e+00
2.212216e+02  6.531038e+02  1.146690e+03  1.924434e+02  2.212216e+02  1.350339e+00  5.864450e-01  7.638940e-01  1.204159e+01  7.418101e+00  1.204159e+01  5.657050e-01  1.656306e-01  2.228459e-01  3.593607e-01  1.533242e-02  8.200412e+01  1.182399e+05  1.552767e+05  8.117527e+56  1.009235e+58  2.297830e-05  -9.118831e+107  1.000000e+00  -1.000000e+00  1.000000e+00
2.212216e+02  6.787757e+02  1.146690e+03  2.181178e+02  2.212216e+02  1.352708e+00  6.697730e-01  6.829350e-01  1.110706e+01  7.675285e+00  1.110706e+01  5.048650e-01  1.798815e-01  2.497687e-01  3.799607e-01  1.520999e-02  5.384061e+01  1.384158e+05  1.394814e+05  9.405990e+56  8.924860e+57  1.295492e-06  8.240608e+107  1.000000e+00  1.000000e+00  1.000000e+00
2.212216e+02  7.078781e+02  1.146690e+03  2.472176e+02  2.212216e+02  1.377530e+00  7.608320e-01  6.166980e-01  1.028503e+01  7.930126e+00  1.028503e+01  4.476840e-01  1.978231e-01  2.863359e-01  4.001855e-01  1.690515e-02  3.720029e+01  1.604751e+05  1.262407e+05  1.078326e+57  7.971624e+57  2.938830e-06  1.979927e+108  1.000000e+00  1.000000e+00  1.000000e+00
2.212216e+02  7.408620e+02  1.146690e+03  2.801996e+02  2.212216e+02  1.421326e+00  8.591590e-01  5.621670e-01  9.603117e+00  8.179459e+00  9.603117e+00  3.955230e-01  2.186065e-01  3.329933e-01  4.198533e-01  2.067732e-02  2.761155e+01  1.856635e+05  1.150204e+05  1.233471e+57  7.191104e+57  3.227578e-06  3.064986e+108  1.000000e+00  1.000000e+00  1.000000e+00
2.212216e+02  7.782441e+02  1.146690e+03  3.175819e+02  2.212216e+02  1.479785e+00  9.639250e-01  5.158600e-01  9.061174e+00  8.419962e+00  9.061174e+00  3.486050e-01  2.412103e-01  3.899895e-01  4.388312e-01  2.641402e-02  2.156578e+01  2.129459e+05  1.052254e+05  1.397555e+57  6.534445e+57  3.327894e-06  3.002205e+108  1.000000e+00  1.000000e+00  1.000000e+00
2.212216e+02  8.206108e+02  1.146690e+03  3.599514e+02  2.212216e+02  1.548596e+00  1.073903e+00  4.746930e-01  8.648207e+00  8.648207e+00  8.643278e+00  3.065310e-01  2.644804e-01  4.570401e-01  4.570433e-01  3.329188e-02  1.715052e+01  2.426130e+05  9.634700e+04  1.572133e+57  5.958074e+57  3.311577e-06  2.791344e+108  1.000000e+00  1.000000e+00  1.000000e+00
2.212216e+02  8.686339e+02  1.146690e+03  4.079736e+02  2.212216e+02  1.623784e+00  1.187450e+00  4.363340e-01  8.860086e+00  8.860086e+00  8.319676e+00  2.687140e-01  2.706899e-01  4.766359e-01  4.766474e-01  3.019738e-02  1.385217e+01  2.736298e+05  8.802312e+04  1.749006e+57  5.429037e+57  3.213649e-06  2.356807e+108  1.000000e+00  1.000000e+00  1.000000e+00
2.212216e+02  9.230662e+02  1.146690e+03  4.624025e+02  2.212216e+02  1.701767e+00  1.302300e+00  3.994670e-01  9.049363e+00  9.049363e+00  8.046618e+00  2.347360e-01  2.777561e-01  4.999269e-01  4.999369e-01  2.774848e-02  1.119004e+01  3.067156e+05  8.006633e+04  1.933300e+57  4.928550e+57  3.031403e-06  2.090026e+108  1.000000e+00  1.000000e+00  1.000000e+00
2.212216e+02  9.847572e+02  1.146690e+03  5.240930e+02  2.212216e+02  1.779309e+00  1.415603e+00  3.637060e-01  9.211766e+00  9.211766e+00  7.780322e+00  2.044090e-01  2.852924e-01  5.260236e-01  5.260327e-01  2.564604e-02  9.046449e+00  3.405754e+05  7.243534e+04  2.115376e+57  4.450634e+57  2.913827e-06  1.428729e+108  1.000000e+00  1.000000e+00  1.000000e+00
2.212216e+02  1.054675e+03  1.146690e+03  5.940138e+02  2.212216e+02  1.853543e+00  1.524267e+00  3.292760e-01  9.345016e+00  9.345016e+00  7.509668e+00  1.776470e-01  2.929573e-01  5.540144e-01  5.540227e-01  2.372726e-02  7.330519e+00  3.736867e+05  6.517254e+04  2.284240e+57  3.997372e+57  2.725516e-06  1.004012e+108  1.000000e+00  1.000000e+00  1.000000e+00
2.212216e+02  1.133922e+03  1.146690e+03  6.732629e+02  2.212216e+02  1.922112e+00  1.625683e+00  2.964290e-01  9.448693e+00  9.448693e+00  7.235818e+00  1.542210e-01  3.004614e-01  5.829657e-01  5.829735e-01  2.192251e-02  5.968370e+00  4.071709e+05  5.832008e+04  2.449036e+57  3.571126e+57  2.506417e-06  6.640746e+107  1.000000e+00  1.000000e+00  1.000000e+00
2.212216e+02  1.223749e+03  1.146690e+03  7.630849e+02  2.212216e+02  1.983282e+00  1.717906e+00  2.653750e-01  9.523480e+00  9.523480e+00  6.959982e+00  1.338060e-01  3.075887e-01  6.120172e-01  6.120245e-01  2.022092e-02  4.896188e+00  4.386277e+05  5.191018e+04  2.592765e+57  3.173637e+57  2.316618e-06  2.764443e+107  1.000000e+00  1.000000e+00  1.000000e+00
2.212216e+02  1.325556e+03  1.146690e+03  8.648903e+02  2.212216e+02  2.035959e+00  1.799680e+00  2.362790e-01  9.571135e+00  9.571135e+00  6.683396e+00  1.160530e-01  3.141863e-01  6.403861e-01  6.403928e-01  1.862913e-02  4.056630e+00  4.685570e+05  4.596473e+04  2.720468e+57  2.806005e+57  2.060672e-06  8.374788e+106  1.000000e+00  1.000000e+00  1.000000e+00
2.212216e+02  1.440942e+03  1.146690e+03  9.802778e+02  2.212216e+02  2.079620e+00  1.870364e+00  2.092560e-01  9.593996e+00  9.593996e+00  6.407290e+00  1.006220e-01  3.201592e-01  6.674043e-01  6.674104e-01  1.716536e-02  3.401979e+00  4.966150e+05  4.049532e+04  2.830952e+57  2.468708e+57  1.788727e-06  4.980780e+104  1.000000e+00  1.000000e+00  1.000000e+00
2.212216e+02  1.571717e+03  1.146690e+03  1.111060e+03  2.212216e+02  2.114205e+00  1.929834e+00  1.843720e-01  9.594503e+00  9.594503e+00  6.132867e+00  8.720600e-02  3.254665e-01  6.925660e-01  6.925715e-01  1.585488e-02  2.894278e+00  5.224989e+05  3.550386e+04  2.923376e+57  2.161639e+57  1.537434e-06  -1.438246e+107  1.000000e+00  -1.000000e+00  1.000000e+00
2.212216e+02  1.719954e+03  1.146690e+03  1.259289e+03  2.212216e+02  2.140013e+00  1.978367e+00  1.616450e-01  9.575492e+00  9.575492e+00  5.861275e+00  7.553500e-02  3.300934e-01  7.154573e-01  7.154622e-01  1.468318e-02  2.497725e+00  5.449916e+05  3.098342e+04  2.990066e+57  1.884174e+57  1.256721e-06  -2.143420e+107  1.000000e+00  -1.000000e+00  1.000000e+00
2.212216e+02  1.887962e+03  1.146690e+03  1.427295e+03  2.212216e+02  2.157583e+00  2.016530e+00  1.410530e-01  9.539770e+00  9.539770e+00  5.593590e+00  6.537500e-02  3.340499e-01  7.357861e-01  7.357905e-01  1.364751e-02  2.187286e+00  5.650730e+05  2.691950e+04  3.039753e+57  1.635245e+57  8.937511e-07  -2.212802e+107  1.000000e+00  -1.000000e+00  1.000000e+00
2.212216e+02  2.078381e+03  1.146690e+03  1.617714e+03  2.212216e+02  2.167615e+00  2.045081e+00  1.225350e-01  9.489905e+00  9.489905e+00  5.330796e+00  5.653000e-02  3.373665e-01  7.533961e-01  7.534001e-01  1.274411e-02  1.944054e+00  5.827129e+05  2.329136e+04  3.073329e+57  1.413428e+57  4.776655e-07  -2.108877e+107  1.000000e+00  -1.000000e+00  1.000000e+00
2.212216e+02  2.294199e+03  1.146690e+03  1.833538e+03  2.212216e+02  2.170901e+00  2.064901e+00  1.060000e-01  9.428594e+00  9.428594e+00  5.073770e+00  4.882800e-02  3.400750e-01  7.681814e-01  7.681849e-01  1.195593e-02  1.752340e+00  5.979693e+05  2.007353e+04  3.092386e+57  1.217034e+57  -4.884019e-08  -1.916047e+107  -1.000000e+00  -1.000000e+00  1.000000e+00
2.212216e+02  2.538819e+03  1.146690e+03  2.078156e+03  2.212216e+02  2.168261e+00  2.076925e+00  9.133600e-02  9.358174e+00  9.358174e+00  4.823280e+00  4.212400e-02  3.422173e-01  7.801449e-01  7.801492e-01  1.127911e-02  1.602041e+00  6.098730e+05  1.723717e+04  3.090651e+57  1.044191e+57  -6.230583e-07  -1.737462e+107  -1.000000e+00  -1.000000e+00  1.000000e+00
2.212216e+02  2.816077e+03  1.146690e+03  2.355409e+03  2.212216e+02  2.160526e+00  2.082115e+00  7.841100e-02  9.280858e+00  9.280858e+00  4.579975e+00  3.629200e-02  3.438373e-01  7.893541e-01  7.893569e-01  1.070486e-02  1.484992e+00  6.206930e+05  1.475142e+04  3.085692e+57  8.929287e+56  -1.675291e-06  -1.373859e+107  -1.000000e+00  -1.000000e+00  1.000000e+00
2.212216e+02  3.130319e+03  1.146690e+03  2.669651e+03  2.212216e+02  2.148483e+00  2.081397e+00  6.708600e-02  9.198574e+00  9.198574e+00  4.344386e+00  3.122500e-02  3.449793e-01  7.959331e-01  7.959354e-01  1.021847e-02  1.394214e+00  6.284036e+05  1.258459e+04  3.062959e+57  7.612400e+56  -2.644200e-06  -1.170097e+107  -1.000000e+00  -1.000000e+00  1.000000e+00
2.212216e+02  3.486480e+03  1.146690e+03  3.025817e+03  2.212216e+02  2.132888e+00  2.075672e+00  5.721600e-02  9.113233e+00  9.113233e+00  4.116930e+00  2.682600e-02  3.456824e-01  8.000199e-01  8.000219e-01  9.812434e-03  1.325253e+00  6.353532e+05  1.070508e+04  3.040454e+57  6.471437e+56  -5.733669e-06  -8.864585e+106  -1.000000e+00  -1.000000e+00  1.000000e+00
2.212216e+02  3.890162e+03  1.146690e+03  3.429500e+03  2.212216e+02  2.114437e+00  2.065779e+00  4.865800e-02  9.026297e+00  9.026297e+00  3.897918e+00  2.301200e-02  3.459925e-01  8.018310e-01  8.018327e-01  9.477508e-03  1.274294e+00  6.395762e+05  9.082192e+03  3.003698e+57  5.487274e+56  -1.238209e-05  -7.472166e+106  -1.000000e+00  -1.000000e+00  1.000000e+00
2.212216e+02  4.347708e+03  1.146690e+03  3.887040e+03  2.212216e+02  2.093769e+00  2.052498e+00  4.127100e-02  8.939284e+00  8.939284e+00  3.687557e+00  1.971100e-02  3.459454e-01  8.015556e-01  8.015571e-01  9.206213e-03  1.238659e+00  6.423355e+05  7.686724e+03  2.962262e+57  4.641807e+56  -7.696698e-05  -5.695223e+106  -1.000000e+00  -1.000000e+00  1.000000e+00
2.212216e+02  4.866291e+03  1.146690e+03  4.405622e+03  2.212216e+02  2.071463e+00  2.036542e+00  3.492100e-02  8.853425e+00  8.853425e+00  3.485963e+00  1.685800e-02  3.455790e-01  7.994172e-01  7.994187e-01  8.991741e-03  1.216230e+00  6.437831e+05  6.491368e+03  2.917280e+57  3.918179e+56  -1.545722e-04  -4.169805e+106  -1.000000e+00  -1.000000e+00  1.000000e+00
2.212216e+02  5.454054e+03  1.146690e+03  4.993389e+03  2.212216e+02  2.048036e+00  2.018554e+00  2.948300e-02  8.769715e+00  8.769715e+00  3.293170e+00  1.439600e-02  3.449323e-01  7.956607e-01  7.956617e-01  8.828440e-03  1.205379e+00  6.440891e+05  5.470970e+03  2.869917e+57  3.300921e+56  2.735910e-05  -3.098953e+106  1.000000e+00  -1.000000e+00  1.000000e+00
2.212216e+02  6.120229e+03  1.146690e+03  5.659571e+03  2.212216e+02  2.023953e+00  1.999110e+00  2.484300e-02  8.689104e+00  8.689104e+00  3.109142e+00  1.227400e-02  3.440385e-01  7.905082e-01  7.905091e-01  8.710725e-03  1.204836e+00  6.434240e+05  4.602654e+03  2.821245e+57  2.776008e+56  1.376431e-05  -2.275032e+106  1.000000e+00  -1.000000e+00  1.000000e+00
2.212216e+02  6.875298e+03  1.146690e+03  6.414631e+03  2.212216e+02  1.999622e+00  1.978726e+00  2.089500e-02  8.612367e+00  8.612367e+00  2.933779e+00  1.045000e-02  3.429312e-01  7.841854e-01  7.841861e-01  8.634075e-03  1.213640e+00  6.419389e+05  3.865850e+03  2.772108e+57  2.330858e+56  9.322896e-06  -1.783601e+106  1.000000e+00  -1.000000e+00  1.000000e+00
2.212216e+02  7.731096e+03  1.146690e+03  7.270426e+03  2.212216e+02  1.975401e+00  1.957854e+00  1.754700e-02  8.540128e+00  8.540128e+00  2.766933e+00  8.883000e-03  3.416430e-01  7.769138e-01  7.769144e-01  8.592890e-03  1.230794e+00  6.389241e+05  3.242240e+03  2.716921e+57  1.954292e+56  7.073914e-06  -1.323630e+106  1.000000e+00  -1.000000e+00  1.000000e+00
2.212216e+02  8.701063e+03  1.146690e+03  8.240395e+03  2.212216e+02  1.951605e+00  1.936891e+00  1.471400e-02  8.472924e+00  8.472924e+00  2.608411e+00  7.539000e-03  3.402046e-01  7.688982e-01  7.688989e-01  8.584151e-03  1.255756e+00  6.362525e+05  2.715649e+03  2.669365e+57  1.636461e+56  7.009522e-06  -8.400857e+105  1.000000e+00  -1.000000e+00  1.000000e+00
2.212216e+02  9.800430e+03  1.146690e+03  9.339770e+03  2.212216e+02  1.928503e+00  1.916182e+00  1.232200e-02  8.411089e+00  8.411089e+00  2.457986e+00  6.389000e-03  3.386490e-01  7.603504e-01  7.603508e-01  8.603227e-03  1.287720e+00  6.331601e+05  2.271903e+03  2.623350e+57  1.368742e+56  6.222323e-06  -5.911380e+105  1.000000e+00  -1.000000e+00  1.000000e+00
2.212216e+02  1.104648e+04  1.146690e+03  1.058582e+04  2.212216e+02  1.906330e+00  1.896023e+00  1.030700e-02  8.354998e+00  8.354998e+00  2.315405e+00  5.407000e-03  3.370026e-01  7.514376e-01  7.514381e-01  8.647184e-03  1.326225e+00  6.297698e+05  1.898661e+03  2.579418e+57  1.143642e+56  5.649005e-06  -4.111727e+105  1.000000e+00  -1.000000e+00  1.000000e+00
2.212216e+02  1.245877e+04  1.146690e+03  1.199810e+04  2.212216e+02  1.885279e+00  1.876667e+00  8.612000e-03  8.304827e+00  8.304827e+00  2.180394e+00  4.568000e-03  3.352947e-01  7.423331e-01  7.423334e-01  8.712815e-03  1.370673e+00  6.261832e+05  1.585242e+03  2.537938e+57  9.546828e+55  4.852109e-06  -3.093621e+105  1.000000e+00  -1.000000e+00  1.000000e+00
2.212216e+02  1.405947e+04  1.146690e+03  1.359880e+04  2.212216e+02  1.865512e+00  1.858322e+00  7.190000e-03  8.260585e+00  8.260585e+00  2.052669e+00  3.854000e-03  3.335561e-01  7.332094e-01  7.332098e-01  8.794782e-03  1.420004e+00  6.217315e+05  1.322447e+03  2.493510e+57  7.962906e+55  4.454810e-06  -2.093273e+105  1.000000e+00  -1.000000e+00  1.000000e+00
2.212216e+02  1.587372e+04  1.146690e+03  1.541306e+04  2.212216e+02  1.847163e+00  1.841166e+00  5.997000e-03  8.222372e+00  8.222372e+00  1.931932e+00  3.247000e-03  3.318102e-01  7.241900e-01  7.241902e-01  8.891113e-03  1.473725e+00  6.180249e+05  1.102391e+03  2.457806e+57  6.636920e+55  4.521761e-06  -1.297806e+105  1.000000e+00  -1.000000e+00  1.000000e+00
2.212216e+02  1.793002e+04  1.146690e+03  1.746936e+04  2.212216e+02  1.830330e+00  1.825331e+00  4.999000e-03  8.190019e+00  8.190019e+00  1.817883e+00  2.731000e-03  3.300853e-01  7.154160e-01  7.154162e-01  8.997476e-03  1.530731e+00  6.143602e+05  9.183390e+02  2.425204e+57  5.528138e+55  4.236947e-06  -8.651278e+104  1.000000e+00  -1.000000e+00  1.000000e+00
2.212216e+02  2.025605e+04  1.146690e+03  1.979538e+04  2.212216e+02  1.815120e+00  1.810955e+00  4.165000e-03  8.163528e+00  8.163528e+00  1.710417e+00  2.295000e-03  3.284044e-01  7.069940e-01  7.069941e-01  9.108554e-03  1.589692e+00  6.108088e+05  7.648238e+02  2.395822e+57  4.603503e+55  4.105495e-06  -6.329275e+104  1.000000e+00  -1.000000e+00  1.000000e+00
3.039195e+02  1.030404e+02  1.477912e+03  1.000000e+00  3.039195e+02  1.990074e+00  7.170000e-04  1.989357e+00  1.587390e+01  1.943571e+00  1.587390e+01  9.996400e-01  1.851685e-01  2.602188e-01  3.069965e-02  2.227042e-02  6.820330e+01  1.074369e+02  4.084464e+05  9.033518e+53  2.593664e+58  -4.262341e-07  -1.404128e+107  -1.000000e+00  -1.000000e+00  0.000000e+00
3.039195e+02  1.076573e+02  1.477912e+03  1.133400e+00  3.039195e+02  1.990085e+00  8.430000e-04  1.989241e+00  1.587613e+01  1.990611e+00  1.587613e+01  9.995760e-01  1.851435e-01  2.601686e-01  3.221660e-02  2.227922e-02  6.827622e+01  1.265729e+02  4.084012e+05  1.061606e+54  2.593712e+58  -4.650690e-07  -1.389404e+107  -1.000000e+00  -1.000000e+00  0.000000e+00
3.039195e+02  1.131115e+02  1.477912e+03  1.284600e+00  3.039195e+02  1.990099e+00  9.910000e-04  1.989108e+00  1.587865e+01  2.039919e+00  1.587865e+01  9.995020e-01  1.851155e-01  2.601125e-01  3.384593e-02  2.228924e-02  6.835858e+01  1.489322e+02  4.083507e+05  1.244506e+54  2.593772e+58  -2.278697e-07  -1.410688e+107  -1.000000e+00  -1.000000e+00  0.000000e+00
3.039195e+02  1.191072e+02  1.477912e+03  1.456000e+00  3.039195e+02  1.990093e+00  1.164000e-03  1.988929e+00  1.588144e+01  2.091660e+00  1.588144e+01  9.994150e-01  1.850824e-01  2.600464e-01  3.559914e-02  2.230071e-02  6.845591e+01  1.751661e+02  4.082861e+05  1.457531e+54  2.593787e+58  2.372936e-07  -1.587358e+107  1.000000e+00  -1.000000e+00  0.000000e+00
3.039195e+02  1.250167e+02  1.477912e+03  1.650300e+00  3.039195e+02  1.990078e+00  1.367000e-03  1.988711e+00  1.588465e+01  2.145915e+00  1.588465e+01  9.993130e-01  1.850437e-01  2.599689e-01  3.748527e-02  2.231308e-02  6.856477e+01  2.059590e+02  4.082111e+05  1.706129e+54  2.593796e+58  4.871274e-07  -1.757136e+107  1.000000e+00  -1.000000e+00  0.000000e+00
3.039195e+02  1.316026e+02  1.477912e+03  1.870400e+00  3.039195e+02  1.990042e+00  1.605000e-03  1.988437e+00  1.588821e+01  2.202821e+00  1.588821e+01  9.991940e-01  1.849988e-01  2.598792e-01  3.951594e-02  2.232725e-02  6.869071e+01  2.421239e+02  4.081207e+05  1.996640e+54  2.593769e+58  8.150100e-07  -1.997922e+107  1.000000e+00  -1.000000e+00  0.000000e+00
3.039195e+02  1.379494e+02  1.477912e+03  2.120000e+00  3.039195e+02  1.989973e+00  1.883000e-03  1.988090e+00  1.589213e+01  2.262479e+00  1.589213e+01  9.990540e-01  1.849468e-01  2.597753e-01  4.170226e-02  2.234381e-02  6.883850e+01  2.846271e+02  4.080094e+05  2.336577e+54  2.593673e+58  1.032928e-06  -1.844907e+107  1.000000e+00  -1.000000e+00  0.000000e+00
3.039195e+02  1.527256e+02  1.477912e+03  2.402800e+00  3.039195e+02  1.989888e+00  2.196000e-03  1.987691e+00  1.589651e+01  2.322008e+00  1.589651e+01  9.988960e-01  1.848879e-01  2.596574e-01  4.394202e-02  2.236206e-02  6.900265e+01  3.325090e+02  4.078820e+05  2.717981e+54  2.593550e+58  1.115911e-06  -3.065273e+107  1.000000e+00  -1.000000e+00  0.000000e+00
3.039195e+02  1.576382e+02  1.477912e+03  2.723400e+00  3.039195e+02  1.989786e+00  2.567000e-03  1.987219e+00  1.590153e+01  2.384533e+00  1.590153e+01  9.987100e-01  1.848200e-01  2.595218e-01  4.636010e-02  2.238234e-02  6.919418e+01  3.892707e+02  4.077375e+05  3.168441e+54  2.593413e+58  1.332523e-06  -4.013467e+107  1.000000e+00  -1.000000e+00  0.000000e+00
3.039195e+02  1.627167e+02  1.477912e+03  3.086700e+00  3.039195e+02  1.989600e+00  3.008000e-03  1.986591e+00  1.590697e+01  2.451333e+00  1.590697e+01  9.984880e-01  1.847395e-01  2.593609e-01  4.901566e-02  2.240562e-02  6.941783e+01  4.571696e+02  4.075507e+05  3.705503e+54  2.593096e+58  1.645387e-06  -4.622136e+107  1.000000e+00  -1.000000e+00  0.000000e+00
3.039195e+02  1.679681e+02  1.477912e+03  3.498500e+00  3.039195e+02  1.989367e+00  3.534000e-03  1.985833e+00  1.591324e+01  2.522574e+00  1.591324e+01  9.982240e-01  1.846452e-01  2.591726e-01  5.192810e-02  2.243624e-02  6.987917e+01  5.381900e+02  4.073355e+05  4.344339e+54  2.592719e+58  1.841072e-06  -5.298926e+107  1.000000e+00  -1.000000e+00  0.000000e+00
3.039195e+02  1.734000e+02  1.477912e+03  3.965200e+00  3.039195e+02  1.989036e+00  4.158000e-03  1.984879e+00  1.592029e+01  2.598497e+00  1.592029e+01  9.979100e-01  1.845327e-01  2.589480e-01  5.512139e-02  2.246097e-02  6.997839e+01  6.347538e+02  4.070716e+05  5.103392e+54  2.592163e+58  2.060198e-06  -6.074413e+107  1.000000e+00  -1.000000e+00  0.000000e+00
3.039195e+02  1.790190e+02  1.477912e+03  4.494300e+00  3.039195e+02  1.988596e+00  4.898000e-03  1.983699e+00  1.592798e+01  2.679318e+00  1.592798e+01  9.975370e-01  1.844028e-01  2.586889e-01  5.862019e-02  2.249423e-02  7.032992e+01  7.497650e+02  4.067530e+05  6.004709e+54  2.591392e+58  2.249892e-06  -6.956317e+107  1.000000e+00  -1.000000e+00  0.000000e+00
3.039195e+02  1.848335e+02  1.477912e+03  5.093900e+00  3.039195e+02  1.988012e+00  5.775000e-03  1.982237e+00  1.593657e+01  2.765232e+00  1.593657e+01  9.970950e-01  1.842493e-01  2.583830e-01  6.244995e-02  2.253082e-02  7.073841e+01  8.866981e+02  4.063682e+05  7.074540e+54  2.590352e+58  2.433545e-06  -7.966858e+107  1.000000e+00  -1.000000e+00  0.000000e+00
3.039195e+02  1.908524e+02  1.477912e+03  5.773400e+00  3.039195e+02  1.987235e+00  6.813000e-03  1.980422e+00  1.594577e+01  2.856531e+00  1.594577e+01  9.965710e-01  1.840710e-01  2.580279e-01  6.664158e-02  2.257168e-02  7.121046e+01  1.049700e+03  4.058980e+05  8.343998e+54  2.588925e+58  2.599190e-06  -9.110913e+107  1.000000e+00  -1.000000e+00  0.000000e+00
3.039195e+02  1.970844e+02  1.477912e+03  6.543700e+00  3.039195e+02  1.986252e+00  8.043000e-03  1.978209e+00  1.595607e+01  2.953448e+00  1.595607e+01  9.959510e-01  1.838611e-01  2.576102e-01  7.122537e-02  2.261759e-02  7.176538e+01  1.243732e+03  4.053374e+05  9.850240e+54  2.587114e+58  2.753505e-06  -1.040028e+108  1.000000e+00  -1.000000e+00  0.000000e+00
3.039195e+02  2.035396e+02  1.477912e+03  7.416700e+00  3.039195e+02  1.985016e+00  9.498000e-03  1.975517e+00  1.596735e+01  3.056011e+00  1.596735e+01  9.952150e-01  1.836170e-01  2.571248e-01  7.622468e-02  2.266776e-02  7.240126e+01  1.474685e+03  4.046708e+05  1.163704e+55  2.584821e+58  2.896598e-06  -1.187256e+108  1.000000e+00  -1.000000e+00  0.000000e+00
3.039195e+02  2.102287e+02  1.477912e+03  8.406200e+00  3.039195e+02  1.983432e+00  1.121900e-02  1.972213e+00  1.597935e+01  3.164690e+00  1.597935e+01  9.943440e-01  1.833327e-01  2.565604e-01  8.168217e-02  2.272354e-02  7.314411e+01  1.749663e+03  4.038626e+05  1.375698e+55  2.581831e+58  3.029892e-06  -1.354576e+108  1.000000e+00  -1.000000e+00  0.000000e+00
3.039195e+02  2.171631e+02  1.477912e+03  9.527700e+00  3.039195e+02  1.981459e+00  1.325400e-02  1.968206e+00  1.599226e+01  3.279658e+00  1.599226e+01  9.933110e-01  1.830025e-01  2.559058e-01  8.762970e-02  2.278433e-02  7.400688e+01  2.077103e+03  4.028991e+05  1.627181e+55  2.578075e+58  2.673131e-06  -1.400687e+108  1.000000e+00  -1.000000e+00  0.000000e+00
3.039195e+02  4.714565e+02  1.477912e+03  1.079880e+01  3.039195e+02  1.980421e+00  1.481000e-02  1.965611e+00  1.600691e+01  3.353091e+00  1.600691e+01  9.925220e-01  1.827392e-01  2.553845e-01  9.144702e-02  2.284896e-02  7.475113e+01  2.328105e+03  4.022114e+05  1.819173e+55  2.576149e+58  1.971724e-06  -4.499487e+108  1.000000e+00  -1.000000e+00  1.000000e+00
3.039195e+02  4.728972e+02  1.477912e+03  1.223950e+01  3.039195e+02  1.979830e+00  1.623200e-02  1.963598e+00  1.602418e+01  3.401873e+00  1.602418e+01  9.918010e-01  1.824877e-01  2.548874e-01  9.405490e-02  2.292201e-02  7.550971e+01  2.555889e+03  4.016228e+05  1.992285e+55  2.575141e+58  1.835477e-06  -4.774180e+108  1.000000e+00  -1.000000e+00  1.000000e+00
3.039195e+02  4.745300e+02  1.477912e+03  1.387240e+01  3.039195e+02  1.978779e+00  1.805000e-02  1.960729e+00  1.604371e+01  3.456832e+00  1.604371e+01  9.908780e-01  1.821688e-01  2.542576e-01  9.712740e-02  2.300665e-02  7.645195e+01  2.845597e+03  4.008349e+05  2.211692e+55  2.573270e+58  2.260754e-06  -5.343429e+108  1.000000e+00  -1.000000e+00  1.000000e+00
3.039195e+02  4.763807e+02  1.477912e+03  1.572320e+01  3.039195e+02  1.977164e+00  2.031500e-02  1.956848e+00  1.606535e+01  3.518420e+00  1.606535e+01  9.897250e-01  1.817750e-01  2.534813e-01  1.007028e-01  2.310279e-02  7.760778e+01  3.210222e+03  3.998133e+05  2.486868e+55  2.570322e+58  2.563033e-06  -5.833529e+108  1.000000e+00  -1.000000e+00  1.000000e+00
3.039195e+02  4.784787e+02  1.477912e+03  1.782080e+01  3.039195e+02  1.974893e+00  2.310000e-02  1.951793e+00  1.608916e+01  3.587559e+00  1.608916e+01  9.883030e-01  1.812976e-01  2.525420e-01  1.048491e-01  2.321085e-02  7.900391e+01  3.655075e+03  3.985268e+05  2.821510e+55  2.566126e+58  2.805218e-06  -6.310391e+108  1.000000e+00  -1.000000e+00  1.000000e+00
3.039195e+02  4.808563e+02  1.477912e+03  2.019840e+01  3.039195e+02  1.971793e+00  2.649400e-02  1.945299e+00  1.611513e+01  3.664713e+00  1.611513e+01  9.865630e-01  1.807213e-01  2.514111e-01  1.096213e-01  2.333199e-02  8.068934e+01  4.207791e+03  3.969197e+05  3.235832e+55  2.560334e+58  3.023356e-06  -6.803590e+108  1.000000e+00  -1.000000e+00  1.000000e+00
3.039195e+02  4.835509e+02  1.477912e+03  2.289310e+01  3.039195e+02  1.967660e+00  3.060800e-02  1.937052e+00  1.614282e+01  3.750455e+00  1.614282e+01  9.844450e-01  1.800331e-01  2.500647e-01  1.150841e-01  2.346493e-02  8.271114e+01  4.880285e+03  3.949258e+05  3.738084e+55  2.552528e+58  3.212631e-06  -7.268210e+108  1.000000e+00  -1.000000e+00  1.000000e+00
3.039195e+02  4.866048e+02  1.477912e+03  2.594730e+01  3.039195e+02  1.962250e+00  3.556900e-02  1.926681e+00  1.617200e+01  3.845323e+00  1.617200e+01  9.818730e-01  1.792142e-01  2.484680e-01  1.213046e-01  2.361022e-02  8.514144e+01  5.704607e+03  3.924705e+05  4.351366e+55  2.542228e+58  3.382514e-06  -7.699474e+108  1.000000e+00  -1.000000e+00  1.000000e+00
3.039195e+02  4.900671e+02  1.477912e+03  2.940900e+01  3.039195e+02  1.955267e+00  4.153100e-02  1.913737e+00  1.620186e+01  3.949780e+00  1.620186e+01  9.787600e-01  1.782473e-01  2.465908e-01  1.283500e-01  2.376653e-02  8.805749e+01  6.695059e+03  3.894639e+05  5.085020e+55  2.528819e+58  3.535313e-06  -8.111766e+108  1.000000e+00  -1.000000e+00  1.000000e+00
3.039195e+02  4.939909e+02  1.477912e+03  3.333260e+01  3.039195e+02  1.946350e+00  4.866900e-02  1.897681e+00  1.623145e+01  4.064431e+00  1.623145e+01  9.749950e-01  1.771109e-01  2.443951e-01  1.362956e-01  2.393188e-02  9.154960e+01  7.898203e+03  3.857996e+05  5.972094e+55  2.511564e+58  3.692404e-06  -8.546524e+108  1.000000e+00  -1.000000e+00  1.000000e+00
3.039195e+02  4.984378e+02  1.477912e+03  3.777960e+01  3.039195e+02  1.935059e+00  5.719100e-02  1.877868e+00  1.625919e+01  4.189708e+00  1.625919e+01  9.704450e-01  1.757831e-01  2.418443e-01  1.452099e-01  2.410178e-02  9.573542e+01  9.357360e+03  3.813508e+05  7.042572e+55  2.489546e+58  3.829610e-06  -8.908740e+108  1.000000e+00  -1.000000e+00  1.000000e+00
3.039195e+02  5.034775e+02  1.477912e+03  4.281980e+01  3.039195e+02  1.920891e+00  6.733600e-02  1.853555e+00  1.628294e+01  4.325991e+00  1.628294e+01  9.649450e-01  1.742415e-01  2.389025e-01  1.551578e-01  2.426945e-02  1.007411e+02  1.109276e+04  3.759770e+05  8.308194e+55  2.461714e+58  3.972997e-06  -9.250118e+108  1.000000e+00  -1.000000e+00  1.000000e+00
3.039195e+02  5.091908e+02  1.477912e+03  4.853260e+01  3.039195e+02  1.903229e+00  7.937800e-02  1.823851e+00  1.629915e+01  4.473563e+00  1.629915e+01  9.582930e-01  1.724677e-01  2.355432e-01  1.661963e-01  2.442497e-02  1.067114e+02  1.322128e+04  3.695059e+05  9.851882e+55  2.426723e+58  4.134871e-06  -9.623312e+108  1.000000e+00  -1.000000e+00  1.000000e+00
3.039195e+02  5.156662e+02  1.477912e+03  5.500740e+01  3.039195e+02  1.881398e+00  9.363000e-02  1.787768e+00  1.630358e+01  4.632710e+00  1.630358e+01  9.502340e-01  1.704430e-01  2.317420e-01  1.783747e-01  2.455261e-02  1.137899e+02  1.579057e+04  3.617579e+05  1.170329e+56  2.383113e+58  4.264813e-06  -9.865808e+108  1.000000e+00  -1.000000e+00  1.000000e+00
3.039195e+02  5.230050e+02  1.477912e+03  6.234610e+01  3.039195e+02  1.854632e+00  1.104490e-01  1.744184e+00  1.628956e+01  4.803617e+00  1.628956e+01  9.404470e-01  1.681628e-01  2.275028e-01  1.917271e-01  2.463026e-02  1.221034e+02  1.883059e+04  3.525274e+05  1.387660e+56  2.329137e+58  4.408888e-06  -1.010799e+109  1.000000e+00  -1.000000e+00  1.000000e+00
3.039195e+02  5.313221e+02  1.477912e+03  7.066390e+01  3.039195e+02  1.822193e+00  1.302360e-01  1.691957e+00  1.624864e+01  4.986299e+00  1.624864e+01  9.285280e-01  1.656376e-01  2.228588e-01  2.062643e-01  2.462643e-02  1.316849e+02  2.254051e+04  3.416214e+05  1.651060e+56  2.263032e+58  4.556765e-06  -1.013840e+109  1.000000e+00  -1.000000e+00  1.000000e+00
3.039195e+02  5.407496e+02  1.477912e+03  8.009140e+01  3.039195e+02  1.783279e+00  1.534370e-01  1.629842e+00  1.616830e+01  5.180635e+00  1.616830e+01  9.139580e-01  1.629058e-01  2.178937e-01  2.219715e-01  2.449668e-02  1.423417e+02  2.690837e+04  3.288197e+05  1.958246e+56  2.182703e+58  4.704909e-06  -1.022606e+109  1.000000e+00  -1.000000e+00  1.000000e+00
3.039195e+02  5.514360e+02  1.477912e+03  9.077660e+01  3.039195e+02  1.737418e+00  1.805480e-01  1.556870e+00  1.603300e+01  5.386391e+00  1.603300e+01  8.960830e-01  1.600557e-01  2.127774e-01  2.388042e-01  2.418426e-02  1.534913e+02  3.220808e+04  3.139808e+05  2.327954e+56  2.086523e+58  4.883642e-06  -1.005313e+109  1.000000e+00  -1.000000e+00  1.000000e+00
3.039195e+02  5.635472e+02  1.477912e+03  1.028874e+02  3.039195e+02  1.684493e+00  2.121030e-01  1.472390e+00  1.582208e+01  5.603191e+00  1.582208e+01  8.740850e-01  1.572488e-01  2.078013e-01  2.566825e-01  2.361803e-02  1.637621e+02  3.851850e+04  2.970182e+05  2.763822e+56  1.973172e+58  5.050426e-06  -9.804383e+108  1.000000e+00  -1.000000e+00  1.000000e+00
3.039195e+02  5.772730e+02  1.477912e+03  1.166139e+02  3.039195e+02  1.625289e+00  2.486770e-01  1.376612e+00  1.551148e+01  5.830490e+00  1.551148e+01  8.469950e-01  1.547601e-01  2.034402e-01  2.754872e-01  2.272295e-02  1.706375e+02  4.599769e+04  2.780187e+05  3.274910e+56  1.842628e+58  5.230221e-06  -9.480436e+108  1.000000e+00  -1.000000e+00  1.000000e+00
3.039195e+02  5.928297e+02  1.477912e+03  1.321717e+02  3.039195e+02  1.561867e+00  2.908690e-01  1.270998e+00  1.507581e+01  6.067523e+00  1.507581e+01  8.137680e-01  1.530189e-01  2.004169e-01  2.950581e-01  2.143843e-02  1.703651e+02  5.481269e+04  2.572923e+05  3.870188e+56  1.696690e+58  5.485643e-06  -8.929561e+108  1.000000e+00  -1.000000e+00  1.000000e+00
3.039195e+02  6.104652e+02  1.477912e+03  1.498051e+02  3.039195e+02  1.498046e+00  3.392890e-01  1.158757e+00  1.449530e+01  6.313381e+00  1.449530e+01  7.735120e-01  1.526439e-01  1.997688e-01  3.151970e-01  1.975883e-02  1.589563e+02  6.533474e+04  2.354521e+05  4.573267e+56  1.539793e+58  5.832650e-06  -7.833503e+108  1.000000e+00  -1.000000e+00  1.000000e+00
3.039195e+02  6.304521e+02  1.477912e+03  1.697911e+02  3.039195e+02  1.439495e+00  3.945250e-01  1.044970e+00  1.376714e+01  6.566915e+00  1.376714e+01  7.259280e-01  1.544358e-01  2.028754e-01  3.356694e-01  1.778959e-02  1.349995e+02  7.760432e+04  2.134236e+05  5.381972e+56  1.379291e+58  6.407232e-06  -7.173712e+108  1.000000e+00  -1.000000e+00  1.000000e+00
3.039195e+02  6.531038e+02  1.477912e+03  1.924434e+02  3.039195e+02  1.392908e+00  4.571140e-01  9.357940e-01  1.291707e+01  6.826248e+00  1.291707e+01  6.718280e-01  1.592722e-01  2.113823e-01  3.562253e-01  1.579371e-02  1.027278e+02  9.178574e+04  1.922864e+05  6.302761e+56  1.224262e+58  9.365782e-06  -5.642775e+108  1.000000e+00  -1.000000e+00  1.000000e+00
3.039195e+02  6.787757e+02  1.477912e+03  2.181178e+02  3.039195e+02  1.364386e+00  5.274880e-01  8.368980e-01  1.200321e+01  7.089823e+00  1.200321e+01  6.133880e-01  1.678888e-01  2.269962e-01  3.765989e-01  1.419563e-02  7.095735e+01  1.083229e+05  1.730111e+05  7.362132e+56  1.083282e+58  -6.585995e-05  -4.155603e+108  -1.000000e+00  -1.000000e+00  1.000000e+00
3.039195e+02  7.078781e+02  1.477912e+03  2.472176e+02  3.039195e+02  1.357559e+00  6.059160e-01  7.516430e-01  1.110227e+01  7.355303e+00  1.110227e+01  5.536720e-01  1.806046e-01  2.511825e-01  3.965417e-01  1.351780e-02  4.689926e+01  1.274395e+05  1.561501e+05  8.569325e+56  9.616332e+57  -1.769472e-06  -2.376877e+108  -1.000000e+00  -1.000000e+00  1.000000e+00
3.039195e+02  7.408620e+02  1.477912e+03  2.801996e+02  3.039195e+02  1.372793e+00  6.924290e-01  6.803640e-01  1.028124e+01  7.619895e+00  1.028124e+01  4.956050e-01  1.972155e-01  2.850446e-01  4.158429e-01  1.427475e-02  3.189856e+01  1.489093e+05  1.417315e+05  9.899453e+56  8.601651e+57  2.454424e-06  -1.274559e+108  1.000000e+00  -1.000000e+00  1.000000e+00
3.039195e+02  7.782441e+02  1.477912e+03  3.175819e+02  3.039195e+02  1.407790e+00  7.867480e-01  6.210420e-01  9.581306e+00  7.880703e+00  9.581306e+00  4.411470e-01  2.170175e-01  3.292455e-01  4.343305e-01  1.684775e-02  2.333325e+01  1.731191e+05  1.293883e+05  1.137342e+57  7.762521e+57  3.041806e-06  -2.097809e+107  1.000000e+00  -1.000000e+00  1.000000e+00
3.039195e+02  8.206108e+02  1.477912e+03  3.599514e+02  3.039195e+02  1.458811e+00  8.882090e-01  5.706020e-01  9.014167e+00  8.133723e+00  9.014167e+00  3.911420e-01  2.390314e-01  3.841746e-01  4.519527e-01  2.134198e-02  1.823342e+01  2.000269e+05  1.185878e+05  1.298048e+57  7.056523e+57  3.223481e-06  2.529853e+107  1.000000e+00  1.000000e+00  1.000000e+00
3.039195e+02  8.686339e+02  1.477912e+03  4.079736e+02  3.039195e+02  1.521690e+00  9.957200e-01  5.259700e-01  8.571484e+00  8.375681e+00  8.571484e+00  3.456490e-01  2.622115e-01  4.500720e-01  4.686621e-01  2.749335e-02  1.478444e+01  2.289101e+05  1.088177e+05  1.466012e+57  6.440702e+57  3.219426e-06  5.828831e+107  1.000000e+00  1.000000e+00  1.000000e+00
3.039195e+02  9.230662e+02  1.477912e+03  4.624025e+02  3.039195e+02  1.592381e+00  1.107741e+00  4.846400e-01  8.602477e+00  8.602477e+00  8.232306e+00  3.043490e-01  2.734041e-01  4.854533e-01  4.854693e-01  2.771204e-02  1.209338e+01  2.605847e+05  9.968220e+04  1.646869e+57  5.879794e+57  3.130803e-06  6.415329e+107  1.000000e+00  1.000000e+00  1.000000e+00
3.039195e+02  9.847572e+02  1.477912e+03  5.240930e+02  3.039195e+02  1.667150e+00  1.222142e+00  4.450090e-01  8.808052e+00  8.808052e+00  7.954451e+00  2.669280e-01  2.795610e-01  5.060548e-01  5.060680e-01  2.550837e-02  9.958836e+00  2.932450e+05  9.094908e+04  1.826797e+57  5.351066e+57  3.066075e-06  3.878227e+107  1.000000e+00  1.000000e+00  1.000000e+00
3.039195e+02  1.054675e+03  1.477912e+03  5.940138e+02  3.039195e+02  1.742581e+00  1.336102e+00  4.064790e-01  8.986603e+00  8.986603e+00  7.693380e+00  2.332630e-01  2.864040e-01  5.299896e-01  5.300017e-01  2.370541e-02  8.200881e+00  3.267535e+05  8.254766e+04  2.004821e+57  4.845547e+57  2.884332e-06  3.560921e+107  1.000000e+00  1.000000e+00  1.000000e+00
3.039195e+02  1.133922e+03  1.477912e+03  6.732629e+02  3.039195e+02  1.815608e+00  1.446394e+00  3.692130e-01  9.135414e+00  9.135414e+00  7.428349e+00  2.033550e-01  2.935455e-01  5.562265e-01  5.562378e-01  2.207756e-02  6.752784e+00  3.612665e+05  7.451520e+04  2.182527e+57  4.364394e+57  2.706222e-06  2.303069e+107  1.000000e+00  1.000000e+00  1.000000e+00
3.039195e+02  1.223749e+03  1.477912e+03  7.630849e+02  3.039195e+02  1.883644e+00  1.550154e+00  3.334900e-01  9.253296e+00  9.253296e+00  7.160378e+00  1.770450e-01  3.006659e-01  5.837775e-01  5.837878e-01  2.053556e-02  5.571789e+00  3.944933e+05  6.690084e+04  2.343552e+57  3.910204e+57  2.547880e-06  3.548686e+106  1.000000e+00  1.000000e+00  1.000000e+00
3.039195e+02  1.325556e+03  1.477912e+03  8.648903e+02  3.039195e+02  1.944747e+00  1.645195e+00  2.995520e-01  9.340995e+00  9.340995e+00  6.890546e+00  1.540310e-01  3.075045e-01  6.116650e-01  6.116743e-01  1.906138e-02  4.621802e+00  4.266730e+05  5.974394e+04  2.490791e+57  3.484981e+57  2.321336e-06  -5.229380e+106  1.000000e+00  -1.000000e+00  1.000000e+00
3.039195e+02  1.440942e+03  1.477912e+03  9.802778e+02  3.039195e+02  1.997650e+00  1.730055e+00  2.675950e-01  9.400151e+00  9.400151e+00  6.619966e+00  1.339550e-01  3.138818e-01  6.390438e-01  6.390524e-01  1.766533e-02  3.865471e+00  4.573270e+05  5.307335e+04  2.621953e+57  3.090102e+57  2.074523e-06  -1.170945e+107  1.000000e+00  -1.000000e+00  1.000000e+00
3.039195e+02  1.571717e+03  1.477912e+03  1.111060e+03  3.039195e+02  2.041704e+00  1.803938e+00  2.377650e-01  9.433044e+00  9.433044e+00  6.349763e+00  1.164540e-01  3.196852e-01  6.652111e-01  6.652190e-01  1.637997e-02  3.270463e+00  4.860747e+05  4.690707e+04  2.735701e+57  2.726316e+57  1.810081e-06  -1.586632e+107  1.000000e+00  -1.000000e+00  1.000000e+00
3.039195e+02  1.719954e+03  1.477912e+03  1.259289e+03  3.039195e+02  2.076770e+00  1.866610e+00  2.101600e-01  9.442429e+00  9.442429e+00  6.081048e+00  1.011960e-01  3.248526e-01  6.895971e-01  6.896042e-01  1.520196e-02  2.801410e+00  5.126031e+05  4.125264e+04  2.831185e+57  2.393774e+57  1.564302e-06  -1.831063e+107  1.000000e+00  -1.000000e+00  1.000000e+00
3.039195e+02  1.887962e+03  1.477912e+03  1.427295e+03  3.039195e+02  2.103097e+00  1.918272e+00  1.848250e-01  9.431373e+00  9.431373e+00  5.814898e+00  8.788200e-02  3.293564e-01  7.117485e-01  7.117549e-01  1.414308e-02  2.432890e+00  5.357217e+05  3.610775e+04  2.901030e+57  2.092071e+57  1.289270e-06  -2.174311e+107  1.000000e+00  -1.000000e+00  1.000000e+00
3.039195e+02  2.078381e+03  1.477912e+03  1.617714e+03  3.039195e+02  2.121202e+00  1.959442e+00  1.617600e-01  9.402720e+00  9.402720e+00  5.552333e+00  7.625900e-02  3.332040e-01  7.313791e-01  7.313848e-01  1.320064e-02  2.142657e+00  5.563435e+05  3.146136e+04  2.953507e+57  1.820322e+57  9.329838e-07  -1.917938e+107  1.000000e+00  -1.000000e+00  1.000000e+00
3.039195e+02  2.294199e+03  1.477912e+03  1.833538e+03  3.039195e+02  2.131782e+00  1.990859e+00  1.409230e-01  9.359538e+00  9.359538e+00  5.294298e+00  6.610600e-02  3.364109e-01  7.482671e-01  7.482723e-01  1.237361e-02  1.914457e+00  5.744683e+05  2.729504e+04  2.989813e+57  1.577240e+57  5.229867e-07  -1.720689e+107  1.000000e+00  -1.000000e+00  1.000000e+00
3.039195e+02  2.538819e+03  1.477912e+03  2.078156e+03  3.039195e+02  2.135627e+00  2.013391e+00  1.222360e-01  9.304280e+00  9.304280e+00  5.041650e+00  5.723600e-02  3.390191e-01  7.623731e-01  7.623777e-01  1.165554e-02  1.735083e+00  5.901195e+05  2.358443e+04  3.011293e+57  1.361223e+57  8.024834e-09  -1.500022e+107  1.000000e+00  -1.000000e+00  1.000000e+00
3.039195e+02  2.816077e+03  1.477912e+03  2.355409e+03  3.039195e+02  2.133572e+00  2.027980e+00  1.055920e-01  9.239662e+00  9.239662e+00  4.795147e+00  4.949100e-02  3.410616e-01  7.736611e-01  7.736652e-01  1.103749e-02  1.594464e+00  6.023967e+05  2.030076e+04  3.012206e+57  1.170442e+57  -5.638004e-07  -1.367466e+107  -1.000000e+00  -1.000000e+00  1.000000e+00
3.039195e+02  3.130319e+03  1.477912e+03  2.669651e+03  3.039195e+02  2.126452e+00  2.035587e+00  9.086500e-02  9.167872e+00  9.167872e+00  4.555439e+00  4.273100e-02  3.425853e-01  7.822242e-01  7.822277e-01  1.050919e-02  1.484685e+00  6.134765e+05  1.741227e+04  3.009408e+57  1.002926e+57  -1.603440e-06  -1.029087e+107  -1.000000e+00  -1.000000e+00  1.000000e+00
3.039195e+02  3.486480e+03  1.477912e+03  3.025817e+03  3.039195e+02  2.115073e+00  2.037160e+00  7.791400e-02  9.091103e+00  9.091103e+00  4.323070e+00  3.683700e-02  3.436295e-01  7.881649e-01  7.881679e-01  1.006819e-02  1.400903e+00  6.214446e+05  1.488557e+04  2.989199e+57  8.566320e+56  -3.093904e-06  -9.440065e+106  -1.000000e+00  -1.000000e+00  1.000000e+00
3.039195e+02  3.890162e+03  1.477912e+03  3.429500e+03  3.039195e+02  2.100199e+00  2.033612e+00  6.658700e-02  9.011135e+00  9.011135e+00  4.098475e+00  3.170500e-02  3.442411e-01  7.916720e-01  7.916746e-01  9.700324e-03  1.337771e+00  6.275444e+05  1.268681e+04  2.961259e+57  7.295123e+56  -5.773485e-06  -7.156208e+106  -1.000000e+00  -1.000000e+00  1.000000e+00
3.039195e+02  4.347708e+03  1.477912e+03  3.887040e+03  3.039195e+02  2.082536e+00  2.025802e+00  5.673400e-02  8.929577e+00  8.929577e+00  3.881988e+00  2.724300e-02  3.444635e-01  7.929526e-01  7.929548e-01  9.400347e-03  1.292221e+00  6.319593e+05  1.078256e+04  2.927167e+57  6.195661e+56  -7.945914e-06  -5.197848e+106  -1.000000e+00  -1.000000e+00  1.000000e+00
3.039195e+02  4.866291e+03  1.477912e+03  4.405622e+03  3.039195e+02  2.062733e+00  2.014529e+00  4.820400e-02  8.848115e+00  8.848115e+00  3.673842e+00  2.336900e-02  3.443292e-01  7.921792e-01  7.921811e-01  9.159660e-03  1.261592e+00  6.358605e+05  9.140633e+03  2.895757e+57  5.248787e+56  -1.206586e-04  -3.789325e+106  -1.000000e+00  -1.000000e+00  1.000000e+00
3.039195e+02  5.454054e+03  1.477912e+03  4.993389e+03  3.039195e+02  2.041369e+00  2.000518e+00  4.085200e-02  8.767652e+00  8.767652e+00  3.474180e+00  2.001200e-02  3.438903e-01  7.896580e-01  7.896596e-01  8.970293e-03  1.243414e+00  6.374363e+05  7.730603e+03  2.853424e+57  4.436511e+56  -1.719127e-04  -3.060721e+106  -1.000000e+00  -1.000000e+00  1.000000e+00
3.039195e+02  6.120229e+03  1.477912e+03  5.659571e+03  3.039195e+02  2.018972e+00  1.984432e+00  3.454000e-02  8.689578e+00  8.689578e+00  3.283065e+00  1.710800e-02  3.431730e-01  7.855608e-01  7.855621e-01  8.834834e-03  1.237489e+00  6.378692e+05  6.524168e+03  2.808847e+57  3.742184e+56  2.425492e-05  -2.378651e+106  1.000000e+00  -1.000000e+00  1.000000e+00
3.039195e+02  6.875298e+03  1.477912e+03  6.414631e+03  3.039195e+02  1.996004e+00  1.966862e+00  2.914200e-02  8.614665e+00  8.614665e+00  3.100488e+00  1.460000e-02  3.422194e-01  7.801564e-01  7.801576e-01  8.739217e-03  1.241247e+00  6.364471e+05  5.495384e+03  2.756430e+57  3.150603e+56  9.974038e-06  -1.795543e+106  1.000000e+00  -1.000000e+00  1.000000e+00
3.039195e+02  7.731096e+03  1.477912e+03  7.270426e+03  3.039195e+02  1.972873e+00  1.948333e+00  2.454000e-02  8.543757e+00  8.543757e+00  2.926375e+00  1.243900e-02  3.410609e-01  7.736567e-01  7.736579e-01  8.683405e-03  1.254410e+00  6.351219e+05  4.620752e+03  2.710484e+57  2.648047e+56  9.565554e-06  -1.156010e+106  1.000000e+00  -1.000000e+00  1.000000e+00
3.039195e+02  8.701063e+03  1.477912e+03  8.240395e+03  3.039195e+02  1.949937e+00  1.929307e+00  2.063000e-02  8.477318e+00  8.477318e+00  2.760603e+00  1.058000e-02  3.397377e-01  7.663198e-01  7.663206e-01  8.659970e-03  1.275576e+00  6.331282e+05  3.879213e+03  2.664948e+57  2.222253e+56  7.805408e-06  -8.260893e+105  1.000000e+00  -1.000000e+00  1.000000e+00
3.039195e+02  9.800430e+03  1.477912e+03  9.339770e+03  3.039195e+02  1.927505e+00  1.910189e+00  1.731500e-02  8.415988e+00  8.415988e+00  2.602999e+00  8.983000e-03  3.382766e-01  7.583229e-01  7.583235e-01  8.667912e-03  1.304557e+00  6.306133e+05  3.252066e+03  2.620546e+57  1.862361e+56  6.737292e-06  -5.835374e+105  1.000000e+00  -1.000000e+00  1.000000e+00
3.039195e+02  1.104648e+04  1.477912e+03  1.058582e+04  3.039195e+02  1.905841e+00  1.891328e+00  1.451300e-02  8.360070e+00  8.360070e+00  2.453359e+00  7.615000e-03  3.367119e-01  7.498778e-01  7.498785e-01  8.701005e-03  1.340250e+00  6.277022e+05  2.722846e+03  2.577810e+57  1.558827e+56  5.593705e-06  -4.318535e+105  1.000000e+00  -1.000000e+00  1.000000e+00
3.039195e+02  1.245877e+04  1.477912e+03  1.199810e+04  3.039195e+02  1.885172e+00  1.873023e+00  1.214900e-02  8.309862e+00  8.309862e+00  2.311447e+00  6.445000e-03  3.350725e-01  7.411590e-01  7.411595e-01  8.757183e-03  1.382227e+00  6.237441e+05  2.277152e+03  2.531454e+57  1.303322e+56  4.985600e-06  -3.203579e+105  1.000000e+00  -1.000000e+00  1.000000e+00
3.039195e+02  1.405947e+04  1.477912e+03  1.359880e+04  3.039195e+02  1.865683e+00  1.855524e+00  1.015900e-02  8.265479e+00  8.265479e+00  2.177007e+00  5.445000e-03  3.333891e-01  7.323406e-01  7.323410e-01  8.832203e-03  1.429621e+00  6.203942e+05  1.902472e+03  2.493452e+57  1.088619e+56  5.036636e-06  -1.924460e+105  1.000000e+00  -1.000000e+00  1.000000e+00
3.039195e+02  1.587372e+04  1.477912e+03  1.541306e+04  3.039195e+02  1.847525e+00  1.839040e+00  8.486000e-03  8.226949e+00  8.226949e+00  2.049766e+00  4.593000e-03  3.316907e-01  7.235779e-01  7.235782e-01  8.921102e-03  1.481361e+00  6.169566e+05  1.587997e+03  2.458184e+57  9.084818e+55  4.674216e-06  -1.301134e+105  1.000000e+00  -1.000000e+00  1.000000e+00
3.039195e+02  1.793002e+04  1.477912e+03  1.746936e+04  3.039195e+02  1.830821e+00  1.823738e+00  7.082000e-03  8.194292e+00  8.194292e+00  1.929441e+00  3.868000e-03  3.300016e-01  7.149938e-01  7.149941e-01  9.022257e-03  1.536894e+00  6.135174e+05  1.324428e+03  2.425914e+57  7.575553e+55  4.359871e-06  -8.690506e+104  1.000000e+00  -1.000000e+00  1.000000e+00
3.039195e+02  2.025605e+04  1.477912e+03  1.979538e+04  3.039195e+02  1.815684e+00  1.809776e+00  5.908000e-03  8.167401e+00  8.167401e+00  1.815948e+00  3.254000e-03  3.283507e-01  7.067269e-01  7.067271e-01  9.129503e-03  1.594652e+00  6.101446e+05  1.104183e+03  2.396711e+57  6.314741e+55  4.212810e-06  -6.370837e+104  1.000000e+00  -1.000000e+00  1.000000e+00
4.175319e+02  1.030404e+02  1.916179e+03  1.000000e+00  4.175319e+02  1.909721e+00  4.750000e-04  1.909246e+00  1.515624e+01  1.692839e+00  1.515624e+01  9.997510e-01  1.861059e-01  2.620990e-01  3.010182e-02  1.990099e-02  5.942829e+01  7.124984e+01  3.986239e+05  5.990993e+53  2.437041e+58  -4.516737e-06  -7.305047e+106  -1.000000e+00  -1.000000e+00  0.000000e+00
4.175319e+02  1.076573e+02  1.916179e+03  1.133400e+00  4.175319e+02  1.909768e+00  5.600000e-04  1.909209e+00  1.515784e+01  1.734177e+00  1.515784e+01  9.997070e-01  1.860909e-01  2.620689e-01  3.159158e-02  1.990666e-02  5.946746e+01  8.399048e+01  3.986006e+05  7.044645e+53  2.437141e+58  -4.927258e-06  -7.232660e+106  -1.000000e+00  -1.000000e+00  0.000000e+00
4.175319e+02  1.131115e+02  1.916179e+03  1.284600e+00  4.175319e+02  1.909823e+00  6.580000e-04  1.909165e+00  1.515962e+01  1.777509e+00  1.515962e+01  9.996550e-01  1.860744e-01  2.620357e-01  3.319114e-02  1.991309e-02  5.951063e+01  9.889107e+01  3.985755e+05  8.263527e+53  2.437259e+58  -4.562281e-06  -7.353323e+106  -1.000000e+00  -1.000000e+00  0.000000e+00
4.175319e+02  1.191072e+02  1.916179e+03  1.456000e+00  4.175319e+02  1.909874e+00  7.740000e-04  1.909100e+00  1.516174e+01  1.823050e+00  1.516174e+01  9.995950e-01  1.860533e-01  2.619932e-01  3.491418e-02  1.992068e-02  5.957101e+01  1.163909e+02  3.985431e+05  9.684576e+53  2.437374e+58  1.803980e-05  -8.266014e+106  1.000000e+00  -1.000000e+00  0.000000e+00
4.175319e+02  1.250167e+02  1.916179e+03  1.650300e+00  4.175319e+02  1.909908e+00  9.090000e-04  1.908998e+00  1.517375e+01  1.870812e+00  1.517375e+01  9.995240e-01  1.859093e-01  2.617040e-01  3.676732e-02  1.992887e-02  5.963420e+01  1.369513e+02  3.985248e+05  1.134448e+54  2.437710e+58  1.556385e-05  -9.181224e+106  1.000000e+00  -1.000000e+00  0.000000e+00
4.175319e+02  1.316026e+02  1.916179e+03  1.870400e+00  4.175319e+02  1.909961e+00  1.068000e-03  1.908893e+00  1.516657e+01  1.920929e+00  1.516657e+01  9.994410e-01  1.860025e-01  2.618912e-01  3.876237e-02  1.993843e-02  5.970445e+01  1.611254e+02  3.984533e+05  1.328643e+54  2.437567e+58  -1.518001e-06  -1.047374e+107  -1.000000e+00  -1.000000e+00  0.000000e+00
4.175319e+02  1.379494e+02  1.916179e+03  2.120000e+00  4.175319e+02  1.910007e+00  1.255000e-03  1.908753e+00  1.516955e+01  1.973493e+00  1.516955e+01  9.993430e-01  1.859704e-01  2.618267e-01  4.091015e-02  1.994946e-02  5.978934e+01  1.895666e+02  3.983982e+05  1.556121e+54  2.437685e+58  -1.556895e-06  -9.658571e+106  -1.000000e+00  -1.000000e+00  0.000000e+00
4.175319e+02  1.527256e+02  1.916179e+03  2.402800e+00  4.175319e+02  1.910051e+00  1.465000e-03  1.908586e+00  1.517295e+01  2.026043e+00  1.517295e+01  9.992330e-01  1.859330e-01  2.617516e-01  4.311364e-02  1.996146e-02  5.988478e+01  2.216852e+02  3.983334e+05  1.811966e+54  2.437794e+58  -8.316160e-07  -1.613218e+107  -1.000000e+00  -1.000000e+00  0.000000e+00
4.175319e+02  1.576382e+02  1.916179e+03  2.723400e+00  4.175319e+02  1.910053e+00  1.714000e-03  1.908340e+00  1.517650e+01  2.081289e+00  1.517650e+01  9.991030e-01  1.858897e-01  2.616646e-01  4.549275e-02  1.997532e-02  5.999654e+01  2.597988e+02  3.982440e+05  2.114438e+54  2.437811e+58  -5.487690e-08  -2.112303e+107  -1.000000e+00  -1.000000e+00  0.000000e+00
4.175319e+02  1.627167e+02  1.916179e+03  3.086700e+00  4.175319e+02  1.910057e+00  2.011000e-03  1.908046e+00  1.518076e+01  2.140305e+00  1.518076e+01  9.989470e-01  1.858379e-01  2.615606e-01  4.810338e-02  1.999103e-02  6.012782e+01  3.054217e+02  3.981441e+05  2.475314e+54  2.437851e+58  2.207920e-07  -2.431949e+107  1.000000e+00  -1.000000e+00  0.000000e+00
4.175319e+02  1.679681e+02  1.916179e+03  3.498500e+00  4.175319e+02  1.910011e+00  2.364000e-03  1.907646e+00  1.518536e+01  2.203279e+00  1.518536e+01  9.987620e-01  1.857772e-01  2.614387e-01  5.096610e-02  2.000888e-02  6.027985e+01  3.599062e+02  3.980146e+05  2.904930e+54  2.437790e+58  6.796556e-07  -2.795948e+107  1.000000e+00  -1.000000e+00  0.000000e+00
4.175319e+02  1.734000e+02  1.916179e+03  3.965200e+00  4.175319e+02  1.909948e+00  2.785000e-03  1.907164e+00  1.519073e+01  2.270408e+00  1.519073e+01  9.985420e-01  1.857054e-01  2.612946e-01  5.410370e-02  2.002878e-02  6.045781e+01  4.248984e+02  3.978666e+05  3.415837e+54  2.437716e+58  9.687909e-07  -3.210086e+107  1.000000e+00  -1.000000e+00  0.000000e+00
4.175319e+02  1.790190e+02  1.916179e+03  4.494300e+00  4.175319e+02  1.909803e+00  3.284000e-03  1.906519e+00  1.519660e+01  2.341836e+00  1.519660e+01  9.982810e-01  1.856196e-01  2.611224e-01  5.753802e-02  2.005118e-02  6.066269e+01  5.023770e+02  3.976746e+05  4.023026e+54  2.437478e+58  1.383066e-06  -3.684717e+107  1.000000e+00  -1.000000e+00  0.000000e+00
4.175319e+02  1.848335e+02  1.916179e+03  5.093900e+00  4.175319e+02  1.909594e+00  3.876000e-03  1.905718e+00  1.520322e+01  2.417807e+00  1.520322e+01  9.979700e-01  1.855184e-01  2.609196e-01  6.129682e-02  2.007695e-02  6.090677e+01  5.947138e+02  3.974446e+05  4.744433e+54  2.437124e+58  1.631810e-06  -4.224173e+107  1.000000e+00  -1.000000e+00  0.000000e+00
4.175319e+02  1.908524e+02  1.916179e+03  5.773400e+00  4.175319e+02  1.909296e+00  4.578000e-03  1.904718e+00  1.521055e+01  2.498608e+00  1.521055e+01  9.976020e-01  1.854001e-01  2.606825e-01  6.541149e-02  2.010573e-02  6.119007e+01  7.047515e+02  3.971659e+05  5.601431e+54  2.436603e+58  1.878190e-06  -4.839536e+107  1.000000e+00  -1.000000e+00  0.000000e+00
4.175319e+02  1.970844e+02  1.916179e+03  6.543700e+00  4.175319e+02  1.908876e+00  5.410000e-03  1.903466e+00  1.521869e+01  2.584336e+00  1.521869e+01  9.971660e-01  1.852602e-01  2.604022e-01  6.990649e-02  2.013831e-02  6.152108e+01  8.358823e+02  3.968266e+05  6.619391e+54  2.435854e+58  2.106412e-06  -5.540481e+107  1.000000e+00  -1.000000e+00  0.000000e+00
4.175319e+02  2.035396e+02  1.916179e+03  7.416700e+00  4.175319e+02  1.908314e+00  6.396000e-03  1.901918e+00  1.522774e+01  2.675211e+00  1.522774e+01  9.966480e-01  1.850956e-01  2.600728e-01  7.481301e-02  2.017416e-02  6.190472e+01  9.921845e+02  3.964169e+05  7.828679e+54  2.434839e+58  2.310090e-06  -6.342821e+107  1.000000e+00  -1.000000e+00  0.000000e+00
4.175319e+02  2.102287e+02  1.916179e+03  8.406200e+00  4.175319e+02  1.907549e+00  7.564000e-03  1.899985e+00  1.523750e+01  2.771500e+00  1.523750e+01  9.960350e-01  1.849028e-01  2.596872e-01  8.016592e-02  2.021457e-02  6.235296e+01  1.178498e+03  3.959150e+05  9.265005e+54  2.433418e+58  2.505263e-06  -7.254553e+107  1.000000e+00  -1.000000e+00  0.000000e+00
4.175319e+02  2.171631e+02  1.916179e+03  9.527700e+00  4.175319e+02  1.906571e+00  8.947000e-03  1.897624e+00  1.524840e+01  2.873479e+00  1.524840e+01  9.953070e-01  1.846759e-01  2.592339e-01  8.600185e-02  2.025940e-02  6.287611e+01  1.400670e+03  3.953166e+05  1.097149e+55  2.431607e+58  1.952585e-06  -7.520004e+107  1.000000e+00  -1.000000e+00  0.000000e+00
4.175319e+02  4.714565e+02  1.916179e+03  1.079880e+01  4.175319e+02  1.906195e+00  1.002800e-02  1.896167e+00  1.526003e+01  2.939843e+00  1.526003e+01  9.947390e-01  1.844988e-01  2.588805e-01  8.983645e-02  2.030481e-02  6.332069e+01  1.574829e+03  3.948968e+05  1.230341e+55  2.430926e+58  8.521699e-07  -2.555258e+108  1.000000e+00  -1.000000e+00  1.000000e+00
4.175319e+02  4.728972e+02  1.916179e+03  1.223950e+01  4.175319e+02  1.906133e+00  1.103900e-02  1.895094e+00  1.527349e+01  2.985345e+00  1.527349e+01  9.942090e-01  1.843302e-01  2.585443e-01  9.253653e-02  2.035580e-02  6.377001e+01  1.736058e+03  3.945432e+05  1.352896e+55  2.430868e+58  6.644209e-07  -2.722966e+108  1.000000e+00  -1.000000e+00  1.000000e+00
4.175319e+02  4.745300e+02  1.916179e+03  1.387240e+01  4.175319e+02  1.905804e+00  1.232900e-02  1.893475e+00  1.528879e+01  3.036451e+00  1.528879e+01  9.935310e-01  1.841140e-01  2.581136e-01  9.568401e-02  2.041578e-02  6.433386e+01  1.942538e+03  3.940551e+05  1.509283e+55  2.430309e+58  1.389035e-06  -3.042839e+108  1.000000e+00  -1.000000e+00  1.000000e+00
4.175319e+02  4.763807e+02  1.916179e+03  1.572320e+01  4.175319e+02  1.905153e+00  1.393600e-02  1.891217e+00  1.530604e+01  3.093797e+00  1.530604e+01  9.926850e-01  1.838436e-01  2.575754e-01  9.932800e-02  2.048432e-02  6.502524e+01  2.200531e+03  3.934122e+05  1.704031e+55  2.429146e+58  1.846127e-06  -3.311757e+108  1.000000e+00  -1.000000e+00  1.000000e+00
4.175319e+02  4.784787e+02  1.916179e+03  1.782080e+01  4.175319e+02  1.904127e+00  1.591100e-02  1.888216e+00  1.532539e+01  3.157961e+00  1.532539e+01  9.916440e-01  1.835127e-01  2.569177e-01  1.035237e-01  2.056263e-02  6.586572e+01  2.515293e+03  3.925962e+05  1.940865e+55  2.427290e+58  2.189131e-06  -3.586327e+108  1.000000e+00  -1.000000e+00  1.000000e+00
4.175319e+02  4.808563e+02  1.916179e+03  2.019840e+01  4.175319e+02  1.902615e+00  1.832100e-02  1.884294e+00  1.534691e+01  3.229501e+00  1.534691e+01  9.903710e-01  1.831098e-01  2.561185e-01  1.083305e-01  2.065087e-02  6.687740e+01  2.906599e+03  3.915671e+05  2.234257e+55  2.424518e+58  2.483750e-06  -3.876183e+108  1.000000e+00  -1.000000e+00  1.000000e+00
4.175319e+02  4.835509e+02  1.916179e+03  2.289310e+01  4.175319e+02  1.900499e+00  2.124400e-02  1.879255e+00  1.537046e+01  3.308872e+00  1.537046e+01  9.888220e-01  1.826259e-01  2.551605e-01  1.138073e-01  2.074976e-02  6.809452e+01  3.383407e+03  3.902844e+05  2.590456e+55  2.420597e+58  2.721508e-06  -4.129275e+108  1.000000e+00  -1.000000e+00  1.000000e+00
4.175319e+02  4.866048e+02  1.916179e+03  2.594730e+01  4.175319e+02  1.897553e+00  2.477500e-02  1.872779e+00  1.539570e+01  3.396543e+00  1.539570e+01  9.869440e-01  1.820439e-01  2.540112e-01  1.200171e-01  2.085973e-02  6.955619e+01  3.959465e+03  3.886728e+05  3.019093e+55  2.415061e+58  2.951254e-06  -4.430303e+108  1.000000e+00  -1.000000e+00  1.000000e+00
4.175319e+02  4.900671e+02  1.916179e+03  2.940900e+01  4.175319e+02  1.893636e+00  2.902500e-02  1.864611e+00  1.542268e+01  3.493115e+00  1.542268e+01  9.846720e-01  1.813503e-01  2.526457e-01  1.270328e-01  2.098060e-02  7.130558e+01  4.674046e+03  3.866876e+05  3.548614e+55  2.407649e+58  3.145420e-06  -4.690959e+108  1.000000e+00  -1.000000e+00  1.000000e+00
4.175319e+02  4.939909e+02  1.916179e+03  3.333260e+01  4.175319e+02  1.888494e+00  3.412800e-02  1.854366e+00  1.545078e+01  3.598894e+00  1.545078e+01  9.819290e-01  1.805289e-01  2.510343e-01  1.349144e-01  2.111211e-02  7.340228e+01  5.518109e+03  3.842485e+05  4.170970e+55  2.397847e+58  3.315308e-06  -4.946035e+108  1.000000e+00  -1.000000e+00  1.000000e+00
4.175319e+02  4.984378e+02  1.916179e+03  3.777960e+01  4.175319e+02  1.881799e+00  4.023600e-02  1.841563e+00  1.547923e+01  3.714593e+00  1.547923e+01  9.786180e-01  1.795583e-01  2.491381e-01  1.437426e-01  2.125323e-02  7.591052e+01  6.558998e+03  3.812542e+05  4.934784e+55  2.384977e+58  3.506210e-06  -5.268334e+108  1.000000e+00  -1.000000e+00  1.000000e+00
4.175319e+02  5.034775e+02  1.916179e+03  4.281980e+01  4.175319e+02  1.873228e+00  4.753200e-02  1.825696e+00  1.550689e+01  3.840447e+00  1.550689e+01  9.746260e-01  1.784216e-01  2.469286e-01  1.535730e-01  2.139979e-02  7.890129e+01  7.823887e+03  3.776100e+05  5.857986e+55  2.368386e+58  3.660268e-06  -5.512815e+108  1.000000e+00  -1.000000e+00  1.000000e+00
4.175319e+02  5.091908e+02  1.916179e+03  4.853260e+01  4.175319e+02  1.862295e+00  5.622600e-02  1.806070e+00  1.553190e+01  3.976913e+00  1.553190e+01  9.698080e-01  1.770947e-01  2.443639e-01  1.644682e-01  2.154824e-02  8.246983e+01  9.331988e+03  3.731721e+05  6.951618e+55  2.347054e+58  3.817675e-06  -5.791761e+108  1.000000e+00  -1.000000e+00  1.000000e+00
4.175319e+02  5.156662e+02  1.916179e+03  5.500740e+01  4.175319e+02  1.848510e+00  6.656100e-02  1.781949e+00  1.555166e+01  4.124277e+00  1.555166e+01  9.639920e-01  1.755604e-01  2.414180e-01  1.764751e-01  2.169125e-02  8.670875e+01  1.118694e+04  3.678013e+05  8.288932e+55  2.319937e+58  3.975106e-06  -6.065570e+108  1.000000e+00  -1.000000e+00  1.000000e+00
4.175319e+02  5.230050e+02  1.916179e+03  6.234610e+01  4.175319e+02  1.831263e+00  7.881900e-02  1.752443e+00  1.556249e+01  4.282878e+00  1.556249e+01  9.569590e-01  1.738014e-01  2.380665e-01  1.896319e-01  2.181697e-02  9.171001e+01  1.339336e+04  3.613267e+05  9.867260e+55  2.285715e+58  4.126361e-06  -6.307183e+108  1.000000e+00  -1.000000e+00  1.000000e+00
4.175319e+02  5.313221e+02  1.916179e+03  7.066390e+01  4.175319e+02  1.809869e+00  9.332500e-02  1.716544e+00  1.555909e+01  4.452852e+00  1.555909e+01  9.484360e-01  1.718084e-01  2.343016e-01  2.039515e-01  2.190956e-02  9.757082e+01  1.609991e+04  3.535597e+05  1.179014e+56  2.242859e+58  4.280169e-06  -6.539806e+108  1.000000e+00  -1.000000e+00  1.000000e+00
4.175319e+02  5.407496e+02  1.916179e+03  8.009140e+01  4.175319e+02  1.783621e+00  1.104450e-01  1.673176e+00  1.553439e+01  4.634347e+00  1.553439e+01  9.380780e-01  1.695859e-01  2.301433e-01  2.194265e-01  2.194469e-02  1.043009e+02  1.930789e+04  3.443078e+05  1.404820e+56  2.189719e+58  4.431041e-06  -6.718557e+108  1.000000e+00  -1.000000e+00  1.000000e+00
4.175319e+02  5.514360e+02  1.916179e+03  9.077660e+01  4.175319e+02  1.751768e+00  1.305970e-01  1.621171e+00  1.547832e+01  4.827308e+00  1.547832e+01  9.254490e-01  1.671608e-01  2.256536e-01  2.360152e-01  2.188817e-02  1.118016e+02  2.322720e+04  3.333626e+05  1.678534e+56  2.124411e+58  4.605936e-06  -6.875455e+108  1.000000e+00  -1.000000e+00  1.000000e+00
4.175319e+02  5.635472e+02  1.916179e+03  1.028874e+02  4.175319e+02  1.713681e+00  1.542490e-01  1.559432e+00  1.537738e+01  5.031681e+00  1.537738e+01  9.099900e-01  1.645998e-01  2.209654e-01  2.536451e-01  2.169553e-02  1.197100e+02  2.792982e+04  3.205383e+05  2.003807e+56  2.045096e+58  4.741128e-06  -7.020043e+108  1.000000e+00  -1.000000e+00  1.000000e+00
4.175319e+02  5.772730e+02  1.916179e+03  1.166139e+02  4.175319e+02  1.669053e+00  1.819220e-01  1.487131e+00  1.521453e+01  5.247209e+00  1.521453e+01  8.910030e-01  1.620293e-01  2.163133e-01  2.722017e-01  2.130870e-02  1.272025e+02  3.345626e+04  3.057147e+05  2.381466e+56  1.950306e+58  4.929094e-06  -7.078398e+108  1.000000e+00  -1.000000e+00  1.000000e+00
4.175319e+02  5.928297e+02  1.916179e+03  1.321717e+02  4.175319e+02  1.618137e+00  2.141850e-01  1.403952e+00  1.496838e+01  5.473662e+00  1.496838e+01  8.676350e-01  1.596695e-01  2.120892e-01  2.915331e-01  2.066217e-02  1.327324e+02  4.025674e+04  2.888684e+05  2.842426e+56  1.839228e+58  5.129707e-06  -6.954939e+108  1.000000e+00  -1.000000e+00  1.000000e+00
4.175319e+02  6.104652e+02  1.916179e+03  1.498051e+02  4.175319e+02  1.562192e+00  2.516520e-01  1.310541e+00  1.461529e+01  5.710477e+00  1.461529e+01  8.389110e-01  1.578732e-01  2.089031e-01  3.114415e-01  1.969291e-02  1.338641e+02  4.819753e+04  2.701595e+05  3.373256e+56  1.712459e+58  5.338403e-06  -6.911944e+108  1.000000e+00  -1.000000e+00  1.000000e+00
4.175319e+02  6.304521e+02  1.916179e+03  1.697911e+02  4.175319e+02  1.503956e+00  2.949670e-01  1.208989e+00  1.413364e+01  5.956958e+00  1.413364e+01  8.038730e-01  1.571675e-01  2.076581e-01  3.316932e-01  1.836860e-02  1.276945e+02  5.772135e+04  2.500077e+05  4.002899e+56  1.572754e+58  5.700827e-06  -6.490808e+108  1.000000e+00  -1.000000e+00  1.000000e+00
4.175319e+02  6.531038e+02  1.916179e+03  1.924434e+02  4.175319e+02  1.447892e+00  3.447850e-01  1.103108e+00  1.351243e+01  6.212185e+00  1.351243e+01  7.618710e-01  1.582648e-01  2.095954e-01  3.520260e-01  1.672965e-02  1.123229e+02  6.909829e+04  2.291264e+05  4.746537e+56  1.425490e+58  6.124115e-06  -5.987093e+108  1.000000e+00  -1.000000e+00  1.000000e+00
4.175319e+02  6.787757e+02  1.916179e+03  2.181178e+02  4.175319e+02  1.399919e+00  4.017400e-01  9.981780e-01  1.276272e+01  6.474886e+00  1.276272e+01  7.130260e-01  1.620098e-01  2.162782e-01  3.721630e-01  1.494066e-02  8.924386e+01  8.214910e+04  2.084662e+05  5.584782e+56  1.278363e+58  7.888923e-06  -5.329494e+108  1.000000e+00  -1.000000e+00  1.000000e+00
4.175319e+02  7.078781e+02  1.916179e+03  2.472176e+02  4.175319e+02  1.366242e+00  4.663990e-01  8.998420e-01  1.192563e+01  6.743448e+00  1.192563e+01  6.586260e-01  1.692107e-01  2.294454e-01  3.918319e-01  1.331260e-02  6.397866e+01  9.772704e+04  1.890153e+05  6.574662e+56  1.139798e+58  -4.587204e-05  -4.332498e+108  -1.000000e+00  -1.000000e+00  1.000000e+00
4.175319e+02  7.408620e+02  1.916179e+03  2.801996e+02  4.175319e+02  1.351598e+00  5.391980e-01  8.124000e-01  1.106650e+01  7.015799e+00  1.106650e+01  6.010660e-01  1.803928e-01  2.507678e-01  4.107881e-01  1.228337e-02  4.286770e+01  1.155956e+05  1.715054e+05  7.690924e+56  1.016397e+58  -3.814763e-05  -3.282033e+108  -1.000000e+00  -1.000000e+00  1.000000e+00
4.175319e+02  7.782441e+02  1.916179e+03  3.175819e+02  4.175319e+02  1.357938e+00  6.203660e-01  7.375720e-01  1.025486e+01  7.289285e+00  1.025486e+01  5.431560e-01  1.955833e-01  2.815949e-01  4.288438e-01  1.234511e-02  2.875724e+01  1.361761e+05  1.562116e+05  8.956866e+56  9.110513e+57  1.729072e-06  -2.341914e+108  1.000000e+00  -1.000000e+00  1.000000e+00
4.175319e+02  8.206108e+02  1.916179e+03  3.599514e+02  4.175319e+02  1.384327e+00  7.098370e-01  6.744910e-01  9.542045e+00  7.560901e+00  9.542045e+00  4.872330e-01  2.142787e-01  3.228594e-01  4.458745e-01  1.394633e-02  2.058149e+01  1.591744e+05  1.429639e+05  1.034222e+57  8.228537e+57  2.860395e-06  -1.622972e+108  1.000000e+00  -1.000000e+00  1.000000e+00
4.175319e+02  8.686339e+02  1.916179e+03  4.079736e+02  4.175319e+02  1.427857e+00  8.071580e-01  6.206990e-01  8.951871e+00  7.826943e+00  8.951871e+00  4.347070e-01  2.355877e-01  3.751313e-01  4.618527e-01  1.735236e-02  1.594053e+01  1.849248e+05  1.313312e+05  1.186428e+57  7.485197e+57  3.127102e-06  -9.320887e+107  1.000000e+00  -1.000000e+00  1.000000e+00
4.175319e+02  9.230662e+02  1.916179e+03  4.624025e+02  4.175319e+02  1.484710e+00  9.114190e-01  5.732910e-01  8.484707e+00  8.083372e+00  8.484707e+00  3.861300e-01  2.584559e-01  4.387547e-01  4.768341e-01  2.253371e-02  1.302595e+01  2.132979e+05  1.208226e+05  1.350591e+57  6.840364e+57  3.173331e-06  -6.088763e+107  1.000000e+00  -1.000000e+00  1.000000e+00
4.175319e+02  9.847572e+02  1.916179e+03  5.240930e+02  4.175319e+02  1.550886e+00  1.021214e+00  5.296710e-01  8.325993e+00  8.325993e+00  8.126649e+00  3.415280e-01  2.751221e-01  4.911165e-01  4.911426e-01  2.563009e-02  1.084006e+01  2.440223e+05  1.110223e+05  1.524152e+57  6.257794e+57  3.126377e-06  -3.613627e+107  1.000000e+00  -1.000000e+00  1.000000e+00
4.175319e+02  1.054675e+03  1.916179e+03  5.940138e+02  4.175319e+02  1.622555e+00  1.134575e+00  4.879800e-01  8.549111e+00  8.549111e+00  7.841725e+00  3.007480e-01  2.803240e-01  5.086679e-01  5.086902e-01  2.361755e-02  9.095849e+00  2.766128e+05  1.016552e+05  1.703248e+57  5.711241e+57  2.996385e-06  -1.882398e+107  1.000000e+00  -1.000000e+00  1.000000e+00
4.175319e+02  1.133922e+03  1.916179e+03  6.732629e+02  4.175319e+02  1.696150e+00  1.248770e+00  4.473800e-01  8.745895e+00  8.745895e+00  7.585665e+00  2.637620e-01  2.864453e-01  5.301373e-01  5.301535e-01  2.207415e-02  7.631113e+00  3.110442e+05  9.261609e+04  1.887612e+57  5.188441e+57  2.869082e-06  -1.701153e+107  1.000000e+00  -1.000000e+00  1.000000e+00
4.175319e+02  1.223749e+03  1.916179e+03  7.630849e+02  4.175319e+02  1.768397e+00  1.360485e+00  4.079120e-01  8.912299e+00  8.912299e+00  7.326944e+00  2.306680e-01  2.930703e-01  5.544385e-01  5.544570e-01  2.070860e-02  6.385586e+00  3.451728e+05  8.392841e+04  2.061620e+57  4.688822e+57  2.753918e-06  -2.265058e+107  1.000000e+00  -1.000000e+00  1.000000e+00
4.175319e+02  1.325556e+03  1.916179e+03  8.648903e+02  4.175319e+02  1.836483e+00  1.466610e+00  3.698730e-01  9.046744e+00  9.046744e+00  7.065656e+00  2.014030e-01  2.998308e-01  5.804706e-01  5.804842e-01  1.940607e-02  5.339060e+00  3.789755e+05  7.564750e+04  2.225894e+57  4.215133e+57  2.565689e-06  -2.169536e+107  1.000000e+00  -1.000000e+00  1.000000e+00
4.175319e+02  1.440942e+03  1.916179e+03  9.802778e+02  4.175319e+02  1.898210e+00  1.564679e+00  3.335310e-01  9.149529e+00  9.149529e+00  6.802726e+00  1.757080e-01  3.064271e-01  6.071734e-01  6.071857e-01  1.813835e-02  4.475800e+00  4.118387e+05  6.781997e+04  2.376989e+57  3.769609e+57  2.351044e-06  -1.963909e+107  1.000000e+00  -1.000000e+00  1.000000e+00
4.175319e+02  1.571717e+03  1.916179e+03  1.111060e+03  4.175319e+02  1.952102e+00  1.652989e+00  2.991130e-01  9.222129e+00  9.222129e+00  6.539124e+00  1.532260e-01  3.126460e-01  6.336293e-01  6.336406e-01  1.693230e-02  3.778856e+00  4.432238e+05  6.048228e+04  2.512216e+57  3.353907e+57  2.114704e-06  -1.933070e+107  1.000000e+00  -1.000000e+00  1.000000e+00
4.175319e+02  1.719954e+03  1.916179e+03  1.259289e+03  4.175319e+02  1.997352e+00  1.730552e+00  2.667990e-01  9.267020e+00  9.267020e+00  6.275847e+00  1.335770e-01  3.183435e-01  6.590504e-01  6.590606e-01  1.578934e-02  3.219530e+00  4.727211e+05  5.366012e+04  2.630097e+57  2.969077e+57  1.902520e-06  -2.120333e+107  1.000000e+00  -1.000000e+00  1.000000e+00
4.175319e+02  1.887962e+03  1.916179e+03  1.427295e+03  4.175319e+02  2.033702e+00  1.796981e+00  2.367210e-01  9.287119e+00  9.287119e+00  6.013896e+00  1.163990e-01  3.234356e-01  6.828037e-01  6.828155e-01  1.472734e-02  2.773920e+00  4.989792e+05  4.736829e+04  2.722090e+57  2.615578e+57  1.628555e-06  -2.010191e+107  1.000000e+00  -1.000000e+00  1.000000e+00
4.175319e+02  2.078381e+03  1.916179e+03  1.617714e+03  4.175319e+02  2.061343e+00  1.852388e+00  2.089560e-01  9.285610e+00  9.285610e+00  5.754253e+00  1.013690e-01  3.278850e-01  7.044161e-01  7.044259e-01  1.376035e-02  2.420641e+00  5.238720e+05  4.161104e+04  2.803839e+57  2.293304e+57  1.315000e-06  -1.608410e+107  1.000000e+00  -1.000000e+00  1.000000e+00
4.175319e+02  2.294199e+03  1.916179e+03  1.833538e+03  4.175319e+02  2.080749e+00  1.897214e+00  1.835350e-01  9.265617e+00  9.265617e+00  5.497867e+00  8.820600e-02  3.316858e-01  7.235531e-01  7.235606e-01  1.289484e-02  2.141361e+00  5.451895e+05  3.638295e+04  2.860290e+57  2.001637e+57  1.011828e-06  -1.600845e+107  1.000000e+00  -1.000000e+00  1.000000e+00
4.175319e+02  2.538819e+03  1.916179e+03  2.078156e+03  4.175319e+02  2.092593e+00  1.932150e+00  1.604430e-01  9.230261e+00  9.230261e+00  5.245629e+00  7.667200e-02  3.348517e-01  7.399945e-01  7.400012e-01  1.213164e-02  1.921171e+00  5.639695e+05  3.167003e+04  2.900498e+57  1.739523e+57  6.286298e-07  -1.480215e+107  1.000000e+00  -1.000000e+00  1.000000e+00
4.175319e+02  2.816077e+03  1.916179e+03  2.355409e+03  4.175319e+02  2.097668e+00  1.958045e+00  1.396230e-01  9.182352e+00  9.182352e+00  4.998360e+00  6.656100e-02  3.374150e-01  7.536575e-01  7.536634e-01  1.146594e-02  1.747818e+00  5.791715e+05  2.745113e+04  2.917866e+57  1.505545e+57  1.774206e-07  -1.216134e+107  1.000000e+00  -1.000000e+00  1.000000e+00
4.175319e+02  3.130319e+03  1.916179e+03  2.669651e+03  4.175319e+02  2.096811e+00  1.975825e+00  1.209860e-01  9.124465e+00  9.124465e+00  4.756797e+00  5.770000e-02  3.394169e-01  7.645543e-01  7.645595e-01  1.089200e-02  1.611942e+00  5.930392e+05  2.369946e+04  2.930218e+57  1.298012e+57  -5.158475e-07  -9.748333e+106  -1.000000e+00  -1.000000e+00  1.000000e+00
4.175319e+02  3.486480e+03  1.916179e+03  3.025817e+03  4.175319e+02  2.090868e+00  1.986453e+00  1.044160e-01  9.059179e+00  9.059179e+00  4.521588e+00  4.993900e-02  3.408941e-01  7.727269e-01  7.727314e-01  1.040545e-02  1.506857e+00  6.035714e+05  2.038409e+04  2.923158e+57  1.115041e+57  -1.214204e-06  -7.998577e+106  -1.000000e+00  -1.000000e+00  1.000000e+00
4.175319e+02  3.890162e+03  1.916179e+03  3.429500e+03  4.175319e+02  2.080662e+00  1.990885e+00  8.977600e-02  8.988629e+00  8.988629e+00  4.293281e+00  4.314800e-02  3.418926e-01  7.783156e-01  7.783195e-01  9.996635e-03  1.426640e+00  6.129977e+05  1.747145e+04  2.914000e+57  9.546340e+56  -2.756489e-06  -5.857719e+106  -1.000000e+00  -1.000000e+00  1.000000e+00
4.175319e+02  4.347708e+03  1.916179e+03  3.887040e+03  4.175319e+02  2.066962e+00  1.990042e+00  7.692000e-02  8.914657e+00  8.914657e+00  4.072328e+00  3.721400e-02  3.424597e-01  7.815140e-01  7.815173e-01  9.658915e-03  1.367066e+00  6.194835e+05  1.492660e+04  2.889368e+57  8.147473e+56  -5.282923e-06  -4.930357e+106  -1.000000e+00  -1.000000e+00  1.000000e+00
4.175319e+02  4.866291e+03  1.916179e+03  4.405622e+03  4.175319e+02  2.050491e+00  1.984800e+00  6.569100e-02  8.839121e+00  8.839121e+00  3.859084e+00  3.203700e-02  3.426340e-01  7.825000e-01  7.825033e-01  9.384280e-03  1.324822e+00  6.242482e+05  1.271435e+04  2.858574e+57  6.933514e+56  -1.142932e-05  -3.858400e+106  -1.000000e+00  -1.000000e+00  1.000000e+00
4.175319e+02  5.454054e+03  1.916179e+03  4.993389e+03  4.175319e+02  2.031906e+00  1.975971e+00  5.593500e-02  8.763395e+00  8.763395e+00  3.653808e+00  2.752800e-02  3.424624e-01  7.815291e-01  7.815315e-01  9.167319e-03  1.297438e+00  6.274884e+05  1.080026e+04  2.823124e+57  5.884775e+56  -6.876486e-05  -2.905101e+106  -1.000000e+00  -1.000000e+00  1.000000e+00
4.175319e+02  6.120229e+03  1.916179e+03  5.659571e+03  4.175319e+02  2.011800e+00  1.964303e+00  4.749700e-02  8.688890e+00  8.688890e+00  3.456676e+00  2.360900e-02  3.419812e-01  7.788142e-01  7.788163e-01  9.002634e-03  1.283120e+00  6.293911e+05  9.151268e+03  2.784348e+57  4.982530e+56  -1.444612e-04  -2.161813e+106  -1.000000e+00  -1.000000e+00  1.000000e+00
4.175319e+02  6.875298e+03  1.916179e+03  6.414631e+03  4.175319e+02  1.990703e+00  1.950471e+00  4.023100e-02  8.616630e+00  8.616630e+00  3.267779e+00  2.021000e-02  3.412327e-01  7.746162e-01  7.746179e-01  8.883588e-03  1.280093e+00  6.301238e+05  7.736261e+03  2.743270e+57  4.209263e+56  2.577858e-05  -1.514527e+106  1.000000e+00  -1.000000e+00  1.000000e+00
4.175319e+02  7.731096e+03  1.916179e+03  7.270426e+03  4.175319e+02  1.969082e+00  1.935082e+00  3.400000e-02  8.547526e+00  8.547526e+00  3.087139e+00  1.726700e-02  3.402553e-01  7.691791e-01  7.691805e-01  8.805847e-03  1.287228e+00  6.298600e+05  6.526411e+03  2.700866e+57  3.548837e+56  1.288293e-05  -1.101881e+106  1.000000e+00  -1.000000e+00  1.000000e+00
4.175319e+02  8.701063e+03  1.916179e+03  8.240395e+03  4.175319e+02  1.947351e+00  1.918678e+00  2.867400e-02  8.482451e+00  8.482451e+00  2.914715e+00  1.472400e-02  3.390819e-01  7.627168e-01  7.627180e-01  8.765396e-03  1.303639e+00  6.287875e+05  5.495360e+03  2.658243e+57  2.986567e+56  9.390692e-06  -7.915554e+105  1.000000e+00  -1.000000e+00  1.000000e+00
4.175319e+02  9.800430e+03  1.916179e+03  9.339770e+03  4.175319e+02  1.925867e+00  1.901730e+00  2.413700e-02  8.421925e+00  8.421925e+00  2.750408e+00  1.253300e-02  3.377509e-01  7.554720e-01  7.554730e-01  8.758245e-03  1.328443e+00  6.270510e+05  4.619289e+03  2.616094e+57  2.509232e+56  7.645998e-06  -5.627870e+105  1.000000e+00  -1.000000e+00  1.000000e+00
4.175319e+02  1.104648e+04  1.916179e+03  1.058582e+04  4.175319e+02  1.904938e+00  1.884654e+00  2.028400e-02  8.366419e+00  8.366419e+00  2.594075e+00  1.064800e-02  3.362968e-01  7.476579e-01  7.476588e-01  8.776547e-03  1.360250e+00  6.247965e+05  3.876900e+03  2.575095e+57  2.105050e+56  6.129803e-06  -4.316957e+105  1.000000e+00  -1.000000e+00  1.000000e+00
4.175319e+02  1.245877e+04  1.916179e+03  1.199810e+04  4.175319e+02  1.884823e+00  1.867804e+00  1.702000e-02  8.316287e+00  8.316287e+00  2.445535e+00  9.030000e-03  3.347517e-01  7.394683e-01  7.394692e-01  8.820096e-03  1.398840e+00  6.213841e+05  3.249316e+03  2.530020e+57  1.763610e+56  5.304096e-06  -2.972218e+105  1.000000e+00  -1.000000e+00  1.000000e+00
4.175319e+02  1.405947e+04  1.916179e+03  1.359880e+04  4.175319e+02  1.865746e+00  1.851485e+00  1.426100e-02  8.271818e+00  8.271818e+00  2.304574e+00  7.644000e-03  3.331449e-01  7.310724e-01  7.310730e-01  8.884303e-03  1.443332e+00  6.184942e+05  2.719936e+03  2.493006e+57  1.475775e+56  5.341714e-06  -1.883054e+105  1.000000e+00  -1.000000e+00  1.000000e+00
4.175319e+02  1.587372e+04  1.916179e+03  1.541306e+04  4.175319e+02  1.847883e+00  1.835948e+00  1.193500e-02  8.233013e+00  8.233013e+00  2.170956e+00  6.459000e-03  3.315105e-01  7.226561e-01  7.226566e-01  8.964387e-03  1.492598e+00  6.154360e+05  2.274267e+03  2.458441e+57  1.233589e+56  4.903100e-06  -1.278224e+105  1.000000e+00  -1.000000e+00  1.000000e+00
4.175319e+02  1.793002e+04  1.916179e+03  1.746936e+04  4.175319e+02  1.831377e+00  1.821399e+00  9.978000e-03  8.199922e+00  8.199922e+00  2.044426e+00  5.448000e-03  3.298752e-01  7.143566e-01  7.143570e-01  9.056260e-03  1.545644e+00  6.123046e+05  1.899726e+03  2.426624e+57  1.030155e+56  4.541350e-06  -8.569087e+104  1.000000e+00  -1.000000e+00  1.000000e+00
4.175319e+02  2.025605e+04  1.916179e+03  1.979538e+04  4.175319e+02  1.816367e+00  1.808031e+00  8.336000e-03  8.172627e+00  8.172627e+00  1.924932e+00  4.589000e-03  3.282642e-01  7.062967e-01  7.062970e-01  9.156463e-03  1.601471e+00  6.091901e+05  1.585990e+03  2.397768e+57  8.598202e+55  4.378466e-06  -6.282618e+104  1.000000e+00  -1.000000e+00  1.000000e+00
5.736153e+02  1.030404e+02  2.498641e+03  1.000000e+00  5.736153e+02  1.825076e+00  3.120000e-04  1.824763e+00  1.450975e+01  1.470331e+00  1.450975e+01  9.998290e-01  1.857816e-01  2.614476e-01  2.953627e-02  1.800148e-02  5.422705e+01  4.681793e+01  3.869967e+05  3.936734e+53  2.278744e+58  -3.360909e-06  -3.617215e+106  -1.000000e+00  -1.000000e+00  0.000000e+00
5.736153e+02  1.076573e+02  2.498641e+03  1.133400e+00  5.736153e+02  1.825112e+00  3.680000e-04  1.824744e+00  1.451075e+01  1.506495e+00  1.451075e+01  9.997980e-01  1.857725e-01  2.614292e-01  3.100002e-02  1.800533e-02  5.424954e+01  5.521471e+01  3.869776e+05  4.631147e+53  2.278803e+58  7.305579e-05  -3.582227e+106  1.000000e+00  -1.000000e+00  0.000000e+00
5.736153e+02  1.131115e+02  2.498641e+03  1.284600e+00  5.736153e+02  1.825182e+00  4.330000e-04  1.824749e+00  1.451210e+01  1.544411e+00  1.451210e+01  9.997630e-01  1.857623e-01  2.614087e-01  3.257150e-02  1.801005e-02  5.428033e+01  6.504287e+01  3.869688e+05  5.435111e+53  2.278941e+58  3.352699e-04  -3.643068e+106  1.000000e+00  -1.000000e+00  0.000000e+00
5.736153e+02  1.191072e+02  2.498641e+03  1.456000e+00  5.736153e+02  1.825255e+00  5.090000e-04  1.824746e+00  1.451352e+01  1.584262e+00  1.451352e+01  9.997210e-01  1.857516e-01  2.613873e-01  3.426378e-02  1.801467e-02  5.431085e+01  7.659345e+01  3.869558e+05  6.373063e+53  2.279081e+58  -4.240654e-05  -4.108870e+106  -1.000000e+00  -1.000000e+00  0.000000e+00
5.736153e+02  1.250167e+02  2.498641e+03  1.650300e+00  5.736153e+02  1.825315e+00  5.990000e-04  1.824716e+00  1.451523e+01  1.626083e+00  1.451523e+01  9.996720e-01  1.857357e-01  2.613555e-01  3.608428e-02  1.801995e-02  5.434814e+01  9.017519e+01  3.869327e+05  7.469575e+53  2.279202e+58  -1.076063e-05  -4.566150e+106  -1.000000e+00  -1.000000e+00  0.000000e+00
5.736153e+02  1.316026e+02  2.498641e+03  1.870400e+00  5.736153e+02  1.825394e+00  7.040000e-04  1.824690e+00  1.451705e+01  1.669976e+00  1.451705e+01  9.996140e-01  1.857204e-01  2.613248e-01  3.804378e-02  1.802632e-02  5.439049e+01  1.061556e+02  3.869109e+05  8.753319e+53  2.279352e+58  -1.147735e-05  -5.194237e+106  -1.000000e+00  -1.000000e+00  0.000000e+00
5.736153e+02  1.379494e+02  2.498641e+03  2.120000e+00  5.736153e+02  1.825473e+00  8.270000e-04  1.824645e+00  1.451923e+01  1.716106e+00  1.451923e+01  9.995470e-01  1.857006e-01  2.612850e-01  4.015663e-02  1.803354e-02  5.444067e+01  1.249744e+02  3.868824e+05  1.025848e+54  2.279511e+58  -7.052733e-06  -4.807525e+106  -1.000000e+00  -1.000000e+00  0.000000e+00
5.736153e+02  1.527256e+02  2.498641e+03  2.402800e+00  5.736153e+02  1.825550e+00  9.670000e-04  1.824583e+00  1.452151e+01  1.762176e+00  1.452151e+01  9.994700e-01  1.856793e-01  2.612423e-01  4.232139e-02  1.804144e-02  5.449566e+01  1.462645e+02  3.868469e+05  1.195441e+54  2.279657e+58  -4.926758e-06  -8.043672e+106  -1.000000e+00  -1.000000e+00  0.000000e+00
5.736153e+02  1.576382e+02  2.498641e+03  2.723400e+00  5.736153e+02  1.825628e+00  1.132000e-03  1.824496e+00  1.452423e+01  1.810675e+00  1.452423e+01  9.993800e-01  1.856524e-01  2.611884e-01  4.466015e-02  1.805071e-02  5.456275e+01  1.715513e+02  3.868032e+05  1.396126e+54  2.279813e+58  -4.334730e-06  -1.053534e+107  -1.000000e+00  -1.000000e+00  0.000000e+00
5.736153e+02  1.627167e+02  2.498641e+03  3.086700e+00  5.736153e+02  1.825715e+00  1.329000e-03  1.824385e+00  1.452734e+01  1.862492e+00  1.452734e+01  9.992720e-01  1.856215e-01  2.611264e-01  4.722540e-02  1.806086e-02  5.463873e+01  2.018354e+02  3.867534e+05  1.635674e+54  2.279991e+58  -3.448907e-06  -1.214768e+107  -1.000000e+00  -1.000000e+00  0.000000e+00
5.736153e+02  1.679681e+02  2.498641e+03  3.498500e+00  5.736153e+02  1.825772e+00  1.564000e-03  1.824208e+00  1.453077e+01  1.917805e+00  1.453077e+01  9.991430e-01  1.855836e-01  2.610504e-01  5.003789e-02  1.807299e-02  5.473226e+01  2.380212e+02  3.866838e+05  1.921009e+54  2.280109e+58  -1.582467e-06  -1.397875e+107  -1.000000e+00  -1.000000e+00  0.000000e+00
5.736153e+02  1.734000e+02  2.498641e+03  3.965200e+00  5.736153e+02  1.825827e+00  1.844000e-03  1.823984e+00  1.453473e+01  1.976751e+00  1.453473e+01  9.989900e-01  1.855386e-01  2.609601e-01  5.311795e-02  1.808638e-02  5.483817e+01  2.812140e+02  3.866016e+05  2.260541e+54  2.280231e+58  -1.017772e-06  -1.606915e+107  -1.000000e+00  -1.000000e+00  0.000000e+00
5.736153e+02  1.790190e+02  2.498641e+03  4.494300e+00  5.736153e+02  1.825853e+00  2.176000e-03  1.823677e+00  1.453912e+01  2.039527e+00  1.453912e+01  9.988080e-01  1.854852e-01  2.608529e-01  5.649034e-02  1.810210e-02  5.496565e+01  3.327446e+02  3.864960e+05  2.664393e+54  2.280293e+58  -2.438655e-07  -1.845813e+107  -1.000000e+00  -1.000000e+00  0.000000e+00
5.736153e+02  1.848335e+02  2.498641e+03  5.093900e+00  5.736153e+02  1.825850e+00  2.571000e-03  1.823280e+00  1.454414e+01  2.106353e+00  1.454414e+01  9.985920e-01  1.854210e-01  2.607243e-01  6.018236e-02  1.811939e-02  5.511303e+01  3.942057e+02  3.863672e+05  3.144588e+54  2.280312e+58  2.799420e-07  -2.119099e+107  1.000000e+00  -1.000000e+00  0.000000e+00
5.736153e+02  1.908524e+02  2.498641e+03  5.773400e+00  5.736153e+02  1.825797e+00  3.039000e-03  1.822758e+00  1.454970e+01  2.177318e+00  1.454970e+01  9.983360e-01  1.853447e-01  2.605714e-01  6.421630e-02  1.813943e-02  5.528852e+01  4.675097e+02  3.862048e+05  3.715496e+54  2.280230e+58  7.309268e-07  -2.431333e+107  1.000000e+00  -1.000000e+00  0.000000e+00
5.736153e+02  1.970844e+02  2.498641e+03  6.543700e+00  5.736153e+02  1.825705e+00  3.594000e-03  1.822110e+00  1.455599e+01  2.252676e+00  1.455599e+01  9.980310e-01  1.852552e-01  2.603922e-01  6.862424e-02  1.816179e-02  5.549043e+01  5.549399e+02  3.860130e+05  4.394221e+54  2.280087e+58  1.063048e-06  -2.787612e+107  1.000000e+00  -1.000000e+00  0.000000e+00
5.736153e+02  2.035396e+02  2.498641e+03  7.416700e+00  5.736153e+02  1.825528e+00  4.253000e-03  1.821275e+00  1.456301e+01  2.332674e+00  1.456301e+01  9.976700e-01  1.851480e-01  2.601776e-01  7.343945e-02  1.818698e-02  5.572808e+01  6.592519e+02  3.857727e+05  5.201250e+54  2.279783e+58  1.451093e-06  -3.197612e+107  1.000000e+00  -1.000000e+00  0.000000e+00
5.736153e+02  2.102287e+02  2.498641e+03  8.406200e+00  5.736153e+02  1.825239e+00  5.035000e-03  1.820204e+00  1.457077e+01  2.417448e+00  1.457077e+01  9.972420e-01  1.850200e-01  2.599216e-01  7.869058e-02  1.821596e-02  5.600978e+01  7.837348e+02  3.854726e+05  6.160973e+54  2.279263e+58  1.751922e-06  -3.663412e+107  1.000000e+00  -1.000000e+00  0.000000e+00
5.736153e+02  2.171631e+02  2.498641e+03  9.527700e+00  5.736153e+02  1.824850e+00  5.961000e-03  1.818889e+00  1.457944e+01  2.507242e+00  1.457944e+01  9.967330e-01  1.848706e-01  2.596228e-01  8.441307e-02  1.824802e-02  5.633607e+01  9.323435e+02  3.851167e+05  7.302362e+54  2.278563e+58  8.165241e-07  -3.805118e+107  1.000000e+00  -1.000000e+00  0.000000e+00
5.736153e+02  4.714565e+02  2.498641e+03  1.079880e+01  5.736153e+02  1.824829e+00  6.698000e-03  1.818131e+00  1.458832e+01  2.566627e+00  1.458832e+01  9.963290e-01  1.847559e-01  2.593938e-01  8.824723e-02  1.827963e-02  5.660940e+01  1.050659e+03  3.848701e+05  8.207197e+54  2.278526e+58  -1.228047e-06  -1.357101e+108  -1.000000e+00  -1.000000e+00  1.000000e+00
5.736153e+02  4.728972e+02  2.498641e+03  1.223950e+01  5.736153e+02  1.825028e+00  7.400000e-03  1.817628e+00  1.459843e+01  2.608303e+00  1.459843e+01  9.959450e-01  1.846481e-01  2.591785e-01  9.100613e-02  1.831481e-02  5.688468e+01  1.162587e+03  3.846679e+05  9.058074e+54  2.278907e+58  -1.569886e-06  -1.441437e+108  -1.000000e+00  -1.000000e+00  1.000000e+00
5.736153e+02  4.745300e+02  2.498641e+03  1.387240e+01  5.736153e+02  1.825111e+00  8.294000e-03  1.816816e+00  1.461026e+01  2.655075e+00  1.461026e+01  9.954550e-01  1.845071e-01  2.588970e-01  9.420021e-02  1.835636e-02  5.722989e+01  1.305140e+03  3.843871e+05  1.013785e+55  2.279091e+58  -1.773005e-07  -1.603193e+108  -1.000000e+00  -1.000000e+00  1.000000e+00
5.736153e+02  4.763807e+02  2.498641e+03  1.572320e+01  5.736153e+02  1.825022e+00  9.408000e-03  1.815614e+00  1.462362e+01  2.707509e+00  1.462362e+01  9.948450e-01  1.843295e-01  2.585428e-01  9.787876e-02  1.840417e-02  5.765775e+01  1.483144e+03  3.840067e+05  1.148171e+55  2.278950e+58  7.041501e-07  -1.755444e+108  1.000000e+00  -1.000000e+00  1.000000e+00
5.736153e+02  4.784787e+02  2.498641e+03  1.782080e+01  5.736153e+02  1.824732e+00  1.077700e-02  1.813955e+00  1.463889e+01  2.766059e+00  1.463889e+01  9.940940e-01  1.841080e-01  2.581016e-01  1.020919e-01  1.845944e-02  5.817753e+01  1.703252e+03  3.835139e+05  1.313805e+55  2.278450e+58  1.273951e-06  -1.906818e+108  1.000000e+00  -1.000000e+00  1.000000e+00
5.736153e+02  4.808563e+02  2.498641e+03  2.019840e+01  5.736153e+02  1.824174e+00  1.244800e-02  1.811726e+00  1.465591e+01  2.831246e+00  1.465591e+01  9.931760e-01  1.838379e-01  2.575640e-01  1.068986e-01  1.852280e-02  5.880867e+01  1.974402e+03  3.828833e+05  1.517139e+55  2.277447e+58  1.720452e-06  -2.055544e+108  1.000000e+00  -1.000000e+00  1.000000e+00
5.736153e+02  4.835509e+02  2.498641e+03  2.289310e+01  5.736153e+02  1.823266e+00  1.447800e-02  1.808789e+00  1.467500e+01  2.903547e+00  1.467500e+01  9.920590e-01  1.835074e-01  2.569072e-01  1.123591e-01  1.859456e-02  5.956962e+01  2.305190e+03  3.820843e+05  1.764290e+55  2.275799e+58  2.077156e-06  -2.194774e+108  1.000000e+00  -1.000000e+00  1.000000e+00
5.736153e+02  4.866048e+02  2.498641e+03  2.594730e+01  5.736153e+02  1.821890e+00  1.693200e-02  1.804958e+00  1.469595e+01  2.983304e+00  1.469595e+01  9.907060e-01  1.831076e-01  2.561141e-01  1.185290e-01  1.867600e-02  6.048761e+01  2.705440e+03  3.810746e+05  2.062165e+55  2.273260e+58  2.382803e-06  -2.341375e+108  1.000000e+00  -1.000000e+00  1.000000e+00
5.736153e+02  4.900671e+02  2.498641e+03  2.940900e+01  5.736153e+02  1.819936e+00  1.989200e-02  1.800044e+00  1.471894e+01  3.071043e+00  1.471894e+01  9.890700e-01  1.826254e-01  2.551595e-01  1.254773e-01  1.876690e-02  6.158800e+01  3.194544e+03  3.798161e+05  2.424611e+55  2.269632e+58  2.652122e-06  -2.505735e+108  1.000000e+00  -1.000000e+00  1.000000e+00
5.736153e+02  4.939909e+02  2.498641e+03  3.333260e+01  5.736153e+02  1.817238e+00  2.345200e-02  1.793786e+00  1.474364e+01  3.167286e+00  1.474364e+01  9.870950e-01  1.820491e-01  2.540215e-01  1.332748e-01  1.886742e-02  6.290342e+01  3.791532e+03  3.782531e+05  2.864974e+55  2.264580e+58  2.893721e-06  -2.674400e+108  1.000000e+00  -1.000000e+00  1.000000e+00
5.736153e+02  4.984378e+02  2.498641e+03  3.777960e+01  5.736153e+02  1.813571e+00  2.772400e-02  1.785847e+00  1.476971e+01  3.272427e+00  1.476971e+01  9.847130e-01  1.813611e-01  2.526670e-01  1.419849e-01  1.897785e-02  6.448152e+01  4.519264e+03  3.763113e+05  3.399133e+55  2.257655e+58  3.100818e-06  -2.827108e+108  1.000000e+00  -1.000000e+00  1.000000e+00
5.736153e+02  5.034775e+02  2.498641e+03  4.281980e+01  5.736153e+02  1.808731e+00  3.284100e-02  1.775891e+00  1.479682e+01  3.386970e+00  1.479682e+01  9.818430e-01  1.805457e-01  2.510673e-01  1.516757e-01  1.909729e-02  6.636578e+01  5.390971e+03  3.739276e+05  4.035304e+55  2.248465e+58  3.298258e-06  -3.000808e+108  1.000000e+00  -1.000000e+00  1.000000e+00
5.736153e+02  5.091908e+02  2.498641e+03  4.853260e+01  5.736153e+02  1.802360e+00  3.895700e-02  1.763403e+00  1.482345e+01  3.511175e+00  1.482345e+01  9.783860e-01  1.795866e-01  2.491933e-01  1.623971e-01  1.922409e-02  6.861316e+01  6.466957e+03  3.709877e+05  4.816218e+55  2.236246e+58  3.486538e-06  -3.175337e+108  1.000000e+00  -1.000000e+00  1.000000e+00
5.736153e+02  5.156662e+02  2.498641e+03  5.500740e+01  5.736153e+02  1.794128e+00  4.625600e-02  1.747873e+00  1.484900e+01  3.645522e+00  1.484900e+01  9.742180e-01  1.784588e-01  2.470006e-01  1.742047e-01  1.935434e-02  7.128512e+01  7.753446e+03  3.673961e+05  5.743425e+55  2.220358e+58  3.646793e-06  -3.334373e+108  1.000000e+00  -1.000000e+00  1.000000e+00
5.736153e+02  5.230050e+02  2.498641e+03  6.234610e+01  5.736153e+02  1.783576e+00  5.494900e-02  1.728626e+00  1.487092e+01  3.790382e+00  1.487092e+01  9.691920e-01  1.771477e-01  2.444660e-01  1.871365e-01  1.948395e-02  7.445765e+01  9.312675e+03  3.630150e+05  6.859308e+55  2.199821e+58  3.829761e-06  -3.530508e+108  1.000000e+00  -1.000000e+00  1.000000e+00
5.736153e+02  5.313221e+02  2.498641e+03  7.066390e+01  5.736153e+02  1.770172e+00  6.528500e-02  1.704886e+00  1.488623e+01  3.946002e+00  1.488623e+01  9.631190e-01  1.756355e-01  2.415617e-01  2.012078e-01  1.960302e-02  7.819099e+01  1.123320e+04  3.576911e+05  8.224446e+55  2.173499e+58  3.996013e-06  -3.713501e+108  1.000000e+00  -1.000000e+00  1.000000e+00
5.736153e+02  5.407496e+02  2.498641e+03  8.009140e+01  5.736153e+02  1.753345e+00  7.755200e-02  1.675793e+00  1.489082e+01  4.112623e+00  1.489082e+01  9.557690e-01  1.739123e-01  2.382770e-01  2.164131e-01  1.970155e-02  8.255664e+01  1.352261e+04  3.512634e+05  9.837137e+55  2.140144e+58  4.154838e-06  -3.877220e+108  1.000000e+00  -1.000000e+00  1.000000e+00
5.736153e+02  5.514360e+02  2.498641e+03  9.077660e+01  5.736153e+02  1.732408e+00  9.208100e-02  1.640327e+00  1.487870e+01  4.290431e+00  1.487870e+01  9.468480e-01  1.719756e-01  2.346160e-01  2.327180e-01  1.975921e-02  8.756898e+01  1.633400e+04  3.435375e+05  1.180195e+56  2.098190e+58  4.313556e-06  -4.052286e+108  1.000000e+00  -1.000000e+00  1.000000e+00
5.736153e+02  5.635472e+02  2.498641e+03  1.028874e+02  5.736153e+02  1.706657e+00  1.092550e-01  1.597403e+00  1.484157e+01  4.479545e+00  1.484157e+01  9.359830e-01  1.698432e-01  2.306225e-01  2.500542e-01  1.975057e-02  9.316255e+01  1.967296e+04  3.343157e+05  1.411038e+56  2.045942e+58  4.467760e-06  -4.222029e+108  1.000000e+00  -1.000000e+00  1.000000e+00
5.736153e+02  5.772730e+02  2.498641e+03  1.166139e+02  5.736153e+02  1.675434e+00  1.295080e-01  1.545926e+00  1.476832e+01  4.680062e+00  1.476832e+01  9.227020e-01  1.675628e-01  2.263946e-01  2.683161e-01  1.964071e-02  9.912288e+01  2.375557e+04  3.234051e+05  1.690779e+56  1.981631e+58  4.646924e-06  -4.337782e+108  1.000000e+00  -1.000000e+00  1.000000e+00
5.736153e+02  5.928297e+02  2.498641e+03  1.321717e+02  5.736153e+02  1.638239e+00  1.533350e-01  1.484904e+00  1.464418e+01  4.891949e+00  1.464418e+01  9.064030e-01  1.652318e-01  2.221173e-01  2.873546e-01  1.938202e-02  1.049139e+02  2.866026e+04  3.106402e+05  2.023178e+56  1.903568e+58  4.836381e-06  -4.488507e+108  1.000000e+00  -1.000000e+00  1.000000e+00
5.736153e+02  6.104652e+02  2.498641e+03  1.498051e+02  5.736153e+02  1.594994e+00  1.812890e-01  1.413705e+00  1.445063e+01  5.115125e+00  1.445063e+01  8.863390e-01  1.630250e-01  2.181090e-01  3.069791e-01  1.891795e-02  1.095246e+02  3.463458e+04  2.959337e+05  2.424081e+56  1.810540e+58  5.041486e-06  -4.531170e+108  1.000000e+00  -1.000000e+00  1.000000e+00
5.736153e+02  6.304521e+02  2.498641e+03  1.697911e+02  5.736153e+02  1.546336e+00  2.139830e-01  1.332353e+00  1.416583e+01  5.349338e+00  1.416583e+01  8.616190e-01  1.612291e-01  2.148761e-01  3.269574e-01  1.818851e-02  1.112999e+02  4.177482e+04  2.793237e+05  2.897393e+56  1.702240e+58  5.240609e-06  -4.578363e+108  1.000000e+00  -1.000000e+00  1.000000e+00
5.736153e+02  6.531038e+02  2.498641e+03  1.924434e+02  5.736153e+02  1.494101e+00  2.520800e-01  1.242021e+00  1.376794e+01  5.594222e+00  1.376794e+01  8.312830e-01  1.602849e-01  2.131866e-01  3.470246e-01  1.714665e-02  1.080493e+02  5.026303e+04  2.610650e+05  3.452623e+56  1.580070e+58  5.530728e-06  -4.593075e+108  1.000000e+00  -1.000000e+00  1.000000e+00
5.736153e+02  6.787757e+02  2.498641e+03  2.181178e+02  5.736153e+02  1.441644e+00  2.962850e-01  1.145360e+00  1.324067e+01  5.849113e+00  1.324067e+01  7.944810e-01  1.608161e-01  2.141362e-01  3.668936e-01  1.579398e-02  9.789160e+01  6.046278e+04  2.416694e+05  4.112070e+56  1.447628e+58  5.947171e-06  -4.358812e+108  1.000000e+00  -1.000000e+00  1.000000e+00
5.736153e+02  7.078781e+02  2.498641e+03  2.472176e+02  5.736153e+02  1.393949e+00  3.473110e-01  1.046637e+00  1.258386e+01  6.113138e+00  1.258386e+01  7.508440e-01  1.636117e-01  2.191708e-01  3.862738e-01  1.421901e-02  8.085537e+01  7.245383e+04  2.219252e+05  4.875852e+56  1.311034e+58  6.964306e-06  -4.125602e+108  1.000000e+00  -1.000000e+00  1.000000e+00
5.736153e+02  7.408620e+02  2.498641e+03  2.801996e+02  5.736153e+02  1.356912e+00  4.058470e-01  9.510650e-01  1.182322e+01  6.384937e+00  1.182322e+01  7.009040e-01  1.695109e-01  2.300037e-01  4.048943e-01  1.263986e-02  6.021179e+01  8.666511e+04  2.027645e+05  5.769331e+56  1.177968e+58  1.415227e-05  -3.654404e+108  1.000000e+00  -1.000000e+00  1.000000e+00
5.736153e+02  7.782441e+02  2.498641e+03  3.175819e+02  5.736153e+02  1.335915e+00  4.724940e-01  8.634210e-01  1.101168e+01  6.662710e+00  1.101168e+01  6.463150e-01  1.791872e-01  2.484155e-01  4.225287e-01  1.140694e-02  4.116593e+01  1.030900e+05  1.850214e+05  6.784240e+56  1.055660e+58  2.732235e-05  -3.118318e+108  1.000000e+00  -1.000000e+00  1.000000e+00
5.736153e+02  8.206108e+02  2.498641e+03  3.599514e+02  5.736153e+02  1.334243e+00  5.476820e-01  7.865600e-01  1.021571e+01  6.944053e+00  1.021571e+01  5.895180e-01  1.929070e-01  2.759982e-01  4.390214e-01  1.096511e-02  2.736451e+01  1.221560e+05  1.691765e+05  7.944438e+56  9.486162e+57  2.318303e-07  -2.348607e+108  1.000000e+00  -1.000000e+00  1.000000e+00
5.736153e+02  8.686339e+02  2.498641e+03  4.079736e+02  5.736153e+02  1.352393e+00  6.315810e-01  7.208120e-01  9.494218e+00  7.225964e+00  9.494218e+00  5.329900e-01  2.103901e-01  3.139484e-01  4.543044e-01  1.178338e-02  1.905695e+01  1.444014e+05  1.552707e+05  9.281831e+56  8.577002e+57  2.505025e-06  -1.722549e+108  1.000000e+00  -1.000000e+00  1.000000e+00
5.736153e+02  9.230662e+02  2.498641e+03  4.624025e+02  5.736153e+02  1.388490e+00  7.239810e-01  6.645090e-01  8.882373e+00  7.504759e+00  8.882373e+00  4.785840e-01  2.308849e-01  3.630631e-01  4.684080e-01  1.424719e-02  1.447620e+01  1.687720e+05  1.430051e+05  1.070853e+57  7.808148e+57  3.023549e-06  -1.277457e+108  1.000000e+00  -1.000000e+00  1.000000e+00
5.736153e+02  9.847572e+02  2.498641e+03  5.240930e+02  5.736153e+02  1.439265e+00  8.242040e-01  6.150610e-01  8.390231e+00  7.776089e+00  8.390231e+00  4.273440e-01  2.533660e-01  4.238313e-01  4.814662e-01  1.852477e-02  1.182819e+01  1.963248e+05  1.319371e+05  1.229683e+57  7.144482e+57  3.092169e-06  -8.751408e+107  1.000000e+00  -1.000000e+00  1.000000e+00
5.736153e+02  1.054675e+03  2.498641e+03  5.940138e+02  5.736153e+02  1.500901e+00  9.310270e-01  5.698730e-01  8.035291e+00  8.035291e+00  8.010191e+00  3.796880e-01  2.758875e-01  4.936607e-01  4.936825e-01  2.386620e-02  9.954787e+00  2.264573e+05  1.216441e+05  1.399514e+57  6.550087e+57  3.082951e-06  -6.353665e+107  1.000000e+00  -1.000000e+00  1.000000e+00
5.736153e+02  1.133922e+03  2.498641e+03  6.732629e+02  5.736153e+02  1.569546e+00  1.042659e+00  5.268870e-01  8.277026e+00  8.277026e+00  7.715874e+00  3.356940e-01  2.800795e-01  5.078291e-01  5.078544e-01  2.205231e-02  8.530142e+00  2.587485e+05  1.118150e+05  1.576882e+57  5.996075e+57  3.056316e-06  -5.387804e+107  1.000000e+00  -1.000000e+00  1.000000e+00
5.736153e+02  1.223749e+03  2.498641e+03  7.630849e+02  5.736153e+02  1.641510e+00  1.156511e+00  4.849990e-01  8.493654e+00  8.493654e+00  7.462297e+00  2.954590e-01  2.854503e-01  5.265853e-01  5.266069e-01  2.072262e-02  7.289550e+00  2.918034e+05  1.023039e+05  1.751281e+57  5.466532e+57  2.962183e-06  -4.649619e+107  1.000000e+00  -1.000000e+00  1.000000e+00
5.736153e+02  1.325556e+03  2.498641e+03  8.648903e+02  5.736153e+02  1.713341e+00  1.269271e+00  4.440700e-01  8.679582e+00  8.679582e+00  7.209972e+00  2.591840e-01  2.915591e-01  5.487936e-01  5.488150e-01  1.959230e-02  6.199565e+00  3.260985e+05  9.311132e+04  1.926590e+57  4.958453e+57  2.744592e-06  -3.308848e+107  1.000000e+00  -1.000000e+00  1.000000e+00
5.736153e+02  1.440942e+03  2.498641e+03  9.802778e+02  5.736153e+02  1.781966e+00  1.377573e+00  4.043940e-01  8.832648e+00  8.832648e+00  6.955603e+00  2.269370e-01  2.979821e-01  5.732223e-01  5.732400e-01  1.851103e-02  5.252767e+00  3.610797e+05  8.429582e+04  2.099446e+57  4.474470e+57  2.565388e-06  -2.586088e+107  1.000000e+00  -1.000000e+00  1.000000e+00
5.736153e+02  1.571717e+03  2.498641e+03  1.111060e+03  5.736153e+02  1.844921e+00  1.478665e+00  3.662560e-01  8.952421e+00  8.952421e+00  6.699944e+00  1.985210e-01  3.043820e-01  5.987502e-01  5.987662e-01  1.745101e-02  4.452813e+00  3.945426e+05  7.591033e+04  2.254495e+57  4.016979e+57  2.401871e-06  -2.421378e+107  1.000000e+00  -1.000000e+00  1.000000e+00
5.736153e+02  1.719954e+03  2.498641e+03  1.259289e+03  5.736153e+02  1.900484e+00  1.570575e+00  3.299090e-01  9.040415e+00  9.040415e+00  6.443807e+00  1.735920e-01  3.104970e-01  6.243400e-01  6.243548e-01  1.640264e-02  3.789095e+00  4.266414e+05  6.799876e+04  2.394275e+57  3.587867e+57  2.221003e-06  -2.272981e+107  1.000000e+00  -1.000000e+00  1.000000e+00
5.736153e+02  1.887962e+03  2.498641e+03  1.427295e+03  5.736153e+02  1.947647e+00  1.652085e+00  2.955630e-01  9.099037e+00  9.099037e+00  6.188042e+00  1.517540e-01  3.161525e-01  6.491345e-01  6.491477e-01  1.538458e-02  3.247220e+00  4.559617e+05  6.059487e+04  2.509828e+57  3.188475e+57  1.978374e-06  -1.910774e+107  1.000000e+00  -1.000000e+00  1.000000e+00
5.736153e+02  2.078381e+03  2.498641e+03  1.617714e+03  5.736153e+02  1.986022e+00  1.722640e+00  2.633820e-01  9.131443e+00  9.131443e+00  5.933517e+00  1.326180e-01  3.212375e-01  6.724255e-01  6.724374e-01  1.441817e-02  2.809879e+00  4.840306e+05  5.372174e+04  2.614253e+57  2.819583e+57  1.705056e-06  -1.620138e+107  1.000000e+00  -1.000000e+00  1.000000e+00
5.736153e+02  2.294199e+03  2.498641e+03  1.833538e+03  5.736153e+02  2.015685e+00  1.782202e+00  2.334830e-01  9.140879e+00  9.140879e+00  5.681105e+00  1.158330e-01  3.256989e-01  6.936942e-01  6.937068e-01  1.352881e-02  2.460858e+00  5.087436e+05  4.739168e+04  2.693465e+57  2.481418e+57  1.452473e-06  -1.516240e+107  1.000000e+00  -1.000000e+00  1.000000e+00
5.736153e+02  2.538819e+03  2.498641e+03  2.078156e+03  5.736153e+02  2.037074e+00  1.831143e+00  2.059300e-01  9.130744e+00  9.130744e+00  5.431660e+00  1.010910e-01  3.295203e-01  7.125713e-01  7.125819e-01  1.272591e-02  2.183669e+00  5.308650e+05  4.160670e+04  2.754751e+57  2.173696e+57  1.123311e-06  -1.279498e+107  1.000000e+00  -1.000000e+00  1.000000e+00
5.736153e+02  2.816077e+03  2.498641e+03  2.355409e+03  5.736153e+02  2.050833e+00  1.870090e+00  1.807430e-01  9.104335e+00  9.104335e+00  5.186003e+00  8.813100e-02  3.327083e-01  7.288124e-01  7.288208e-01  1.200864e-02  1.963740e+00  5.504419e+05  3.635932e+04  2.799828e+57  1.895666e+57  7.461839e-07  -9.585677e+106  1.000000e+00  -1.000000e+00  1.000000e+00
5.736153e+02  3.130319e+03  2.498641e+03  2.669651e+03  5.736153e+02  2.057734e+00  1.899841e+00  1.578940e-01  9.064610e+00  9.064610e+00  4.944901e+00  7.673200e-02  3.352909e-01  7.423133e-01  7.423223e-01  1.138363e-02  1.790937e+00  5.674227e+05  3.163378e+04  2.829550e+57  1.646182e+57  2.981348e-07  -8.467456e+106  1.000000e+00  -1.000000e+00  1.000000e+00
5.736153e+02  3.486480e+03  2.498641e+03  3.025817e+03  5.736153e+02  2.058634e+00  1.921315e+00  1.373190e-01  9.014389e+00  9.014389e+00  4.709059e+00  6.670400e-02  3.373063e-01  7.530713e-01  7.530778e-01  1.084148e-02  1.655296e+00  5.809796e+05  2.740740e+04  2.838773e+57  1.423781e+57  -2.183596e-07  -6.930881e+106  -1.000000e+00  -1.000000e+00  1.000000e+00
5.736153e+02  3.890162e+03  2.498641e+03  3.429500e+03  5.736153e+02  2.054374e+00  1.935452e+00  1.189220e-01  8.956320e+00  8.956320e+00  4.479106e+00  5.788700e-02  3.387908e-01  7.611244e-01  7.611301e-01  1.038464e-02  1.551110e+00  5.931923e+05  2.365210e+04  2.843721e+57  1.226756e+57  -1.097835e-06  -5.432348e+106  -1.000000e+00  -1.000000e+00  1.000000e+00
5.736153e+02  4.347708e+03  2.498641e+03  3.887040e+03  5.736153e+02  2.045788e+00  1.943207e+00  1.025820e-01  8.892471e+00  8.892471e+00  4.255587e+00  5.014300e-02  3.397972e-01  7.666479e-01  7.666529e-01  9.999390e-03  1.471577e+00  6.022324e+05  2.033591e+04  2.831317e+57  1.053238e+57  -1.963780e-06  -4.336570e+106  -1.000000e+00  -1.000000e+00  1.000000e+00
5.736153e+02  4.866291e+03  2.498641e+03  4.405622e+03  5.736153e+02  2.033667e+00  1.945509e+00  8.815800e-02  8.825057e+00  8.825057e+00  4.038963e+00  4.334900e-02  3.403643e-01  7.697830e-01  7.697881e-01  9.683253e-03  1.413220e+00  6.102433e+05  1.742442e+04  2.817977e+57  9.012654e+56  -4.374914e-06  -3.113832e+106  -1.000000e+00  -1.000000e+00  1.000000e+00
5.736153e+02  5.454054e+03  2.498641e+03  4.993389e+03  5.736153e+02  2.018747e+00  1.943246e+00  7.550200e-02  8.755839e+00  8.755839e+00  3.829605e+00  3.740000e-02  3.405382e-01  7.707478e-01  7.707520e-01  9.426804e-03  1.372283e+00  6.155243e+05  1.488202e+04  2.791141e+57  7.688491e+56  -9.297151e-06  -2.562516e+106  -1.000000e+00  -1.000000e+00  1.000000e+00
5.736153e+02  6.120229e+03  2.498641e+03  5.659571e+03  5.736153e+02  2.001695e+00  1.937239e+00  6.445600e-02  8.686281e+00  8.686281e+00  3.627798e+00  3.220100e-02  3.403657e-01  7.697905e-01  7.697940e-01  9.227508e-03  1.346680e+00  6.192291e+05  1.267303e+04  2.759464e+57  6.540250e+56  -3.667049e-05  -1.926315e+106  -1.000000e+00  -1.000000e+00  1.000000e+00
5.736153e+02  6.875298e+03  2.498641e+03  6.414631e+03  5.736153e+02  1.983117e+00  1.928252e+00  5.486400e-02  8.617729e+00  8.617729e+00  3.433745e+00  2.766600e-02  3.398890e-01  7.671540e-01  7.671566e-01  9.076655e-03  1.333979e+00  6.215634e+05  1.076261e+04  2.724401e+57  5.548966e+56  -5.777607e-04  -1.427852e+106  -1.000000e+00  -1.000000e+00  1.000000e+00
5.736153e+02  7.731096e+03  2.498641e+03  7.270426e+03  5.736153e+02  1.963553e+00  1.916979e+00  4.657400e-02  8.551534e+00  8.551534e+00  3.247570e+00  2.371900e-02  3.391410e-01  7.630404e-01  7.630426e-01  8.974543e-03  1.333582e+00  6.227182e+05  9.117434e+03  2.687098e+57  4.696669e+56  3.319330e-05  -1.046828e+106  1.000000e+00  -1.000000e+00  1.000000e+00
5.736153e+02  8.701063e+03  2.498641e+03  8.240395e+03  5.736153e+02  1.943479e+00  1.904040e+00  3.943900e-02  8.488306e+00  8.488306e+00  3.069327e+00  2.029300e-02  3.381741e-01  7.577657e-01  7.577676e-01  8.908878e-03  1.342858e+00  6.228445e+05  7.706207e+03  2.648361e+57  3.966609e+56  1.358737e-05  -7.601581e+105  1.000000e+00  -1.000000e+00  1.000000e+00
5.736153e+02  9.800430e+03  2.498641e+03  9.339770e+03  5.736153e+02  1.923313e+00  1.889992e+00  3.332200e-02  8.429055e+00  8.429055e+00  2.899005e+00  1.732500e-02  3.370177e-01  7.515189e-01  7.515205e-01  8.879406e-03  1.361535e+00  6.221417e+05  6.499965e+03  2.609334e+57  3.343385e+56  8.941389e-06  -5.757004e+105  1.000000e+00  -1.000000e+00  1.000000e+00
5.736153e+02  1.104648e+04  2.498641e+03  1.058582e+04  5.736153e+02  1.903416e+00  1.875320e+00  2.809600e-02  8.374258e+00  8.374258e+00  2.736538e+00  1.476100e-02  3.357136e-01  7.445531e-01  7.445544e-01  8.879743e-03  1.388240e+00  6.199748e+05  5.472273e+03  2.564845e+57  2.813013e+56  6.652056e-06  -4.249955e+105  1.000000e+00  -1.000000e+00  1.000000e+00
5.736153e+02  1.245877e+04  2.498641e+03  1.199810e+04  5.736153e+02  1.884096e+00  1.860450e+00  2.364600e-02  8.324460e+00  8.324460e+00  2.581813e+00  1.255000e-02  3.342939e-01  7.370639e-01  7.370651e-01  8.907335e-03  1.422375e+00  6.180945e+05  4.599272e+03  2.527546e+57  2.362929e+56  6.597782e-06  -2.604384e+105  1.000000e+00  -1.000000e+00  1.000000e+00
5.736153e+02  1.405947e+04  2.498641e+03  1.359880e+04  5.736153e+02  1.865614e+00  1.845747e+00  1.986700e-02  8.279922e+00  8.279922e+00  2.434676e+00  1.064900e-02  3.327953e-01  7.292619e-01  7.292628e-01  8.956797e-03  1.462768e+00  6.158238e+05  3.859646e+03  2.491906e+57  1.981950e+56  5.835343e-06  -1.799509e+105  1.000000e+00  -1.000000e+00  1.000000e+00
5.736153e+02  1.587372e+04  2.498641e+03  1.541306e+04  5.736153e+02  1.848187e+00  1.831519e+00  1.666800e-02  8.240923e+00  8.240923e+00  2.294938e+00  9.018000e-03  3.312469e-01  7.213100e-01  7.213107e-01  9.024375e-03  1.508575e+00  6.132898e+05  3.234516e+03  2.458406e+57  1.660206e+56  5.269706e-06  -1.227020e+105  1.000000e+00  -1.000000e+00  1.000000e+00
5.736153e+02  1.793002e+04  2.498641e+03  1.746936e+04  5.736153e+02  1.831986e+00  1.818022e+00  1.396500e-02  8.207405e+00  8.207405e+00  2.162387e+00  7.623000e-03  3.296841e-01  7.133945e-01  7.133951e-01  9.105483e-03  1.558554e+00  6.105882e+05  2.707296e+03  2.427315e+57  1.389047e+56  4.815978e-06  -8.268376e+104  1.000000e+00  -1.000000e+00  1.000000e+00
5.736153e+02  2.025605e+04  2.498641e+03  1.979538e+04  5.736153e+02  1.817175e+00  1.805485e+00  1.169000e-02  8.179503e+00  8.179503e+00  2.037012e+00  6.433000e-03  3.281341e-01  7.056510e-01  7.056515e-01  9.196924e-03  1.611738e+00  6.078221e+05  2.264268e+03  2.398918e+57  1.161334e+56  4.615455e-06  -6.371508e+104  1.000000e+00  -1.000000e+00  1.000000e+00
7.880463e+02  1.030404e+02  3.275797e+03  1.000000e+00  7.880463e+02  1.739026e+00  2.040000e-04  1.738822e+00  1.394000e+01  1.273994e+00  1.394000e+01  9.998830e-01  1.842574e-01  2.583992e-01  2.901268e-02  1.651716e-02  5.184685e+01  3.051855e+01  3.741031e+05  2.566223e+53  2.123836e+58  -1.111493e-05  -1.713363e+106  -1.000000e+00  -1.000000e+00  0.000000e+00
7.880463e+02  1.076573e+02  3.275797e+03  1.133400e+00  7.880463e+02  1.739064e+00  2.400000e-04  1.738824e+00  1.394068e+01  1.305468e+00  1.394068e+01  9.998620e-01  1.842524e-01  2.583892e-01  3.045021e-02  1.651947e-02  5.186068e+01  3.600421e+01  3.740942e+05  3.019889e+53  2.123898e+58  -1.150539e-04  -1.696774e+106  -1.000000e+00  -1.000000e+00  0.000000e+00
7.880463e+02  1.131115e+02  3.275797e+03  1.284600e+00  7.880463e+02  1.739134e+00  2.830000e-04  1.738852e+00  1.394177e+01  1.338512e+00  1.394177e+01  9.998380e-01  1.842455e-01  2.583755e-01  3.199522e-02  1.652204e-02  5.187756e+01  4.242896e+01  3.740921e+05  3.545446e+53  2.124035e+58  1.467240e-05  -1.727021e+106  1.000000e+00  -1.000000e+00  0.000000e+00
7.880463e+02  1.191072e+02  3.275797e+03  1.456000e+00  7.880463e+02  1.739209e+00  3.320000e-04  1.738877e+00  1.394271e+01  1.373235e+00  1.394271e+01  9.998090e-01  1.842410e-01  2.583665e-01  3.365817e-02  1.652522e-02  5.189569e+01  4.998406e+01  3.740905e+05  4.158956e+53  2.124171e+58  -6.226971e-05  -1.949482e+106  -1.000000e+00  -1.000000e+00  0.000000e+00
7.880463e+02  1.250167e+02  3.275797e+03  1.650300e+00  7.880463e+02  1.739274e+00  3.910000e-04  1.738883e+00  1.394381e+01  1.409661e+00  1.394381e+01  9.997750e-01  1.842332e-01  2.583510e-01  3.544590e-02  1.652885e-02  5.191251e+01  5.887258e+01  3.740802e+05  4.876563e+53  2.124285e+58  3.332042e-04  -2.165451e+106  1.000000e+00  -1.000000e+00  0.000000e+00
7.880463e+02  1.316026e+02  3.275797e+03  1.870400e+00  7.880463e+02  1.739355e+00  4.600000e-04  1.738895e+00  1.394522e+01  1.447950e+00  1.394522e+01  9.997360e-01  1.842232e-01  2.583311e-01  3.737237e-02  1.653299e-02  5.194247e+01  6.933714e+01  3.740707e+05  5.717212e+53  2.124440e+58  -6.462592e-04  -2.468206e+106  -1.000000e+00  -1.000000e+00  0.000000e+00
7.880463e+02  1.379494e+02  3.275797e+03  2.120000e+00  7.880463e+02  1.739438e+00  5.410000e-04  1.738897e+00  1.394664e+01  1.488124e+00  1.394664e+01  9.996890e-01  1.842133e-01  2.583113e-01  3.944553e-02  1.653771e-02  5.197260e+01  8.166730e+01  3.740582e+05  6.703407e+53  2.124588e+58  -4.426466e-04  -2.285967e+106  -1.000000e+00  -1.000000e+00  0.000000e+00
7.880463e+02  1.527256e+02  3.275797e+03  2.402800e+00  7.880463e+02  1.739533e+00  6.320000e-04  1.738900e+00  1.394828e+01  1.528435e+00  1.394828e+01  9.996360e-01  1.842017e-01  2.582881e-01  4.157855e-02  1.654296e-02  5.200679e+01  9.564053e+01  3.740438e+05  7.816503e+53  2.124759e+58  -6.125239e-04  -3.829029e+106  -1.000000e+00  -1.000000e+00  0.000000e+00
7.880463e+02  1.576382e+02  3.275797e+03  2.723400e+00  7.880463e+02  1.739642e+00  7.410000e-04  1.738901e+00  1.395028e+01  1.570797e+00  1.395028e+01  9.995740e-01  1.841867e-01  2.582583e-01  4.387809e-02  1.654840e-02  5.204456e+01  1.122446e+02  3.740280e+05  9.134252e+53  2.124965e+58  1.521883e-04  -5.021426e+106  1.000000e+00  -1.000000e+00  0.000000e+00
7.880463e+02  1.627167e+02  3.275797e+03  3.086700e+00  7.880463e+02  1.739734e+00  8.710000e-04  1.738864e+00  1.395236e+01  1.616070e+00  1.395236e+01  9.995000e-01  1.841691e-01  2.582232e-01  4.639975e-02  1.655567e-02  5.209331e+01  1.321371e+02  3.739996e+05  1.070777e+54  2.125129e+58  -1.097490e-05  -5.794552e+106  -1.000000e+00  -1.000000e+00  0.000000e+00
7.880463e+02  1.679681e+02  3.275797e+03  3.498500e+00  7.880463e+02  1.739837e+00  1.025000e-03  1.738812e+00  1.395488e+01  1.664435e+00  1.395488e+01  9.994110e-01  1.841468e-01  2.581788e-01  4.916530e-02  1.656333e-02  5.214775e+01  1.559186e+02  3.739665e+05  1.258302e+54  2.125321e+58  -9.555601e-06  -6.670659e+106  -1.000000e+00  -1.000000e+00  0.000000e+00
7.880463e+02  1.734000e+02  3.275797e+03  3.965200e+00  7.880463e+02  1.739939e+00  1.209000e-03  1.738730e+00  1.395767e+01  1.715987e+00  1.395767e+01  9.993050e-01  1.841208e-01  2.581269e-01  5.219331e-02  1.657250e-02  5.221437e+01  1.843210e+02  3.739240e+05  1.481580e+54  2.125509e+58  -6.412578e-06  -7.672989e+106  -1.000000e+00  -1.000000e+00  0.000000e+00
7.880463e+02  1.790190e+02  3.275797e+03  4.494300e+00  7.880463e+02  1.740040e+00  1.428000e-03  1.738612e+00  1.396095e+01  1.770782e+00  1.396095e+01  9.991790e-01  1.840882e-01  2.580622e-01  5.550114e-02  1.658260e-02  5.229155e+01  2.182176e+02  3.738711e+05  1.747228e+54  2.125702e+58  -4.738773e-06  -8.818220e+106  -1.000000e+00  -1.000000e+00  0.000000e+00
7.880463e+02  1.848335e+02  3.275797e+03  5.093900e+00  7.880463e+02  1.740140e+00  1.688000e-03  1.738452e+00  1.396472e+01  1.829176e+00  1.396472e+01  9.990300e-01  1.840490e-01  2.579840e-01  5.912470e-02  1.659459e-02  5.238526e+01  2.586769e+02  3.738057e+05  2.063327e+54  2.125898e+58  -3.147293e-06  -1.013505e+107  -1.000000e+00  -1.000000e+00  0.000000e+00
7.880463e+02  1.908524e+02  3.275797e+03  5.773400e+00  7.880463e+02  1.740211e+00  1.996000e-03  1.738215e+00  1.396880e+01  1.891271e+00  1.396880e+01  9.988530e-01  1.840028e-01  2.578921e-01  6.308707e-02  1.660879e-02  5.252718e+01  3.069589e+02  3.737184e+05  2.439364e+54  2.126030e+58  -1.428292e-06  -1.164492e+107  -1.000000e+00  -1.000000e+00  0.000000e+00
7.880463e+02  1.970844e+02  3.275797e+03  6.543700e+00  7.880463e+02  1.740258e+00  2.363000e-03  1.737895e+00  1.397330e+01  1.957186e+00  1.397330e+01  9.986420e-01  1.839484e-01  2.577839e-01  6.741347e-02  1.662378e-02  5.262391e+01  3.645887e+02  3.736075e+05  2.886741e+54  2.126120e+58  -6.434044e-07  -1.336794e+107  -1.000000e+00  -1.000000e+00  0.000000e+00
7.880463e+02  2.035396e+02  3.275797e+03  7.416700e+00  7.880463e+02  1.740281e+00  2.798000e-03  1.737483e+00  1.397878e+01  2.027104e+00  1.397878e+01  9.983920e-01  1.838789e-01  2.576456e-01  7.213403e-02  1.664123e-02  5.277088e+01  4.333906e+02  3.734735e+05  3.419046e+54  2.126174e+58  -1.321639e-07  -1.533908e+107  -1.000000e+00  -1.000000e+00  0.000000e+00
7.880463e+02  2.102287e+02  3.275797e+03  8.406200e+00  7.880463e+02  1.740269e+00  3.314000e-03  1.736954e+00  1.398479e+01  2.101361e+00  1.398479e+01  9.980950e-01  1.837985e-01  2.574857e-01  7.729007e-02  1.666143e-02  5.295400e+01  5.155641e+02  3.733095e+05  4.052540e+54  2.126165e+58  4.149637e-07  -1.759903e+107  1.000000e+00  -1.000000e+00  0.000000e+00
7.880463e+02  2.171631e+02  3.275797e+03  9.527700e+00  7.880463e+02  1.740185e+00  3.927000e-03  1.736258e+00  1.399146e+01  2.179978e+00  1.399146e+01  9.977430e-01  1.837022e-01  2.572941e-01  8.290395e-02  1.668389e-02  5.316448e+01  6.137316e+02  3.731019e+05  4.806533e+54  2.126023e+58  -2.308724e-06  -1.831797e+107  -1.000000e+00  -1.000000e+00  0.000000e+00
7.880463e+02  4.714565e+02  3.275797e+03  1.079880e+01  7.880463e+02  1.740360e+00  4.422000e-03  1.735938e+00  1.399809e+01  2.232635e+00  1.399809e+01  9.974590e-01  1.836336e-01  2.571578e-01  8.672262e-02  1.670590e-02  5.333663e+01  6.931062e+02  3.729747e+05  5.413527e+54  2.126334e+58  -6.904832e-06  -6.769390e+107  -1.000000e+00  -1.000000e+00  1.000000e+00
7.880463e+02  4.728972e+02  3.275797e+03  1.223950e+01  7.880463e+02  1.740658e+00  4.899000e-03  1.735758e+00  1.400553e+01  2.270282e+00  1.400553e+01  9.971850e-01  1.835674e-01  2.570263e-01  8.951690e-02  1.672940e-02  5.350819e+01  7.691444e+02  3.728661e+05  5.991568e+54  2.126865e+58  -7.519459e-06  -7.181461e+107  -1.000000e+00  -1.000000e+00  1.000000e+00
7.880463e+02  4.745300e+02  3.275797e+03  1.387240e+01  7.880463e+02  1.740924e+00  5.507000e-03  1.735416e+00  1.401414e+01  2.312483e+00  1.401414e+01  9.968370e-01  1.834827e-01  2.568581e-01  9.273359e-02  1.675775e-02  5.372355e+01  8.657936e+02  3.727138e+05  6.723747e+54  2.127347e+58  -3.860546e-06  -7.965343e+107  -1.000000e+00  -1.000000e+00  1.000000e+00
7.880463e+02  4.763807e+02  3.275797e+03  1.572320e+01  7.880463e+02  1.741132e+00  6.264000e-03  1.734868e+00  1.402444e+01  2.359706e+00  1.402444e+01  9.964020e-01  1.833698e-01  2.566341e-01  9.641975e-02  1.679095e-02  5.399370e+01  9.864099e+02  3.725078e+05  7.634481e+54  2.127739e+58  -1.783588e-06  -8.714816e+107  -1.000000e+00  -1.000000e+00  1.000000e+00
7.880463e+02  4.784787e+02  3.275797e+03  1.782080e+01  7.880463e+02  1.741233e+00  7.195000e-03  1.734038e+00  1.403601e+01  2.412405e+00  1.403601e+01  9.958680e-01  1.832293e-01  2.563554e-01  1.006276e-01  1.682971e-02  5.432780e+01  1.135540e+03  3.722266e+05  8.756751e+54  2.127926e+58  -3.722808e-07  -9.475514e+107  -1.000000e+00  -1.000000e+00  1.000000e+00
7.880463e+02  4.808563e+02  3.275797e+03  2.019840e+01  7.880463e+02  1.741202e+00  8.331000e-03  1.732870e+00  1.404923e+01  2.471030e+00  1.404923e+01  9.952150e-01  1.830536e-01  2.560070e-01  1.054137e-01  1.687432e-02  5.473284e+01  1.319373e+03  3.718585e+05  1.013549e+55  2.127880e+58  4.514453e-07  -1.022372e+108  1.000000e+00  -1.000000e+00  1.000000e+00
7.880463e+02  4.835509e+02  3.275797e+03  2.289310e+01  7.880463e+02  1.740998e+00  9.712000e-03  1.731285e+00  1.406414e+01  2.535967e+00  1.406414e+01  9.944210e-01  1.828381e-01  2.555803e-01  1.108333e-01  1.692552e-02  5.522399e+01  1.543845e+03  3.713872e+05  1.181282e+55  2.127522e+58  1.053087e-06  -1.092714e+108  1.000000e+00  -1.000000e+00  1.000000e+00
7.880463e+02  4.866048e+02  3.275797e+03  2.594730e+01  7.880463e+02  1.740552e+00  1.138500e-02  1.729168e+00  1.408107e+01  2.607596e+00  1.408107e+01  9.934590e-01  1.825716e-01  2.550531e-01  1.169444e-01  1.698435e-02  5.581930e+01  1.815808e+03  3.707866e+05  1.383698e+55  2.126731e+58  1.549520e-06  -1.168591e+108  1.000000e+00  -1.000000e+00  1.000000e+00
7.880463e+02  4.900671e+02  3.275797e+03  2.940900e+01  7.880463e+02  1.739760e+00  1.340400e-02  1.726356e+00  1.409957e+01  2.686359e+00  1.409957e+01  9.922950e-01  1.822490e-01  2.544159e-01  1.238117e-01  1.705081e-02  5.653567e+01  2.148643e+03  3.700159e+05  1.630376e+55  2.125277e+58  1.964525e-06  -1.254537e+108  1.000000e+00  -1.000000e+00  1.000000e+00
7.880463e+02  4.939909e+02  3.275797e+03  3.333260e+01  7.880463e+02  1.738556e+00  1.583700e-02  1.722720e+00  1.412009e+01  2.772674e+00  1.412009e+01  9.908910e-01  1.818582e-01  2.536452e-01  1.314995e-01  1.712578e-02  5.739633e+01  2.555504e+03  3.690523e+05  1.930539e+55  2.123066e+58  2.300821e-06  -1.343448e+108  1.000000e+00  -1.000000e+00  1.000000e+00
7.880463e+02  4.984378e+02  3.275797e+03  3.777960e+01  7.880463e+02  1.736799e+00  1.876200e-02  1.718038e+00  1.414252e+01  2.867116e+00  1.414252e+01  9.891980e-01  1.813863e-01  2.527164e-01  1.400833e-01  1.720981e-02  5.843345e+01  3.052579e+03  3.678458e+05  2.295460e+55  2.119820e+58  2.585622e-06  -1.425532e+108  1.000000e+00  -1.000000e+00  1.000000e+00
7.880463e+02  5.034775e+02  3.275797e+03  4.281980e+01  7.880463e+02  1.734319e+00  2.227300e-02  1.712047e+00  1.416653e+01  2.969958e+00  1.416653e+01  9.871580e-01  1.808203e-01  2.516052e-01  1.496152e-01  1.730270e-02  5.967268e+01  3.649296e+03  3.663392e+05  2.730985e+55  2.115204e+58  2.847541e-06  -1.519666e+108  1.000000e+00  -1.000000e+00  1.000000e+00
7.880463e+02  5.091908e+02  3.275797e+03  4.853260e+01  7.880463e+02  1.730910e+00  2.648100e-02  1.704429e+00  1.419174e+01  3.081583e+00  1.419174e+01  9.847010e-01  1.801443e-01  2.502819e-01  1.601515e-01  1.740410e-02  6.115736e+01  4.387641e+03  3.644644e+05  3.266987e+55  2.108810e+58  3.085452e-06  -1.618479e+108  1.000000e+00  -1.000000e+00  1.000000e+00
7.880463e+02  5.156662e+02  3.275797e+03  5.500740e+01  7.880463e+02  1.726341e+00  3.151800e-02  1.694824e+00  1.421740e+01  3.202471e+00  1.421740e+01  9.817430e-01  1.793445e-01  2.487216e-01  1.717475e-01  1.751345e-02  6.292796e+01  5.273080e+03  3.621481e+05  3.905315e+55  2.100174e+58  3.282865e-06  -1.706809e+108  1.000000e+00  -1.000000e+00  1.000000e+00
7.880463e+02  5.230050e+02  3.275797e+03  6.234610e+01  7.880463e+02  1.720270e+00  3.753700e-02  1.682732e+00  1.424248e+01  3.332985e+00  1.424248e+01  9.781790e-01  1.783990e-01  2.468848e-01  1.844391e-01  1.762779e-02  6.503590e+01  6.349486e+03  3.592833e+05  4.675876e+55  2.088610e+58  3.479902e-06  -1.809663e+108  1.000000e+00  -1.000000e+00  1.000000e+00
7.880463e+02  5.313221e+02  3.275797e+03  7.066390e+01  7.880463e+02  1.712356e+00  4.472300e-02  1.667634e+00  1.426544e+01  3.473481e+00  1.426544e+01  9.738820e-01  1.772925e-01  2.447453e-01  1.982463e-01  1.774393e-02  6.753191e+01  7.657538e+03  3.557678e+05  5.605177e+55  2.073418e+58  3.682024e-06  -1.930014e+108  1.000000e+00  -1.000000e+00  1.000000e+00
7.880463e+02  5.407496e+02  3.275797e+03  8.009140e+01  7.880463e+02  1.702133e+00  5.328800e-02  1.648845e+00  1.428385e+01  3.624269e+00  1.428385e+01  9.686940e-01  1.760069e-01  2.422733e-01  2.131650e-01  1.785540e-02  7.047336e+01  9.272982e+03  3.514624e+05  6.744603e+55  2.053622e+58  3.862571e-06  -2.038916e+108  1.000000e+00  -1.000000e+00  1.000000e+00
7.880463e+02  5.514360e+02  3.275797e+03  9.077660e+01  7.880463e+02  1.689088e+00  6.348400e-02  1.625604e+00  1.429432e+01  3.785644e+00  1.429432e+01  9.624150e-01  1.745301e-01  2.394516e-01  2.291646e-01  1.795334e-02  7.390713e+01  1.120480e+04  3.462187e+05  8.093898e+55  2.028124e+58  4.030371e-06  -2.154000e+108  1.000000e+00  -1.000000e+00  1.000000e+00
7.880463e+02  5.635472e+02  3.275797e+03  1.028874e+02  7.880463e+02  1.672593e+00  7.560600e-02  1.596987e+00  1.429165e+01  3.957940e+00  1.429165e+01  9.547970e-01  1.728580e-01  2.362801e-01  2.461848e-01  1.802387e-02  7.785884e+01  1.358493e+04  3.398546e+05  9.742721e+55  1.995522e+58  4.216420e-06  -2.273293e+108  1.000000e+00  -1.000000e+00  1.000000e+00
7.880463e+02  5.772730e+02  3.275797e+03  1.166139e+02  7.880463e+02  1.652021e+00  8.999500e-02  1.562025e+00  1.426947e+01  4.141228e+00  1.426947e+01  9.455240e-01  1.709973e-01  2.327791e-01  2.641150e-01  1.804660e-02  8.229140e+01  1.647112e+04  3.321926e+05  1.172218e+56  1.954370e+58  4.381359e-06  -2.387514e+108  1.000000e+00  -1.000000e+00  1.000000e+00
7.880463e+02  5.928297e+02  3.275797e+03  1.321717e+02  7.880463e+02  1.626675e+00  1.070510e-01  1.519625e+00  1.421810e+01  4.335946e+00  1.421810e+01  9.341910e-01  1.689822e-01  2.290211e-01  2.828244e-01  1.799346e-02  8.705980e+01  1.996412e+04  3.230283e+05  1.409226e+56  1.902924e+58  4.542852e-06  -2.501166e+108  1.000000e+00  -1.000000e+00  1.000000e+00
7.880463e+02  6.104652e+02  3.275797e+03  1.498051e+02  7.880463e+02  1.595981e+00  1.272300e-01  1.468751e+00  1.412507e+01  4.542207e+00  1.412507e+01  9.202810e-01  1.668856e-01  2.251473e-01  3.021236e-01  1.782570e-02  9.180303e+01  2.418056e+04  3.121812e+05  1.692056e+56  1.839497e+58  4.728810e-06  -2.625707e+108  1.000000e+00  -1.000000e+00  1.000000e+00
7.880463e+02  6.304521e+02  3.275797e+03  1.697911e+02  7.880463e+02  1.559603e+00  1.510610e-01  1.408542e+00  1.397417e+01  4.760120e+00  1.397417e+01  9.031420e-01  1.648427e-01  2.214077e-01  3.217842e-01  1.749582e-02  9.582956e+01  2.933742e+04  2.995109e+05  2.034412e+56  1.762588e+58  4.926475e-06  -2.738668e+108  1.000000e+00  -1.000000e+00  1.000000e+00
7.880463e+02  6.531038e+02  3.275797e+03  1.924434e+02  7.880463e+02  1.517743e+00  1.791380e-01  1.338605e+00  1.374577e+01  4.989795e+00  1.374577e+01  8.819710e-01  1.630839e-01  2.182154e-01  3.415436e-01  1.694743e-02  9.793992e+01  3.553653e+04  2.849740e+05  2.440773e+56  1.671336e+58  5.147425e-06  -2.821662e+108  1.000000e+00  -1.000000e+00  1.000000e+00
7.880463e+02  6.787757e+02  3.275797e+03  2.181178e+02  7.880463e+02  1.471482e+00  2.121280e-01  1.259355e+00  1.341821e+01  5.231099e+00  1.341821e+01  8.558410e-01  1.619728e-01  2.162117e-01  3.611090e-01  1.612916e-02  9.645130e+01  4.307082e+04  2.686795e+05  2.929164e+56  1.566019e+58  5.407099e-06  -2.878754e+108  1.000000e+00  -1.000000e+00  1.000000e+00
7.880463e+02  7.078781e+02  3.275797e+03  2.472176e+02  7.880463e+02  1.423234e+00  2.507600e-01  1.172475e+00  1.297228e+01  5.483753e+00  1.297228e+01  8.238100e-01  1.620473e-01  2.163457e-01  3.801778e-01  1.501524e-02  8.958439e+01  5.206164e+04  2.509684e+05  3.503950e+56  1.448799e+58  5.785746e-06  -2.873242e+108  1.000000e+00  -1.000000e+00  1.000000e+00
7.880463e+02  7.408620e+02  3.275797e+03  2.801996e+02  7.880463e+02  1.376999e+00  2.958090e-01  1.081191e+00  1.239963e+01  5.747211e+00  1.239963e+01  7.851790e-01  1.640237e-01  2.199181e-01  3.984576e-01  1.364395e-02  7.661466e+01  6.288298e+04  2.324526e+05  4.187459e+56  1.324199e+58  6.443703e-06  -2.792990e+108  1.000000e+00  -1.000000e+00  1.000000e+00
7.880463e+02  7.782441e+02  3.275797e+03  3.175819e+02  7.880463e+02  1.338097e+00  3.480620e-01  9.900350e-01  1.171267e+01  6.020558e+00  1.171267e+01  7.398830e-01  1.687381e-01  2.285682e-01  4.156891e-01  1.215586e-02  5.924084e+01  7.562873e+04  2.139593e+05  4.980021e+56  1.198800e+58  9.267980e-06  -2.596498e+108  1.000000e+00  -1.000000e+00  1.000000e+00
7.880463e+02  8.206108e+02  3.275797e+03  3.599514e+02  7.880463e+02  1.312119e+00  4.082670e-01  9.038520e-01  1.095110e+01  6.302304e+00  1.095110e+01  6.888490e-01  1.769689e-01  2.441217e-01  4.316768e-01  1.082074e-02  4.156068e+01  9.073052e+04  1.963496e+05  5.906422e+56  1.079824e+58  -3.488509e-05  -2.265270e+108  -1.000000e+00  -1.000000e+00  1.000000e+00
7.880463e+02  8.686339e+02  3.275797e+03  4.079736e+02  7.880463e+02  1.303383e+00  4.770530e-01  8.263300e-01  1.017533e+01  6.590330e+00  1.017533e+01  6.339890e-01  1.891931e-01  2.683517e-01  4.463115e-01  1.002312e-02  2.756646e+01  1.084549e+05  1.802633e+05  6.978472e+56  9.729481e+57  -3.879610e-06  -1.907974e+108  -1.000000e+00  -1.000000e+00  1.000000e+00
7.880463e+02  9.230662e+02  3.275797e+03  4.624025e+02  7.880463e+02  1.313759e+00  5.548260e-01  7.589320e-01  9.448066e+00  6.881751e+00  9.448066e+00  5.776800e-01  2.053782e-01  3.027245e-01  4.595890e-01  1.022070e-02  1.864776e+01  1.290225e+05  1.659420e+05  8.203558e+56  8.806690e+57  2.067676e-06  -1.499071e+108  1.000000e+00  -1.000000e+00  1.000000e+00
7.880463e+02  9.847572e+02  3.275797e+03  5.240930e+02  7.880463e+02  1.342549e+00  6.416490e-01  7.008990e-01  8.814968e+00  7.172860e+00  8.814968e+00  5.220660e-01  2.249526e-01  3.482834e-01  4.716156e-01  1.186944e-02  1.373689e+01  1.521932e+05  1.532433e+05  9.555423e+56  8.022398e+57  2.881326e-06  -1.187802e+108  1.000000e+00  -1.000000e+00  1.000000e+00
7.880463e+02  1.054675e+03  3.275797e+03  5.940138e+02  7.880463e+02  1.387211e+00  7.371130e-01  6.500980e-01  8.296441e+00  7.459156e+00  8.296441e+00  4.686370e-01  2.469632e-01  4.057018e-01  4.826000e-01  1.529997e-02  1.110284e+01  1.782098e+05  1.417977e+05  1.104365e+57  7.348473e+57  3.066935e-06  -9.017641e+107  1.000000e+00  -1.000000e+00  1.000000e+00
7.880463e+02  1.133922e+03  3.275797e+03  6.732629e+02  7.880463e+02  1.444259e+00  8.402350e-01  6.040240e-01  7.892830e+00  7.735618e+00  7.892830e+00  4.182240e-01  2.702676e-01  4.752781e-01  4.928159e-01  2.055651e-02  9.497458e+00  2.074036e+05  1.311911e+05  1.268682e+57  6.750654e+57  3.097178e-06  -6.941647e+107  1.000000e+00  -1.000000e+00  1.000000e+00
7.880463e+02  1.223749e+03  3.275797e+03  7.630849e+02  7.880463e+02  1.509900e+00  9.494180e-01  5.604830e-01  7.996642e+00  7.996642e+00  7.583696e+00  3.712050e-01  2.788832e-01  5.037447e-01  5.037798e-01  2.078697e-02  8.214637e+00  2.384927e+05  1.210822e+05  1.438440e+57  6.198209e+57  3.064371e-06  -5.310221e+107  1.000000e+00  -1.000000e+00  1.000000e+00
7.880463e+02  1.325556e+03  3.275797e+03  8.648903e+02  7.880463e+02  1.580368e+00  1.062276e+00  5.180930e-01  8.234311e+00  8.234311e+00  7.329154e+00  3.278300e-01  2.834736e-01  5.196010e-01  5.196302e-01  1.963264e-02  7.150312e+00  2.718443e+05  1.112815e+05  1.616268e+57  5.671596e+57  2.943310e-06  -4.130392e+107  1.000000e+00  -1.000000e+00  1.000000e+00
7.880463e+02  1.440942e+03  3.275797e+03  9.802778e+02  7.880463e+02  1.652045e+00  1.175559e+00  4.764860e-01  8.441617e+00  8.441617e+00  7.082704e+00  2.884220e-01  2.890532e-01  5.395669e-01  5.395929e-01  1.870843e-02  6.180972e+00  3.061535e+05  1.017575e+05  1.792624e+57  5.164685e+57  2.822365e-06  -3.552454e+107  1.000000e+00  -1.000000e+00  1.000000e+00
7.880463e+02  1.571717e+03  3.275797e+03  1.111060e+03  7.880463e+02  1.721610e+00  1.285696e+00  4.359140e-01  8.615026e+00  8.615026e+00  6.834902e+00  2.532010e-01  2.951615e-01  5.623533e-01  5.623766e-01  1.785320e-02  5.312830e+00  3.406285e+05  9.256587e+04  1.962326e+57  4.679525e+57  2.664318e-06  -2.868176e+107  1.000000e+00  -1.000000e+00  1.000000e+00
7.880463e+02  1.719954e+03  3.275797e+03  1.259289e+03  7.880463e+02  1.786304e+00  1.389636e+00  3.966680e-01  8.753661e+00  8.753661e+00  6.586326e+00  2.220610e-01  3.014028e-01  5.867133e-01  5.867344e-01  1.697007e-02  4.548371e+00  3.745264e+05  8.376396e+04  2.120850e+57  4.218562e+57  2.475709e-06  -2.329160e+107  1.000000e+00  -1.000000e+00  1.000000e+00
7.880463e+02  1.887962e+03  3.275797e+03  1.427295e+03  7.880463e+02  1.844122e+00  1.485107e+00  3.590160e-01  8.858702e+00  8.858702e+00  6.337616e+00  1.946810e-01  3.074689e-01  6.115158e-01  6.115347e-01  1.606177e-02  3.896693e+00  4.072158e+05  7.540184e+04  2.264933e+57  3.783829e+57  2.260939e-06  -1.777953e+107  1.000000e+00  -1.000000e+00  1.000000e+00
7.880463e+02  2.078381e+03  3.275797e+03  1.617714e+03  7.880463e+02  1.893825e+00  1.570634e+00  3.231910e-01  8.932594e+00  8.932594e+00  6.089460e+00  1.706550e-01  3.131439e-01  6.358045e-01  6.358215e-01  1.515151e-02  3.354630e+00  4.382038e+05  6.752075e+04  2.392528e+57  3.376893e+57  2.065202e-06  -1.549866e+107  1.000000e+00  -1.000000e+00  1.000000e+00
7.880463e+02  2.294199e+03  3.275797e+03  1.833538e+03  7.880463e+02  1.934852e+00  1.645464e+00  2.893880e-01  8.978573e+00  8.978573e+00  5.842584e+00  1.495660e-01  3.182893e-01  6.588028e-01  6.588182e-01  1.427052e-02  2.912314e+00  4.662036e+05  6.015207e+04  2.495716e+57  2.998819e+57  1.849483e-06  -1.330360e+107  1.000000e+00  -1.000000e+00  1.000000e+00
7.880463e+02  2.538819e+03  3.275797e+03  2.078156e+03  7.880463e+02  1.967174e+00  1.709416e+00  2.577580e-01  9.000193e+00  9.000193e+00  5.597727e+00  1.310300e-01  3.228290e-01  6.799205e-01  6.799343e-01  1.344465e-02  2.556203e+00  4.917981e+05  5.331680e+04  2.580589e+57  2.650166e+57  1.534250e-06  -1.029739e+107  1.000000e+00  -1.000000e+00  1.000000e+00
7.880463e+02  2.816077e+03  3.275797e+03  2.355409e+03  7.880463e+02  1.991145e+00  1.762743e+00  2.284020e-01  9.000923e+00  9.000923e+00  5.355635e+00  1.147090e-01  3.267364e-01  6.987575e-01  6.987697e-01  1.268640e-02  2.271221e+00  5.157616e+05  4.702559e+04  2.654594e+57  2.330996e+57  1.218093e-06  -7.806769e+106  1.000000e+00  -1.000000e+00  1.000000e+00
7.880463e+02  3.130319e+03  3.275797e+03  2.669651e+03  7.880463e+02  2.007379e+00  1.806002e+00  2.013770e-01  8.984273e+00  8.984273e+00  5.117035e+00  1.003180e-01  3.300107e-01  7.150397e-01  7.150506e-01  1.200332e-02  2.044420e+00  5.362272e+05  4.127908e+04  2.705183e+57  2.040906e+57  9.294906e-07  -7.343033e+106  1.000000e+00  -1.000000e+00  1.000000e+00
7.880463e+02  3.486480e+03  3.275797e+03  3.025817e+03  7.880463e+02  2.016638e+00  1.839947e+00  1.766910e-01  8.953487e+00  8.953487e+00  4.882626e+00  8.761700e-02  3.326728e-01  7.286290e-01  7.286386e-01  1.140779e-02  1.866480e+00  5.531324e+05  3.606878e+04  2.733198e+57  1.779079e+57  5.307629e-07  -5.853753e+106  1.000000e+00  -1.000000e+00  1.000000e+00
7.880463e+02  3.890162e+03  3.275797e+03  3.429500e+03  7.880463e+02  2.019760e+00  1.865447e+00  1.543130e-01  8.911475e+00  8.911475e+00  4.653059e+00  7.640200e-02  3.347587e-01  7.395048e-01  7.395146e-01  1.088826e-02  1.726665e+00  5.684801e+05  3.137819e+04  2.754725e+57  1.544347e+57  -3.177384e-08  -4.591920e+106  -1.000000e+00  -1.000000e+00  1.000000e+00
7.880463e+02  4.347708e+03  3.275797e+03  3.887040e+03  7.880463e+02  2.017618e+00  1.883444e+00  1.341740e-01  8.860964e+00  8.860964e+00  4.428931e+00  6.650100e-02  3.363099e-01  7.477276e-01  7.477349e-01  1.044643e-02  1.618769e+00  5.805533e+05  2.718417e+04  2.757668e+57  1.335258e+57  -6.238682e-07  -3.677021e+106  -1.000000e+00  -1.000000e+00  1.000000e+00
7.880463e+02  4.866291e+03  3.275797e+03  4.405622e+03  7.880463e+02  2.011045e+00  1.894869e+00  1.161760e-01  8.804322e+00  8.804322e+00  4.210771e+00  5.776900e-02  3.373708e-01  7.534192e-01  7.534255e-01  1.007694e-02  1.537092e+00  5.912925e+05  2.345839e+04  2.757143e+57  1.150149e+57  -1.747215e-06  -2.829709e+106  -1.000000e+00  -1.000000e+00  1.000000e+00
7.880463e+02  5.454054e+03  3.275797e+03  4.993389e+03  7.880463e+02  2.000850e+00  1.900654e+00  1.001960e-01  8.743689e+00  8.743689e+00  3.999036e+00  5.007700e-02  3.379882e-01  7.567569e-01  7.567623e-01  9.771450e-03  1.476931e+00  5.990798e+05  2.016877e+04  2.741453e+57  9.872178e+56  -3.442463e-06  -2.336616e+106  -1.000000e+00  -1.000000e+00  1.000000e+00
7.880463e+02  6.120229e+03  3.275797e+03  5.659571e+03  7.880463e+02  1.987782e+00  1.901685e+00  8.609700e-02  8.680968e+00  8.680968e+00  3.794106e+00  4.331300e-02  3.382066e-01  7.579424e-01  7.579471e-01  9.529490e-03  1.435714e+00  6.050449e+05  1.728092e+04  2.719239e+57  8.445874e+56  -6.845125e-06  -1.721394e+106  -1.000000e+00  -1.000000e+00  1.000000e+00
7.880463e+02  6.875298e+03  3.275797e+03  6.414631e+03  7.880463e+02  1.972526e+00  1.898798e+00  7.372800e-02  8.617726e+00  8.617726e+00  3.596282e+00  3.737700e-02  3.380739e-01  7.572216e-01  7.572256e-01  9.340602e-03  1.410021e+00  6.093865e+05  1.475936e+04  2.692005e+57  7.203630e+56  -1.869888e-05  -1.290547e+106  -1.000000e+00  -1.000000e+00  1.000000e+00
7.880463e+02  7.731096e+03  3.275797e+03  7.270426e+03  7.880463e+02  1.955699e+00  1.892764e+00  6.293500e-02  8.555273e+00  8.555273e+00  3.405793e+00  3.218000e-02  3.376369e-01  7.548552e-01  7.548586e-01  9.199932e-03  1.397797e+00  6.123130e+05  1.256859e+04  2.661213e+57  6.126807e+56  1.356194e-04  -9.558141e+105  1.000000e+00  -1.000000e+00  1.000000e+00
7.880463e+02  8.701063e+03  3.275797e+03  8.240395e+03  7.880463e+02  1.937859e+00  1.884294e+00  5.356500e-02  8.494934e+00  8.494934e+00  3.222790e+00  2.764100e-02  3.369333e-01  7.510651e-01  7.510680e-01  9.102735e-03  1.397530e+00  6.140204e+05  1.067399e+04  2.628013e+57  5.197459e+56  8.295605e-05  -6.992587e+105  1.000000e+00  -1.000000e+00  1.000000e+00
7.880463e+02  9.800430e+03  3.275797e+03  9.339770e+03  7.880463e+02  1.919489e+00  1.874021e+00  4.546800e-02  8.437536e+00  8.437536e+00  3.047358e+00  2.368800e-02  3.360095e-01  7.461263e-01  7.461286e-01  9.045173e-03  1.407887e+00  6.146797e+05  9.042469e+03  2.593375e+57  4.398621e+56  1.610153e-05  -5.063811e+105  1.000000e+00  -1.000000e+00  1.000000e+00
7.880463e+02  1.104648e+04  3.275797e+03  1.058582e+04  7.880463e+02  1.901015e+00  1.862514e+00  3.850000e-02  8.383901e+00  8.383901e+00  2.879520e+00  2.025200e-02  3.349044e-01  7.402727e-01  7.402747e-01  9.020924e-03  1.427431e+00  6.144697e+05  7.642954e+03  2.558248e+57  3.714503e+56  1.027197e-05  -3.409784e+105  1.000000e+00  -1.000000e+00  1.000000e+00
7.880463e+02  1.245877e+04  3.275797e+03  1.199810e+04  7.880463e+02  1.882806e+00  1.850279e+00  3.252700e-02  8.334721e+00  8.334721e+00  2.719241e+00  1.727600e-02  3.336538e-01  7.337182e-01  7.337198e-01  9.025973e-03  1.455200e+00  6.135738e+05  6.446717e+03  2.523558e+57  3.130608e+56  7.999038e-06  -2.402074e+105  1.000000e+00  -1.000000e+00  1.000000e+00
7.880463e+02  1.405947e+04  3.275797e+03  1.359880e+04  7.880463e+02  1.865170e+00  1.837745e+00  2.742500e-02  8.290305e+00  8.290305e+00  2.566439e+00  1.470400e-02  3.322994e-01  7.267030e-01  7.267044e-01  9.055104e-03  1.489891e+00  6.121337e+05  5.427537e+03  2.489886e+57  2.633785e+56  6.714849e-06  -1.671759e+105  1.000000e+00  -1.000000e+00  1.000000e+00
7.880463e+02  1.587372e+04  3.275797e+03  1.541306e+04  7.880463e+02  1.848369e+00  1.825289e+00  2.308000e-02  8.251072e+00  8.251072e+00  2.420989e+00  1.248700e-02  3.308720e-01  7.194013e-01  7.194026e-01  9.107314e-03  1.531084e+00  6.102955e+05  4.561752e+03  2.457836e+57  2.212229e+56  5.880212e-06  -1.147583e+105  1.000000e+00  -1.000000e+00  1.000000e+00
7.880463e+02  1.793002e+04  3.275797e+03  1.746936e+04  7.880463e+02  1.832620e+00  1.813228e+00  1.939200e-02  8.217145e+00  8.217145e+00  2.282731e+00  1.058100e-02  3.294072e-01  7.120033e-01  7.120043e-01  9.174150e-03  1.576919e+00  6.081807e+05  3.828225e+03  2.427832e+57  1.855441e+56  4.858418e-06  -8.413313e+104  1.000000e+00  -1.000000e+00  1.000000e+00
7.880463e+02  2.025605e+04  3.275797e+03  1.979538e+04  7.880463e+02  1.818114e+00  1.801840e+00  1.627400e-02  8.188586e+00  8.188586e+00  2.151713e+00  8.951000e-03  3.279396e-01  7.046864e-01  7.046872e-01  9.252407e-03  1.626277e+00  6.051780e+05  3.209297e+03  2.394793e+57  1.554670e+56  4.005373e-06  -7.394685e+104  1.000000e+00  -1.000000e+00  1.000000e+00
1.082637e+03  1.030404e+02  4.316453e+03  1.000000e+00  1.082637e+03  1.654224e+00  1.320000e-04  1.654092e+00  1.345186e+01  1.101476e+00  1.345186e+01  9.999200e-01  1.816326e-01  2.532009e-01  2.853065e-02  1.540060e-02  5.193661e+01  1.975610e+01  3.604884e+05  1.661258e+53  1.976692e+58  7.075177e-06  -7.787133e+105  1.000000e+00  -1.000000e+00  0.000000e+00
1.082637e+03  1.076573e+02  4.316453e+03  1.133400e+00  1.082637e+03  1.654283e+00  1.550000e-04  1.654127e+00  1.345241e+01  1.128799e+00  1.345241e+01  9.999060e-01  1.816315e-01  2.531988e-01  2.994490e-02  1.540197e-02  5.194395e+01  2.331328e+01  3.604931e+05  1.955437e+53  1.976798e+58  1.061124e-05  -7.717599e+105  1.000000e+00  -1.000000e+00  0.000000e+00
1.082637e+03  1.131115e+02  4.316453e+03  1.284600e+00  1.082637e+03  1.654337e+00  1.830000e-04  1.654154e+00  1.345306e+01  1.157480e+00  1.345306e+01  9.998890e-01  1.816286e-01  2.531931e-01  3.146439e-02  1.540394e-02  5.195167e+01  2.748127e+01  3.604933e+05  2.296386e+53  1.976896e+58  1.205915e-05  -7.867046e+105  1.000000e+00  -1.000000e+00  0.000000e+00
1.082637e+03  1.191072e+02  4.316453e+03  1.456000e+00  1.082637e+03  1.654398e+00  2.150000e-04  1.654182e+00  1.345374e+01  1.187620e+00  1.345374e+01  9.998700e-01  1.816262e-01  2.531884e-01  3.309950e-02  1.540567e-02  5.196307e+01  3.238460e+01  3.604937e+05  2.694562e+53  1.977002e+58  1.052362e-05  -8.879617e+105  1.000000e+00  -1.000000e+00  0.000000e+00
1.082637e+03  1.250167e+02  4.316453e+03  1.650300e+00  1.082637e+03  1.654470e+00  2.540000e-04  1.654217e+00  1.345455e+01  1.219283e+00  1.345455e+01  9.998470e-01  1.816232e-01  2.531824e-01  3.485932e-02  1.540810e-02  5.197383e+01  3.815576e+01  3.604960e+05  3.160487e+53  1.977133e+58  -3.824594e-05  -9.870997e+105  -1.000000e+00  -1.000000e+00  0.000000e+00
1.082637e+03  1.316026e+02  4.316453e+03  1.870400e+00  1.082637e+03  1.654525e+00  2.980000e-04  1.654227e+00  1.345543e+01  1.252530e+00  1.345543e+01  9.998200e-01  1.816175e-01  2.531711e-01  3.675320e-02  1.541059e-02  5.199226e+01  4.495348e+01  3.604871e+05  3.706574e+53  1.977223e+58  -3.215001e-05  -1.125432e+106  -1.000000e+00  -1.000000e+00  0.000000e+00
1.082637e+03  1.379494e+02  4.316453e+03  2.120000e+00  1.082637e+03  1.654627e+00  3.510000e-04  1.654276e+00  1.345658e+01  1.287480e+00  1.345658e+01  9.997880e-01  1.816130e-01  2.531624e-01  3.879452e-02  1.541342e-02  5.200892e+01  5.296677e+01  3.604926e+05  4.347502e+53  1.977413e+58  -4.227810e-05  -1.042045e+106  -1.000000e+00  -1.000000e+00  0.000000e+00
1.082637e+03  1.527256e+02  4.316453e+03  2.402800e+00  1.082637e+03  1.654694e+00  4.100000e-04  1.654284e+00  1.345760e+01  1.322491e+00  1.345760e+01  9.997520e-01  1.816066e-01  2.531498e-01  4.089097e-02  1.541686e-02  5.202848e+01  6.205835e+01  3.604816e+05  5.071719e+53  1.977521e+58  -5.152851e-05  -1.750014e+106  -1.000000e+00  -1.000000e+00  0.000000e+00
1.082637e+03  1.576382e+02  4.316453e+03  2.723400e+00  1.082637e+03  1.654797e+00  4.810000e-04  1.654316e+00  1.345892e+01  1.359391e+00  1.345892e+01  9.997090e-01  1.816002e-01  2.531371e-01  4.315640e-02  1.542067e-02  5.205074e+01  7.286566e+01  3.604785e+05  5.929417e+53  1.977703e+58  1.750626e-05  -2.294952e+106  1.000000e+00  -1.000000e+00  0.000000e+00
1.082637e+03  1.627167e+02  4.316453e+03  3.086700e+00  1.082637e+03  1.654905e+00  5.660000e-04  1.654340e+00  1.346052e+01  1.398751e+00  1.346052e+01  9.996580e-01  1.815904e-01  2.531179e-01  4.563512e-02  1.542513e-02  5.208002e+01  8.581837e+01  3.604708e+05  6.954026e+53  1.977898e+58  3.292064e-05  -2.648295e+106  1.000000e+00  -1.000000e+00  0.000000e+00
1.082637e+03  1.679681e+02  4.316453e+03  3.498500e+00  1.082637e+03  1.655017e+00  6.660000e-04  1.654350e+00  1.346227e+01  1.440810e+00  1.346227e+01  9.995970e-01  1.815791e-01  2.530956e-01  4.835332e-02  1.543055e-02  5.211477e+01  1.013073e+02  3.604582e+05  8.175357e+53  1.978094e+58  -2.066382e-04  -3.051401e+106  -1.000000e+00  -1.000000e+00  0.000000e+00
1.082637e+03  1.734000e+02  4.316453e+03  3.965200e+00  1.082637e+03  1.655126e+00  7.860000e-04  1.654340e+00  1.346431e+01  1.485715e+00  1.346431e+01  9.995250e-01  1.815636e-01  2.530651e-01  5.133319e-02  1.543615e-02  5.215556e+01  1.198132e+02  3.604381e+05  9.630113e+53  1.978290e+58  -5.902738e-05  -3.512623e+106  -1.000000e+00  -1.000000e+00  0.000000e+00
1.082637e+03  1.790190e+02  4.316453e+03  4.494300e+00  1.082637e+03  1.655243e+00  9.290000e-04  1.654314e+00  1.346650e+01  1.533430e+00  1.346650e+01  9.994390e-01  1.815468e-01  2.530321e-01  5.458624e-02  1.544316e-02  5.220415e+01  1.419108e+02  3.604115e+05  1.136189e+54  1.978489e+58  -3.282842e-05  -4.040182e+106  -1.000000e+00  -1.000000e+00  0.000000e+00
1.082637e+03  1.848335e+02  4.316453e+03  5.093900e+00  1.082637e+03  1.655370e+00  1.099000e-03  1.654272e+00  1.346917e+01  1.584267e+00  1.346917e+01  9.993360e-01  1.815248e-01  2.529889e-01  5.814789e-02  1.545111e-02  5.226285e+01  1.682935e+02  3.603818e+05  1.342317e+54  1.978719e+58  -3.133752e-05  -4.644104e+106  -1.000000e+00  -1.000000e+00  0.000000e+00
1.082637e+03  1.908524e+02  4.316453e+03  5.773400e+00  1.082637e+03  1.655498e+00  1.300000e-03  1.654198e+00  1.347217e+01  1.638279e+00  1.347217e+01  9.992150e-01  1.814984e-01  2.529369e-01  6.203792e-02  1.546020e-02  5.233143e+01  1.997949e+02  3.603414e+05  1.587656e+54  1.978946e+58  -1.236182e-05  -5.337476e+106  -1.000000e+00  -1.000000e+00  0.000000e+00
1.082637e+03  1.970844e+02  4.316453e+03  6.543700e+00  1.082637e+03  1.655627e+00  1.540000e-03  1.654088e+00  1.347571e+01  1.695710e+00  1.347571e+01  9.990700e-01  1.814648e-01  2.528708e-01  6.629043e-02  1.547061e-02  5.241353e+01  2.374166e+02  3.602896e+05  1.879712e+54  1.979187e+58  -7.390778e-06  -6.132090e+106  -1.000000e+00  -1.000000e+00  0.000000e+00
1.082637e+03  2.035396e+02  4.316453e+03  7.416700e+00  1.082637e+03  1.655739e+00  1.824000e-03  1.653915e+00  1.347965e+01  1.756636e+00  1.347965e+01  9.988980e-01  1.814240e-01  2.527907e-01  7.092924e-02  1.548266e-02  5.251283e+01  2.823510e+02  3.602192e+05  2.227364e+54  1.979390e+58  -3.870180e-06  -7.044346e+106  -1.000000e+00  -1.000000e+00  0.000000e+00
1.082637e+03  2.102287e+02  4.316453e+03  8.406200e+00  1.082637e+03  1.655844e+00  2.162000e-03  1.653682e+00  1.348402e+01  1.821240e+00  1.348402e+01  9.986940e-01  1.813768e-01  2.526977e-01  7.598652e-02  1.549653e-02  5.262952e+01  3.360465e+02  3.601325e+05  2.641314e+54  1.979576e+58  -2.557930e-06  -8.091615e+106  -1.000000e+00  -1.000000e+00  0.000000e+00
1.082637e+03  2.171631e+02  4.316453e+03  9.527700e+00  1.082637e+03  1.655923e+00  2.563000e-03  1.653360e+00  1.348894e+01  1.889787e+00  1.348894e+01  9.984520e-01  1.813193e-01  2.525848e-01  8.150182e-02  1.551221e-02  5.276875e+01  4.002486e+02  3.600214e+05  3.134435e+54  1.979714e+58  -1.216231e-05  -8.428625e+106  -1.000000e+00  -1.000000e+00  0.000000e+00
1.082637e+03  4.714565e+02  4.316453e+03  1.079880e+01  1.082637e+03  1.656144e+00  2.890000e-03  1.653254e+00  1.349383e+01  1.936112e+00  1.349383e+01  9.982550e-01  1.812777e-01  2.525030e-01  8.529408e-02  1.552685e-02  5.287718e+01  4.526599e+02  3.599546e+05  3.535222e+54  1.980098e+58  1.075283e-04  -3.187208e+107  1.000000e+00  -1.000000e+00  1.000000e+00
1.082637e+03  4.728972e+02  4.316453e+03  1.223950e+01  1.082637e+03  1.656473e+00  3.210000e-03  1.653263e+00  1.349908e+01  1.969719e+00  1.349908e+01  9.980620e-01  1.812432e-01  2.524353e-01  8.810509e-02  1.554267e-02  5.298252e+01  5.032903e+02  3.599092e+05  3.920125e+54  1.980662e+58  -3.220249e-04  -3.393367e+107  -1.000000e+00  -1.000000e+00  1.000000e+00
1.082637e+03  4.745300e+02  4.316453e+03  1.387240e+01  1.082637e+03  1.656814e+00  3.616000e-03  1.653198e+00  1.350559e+01  2.007317e+00  1.350559e+01  9.978170e-01  1.811932e-01  2.523370e-01  9.132383e-02  1.556206e-02  5.312152e+01  5.681731e+02  3.598417e+05  4.411614e+54  1.981269e+58  -1.232199e-04  -3.769194e+107  -1.000000e+00  -1.000000e+00  1.000000e+00
1.082637e+03  4.763807e+02  4.316453e+03  1.572320e+01  1.082637e+03  1.657114e+00  4.122000e-03  1.652992e+00  1.351294e+01  2.049407e+00  1.351294e+01  9.975120e-01  1.811274e-01  2.522078e-01  9.500417e-02  1.558443e-02  5.329487e+01  6.486781e+02  3.597317e+05  5.019529e+54  1.981789e+58  -8.620755e-06  -4.114076e+107  -1.000000e+00  -1.000000e+00  1.000000e+00
1.082637e+03  4.784787e+02  4.316453e+03  1.782080e+01  1.082637e+03  1.657400e+00  4.745000e-03  1.652656e+00  1.352160e+01  2.096351e+00  1.352160e+01  9.971370e-01  1.810427e-01  2.520415e-01  9.919437e-02  1.561110e-02  5.350981e+01  7.482381e+02  3.595861e+05  5.768849e+54  1.982297e+58  -5.088780e-06  -4.468275e+107  -1.000000e+00  -1.000000e+00  1.000000e+00
1.082637e+03  4.808563e+02  4.316453e+03  2.019840e+01  1.082637e+03  1.657641e+00  5.505000e-03  1.652136e+00  1.353155e+01  2.148508e+00  1.353155e+01  9.966790e-01  1.809358e-01  2.518318e-01  1.039462e-01  1.564210e-02  5.377563e+01  8.709624e+02  3.593904e+05  6.689285e+54  1.982724e+58  -2.516497e-06  -4.825193e+107  -1.000000e+00  -1.000000e+00  1.000000e+00
1.082637e+03  4.835509e+02  4.316453e+03  2.289310e+01  1.082637e+03  1.657789e+00  6.429000e-03  1.651360e+00  1.354286e+01  2.206184e+00  1.354286e+01  9.961220e-01  1.808009e-01  2.515671e-01  1.093104e-01  1.567836e-02  5.410204e+01  1.020936e+03  3.591251e+05  7.810076e+54  1.982983e+58  -8.769510e-07  -5.164585e+107  -1.000000e+00  -1.000000e+00  1.000000e+00
1.082637e+03  4.866048e+02  4.316453e+03  2.594730e+01  1.082637e+03  1.657840e+00  7.549000e-03  1.650290e+00  1.355589e+01  2.269810e+00  1.355589e+01  9.954460e-01  1.806326e-01  2.512373e-01  1.153501e-01  1.572021e-02  5.449905e+01  1.202824e+03  3.587860e+05  9.163941e+54  1.983081e+58  3.860467e-08  -5.528884e+107  1.000000e+00  -1.000000e+00  1.000000e+00
1.082637e+03  4.900671e+02  4.316453e+03  2.940900e+01  1.082637e+03  1.657721e+00  8.904000e-03  1.648817e+00  1.357043e+01  2.339775e+00  1.357043e+01  9.946290e-01  1.804261e-01  2.508330e-01  1.221272e-01  1.576809e-02  5.498039e+01  1.425670e+03  3.583441e+05  1.081561e+55  1.982866e+58  8.073395e-07  -5.943478e+107  1.000000e+00  -1.000000e+00  1.000000e+00
1.082637e+03  4.939909e+02  4.316453e+03  3.333260e+01  1.082637e+03  1.657379e+00  1.053700e-02  1.646841e+00  1.358690e+01  2.416505e+00  1.358690e+01  9.936420e-01  1.801702e-01  2.503326e-01  1.297080e-01  1.582254e-02  5.556042e+01  1.698458e+03  3.577773e+05  1.282826e+55  1.982251e+58  1.377957e-06  -6.380922e+107  1.000000e+00  -1.000000e+00  1.000000e+00
1.082637e+03  4.984378e+02  4.316453e+03  3.777960e+01  1.082637e+03  1.656740e+00  1.250400e-02  1.644235e+00  1.360521e+01  2.500307e+00  1.360521e+01  9.924520e-01  1.798583e-01  2.497234e-01  1.381485e-01  1.588513e-02  5.626622e+01  2.032221e+03  3.570581e+05  1.527869e+55  1.981096e+58  1.828302e-06  -6.790240e+107  1.000000e+00  -1.000000e+00  1.000000e+00
1.082637e+03  5.034775e+02  4.316453e+03  4.281980e+01  1.082637e+03  1.655683e+00  1.487000e-02  1.640813e+00  1.362525e+01  2.591724e+00  1.362525e+01  9.910190e-01  1.794793e-01  2.489843e-01  1.475223e-01  1.595535e-02  5.711320e+01  2.433571e+03  3.561428e+05  1.820856e+55  1.979166e+58  2.204824e-06  -7.200032e+107  1.000000e+00  -1.000000e+00  1.000000e+00
1.082637e+03  5.091908e+02  4.316453e+03  4.853260e+01  1.082637e+03  1.654099e+00  1.771100e-02  1.636388e+00  1.364707e+01  2.690957e+00  1.364707e+01  9.892930e-01  1.790208e-01  2.480919e-01  1.578700e-01  1.603372e-02  5.813215e+01  2.922679e+03  3.549925e+05  2.175768e+55  1.976261e+58  2.543803e-06  -7.742299e+107  1.000000e+00  -1.000000e+00  1.000000e+00
1.082637e+03  5.156662e+02  4.316453e+03  5.500740e+01  1.082637e+03  1.651826e+00  2.111900e-02  1.630707e+00  1.367030e+01  2.798520e+00  1.367030e+01  9.872150e-01  1.784711e-01  2.470245e-01  1.692510e-01  1.612019e-02  5.935258e+01  3.529077e+03  3.535534e+05  2.613241e+55  1.972063e+58  2.832618e-06  -8.266451e+107  1.000000e+00  -1.000000e+00  1.000000e+00
1.082637e+03  5.230050e+02  4.316453e+03  6.234610e+01  1.082637e+03  1.648644e+00  2.520300e-02  1.623441e+00  1.369455e+01  2.914805e+00  1.369455e+01  9.847130e-01  1.778119e-01  2.457481e-01  1.817029e-01  1.621488e-02  6.081582e+01  4.257883e+03  3.517519e+05  3.135102e+55  1.966152e+58  3.071132e-06  -8.743626e+107  1.000000e+00  -1.000000e+00  1.000000e+00
1.082637e+03  5.313221e+02  4.316453e+03  7.066390e+01  1.082637e+03  1.644303e+00  3.009300e-02  1.614210e+00  1.371892e+01  3.040171e+00  1.371892e+01  9.816980e-01  1.770287e-01  2.442367e-01  1.952448e-01  1.631497e-02  6.255643e+01  5.145957e+03  3.495089e+05  3.766215e+55  1.958022e+58  3.299992e-06  -9.299654e+107  1.000000e+00  -1.000000e+00  1.000000e+00
1.082637e+03  5.407496e+02  4.316453e+03  8.009140e+01  1.082637e+03  1.638495e+00  3.594300e-02  1.602551e+00  1.374216e+01  3.174972e+00  1.374216e+01  9.780630e-01  1.761050e-01  2.424614e-01  2.098747e-01  1.641890e-02  6.462391e+01  6.227687e+03  3.467289e+05  4.528661e+55  1.947056e+58  3.526195e-06  -9.960709e+107  1.000000e+00  -1.000000e+00  1.000000e+00
1.082637e+03  5.514360e+02  4.316453e+03  9.077660e+01  1.082637e+03  1.630836e+00  4.293600e-02  1.587901e+00  1.376249e+01  3.319548e+00  1.376249e+01  9.736730e-01  1.750230e-01  2.403912e-01  2.255633e-01  1.652203e-02  6.706283e+01  7.566783e+03  3.432956e+05  5.465385e+55  1.932479e+58  3.725012e-06  -1.058078e+108  1.000000e+00  -1.000000e+00  1.000000e+00
1.082637e+03  5.635472e+02  4.316453e+03  1.028874e+02  1.082637e+03  1.620862e+00  5.128600e-02  1.569576e+00  1.377691e+01  3.474331e+00  1.377691e+01  9.683590e-01  1.737704e-01  2.380077e-01  2.422562e-01  1.661749e-02  6.991875e+01  9.173370e+03  3.390712e+05  6.577405e+55  1.913306e+58  3.905889e-06  -1.124231e+108  1.000000e+00  -1.000000e+00  1.000000e+00
1.082637e+03  5.772730e+02  4.316453e+03  1.166139e+02  1.082637e+03  1.608034e+00  6.125100e-02  1.546783e+00  1.378145e+01  3.639555e+00  1.378145e+01  9.619100e-01  1.723384e-01  2.352993e-01  2.598480e-01  1.669447e-02  7.321204e+01  1.115795e+04  3.338976e+05  7.939128e+55  1.888384e+58  4.101500e-06  -1.199259e+108  1.000000e+00  -1.000000e+00  1.000000e+00
1.082637e+03  5.928297e+02  4.316453e+03  1.321717e+02  1.082637e+03  1.591759e+00  7.313200e-02  1.518627e+00  1.377081e+01  3.815735e+00  1.377081e+01  9.540560e-01  1.707258e-01  2.322708e-01  2.782115e-01  1.673740e-02  7.694277e+01  1.357340e+04  3.276045e+05  9.578981e+55  1.856390e+58  4.292972e-06  -1.276082e+108  1.000000e+00  -1.000000e+00  1.000000e+00
1.082637e+03  6.104652e+02  4.316453e+03  1.498051e+02  1.082637e+03  1.571372e+00  8.728500e-02  1.484087e+00  1.373681e+01  4.003190e+00  1.373681e+01  9.444530e-01  1.689564e-01  2.289732e-01  2.971630e-01  1.672353e-02  8.097811e+01  1.655501e+04  3.199972e+05  1.158414e+56  1.815748e+58  4.463461e-06  -1.349371e+108  1.000000e+00  -1.000000e+00  1.000000e+00
1.082637e+03  6.304521e+02  4.316453e+03  1.697911e+02  1.082637e+03  1.546239e+00  1.041300e-01  1.442109e+00  1.366871e+01  4.202328e+00  1.366871e+01  9.326560e-01  1.670824e-01  2.255094e-01  3.164815e-01  1.662113e-02  8.509939e+01  2.012233e+04  3.108828e+05  1.395084e+56  1.764784e+58  4.628056e-06  -1.432572e+108  1.000000e+00  -1.000000e+00  1.000000e+00
1.082637e+03  6.531038e+02  4.316453e+03  1.924434e+02  1.082637e+03  1.515877e+00  1.241550e-01  1.391721e+00  1.355254e+01  4.413503e+00  1.355254e+01  9.180970e-01  1.652056e-01  2.220695e-01  3.359046e-01  1.638955e-02  8.879044e+01  2.450652e+04  3.000935e+05  1.682885e+56  1.701903e+58  4.846137e-06  -1.514818e+108  1.000000e+00  -1.000000e+00  1.000000e+00
1.082637e+03  6.787757e+02  4.316453e+03  2.181178e+02  1.082637e+03  1.480119e+00  1.479280e-01  1.332191e+00  1.337038e+01  4.637016e+00  1.337038e+01  9.000570e-01  1.635063e-01  2.189798e-01  3.551394e-01  1.597843e-02  9.115312e+01  2.988693e+04  2.875113e+05  2.032299e+56  1.625772e+58  5.058808e-06  -1.598973e+108  1.000000e+00  -1.000000e+00  1.000000e+00
1.082637e+03  7.078781e+02  4.316453e+03  2.472176e+02  1.082637e+03  1.439519e+00  1.760990e-01  1.263420e+00  1.310166e+01  4.873123e+00  1.310166e+01  8.776680e-01  1.622829e-01  2.167699e-01  3.738767e-01  1.533490e-02  9.082945e+01  3.638227e+04  2.731494e+05  2.448579e+56  1.535975e+58  5.308551e-06  -1.666902e+108  1.000000e+00  -1.000000e+00  1.000000e+00
1.082637e+03  7.408620e+02  4.316453e+03  2.801996e+02  1.082637e+03  1.395676e+00  2.094020e-01  1.186274e+00  1.272575e+01  5.121920e+00  1.272575e+01  8.499640e-01  1.619880e-01  2.162390e-01  3.918082e-01  1.441899e-02  8.618540e+01  4.430198e+04  2.571985e+05  2.950416e+56  1.433480e+58  5.622302e-06  -1.717284e+108  1.000000e+00  -1.000000e+00  1.000000e+00
1.082637e+03  7.782441e+02  4.316453e+03  3.175819e+02  1.082637e+03  1.351650e+00  2.486450e-01  1.103005e+00  1.222818e+01  5.383208e+00  1.222818e+01  8.160430e-01  1.632616e-01  2.185368e-01  4.086510e-01  1.323109e-02  7.604681e+01  5.378159e+04  2.400982e+05  3.542553e+56  1.321327e+58  6.160887e-06  -1.724497e+108  1.000000e+00  -1.000000e+00  1.000000e+00
1.082637e+03  8.206108e+02  4.316453e+03  3.599514e+02  1.082637e+03  1.312012e+00  2.946890e-01  1.017323e+00  1.161045e+01  5.656518e+00  1.161045e+01  7.753910e-01  1.669053e-01  2.251836e-01  4.241726e-01  1.185359e-02  6.101105e+01  6.521363e+04  2.225392e+05  4.247907e+56  1.204809e+58  7.775631e-06  -1.660939e+108  1.000000e+00  -1.000000e+00  1.000000e+00
1.082637e+03  8.686339e+02  4.316453e+03  4.079736e+02  1.082637e+03  1.282239e+00  3.484050e-01  9.338340e-01  1.089923e+01  5.940706e+00  1.089923e+01  7.282840e-01  1.737620e-01  2.379917e-01  4.382234e-01  1.048229e-02  4.411533e+01  7.890320e+04  2.053554e+05  5.082166e+56  1.090708e+58  3.212067e-04  -1.546763e+108  1.000000e+00  -1.000000e+00  1.000000e+00
1.082637e+03  9.230662e+02  4.316453e+03  4.624025e+02  1.082637e+03  1.267338e+00  4.105970e-01  8.567400e-01  1.014628e+01  6.234155e+00  1.014628e+01  6.760160e-01  1.844876e-01  2.588581e-01  4.507453e-01  9.438705e-03  2.944310e+01  9.492526e+04  1.892875e+05  6.042447e+56  9.853678e+57  3.288460e-04  -1.372904e+108  1.000000e+00  -1.000000e+00  1.000000e+00
1.082637e+03  9.847572e+02  4.316453e+03  5.240930e+02  1.082637e+03  1.270425e+00  4.819080e-01  7.885170e-01  9.415141e+00  6.534133e+00  9.415141e+00  6.206720e-01  1.992984e-01  2.894875e-01  4.618086e-01  9.148074e-03  1.939639e+01  1.136965e+05  1.747618e+05  7.151304e+56  8.927307e+57  1.297264e-06  -1.136972e+108  1.000000e+00  -1.000000e+00  1.000000e+00
1.082637e+03  1.054675e+03  4.316453e+03  5.940138e+02  1.082637e+03  1.292050e+00  5.626770e-01  7.293730e-01  8.760166e+00  6.837134e+00  8.760166e+00  5.645080e-01  2.178455e-01  3.311945e-01  4.715866e-01  1.009608e-02  1.371896e+01  1.354024e+05  1.618039e+05  8.413561e+56  8.134575e+57  2.666875e-06  -9.123780e+107  1.000000e+00  -1.000000e+00  1.000000e+00
1.082637e+03  1.133922e+03  4.316453e+03  6.732629e+02  1.082637e+03  1.330558e+00  6.527970e-01  6.777620e-01  8.212669e+00  7.138216e+00  8.212669e+00  5.093820e-01  2.392937e-01  3.848707e-01  4.803950e-01  1.273693e-02  1.082228e+01  1.600874e+05  1.501417e+05  9.823545e+56  7.456167e+57  2.991051e-06  -7.203592e+107  1.000000e+00  -1.000000e+00  1.000000e+00
1.082637e+03  1.223749e+03  4.316453e+03  7.630849e+02  1.082637e+03  1.382932e+00  7.515720e-01  6.313590e-01  7.780165e+00  7.432268e+00  7.780165e+00  4.565370e-01  2.625388e-01  4.510711e-01  4.885551e-01  1.732646e-02  9.260831e+00  1.880954e+05  1.393836e+05  1.140016e+57  6.860690e+57  3.078842e-06  -5.553375e+107  1.000000e+00  -1.000000e+00  1.000000e+00
1.082637e+03  1.325556e+03  4.316453e+03  8.648903e+02  1.082637e+03  1.445533e+00  8.576400e-01  5.878930e-01  7.713161e+00  7.713161e+00  7.452643e+00  4.066960e-01  2.768071e-01  4.967347e-01  4.967839e-01  1.981518e-02  8.128691e+00  2.183208e+05  1.291690e+05  1.305497e+57  6.316688e+57  3.110564e-06  -4.567014e+107  1.000000e+00  -1.000000e+00  1.000000e+00
1.082637e+03  1.440942e+03  4.316453e+03  9.802778e+02  1.082637e+03  1.514562e+00  9.688490e-01  5.457130e-01  7.972989e+00  7.972989e+00  7.192650e+00  3.603110e-01  2.805740e-01  5.095273e-01  5.095661e-01  1.876987e-02  7.196566e+00  2.505645e+05  1.192598e+05  1.477068e+57  5.800853e+57  3.019174e-06  -3.680840e+107  1.000000e+00  -1.000000e+00  1.000000e+00
1.082637e+03  1.571717e+03  4.316453e+03  1.111060e+03  1.082637e+03  1.586260e+00  1.082080e+00  5.041800e-01  8.203049e+00  8.203049e+00  6.950978e+00  3.178420e-01  2.856149e-01  5.271710e-01  5.272051e-01  1.806047e-02  6.334825e+00  2.846174e+05  1.095848e+05  1.653320e+57  5.303470e+57  2.880574e-06  -2.914261e+107  1.000000e+00  -1.000000e+00  1.000000e+00
1.082637e+03  1.719954e+03  4.316453e+03  1.259289e+03  1.082637e+03  1.657067e+00  1.193619e+00  4.634480e-01  8.398419e+00  8.398419e+00  6.708825e+00  2.796800e-01  2.914232e-01  5.482890e-01  5.483221e-01  1.739664e-02  5.517640e+00  3.191396e+05  1.001878e+05  1.824827e+57  4.825325e+57  2.738221e-06  -2.315964e+107  1.000000e+00  -1.000000e+00  1.000000e+00
1.082637e+03  1.887962e+03  4.316453e+03  1.427295e+03  1.082637e+03  1.723916e+00  1.300114e+00  4.238020e-01  8.557507e+00  8.557507e+00  6.466589e+00  2.458370e-01  2.975435e-01  5.715174e-01  5.715448e-01  1.668188e-02  4.768712e+00  3.533475e+05  9.112808e+04  1.986711e+57  4.368784e+57  2.562088e-06  -1.868744e+107  1.000000e+00  -1.000000e+00  1.000000e+00
1.082637e+03  2.078381e+03  4.316453e+03  1.617714e+03  1.082637e+03  1.784470e+00  1.398959e+00  3.855110e-01  8.680954e+00  8.680954e+00  6.224735e+00  2.160370e-01  3.036152e-01  5.956258e-01  5.956528e-01  1.590130e-02  4.108886e+00  3.865485e+05  8.245960e+04  2.135227e+57  3.935907e+57  2.358186e-06  -1.453656e+107  1.000000e+00  -1.000000e+00  1.000000e+00
1.082637e+03  2.294199e+03  4.316453e+03  1.833538e+03  1.082637e+03  1.837246e+00  1.488423e+00  3.488230e-01  8.771414e+00  8.771414e+00  5.983784e+00  1.898620e-01  3.093707e-01  6.195345e-01  6.195565e-01  1.508826e-02  3.549374e+00  4.182030e+05  7.422932e+04  2.267966e+57  3.528385e+57  2.171904e-06  -1.146147e+107  1.000000e+00  -1.000000e+00  1.000000e+00
1.082637e+03  2.538819e+03  4.316453e+03  2.078156e+03  1.082637e+03  1.881463e+00  1.567511e+00  3.139530e-01  8.832045e+00  8.832045e+00  5.744304e+00  1.668660e-01  3.146416e-01  6.423997e-01  6.424196e-01  1.427587e-02  3.086246e+00  4.470231e+05  6.647584e+04  2.377051e+57  3.147495e+57  1.929479e-06  -9.247903e+106  1.000000e+00  -1.000000e+00  1.000000e+00
1.082637e+03  2.816077e+03  4.316453e+03  2.355409e+03  1.082637e+03  1.916966e+00  1.635887e+00  2.810790e-01  8.866629e+00  8.866629e+00  5.506895e+00  1.466270e-01  3.193283e-01  6.635655e-01  6.635831e-01  1.349755e-02  2.710047e+00  4.743515e+05  5.922847e+04  2.474295e+57  2.794068e+57  1.659304e-06  -7.348995e+106  1.000000e+00  -1.000000e+00  1.000000e+00
1.082637e+03  3.130319e+03  4.316453e+03  2.669651e+03  1.082637e+03  1.944022e+00  1.693684e+00  2.503380e-01  8.878943e+00  8.878943e+00  5.272172e+00  1.287730e-01  3.233862e-01  6.825682e-01  6.825840e-01  1.277150e-02  2.407372e+00  4.983525e+05  5.250666e+04  2.547705e+57  2.468486e+57  1.404369e-06  -6.113664e+106  1.000000e+00  -1.000000e+00  1.000000e+00
1.082637e+03  3.486480e+03  4.316453e+03  3.025817e+03  1.082637e+03  1.963200e+00  1.741378e+00  2.218220e-01  8.872660e+00  8.872660e+00  5.040756e+00  1.129900e-01  3.268077e-01  6.991069e-01  6.991210e-01  1.211454e-02  2.166477e+00  5.197306e+05  4.632001e+04  2.604020e+57  2.170693e+57  1.075943e-06  -4.601784e+106  1.000000e+00  -1.000000e+00  1.000000e+00
1.082637e+03  3.890162e+03  4.316453e+03  3.429500e+03  1.082637e+03  1.975244e+00  1.779666e+00  1.955780e-01  8.851190e+00  8.851190e+00  4.813255e+00  9.901500e-02  3.296103e-01  7.130234e-01  7.130356e-01  1.153195e-02  1.976095e+00  5.385564e+05  4.066859e+04  2.645187e+57  1.900220e+57  7.156872e-07  -3.876920e+106  1.000000e+00  -1.000000e+00  1.000000e+00
1.082637e+03  4.347708e+03  4.316453e+03  3.887040e+03  1.082637e+03  1.980994e+00  1.809381e+00  1.716120e-01  8.817714e+00  8.817714e+00  4.590250e+00  8.662900e-02  3.318247e-01  7.242646e-01  7.242753e-01  1.102165e-02  1.826466e+00  5.539245e+05  3.554371e+04  2.665541e+57  1.656232e+57  2.847264e-07  -3.024293e+106  1.000000e+00  -1.000000e+00  1.000000e+00
1.082637e+03  4.866291e+03  4.316453e+03  4.405622e+03  1.082637e+03  1.981315e+00  1.831426e+00  1.498900e-01  8.775056e+00  8.775056e+00  4.372288e+00  7.565200e-02  3.334919e-01  7.328754e-01  7.328848e-01  1.059030e-02  1.711553e+00  5.677971e+05  3.092905e+04  2.680647e+57  1.437586e+57  -3.610942e-07  -2.327672e+106  -1.000000e+00  -1.000000e+00  1.000000e+00
1.082637e+03  5.454054e+03  4.316453e+03  4.993389e+03  1.082637e+03  1.977069e+00  1.846727e+00  1.303420e-01  8.725717e+00  8.725717e+00  4.159862e+00  6.592700e-02  3.346588e-01  7.389797e-01  7.389877e-01  1.022480e-02  1.623873e+00  5.785253e+05  2.680184e+04  2.678780e+57  1.242888e+57  -1.028134e-06  -1.835285e+106  -1.000000e+00  -1.000000e+00  1.000000e+00
1.082637e+03  6.120229e+03  4.316453e+03  5.659571e+03  1.082637e+03  1.969073e+00  1.856202e+00  1.128710e-01  8.671967e+00  8.671967e+00  3.953413e+00  5.732200e-02  3.353712e-01  7.427382e-01  7.427460e-01  9.926587e-03  1.559838e+00  5.880348e+05  2.313432e+04  2.674802e+57  1.070560e+57  -2.467923e-06  -1.301625e+106  -1.000000e+00  -1.000000e+00  1.000000e+00
1.082637e+03  6.875298e+03  4.316453e+03  6.414631e+03  1.082637e+03  1.958098e+00  1.860739e+00  9.735900e-02  8.615709e+00  8.615709e+00  3.753316e+00  4.972100e-02  3.356797e-01  7.443732e-01  7.443791e-01  9.686791e-03  1.515177e+00  5.947824e+05  1.989514e+04  2.657376e+57  9.189023e+56  -4.851185e-06  -1.067745e+106  -1.000000e+00  -1.000000e+00  1.000000e+00
1.082637e+03  7.731096e+03  4.316453e+03  7.270426e+03  1.082637e+03  1.944842e+00  1.861172e+00  8.367000e-02  8.558601e+00  8.558601e+00  3.559880e+00  4.302100e-02  3.356318e-01  7.441192e-01  7.441242e-01  9.500412e-03  1.487084e+00  5.998563e+05  1.705064e+04  2.634693e+57  7.861544e+56  -1.075692e-05  -7.993080e+105  -1.000000e+00  -1.000000e+00  1.000000e+00
1.082637e+03  8.701063e+03  4.316453e+03  8.240395e+03  1.082637e+03  1.929943e+00  1.858283e+00  7.165900e-02  8.502155e+00  8.502155e+00  3.373348e+00  3.713000e-02  3.352718e-01  7.422120e-01  7.422163e-01  9.361693e-03  1.473256e+00  6.034701e+05  1.456610e+04  2.608248e+57  6.705437e+56  -7.133465e-05  -5.907010e+105  -1.000000e+00  -1.000000e+00  1.000000e+00
1.082637e+03  9.800430e+03  4.316453e+03  9.339770e+03  1.082637e+03  1.913967e+00  1.852789e+00  6.117800e-02  8.447572e+00  8.447572e+00  3.193894e+00  3.196400e-02  3.346449e-01  7.389064e-01  7.389101e-01  9.268092e-03  1.472238e+00  6.058256e+05  1.240681e+04  2.579234e+57  5.703300e+56  -1.346138e-04  -4.166909e+105  -1.000000e+00  -1.000000e+00  1.000000e+00
1.082637e+03  1.104648e+04  4.316453e+03  1.058582e+04  1.082637e+03  1.897413e+00  1.845336e+00  5.207700e-02  8.395671e+00  8.395671e+00  3.021631e+00  2.744600e-02  3.338014e-01  7.344880e-01  7.344910e-01  9.210737e-03  1.481708e+00  6.070950e+05  1.053883e+04  2.548640e+57  4.838405e+56  2.303590e-05  -3.004898e+105  1.000000e+00  -1.000000e+00  1.000000e+00
1.082637e+03  1.245877e+04  4.316453e+03  1.199810e+04  1.082637e+03  1.880717e+00  1.836506e+00  4.421100e-02  8.347460e+00  8.347460e+00  2.856609e+00  2.350700e-02  3.327751e-01  7.291573e-01  7.291599e-01  9.187327e-03  1.500873e+00  6.074651e+05  8.929737e+03  2.517449e+57  4.094948e+56  1.181973e-05  -2.138024e+105  1.000000e+00  -1.000000e+00  1.000000e+00
1.082637e+03  1.405947e+04  4.316453e+03  1.359880e+04  1.082637e+03  1.864255e+00  1.826815e+00  3.744000e-02  8.303473e+00  8.303473e+00  2.698827e+00  2.008300e-02  3.316096e-01  7.231631e-01  7.231652e-01  9.192030e-03  1.528215e+00  6.071136e+05  7.549066e+03  2.486522e+57  3.458232e+56  8.638221e-06  -1.499626e+105  1.000000e+00  -1.000000e+00  1.000000e+00
1.082637e+03  1.587372e+04  4.316453e+03  1.541306e+04  1.082637e+03  1.848340e+00  1.816705e+00  3.163500e-02  8.264151e+00  8.264151e+00  2.548230e+00  1.711500e-02  3.303431e-01  7.167192e-01  7.167210e-01  9.220931e-03  1.562634e+00  6.061974e+05  6.368614e+03  2.456533e+57  2.914766e+56  7.045932e-06  -1.083489e+105  1.000000e+00  -1.000000e+00  1.000000e+00
1.082637e+03  1.793002e+04  4.316453e+03  1.746936e+04  1.082637e+03  1.833237e+00  1.806561e+00  2.667600e-02  8.229761e+00  8.229761e+00  2.404726e+00  1.455100e-02  3.290131e-01  7.100292e-01  7.100307e-01  9.267362e-03  1.602504e+00  6.048570e+05  5.362625e+03  2.428030e+57  2.452317e+56  5.566121e-06  -8.033641e+104  1.000000e+00  -1.000000e+00  1.000000e+00
1.082637e+03  2.025605e+04  4.316453e+03  1.979538e+04  1.082637e+03  1.819183e+00  1.796723e+00  2.246000e-02  8.200468e+00  8.200468e+00  2.268428e+00  1.234600e-02  3.276570e-01  7.032881e-01  7.032894e-01  9.327047e-03  1.646478e+00  6.024969e+05  4.509309e+03  2.396032e+57  2.060576e+56  4.373638e-06  -6.344785e+104  1.000000e+00  -1.000000e+00  1.000000e+00
1.487352e+03  1.030404e+02  5.714513e+03  1.000000e+00  1.487352e+03  1.573111e+00  8.500000e-05  1.573026e+00  1.304949e+01  9.505510e-01  1.304949e+01  9.999460e-01  1.780523e-01  2.462131e-01  2.809371e-02  1.461592e-02  5.444898e+01  1.271275e+01  3.467050e+05  1.069005e+53  1.841049e+58  8.926876e-06  -3.407162e+105  1.000000e+00  -1.000000e+00  0.000000e+00
1.487352e+03  1.076573e+02  5.714513e+03  1.133400e+00  1.487352e+03  1.573156e+00  1.000000e-04  1.573056e+00  1.304996e+01  9.742070e-01  1.304996e+01  9.999360e-01  1.780509e-01  2.462104e-01  2.948688e-02  1.461695e-02  5.445395e+01  1.500466e+01  3.467078e+05  1.258546e+53  1.841133e+58  1.114677e-05  -3.379477e+105  1.000000e+00  -1.000000e+00  0.000000e+00
1.487352e+03  1.131115e+02  5.714513e+03  1.284600e+00  1.487352e+03  1.573190e+00  1.180000e-04  1.573072e+00  1.305025e+01  9.990310e-01  1.305025e+01  9.999250e-01  1.780508e-01  2.462103e-01  3.098298e-02  1.461821e-02  5.445945e+01  1.769102e+01  3.467079e+05  1.478294e+53  1.841183e+58  1.106036e-05  -3.445162e+105  1.000000e+00  -1.000000e+00  0.000000e+00
1.487352e+03  1.191072e+02  5.714513e+03  1.456000e+00  1.487352e+03  1.573246e+00  1.390000e-04  1.573107e+00  1.305074e+01  1.025091e+00  1.305074e+01  9.999120e-01  1.780504e-01  2.462095e-01  3.259105e-02  1.461938e-02  5.446631e+01  2.085212e+01  3.467120e+05  1.734990e+53  1.841280e+58  1.487765e-05  -3.890084e+105  1.000000e+00  -1.000000e+00  0.000000e+00
1.487352e+03  1.250167e+02  5.714513e+03  1.650300e+00  1.487352e+03  1.573290e+00  1.630000e-04  1.573127e+00  1.305125e+01  1.052565e+00  1.305125e+01  9.998960e-01  1.780486e-01  2.462059e-01  3.432737e-02  1.462036e-02  5.447013e+01  2.457406e+01  3.467109e+05  2.035476e+53  1.841354e+58  1.557127e-05  -4.324626e+105  1.000000e+00  -1.000000e+00  0.000000e+00
1.487352e+03  1.316026e+02  5.714513e+03  1.870400e+00  1.487352e+03  1.573371e+00  1.920000e-04  1.573178e+00  1.305201e+01  1.081440e+00  1.305201e+01  9.998780e-01  1.780472e-01  2.462034e-01  3.619748e-02  1.462246e-02  5.448223e+01  2.895961e+01  3.467196e+05  2.387782e+53  1.841502e+58  1.411605e-05  -4.932373e+105  1.000000e+00  -1.000000e+00  0.000000e+00
1.487352e+03  1.379494e+02  5.714513e+03  2.120000e+00  1.487352e+03  1.573430e+00  2.260000e-04  1.573204e+00  1.305258e+01  1.111606e+00  1.305258e+01  9.998560e-01  1.780461e-01  2.462012e-01  3.820040e-02  1.462390e-02  5.448824e+01  3.413099e+01  3.467180e+05  2.801404e+53  1.841594e+58  1.865947e-05  -4.576995e+105  1.000000e+00  -1.000000e+00  0.000000e+00
1.487352e+03  1.527256e+02  5.714513e+03  2.402800e+00  1.487352e+03  1.573492e+00  2.650000e-04  1.573227e+00  1.305329e+01  1.141978e+00  1.305329e+01  9.998320e-01  1.780435e-01  2.461961e-01  4.026700e-02  1.462616e-02  5.450004e+01  4.000369e+01  3.467152e+05  3.269211e+53  1.841694e+58  1.793066e-05  -7.680674e+105  1.000000e+00  -1.000000e+00  0.000000e+00
1.487352e+03  1.576382e+02  5.714513e+03  2.723400e+00  1.487352e+03  1.573582e+00  3.100000e-04  1.573272e+00  1.305422e+01  1.173942e+00  1.305422e+01  9.998030e-01  1.780411e-01  2.461915e-01  4.249643e-02  1.462860e-02  5.451427e+01  4.698688e+01  3.467188e+05  3.823425e+53  1.841851e+58  1.274437e-05  -1.007778e+106  1.000000e+00  -1.000000e+00  0.000000e+00
1.487352e+03  1.627167e+02  5.714513e+03  3.086700e+00  1.487352e+03  1.573669e+00  3.650000e-04  1.573304e+00  1.305529e+01  1.208110e+00  1.305529e+01  9.997680e-01  1.780363e-01  2.461822e-01  4.494003e-02  1.463136e-02  5.453070e+01  5.535776e+01  3.467162e+05  4.485577e+53  1.841998e+58  1.343313e-05  -1.163416e+106  1.000000e+00  -1.000000e+00  0.000000e+00
1.487352e+03  1.679681e+02  5.714513e+03  3.498500e+00  1.487352e+03  1.573773e+00  4.300000e-04  1.573343e+00  1.305646e+01  1.244553e+00  1.305646e+01  9.997270e-01  1.780321e-01  2.461741e-01  4.761411e-02  1.463479e-02  5.455115e+01  6.537060e+01  3.467159e+05  5.275117e+53  1.842175e+58  2.135162e-05  -1.340693e+106  1.000000e+00  -1.000000e+00  0.000000e+00
1.487352e+03  1.734000e+02  5.714513e+03  3.965200e+00  1.487352e+03  1.573875e+00  5.080000e-04  1.573367e+00  1.305787e+01  1.283401e+00  1.305787e+01  9.996770e-01  1.780243e-01  2.461590e-01  5.054032e-02  1.463851e-02  5.457513e+01  7.733600e+01  3.467079e+05  6.215702e+53  1.842348e+58  -1.577637e-04  -1.544407e+106  -1.000000e+00  -1.000000e+00  0.000000e+00
1.487352e+03  1.790190e+02  5.714513e+03  4.494300e+00  1.487352e+03  1.573971e+00  6.000000e-04  1.573371e+00  1.305945e+01  1.324870e+00  1.305945e+01  9.996190e-01  1.780137e-01  2.461385e-01  5.374795e-02  1.464328e-02  5.460751e+01  9.162896e+01  3.466928e+05  7.335852e+53  1.842507e+58  -1.268374e-04  -1.775636e+106  -1.000000e+00  -1.000000e+00  0.000000e+00
1.487352e+03  1.848335e+02  5.714513e+03  5.093900e+00  1.487352e+03  1.574131e+00  7.100000e-04  1.573421e+00  1.306141e+01  1.368954e+00  1.306141e+01  9.995490e-01  1.780051e-01  2.461219e-01  5.725147e-02  1.464866e-02  5.464467e+01  1.086999e+02  3.466942e+05  8.669599e+53  1.842796e+58  -5.910683e-05  -2.041943e+106  -1.000000e+00  -1.000000e+00  0.000000e+00
1.487352e+03  1.908524e+02  5.714513e+03  5.773400e+00  1.487352e+03  1.574246e+00  8.400000e-04  1.573405e+00  1.306346e+01  1.415801e+00  1.306346e+01  9.994660e-01  1.779901e-01  2.460928e-01  6.107771e-02  1.465459e-02  5.468743e+01  1.290885e+02  3.466716e+05  1.025748e+54  1.842987e+58  -4.509421e-05  -2.351184e+106  -1.000000e+00  -1.000000e+00  0.000000e+00
1.487352e+03  1.970844e+02  5.714513e+03  6.543700e+00  1.487352e+03  1.574371e+00  9.960000e-04  1.573376e+00  1.306577e+01  1.465639e+00  1.306577e+01  9.993680e-01  1.779728e-01  2.460594e-01  6.526128e-02  1.466142e-02  5.473896e+01  1.534449e+02  3.466438e+05  1.214824e+54  1.843194e+58  3.309161e-04  -2.700992e+106  1.000000e+00  -1.000000e+00  0.000000e+00
1.487352e+03  2.035396e+02  5.714513e+03  7.416700e+00  1.487352e+03  1.574529e+00  1.180000e-03  1.573349e+00  1.306879e+01  1.518579e+00  1.306879e+01  9.992510e-01  1.779496e-01  2.460144e-01  6.982916e-02  1.466951e-02  5.480497e+01  1.825524e+02  3.466172e+05  1.440021e+54  1.843481e+58  5.527171e-04  -3.102576e+106  1.000000e+00  -1.000000e+00  0.000000e+00
1.487352e+03  2.102287e+02  5.714513e+03  8.406200e+00  1.487352e+03  1.574685e+00  1.399000e-03  1.573286e+00  1.307193e+01  1.574555e+00  1.307193e+01  9.991120e-01  1.779244e-01  2.459657e-01  7.479405e-02  1.467890e-02  5.488183e+01  2.173489e+02  3.465793e+05  1.708281e+54  1.843747e+58  -4.329639e-05  -3.567536e+106  -1.000000e+00  -1.000000e+00  0.000000e+00
1.487352e+03  2.171631e+02  5.714513e+03  9.527700e+00  1.487352e+03  1.574823e+00  1.659000e-03  1.573163e+00  1.307552e+01  1.634078e+00  1.307552e+01  9.989460e-01  1.778912e-01  2.459014e-01  8.021813e-02  1.468970e-02  5.497268e+01  2.589709e+02  3.465220e+05  2.027950e+54  1.843981e+58  7.851253e-05  -3.719042e+106  1.000000e+00  -1.000000e+00  0.000000e+00
1.487352e+03  4.714565e+02  5.714513e+03  1.079880e+01  1.487352e+03  1.575056e+00  1.874000e-03  1.573183e+00  1.307901e+01  1.674552e+00  1.307901e+01  9.988100e-01  1.778701e-01  2.458606e-01  8.397547e-02  1.469944e-02  5.504227e+01  2.932925e+02  3.464975e+05  2.290373e+54  1.844377e+58  2.076172e-05  -1.437116e+107  1.000000e+00  -1.000000e+00  1.000000e+00
1.487352e+03  4.728972e+02  5.714513e+03  1.223950e+01  1.487352e+03  1.575359e+00  2.084000e-03  1.573275e+00  1.308264e+01  1.704310e+00  1.308264e+01  9.986770e-01  1.778549e-01  2.458312e-01  8.679369e-02  1.470993e-02  5.510625e+01  3.267190e+02  3.464858e+05  2.544502e+54  1.844884e+58  1.624658e-05  -1.522735e+107  1.000000e+00  -1.000000e+00  1.000000e+00
1.487352e+03  4.745300e+02  5.714513e+03  1.387240e+01  1.487352e+03  1.575685e+00  2.353000e-03  1.573332e+00  1.308724e+01  1.737557e+00  1.308724e+01  9.985070e-01  1.778291e-01  2.457813e-01  9.000800e-02  1.472260e-02  5.519247e+01  3.691175e+02  3.464613e+05  2.865742e+54  1.845442e+58  3.567691e-05  -1.695516e+107  1.000000e+00  -1.000000e+00  1.000000e+00
1.487352e+03  4.763807e+02  5.714513e+03  1.572320e+01  1.487352e+03  1.576012e+00  2.686000e-03  1.573326e+00  1.309249e+01  1.774755e+00  1.309249e+01  9.982960e-01  1.777947e-01  2.457150e-01  9.367406e-02  1.473787e-02  5.530417e+01  4.225714e+02  3.464155e+05  3.269365e+54  1.845995e+58  -2.867587e-04  -1.857222e+107  -1.000000e+00  -1.000000e+00  1.000000e+00
1.487352e+03  4.784787e+02  5.714513e+03  1.782080e+01  1.487352e+03  1.576349e+00  3.097000e-03  1.573252e+00  1.309877e+01  1.816076e+00  1.309877e+01  9.980360e-01  1.777475e-01  2.456237e-01  9.782589e-02  1.475593e-02  5.544632e+01  4.881824e+02  3.463483e+05  3.763163e+54  1.846572e+58  -2.026399e-04  -2.010886e+107  -1.000000e+00  -1.000000e+00  1.000000e+00
1.487352e+03  4.808563e+02  5.714513e+03  2.019840e+01  1.487352e+03  1.576681e+00  3.598000e-03  1.573082e+00  1.310599e+01  1.862062e+00  1.310599e+01  9.977180e-01  1.776869e-01  2.455066e-01  1.025346e-01  1.477725e-02  5.562040e+01  5.691144e+02  3.462519e+05  4.370211e+54  1.847139e+58  -1.752132e-05  -2.172582e+107  -1.000000e+00  -1.000000e+00  1.000000e+00
1.487352e+03  4.835509e+02  5.714513e+03  2.289310e+01  1.487352e+03  1.576988e+00  4.208000e-03  1.572780e+00  1.311430e+01  1.912902e+00  1.311430e+01  9.973310e-01  1.776090e-01  2.453561e-01  1.078419e-01  1.480233e-02  5.583737e+01  6.680465e+02  3.461171e+05  5.109539e+54  1.847661e+58  -7.034628e-06  -2.326022e+107  -1.000000e+00  -1.000000e+00  1.000000e+00
1.487352e+03  4.866048e+02  5.714513e+03  2.594730e+01  1.487352e+03  1.577259e+00  4.949000e-03  1.572310e+00  1.312405e+01  1.968939e+00  1.312405e+01  9.968630e-01  1.775075e-01  2.451600e-01  1.138056e-01  1.483128e-02  5.610511e+01  7.880997e+02  3.459359e+05  6.003172e+54  1.848130e+58  -3.778333e-06  -2.491434e+107  -1.000000e+00  -1.000000e+00  1.000000e+00
1.487352e+03  4.900671e+02  5.714513e+03  2.940900e+01  1.487352e+03  1.577498e+00  5.844000e-03  1.571654e+00  1.313533e+01  2.030565e+00  1.313533e+01  9.962960e-01  1.773819e-01  2.449176e-01  1.204905e-01  1.486536e-02  5.643487e+01  9.353277e+02  3.457063e+05  7.094478e+54  1.848556e+58  -2.111835e-06  -2.681353e+107  -1.000000e+00  -1.000000e+00  1.000000e+00
1.487352e+03  4.939909e+02  5.714513e+03  3.333260e+01  1.487352e+03  1.577608e+00  6.925000e-03  1.570684e+00  1.314800e+01  2.098195e+00  1.314800e+01  9.956110e-01  1.772234e-01  2.446121e-01  1.279641e-01  1.490483e-02  5.683722e+01  1.115775e+03  3.453924e+05  8.425955e+54  1.848746e+58  -4.002700e-07  -2.860862e+107  -1.000000e+00  -1.000000e+00  1.000000e+00
1.487352e+03  4.984378e+02  5.714513e+03  3.777960e+01  1.487352e+03  1.577564e+00  8.228000e-03  1.569336e+00  1.316222e+01  2.171669e+00  1.316222e+01  9.947840e-01  1.770269e-01  2.442334e-01  1.362379e-01  1.495009e-02  5.732621e+01  1.332863e+03  3.449799e+05  1.001936e+55  1.848655e+58  5.265326e-07  -3.068028e+107  1.000000e+00  -1.000000e+00  1.000000e+00
1.487352e+03  5.034775e+02  5.714513e+03  4.281980e+01  1.487352e+03  1.577331e+00  9.798000e-03  1.567534e+00  1.317825e+01  2.252437e+00  1.317825e+01  9.937890e-01  1.767856e-01  2.437687e-01  1.454774e-01  1.500205e-02  5.792006e+01  1.602719e+03  3.444560e+05  1.199011e+55  1.848233e+58  1.160304e-06  -3.288363e+107  1.000000e+00  -1.000000e+00  1.000000e+00
1.487352e+03  5.091908e+02  5.714513e+03  4.853260e+01  1.487352e+03  1.576810e+00  1.168500e-02  1.565125e+00  1.319623e+01  2.339961e+00  1.319623e+01  9.925890e-01  1.764863e-01  2.431932e-01  1.556500e-01  1.506120e-02  5.864222e+01  1.927448e+03  3.437826e+05  1.434673e+55  1.847301e+58  1.695337e-06  -3.488795e+107  1.000000e+00  -1.000000e+00  1.000000e+00
1.487352e+03  5.156662e+02  5.714513e+03  5.500740e+01  1.487352e+03  1.575909e+00  1.395400e-02  1.561955e+00  1.321588e+01  2.434816e+00  1.321588e+01  9.911450e-01  1.761232e-01  2.424963e-01  1.668240e-01  1.512801e-02  5.951453e+01  2.323862e+03  3.429264e+05  1.720531e+55  1.845677e+58  2.129394e-06  -3.728928e+107  1.000000e+00  -1.000000e+00  1.000000e+00
1.487352e+03  5.230050e+02  5.714513e+03  6.234610e+01  1.487352e+03  1.574487e+00  1.667900e-02  1.557808e+00  1.323719e+01  2.537461e+00  1.323719e+01  9.894070e-01  1.756811e-01  2.416490e-01  1.790446e-01  1.520227e-02  6.056053e+01  2.807870e+03  3.418381e+05  2.067112e+55  1.843100e+58  2.513979e-06  -4.016454e+107  1.000000e+00  -1.000000e+00  1.000000e+00
1.487352e+03  5.313221e+02  5.714513e+03  7.066390e+01  1.487352e+03  1.572377e+00  1.994900e-02  1.552428e+00  1.325968e+01  2.648267e+00  1.325968e+01  9.873130e-01  1.751480e-01  2.406299e-01  1.923324e-01  1.528404e-02  6.182078e+01  3.408956e+03  3.404613e+05  2.494672e+55  1.839248e+58  2.833363e-06  -4.293179e+107  1.000000e+00  -1.000000e+00  1.000000e+00
1.487352e+03  5.407496e+02  5.714513e+03  8.009140e+01  1.487352e+03  1.569386e+00  2.387100e-02  1.545514e+00  1.328299e+01  2.767568e+00  1.328299e+01  9.847890e-01  1.745081e-01  2.394098e-01  2.066836e-01  1.537245e-02  6.332611e+01  4.132749e+03  3.387337e+05  3.004996e+55  1.833753e+58  3.091805e-06  -4.546939e+107  1.000000e+00  -1.000000e+00  1.000000e+00
1.487352e+03  5.514360e+02  5.714513e+03  9.077660e+01  1.487352e+03  1.565234e+00  2.857400e-02  1.536659e+00  1.330598e+01  2.895747e+00  1.330598e+01  9.817440e-01  1.737457e-01  2.379607e-01  2.220723e-01  1.546560e-02  6.511990e+01  5.016389e+03  3.365666e+05  3.622539e+55  1.826068e+58  3.352933e-06  -4.886956e+107  1.000000e+00  -1.000000e+00  1.000000e+00
1.487352e+03  5.635472e+02  5.714513e+03  1.028874e+02  1.487352e+03  1.559605e+00  3.421100e-02  1.525394e+00  1.332730e+01  3.033222e+00  1.332730e+01  9.780650e-01  1.728439e-01  2.362533e-01  2.384437e-01  1.556064e-02  6.724445e+01  6.112476e+03  3.338625e+05  4.382330e+55  1.815563e+58  3.595841e-06  -5.246239e+107  1.000000e+00  -1.000000e+00  1.000000e+00
1.487352e+03  5.772730e+02  5.714513e+03  1.166139e+02  1.487352e+03  1.552114e+00  4.096300e-02  1.511151e+00  1.334455e+01  3.180416e+00  1.334455e+01  9.736080e-01  1.717913e-01  2.342694e-01  2.557055e-01  1.565180e-02  6.973566e+01  7.453253e+03  3.305055e+05  5.302763e+55  1.801449e+58  3.801791e-06  -5.599598e+107  1.000000e+00  -1.000000e+00  1.000000e+00
1.487352e+03  5.928297e+02  5.714513e+03  1.321717e+02  1.487352e+03  1.542260e+00  4.905200e-02  1.493208e+00  1.335451e+01  3.337788e+00  1.335451e+01  9.681940e-01  1.705734e-01  2.319857e-01  2.737260e-01  1.573178e-02  7.263217e+01  9.091407e+03  3.263471e+05  6.415658e+55  1.782683e+58  3.991785e-06  -5.979347e+107  1.000000e+00  -1.000000e+00  1.000000e+00
1.487352e+03  6.104652e+02  5.714513e+03  1.498051e+02  1.487352e+03  1.529495e+00  5.874000e-02  1.470755e+00  1.335249e+01  3.505803e+00  1.335249e+01  9.615950e-01  1.691872e-01  2.294017e-01  2.923290e-01  1.578742e-02  7.592481e+01  1.109193e+04  3.212278e+05  7.759631e+55  1.758088e+58  4.191599e-06  -6.432169e+107  1.000000e+00  -1.000000e+00  1.000000e+00
1.487352e+03  6.304521e+02  5.714513e+03  1.697911e+02  1.487352e+03  1.513227e+00  7.034000e-02  1.442886e+00  1.333216e+01  3.685021e+00  1.333216e+01  9.535160e-01  1.676429e-01  2.265423e-01  3.112991e-01  1.580050e-02  7.955093e+01  1.356979e+04  3.149762e+05  9.407917e+55  1.726328e+58  4.388570e-06  -6.878579e+107  1.000000e+00  -1.000000e+00  1.000000e+00
1.487352e+03  6.531038e+02  5.714513e+03  1.924434e+02  1.487352e+03  1.492773e+00  8.422800e-02  1.408545e+00  1.328406e+01  3.875989e+00  1.328406e+01  9.435760e-01  1.659757e-01  2.234775e-01  3.303776e-01  1.574548e-02  8.333623e+01  1.659412e+04  3.073890e+05  1.139560e+56  1.685750e+58  4.559478e-06  -7.365741e+107  1.000000e+00  -1.000000e+00  1.000000e+00
1.487352e+03  6.787757e+02  5.714513e+03  2.181178e+02  1.487352e+03  1.467551e+00  1.008500e-01  1.366701e+00  1.319600e+01  4.079260e+00  1.319600e+01  9.312800e-01  1.642602e-01  2.203478e-01  3.492718e-01  1.558761e-02  8.690211e+01  2.027959e+04  2.982804e+05  1.378740e+56  1.634723e+58  4.751566e-06  -7.939467e+107  1.000000e+00  -1.000000e+00  1.000000e+00
1.487352e+03  7.078781e+02  5.714513e+03  2.472176e+02  1.487352e+03  1.437188e+00  1.207330e-01  1.316455e+00  1.305205e+01  4.295456e+00  1.305205e+01  9.159940e-01  1.626359e-01  2.174064e-01  3.676708e-01  1.528148e-02  8.953428e+01  2.482392e+04  2.874979e+05  1.670422e+56  1.571746e+58  4.981838e-06  -8.482232e+107  1.000000e+00  -1.000000e+00  1.000000e+00
1.487352e+03  7.408620e+02  5.714513e+03  2.801996e+02  1.487352e+03  1.401773e+00  1.444990e-01  1.257274e+00  1.283287e+01  4.525147e+00  1.283287e+01  8.969170e-01  1.613375e-01  2.150704e-01  3.852563e-01  1.477603e-02  9.011354e+01  3.042487e+04  2.749651e+05  2.026083e+56  1.495800e+58  5.213496e-06  -9.070917e+107  1.000000e+00  -1.000000e+00  1.000000e+00
1.487352e+03  7.782441e+02  5.714513e+03  3.175819e+02  1.487352e+03  1.362233e+00  1.728660e-01  1.189368e+00  1.251690e+01  4.768922e+00  1.251690e+01  8.731010e-01  1.607446e-01  2.140082e-01  4.017243e-01  1.402231e-02  8.710655e+01  3.721763e+04  2.607478e+05  2.451708e+56  1.406901e+58  5.500397e-06  -9.571851e+107  1.000000e+00  -1.000000e+00  1.000000e+00
1.487352e+03  8.206108e+02  5.714513e+03  3.599514e+02  1.487352e+03  1.320794e+00  2.066520e-01  1.114142e+00  1.208583e+01  5.026528e+00  1.208583e+01  8.435400e-01  1.614136e-01  2.152070e-01  4.168205e-01  1.299612e-02  7.907283e+01  4.552495e+04  2.451351e+05  2.966271e+56  1.306849e+58  5.901193e-06  -9.941101e+107  1.000000e+00  -1.000000e+00  1.000000e+00
1.487352e+03  8.686339e+02  5.714513e+03  4.079736e+02  1.487352e+03  1.281217e+00  2.467630e-01  1.034454e+00  1.153234e+01  5.298405e+00  1.153234e+01  8.074000e-01  1.640917e-01  2.200416e-01  4.303479e-01  1.173364e-02  6.575152e+01  5.550466e+04  2.286718e+05  3.575765e+56  1.199635e+58  6.967543e-06  -1.005860e+108  1.000000e+00  -1.000000e+00  1.000000e+00
1.487352e+03  9.230662e+02  5.714513e+03  4.624025e+02  1.487352e+03  1.248590e+00  2.941590e-01  9.544310e-01  1.087054e+01  5.583796e+00  1.087054e+01  7.644070e-01  1.696486e-01  2.302601e-01  4.422097e-01  1.036829e-02  4.918836e+01  6.773631e+04  2.121150e+05  4.316271e+56  1.091236e+58  1.310188e-05  -9.585433e+107  1.000000e+00  -1.000000e+00  1.000000e+00
1.487352e+03  9.847572e+02  5.714513e+03  5.240930e+02  1.487352e+03  1.228303e+00  3.497980e-01  8.785050e-01  1.014192e+01  5.881377e+00  1.014192e+01  7.152190e-01  1.788822e-01  2.478224e-01  4.524213e-01  9.158215e-03  3.333314e+01  8.222707e+04  1.962588e+05  5.180438e+56  9.882552e+57  3.667603e-05  -8.865558e+107  1.000000e+00  -1.000000e+00  1.000000e+00
1.487352e+03  1.054675e+03  5.714513e+03  5.940138e+02  1.487352e+03  1.224532e+00  4.145340e-01  8.099970e-01  9.407718e+00  6.188867e+00  9.407718e+00  6.614750e-01  1.922505e-01  2.746364e-01  4.611232e-01  8.484674e-03  2.153819e+01  9.919541e+04  1.816843e+05  6.175852e+56  8.958089e+57  -6.458962e-07  -7.726649e+107  -1.000000e+00  -1.000000e+00  1.000000e+00
1.487352e+03  1.133922e+03  5.714513e+03  6.732629e+02  1.487352e+03  1.239100e+00  4.889860e-01  7.501140e-01  8.729250e+00  6.502880e+00  8.729250e+00  6.053700e-01  2.096578e-01  3.122904e-01  4.685721e-01  8.832685e-03  1.453601e+01  1.192989e+05  1.685938e+05  7.342298e+56  8.159967e+57  2.361863e-06  -6.389913e+107  1.000000e+00  -1.000000e+00  1.000000e+00
1.487352e+03  1.223749e+03  5.714513e+03  7.630849e+02  1.487352e+03  1.271374e+00  5.733620e-01  6.980120e-01  8.149041e+00  6.818690e+00  8.149041e+00  5.490220e-01  2.304350e-01  3.619252e-01  4.751341e-01  1.073738e-02  1.101693e+01  1.424821e+05  1.568336e+05  8.666495e+56  7.479226e+57  2.930661e-06  -5.253250e+107  1.000000e+00  -1.000000e+00  1.000000e+00
1.487352e+03  1.325556e+03  5.714513e+03  8.648903e+02  1.487352e+03  1.318936e+00  6.672930e-01  6.516430e-01  7.684080e+00  7.130584e+00  7.684080e+00  4.940670e-01  2.535207e-01  4.242781e-01  4.812244e-01  1.464505e-02  9.322441e+00  1.687386e+05  1.460528e+05  1.014006e+57  6.888761e+57  3.105578e-06  -4.229368e+107  1.000000e+00  -1.000000e+00  1.000000e+00
1.487352e+03  1.440942e+03  5.714513e+03  9.802778e+02  1.487352e+03  1.378397e+00  7.696930e-01  6.087040e-01  7.431775e+00  7.431775e+00  7.330906e+00  4.416030e-01  2.739450e-01  4.872294e-01  4.872994e-01  1.913960e-02  8.270363e+00  1.978222e+05  1.358760e+05  1.173808e+57  6.356925e+57  3.136418e-06  -3.386120e+107  1.000000e+00  -1.000000e+00  1.000000e+00
1.487352e+03  1.571717e+03  5.714513e+03  1.111060e+03  1.487352e+03  1.445975e+00  8.786730e-01  5.673020e-01  7.714464e+00  7.714464e+00  7.059913e+00  3.923310e-01  2.768450e-01  4.968617e-01  4.969150e-01  1.816611e-02  7.447045e+00  2.292921e+05  1.260196e+05  1.342365e+57  5.857171e+57  3.066964e-06  -2.739912e+107  1.000000e+00  -1.000000e+00  1.000000e+00
1.487352e+03  1.719954e+03  5.714513e+03  1.259289e+03  1.487352e+03  1.517795e+00  9.913010e-01  5.264930e-01  7.968513e+00  7.968513e+00  6.820966e+00  3.468810e-01  2.813308e-01  5.121373e-01  5.121828e-01  1.761427e-02  6.663259e+00  2.628811e+05  1.163635e+05  1.517762e+57  5.375706e+57  2.984509e-06  -2.223877e+107  1.000000e+00  -1.000000e+00  1.000000e+00
1.487352e+03  1.887962e+03  5.714513e+03  1.427295e+03  1.487352e+03  1.590069e+00  1.103802e+00  4.862670e-01  8.187367e+00  8.187367e+00  6.583028e+00  3.058150e-01  2.868489e-01  5.315855e-01  5.316255e-01  1.713127e-02  5.880742e+00  2.966684e+05  1.069284e+05  1.685985e+57  4.911149e+57  2.830496e-06  -1.779220e+107  1.000000e+00  -1.000000e+00  1.000000e+00
1.487352e+03  2.078381e+03  5.714513e+03  1.617714e+03  1.487352e+03  1.659394e+00  1.212509e+00  4.468840e-01  8.368257e+00  8.368257e+00  6.345877e+00  2.693060e-01  2.928843e-01  5.537404e-01  5.537759e-01  1.657218e-02  5.126348e+00  3.316454e+05  9.777233e+04  1.855446e+57  4.465639e+57  2.626382e-06  -1.326899e+107  1.000000e+00  -1.000000e+00  1.000000e+00
1.487352e+03  2.294199e+03  5.714513e+03  1.833538e+03  1.487352e+03  1.723095e+00  1.314488e+00  4.086060e-01  8.511533e+00  8.511533e+00  6.109804e+00  2.371350e-01  2.990081e-01  5.772326e-01  5.772643e-01  1.591918e-02  4.440322e+00  3.652514e+05  8.895008e+04  2.008329e+57  4.041136e+57  2.505080e-06  -1.101369e+107  1.000000e+00  -1.000000e+00  1.000000e+00
1.487352e+03  2.538819e+03  5.714513e+03  2.078156e+03  1.487352e+03  1.779366e+00  1.407688e+00  3.716780e-01  8.619451e+00  8.619451e+00  5.875162e+00  2.088820e-01  3.049069e-01  6.008994e-01  6.009277e-01  1.519281e-02  3.843356e+00  3.967088e+05  8.051177e+04  2.140368e+57  3.639333e+57  2.291568e-06  -8.482882e+106  1.000000e+00  -1.000000e+00  1.000000e+00
1.487352e+03  2.816077e+03  5.714513e+03  2.355409e+03  1.487352e+03  1.827212e+00  1.490887e+00  3.363250e-01  8.695484e+00  8.695484e+00  5.642357e+00  1.840640e-01  3.103679e-01  6.237870e-01  6.238141e-01  1.443754e-02  3.342089e+00  4.270439e+05  7.250115e+04  2.261090e+57  3.261604e+57  2.015291e-06  -6.323261e+106  1.000000e+00  -1.000000e+00  1.000000e+00
1.487352e+03  3.130319e+03  5.714513e+03  2.669651e+03  1.487352e+03  1.866323e+00  1.563580e+00  3.027430e-01  8.743601e+00  8.743601e+00  5.411840e+00  1.622140e-01  3.152667e-01  6.451760e-01  6.451986e-01  1.369208e-02  2.930810e+00  4.552064e+05  6.495426e+04  2.364393e+57  2.908964e+57  1.797276e-06  -4.903841e+106  1.000000e+00  -1.000000e+00  1.000000e+00
1.487352e+03  3.486480e+03  5.714513e+03  3.025817e+03  1.487352e+03  1.896865e+00  1.625769e+00  2.710960e-01  8.767851e+00  8.767851e+00  5.184089e+00  1.429180e-01  3.195398e-01  6.645401e-01  6.645602e-01  1.298536e-02  2.598592e+00  4.801150e+05  5.789852e+04  2.443974e+57  2.582046e+57  1.558635e-06  -4.081168e+106  1.000000e+00  -1.000000e+00  1.000000e+00
1.487352e+03  3.890162e+03  5.714513e+03  3.429500e+03  1.487352e+03  1.919355e+00  1.677848e+00  2.415070e-01  8.772108e+00  8.772108e+00  4.959602e+00  1.258270e-01  3.231714e-01  6.815459e-01  6.815639e-01  1.233619e-02  2.333057e+00  5.024541e+05  5.135223e+04  2.506555e+57  2.281090e+57  1.251686e-06  -3.130627e+106  1.000000e+00  -1.000000e+00  1.000000e+00
1.487352e+03  4.347708e+03  5.714513e+03  3.887040e+03  1.487352e+03  1.934519e+00  1.720459e+00  2.140600e-01  8.760185e+00  8.760185e+00  4.738880e+00  1.106530e-01  3.261680e-01  6.959777e-01  6.959934e-01  1.175767e-02  2.123359e+00  5.222497e+05  4.532438e+04  2.553757e+57  2.005955e+57  9.055483e-07  -2.303827e+106  1.000000e+00  -1.000000e+00  1.000000e+00
1.487352e+03  4.866291e+03  5.714513e+03  4.405622e+03  1.487352e+03  1.943188e+00  1.754391e+00  1.887970e-01  8.735256e+00  8.735256e+00  4.522420e+00  9.715900e-02  3.285647e-01  7.077918e-01  7.078056e-01  1.124893e-02  1.958462e+00  5.394978e+05  3.981505e+04  2.586754e+57  1.756142e+57  5.130518e-07  -1.915785e+106  1.000000e+00  -1.000000e+00  1.000000e+00
1.487352e+03  5.454054e+03  5.714513e+03  4.993389e+03  1.487352e+03  1.946242e+00  1.780521e+00  1.657210e-01  8.700406e+00  8.700406e+00  4.310694e+00  8.514900e-02  3.303992e-01  7.170030e-01  7.170149e-01  1.081225e-02  1.830755e+00  5.534500e+05  3.481598e+04  2.600913e+57  1.530833e+57  5.088487e-08  -1.462921e+106  1.000000e+00  -1.000000e+00  1.000000e+00
1.487352e+03  6.120229e+03  5.714513e+03  5.659571e+03  1.487352e+03  1.944552e+00  1.799753e+00  1.447980e-01  8.658277e+00  8.658277e+00  4.104147e+00  7.446400e-02  3.317185e-01  7.237203e-01  7.237306e-01  1.044455e-02  1.733604e+00  5.660032e+05  3.031165e+04  2.611102e+57  1.328939e+57  -6.860288e-07  -1.109688e+106  -1.000000e+00  -1.000000e+00  1.000000e+00
1.487352e+03  6.875298e+03  5.714513e+03  6.414631e+03  1.487352e+03  1.938955e+00  1.812992e+00  1.259630e-01  8.611158e+00  8.611158e+00  3.903183e+00  6.496400e-02  3.325736e-01  7.281167e-01  7.281256e-01  1.014076e-02  1.661652e+00  5.755605e+05  2.628037e+04  2.605874e+57  1.149153e+57  -1.667209e-06  -9.170103e+105  -1.000000e+00  -1.000000e+00  1.000000e+00
1.487352e+03  7.731096e+03  5.714513e+03  7.270426e+03  1.487352e+03  1.930240e+00  1.821119e+00  1.091210e-01  8.561222e+00  8.561222e+00  3.708158e+00  5.653200e-02  3.330099e-01  7.303724e-01  7.303801e-01  9.898424e-03  1.611348e+00  5.832032e+05  2.269560e+04  2.593590e+57  9.900077e+56  -3.273711e-06  -6.929582e+105  -1.000000e+00  -1.000000e+00  1.000000e+00
1.487352e+03  8.701063e+03  5.714513e+03  8.240395e+03  1.487352e+03  1.919124e+00  1.824964e+00  9.416000e-02  8.510056e+00  8.510056e+00  3.519373e+00  4.906400e-02  3.330828e-01  7.307504e-01  7.307569e-01  9.706624e-03  1.578396e+00  5.891246e+05  1.952729e+04  2.575778e+57  8.499301e+56  -4.710418e-06  -4.706198e+105  -1.000000e+00  -1.000000e+00  1.000000e+00
1.487352e+03  9.800430e+03  5.714513e+03  9.339770e+03  1.487352e+03  1.906263e+00  1.825312e+00  8.095100e-02  8.459214e+00  8.459214e+00  3.337075e+00  4.246600e-02  3.328391e-01  7.294885e-01  7.294939e-01  9.564241e-03  1.560944e+00  5.943340e+05  1.674312e+04  2.559882e+57  7.272936e+56  -1.810446e-05  -3.296781e+105  -1.000000e+00  -1.000000e+00  1.000000e+00
1.487352e+03  1.104648e+04  5.714513e+03  1.058582e+04  1.487352e+03  1.892237e+00  1.822881e+00  6.935500e-02  8.409951e+00  8.409951e+00  3.161453e+00  3.665300e-02  3.323255e-01  7.268374e-01  7.268420e-01  9.465417e-03  1.556791e+00  5.974186e+05  1.430966e+04  2.535070e+57  6.204648e+56  1.366384e-04  -2.632758e+105  1.000000e+00  -1.000000e+00  1.000000e+00
1.487352e+03  1.245877e+04  5.714513e+03  1.199810e+04  1.487352e+03  1.877561e+00  1.818330e+00  5.923100e-02  8.363278e+00  8.363278e+00  2.992636e+00  3.154700e-02  3.315883e-01  7.230538e-01  7.230577e-01  9.404332e-03  1.564033e+00  5.993903e+05  1.219340e+04  2.508608e+57  5.278407e+56  8.881535e-05  -1.894901e+105  1.000000e+00  -1.000000e+00  1.000000e+00
1.487352e+03  1.405947e+04  5.714513e+03  1.359880e+04  1.487352e+03  1.862683e+00  1.812246e+00  5.043600e-02  8.320089e+00  8.320089e+00  2.830700e+00  2.707700e-02  3.306683e-01  7.183666e-01  7.183698e-01  9.376302e-03  1.581167e+00  6.004234e+05  1.036154e+04  2.481376e+57  4.478812e+56  1.541801e-05  -1.448335e+105  1.000000e+00  -1.000000e+00  1.000000e+00
1.487352e+03  1.587372e+04  5.714513e+03  1.541306e+04  1.487352e+03  1.847981e+00  1.805150e+00  4.283100e-02  8.280766e+00  8.280766e+00  2.675669e+00  2.317700e-02  3.296162e-01  7.130532e-01  7.130562e-01  9.374276e-03  1.606215e+00  5.999385e+05  8.782652e+03  2.448556e+57  3.791310e+56  7.862776e-06  -1.078128e+105  1.000000e+00  -1.000000e+00  1.000000e+00
1.487352e+03  1.793002e+04  5.714513e+03  1.746936e+04  1.487352e+03  1.833783e+00  1.797501e+00  3.628200e-02  8.245974e+00  8.245974e+00  2.527519e+00  1.978500e-02  3.284638e-01  7.072894e-01  7.072917e-01  9.395383e-03  1.638270e+00  5.996164e+05  7.427169e+03  2.422221e+57  3.202365e+56  7.745613e-06  -6.781920e+104  1.000000e+00  -1.000000e+00  1.000000e+00
1.487352e+03  2.025605e+04  5.714513e+03  1.979538e+04  1.487352e+03  1.820374e+00  1.789700e+00  3.067400e-02  8.215903e+00  8.215903e+00  2.386440e+00  1.685000e-02  3.272556e-01  7.013082e-01  7.013101e-01  9.433940e-03  1.675585e+00  5.988352e+05  6.269670e+03  2.397208e+57  2.700416e+56  6.915907e-06  -4.599534e+104  1.000000e+00  -1.000000e+00  1.000000e+00
2.043360e+03  1.030404e+02  7.598081e+03  1.000000e+00  2.043360e+03  1.497748e+00  5.400000e-05  1.497694e+00  1.273545e+01  8.190300e-01  1.273545e+01  9.999640e-01  1.737025e-01  2.378789e-01  2.770430e-02  1.413616e-02  5.959752e+01  8.138533e+00  3.332323e+05  6.843676e+52  1.719681e+58  4.645844e-05  -1.433881e+105  1.000000e+00  -1.000000e+00  0.000000e+00
2.043360e+03  1.076573e+02  7.598081e+03  1.133400e+00  2.043360e+03  1.497767e+00  6.400000e-05  1.497703e+00  1.273571e+01  8.394190e-01  1.273571e+01  9.999570e-01  1.737012e-01  2.378763e-01  2.907554e-02  1.413662e-02  5.959939e+01  9.607136e+00  3.332312e+05  8.058209e+52  1.719713e+58  4.502058e-05  -1.421274e+105  1.000000e+00  -1.000000e+00  0.000000e+00
2.043360e+03  1.131115e+02  7.598081e+03  1.284600e+00  2.043360e+03  1.497822e+00  7.500000e-05  1.497747e+00  1.273591e+01  8.608490e-01  1.273591e+01  9.999500e-01  1.737048e-01  2.378831e-01  3.055022e-02  1.413732e-02  5.960088e+01  1.132892e+01  3.332411e+05  9.466648e+52  1.719803e+58  1.995272e-05  -1.448484e+105  1.000000e+00  -1.000000e+00  0.000000e+00
2.043360e+03  1.191072e+02  7.598081e+03  1.456000e+00  2.043360e+03  1.497853e+00  8.900000e-05  1.497764e+00  1.273630e+01  8.833960e-01  1.273630e+01  9.999410e-01  1.737031e-01  2.378799e-01  3.213848e-02  1.413785e-02  5.959951e+01  1.335545e+01  3.332405e+05  1.111228e+53  1.719855e+58  5.348483e-04  -1.637958e+105  1.000000e+00  -1.000000e+00  0.000000e+00
2.043360e+03  1.250167e+02  7.598081e+03  1.650300e+00  2.043360e+03  1.497872e+00  1.050000e-04  1.497768e+00  1.273655e+01  9.070720e-01  1.273655e+01  9.999300e-01  1.737019e-01  2.378776e-01  3.384654e-02  1.413875e-02  5.960294e+01  1.574210e+01  3.332366e+05  1.303911e+53  1.719881e+58  -1.565496e-05  -1.820815e+105  -1.000000e+00  -1.000000e+00  0.000000e+00
2.043360e+03  1.316026e+02  7.598081e+03  1.870400e+00  2.043360e+03  1.497939e+00  1.230000e-04  1.497816e+00  1.273698e+01  9.320190e-01  1.273698e+01  9.999180e-01  1.737038e-01  2.378813e-01  3.569042e-02  1.413989e-02  5.960973e+01  1.855504e+01  3.332466e+05  1.529882e+53  1.719995e+58  9.563813e-06  -2.077248e+105  1.000000e+00  -1.000000e+00  0.000000e+00
2.043360e+03  1.379494e+02  7.598081e+03  2.120000e+00  2.043360e+03  1.497986e+00  1.450000e-04  1.497841e+00  1.273745e+01  9.581050e-01  1.273745e+01  9.999030e-01  1.737028e-01  2.378794e-01  3.766659e-02  1.414095e-02  5.961273e+01  2.187275e+01  3.332475e+05  1.795240e+53  1.720071e+58  9.728114e-06  -1.926536e+105  1.000000e+00  -1.000000e+00  0.000000e+00
2.043360e+03  1.527256e+02  7.598081e+03  2.402800e+00  2.043360e+03  1.498060e+00  1.700000e-04  1.497890e+00  1.273805e+01  9.843910e-01  1.273805e+01  9.998870e-01  1.737033e-01  2.378803e-01  3.970704e-02  1.414210e-02  5.962097e+01  2.564289e+01  3.332563e+05  2.095561e+53  1.720201e+58  1.418847e-05  -3.240128e+105  1.000000e+00  -1.000000e+00  0.000000e+00
2.043360e+03  1.576382e+02  7.598081e+03  2.723400e+00  2.043360e+03  1.498113e+00  1.990000e-04  1.497914e+00  1.273849e+01  1.012025e+00  1.273849e+01  9.998670e-01  1.737034e-01  2.378806e-01  4.190528e-02  1.414376e-02  5.962601e+01  3.012716e+01  3.332551e+05  2.451455e+53  1.720278e+58  1.438842e-05  -4.249102e+105  1.000000e+00  -1.000000e+00  0.000000e+00
2.043360e+03  1.627167e+02  7.598081e+03  3.086700e+00  2.043360e+03  1.498200e+00  2.340000e-04  1.497966e+00  1.273924e+01  1.041565e+00  1.273924e+01  9.998440e-01  1.737033e-01  2.378803e-01  4.431429e-02  1.414567e-02  5.963579e+01  3.550304e+01  3.332624e+05  2.876688e+53  1.720428e+58  1.086236e-05  -4.903206e+105  1.000000e+00  -1.000000e+00  0.000000e+00
2.043360e+03  1.679681e+02  7.598081e+03  3.498500e+00  2.043360e+03  1.498277e+00  2.760000e-04  1.498001e+00  1.274006e+01  1.073066e+00  1.274006e+01  9.998160e-01  1.737009e-01  2.378758e-01  4.694931e-02  1.414763e-02  5.964504e+01  4.193478e+01  3.332620e+05  3.383852e+53  1.720554e+58  1.171645e-05  -5.655252e+105  1.000000e+00  -1.000000e+00  0.000000e+00
2.043360e+03  1.734000e+02  7.598081e+03  3.965200e+00  2.043360e+03  1.498362e+00  3.260000e-04  1.498036e+00  1.274095e+01  1.106617e+00  1.274095e+01  9.997830e-01  1.736986e-01  2.378715e-01  4.982964e-02  1.415005e-02  5.965940e+01  4.962241e+01  3.332626e+05  3.988169e+53  1.720693e+58  1.080806e-05  -6.511471e+105  1.000000e+00  -1.000000e+00  0.000000e+00
2.043360e+03  1.790190e+02  7.598081e+03  4.494300e+00  2.043360e+03  1.498460e+00  3.850000e-04  1.498075e+00  1.274207e+01  1.142476e+00  1.274207e+01  9.997430e-01  1.736949e-01  2.378644e-01  5.299025e-02  1.415308e-02  5.967928e+01  5.880722e+01  3.332621e+05  4.707984e+53  1.720856e+58  1.084860e-05  -7.491404e+105  1.000000e+00  -1.000000e+00  0.000000e+00
2.043360e+03  1.848335e+02  7.598081e+03  5.093900e+00  2.043360e+03  1.498574e+00  4.560000e-04  1.498118e+00  1.274334e+01  1.180583e+00  1.274334e+01  9.996960e-01  1.736907e-01  2.378564e-01  5.644029e-02  1.415616e-02  5.969816e+01  6.978007e+01  3.332623e+05  5.565257e+53  1.721046e+58  1.606460e-05  -8.625573e+105  1.000000e+00  -1.000000e+00  0.000000e+00
2.043360e+03  1.908524e+02  7.598081e+03  5.773400e+00  2.043360e+03  1.498685e+00  5.400000e-04  1.498145e+00  1.274475e+01  1.221183e+00  1.274475e+01  9.996400e-01  1.736844e-01  2.378444e-01  6.021670e-02  1.416033e-02  5.972734e+01  8.288878e+01  3.332550e+05  6.586185e+53  1.721227e+58  1.694609e-05  -9.920467e+105  1.000000e+00  -1.000000e+00  0.000000e+00
2.043360e+03  1.970844e+02  7.598081e+03  6.543700e+00  2.043360e+03  1.498816e+00  6.400000e-04  1.498176e+00  1.274647e+01  1.264300e+00  1.274647e+01  9.995730e-01  1.736760e-01  2.378286e-01  6.433811e-02  1.416507e-02  5.975969e+01  9.855101e+01  3.332492e+05  7.802016e+53  1.721447e+58  1.803151e-05  -1.140258e+106  1.000000e+00  -1.000000e+00  0.000000e+00
2.043360e+03  2.035396e+02  7.598081e+03  7.416700e+00  2.043360e+03  1.498953e+00  7.580000e-04  1.498194e+00  1.274840e+01  1.310025e+00  1.274840e+01  9.994940e-01  1.736657e-01  2.378090e-01  6.882964e-02  1.417029e-02  5.980077e+01  1.172741e+02  3.332370e+05  9.250496e+53  1.721673e+58  2.137014e-05  -1.311385e+106  1.000000e+00  -1.000000e+00  0.000000e+00
2.043360e+03  2.102287e+02  7.598081e+03  8.406200e+00  2.043360e+03  1.499104e+00  9.000000e-04  1.498205e+00  1.275074e+01  1.358512e+00  1.275074e+01  9.994000e-01  1.736513e-01  2.377817e-01  7.372377e-02  1.417648e-02  5.985123e+01  1.396647e+02  3.332216e+05  1.097666e+54  1.721932e+58  2.801539e-05  -1.507735e+106  1.000000e+00  -1.000000e+00  0.000000e+00
2.043360e+03  2.171631e+02  7.598081e+03  9.527700e+00  2.043360e+03  1.499261e+00  1.067000e-03  1.498193e+00  1.275322e+01  1.409863e+00  1.275322e+01  9.992880e-01  1.736357e-01  2.377521e-01  7.904840e-02  1.418382e-02  5.991033e+01  1.664520e+02  3.331997e+05  1.303398e+54  1.722190e+58  2.807206e-05  -1.571858e+106  1.000000e+00  -1.000000e+00  0.000000e+00
2.043360e+03  4.714565e+02  7.598081e+03  1.079880e+01  2.043360e+03  1.499469e+00  1.206000e-03  1.498263e+00  1.275556e+01  1.445219e+00  1.275556e+01  9.991960e-01  1.736279e-01  2.377374e-01  8.278525e-02  1.419037e-02  5.995369e+01  1.886762e+02  3.331961e+05  1.473321e+54  1.722531e+58  1.041796e-05  -6.156076e+106  1.000000e+00  -1.000000e+00  1.000000e+00
2.043360e+03  4.728972e+02  7.598081e+03  1.223950e+01  2.043360e+03  1.499729e+00  1.344000e-03  1.498385e+00  1.275814e+01  1.471343e+00  1.275814e+01  9.991040e-01  1.736229e-01  2.377278e-01  8.559926e-02  1.419691e-02  5.998874e+01  2.104235e+02  3.332023e+05  1.638662e+54  1.722961e+58  1.034518e-05  -6.554562e+106  1.000000e+00  -1.000000e+00  1.000000e+00
2.043360e+03  4.745300e+02  7.598081e+03  1.387240e+01  2.043360e+03  1.500004e+00  1.519000e-03  1.498486e+00  1.276120e+01  1.500518e+00  1.276120e+01  9.989880e-01  1.736132e-01  2.377094e-01  8.880086e-02  1.420489e-02  6.003950e+01  2.382417e+02  3.331990e+05  1.849411e+54  1.723413e+58  1.237873e-05  -7.266944e+106  1.000000e+00  -1.000000e+00  1.000000e+00
2.043360e+03  4.763807e+02  7.598081e+03  1.572320e+01  2.043360e+03  1.500304e+00  1.736000e-03  1.498568e+00  1.276490e+01  1.532972e+00  1.276490e+01  9.988430e-01  1.735974e-01  2.376796e-01  9.242719e-02  1.421521e-02  6.010914e+01  2.727205e+02  3.331868e+05  2.109772e+54  1.723909e+58  1.481470e-05  -7.917896e+106  1.000000e+00  -1.000000e+00  1.000000e+00
2.043360e+03  4.784787e+02  7.598081e+03  1.782080e+01  2.043360e+03  1.500627e+00  2.004000e-03  1.498623e+00  1.276923e+01  1.569294e+00  1.276923e+01  9.986650e-01  1.735760e-01  2.376389e-01  9.655750e-02  1.422675e-02  6.019388e+01  3.153769e+02  3.331642e+05  2.430840e+54  1.724442e+58  1.819249e-05  -8.605115e+106  1.000000e+00  -1.000000e+00  1.000000e+00
2.043360e+03  4.808563e+02  7.598081e+03  2.019840e+01  2.043360e+03  1.500974e+00  2.331000e-03  1.498643e+00  1.277444e+01  1.609542e+00  1.277444e+01  9.984470e-01  1.735454e-01  2.375809e-01  1.012182e-01  1.424131e-02  6.031047e+01  3.679889e+02  3.331290e+05  2.825466e+54  1.725028e+58  3.488377e-05  -9.293009e+106  1.000000e+00  -1.000000e+00  1.000000e+00
2.043360e+03  4.835509e+02  7.598081e+03  2.289310e+01  2.043360e+03  1.501331e+00  2.729000e-03  1.498602e+00  1.278051e+01  1.653977e+00  1.278051e+01  9.981820e-01  1.735042e-01  2.375028e-01  1.064592e-01  1.425831e-02  6.045506e+01  4.323337e+02  3.330731e+05  3.306337e+54  1.725627e+58  -9.774585e-04  -1.003817e+107  -1.000000e+00  -1.000000e+00  1.000000e+00
2.043360e+03  4.866048e+02  7.598081e+03  2.594730e+01  2.043360e+03  1.501675e+00  3.213000e-03  1.498462e+00  1.278742e+01  1.703030e+00  1.278742e+01  9.978610e-01  1.734501e-01  2.374003e-01  1.123511e-01  1.427813e-02  6.063289e+01  5.117084e+02  3.329860e+05  3.897243e+54  1.726194e+58  -3.675501e-05  -1.078926e+107  -1.000000e+00  -1.000000e+00  1.000000e+00
2.043360e+03  4.900671e+02  7.598081e+03  2.940900e+01  2.043360e+03  1.502022e+00  3.798000e-03  1.498225e+00  1.279566e+01  1.756924e+00  1.279566e+01  9.974720e-01  1.733786e-01  2.372648e-01  1.189438e-01  1.430217e-02  6.085978e+01  6.079077e+02  3.328700e+05  4.610311e+54  1.726784e+58  -1.441367e-05  -1.145121e+107  -1.000000e+00  -1.000000e+00  1.000000e+00
2.043360e+03  4.939909e+02  7.598081e+03  3.333260e+01  2.043360e+03  1.502345e+00  4.505000e-03  1.497840e+00  1.280515e+01  1.816055e+00  1.280515e+01  9.970020e-01  1.732873e-01  2.370919e-01  1.263064e-01  1.433014e-02  6.113887e+01  7.239500e+02  3.327127e+05  5.466355e+54  1.727332e+58  -6.441200e-06  -1.229665e+107  -1.000000e+00  -1.000000e+00  1.000000e+00
2.043360e+03  4.984378e+02  7.598081e+03  3.777960e+01  2.043360e+03  1.502622e+00  5.358000e-03  1.497265e+00  1.281607e+01  1.880598e+00  1.281607e+01  9.964350e-01  1.731716e-01  2.368731e-01  1.344829e-01  1.436274e-02  6.148641e+01  8.680748e+02  3.325032e+05  6.524601e+54  1.727807e+58  -3.237339e-06  -1.320720e+107  -1.000000e+00  -1.000000e+00  1.000000e+00
2.043360e+03  5.034775e+02  7.598081e+03  4.281980e+01  2.043360e+03  1.502791e+00  6.386000e-03  1.496405e+00  1.282838e+01  1.951036e+00  1.282838e+01  9.957510e-01  1.730248e-01  2.365954e-01  1.435493e-01  1.440047e-02  6.190761e+01  1.041781e+03  3.322162e+05  7.792717e+54  1.728088e+58  -1.019293e-06  -1.404808e+107  -1.000000e+00  -1.000000e+00  1.000000e+00
2.043360e+03  5.091908e+02  7.598081e+03  4.853260e+01  2.043360e+03  1.502849e+00  7.624000e-03  1.495225e+00  1.284253e+01  2.027618e+00  1.284253e+01  9.949270e-01  1.728408e-01  2.362475e-01  1.535504e-01  1.444400e-02  6.242605e+01  1.254064e+03  3.318471e+05  9.333392e+54  1.728188e+58  4.272871e-08  -1.516097e+107  1.000000e+00  -1.000000e+00  1.000000e+00
2.043360e+03  5.156662e+02  7.598081e+03  5.500740e+01  2.043360e+03  1.502715e+00  9.114000e-03  1.493600e+00  1.285833e+01  2.110710e+00  1.285833e+01  9.939350e-01  1.726130e-01  2.358173e-01  1.645363e-01  1.449387e-02  6.305688e+01  1.517904e+03  3.313651e+05  1.123705e+55  1.727946e+58  9.178063e-07  -1.626535e+107  1.000000e+00  -1.000000e+00  1.000000e+00
2.043360e+03  5.230050e+02  7.598081e+03  6.234610e+01  2.043360e+03  1.502296e+00  1.090700e-02  1.491389e+00  1.287591e+01  2.200695e+00  1.287591e+01  9.927400e-01  1.723293e-01  2.352821e-01  1.765473e-01  1.455072e-02  6.382514e+01  1.836133e+03  3.307360e+05  1.351613e+55  1.727202e+58  1.571785e-06  -1.727697e+107  1.000000e+00  -1.000000e+00  1.000000e+00
2.043360e+03  5.313221e+02  7.598081e+03  7.066390e+01  2.043360e+03  1.501526e+00  1.306200e-02  1.488464e+00  1.289525e+01  2.297842e+00  1.289525e+01  9.913010e-01  1.719827e-01  2.346294e-01  1.895948e-01  1.461475e-02  6.475528e+01  2.225263e+03  3.299350e+05  1.628205e+55  1.725837e+58  2.064541e-06  -1.847546e+107  1.000000e+00  -1.000000e+00  1.000000e+00
2.043360e+03  5.407496e+02  7.598081e+03  8.009140e+01  2.043360e+03  1.500230e+00  1.565300e-02  1.484577e+00  1.291601e+01  2.402580e+00  1.291601e+01  9.895670e-01  1.715580e-01  2.338310e-01  2.036867e-01  1.468612e-02  6.588193e+01  2.701220e+03  3.289023e+05  1.963787e+55  1.723520e+58  2.503103e-06  -1.991900e+107  1.000000e+00  -1.000000e+00  1.000000e+00
2.043360e+03  5.514360e+02  7.598081e+03  9.077660e+01  2.043360e+03  1.498262e+00  1.876600e-02  1.479497e+00  1.293788e+01  2.515283e+00  1.293788e+01  9.874750e-01  1.710434e-01  2.328654e-01  2.187981e-01  1.476432e-02  6.723489e+01  3.293074e+03  3.275896e+05  2.377898e+55  1.719981e+58  2.850846e-06  -2.131460e+107  1.000000e+00  -1.000000e+00  1.000000e+00
2.043360e+03  5.635472e+02  7.598081e+03  1.028874e+02  2.043360e+03  1.495406e+00  2.250700e-02  1.472899e+00  1.296016e+01  2.636304e+00  1.296016e+01  9.849500e-01  1.704239e-01  2.317062e-01  2.348693e-01  1.484832e-02  6.885568e+01  4.007249e+03  3.259268e+05  2.872464e+55  1.714809e+58  3.146950e-06  -2.281319e+107  1.000000e+00  -1.000000e+00  1.000000e+00
2.043360e+03  5.772730e+02  7.598081e+03  1.166139e+02  2.043360e+03  1.491380e+00  2.700200e-02  1.464378e+00  1.298172e+01  2.766150e+00  1.298172e+01  9.818940e-01  1.696828e-01  2.303238e-01  2.518183e-01  1.493551e-02  7.078328e+01  4.895184e+03  3.238264e+05  3.482081e+55  1.707456e+58  3.426783e-06  -2.461184e+107  1.000000e+00  -1.000000e+00  1.000000e+00
2.043360e+03  5.928297e+02  7.598081e+03  1.321717e+02  2.043360e+03  1.485842e+00  3.240700e-02  1.453436e+00  1.300072e+01  2.905219e+00  1.300072e+01  9.781900e-01  1.688056e-01  2.286934e-01  2.695090e-01  1.502307e-02  7.306989e+01  5.983497e+03  3.211840e+05  4.221548e+55  1.697249e+58  3.660028e-06  -2.638749e+107  1.000000e+00  -1.000000e+00  1.000000e+00
2.043360e+03  6.104652e+02  7.598081e+03  1.498051e+02  2.043360e+03  1.478373e+00  3.890500e-02  1.439468e+00  1.301445e+01  3.054169e+00  1.301445e+01  9.736840e-01  1.677799e-01  2.267951e-01  2.877830e-01  1.510349e-02  7.573445e+01  7.317781e+03  3.178753e+05  5.118190e+55  1.683338e+58  3.889544e-06  -2.847631e+107  1.000000e+00  -1.000000e+00  1.000000e+00
2.043360e+03  6.304521e+02  7.598081e+03  1.697911e+02  2.043360e+03  1.468489e+00  4.672300e-02  1.421766e+00  1.301930e+01  3.213467e+00  1.301930e+01  9.681830e-01  1.665960e-01  2.246150e-01  3.064158e-01  1.516702e-02  7.879370e+01  8.976882e+03  3.137588e+05  6.222189e+55  1.664725e+58  4.106224e-06  -3.080709e+107  1.000000e+00  -1.000000e+00  1.000000e+00
2.043360e+03  6.531038e+02  7.598081e+03  1.924434e+02  2.043360e+03  1.455582e+00  5.613200e-02  1.399450e+00  1.300953e+01  3.383818e+00  1.300953e+01  9.614370e-01  1.652557e-01  2.221610e-01  3.251581e-01  1.519975e-02  8.221841e+01  1.101211e+04  3.086583e+05  7.560526e+55  1.640102e+58  4.291072e-06  -3.323962e+107  1.000000e+00  -1.000000e+00  1.000000e+00
2.043360e+03  6.787757e+02  7.598081e+03  2.181178e+02  2.043360e+03  1.439036e+00  6.746400e-02  1.371572e+00  1.297761e+01  3.565893e+00  1.297761e+01  9.531180e-01  1.637792e-01  2.194744e-01  3.437184e-01  1.517992e-02  8.587873e+01  1.350642e+04  3.023950e+05  9.180340e+55  1.608067e+58  4.508000e-06  -3.609272e+107  1.000000e+00  -1.000000e+00  1.000000e+00
2.043360e+03  7.078781e+02  7.598081e+03  2.472176e+02  2.043360e+03  1.418173e+00  8.112000e-02  1.337053e+00  1.291251e+01  3.760623e+00  1.291251e+01  9.428000e-01  1.622184e-01  2.166537e-01  3.617902e-01  1.507765e-02  8.948381e+01  1.664940e+04  2.947639e+05  1.120443e+56  1.566933e+58  4.710174e-06  -3.914818e+107  1.000000e+00  -1.000000e+00  1.000000e+00
2.043360e+03  7.408620e+02  7.598081e+03  2.801996e+02  2.043360e+03  1.392469e+00  9.758100e-02  1.294888e+00  1.280031e+01  3.968712e+00  1.280031e+01  9.299220e-01  1.606745e-01  2.138827e-01  3.790433e-01  1.485340e-02  9.246900e+01  2.045234e+04  2.855880e+05  1.361714e+56  1.515109e+58  4.889311e-06  -4.279737e+107  1.000000e+00  -1.000000e+00  1.000000e+00
2.043360e+03  7.782441e+02  7.598081e+03  3.175819e+02  2.043360e+03  1.361682e+00  1.174280e-01  1.244254e+00  1.262275e+01  4.191076e+00  1.262275e+01  9.137620e-01  1.593322e-01  2.114889e-01  3.951661e-01  1.445769e-02  9.386301e+01  2.516477e+04  2.747304e+05  1.657515e+56  1.451195e+58  5.131847e-06  -4.649657e+107  1.000000e+00  -1.000000e+00  1.000000e+00
2.043360e+03  8.206108e+02  7.598081e+03  3.599514e+02  2.043360e+03  1.326189e+00  1.413490e-01  1.184840e+00  1.235862e+01  4.428603e+00  1.235862e+01  8.934170e-01  1.584955e-01  2.100040e-01  4.098759e-01  1.383822e-02  9.223828e+01  3.099839e+04  2.621562e+05  2.019832e+56  1.374488e+58  5.383944e-06  -5.036428e+107  1.000000e+00  -1.000000e+00  1.000000e+00
2.043360e+03  8.686339e+02  7.598081e+03  4.079736e+02  2.043360e+03  1.287462e+00  1.701500e-01  1.117312e+00  1.198666e+01  4.681798e+00  1.198666e+01  8.678410e-01  1.586420e-01  2.102636e-01  4.229494e-01  1.295308e-02  8.593808e+01  3.810404e+04  2.480187e+05  2.455388e+56  1.285704e+58  5.727204e-06  -5.375839e+107  1.000000e+00  -1.000000e+00  1.000000e+00
2.043360e+03  9.230662e+02  7.598081e+03  4.624025e+02  2.043360e+03  1.248447e+00  2.047540e-01  1.043693e+00  1.149248e+01  4.951130e+00  1.149248e+01  8.359930e-01  1.604494e-01  2.134803e-01  4.342476e-01  1.180334e-02  7.399730e+01  4.683122e+04  2.327153e+05  2.984573e+56  1.187580e+58  6.390509e-06  -5.649887e+107  1.000000e+00  -1.000000e+00  1.000000e+00
2.043360e+03  9.847572e+02  7.598081e+03  5.240930e+02  2.043360e+03  1.213663e+00  2.461810e-01  9.674820e-01  1.087874e+01  5.236526e+00  1.087874e+01  7.971580e-01  1.647787e-01  2.212911e-01  4.437356e-01  1.046939e-02  5.746229e+01  5.749449e+04  2.168982e+05  3.624366e+56  1.085099e+58  8.718252e-06  -5.652326e+107  1.000000e+00  -1.000000e+00  1.000000e+00
2.043360e+03  1.054675e+03  7.598081e+03  5.940138e+02  2.043360e+03  1.188604e+00  2.955070e-01  8.930970e-01  1.017549e+01  5.537141e+00  1.017549e+01  7.513830e-01  1.725297e-01  2.356602e-01  4.515034e-01  9.149250e-03  3.990048e+01  7.044063e+04  2.013700e+05  4.392998e+56  9.847666e+57  -2.289603e-05  -5.348394e+107  -1.000000e+00  -1.000000e+00  1.000000e+00
2.043360e+03  1.133922e+03  7.598081e+03  6.732629e+02  2.043360e+03  1.178296e+00  3.537750e-01  8.245210e-01  9.438523e+00  5.851302e+00  9.438523e+00  6.997570e-01  1.843877e-01  2.586589e-01  4.577539e-01  8.174509e-03  2.556873e+01  8.580732e+04  1.868348e+05  5.292068e+56  8.925844e+57  -1.051826e-05  -4.872136e+107  -1.000000e+00  -1.000000e+00  1.000000e+00
2.043360e+03  1.223749e+03  7.598081e+03  7.630849e+02  2.043360e+03  1.185829e+00  4.218630e-01  7.639660e-01  8.734182e+00  6.175567e+00  8.734182e+00  6.442470e-01  2.005310e-01  2.921384e-01  4.628469e-01  8.008730e-03  1.646499e+01  1.042505e+05  1.736750e+05  6.361267e+56  8.120921e+57  1.890175e-06  -4.211035e+107  1.000000e+00  -1.000000e+00  1.000000e+00
2.043360e+03  1.325556e+03  7.598081e+03  8.648903e+02  2.043360e+03  1.211709e+00  5.003020e-01  7.114070e-01  8.116222e+00  6.505607e+00  8.116222e+00  5.871100e-01  2.205088e-01  3.375220e-01  4.671908e-01  9.229592e-03  1.180214e+01  1.255460e+05  1.618770e+05  7.574358e+56  7.435811e+57  2.851374e-06  -3.542842e+107  1.000000e+00  -1.000000e+00  1.000000e+00
2.043360e+03  1.440942e+03  7.598081e+03  9.802778e+02  2.043360e+03  1.254252e+00  5.890740e-01  6.651780e-01  7.612829e+00  6.835285e+00  7.612829e+00  5.303380e-01  2.433439e-01  3.957551e-01  4.712768e-01  1.243770e-02  9.717322e+00  1.502778e+05  1.511498e+05  8.966197e+56  6.849230e+57  3.091869e-06  -2.886075e+107  1.000000e+00  -1.000000e+00  1.000000e+00
2.043360e+03  1.571717e+03  7.598081e+03  1.111060e+03  2.043360e+03  1.310410e+00  6.874180e-01  6.229920e-01  7.227411e+00  7.157276e+00  7.227411e+00  4.754180e-01  2.677973e-01  4.674096e-01  4.756024e-01  1.801877e-02  8.721737e+00  1.780854e+05  1.411112e+05  1.050254e+57  6.329977e+57  3.166905e-06  -2.341863e+107  1.000000e+00  -1.000000e+00  1.000000e+00
2.043360e+03  1.719954e+03  7.598081e+03  1.259289e+03  2.043360e+03  1.376465e+00  7.937220e-01  5.827420e-01  7.463371e+00  7.463371e+00  6.939577e+00  4.233620e-01  2.724029e-01  4.821823e-01  4.822565e-01  1.778595e-02  7.905464e+00  2.085712e+05  1.314333e+05  1.214858e+57  5.848690e+57  3.155154e-06  -1.945512e+107  1.000000e+00  -1.000000e+00  1.000000e+00
2.043360e+03  1.887962e+03  7.598081e+03  1.427295e+03  2.043360e+03  1.448442e+00  9.052930e-01  5.431490e-01  7.742586e+00  7.742586e+00  6.698908e+00  3.749880e-01  2.763101e-01  4.950709e-01  4.951320e-01  1.736060e-02  7.186041e+00  2.410331e+05  1.219393e+05  1.385029e+57  5.387029e+57  3.062940e-06  -1.547855e+107  1.000000e+00  -1.000000e+00  1.000000e+00
2.043360e+03  2.078381e+03  7.598081e+03  1.617714e+03  2.043360e+03  1.522333e+00  1.018367e+00  5.039660e-01  7.986188e+00  7.986188e+00  6.463317e+00  3.310480e-01  2.815475e-01  5.128869e-01  5.129401e-01  1.704434e-02  6.422894e+00  2.750984e+05  1.126150e+05  1.558292e+57  4.940553e+57  2.920687e-06  -1.251439e+107  1.000000e+00  -1.000000e+00  1.000000e+00
2.043360e+03  2.294199e+03  7.598081e+03  1.833538e+03  2.043360e+03  1.594393e+00  1.128981e+00  4.654120e-01  8.190212e+00  8.190212e+00  6.229554e+00  2.919050e-01  2.875291e-01  5.340349e-01  5.340817e-01  1.664119e-02  5.645263e+00  3.094552e+05  1.035120e+05  1.725658e+57  4.510904e+57  2.769008e-06  -9.776365e+106  1.000000e+00  -1.000000e+00  1.000000e+00
2.043360e+03  2.538819e+03  7.598081e+03  2.078156e+03  2.043360e+03  1.661562e+00  1.233838e+00  4.277240e-01  8.354271e+00  8.354271e+00  5.997740e+00  2.574230e-01  2.937579e-01  5.570277e-01  5.570691e-01  1.610310e-02  4.907614e+00  3.432967e+05  9.468316e+04  1.882266e+57  4.099816e+57  2.585419e-06  -7.288180e+106  1.000000e+00  -1.000000e+00  1.000000e+00
2.043360e+03  2.816077e+03  7.598081e+03  2.355409e+03  2.043360e+03  1.721690e+00  1.330556e+00  3.911340e-01  8.480475e+00  8.480475e+00  5.768063e+00  2.271800e-01  2.998585e-01  5.805796e-01  5.806166e-01  1.545545e-02  4.250194e+00  3.759600e+05  8.617876e+04  2.024768e+57  3.708862e+57  2.376071e-06  -5.577964e+106  1.000000e+00  -1.000000e+00  1.000000e+00
2.043360e+03  3.130319e+03  7.598081e+03  2.669651e+03  2.043360e+03  1.773525e+00  1.417662e+00  3.558630e-01  8.572421e+00  8.572421e+00  5.540772e+00  2.006530e-01  3.055734e-01  6.036411e-01  6.036738e-01  1.474614e-02  3.689856e+00  4.069348e+05  7.804479e+04  2.151125e+57  3.339390e+57  2.185496e-06  -4.421822e+106  1.000000e+00  -1.000000e+00  1.000000e+00
2.043360e+03  3.486480e+03  7.598081e+03  3.025817e+03  2.043360e+03  1.816573e+00  1.494459e+00  3.221140e-01  8.634386e+00  8.634386e+00  5.316164e+00  1.773200e-01  3.107443e-01  6.254009e-01  6.254302e-01  1.402404e-02  3.226756e+00  4.350547e+05  7.032163e+04  2.254399e+57  2.992485e+57  1.941742e-06  -3.352947e+106  1.000000e+00  -1.000000e+00  1.000000e+00
2.043360e+03  3.890162e+03  7.598081e+03  3.429500e+03  2.043360e+03  1.850902e+00  1.560837e+00  2.900640e-01  8.670611e+00  8.670611e+00  5.094577e+00  1.567150e-01  3.152937e-01  6.452963e-01  6.453221e-01  1.332312e-02  2.850615e+00  4.615935e+05  6.304274e+04  2.345943e+57  2.668927e+57  1.674296e-06  -2.423381e+106  1.000000e+00  -1.000000e+00  1.000000e+00
2.043360e+03  4.347708e+03  7.598081e+03  3.887040e+03  2.043360e+03  1.876971e+00  1.617110e+00  2.598610e-01  8.685458e+00  8.685458e+00  4.876376e+00  1.384470e-01  3.191880e-01  6.629200e-01  6.629428e-01  1.267140e-02  2.549768e+00  4.848831e+05  5.623378e+04  2.414953e+57  2.369174e+57  1.423805e-06  -1.927076e+106  1.000000e+00  -1.000000e+00  1.000000e+00
2.043360e+03  4.866291e+03  7.598081e+03  4.405622e+03  2.043360e+03  1.895483e+00  1.663866e+00  2.316170e-01  8.682760e+00  8.682760e+00  4.661947e+00  1.221940e-01  3.224361e-01  6.780605e-01  6.780806e-01  1.208157e-02  2.311075e+00  5.056021e+05  4.991202e+04  2.467967e+57  2.093348e+57  1.104949e-06  -1.493759e+106  1.000000e+00  -1.000000e+00  1.000000e+00
2.043360e+03  5.454054e+03  7.598081e+03  4.993389e+03  2.043360e+03  1.907271e+00  1.701863e+00  2.054070e-01  8.666182e+00  8.666182e+00  4.451682e+00  1.076970e-01  3.250620e-01  6.906078e-01  6.906254e-01  1.156106e-02  2.123615e+00  5.238503e+05  4.408621e+04  2.507045e+57  1.841250e+57  7.426666e-07  -1.077134e+106  1.000000e+00  -1.000000e+00  1.000000e+00
2.043360e+03  6.120229e+03  7.598081e+03  5.659571e+03  2.043360e+03  1.913221e+00  1.731950e+00  1.812720e-01  8.638797e+00  8.638797e+00  4.245969e+00  9.474700e-02  3.271098e-01  7.005910e-01  7.006063e-01  1.111064e-02  1.977787e+00  5.396380e+05  3.875675e+04  2.533289e+57  1.612370e+57  3.169487e-07  -8.866521e+105  1.000000e+00  -1.000000e+00  1.000000e+00
2.043360e+03  6.875298e+03  7.598081e+03  6.414631e+03  2.043360e+03  1.914226e+00  1.755014e+00  1.592120e-01  8.603507e+00  8.603507e+00  4.045183e+00  8.317300e-02  3.286240e-01  7.080872e-01  7.081005e-01  1.072974e-02  1.866386e+00  5.523001e+05  3.391625e+04  2.542468e+57  1.405927e+57  -2.218017e-07  -7.075157e+105  -1.000000e+00  -1.000000e+00  1.000000e+00
2.043360e+03  7.731096e+03  7.598081e+03  7.270426e+03  2.043360e+03  1.911141e+00  1.771945e+00  1.391960e-01  8.562685e+00  8.562685e+00  3.849674e+00  7.283400e-02  3.296586e-01  7.132665e-01  7.132780e-01  1.041310e-02  1.783076e+00  5.628508e+05  2.955042e+04  2.542769e+57  1.220905e+57  -8.510708e-07  -5.063622e+105  -1.000000e+00  -1.000000e+00  1.000000e+00
2.043360e+03  8.701063e+03  7.598081e+03  8.240395e+03  2.043360e+03  1.904775e+00  1.783612e+00  1.211630e-01  8.518555e+00  8.518555e+00  3.659760e+00  6.361000e-02  3.302626e-01  7.163117e-01  7.163215e-01  1.015610e-02  1.723214e+00  5.722366e+05  2.563912e+04  2.541582e+57  1.056097e+57  -2.105938e-06  -3.471959e+105  -1.000000e+00  -1.000000e+00  1.000000e+00
2.043360e+03  9.800430e+03  7.598081e+03  9.339770e+03  2.043360e+03  1.895866e+00  1.790839e+00  1.050270e-01  8.472843e+00  8.472843e+00  3.475721e+00  5.539800e-02  3.304913e-01  7.174694e-01  7.174777e-01  9.954295e-03  1.683136e+00  5.790441e+05  2.215748e+04  2.528476e+57  9.101598e+56  -4.068919e-06  -3.065881e+105  -1.000000e+00  -1.000000e+00  1.000000e+00
2.043360e+03  1.104648e+04  7.598081e+03  1.058582e+04  2.043360e+03  1.885086e+00  1.794406e+00  9.068000e-02  8.427134e+00  8.427134e+00  3.297793e+00  4.810400e-02  3.303946e-01  7.169796e-01  7.169867e-01  9.800956e-03  1.659635e+00  5.842912e+05  1.907722e+04  2.510971e+57  7.816571e+56  -8.336942e-06  -2.180458e+105  -1.000000e+00  -1.000000e+00  1.000000e+00
2.043360e+03  1.245877e+04  7.598081e+03  1.199810e+04  2.043360e+03  1.873034e+00  1.795031e+00  7.800400e-02  8.382685e+00  8.382685e+00  3.126163e+00  4.164600e-02  3.300230e-01  7.151021e-01  7.151081e-01  9.691031e-03  1.650279e+00  5.881851e+05  1.636777e+04  2.490434e+57  6.691063e+56  -2.809442e-05  -1.591253e+105  -1.000000e+00  -1.000000e+00  1.000000e+00
2.043360e+03  1.405947e+04  7.598081e+03  1.359880e+04  2.043360e+03  1.860242e+00  1.793375e+00  6.686700e-02  8.340677e+00  8.340677e+00  2.960971e+00  3.594500e-02  3.294198e-01  7.120669e-01  7.120720e-01  9.618720e-03  1.653017e+00  5.909338e+05  1.399738e+04  2.468116e+57  5.710193e+56  3.919884e-04  -1.145714e+105  1.000000e+00  -1.000000e+00  1.000000e+00
2.043360e+03  1.587372e+04  7.598081e+03  1.541306e+04  2.043360e+03  1.847163e+00  1.790027e+00  5.713600e-02  8.301779e+00  8.301779e+00  2.802309e+00  3.093200e-02  3.286363e-01  7.081485e-01  7.081528e-01  9.581969e-03  1.666424e+00  5.926862e+05  1.193410e+04  2.444712e+57  4.859364e+56  3.488335e-05  -7.449029e+104  1.000000e+00  -1.000000e+00  1.000000e+00
2.043360e+03  1.793002e+04  7.598081e+03  1.746936e+04  2.043360e+03  1.834192e+00  1.785517e+00  4.867500e-02  8.266647e+00  8.266647e+00  2.650218e+00  2.653800e-02  3.277156e-01  7.035780e-01  7.035815e-01  9.567401e-03  1.687397e+00  5.936315e+05  1.014658e+04  2.421162e+57  4.124539e+56  1.326151e-05  -5.196396e+104  1.000000e+00  -1.000000e+00  1.000000e+00
2.043360e+03  2.025605e+04  7.598081e+03  1.979538e+04  2.043360e+03  1.821681e+00  1.780315e+00  4.136600e-02  8.235775e+00  8.235775e+00  2.504962e+00  2.270800e-02  3.267003e-01  6.985805e-01  6.985834e-01  9.575692e-03  1.715264e+00  5.939352e+05  8.607344e+03  2.398235e+57  3.493541e+56  1.012600e-05  -3.846737e+104  1.000000e+00  -1.000000e+00  1.000000e+00
2.807216e+03  1.030404e+02  1.014231e+04  1.000000e+00  2.807216e+03  1.430015e+00  3.500000e-05  1.429981e+00  1.251082e+01  7.046420e-01  1.251082e+01  9.999760e-01  1.688249e-01  2.287292e-01  2.735142e-02  1.394070e-02  6.777099e+01  5.187188e+00  3.205430e+05  4.361921e+52  1.614864e+58  -2.490127e-05  -5.763392e+104  -1.000000e+00  -1.000000e+00  0.000000e+00
2.807216e+03  1.076573e+02  1.014231e+04  1.133400e+00  2.807216e+03  1.430028e+00  4.100000e-05  1.429987e+00  1.251101e+01  7.221920e-01  1.251101e+01  9.999710e-01  1.688239e-01  2.287273e-01  2.870356e-02  1.394076e-02  6.776729e+01  6.123840e+00  3.205415e+05  5.136530e+52  1.614885e+58  -3.811263e-05  -5.715867e+104  -1.000000e+00  -1.000000e+00  0.000000e+00
2.807216e+03  1.131115e+02  1.014231e+04  1.284600e+00  2.807216e+03  1.430046e+00  4.800000e-05  1.429998e+00  1.251109e+01  7.406660e-01  1.251109e+01  9.999660e-01  1.688249e-01  2.287291e-01  3.015979e-02  1.394096e-02  6.776901e+01  7.222154e+00  3.205423e+05  6.034964e+52  1.614909e+58  8.520279e-06  -5.826982e+104  1.000000e+00  -1.000000e+00  0.000000e+00
2.807216e+03  1.191072e+02  1.014231e+04  1.456000e+00  2.807216e+03  1.430089e+00  5.700000e-05  1.430032e+00  1.251136e+01  7.601380e-01  1.251136e+01  9.999600e-01  1.688263e-01  2.287318e-01  3.173079e-02  1.394117e-02  6.776411e+01  8.515164e+00  3.205501e+05  7.084934e+52  1.614984e+58  -2.427598e-04  -6.583708e+104  -1.000000e+00  -1.000000e+00  0.000000e+00
2.807216e+03  1.250167e+02  1.014231e+04  1.650300e+00  2.807216e+03  1.430104e+00  6.700000e-05  1.430037e+00  1.251135e+01  7.805600e-01  1.251135e+01  9.999530e-01  1.688283e-01  2.287355e-01  3.341802e-02  1.394202e-02  6.777198e+01  1.003817e+01  3.205485e+05  8.314514e+52  1.614996e+58  -2.435992e-04  -7.323132e+104  -1.000000e+00  -1.000000e+00  0.000000e+00
2.807216e+03  1.316026e+02  1.014231e+04  1.870400e+00  2.807216e+03  1.430145e+00  7.900000e-05  1.430067e+00  1.251180e+01  8.019450e-01  1.251180e+01  9.999450e-01  1.688271e-01  2.287332e-01  3.522798e-02  1.394214e-02  6.776656e+01  1.183346e+01  3.205528e+05  9.756713e+52  1.615071e+58  6.307476e-06  -8.355497e+104  1.000000e+00  -1.000000e+00  0.000000e+00
2.807216e+03  1.379494e+02  1.014231e+04  2.120000e+00  2.807216e+03  1.430192e+00  9.200000e-05  1.430100e+00  1.251203e+01  8.245980e-01  1.251203e+01  9.999350e-01  1.688295e-01  2.287377e-01  3.719253e-02  1.394332e-02  6.777280e+01  1.395162e+01  3.205588e+05  1.145085e+53  1.615145e+58  8.267409e-06  -7.749068e+104  1.000000e+00  -1.000000e+00  0.000000e+00
2.807216e+03  1.527256e+02  1.014231e+04  2.402800e+00  2.807216e+03  1.430232e+00  1.080000e-04  1.430123e+00  1.251241e+01  8.471720e-01  1.251241e+01  9.999240e-01  1.688290e-01  2.287367e-01  3.919866e-02  1.394411e-02  6.777295e+01  1.635929e+01  3.205605e+05  1.336874e+53  1.615210e+58  8.744349e-06  -1.304442e+105  1.000000e+00  -1.000000e+00  0.000000e+00
2.807216e+03  1.576382e+02  1.014231e+04  2.723400e+00  2.807216e+03  1.430281e+00  1.270000e-04  1.430154e+00  1.251267e+01  8.710590e-01  1.251267e+01  9.999110e-01  1.688313e-01  2.287411e-01  4.137327e-02  1.394491e-02  6.777450e+01  1.922381e+01  3.205642e+05  1.564213e+53  1.615282e+58  6.958129e-06  -1.710624e+105  1.000000e+00  -1.000000e+00  0.000000e+00
2.807216e+03  1.627167e+02  1.014231e+04  3.086700e+00  2.807216e+03  1.430343e+00  1.490000e-04  1.430194e+00  1.251315e+01  8.965590e-01  1.251315e+01  9.998960e-01  1.688321e-01  2.287426e-01  4.375283e-02  1.394590e-02  6.777726e+01  2.265829e+01  3.205711e+05  1.835881e+53  1.615387e+58  1.357207e-05  -1.975903e+105  1.000000e+00  -1.000000e+00  0.000000e+00
2.807216e+03  1.679681e+02  1.014231e+04  3.498500e+00  2.807216e+03  1.430397e+00  1.760000e-04  1.430221e+00  1.251367e+01  9.237840e-01  1.251367e+01  9.998770e-01  1.688315e-01  2.287414e-01  4.635843e-02  1.394701e-02  6.778193e+01  2.676828e+01  3.205703e+05  2.159963e+53  1.615469e+58  1.399813e-05  -2.277714e+105  1.000000e+00  -1.000000e+00  0.000000e+00
2.807216e+03  1.734000e+02  1.014231e+04  3.965200e+00  2.807216e+03  1.430478e+00  2.080000e-04  1.430270e+00  1.251429e+01  9.527610e-01  1.251429e+01  9.998550e-01  1.688328e-01  2.287437e-01  4.920411e-02  1.394864e-02  6.778745e+01  3.167990e+01  3.205780e+05  2.546062e+53  1.615602e+58  7.314721e-06  -2.622203e+105  1.000000e+00  -1.000000e+00  0.000000e+00
2.807216e+03  1.790190e+02  1.014231e+04  4.494300e+00  2.807216e+03  1.430559e+00  2.460000e-04  1.430313e+00  1.251495e+01  9.836160e-01  1.251495e+01  9.998280e-01  1.688334e-01  2.287449e-01  5.231481e-02  1.395055e-02  6.779872e+01  3.755071e+01  3.205823e+05  3.006157e+53  1.615733e+58  9.488481e-06  -3.020170e+105  1.000000e+00  -1.000000e+00  0.000000e+00
2.807216e+03  1.848335e+02  1.014231e+04  5.093900e+00  2.807216e+03  1.430640e+00  2.910000e-04  1.430349e+00  1.251580e+01  1.016498e+00  1.251580e+01  9.997960e-01  1.688315e-01  2.287414e-01  5.571898e-02  1.395255e-02  6.780946e+01  4.456406e+01  3.205829e+05  3.554076e+53  1.615862e+58  1.092321e-05  -3.476792e+105  1.000000e+00  -1.000000e+00  0.000000e+00
2.807216e+03  1.908524e+02  1.014231e+04  5.773400e+00  2.807216e+03  1.430734e+00  3.450000e-04  1.430390e+00  1.251677e+01  1.051463e+00  1.251677e+01  9.997590e-01  1.688296e-01  2.287378e-01  5.943744e-02  1.395494e-02  6.782501e+01  5.294495e+01  3.205829e+05  4.206794e+53  1.616014e+58  1.006112e-05  -3.998209e+105  1.000000e+00  -1.000000e+00  0.000000e+00
2.807216e+03  1.970844e+02  1.014231e+04  6.543700e+00  2.807216e+03  1.430851e+00  4.090000e-04  1.430443e+00  1.251789e+01  1.088743e+00  1.251789e+01  9.997140e-01  1.688282e-01  2.287353e-01  6.351054e-02  1.395810e-02  6.784358e+01  6.296053e+01  3.205877e+05  4.984277e+53  1.616203e+58  9.083636e-06  -4.597604e+105  1.000000e+00  -1.000000e+00  0.000000e+00
2.807216e+03  2.035396e+02  1.014231e+04  7.416700e+00  2.807216e+03  1.430974e+00  4.850000e-04  1.430490e+00  1.251925e+01  1.128158e+00  1.251925e+01  9.996610e-01  1.688244e-01  2.287282e-01  6.793549e-02  1.396153e-02  6.786809e+01  7.493567e+01  3.205879e+05  5.910702e+53  1.616406e+58  1.150843e-05  -5.288882e+105  1.000000e+00  -1.000000e+00  0.000000e+00
2.807216e+03  2.102287e+02  1.014231e+04  8.406200e+00  2.807216e+03  1.431101e+00  5.750000e-04  1.430526e+00  1.252077e+01  1.170075e+00  1.252077e+01  9.995980e-01  1.688189e-01  2.287181e-01  7.276957e-02  1.396551e-02  6.789631e+01  8.926035e+01  3.205836e+05  7.015000e+53  1.616611e+58  1.209674e-05  -6.082344e+105  1.000000e+00  -1.000000e+00  0.000000e+00
2.807216e+03  2.171631e+02  1.014231e+04  9.527700e+00  2.807216e+03  1.431251e+00  6.830000e-04  1.430568e+00  1.252258e+01  1.214482e+00  1.252258e+01  9.995230e-01  1.688121e-01  2.287054e-01  7.802958e-02  1.397043e-02  6.793632e+01  1.063975e+02  3.205797e+05  8.331143e+53  1.616857e+58  1.031312e-05  -6.338826e+105  1.000000e+00  -1.000000e+00  0.000000e+00
2.807216e+03  4.714565e+02  1.014231e+04  1.079880e+01  2.807216e+03  1.431418e+00  7.720000e-04  1.430646e+00  1.252407e+01  1.245015e+00  1.252407e+01  9.994610e-01  1.688117e-01  2.287046e-01  8.171896e-02  1.397424e-02  6.795708e+01  1.206828e+02  3.205842e+05  9.423381e+53  1.617120e+58  8.747957e-06  -2.529391e+106  1.000000e+00  -1.000000e+00  1.000000e+00
2.807216e+03  4.728972e+02  1.014231e+04  1.223950e+01  2.807216e+03  1.431609e+00  8.610000e-04  1.430749e+00  1.252566e+01  1.267724e+00  1.252566e+01  9.993990e-01  1.688129e-01  2.287068e-01  8.451266e-02  1.397833e-02  6.797364e+01  1.348028e+02  3.205924e+05  1.049679e+54  1.617421e+58  8.360690e-06  -2.674069e+106  1.000000e+00  -1.000000e+00  1.000000e+00
2.807216e+03  4.745300e+02  1.014231e+04  1.387240e+01  2.807216e+03  1.431842e+00  9.740000e-04  1.430868e+00  1.252778e+01  1.293111e+00  1.252778e+01  9.993200e-01  1.688118e-01  2.287048e-01  8.768933e-02  1.398334e-02  6.799808e+01  1.526392e+02  3.206034e+05  1.184815e+54  1.617799e+58  8.659533e-06  -2.966861e+106  1.000000e+00  -1.000000e+00  1.000000e+00
2.807216e+03  4.763807e+02  1.014231e+04  1.572320e+01  2.807216e+03  1.432093e+00  1.115000e-03  1.430978e+00  1.253020e+01  1.321499e+00  1.253020e+01  9.992220e-01  1.688088e-01  2.286992e-01  9.130111e-02  1.399002e-02  6.803702e+01  1.751182e+02  3.206081e+05  1.354555e+54  1.618201e+58  9.845537e-06  -3.249469e+106  1.000000e+00  -1.000000e+00  1.000000e+00
2.807216e+03  4.784787e+02  1.014231e+04  1.782080e+01  2.807216e+03  1.432367e+00  1.288000e-03  1.431079e+00  1.253314e+01  1.353072e+00  1.253314e+01  9.991010e-01  1.688014e-01  2.286856e-01  9.538697e-02  1.399775e-02  6.808865e+01  2.027098e+02  3.206067e+05  1.562232e+54  1.618642e+58  1.079205e-05  -3.517075e+106  1.000000e+00  -1.000000e+00  1.000000e+00
2.807216e+03  4.808563e+02  1.014231e+04  2.019840e+01  2.807216e+03  1.432672e+00  1.499000e-03  1.431173e+00  1.253670e+01  1.387939e+00  1.253670e+01  9.989540e-01  1.687895e-01  2.286634e-01  9.997853e-02  1.400721e-02  6.816044e+01  2.367428e+02  3.206001e+05  1.817508e+54  1.619139e+58  1.200408e-05  -3.800885e+106  1.000000e+00  -1.000000e+00  1.000000e+00
2.807216e+03  4.835509e+02  1.014231e+04  2.289310e+01  2.807216e+03  1.433002e+00  1.757000e-03  1.431245e+00  1.254079e+01  1.426876e+00  1.254079e+01  9.987740e-01  1.687732e-01  2.286332e-01  1.051936e-01  1.401843e-02  6.824878e+01  2.784068e+02  3.205841e+05  2.128891e+54  1.619670e+58  1.422091e-05  -4.073954e+106  1.000000e+00  -1.000000e+00  1.000000e+00
2.807216e+03  4.866048e+02  1.014231e+04  2.594730e+01  2.807216e+03  1.433359e+00  2.069000e-03  1.431290e+00  1.254586e+01  1.469547e+00  1.254586e+01  9.985560e-01  1.687470e-01  2.285847e-01  1.110123e-01  1.403209e-02  6.836613e+01  3.290004e+02  3.205566e+05  2.505502e+54  1.620262e+58  2.036936e-05  -4.367010e+106  1.000000e+00  -1.000000e+00  1.000000e+00
2.807216e+03  4.900671e+02  1.014231e+04  2.940900e+01  2.807216e+03  1.433727e+00  2.448000e-03  1.431279e+00  1.255165e+01  1.516460e+00  1.255165e+01  9.982930e-01  1.687126e-01  2.285209e-01  1.175224e-01  1.404820e-02  6.851585e+01  3.911016e+02  3.205101e+05  2.965814e+54  1.620866e+58  3.898601e-05  -4.707472e+106  1.000000e+00  -1.000000e+00  1.000000e+00
2.807216e+03  4.939909e+02  1.014231e+04  3.333260e+01  2.807216e+03  1.434108e+00  2.906000e-03  1.431202e+00  1.255842e+01  1.567736e+00  1.255842e+01  9.979740e-01  1.686663e-01  2.284351e-01  1.247621e-01  1.406768e-02  6.870728e+01  4.672535e+02  3.204421e+05  3.527721e+54  1.621493e+58  -4.069518e-04  -5.027158e+106  -1.000000e+00  -1.000000e+00  1.000000e+00
2.807216e+03  4.984378e+02  1.014231e+04  3.777960e+01  2.807216e+03  1.434490e+00  3.458000e-03  1.431032e+00  1.256645e+01  1.624026e+00  1.256645e+01  9.975890e-01  1.686036e-01  2.283187e-01  1.328387e-01  1.409038e-02  6.894579e+01  5.591638e+02  3.203440e+05  4.202365e+54  1.622131e+58  -5.222223e-05  -5.401154e+106  -1.000000e+00  -1.000000e+00  1.000000e+00
2.807216e+03  5.034775e+02  1.014231e+04  4.281980e+01  2.807216e+03  1.434853e+00  4.125000e-03  1.430727e+00  1.257567e+01  1.685348e+00  1.257567e+01  9.971250e-01  1.685225e-01  2.281685e-01  1.417738e-01  1.411755e-02  6.924486e+01  6.734158e+02  3.202073e+05  5.036796e+54  1.622735e+58  -1.308621e-05  -5.801838e+106  -1.000000e+00  -1.000000e+00  1.000000e+00
2.807216e+03  5.091908e+02  1.014231e+04  4.853260e+01  2.807216e+03  1.435164e+00  4.929000e-03  1.430235e+00  1.258624e+01  1.751990e+00  1.258624e+01  9.965650e-01  1.684174e-01  2.279739e-01  1.516188e-01  1.414852e-02  6.961233e+01  8.112238e+02  3.200163e+05  6.036997e+54  1.623252e+58  -4.769412e-06  -6.169729e+106  -1.000000e+00  -1.000000e+00  1.000000e+00
2.807216e+03  5.156662e+02  1.014231e+04  5.500740e+01  2.807216e+03  1.435417e+00  5.897000e-03  1.429519e+00  1.259853e+01  1.824299e+00  1.259853e+01  9.958920e-01  1.682829e-01  2.277248e-01  1.624255e-01  1.418534e-02  7.007335e+01  9.797411e+02  3.197667e+05  7.252167e+54  1.623684e+58  -2.294531e-06  -6.608871e+106  -1.000000e+00  -1.000000e+00  1.000000e+00
2.807216e+03  5.230050e+02  1.014231e+04  6.234610e+01  2.807216e+03  1.435543e+00  7.063000e-03  1.428480e+00  1.261241e+01  1.902712e+00  1.261241e+01  9.950800e-01  1.681124e-01  2.274095e-01  1.742457e-01  1.422773e-02  7.063845e+01  1.186126e+03  3.194301e+05  8.730245e+54  1.623896e+58  -4.638611e-07  -7.082790e+106  -1.000000e+00  -1.000000e+00  1.000000e+00
2.807216e+03  5.313221e+02  1.014231e+04  7.066390e+01  2.807216e+03  1.435489e+00  8.467000e-03  1.427021e+00  1.262790e+01  1.987421e+00  1.262790e+01  9.941020e-01  1.678998e-01  2.270166e-01  1.870821e-01  1.427655e-02  7.133167e+01  1.438731e+03  3.189852e+05  1.052577e+55  1.623798e+58  6.500647e-07  -7.648393e+106  1.000000e+00  -1.000000e+00  1.000000e+00
2.807216e+03  5.407496e+02  1.014231e+04  8.009140e+01  2.807216e+03  1.435183e+00  1.015700e-02  1.425026e+00  1.264524e+01  2.078795e+00  1.264524e+01  9.929230e-01  1.676339e-01  2.265257e-01  2.009400e-01  1.433215e-02  7.218115e+01  1.753280e+03  3.184063e+05  1.274572e+55  1.623269e+58  1.421393e-06  -8.198219e+106  1.000000e+00  -1.000000e+00  1.000000e+00
2.807216e+03  5.514360e+02  1.014231e+04  9.077660e+01  2.807216e+03  1.434509e+00  1.219100e-02  1.422318e+00  1.266435e+01  2.177201e+00  1.266435e+01  9.915010e-01  1.673023e-01  2.259142e-01  2.157971e-01  1.439471e-02  7.321294e+01  2.133347e+03  3.176515e+05  1.540249e+55  1.622100e+58  2.014710e-06  -8.714902e+106  1.000000e+00  -1.000000e+00  1.000000e+00
2.807216e+03  5.635472e+02  1.014231e+04  1.028874e+02  2.807216e+03  1.433327e+00  1.464100e-02  1.418687e+00  1.268460e+01  2.283001e+00  1.268460e+01  9.897850e-01  1.668977e-01  2.251694e-01  2.315978e-01  1.446424e-02  7.446664e+01  2.599088e+03  3.166739e+05  1.862783e+55  1.620021e+58  2.499923e-06  -9.406067e+106  1.000000e+00  -1.000000e+00  1.000000e+00
2.807216e+03  5.772730e+02  1.014231e+04  1.166139e+02  2.807216e+03  1.431459e+00  1.759100e-02  1.413867e+00  1.270584e+01  2.396646e+00  1.270584e+01  9.877110e-01  1.664014e-01  2.242578e-01  2.482588e-01  1.454024e-02  7.598219e+01  3.179026e+03  3.154153e+05  2.260932e+55  1.616717e+58  2.901481e-06  -1.016662e+107  1.000000e+00  -1.000000e+00  1.000000e+00
2.807216e+03  5.928297e+02  1.014231e+04  1.321717e+02  2.807216e+03  1.428691e+00  2.114700e-02  1.407544e+00  1.272719e+01  2.518601e+00  1.272719e+01  9.851980e-01  1.658012e-01  2.231579e-01  2.656541e-01  1.462071e-02  7.779388e+01  3.891889e+03  3.138086e+05  2.745319e+55  1.611786e+58  3.220394e-06  -1.092144e+107  1.000000e+00  -1.000000e+00  1.000000e+00
2.807216e+03  6.104652e+02  1.014231e+04  1.498051e+02  2.807216e+03  1.424693e+00  2.543500e-02  1.399258e+00  1.274702e+01  2.649391e+00  1.274702e+01  9.821470e-01  1.650800e-01  2.218403e-01  2.836170e-01  1.470364e-02  7.995855e+01  4.767614e+03  3.117518e+05  3.333835e+55  1.604590e+58  3.513193e-06  -1.182613e+107  1.000000e+00  -1.000000e+00  1.000000e+00
2.807216e+03  6.304521e+02  1.014231e+04  1.697911e+02  2.807216e+03  1.419131e+00  3.061200e-02  1.388519e+00  1.276348e+01  2.789612e+00  1.276348e+01  9.784290e-01  1.642233e-01  2.202806e-01  3.019382e-01  1.478325e-02  8.250816e+01  5.860210e+03  3.091465e+05  4.060986e+55  1.594481e+58  3.777279e-06  -1.284358e+107  1.000000e+00  -1.000000e+00  1.000000e+00
2.807216e+03  6.531038e+02  1.014231e+04  1.924434e+02  2.807216e+03  1.411555e+00  3.686800e-02  1.374687e+00  1.277336e+01  2.939956e+00  1.277336e+01  9.738810e-01  1.632203e-01  2.184621e-01  3.203687e-01  1.485257e-02  8.547342e+01  7.205687e+03  3.058612e+05  4.945923e+55  1.580562e+58  4.013354e-06  -1.397234e+107  1.000000e+00  -1.000000e+00  1.000000e+00
2.807216e+03  6.787757e+02  1.014231e+04  2.181178e+02  2.807216e+03  1.401411e+00  4.443700e-02  1.356974e+00  1.277197e+01  3.101194e+00  1.277197e+01  9.682910e-01  1.620650e-01  2.163776e-01  3.386222e-01  1.489952e-02  8.884332e+01  8.886058e+03  3.017362e+05  6.039936e+55  1.561689e+58  4.235764e-06  -1.521999e+107  1.000000e+00  -1.000000e+00  1.000000e+00
2.807216e+03  7.078781e+02  1.014231e+04  2.472176e+02  2.807216e+03  1.388087e+00  5.360800e-02  1.334479e+00  1.275294e+01  3.274195e+00  1.275294e+01  9.613800e-01  1.607638e-01  2.140425e-01  3.563856e-01  1.490615e-02  9.253809e+01  1.095838e+04  2.965968e+05  7.372644e+55  1.536556e+58  4.424459e-06  -1.668376e+107  1.000000e+00  -1.000000e+00  1.000000e+00
2.807216e+03  7.408620e+02  1.014231e+04  2.801996e+02  2.807216e+03  1.370897e+00  6.473500e-02  1.306162e+00  1.270676e+01  3.459956e+00  1.270676e+01  9.527790e-01  1.593498e-01  2.115202e-01  3.733332e-01  1.484790e-02  9.634344e+01  1.351198e+04  2.902435e+05  8.993957e+55  1.503580e+58  4.622884e-06  -1.833170e+107  1.000000e+00  -1.000000e+00  1.000000e+00
2.807216e+03  7.782441e+02  1.014231e+04  3.175819e+02  2.807216e+03  1.349201e+00  7.825300e-02  1.270949e+00  1.262127e+01  3.659553e+00  1.262127e+01  9.420010e-01  1.578902e-01  2.089331e-01  3.891422e-01  1.468850e-02  9.979486e+01  1.669854e+04  2.824814e+05  1.099617e+56  1.461129e+58  4.843933e-06  -2.027884e+107  1.000000e+00  -1.000000e+00  1.000000e+00
2.807216e+03  8.206108e+02  1.014231e+04  3.599514e+02  2.807216e+03  1.322471e+00  9.469300e-02  1.227778e+00  1.247920e+01  3.874071e+00  1.247920e+01  9.283970e-01  1.565240e-01  2.065263e-01  4.035150e-01  1.438253e-02  1.020570e+02  2.067642e+04  2.731189e+05  1.347044e+56  1.407468e+58  5.054404e-06  -2.256104e+107  1.000000e+00  -1.000000e+00  1.000000e+00
2.807216e+03  8.686339e+02  1.014231e+04  4.079736e+02  2.807216e+03  1.290689e+00  1.147030e-01  1.175985e+00  1.226018e+01  4.104766e+00  1.226018e+01  9.111300e-01  1.554913e-01  2.047166e-01  4.162047e-01  1.387560e-02  1.017728e+02  2.557671e+04  2.620564e+05  1.648086e+56  1.341449e+58  5.287214e-06  -2.492698e+107  1.000000e+00  -1.000000e+00  1.000000e+00
2.807216e+03  9.230662e+02  1.014231e+04  4.624025e+02  2.807216e+03  1.254642e+00  1.390600e-01  1.115581e+00  1.194122e+01  4.352630e+00  1.194122e+01  8.891630e-01  1.551860e-01  2.041831e-01  4.270375e-01  1.311508e-02  9.714373e+01  3.166914e+04  2.493217e+05  2.018646e+56  1.262838e+58  5.609033e-06  -2.734231e+107  1.000000e+00  -1.000000e+00  1.000000e+00
2.807216e+03  9.847572e+02  1.014231e+04  5.240930e+02  2.807216e+03  1.216474e+00  1.686810e-01  1.047794e+00  1.150228e+01  4.618593e+00  1.150228e+01  8.613360e-01  1.562070e-01  2.059700e-01  4.359349e-01  1.207403e-02  8.654985e+01  3.922904e+04  2.351696e+05  2.474226e+56  1.173195e+58  6.119071e-06  -2.950097e+107  1.000000e+00  -1.000000e+00  1.000000e+00
2.807216e+03  1.054675e+03  1.014231e+04  5.940138e+02  2.807216e+03  1.180032e+00  2.046170e-01  9.754150e-01  1.093586e+01  4.903103e+00  1.093586e+01  8.266010e-01  1.593758e-01  2.115665e-01  4.429329e-01  1.078675e-02  6.993452e+01  4.857493e+04  2.201327e+05  3.032406e+56  1.076426e+58  7.181892e-06  -3.103741e+107  1.000000e+00  -1.000000e+00  1.000000e+00
2.807216e+03  1.133922e+03  1.014231e+04  6.732629e+02  2.807216e+03  1.150640e+00  2.480290e-01  9.026110e-01  1.025921e+01  5.205874e+00  1.025921e+01  7.844430e-01  1.656560e-01  2.228924e-01  4.481955e-01  9.396363e-03  5.021512e+01  5.991784e+04  2.049745e+05  3.701624e+56  9.785686e+57  2.176670e-05  -3.087933e+107  1.000000e+00  -1.000000e+00  1.000000e+00
2.807216e+03  1.223749e+03  1.014231e+04  7.630849e+02  2.807216e+03  1.133972e+00  3.001160e-01  8.338560e-01  9.520083e+00  5.525600e+00  9.520083e+00  7.353410e-01  1.759314e-01  2.421285e-01  4.520121e-01  8.182352e-03  3.236557e+01  7.371095e+04  1.904954e+05  4.507401e+56  8.862766e+57  3.052812e-05  -2.932995e+107  1.000000e+00  -1.000000e+00  1.000000e+00
2.807216e+03  1.325556e+03  1.014231e+04  8.648903e+02  2.807216e+03  1.134355e+00  3.619930e-01  7.723620e-01  8.787147e+00  5.859629e+00  8.787147e+00  6.808820e-01  1.906702e-01  2.713763e-01  4.547805e-01  7.574765e-03  2.003835e+01  9.029688e+04  1.772572e+05  5.466086e+56  8.044996e+57  8.181866e-07  -2.615499e+107  1.000000e+00  -1.000000e+00  1.000000e+00
2.807216e+03  1.440942e+03  1.014231e+04  9.802778e+02  2.807216e+03  1.153557e+00  4.345070e-01  7.190500e-01  8.125390e+00  6.203518e+00  8.125390e+00  6.233330e-01  2.096895e-01  3.123619e-01  4.569920e-01  8.163378e-03  1.342448e+01  1.099499e+05  1.654113e+05  6.588476e+56  7.348986e+57  2.659895e-06  -2.244961e+107  1.000000e+00  -1.000000e+00  1.000000e+00
2.807216e+03  1.571717e+03  1.014231e+04  1.111060e+03  2.807216e+03  1.190774e+00  5.180030e-01  6.727720e-01  7.575969e+00  6.550932e+00  7.575969e+00  5.649870e-01  2.321523e-01  3.662841e-01  4.591928e-01  1.065900e-02  1.053785e+01  1.330984e+05  1.547506e+05  7.897106e+56  6.761069e+57  3.095062e-06  -1.880714e+107  1.000000e+00  -1.000000e+00  1.000000e+00
2.807216e+03  1.719954e+03  1.014231e+04  1.259289e+03  2.807216e+03  1.243388e+00  6.120810e-01  6.313060e-01  7.151100e+00  6.894036e+00  7.151100e+00  5.077310e-01  2.568121e-01  4.338839e-01  4.619144e-01  1.570618e-02  9.373509e+00  1.591716e+05  1.448954e+05  9.340839e+56  6.251300e+57  3.238566e-06  -1.565333e+107  1.000000e+00  -1.000000e+00  1.000000e+00
2.807216e+03  1.887962e+03  1.014231e+04  1.427295e+03  2.807216e+03  1.307787e+00  7.154350e-01  5.923530e-01  7.224018e+00  7.224018e+00  6.838689e+00  4.529430e-01  2.673868e-01  4.661143e-01  4.662192e-01  1.763975e-02  8.604018e+00  1.885196e+05  1.354747e+05  1.093998e+57  5.787736e+57  3.222054e-06  -1.277658e+107  1.000000e+00  -1.000000e+00  1.000000e+00
2.807216e+03  2.078381e+03  1.014231e+04  1.617714e+03  2.807216e+03  1.379908e+00  8.256410e-01  5.542670e-01  7.529326e+00  7.529326e+00  6.590831e+00  4.016690e-01  2.706921e-01  4.766429e-01  4.767258e-01  1.729124e-02  7.931561e+00  2.202063e+05  1.262472e+05  1.262114e+57  5.347083e+57  3.149692e-06  -1.045806e+107  1.000000e+00  -1.000000e+00  1.000000e+00
2.807216e+03  2.294199e+03  1.014231e+04  1.833538e+03  2.807216e+03  1.455518e+00  9.390150e-01  5.165030e-01  7.798947e+00  7.798947e+00  6.355379e+00  3.548580e-01  2.756532e-01  4.928807e-01  4.929517e-01  1.712900e-02  7.175053e+00  2.538305e+05  1.171514e+05  1.435595e+57  4.920912e+57  3.024037e-06  -8.308978e+106  1.000000e+00  -1.000000e+00  1.000000e+00
2.807216e+03  2.538819e+03  1.014231e+04  2.078156e+03  2.807216e+03  1.530521e+00  1.051322e+00  4.791990e-01  8.027244e+00  8.027244e+00  6.122958e+00  3.130950e-01  2.816141e-01  5.131175e-01  5.131793e-01  1.687385e-02  6.351129e+00  2.880630e+05  1.082263e+05  1.605097e+57  4.509903e+57  2.884301e-06  -6.471814e+106  1.000000e+00  -1.000000e+00  1.000000e+00
2.807216e+03  2.816077e+03  1.014231e+04  2.355409e+03  2.807216e+03  1.601429e+00  1.158870e+00  4.425600e-01  8.212967e+00  8.212967e+00  5.893519e+00  2.763530e-01  2.879979e-01  5.357302e-01  5.357848e-01  1.644898e-02  5.534787e+00  3.220487e+05  9.951990e+04  1.765380e+57  4.115472e+57  2.708883e-06  -4.954863e+106  1.000000e+00  -1.000000e+00  1.000000e+00
2.807216e+03  3.130319e+03  1.014231e+04  2.669651e+03  2.807216e+03  1.665709e+00  1.258917e+00  4.067920e-01  8.358035e+00  8.358035e+00  5.667092e+00  2.442160e-01  2.943585e-01  5.592997e-01  5.593479e-01  1.587503e-02  4.788954e+00  3.550664e+05  9.107947e+04  1.912572e+57  3.738957e+57  2.506380e-06  -3.758216e+106  1.000000e+00  -1.000000e+00  1.000000e+00
2.807216e+03  3.486480e+03  1.014231e+04  3.025817e+03  2.807216e+03  1.721814e+00  1.349712e+00  3.721020e-01  8.466145e+00  8.466145e+00  5.443772e+00  2.161100e-01  3.003877e-01  5.826736e-01  5.827164e-01  1.519941e-02  4.143093e+00  3.865454e+05  8.295029e+04  2.044065e+57  3.381568e+57  2.282726e-06  -2.665640e+106  1.000000e+00  -1.000000e+00  1.000000e+00
2.807216e+03  3.890162e+03  1.014231e+04  3.429500e+03  2.807216e+03  1.769051e+00  1.430368e+00  3.386830e-01  8.541869e+00  8.541869e+00  5.223709e+00  1.914490e-01  3.058927e-01  6.049597e-01  6.049974e-01  1.448636e-02  3.605971e+00  4.160817e+05  7.517411e+04  2.158721e+57  3.044337e+57  2.041473e-06  -1.993453e+106  1.000000e+00  -1.000000e+00  1.000000e+00
2.807216e+03  4.347708e+03  1.014231e+04  3.887040e+03  2.807216e+03  1.807377e+00  1.500660e+00  3.067160e-01  8.589957e+00  8.589957e+00  5.007098e+00  1.697030e-01  3.107702e-01  6.255120e-01  6.255454e-01  1.377991e-02  3.169265e+00  4.433980e+05  6.778780e+04  2.256276e+57  2.728080e+57  1.823658e-06  -1.477586e+106  1.000000e+00  -1.000000e+00  1.000000e+00
2.807216e+03  4.866291e+03  1.014231e+04  4.405622e+03  2.807216e+03  1.837192e+00  1.560832e+00  2.763600e-01  8.614907e+00  8.614907e+00  4.794173e+00  1.504250e-01  3.149820e-01  6.439097e-01  6.439393e-01  1.310959e-02  2.818833e+00  4.675173e+05  6.082218e+04  2.331131e+57  2.433365e+57  1.587484e-06  -1.147031e+106  1.000000e+00  -1.000000e+00  1.000000e+00
2.807216e+03  5.454054e+03  1.014231e+04  4.993389e+03  2.807216e+03  1.859183e+00  1.611437e+00  2.477460e-01  8.621101e+00  8.621101e+00  4.585195e+00  1.332550e-01  3.185232e-01  6.598714e-01  6.598974e-01  1.249864e-02  2.541360e+00  4.891554e+05  5.430111e+04  2.390181e+57  2.160492e+57  1.288971e-06  -8.730846e+105  1.000000e+00  -1.000000e+00  1.000000e+00
2.807216e+03  6.120229e+03  1.014231e+04  5.659571e+03  2.807216e+03  1.874185e+00  1.653208e+00  2.209770e-01  8.612270e+00  8.612270e+00  4.380445e+00  1.179050e-01  3.214226e-01  6.732921e-01  6.733149e-01  1.195398e-02  2.322946e+00  5.083130e+05  4.824094e+04  2.434790e+57  1.909488e+57  9.584510e-07  -6.652831e+105  1.000000e+00  -1.000000e+00  1.000000e+00
2.807216e+03  6.875298e+03  1.014231e+04  6.414631e+03  2.807216e+03  1.883102e+00  1.686982e+00  1.961200e-01  8.591807e+00  8.591807e+00  4.180212e+00  1.041470e-01  3.237210e-01  6.841655e-01  6.841853e-01  1.147922e-02  2.152616e+00  5.250610e+05  4.265023e+04  2.466605e+57  1.680101e+57  5.953749e-07  -5.021888e+105  1.000000e+00  -1.000000e+00  1.000000e+00
2.807216e+03  7.731096e+03  1.014231e+04  7.270426e+03  2.807216e+03  1.886845e+00  1.713632e+00  1.732120e-01  8.562689e+00  8.562689e+00  3.984786e+00  9.180000e-02  3.254675e-01  6.925707e-01  6.925878e-01  1.107406e-02  2.021519e+00  5.386885e+05  3.752989e+04  2.481125e+57  1.471827e+57  1.705324e-07  -3.742135e+105  1.000000e+00  -1.000000e+00  1.000000e+00
2.807216e+03  8.701063e+03  1.014231e+04  8.240395e+03  2.807216e+03  1.886295e+00  1.734039e+00  1.522560e-01  8.527528e+00  8.527528e+00  3.794448e+00  8.071700e-02  3.267142e-01  6.986486e-01  6.986633e-01  1.073712e-02  1.922899e+00  5.509975e+05  3.287363e+04  2.492507e+57  1.283929e+57  -4.758419e-07  -2.773844e+105  -1.000000e+00  -1.000000e+00  1.000000e+00
2.807216e+03  9.800430e+03  1.014231e+04  9.339770e+03  2.807216e+03  1.882280e+00  1.749058e+00  1.332220e-01  8.488534e+00  8.488534e+00  3.609464e+00  7.077700e-02  3.275166e-01  7.025948e-01  7.026074e-01  1.045805e-02  1.850091e+00  5.605118e+05  2.866867e+04  2.490087e+57  1.115469e+57  -1.105788e-06  -2.136948e+105  -1.000000e+00  -1.000000e+00  1.000000e+00
2.807216e+03  1.104648e+04  1.014231e+04  1.058582e+04  2.807216e+03  1.875566e+00  1.759509e+00  1.160570e-01  8.447642e+00  8.447642e+00  3.430071e+00  6.187800e-02  3.279280e-01  7.046289e-01  7.046397e-01  1.023732e-02  1.799710e+00  5.690200e+05  2.489663e+04  2.487456e+57  9.653472e+56  -2.528866e-06  -1.413939e+105  -1.000000e+00  -1.000000e+00  1.000000e+00
2.807216e+03  1.245877e+04  1.014231e+04  1.199810e+04  2.807216e+03  1.866839e+00  1.766160e+00  1.006800e-01  8.406350e+00  8.406350e+00  3.256478e+00  5.393000e-02  3.280055e-01  7.050132e-01  7.050224e-01  1.006567e-02  1.767444e+00  5.751314e+05  2.153468e+04  2.474151e+57  8.323463e+56  -4.767510e-06  -1.169115e+105  -1.000000e+00  -1.000000e+00  1.000000e+00
2.807216e+03  1.405947e+04  1.014231e+04  1.359880e+04  2.807216e+03  1.856721e+00  1.769727e+00  8.699400e-02  8.366123e+00  8.366123e+00  3.088860e+00  4.685300e-02  3.277962e-01  7.039768e-01  7.039845e-01  9.938854e-03  1.750755e+00  5.798596e+05  1.855656e+04  2.457649e+57  7.151684e+56  -9.898027e-06  -8.514061e+104  -1.000000e+00  -1.000000e+00  1.000000e+00
2.807216e+03  1.587372e+04  1.014231e+04  1.541306e+04  2.807216e+03  1.845751e+00  1.770864e+00  7.488700e-02  8.327951e+00  8.327951e+00  2.927351e+00  4.057300e-02  3.273532e-01  7.017890e-01  7.017955e-01  9.851812e-03  1.747198e+00  5.833935e+05  1.593375e+04  2.439077e+57  6.124759e+56  -5.059454e-05  -5.767285e+104  -1.000000e+00  -1.000000e+00  1.000000e+00
2.807216e+03  1.793002e+04  1.014231e+04  1.746936e+04  2.807216e+03  1.834402e+00  1.770162e+00  6.424000e-02  8.292666e+00  8.292666e+00  2.772046e+00  3.502000e-02  3.267247e-01  6.987000e-01  6.987055e-01  9.793390e-03  1.753605e+00  5.858838e+05  1.363647e+04  2.419167e+57  5.229259e+56  -1.677825e-04  -4.077847e+104  -1.000000e+00  -1.000000e+00  1.000000e+00
2.807216e+03  2.025605e+04  1.014231e+04  1.979538e+04  2.807216e+03  1.823098e+00  1.768154e+00  5.494400e-02  8.261033e+00  8.261033e+00  2.623271e+00  3.013800e-02  3.259547e-01  6.949381e-01  6.949427e-01  9.764720e-03  1.769222e+00  5.875284e+05  1.163807e+04  2.399003e+57  4.453355e+56  3.195002e-05  -3.013220e+104  1.000000e+00  -1.000000e+00  1.000000e+00
3.856620e+03  1.030404e+02  1.358658e+04  1.000000e+00  3.856620e+03  1.371546e+00  2.200000e-05  1.371524e+00  1.237389e+01  6.055540e-01  1.237389e+01  9.999840e-01  1.637140e-01  2.193563e-01  2.704333e-02  1.401257e-02  7.943564e+01  3.293626e+00  3.090635e+05  2.769632e+52  1.528300e+58  3.680024e-07  -2.191951e+104  1.000000e+00  -1.000000e+00  0.000000e+00
3.856620e+03  1.076573e+02  1.358658e+04  1.133400e+00  3.856620e+03  1.371545e+00  2.600000e-05  1.371519e+00  1.237401e+01  6.207070e-01  1.237401e+01  9.999810e-01  1.637122e-01  2.193530e-01  2.838488e-02  1.401260e-02  7.943239e+01  3.888665e+00  3.090583e+05  3.261726e+52  1.528293e+58  2.105799e-05  -2.173100e+104  1.000000e+00  -1.000000e+00  0.000000e+00
3.856620e+03  1.131115e+02  1.358658e+04  1.284600e+00  3.856620e+03  1.371565e+00  3.100000e-05  1.371534e+00  1.237405e+01  6.366220e-01  1.237405e+01  9.999780e-01  1.637141e-01  2.193565e-01  2.982633e-02  1.401257e-02  7.942795e+01  4.586482e+00  3.090610e+05  3.832546e+52  1.528321e+58  5.494797e-06  -2.213708e+104  1.000000e+00  -1.000000e+00  0.000000e+00
3.856620e+03  1.191072e+02  1.358658e+04  1.456000e+00  3.856620e+03  1.371594e+00  3.600000e-05  1.371558e+00  1.237425e+01  6.533130e-01  1.237425e+01  9.999740e-01  1.637150e-01  2.193580e-01  3.137349e-02  1.401303e-02  7.943164e+01  5.408049e+00  3.090667e+05  4.499684e+52  1.528375e+58  4.645875e-06  -2.501443e+104  1.000000e+00  -1.000000e+00  0.000000e+00
3.856620e+03  1.250167e+02  1.358658e+04  1.650300e+00  3.856620e+03  1.371623e+00  4.200000e-05  1.371580e+00  1.237435e+01  6.708860e-01  1.237435e+01  9.999690e-01  1.637171e-01  2.193618e-01  3.304136e-02  1.401339e-02  7.943182e+01  6.375975e+00  3.090718e+05  5.281127e+52  1.528420e+58  -1.277589e-05  -2.784082e+104  -1.000000e+00  -1.000000e+00  0.000000e+00
3.856620e+03  1.316026e+02  1.358658e+04  1.870400e+00  3.856620e+03  1.371633e+00  5.000000e-05  1.371583e+00  1.237444e+01  6.893380e-01  1.237444e+01  9.999640e-01  1.637172e-01  2.193620e-01  3.483511e-02  1.401365e-02  7.942632e+01  7.517042e+00  3.090695e+05  6.197764e+52  1.528430e+58  -1.276681e-05  -3.179453e+104  -1.000000e+00  -1.000000e+00  0.000000e+00
3.856620e+03  1.379494e+02  1.358658e+04  2.120000e+00  3.856620e+03  1.371668e+00  5.900000e-05  1.371609e+00  1.237462e+01  7.087470e-01  1.237462e+01  9.999570e-01  1.637188e-01  2.193650e-01  3.676848e-02  1.401400e-02  7.942954e+01  8.863340e+00  3.090744e+05  7.274541e+52  1.528485e+58  5.942744e-06  -2.946984e+104  1.000000e+00  -1.000000e+00  0.000000e+00
3.856620e+03  1.527256e+02  1.358658e+04  2.402800e+00  3.856620e+03  1.371703e+00  6.900000e-05  1.371634e+00  1.237483e+01  7.282410e-01  1.237483e+01  9.999500e-01  1.637202e-01  2.193675e-01  3.875772e-02  1.401419e-02  7.942571e+01  1.039453e+01  3.090784e+05  8.494264e+52  1.528541e+58  6.839272e-06  -4.961297e+104  1.000000e+00  -1.000000e+00  0.000000e+00
3.856620e+03  1.576382e+02  1.358658e+04  2.723400e+00  3.856620e+03  1.371739e+00  8.100000e-05  1.371658e+00  1.237505e+01  7.486270e-01  1.237505e+01  9.999410e-01  1.637217e-01  2.193703e-01  4.088868e-02  1.401498e-02  7.942414e+01  1.221630e+01  3.090815e+05  9.940056e+52  1.528596e+58  6.896565e-06  -6.510115e+104  1.000000e+00  -1.000000e+00  0.000000e+00
3.856620e+03  1.627167e+02  1.358658e+04  3.086700e+00  3.856620e+03  1.371782e+00  9.500000e-05  1.371687e+00  1.237527e+01  7.706840e-01  1.237527e+01  9.999310e-01  1.637239e-01  2.193742e-01  4.325120e-02  1.401551e-02  7.942458e+01  1.440079e+01  3.090862e+05  1.166798e+53  1.528661e+58  1.046477e-05  -7.521086e+104  1.000000e+00  -1.000000e+00  0.000000e+00
3.856620e+03  1.679681e+02  1.358658e+04  3.498500e+00  3.856620e+03  1.371817e+00  1.120000e-04  1.371705e+00  1.237552e+01  7.940910e-01  1.237552e+01  9.999180e-01  1.637248e-01  2.193759e-01  4.582241e-02  1.401624e-02  7.942670e+01  1.701444e+01  3.090864e+05  1.372888e+53  1.528710e+58  1.077121e-05  -8.671432e+104  1.000000e+00  -1.000000e+00  0.000000e+00
3.856620e+03  1.734000e+02  1.358658e+04  3.965200e+00  3.856620e+03  1.371871e+00  1.320000e-04  1.371739e+00  1.237583e+01  8.190180e-01  1.237583e+01  9.999040e-01  1.637271e-01  2.193799e-01  4.863167e-02  1.401718e-02  7.942934e+01  2.013980e+01  3.090912e+05  1.618576e+53  1.528792e+58  6.559331e-06  -9.984208e+104  1.000000e+00  -1.000000e+00  0.000000e+00
3.856620e+03  1.790190e+02  1.358658e+04  4.494300e+00  3.856620e+03  1.371937e+00  1.560000e-04  1.371780e+00  1.237629e+01  8.454440e-01  1.237629e+01  9.998860e-01  1.637288e-01  2.193832e-01  5.168846e-02  1.401803e-02  7.942799e+01  2.387444e+01  3.090981e+05  1.911246e+53  1.528897e+58  7.839814e-06  -1.149570e+105  1.000000e+00  -1.000000e+00  0.000000e+00
3.856620e+03  1.848335e+02  1.358658e+04  5.093900e+00  3.856620e+03  1.372002e+00  1.850000e-04  1.371817e+00  1.237684e+01  8.739860e-01  1.237684e+01  9.998650e-01  1.637294e-01  2.193843e-01  5.507789e-02  1.401951e-02  7.943416e+01  2.833727e+01  3.091009e+05  2.259907e+53  1.528999e+58  8.085292e-06  -1.323501e+105  1.000000e+00  -1.000000e+00  0.000000e+00
3.856620e+03  1.908524e+02  1.358658e+04  5.773400e+00  3.856620e+03  1.372082e+00  2.190000e-04  1.371863e+00  1.237739e+01  9.040930e-01  1.237739e+01  9.998400e-01  1.637317e-01  2.193884e-01  5.875083e-02  1.402109e-02  7.944273e+01  3.367067e+01  3.091076e+05  2.675274e+53  1.529123e+58  9.767487e-06  -1.522904e+105  1.000000e+00  -1.000000e+00  0.000000e+00
3.856620e+03  1.970844e+02  1.358658e+04  6.543700e+00  3.856620e+03  1.372157e+00  2.600000e-04  1.371897e+00  1.237808e+01  9.360760e-01  1.237808e+01  9.998100e-01  1.637315e-01  2.193879e-01  6.275895e-02  1.402278e-02  7.944973e+01  4.004472e+01  3.091078e+05  3.170062e+53  1.529238e+58  1.015097e-05  -1.751246e+105  1.000000e+00  -1.000000e+00  0.000000e+00
3.856620e+03  2.035396e+02  1.358658e+04  7.416700e+00  3.856620e+03  1.372270e+00  3.080000e-04  1.371961e+00  1.237910e+01  9.701070e-01  1.237910e+01  9.997750e-01  1.637314e-01  2.193879e-01  6.713985e-02  1.402477e-02  7.945791e+01  4.766720e+01  3.091168e+05  3.759759e+53  1.529425e+58  8.225128e-06  -2.014186e+105  1.000000e+00  -1.000000e+00  0.000000e+00
3.856620e+03  2.102287e+02  1.358658e+04  8.406200e+00  3.856620e+03  1.372370e+00  3.660000e-04  1.372003e+00  1.237999e+01  1.006171e+00  1.237999e+01  9.997330e-01  1.637315e-01  2.193880e-01  7.190884e-02  1.402751e-02  7.947396e+01  5.678519e+01  3.091185e+05  4.462642e+53  1.529578e+58  9.054087e-06  -2.317531e+105  1.000000e+00  -1.000000e+00  0.000000e+00
3.856620e+03  2.171631e+02  1.358658e+04  9.527700e+00  3.856620e+03  1.372494e+00  4.340000e-04  1.372059e+00  1.238123e+01  1.044447e+00  1.238123e+01  9.996830e-01  1.637300e-01  2.193853e-01  7.710617e-02  1.403059e-02  7.949597e+01  6.769756e+01  3.091215e+05  5.300715e+53  1.529778e+58  8.233922e-06  -2.416204e+105  1.000000e+00  -1.000000e+00  0.000000e+00
3.856620e+03  4.714565e+02  1.358658e+04  1.079880e+01  3.856620e+03  1.372621e+00  4.920000e-04  1.372130e+00  1.238219e+01  1.070904e+00  1.238219e+01  9.996420e-01  1.637325e-01  2.193897e-01  8.077239e-02  1.403305e-02  7.950482e+01  7.682415e+01  3.091297e+05  5.998520e+53  1.529976e+58  7.299887e-06  -9.707600e+105  1.000000e+00  -1.000000e+00  1.000000e+00
3.856620e+03  4.728972e+02  1.358658e+04  1.223950e+01  3.856620e+03  1.372769e+00  5.490000e-04  1.372220e+00  1.238310e+01  1.090548e+00  1.238310e+01  9.996000e-01  1.637381e-01  2.194000e-01  8.354202e-02  1.403542e-02  7.950555e+01  8.586732e+01  3.091412e+05  6.685978e+53  1.530201e+58  7.426086e-06  -1.031274e+106  1.000000e+00  -1.000000e+00  1.000000e+00
3.856620e+03  4.745300e+02  1.358658e+04  1.387240e+01  3.856620e+03  1.372940e+00  6.210000e-04  1.372319e+00  1.238444e+01  1.112704e+00  1.238444e+01  9.995480e-01  1.637407e-01  2.194047e-01  8.671495e-02  1.403832e-02  7.951132e+01  9.739576e+01  3.091519e+05  7.559327e+53  1.530468e+58  7.850312e-06  -1.140750e+106  1.000000e+00  -1.000000e+00  1.000000e+00
3.856620e+03  4.763807e+02  1.358658e+04  1.572320e+01  3.856620e+03  1.373129e+00  7.110000e-04  1.372417e+00  1.238584e+01  1.137296e+00  1.238584e+01  9.994820e-01  1.637447e-01  2.194120e-01  9.029393e-02  1.404213e-02  7.952645e+01  1.116823e+02  3.091612e+05  8.638238e+53  1.530757e+58  7.817643e-06  -1.241841e+106  1.000000e+00  -1.000000e+00  1.000000e+00
3.856620e+03  4.784787e+02  1.358658e+04  1.782080e+01  3.856620e+03  1.373363e+00  8.220000e-04  1.372540e+00  1.238785e+01  1.164638e+00  1.238785e+01  9.994010e-01  1.637460e-01  2.194143e-01  9.433820e-02  1.404703e-02  7.955085e+01  1.293466e+02  3.091745e+05  9.967801e+53  1.531129e+58  7.770385e-06  -1.347854e+106  1.000000e+00  -1.000000e+00  1.000000e+00
3.856620e+03  4.808563e+02  1.358658e+04  2.019840e+01  3.856620e+03  1.373622e+00  9.580000e-04  1.372664e+00  1.239023e+01  1.194825e+00  1.239023e+01  9.993020e-01  1.637455e-01  2.194134e-01  9.887856e-02  1.405266e-02  7.958263e+01  1.511367e+02  3.091851e+05  1.160229e+54  1.531543e+58  9.973567e-06  -1.458542e+106  1.000000e+00  -1.000000e+00  1.000000e+00
3.856620e+03  4.835509e+02  1.358658e+04  2.289310e+01  3.856620e+03  1.373877e+00  1.124000e-03  1.372753e+00  1.239297e+01  1.228566e+00  1.239297e+01  9.991820e-01  1.637397e-01  2.194028e-01  1.040376e-01  1.406069e-02  7.964072e+01  1.778197e+02  3.091809e+05  1.359644e+54  1.531941e+58  1.039528e-05  -1.563607e+106  1.000000e+00  -1.000000e+00  1.000000e+00
3.856620e+03  4.866048e+02  1.358658e+04  2.594730e+01  3.856620e+03  1.374204e+00  1.324000e-03  1.372879e+00  1.239640e+01  1.265535e+00  1.239640e+01  9.990360e-01  1.637333e-01  2.193913e-01  1.097892e-01  1.406922e-02  7.970671e+01  2.102266e+02  3.091853e+05  1.600866e+54  1.532468e+58  1.056705e-05  -1.676546e+106  1.000000e+00  -1.000000e+00  1.000000e+00
3.856620e+03  4.900671e+02  1.358658e+04  2.940900e+01  3.856620e+03  1.374528e+00  1.567000e-03  1.372961e+00  1.240027e+01  1.306217e+00  1.240027e+01  9.988600e-01  1.637209e-01  2.193688e-01  1.162262e-01  1.407990e-02  7.979548e+01  2.500292e+02  3.091730e+05  1.895909e+54  1.532982e+58  1.205602e-05  -1.808825e+106  1.000000e+00  -1.000000e+00  1.000000e+00
3.856620e+03  4.939909e+02  1.358658e+04  3.333260e+01  3.856620e+03  1.374898e+00  1.862000e-03  1.373036e+00  1.240505e+01  1.350715e+00  1.240505e+01  9.986460e-01  1.637018e-01  2.193341e-01  1.233854e-01  1.409304e-02  7.991785e+01  2.988675e+02  3.091542e+05  2.256269e+54  1.533579e+58  1.330032e-05  -1.946694e+106  1.000000e+00  -1.000000e+00  1.000000e+00
3.856620e+03  4.984378e+02  1.358658e+04  3.777960e+01  3.856620e+03  1.375293e+00  2.217000e-03  1.373076e+00  1.241075e+01  1.399384e+00  1.241075e+01  9.983880e-01  1.636737e-01  2.192833e-01  1.313408e-01  1.410868e-02  8.007520e+01  3.587801e+02  3.091221e+05  2.696165e+54  1.534225e+58  1.823653e-05  -2.079345e+106  1.000000e+00  -1.000000e+00  1.000000e+00
3.856620e+03  5.034775e+02  1.358658e+04  4.281980e+01  3.856620e+03  1.375701e+00  2.646000e-03  1.373055e+00  1.241730e+01  1.452539e+00  1.241730e+01  9.980770e-01  1.636358e-01  2.192146e-01  1.401577e-01  1.412706e-02  8.027441e+01  4.311185e+02  3.090691e+05  3.224300e+54  1.534887e+58  4.609095e-05  -2.214291e+106  1.000000e+00  -1.000000e+00  1.000000e+00
3.856620e+03  5.091908e+02  1.358658e+04  4.853260e+01  3.856620e+03  1.376113e+00  3.163000e-03  1.372950e+00  1.242504e+01  1.510314e+00  1.242504e+01  9.977010e-01  1.635828e-01  2.191185e-01  1.498684e-01  1.414950e-02  8.053295e+01  5.195957e+02  3.089880e+05  3.866412e+54  1.535564e+58  -1.291534e-03  -2.373214e+106  -1.000000e+00  -1.000000e+00  1.000000e+00
3.856620e+03  5.156662e+02  1.358658e+04  5.500740e+01  3.856620e+03  1.376518e+00  3.787000e-03  1.372732e+00  1.243410e+01  1.573036e+00  1.243410e+01  9.972490e-01  1.635119e-01  2.189900e-01  1.605265e-01  1.417546e-02  8.085650e+01  6.278996e+02  3.088729e+05  4.647395e+54  1.536235e+58  -5.106410e-05  -2.544467e+106  -1.000000e+00  -1.000000e+00  1.000000e+00
3.856620e+03  5.230050e+02  1.358658e+04  6.234610e+01  3.856620e+03  1.376892e+00  4.538000e-03  1.372354e+00  1.244453e+01  1.640999e+00  1.244453e+01  9.967040e-01  1.634192e-01  2.188221e-01  1.721690e-01  1.420631e-02  8.125819e+01  7.605373e+02  3.087109e+05  5.597249e+54  1.536857e+58  -1.020284e-05  -2.751210e+106  -1.000000e+00  -1.000000e+00  1.000000e+00
3.856620e+03  5.313221e+02  1.358658e+04  7.066390e+01  3.856620e+03  1.377199e+00  5.444000e-03  1.371755e+00  1.245652e+01  1.714508e+00  1.245652e+01  9.960470e-01  1.632983e-01  2.186032e-01  1.848181e-01  1.424236e-02  8.176759e+01  9.257813e+02  3.084868e+05  6.772793e+54  1.537369e+58  -4.022514e-06  -2.954105e+106  -1.000000e+00  -1.000000e+00  1.000000e+00
3.856620e+03  5.407496e+02  1.358658e+04  8.009140e+01  3.856620e+03  1.377399e+00  6.536000e-03  1.370863e+00  1.247014e+01  1.793806e+00  1.247014e+01  9.952550e-01  1.631435e-01  2.183233e-01  1.984652e-01  1.428433e-02  8.239960e+01  1.125579e+03  3.081846e+05  8.181596e+54  1.537707e+58  -1.242115e-06  -3.142289e+106  -1.000000e+00  -1.000000e+00  1.000000e+00
3.856620e+03  5.514360e+02  1.358658e+04  9.077660e+01  3.856620e+03  1.377415e+00  7.851000e-03  1.369564e+00  1.248541e+01  1.879316e+00  1.248541e+01  9.943000e-01  1.629460e-01  2.179663e-01  2.131022e-01  1.433234e-02  8.317955e+01  1.370684e+03  3.077745e+05  9.894992e+54  1.537734e+58  3.346705e-07  -3.394977e+106  1.000000e+00  -1.000000e+00  1.000000e+00
3.856620e+03  5.635472e+02  1.358658e+04  1.028874e+02  3.856620e+03  1.377192e+00  9.438000e-03  1.367754e+00  1.250260e+01  1.971264e+00  1.250260e+01  9.931470e-01  1.626956e-01  2.175141e-01  2.286580e-01  1.438740e-02  8.414172e+01  1.676145e+03  3.072348e+05  1.201299e+55  1.537364e+58  1.267050e-06  -3.639631e+106  1.000000e+00  -1.000000e+00  1.000000e+00
3.856620e+03  5.772730e+02  1.358658e+04  1.166139e+02  3.856620e+03  1.376603e+00  1.135200e-02  1.365252e+00  1.252132e+01  2.070153e+00  1.252132e+01  9.917540e-01  1.623829e-01  2.169501e-01  2.450643e-01  1.444952e-02  8.532315e+01  2.046060e+03  3.065236e+05  1.454943e+55  1.536364e+58  1.985603e-06  -3.905254e+106  1.000000e+00  -1.000000e+00  1.000000e+00
3.856620e+03  5.928297e+02  1.358658e+04  1.321717e+02  3.856620e+03  1.375495e+00  1.366300e-02  1.361832e+00  1.254120e+01  2.176358e+00  1.254120e+01  9.900670e-01  1.619949e-01  2.162515e-01  2.621891e-01  1.451821e-02  8.676164e+01  2.507424e+03  3.055896e+05  1.768413e+55  1.534456e+58  2.553640e-06  -4.261531e+106  1.000000e+00  -1.000000e+00  1.000000e+00
3.856620e+03  6.104652e+02  1.358658e+04  1.498051e+02  3.856620e+03  1.373678e+00  1.645600e-02  1.357222e+00  1.256176e+01  2.290397e+00  1.256176e+01  9.880200e-01  1.615161e-01  2.153910e-01  2.798722e-01  1.459283e-02  8.851065e+01  3.084018e+03  3.043723e+05  2.156549e+55  1.531302e+58  2.976172e-06  -4.590876e+106  1.000000e+00  -1.000000e+00  1.000000e+00
3.856620e+03  6.304521e+02  1.358658e+04  1.697911e+02  3.856620e+03  1.370909e+00  1.983700e-02  1.351072e+00  1.258193e+01  2.412898e+00  1.258193e+01  9.855300e-01  1.609322e-01  2.143440e-01  2.979151e-01  1.467115e-02  9.060873e+01  3.785352e+03  3.027968e+05  2.622565e+55  1.526448e+58  3.315166e-06  -4.956820e+106  1.000000e+00  -1.000000e+00  1.000000e+00
3.856620e+03  6.531038e+02  1.358658e+04  1.924434e+02  3.856620e+03  1.366867e+00  2.393400e-02  1.342933e+00  1.260010e+01  2.544474e+00  1.260010e+01  9.824900e-01  1.602263e-01  2.130820e-01  3.160652e-01  1.474987e-02  9.311546e+01  4.662224e+03  3.007682e+05  3.199309e+55  1.519293e+58  3.638739e-06  -5.436251e+106  1.000000e+00  -1.000000e+00  1.000000e+00
3.856620e+03  6.787757e+02  1.358658e+04  2.181178e+02  3.856620e+03  1.361144e+00  2.890800e-02  1.332237e+00  1.261354e+01  2.685891e+00  1.261354e+01  9.787620e-01  1.593855e-01  2.115837e-01  3.340406e-01  1.482248e-02  9.606943e+01  5.760409e+03  2.981669e+05  3.914311e+55  1.509044e+58  3.910030e-06  -5.956907e+106  1.000000e+00  -1.000000e+00  1.000000e+00
3.856620e+03  7.078781e+02  1.358658e+04  2.472176e+02  3.856620e+03  1.353264e+00  3.495800e-02  1.318306e+00  1.261881e+01  2.838016e+00  1.261881e+01  9.741680e-01  1.583965e-01  2.098287e-01  3.515290e-01  1.488042e-02  9.949597e+01  7.120131e+03  2.948583e+05  4.788922e+55  1.494771e+58  4.151253e-06  -6.551706e+106  1.000000e+00  -1.000000e+00  1.000000e+00
3.856620e+03  7.408620e+02  1.358658e+04  2.801996e+02  3.856620e+03  1.342610e+00  4.233300e-02  1.300277e+00  1.261027e+01  3.001892e+00  1.261027e+01  9.684700e-01  1.572560e-01  2.078139e-01  3.682058e-01  1.490831e-02  1.033465e+02  8.826528e+03  2.906678e+05  5.875375e+55  1.475218e+58  4.374663e-06  -7.231303e+106  1.000000e+00  -1.000000e+00  1.000000e+00
3.856620e+03  7.782441e+02  1.358658e+04  3.175819e+02  3.856620e+03  1.328505e+00  5.134300e-02  1.277162e+00  1.257990e+01  3.178672e+00  1.257990e+01  9.613530e-01  1.559796e-01  2.055713e-01  3.837427e-01  1.488499e-02  1.074763e+02  1.094256e+04  2.854057e+05  7.206122e+55  1.448926e+58  4.563089e-06  -8.046526e+106  1.000000e+00  -1.000000e+00  1.000000e+00
3.856620e+03  8.206108e+02  1.358658e+04  3.599514e+02  3.856620e+03  1.310203e+00  6.237500e-02  1.247829e+00  1.251657e+01  3.369621e+00  1.251657e+01  9.523930e-01  1.546091e-01  2.031771e-01  3.978309e-01  1.477945e-02  1.115306e+02  1.356563e+04  2.788574e+05  8.835358e+55  1.414190e+58  4.781886e-06  -9.066864e+106  1.000000e+00  -1.000000e+00  1.000000e+00
3.856620e+03  8.686339e+02  1.358658e+04  4.079736e+02  3.856620e+03  1.287060e+00  7.591100e-02  1.211150e+00  1.240542e+01  3.576141e+00  1.240542e+01  9.410200e-01  1.532389e-01  2.007976e-01  4.102049e-01  1.454855e-02  1.147846e+02  1.690103e+04  2.708226e+05  1.089246e+56  1.369281e+58  5.010030e-06  -1.020518e+107  1.000000e+00  -1.000000e+00  1.000000e+00
3.856620e+03  9.230662e+02  1.358658e+04  4.624025e+02  3.856620e+03  1.258631e+00  9.254900e-02  1.166082e+00  1.222626e+01  3.799712e+00  1.222626e+01  9.264680e-01  1.520501e-01  1.987445e-01  4.206646e-01  1.413944e-02  1.159993e+02  2.104264e+04  2.611187e+05  1.341733e+56  1.312492e+58  5.205800e-06  -1.162183e+107  1.000000e+00  -1.000000e+00  1.000000e+00
3.856620e+03  9.847572e+02  1.358658e+04  5.240930e+02  3.856620e+03  1.225169e+00  1.130260e-01  1.112143e+00  1.195584e+01  4.041836e+00  1.195584e+01  9.077460e-01  1.513554e-01  1.975496e-01  4.290966e-01  1.349107e-02  1.132279e+02  2.617881e+04  2.496845e+05  1.651321e+56  1.242929e+58  5.454839e-06  -1.330207e+107  1.000000e+00  -1.000000e+00  1.000000e+00
3.856620e+03  1.054675e+03  1.358658e+04  5.940138e+02  3.856620e+03  1.188016e+00  1.382350e-01  1.049781e+00  1.156926e+01  4.303846e+00  1.156926e+01  8.836420e-01  1.516695e-01  1.980894e-01  4.354939e-01  1.255557e-02  1.042956e+02  3.260495e+04  2.366286e+05  2.035389e+56  1.160982e+58  5.874367e-06  -1.490723e+107  1.000000e+00  -1.000000e+00  1.000000e+00
3.856620e+03  1.133922e+03  1.358658e+04  6.732629e+02  3.856620e+03  1.150267e+00  1.692340e-01  9.810330e-01  1.105040e+01  4.586815e+00  1.105040e+01  8.528740e-01  1.537455e-01  2.016757e-01  4.399634e-01  1.132758e-02  8.790819e+01  4.071601e+04  2.223551e+05  2.517742e+56  1.069443e+58  6.571859e-06  -1.611468e+107  1.000000e+00  -1.000000e+00  1.000000e+00
3.856620e+03  1.223749e+03  1.358658e+04  7.630849e+02  3.856620e+03  1.116847e+00  2.072380e-01  9.096090e-01  1.040297e+01  4.890950e+00  1.040297e+01  8.144430e-01  1.585690e-01  2.101341e-01  4.427491e-01  9.897157e-03  6.581633e+01  5.069060e+04  2.075521e+05  3.104862e+56  9.735980e+57  8.967152e-06  -1.701168e+107  1.000000e+00  -1.000000e+00  1.000000e+00
3.856620e+03  1.325556e+03  1.358658e+04  8.648903e+02  3.856620e+03  1.093849e+00  2.535700e-01  8.402790e-01  9.663793e+00  5.215727e+00  9.663793e+00  7.681850e-01  1.671827e-01  2.256941e-01  4.441949e-01  8.490770e-03  4.334027e+01  6.284926e+04  1.930813e+05  3.812690e+56  8.804622e+57  -3.541608e-05  -1.678342e+107  -1.000000e+00  -1.000000e+00  1.000000e+00
3.856620e+03  1.440942e+03  1.358658e+04  9.802778e+02  3.856620e+03  1.086786e+00  3.095530e-01  7.772320e-01  8.900120e+00  5.558792e+00  8.900120e+00  7.151660e-01  1.803556e-01  2.506951e-01  4.447736e-01  7.499603e-03  2.619950e+01  7.782669e+04  1.796807e+05  4.679641e+56  7.963421e+57  -3.140601e-06  -1.545506e+107  -1.000000e+00  -1.000000e+00  1.000000e+00
3.856620e+03  1.571717e+03  1.358658e+04  1.111060e+03  3.856620e+03  1.098844e+00  3.763320e-01  7.225120e-01  8.187788e+00  5.916063e+00  8.187788e+00  6.575200e-01  1.982217e-01  2.871850e-01  4.450204e-01  7.500571e-03  1.633969e+01  9.585483e+04  1.676989e+05  5.713244e+56  7.245167e+57  2.339717e-06  -1.372158e+107  1.000000e+00  -1.000000e+00  1.000000e+00
3.856620e+03  1.719954e+03  1.358658e+04  1.259289e+03  3.856620e+03  1.130277e+00  4.546180e-01  6.756590e-01  7.583130e+00  6.281144e+00  7.583130e+00  5.977810e-01  2.201497e-01  3.366635e-01  4.455189e-01  9.279220e-03  1.196270e+01  1.171690e+05  1.570448e+05  6.921124e+56  6.646305e+57  3.076747e-06  -1.162359e+107  1.000000e+00  -1.000000e+00  1.000000e+00
3.856620e+03  1.887962e+03  1.358658e+04  1.427295e+03  3.856620e+03  1.179003e+00  5.444040e-01  6.345990e-01  7.109966e+00  6.645693e+00  7.109966e+00  5.382500e-01  2.449227e-01  4.000678e-01  4.468261e-01  1.370515e-02  1.036684e+01  1.418207e+05  1.473558e+05  8.297780e+56  6.139268e+57  3.272465e-06  -9.780143e+106  1.000000e+00  -1.000000e+00  1.000000e+00
3.856620e+03  2.078381e+03  1.358658e+04  1.617714e+03  3.856620e+03  1.241549e+00  6.447130e-01  5.968360e-01  6.999958e+00  6.999958e+00  6.763829e+00  4.807190e-01  2.619691e-01  4.493334e-01  4.494848e-01  1.774813e-02  9.589835e+00  1.699552e+05  1.382164e+05  9.846603e+56  5.689526e+57  3.291682e-06  -8.059275e+106  1.000000e+00  -1.000000e+00  1.000000e+00
3.856620e+03  2.294199e+03  1.358658e+04  1.833538e+03  3.856620e+03  1.313753e+00  7.534140e-01  5.603390e-01  7.332163e+00  7.332163e+00  6.502235e+00  4.265170e-01  2.646447e-01  4.575484e-01  4.576621e-01  1.740265e-02  8.937347e+00  2.008010e+05  1.293139e+05  1.150562e+57  5.268451e+57  3.238836e-06  -6.639565e+106  1.000000e+00  -1.000000e+00  1.000000e+00
3.856620e+03  2.538819e+03  1.358658e+04  2.078156e+03  3.856620e+03  1.391144e+00  8.669570e-01  5.241870e-01  7.628903e+00  7.628903e+00  6.264495e+00  3.768030e-01  2.693343e-01  4.722903e-01  4.723892e-01  1.737417e-02  8.172499e+00  2.339138e+05  1.205258e+05  1.324073e+57  4.862582e+57  3.129568e-06  -5.309538e+106  1.000000e+00  -1.000000e+00  1.000000e+00
3.856620e+03  2.816077e+03  1.358658e+04  2.355409e+03  3.856620e+03  1.469260e+00  9.808720e-01  4.883880e-01  7.882471e+00  7.882471e+00  6.031132e+00  3.324040e-01  2.753075e-01  4.917315e-01  4.918145e-01  1.726312e-02  7.276761e+00  2.679718e+05  1.118695e+05  1.495827e+57  4.470914e+57  3.000715e-06  -4.131737e+106  1.000000e+00  -1.000000e+00  1.000000e+00
3.856620e+03  3.130319e+03  1.358658e+04  2.669651e+03  3.856620e+03  1.544144e+00  1.091038e+00  4.531060e-01  8.090602e+00  8.090602e+00  5.801929e+00  2.934350e-01  2.818959e-01  5.140947e-01  5.141669e-01  1.694802e-02  6.347230e+00  3.020513e+05  1.033859e+05  1.659887e+57  4.094470e+57  2.801433e-06  -3.091180e+106  1.000000e+00  -1.000000e+00  1.000000e+00
3.856620e+03  3.486480e+03  1.358658e+04  3.025817e+03  3.856620e+03  1.612825e+00  1.194308e+00  4.185160e-01  8.254860e+00  8.254860e+00  5.576760e+00  2.594930e-01  2.885752e-01  5.378256e-01  5.378890e-01  1.643583e-02  5.475264e+00  3.359767e+05  9.511676e+04  1.816316e+57  3.734268e+57  2.601440e-06  -2.261609e+106  1.000000e+00  -1.000000e+00  1.000000e+00
3.856620e+03  3.890162e+03  1.358658e+04  3.429500e+03  3.856620e+03  1.673423e+00  1.288627e+00  3.847960e-01  8.379137e+00  8.379137e+00  5.355575e+00  2.299460e-01  2.949769e-01  5.616497e-01  5.617058e-01  1.578793e-02  4.712961e+00  3.679323e+05  8.710376e+04  1.953247e+57  3.391280e+57  2.413216e-06  -1.686538e+106  1.000000e+00  -1.000000e+00  1.000000e+00
3.856620e+03  4.347708e+03  1.358658e+04  3.887040e+03  3.856620e+03  1.725033e+00  1.372910e+00  3.521230e-01  8.468439e+00  8.468439e+00  5.138382e+00  2.041250e-01  3.008678e-01  5.845803e-01  5.846297e-01  1.507216e-02  4.075734e+00  3.980591e+05  7.938704e+04  2.073580e+57  3.066381e+57  2.177770e-06  -1.242502e+106  1.000000e+00  -1.000000e+00  1.000000e+00
3.856620e+03  4.866291e+03  1.358658e+04  4.405622e+03  3.856620e+03  1.767485e+00  1.446818e+00  3.206660e-01  8.527837e+00  8.527837e+00  4.925241e+00  1.814250e-01  3.061247e-01  6.059195e-01  6.059632e-01  1.434366e-02  3.556942e+00  4.260220e+05  7.200394e+04  2.176565e+57  2.760311e+57  1.965873e-06  -9.005598e+105  1.000000e+00  -1.000000e+00  1.000000e+00
3.856620e+03  5.454054e+03  1.358658e+04  4.993389e+03  3.856620e+03  1.801125e+00  1.510542e+00  2.905830e-01  8.562420e+00  8.562420e+00  4.716257e+00  1.613340e-01  3.106912e-01  6.251730e-01  6.252131e-01  1.364464e-02  3.142144e+00  4.509160e+05  6.498769e+04  2.257246e+57  2.473641e+57  1.737936e-06  -6.812169e+105  1.000000e+00  -1.000000e+00  1.000000e+00
3.856620e+03  6.120229e+03  1.358658e+04  5.659571e+03  3.856620e+03  1.826635e+00  1.564621e+00  2.620130e-01  8.576726e+00  8.576726e+00  4.511568e+00  1.434410e-01  3.145660e-01  6.420648e-01  6.420986e-01  1.299818e-02  2.813407e+00  4.733761e+05  5.836632e+04  2.321920e+57  2.206745e+57  1.456145e-06  -4.904582e+105  1.000000e+00  -1.000000e+00  1.000000e+00
3.856620e+03  6.875298e+03  1.358658e+04  6.414631e+03  3.856620e+03  1.844851e+00  1.609777e+00  2.350740e-01  8.574873e+00  8.574873e+00  4.311337e+00  1.274220e-01  3.177717e-01  6.564452e-01  6.564747e-01  1.241762e-02  2.554884e+00  4.933623e+05  5.216183e+04  2.371705e+57  1.959781e+57  1.148359e-06  -3.676960e+105  1.000000e+00  -1.000000e+00  1.000000e+00
3.856620e+03  7.731096e+03  1.358658e+04  7.270426e+03  3.856620e+03  1.856705e+00  1.646850e+00  2.098550e-01  8.560511e+00  8.560511e+00  4.115750e+00  1.130260e-01  3.203501e-01  6.682901e-01  6.683158e-01  1.190763e-02  2.352932e+00  5.110003e+05  4.638954e+04  2.408731e+57  1.732683e+57  8.061037e-07  -2.512506e+105  1.000000e+00  -1.000000e+00  1.000000e+00
3.856620e+03  8.701063e+03  1.358658e+04  8.240395e+03  3.856620e+03  1.863136e+00  1.676716e+00  1.864200e-01  8.536781e+00  8.536781e+00  3.925002e+00  1.000570e-01  3.223533e-01  6.776695e-01  6.776917e-01  1.147017e-02  2.196940e+00  5.263239e+05  4.105785e+04  2.434142e+57  1.525164e+57  4.219569e-07  -2.048059e+105  1.000000e+00  -1.000000e+00  1.000000e+00
3.856620e+03  9.800430e+03  1.358658e+04  9.339770e+03  3.856620e+03  1.865054e+00  1.700253e+00  1.648010e-01  8.506459e+00  8.506459e+00  3.739291e+00  8.836300e-02  3.238354e-01  6.847121e-01  6.847313e-01  1.110113e-02  2.078041e+00  5.387287e+05  3.616820e+04  2.444153e+57  1.336724e+57  -1.505213e-08  -1.492514e+105  -1.000000e+00  -1.000000e+00  1.000000e+00
3.856620e+03  1.104648e+04  1.358658e+04  1.058582e+04  3.856620e+03  1.863312e+00  1.718310e+00  1.450020e-01  8.471761e+00  8.471761e+00  3.558814e+00  7.781900e-02  3.248580e-01  6.896231e-01  6.896396e-01  1.079526e-02  1.989179e+00  5.499352e+05  3.171543e+04  2.452106e+57  1.166670e+57  -7.057826e-07  -1.090308e+105  -1.000000e+00  -1.000000e+00  1.000000e+00
3.856620e+03  1.245877e+04  1.358658e+04  1.199810e+04  3.856620e+03  1.858699e+00  1.731701e+00  1.269980e-01  8.434789e+00  8.434789e+00  3.383753e+00  6.832600e-02  3.254741e-01  6.926029e-01  6.926169e-01  1.054732e-02  1.925168e+00  5.585347e+05  2.768835e+04  2.447716e+57  1.014142e+57  -1.588882e-06  -9.139539e+104  -1.000000e+00  -1.000000e+00  1.000000e+00
3.856620e+03  1.405947e+04  1.358658e+04  1.359880e+04  3.856620e+03  1.851924e+00  1.741184e+00  1.107410e-01  8.397129e+00  8.397129e+00  3.214275e+00  5.979800e-02  3.257422e-01  6.939045e-01  6.939164e-01  1.035076e-02  1.881528e+00  5.655141e+05  2.407054e+04  2.438414e+57  8.781469e+56  -2.366144e-06  -5.748028e+104  -1.000000e+00  -1.000000e+00  1.000000e+00
3.856620e+03  1.587372e+04  1.358658e+04  1.541306e+04  3.856620e+03  1.843625e+00  1.747466e+00  9.615800e-02  8.360182e+00  8.360182e+00  3.050523e+00  5.215700e-02  3.257155e-01  6.937744e-01  6.937845e-01  1.020049e-02  1.854974e+00  5.718307e+05  2.084128e+04  2.431297e+57  7.575871e+56  -5.197345e-06  -3.766583e+104  -1.000000e+00  -1.000000e+00  1.000000e+00
3.856620e+03  1.793002e+04  1.358658e+04  1.746936e+04  3.856620e+03  1.834359e+00  1.751196e+00  8.316300e-02  8.325064e+00  8.325064e+00  2.892614e+00  4.533600e-02  3.254456e-01  6.924648e-01  6.924733e-01  1.008898e-02  1.842314e+00  5.761481e+05  1.797653e+04  2.416117e+57  6.512990e+56  -1.133356e-05  -3.165862e+104  -1.000000e+00  -1.000000e+00  1.000000e+00
3.856620e+03  2.025605e+04  1.358658e+04  1.979538e+04  3.856620e+03  1.824629e+00  1.752957e+00  7.167200e-02  8.292644e+00  8.292644e+00  2.740909e+00  3.928100e-02  3.249849e-01  6.902355e-01  6.902426e-01  1.000896e-02  1.840695e+00  5.793780e+05  1.545441e+04  2.399421e+57  5.582466e+56  -1.374794e-05  -2.358936e+104  -1.000000e+00  -1.000000e+00  1.000000e+00
5.298317e+03  1.030404e+02  1.825882e+04  1.000000e+00  5.298317e+03  1.323751e+00  1.400000e-05  1.323737e+00  1.231886e+01  5.198640e-01  1.231886e+01  9.999890e-01  1.587148e-01  2.103927e-01  2.677259e-02  1.433500e-02  9.489161e+01  2.084535e+00  2.991772e+05  1.752906e+52  1.461214e+58  -2.881783e-06  0.000000e+00  -1.000000e+00  -1.000000e+00  0.000000e+00
5.298317e+03  1.076573e+02  1.825882e+04  1.133400e+00  5.298317e+03  1.323752e+00  1.600000e-05  1.323735e+00  1.231881e+01  5.328790e-01  1.231881e+01  9.999880e-01  1.587156e-01  2.103940e-01  2.810004e-02  1.433503e-02  9.488877e+01  2.461275e+00  2.991765e+05  2.064467e+52  1.461210e+58  -5.758859e-06  0.000000e+00  -1.000000e+00  -1.000000e+00  0.000000e+00
5.298317e+03  1.131115e+02  1.825882e+04  1.284600e+00  5.298317e+03  1.323758e+00  1.900000e-05  1.323739e+00  1.231887e+01  5.465220e-01  1.231887e+01  9.999850e-01  1.587156e-01  2.103940e-01  2.952339e-02  1.433515e-02  9.488931e+01  2.903119e+00  2.991756e+05  2.425897e+52  1.461218e+58  -6.747032e-05  0.000000e+00  -1.000000e+00  -1.000000e+00  0.000000e+00
5.298317e+03  1.191072e+02  1.825882e+04  1.456000e+00  5.298317e+03  1.323768e+00  2.300000e-05  1.323745e+00  1.231887e+01  5.608790e-01  1.231887e+01  9.999830e-01  1.587167e-01  2.103961e-01  3.105633e-02  1.433521e-02  9.488302e+01  3.423364e+00  2.991758e+05  2.848351e+52  1.461229e+58  1.216736e-05  0.000000e+00  1.000000e+00  -1.000000e+00  0.000000e+00
5.298317e+03  1.250167e+02  1.825882e+04  1.650300e+00  5.298317e+03  1.323789e+00  2.700000e-05  1.323763e+00  1.231899e+01  5.760110e-01  1.231899e+01  9.999800e-01  1.587177e-01  2.103977e-01  3.271041e-02  1.433524e-02  9.488154e+01  4.036343e+00  2.991812e+05  3.343229e+52  1.461268e+58  5.400063e-06  0.000000e+00  1.000000e+00  -1.000000e+00  0.000000e+00
5.298317e+03  1.316026e+02  1.825882e+04  1.870400e+00  5.298317e+03  1.323812e+00  3.200000e-05  1.323780e+00  1.231908e+01  5.918760e-01  1.231908e+01  9.999760e-01  1.587193e-01  2.104006e-01  3.448674e-02  1.433543e-02  9.487917e+01  4.759052e+00  2.991840e+05  3.923789e+52  1.461300e+58  9.854492e-06  -1.117331e+104  1.000000e+00  -1.000000e+00  0.000000e+00
5.298317e+03  1.379494e+02  1.825882e+04  2.120000e+00  5.298317e+03  1.323827e+00  3.700000e-05  1.323790e+00  1.231915e+01  6.085430e-01  1.231915e+01  9.999720e-01  1.587202e-01  2.104022e-01  3.639863e-02  1.433552e-02  9.487372e+01  5.611833e+00  2.991845e+05  4.605844e+52  1.461321e+58  1.007914e-05  -1.036617e+104  1.000000e+00  -1.000000e+00  0.000000e+00
5.298317e+03  1.527256e+02  1.825882e+04  2.402800e+00  5.298317e+03  1.323858e+00  4.400000e-05  1.323814e+00  1.231926e+01  6.251940e-01  1.231926e+01  9.999670e-01  1.587224e-01  2.104061e-01  3.835505e-02  1.433566e-02  9.487174e+01  6.581955e+00  2.991903e+05  5.378623e+52  1.461369e+58  2.284329e-05  -1.746043e+104  1.000000e+00  -1.000000e+00  0.000000e+00
5.298317e+03  1.576382e+02  1.825882e+04  2.723400e+00  5.298317e+03  1.323872e+00  5.100000e-05  1.323821e+00  1.231930e+01  6.428970e-01  1.231930e+01  9.999610e-01  1.587237e-01  2.104083e-01  4.048535e-02  1.433613e-02  9.487161e+01  7.736135e+00  2.991897e+05  6.294590e+52  1.461386e+58  2.249292e-05  -2.290544e+104  1.000000e+00  -1.000000e+00  0.000000e+00
5.298317e+03  1.627167e+02  1.825882e+04  3.086700e+00  5.298317e+03  1.323904e+00  6.000000e-05  1.323844e+00  1.231951e+01  6.618090e-01  1.231951e+01  9.999550e-01  1.587248e-01  2.104103e-01  4.281761e-02  1.433621e-02  9.486639e+01  9.120520e+00  2.991932e+05  7.389637e+52  1.461436e+58  5.838683e-06  -2.643602e+104  1.000000e+00  -1.000000e+00  0.000000e+00
5.298317e+03  1.679681e+02  1.825882e+04  3.498500e+00  5.298317e+03  1.323941e+00  7.100000e-05  1.323870e+00  1.231959e+01  6.819270e-01  1.231959e+01  9.999460e-01  1.587283e-01  2.104165e-01  4.536148e-02  1.433662e-02  9.486291e+01  1.077704e+01  2.991993e+05  8.695824e+52  1.461490e+58  7.313211e-06  -3.048145e+104  1.000000e+00  -1.000000e+00  0.000000e+00
5.298317e+03  1.734000e+02  1.825882e+04  3.965200e+00  5.298317e+03  1.323976e+00  8.400000e-05  1.323892e+00  1.231985e+01  7.033940e-01  1.231985e+01  9.999370e-01  1.587291e-01  2.104179e-01  4.814606e-02  1.433747e-02  9.486536e+01  1.275758e+01  2.992014e+05  1.025272e+53  1.461544e+58  7.668164e-06  -3.512207e+104  1.000000e+00  -1.000000e+00  0.000000e+00
5.298317e+03  1.790190e+02  1.825882e+04  4.494300e+00  5.298317e+03  1.324019e+00  9.900000e-05  1.323920e+00  1.232009e+01  7.262590e-01  1.232009e+01  9.999250e-01  1.587311e-01  2.104215e-01  5.119012e-02  1.433763e-02  9.485977e+01  1.512458e+01  2.992061e+05  1.210766e+53  1.461609e+58  9.967675e-06  -4.046063e+104  1.000000e+00  -1.000000e+00  0.000000e+00
5.298317e+03  1.848335e+02  1.825882e+04  5.093900e+00  5.298317e+03  1.324057e+00  1.170000e-04  1.323940e+00  1.232030e+01  7.505700e-01  1.232030e+01  9.999110e-01  1.587330e-01  2.104248e-01  5.451306e-02  1.433873e-02  9.486330e+01  1.795323e+01  2.992066e+05  1.431752e+53  1.461661e+58  1.056143e-05  -4.654092e+104  1.000000e+00  -1.000000e+00  0.000000e+00
5.298317e+03  1.908524e+02  1.825882e+04  5.773400e+00  5.298317e+03  1.324131e+00  1.390000e-04  1.323992e+00  1.232084e+01  7.764760e-01  1.232084e+01  9.998950e-01  1.587348e-01  2.104280e-01  5.814929e-02  1.433945e-02  9.485848e+01  2.133385e+01  2.992165e+05  1.695032e+53  1.461783e+58  7.000708e-06  -5.351842e+104  1.000000e+00  -1.000000e+00  0.000000e+00
5.298317e+03  1.970844e+02  1.825882e+04  6.543700e+00  5.298317e+03  1.324193e+00  1.650000e-04  1.324028e+00  1.232129e+01  8.039650e-01  1.232129e+01  9.998750e-01  1.587365e-01  2.104311e-01  6.211250e-02  1.434075e-02  9.486203e+01  2.537490e+01  2.992203e+05  2.008716e+53  1.461879e+58  7.417648e-06  -6.163223e+104  1.000000e+00  -1.000000e+00  0.000000e+00
5.298317e+03  2.035396e+02  1.825882e+04  7.416700e+00  5.298317e+03  1.324263e+00  1.960000e-04  1.324068e+00  1.232171e+01  8.329910e-01  1.232171e+01  9.998520e-01  1.587394e-01  2.104363e-01  6.641085e-02  1.434180e-02  9.486184e+01  3.020741e+01  2.992258e+05  2.382572e+53  1.461983e+58  6.776139e-06  -7.088243e+104  1.000000e+00  -1.000000e+00  0.000000e+00
5.298317e+03  2.102287e+02  1.825882e+04  8.406200e+00  5.298317e+03  1.324359e+00  2.320000e-04  1.324127e+00  1.232249e+01  8.642660e-01  1.232249e+01  9.998250e-01  1.587410e-01  2.104390e-01  7.116643e-02  1.434337e-02  9.486512e+01  3.598848e+01  2.992343e+05  2.828207e+53  1.462138e+58  7.650970e-06  -8.153854e+104  1.000000e+00  -1.000000e+00  0.000000e+00
5.298317e+03  2.171631e+02  1.825882e+04  9.527700e+00  5.298317e+03  1.324441e+00  2.750000e-04  1.324166e+00  1.232310e+01  8.971400e-01  1.232310e+01  9.997920e-01  1.587429e-01  2.104425e-01  7.630008e-02  1.434487e-02  9.487072e+01  4.290808e+01  2.992372e+05  3.359629e+53  1.462259e+58  7.586138e-06  -8.519602e+104  1.000000e+00  -1.000000e+00  0.000000e+00
5.298317e+03  4.714565e+02  1.825882e+04  1.079880e+01  5.298317e+03  1.324545e+00  3.120000e-04  1.324233e+00  1.232370e+01  9.199490e-01  1.232370e+01  9.997650e-01  1.587476e-01  2.104508e-01  7.993609e-02  1.434636e-02  9.486971e+01  4.870979e+01  2.992476e+05  3.803211e+53  1.462417e+58  6.702957e-06  -3.441410e+105  1.000000e+00  -1.000000e+00  1.000000e+00
5.298317e+03  4.728972e+02  1.825882e+04  1.223950e+01  5.298317e+03  1.324642e+00  3.480000e-04  1.324294e+00  1.232416e+01  9.370180e-01  1.232416e+01  9.997370e-01  1.587533e-01  2.104610e-01  8.270232e-02  1.434753e-02  9.485810e+01  5.447163e+01  2.992558e+05  4.241229e+53  1.462557e+58  6.774361e-06  -3.651123e+105  1.000000e+00  -1.000000e+00  1.000000e+00
5.298317e+03  4.745300e+02  1.825882e+04  1.387240e+01  5.298317e+03  1.324772e+00  3.950000e-04  1.324377e+00  1.232500e+01  9.560270e-01  1.232500e+01  9.997020e-01  1.587580e-01  2.104693e-01  8.583001e-02  1.434931e-02  9.485466e+01  6.181150e+01  2.992683e+05  4.797276e+53  1.462758e+58  6.822238e-06  -4.033040e+105  1.000000e+00  -1.000000e+00  1.000000e+00
5.298317e+03  4.763807e+02  1.825882e+04  1.572320e+01  5.298317e+03  1.324915e+00  4.520000e-04  1.324463e+00  1.232586e+01  9.773040e-01  1.232586e+01  9.996590e-01  1.587641e-01  2.104800e-01  8.938421e-02  1.435147e-02  9.485109e+01  7.090751e+01  2.992793e+05  5.484217e+53  1.462971e+58  7.215267e-06  -4.393377e+105  1.000000e+00  -1.000000e+00  1.000000e+00
5.298317e+03  4.784787e+02  1.825882e+04  1.782080e+01  5.298317e+03  1.325080e+00  5.230000e-04  1.324557e+00  1.232705e+01  1.000951e+00  1.232705e+01  9.996050e-01  1.587686e-01  2.104881e-01  9.339685e-02  1.435421e-02  9.485359e+01  8.215521e+01  2.992906e+05  6.330803e+53  1.463224e+58  7.307282e-06  -4.774673e+105  1.000000e+00  -1.000000e+00  1.000000e+00
5.298317e+03  4.808563e+02  1.825882e+04  2.019840e+01  5.298317e+03  1.325274e+00  6.090000e-04  1.324664e+00  1.232849e+01  1.027208e+00  1.232849e+01  9.995400e-01  1.587733e-01  2.104963e-01  9.792460e-02  1.435787e-02  9.486536e+01  9.603804e+01  2.993034e+05  7.372143e+53  1.463523e+58  7.461122e-06  -5.160073e+105  1.000000e+00  -1.000000e+00  1.000000e+00
5.298317e+03  4.835509e+02  1.825882e+04  2.289310e+01  5.298317e+03  1.325492e+00  7.150000e-04  1.324777e+00  1.233014e+01  1.056174e+00  1.233014e+01  9.994610e-01  1.587781e-01  2.105049e-01  1.030027e-01  1.436207e-02  9.487790e+01  1.130198e+02  2.993149e+05  8.641216e+53  1.463855e+58  7.809997e-06  -5.572086e+105  1.000000e+00  -1.000000e+00  1.000000e+00
5.298317e+03  4.866048e+02  1.825882e+04  2.594730e+01  5.298317e+03  1.325740e+00  8.430000e-04  1.324897e+00  1.233232e+01  1.088179e+00  1.233232e+01  9.993640e-01  1.587797e-01  2.105078e-01  1.087070e-01  1.436775e-02  9.491303e+01  1.339912e+02  2.993249e+05  1.020240e+54  1.464241e+58  7.946204e-06  -5.992174e+105  1.000000e+00  -1.000000e+00  1.000000e+00
5.298317e+03  4.900671e+02  1.825882e+04  2.940900e+01  5.298317e+03  1.326030e+00  9.980000e-04  1.325031e+00  1.233494e+01  1.123196e+00  1.233494e+01  9.992470e-01  1.587808e-01  2.105096e-01  1.150534e-01  1.437456e-02  9.495612e+01  1.594243e+02  2.993362e+05  1.208765e+54  1.464696e+58  9.078103e-06  -6.369877e+105  1.000000e+00  -1.000000e+00  1.000000e+00
5.298317e+03  4.939909e+02  1.825882e+04  3.333260e+01  5.298317e+03  1.326329e+00  1.186000e-03  1.325143e+00  1.233807e+01  1.161776e+00  1.233807e+01  9.991060e-01  1.587763e-01  2.105017e-01  1.221580e-01  1.438309e-02  9.502274e+01  1.901698e+02  2.993353e+05  1.435592e+54  1.465163e+58  9.659608e-06  -6.853181e+105  1.000000e+00  -1.000000e+00  1.000000e+00
5.298317e+03  4.984378e+02  1.825882e+04  3.777960e+01  5.298317e+03  1.326676e+00  1.413000e-03  1.325263e+00  1.234181e+01  1.203664e+00  1.234181e+01  9.989350e-01  1.587698e-01  2.104902e-01  1.299943e-01  1.439332e-02  9.511294e+01  2.283444e+02  2.993349e+05  1.715866e+54  1.465711e+58  9.641860e-06  -7.362388e+105  1.000000e+00  -1.000000e+00  1.000000e+00
5.298317e+03  5.034775e+02  1.825882e+04  4.281980e+01  5.298317e+03  1.327060e+00  1.687000e-03  1.325373e+00  1.234641e+01  1.249618e+00  1.234641e+01  9.987290e-01  1.587566e-01  2.104667e-01  1.387130e-01  1.440560e-02  9.523088e+01  2.744739e+02  2.993268e+05  2.052634e+54  1.466328e+58  1.191504e-05  -7.847481e+105  1.000000e+00  -1.000000e+00  1.000000e+00
5.298317e+03  5.091908e+02  1.825882e+04  4.853260e+01  5.298317e+03  1.327455e+00  2.018000e-03  1.325438e+00  1.235164e+01  1.299524e+00  1.235164e+01  9.984800e-01  1.587365e-01  2.104311e-01  1.483032e-01  1.442060e-02  9.539037e+01  3.309221e+02  2.993000e+05  2.462284e+54  1.466953e+58  1.347385e-05  -8.492775e+105  1.000000e+00  -1.000000e+00  1.000000e+00
5.298317e+03  5.156662e+02  1.825882e+04  5.500740e+01  5.298317e+03  1.327893e+00  2.417000e-03  1.325477e+00  1.235805e+01  1.353707e+00  1.235805e+01  9.981800e-01  1.587065e-01  2.103779e-01  1.588253e-01  1.443867e-02  9.559945e+01  4.012005e+02  2.992618e+05  2.969373e+54  1.467658e+58  1.654381e-05  -9.115730e+105  1.000000e+00  -1.000000e+00  1.000000e+00
5.298317e+03  5.230050e+02  1.825882e+04  6.234610e+01  5.298317e+03  1.328347e+00  2.898000e-03  1.325449e+00  1.236564e+01  1.412432e+00  1.236564e+01  9.978190e-01  1.586633e-01  2.103013e-01  1.703167e-01  1.446038e-02  9.587403e+01  4.861471e+02  2.992011e+05  3.577747e+54  1.468400e+58  6.890152e-05  -9.708361e+105  1.000000e+00  -1.000000e+00  1.000000e+00
5.298317e+03  5.313221e+02  1.825882e+04  7.066390e+01  5.298317e+03  1.328783e+00  3.478000e-03  1.325306e+00  1.237432e+01  1.475964e+00  1.237432e+01  9.973830e-01  1.586041e-01  2.101964e-01  1.827984e-01  1.448594e-02  9.622455e+01  5.902951e+02  2.991024e+05  4.318079e+54  1.469107e+58  1.893144e-04  -1.041034e+106  1.000000e+00  -1.000000e+00  1.000000e+00
5.298317e+03  5.407496e+02  1.825882e+04  8.009140e+01  5.298317e+03  1.329202e+00  4.177000e-03  1.325025e+00  1.238453e+01  1.544529e+00  1.238453e+01  9.968570e-01  1.585232e-01  2.100531e-01  1.962631e-01  1.451644e-02  9.667139e+01  7.180041e+02  2.989634e+05  5.218510e+54  1.469799e+58  -3.079552e-05  -1.114553e+106  -1.000000e+00  -1.000000e+00  1.000000e+00
5.298317e+03  5.514360e+02  1.825882e+04  9.077660e+01  5.298317e+03  1.329578e+00  5.021000e-03  1.324557e+00  1.239636e+01  1.618466e+00  1.239636e+01  9.962240e-01  1.584168e-01  2.098645e-01  2.106970e-01  1.455239e-02  9.723958e+01  8.747653e+02  2.987695e+05  6.314283e+54  1.470426e+58  -7.960187e-06  -1.203858e+106  -1.000000e+00  -1.000000e+00  1.000000e+00
5.298317e+03  5.635472e+02  1.825882e+04  1.028874e+02  5.298317e+03  1.329845e+00  6.040000e-03  1.323806e+00  1.240989e+01  1.698074e+00  1.240989e+01  9.954580e-01  1.582759e-01  2.096150e-01  2.260458e-01  1.459396e-02  9.794858e+01  1.070346e+03  2.984970e+05  7.670304e+54  1.470883e+58  -2.438150e-06  -1.304581e+106  -1.000000e+00  -1.000000e+00  1.000000e+00
5.298317e+03  5.772730e+02  1.825882e+04  1.166139e+02  5.298317e+03  1.329924e+00  7.270000e-03  1.322654e+00  1.242491e+01  1.783692e+00  1.242491e+01  9.945330e-01  1.580939e-01  2.092931e-01  2.422239e-01  1.464248e-02  9.884460e+01  1.311173e+03  2.981181e+05  9.323837e+54  1.471020e+58  -5.240275e-08  -1.402266e+106  -1.000000e+00  -1.000000e+00  1.000000e+00
5.298317e+03  5.928297e+02  1.825882e+04  1.321717e+02  5.298317e+03  1.329776e+00  8.758000e-03  1.321018e+00  1.244183e+01  1.875767e+00  1.244183e+01  9.934140e-01  1.578614e-01  2.088821e-01  2.591187e-01  1.469755e-02  9.994988e+01  1.607942e+03  2.976156e+05  1.134055e+55  1.470791e+58  1.114292e-06  -1.505864e+106  1.000000e+00  -1.000000e+00  1.000000e+00
5.298317e+03  6.104652e+02  1.825882e+04  1.498051e+02  5.298317e+03  1.329234e+00  1.055900e-02  1.318676e+00  1.246018e+01  1.974711e+00  1.246018e+01  9.920570e-01  1.575647e-01  2.083583e-01  2.765622e-01  1.475968e-02  1.013215e+02  1.973708e+03  2.969350e+05  1.379902e+55  1.469893e+58  2.007188e-06  -1.634487e+106  1.000000e+00  -1.000000e+00  1.000000e+00
5.298317e+03  6.304521e+02  1.825882e+04  1.697911e+02  5.298317e+03  1.328159e+00  1.274200e-02  1.315417e+00  1.247965e+01  2.081074e+00  1.247965e+01  9.904060e-01  1.571916e-01  2.077006e-01  2.943567e-01  1.482840e-02  1.030043e+02  2.431678e+03  2.960312e+05  1.684742e+55  1.468085e+58  2.618707e-06  -1.775872e+106  1.000000e+00  -1.000000e+00  1.000000e+00
5.298317e+03  6.531038e+02  1.825882e+04  1.924434e+02  5.298317e+03  1.326362e+00  1.539300e-02  1.310969e+00  1.249958e+01  2.195481e+00  1.249958e+01  9.883940e-01  1.567286e-01  2.068859e-01  3.122607e-01  1.490254e-02  1.050614e+02  2.998258e+03  2.948461e+05  2.057492e+55  1.465029e+58  3.068115e-06  -1.922547e+106  1.000000e+00  -1.000000e+00  1.000000e+00
5.298317e+03  6.787757e+02  1.825882e+04  2.181178e+02  5.298317e+03  1.323523e+00  1.862000e-02  1.304903e+00  1.251854e+01  2.318620e+00  1.251854e+01  9.859320e-01  1.561563e-01  2.058810e-01  3.299914e-01  1.497914e-02  1.075474e+02  3.699194e+03  2.932837e+05  2.513004e+55  1.460142e+58  3.445467e-06  -2.108067e+106  1.000000e+00  -1.000000e+00  1.000000e+00
5.298317e+03  7.078781e+02  1.825882e+04  2.472176e+02  5.298317e+03  1.319304e+00  2.255600e-02  1.296748e+00  1.253464e+01  2.451343e+00  1.253464e+01  9.829030e-01  1.554586e-01  2.046595e-01  3.472422e-01  1.505482e-02  1.105390e+02  4.579656e+03  2.912465e+05  3.079311e+55  1.452794e+58  3.778361e-06  -2.335014e+106  1.000000e+00  -1.000000e+00  1.000000e+00
5.298317e+03  7.408620e+02  1.825882e+04  2.801996e+02  5.298317e+03  1.313257e+00  2.737000e-02  1.285887e+00  1.254485e+01  2.594631e+00  1.254485e+01  9.791590e-01  1.546201e-01  2.031963e-01  3.636865e-01  1.512057e-02  1.140634e+02  5.687803e+03  2.886080e+05  3.784878e+55  1.442138e+58  4.051406e-06  -2.593313e+106  1.000000e+00  -1.000000e+00  1.000000e+00
5.298317e+03  7.782441e+02  1.825882e+04  3.175819e+02  5.298317e+03  1.304809e+00  3.327400e-02  1.271534e+00  1.254447e+01  2.749561e+00  1.254447e+01  9.744990e-01  1.536301e-01  2.014755e-01  3.789909e-01  1.516561e-02  1.181382e+02  7.067131e+03  2.852091e+05  4.652344e+55  1.427050e+58  4.290988e-06  -2.901544e+106  1.000000e+00  -1.000000e+00  1.000000e+00
5.298317e+03  8.206108e+02  1.825882e+04  3.599514e+02  5.298317e+03  1.293310e+00  4.053800e-02  1.252772e+00  1.252728e+01  2.917548e+00  1.252728e+01  9.686550e-01  1.524852e-01  1.994947e-01  3.928470e-01  1.517131e-02  1.226867e+02  8.807698e+03  2.808726e+05  5.736663e+55  1.406237e+58  4.513065e-06  -3.264688e+106  1.000000e+00  -1.000000e+00  1.000000e+00
5.298317e+03  8.686339e+02  1.825882e+04  4.079736e+02  5.298317e+03  1.277953e+00  4.950300e-02  1.228450e+00  1.248320e+01  3.099957e+00  1.248320e+01  9.612640e-01  1.512067e-01  1.972943e-01  4.049704e-01  1.511120e-02  1.274561e+02  1.098076e+04  2.753757e+05  7.074374e+55  1.377973e+58  4.717190e-06  -3.758062e+106  1.000000e+00  -1.000000e+00  1.000000e+00
5.298317e+03  9.230662e+02  1.825882e+04  4.624025e+02  5.298317e+03  1.257940e+00  6.060200e-02  1.197338e+00  1.239878e+01  3.298511e+00  1.239878e+01  9.518240e-01  1.498521e-01  1.949761e-01  4.151429e-01  1.494627e-02  1.318653e+02  1.372709e+04  2.684926e+05  8.750157e+55  1.340411e+58  4.919458e-06  -4.355440e+106  1.000000e+00  -1.000000e+00  1.000000e+00
5.298317e+03  9.847572e+02  1.825882e+04  5.240930e+02  5.298317e+03  1.232584e+00  7.438100e-02  1.158203e+00  1.225568e+01  3.514966e+00  1.225568e+01  9.396540e-01  1.485460e-01  1.927537e-01  4.232219e-01  1.462447e-02  1.347992e+02  1.716276e+04  2.600051e+05  1.082411e+56  1.291639e+58  5.144029e-06  -5.062406e+106  1.000000e+00  -1.000000e+00  1.000000e+00
5.298317e+03  1.054675e+03  1.825882e+04  5.940138e+02  5.298317e+03  1.201593e+00  9.153000e-02  1.110063e+00  1.203001e+01  3.751191e+00  1.203001e+01  9.238260e-01  1.475275e-01  1.910292e-01  4.291637e-01  1.408137e-02  1.343349e+02  2.155648e+04  2.497517e+05  1.346341e+56  1.230040e+58  5.394404e-06  -5.895060e+106  1.000000e+00  -1.000000e+00  1.000000e+00
5.298317e+03  1.133922e+03  1.825882e+04  6.732629e+02  5.298317e+03  1.165611e+00  1.129040e-01  1.052708e+00  1.169469e+01  4.008998e+00  1.169469e+01  9.031380e-01  1.472132e-01  1.904984e-01  4.330354e-01  1.325212e-02  1.277778e+02  2.705656e+04  2.377237e+05  1.673664e+56  1.155081e+58  5.650171e-06  -7.023990e+106  1.000000e+00  -1.000000e+00  1.000000e+00
5.298317e+03  1.223749e+03  1.825882e+04  7.630849e+02  5.298317e+03  1.126854e+00  1.395500e-01  9.873040e-01  1.122516e+01  4.290032e+00  1.122516e+01  8.761600e-01  1.482712e-01  1.922876e-01  4.350174e-01  1.209776e-02  1.125457e+02  3.392063e+04  2.241678e+05  2.078414e+56  1.068237e+58  6.132609e-06  -8.087834e+106  1.000000e+00  -1.000000e+00  1.000000e+00
5.298317e+03  1.325556e+03  1.825882e+04  8.648903e+02  5.298317e+03  1.089651e+00  1.727110e-01  9.169390e-01  1.061195e+01  4.595121e+00  1.061195e+01  8.414980e-01  1.516609e-01  1.980747e-01  4.354230e-01  1.065509e-02  8.853213e+01  4.263038e+04  2.096699e+05  2.590250e+56  9.738379e+57  7.238953e-06  -8.763559e+106  1.000000e+00  -1.000000e+00  1.000000e+00
5.298317e+03  1.440942e+03  1.825882e+04  9.802778e+02  5.298317e+03  1.060237e+00  2.138030e-01  8.464340e-01  9.877471e+00  4.924314e+00  9.877471e+00  7.983440e-01  1.585400e-01  2.100828e-01  4.346620e-01  9.095486e-03  6.053935e+01  5.340604e+04  1.951085e+05  3.218039e+56  8.788820e+57  5.779666e-05  -9.120945e+106  1.000000e+00  -1.000000e+00  1.000000e+00
5.298317e+03  1.571717e+03  1.825882e+04  1.111060e+03  5.298317e+03  1.045238e+00  2.643260e-01  7.809120e-01  9.083173e+00  5.275935e+00  9.083173e+00  7.471140e-01  1.699649e-01  2.308495e-01  4.332491e-01  7.766770e-03  3.650580e+01  6.687613e+04  1.813927e+05  3.999997e+56  7.909722e+57  6.478418e-05  -8.758803e+106  1.000000e+00  -1.000000e+00  1.000000e+00
5.298317e+03  1.719954e+03  1.825882e+04  1.259289e+03  5.298317e+03  1.049446e+00  3.257010e-01  7.237450e-01  8.313948e+00  5.646190e+00  8.313948e+00  6.896450e-01  1.864379e-01  2.627670e-01  4.317644e-01  7.223885e-03  2.138032e+01  8.335212e+04  1.691065e+05  4.949616e+56  7.152978e+57  1.595583e-06  -8.001172e+106  1.000000e+00  -1.000000e+00  1.000000e+00
5.298317e+03  1.887962e+03  1.825882e+04  1.427295e+03  5.298317e+03  1.074423e+00  3.990010e-01  6.754220e-01  7.643790e+00  6.028820e+00  7.643790e+00  6.286370e-01  2.076100e-01  3.076867e-01  4.308057e-01  8.283768e-03  1.431780e+01  1.029399e+05  1.583203e+05  6.064477e+56  6.528817e+57  3.000613e-06  -6.958019e+106  1.000000e+00  -1.000000e+00  1.000000e+00
5.298317e+03  2.078381e+03  1.825882e+04  1.617714e+03  5.298317e+03  1.118766e+00  4.846250e-01  6.341420e-01  7.111555e+00  6.415046e+00  7.111555e+00  5.668220e-01  2.323573e-01  3.668074e-01  4.309413e-01  1.200335e-02  1.181488e+01  1.261813e+05  1.487114e+05  7.375104e+56  6.013840e+57  3.294926e-06  -5.896435e+106  1.000000e+00  -1.000000e+00  1.000000e+00
5.298317e+03  2.294199e+03  1.825882e+04  1.833538e+03  5.298317e+03  1.179170e+00  5.819620e-01  5.972080e-01  6.794046e+00  6.794046e+00  6.721321e+00  5.064640e-01  2.563479e-01  4.325173e-01  4.326612e-01  1.792618e-02  1.079563e+01  1.531006e+05  1.398195e+05  8.874676e+56  5.570893e+57  3.359956e-06  -4.905236e+106  1.000000e+00  -1.000000e+00  1.000000e+00
5.298317e+03  2.538819e+03  1.825882e+04  2.078156e+03  5.298317e+03  1.251344e+00  6.891800e-01  5.621640e-01  7.153611e+00  7.153611e+00  6.437924e+00  4.492480e-01  2.583646e-01  4.384831e-01  4.386433e-01  1.769868e-02  1.024904e+01  1.830792e+05  1.312512e+05  1.051067e+57  5.165451e+57  3.328124e-06  -4.067018e+106  1.000000e+00  -1.000000e+00  1.000000e+00
5.298317e+03  2.816077e+03  1.825882e+04  2.355409e+03  5.298317e+03  1.330545e+00  8.029040e-01  5.276410e-01  7.478346e+00  7.478346e+00  6.195222e+00  3.965600e-01  2.627880e-01  4.518331e-01  4.519647e-01  1.776871e-02  9.452330e+00  2.156705e+05  1.228080e+05  1.224795e+57  4.777878e+57  3.234856e-06  -3.277532e+106  1.000000e+00  -1.000000e+00  1.000000e+00
5.298317e+03  3.130319e+03  1.825882e+04  2.669651e+03  5.298317e+03  1.411912e+00  9.184830e-01  4.934290e-01  7.758112e+00  7.758112e+00  5.958523e+00  3.494760e-01  2.688024e-01  4.705958e-01  4.707082e-01  1.780020e-02  8.456057e+00  2.495338e+05  1.144727e+05  1.398865e+57  4.404325e+57  3.118578e-06  -2.582950e+106  1.000000e+00  -1.000000e+00  1.000000e+00
5.298317e+03  3.486480e+03  1.825882e+04  3.025817e+03  5.298317e+03  1.490972e+00  1.031321e+00  4.596510e-01  7.989146e+00  7.989146e+00  5.727284e+00  3.082890e-01  2.756454e-01  4.928545e-01  4.929517e-01  1.758704e-02  7.367969e+00  2.836616e+05  1.062773e+05  1.566614e+57  4.045362e+57  2.928273e-06  -1.968555e+106  1.000000e+00  -1.000000e+00  1.000000e+00
5.298317e+03  3.890162e+03  1.825882e+04  3.429500e+03  5.298317e+03  1.564265e+00  1.137822e+00  4.264430e-01  8.172786e+00  8.172786e+00  5.501224e+00  2.726160e-01  2.826975e-01  5.168849e-01  5.169696e-01  1.713016e-02  6.324999e+00  3.177936e+05  9.825626e+04  1.727411e+57  3.701632e+57  2.731743e-06  -1.438154e+106  1.000000e+00  -1.000000e+00  1.000000e+00
5.298317e+03  4.347708e+03  1.825882e+04  3.887040e+03  5.298317e+03  1.629539e+00  1.235588e+00  3.939510e-01  8.313080e+00  8.313080e+00  5.280151e+00  2.417560e-01  2.895239e-01  5.412872e-01  5.413616e-01  1.649728e-02  5.406287e+00  3.501338e+05  9.044527e+04  1.869472e+57  3.373791e+57  2.544578e-06  -1.061125e+106  1.000000e+00  -1.000000e+00  1.000000e+00
5.298317e+03  4.866291e+03  1.825882e+04  4.405622e+03  5.298317e+03  1.685645e+00  1.323322e+00  3.623230e-01  8.415471e+00  8.415471e+00  5.063944e+00  2.149460e-01  2.958484e-01  5.649793e-01  5.650448e-01  1.576607e-02  4.637525e+00  3.807384e+05  8.288035e+04  1.994975e+57  3.062475e+57  2.310041e-06  -7.533250e+105  1.000000e+00  -1.000000e+00  1.000000e+00
5.298317e+03  5.454054e+03  1.825882e+04  4.993389e+03  5.298317e+03  1.732286e+00  1.400576e+00  3.317090e-01  8.485565e+00  8.485565e+00  4.852535e+00  1.914870e-01  3.015230e-01  5.871936e-01  5.872513e-01  1.500220e-02  4.012929e+00  4.092751e+05  7.559646e+04  2.103262e+57  2.768253e+57  2.061380e-06  -5.116535e+105  1.000000e+00  -1.000000e+00  1.000000e+00
5.298317e+03  6.120229e+03  1.825882e+04  5.659571e+03  5.298317e+03  1.769761e+00  1.467507e+00  3.022550e-01  8.528917e+00  8.528917e+00  4.645907e+00  1.707880e-01  3.064802e-01  6.073940e-01  6.074447e-01  1.426042e-02  3.515836e+00  4.355593e+05  6.862638e+04  2.194753e+57  2.491597e+57  1.839661e-06  -3.578555e+105  1.000000e+00  -1.000000e+00  1.000000e+00
5.298317e+03  6.875298e+03  1.825882e+04  6.414631e+03  5.298317e+03  1.798737e+00  1.524644e+00  2.740930e-01  8.550464e+00  8.550464e+00  4.444079e+00  1.523810e-01  3.107132e-01  6.252676e-01  6.253120e-01  1.356577e-02  3.122875e+00  4.587103e+05  6.199959e+04  2.264423e+57  2.232852e+57  1.604386e-06  -2.648945e+105  1.000000e+00  -1.000000e+00  1.000000e+00
5.298317e+03  7.731096e+03  1.825882e+04  7.270426e+03  5.298317e+03  1.820084e+00  1.572738e+00  2.473460e-01  8.554671e+00  8.554671e+00  4.247104e+00  1.358980e-01  3.142460e-01  6.406499e-01  6.406887e-01  1.293834e-02  2.814740e+00  4.794545e+05  5.574120e+04  2.319187e+57  1.992213e+57  1.311400e-06  -1.932179e+105  1.000000e+00  -1.000000e+00  1.000000e+00
5.298317e+03  8.701063e+03  1.825882e+04  8.240395e+03  5.298317e+03  1.834764e+00  1.612649e+00  2.221150e-01  8.545460e+00  8.545460e+00  4.055059e+00  1.210590e-01  3.171220e-01  6.535004e-01  6.535341e-01  1.238321e-02  2.574009e+00  4.978605e+05  4.987120e+04  2.360776e+57  1.769709e+57  9.937545e-07  -1.334365e+105  1.000000e+00  -1.000000e+00  1.000000e+00
5.298317e+03  9.800430e+03  1.825882e+04  9.339770e+03  5.298317e+03  1.843748e+00  1.645269e+00  1.984790e-01  8.526112e+00  8.526112e+00  3.868042e+00  1.076500e-01  3.193980e-01  6.638867e-01  6.639159e-01  1.190581e-02  2.387848e+00  5.139848e+05  4.440377e+04  2.390584e+57  1.565191e+57  6.423324e-07  -8.626562e+104  1.000000e+00  -1.000000e+00  1.000000e+00
5.298317e+03  1.104648e+04  1.825882e+04  1.058582e+04  5.298317e+03  1.847984e+00  1.671488e+00  1.764960e-01  8.499586e+00  8.499586e+00  3.686160e+00  9.550700e-02  3.211308e-01  6.719267e-01  6.719518e-01  1.149538e-02  2.243997e+00  5.279760e+05  3.934700e+04  2.410515e+57  1.378334e+57  2.338869e-07  -7.049773e+104  1.000000e+00  -1.000000e+00  1.000000e+00
5.298317e+03  1.245877e+04  1.825882e+04  1.199810e+04  5.298317e+03  1.848355e+00  1.692160e+00  1.561940e-01  8.468311e+00  8.468311e+00  3.509530e+00  8.450500e-02  3.223815e-01  6.778028e-01  6.778243e-01  1.115393e-02  2.135433e+00  5.392360e+05  3.470277e+04  2.416646e+57  1.208643e+57  -2.106249e-07  -5.376461e+104  -1.000000e+00  -1.000000e+00  1.000000e+00
5.298317e+03  1.405947e+04  1.825882e+04  1.359880e+04  5.298317e+03  1.845675e+00  1.708096e+00  1.375790e-01  8.434296e+00  8.434296e+00  3.338268e+00  7.454100e-02  3.232124e-01  6.817409e-01  6.817594e-01  1.087464e-02  2.055340e+00  5.494208e+05  3.046700e+04  2.421664e+57  1.055467e+57  -9.417732e-07  -3.229960e+104  -1.000000e+00  -1.000000e+00  1.000000e+00
5.298317e+03  1.587372e+04  1.825882e+04  1.541306e+04  5.298317e+03  1.840679e+00  1.720051e+00  1.206290e-01  8.399264e+00  8.399264e+00  3.172482e+00  6.553500e-02  3.236820e-01  6.839791e-01  6.839948e-01  1.064573e-02  1.997520e+00  5.571995e+05  2.663005e+04  2.415764e+57  9.180182e+56  -1.858878e-06  -3.324739e+104  -1.000000e+00  -1.000000e+00  1.000000e+00
5.298317e+03  1.793002e+04  1.825882e+04  1.746936e+04  5.298317e+03  1.834025e+00  1.728724e+00  1.053010e-01  8.364775e+00  8.364775e+00  3.012273e+00  5.741500e-02  3.238416e-01  6.847418e-01  6.847550e-01  1.046657e-02  1.959069e+00  5.635526e+05  2.317745e+04  2.406265e+57  7.953988e+56  -3.250360e-06  -2.231168e+104  -1.000000e+00  -1.000000e+00  1.000000e+00
5.298317e+03  2.025605e+04  1.825882e+04  1.979538e+04  5.298317e+03  1.826298e+00  1.734741e+00  9.155600e-02  8.331800e+00  8.331800e+00  2.858004e+00  5.013200e-02  3.237534e-01  6.843202e-01  6.843315e-01  1.032697e-02  1.935573e+00  5.686139e+05  2.009606e+04  2.394074e+57  6.868160e+56  -3.903027e-06  -1.636109e+104  -1.000000e+00  -1.000000e+00  1.000000e+00
7.278954e+03  1.316026e+02  2.460755e+04  1.870400e+00  7.278954e+03  1.287723e+00  2.000000e-05  1.287703e+00  1.233380e+01  5.076510e-01  1.233380e+01  9.999850e-01  1.542081e-01  2.024793e-01  3.417221e-02  1.488200e-02  1.137732e+02  3.004332e+00  2.912062e+05  2.477028e+52  1.414259e+58  4.159483e-06  0.000000e+00  1.000000e+00  -1.000000e+00  0.000000e+00
7.278954e+03  1.379494e+02  2.460755e+04  2.120000e+00  7.278954e+03  1.287754e+00  2.300000e-05  1.287730e+00  1.233400e+01  5.219430e-01  1.233400e+01  9.999820e-01  1.542092e-01  2.024813e-01  3.606441e-02  1.488216e-02  1.137709e+02  3.542872e+00  2.912130e+05  2.907749e+52  1.414313e+58  6.855669e-05  0.000000e+00  1.000000e+00  -1.000000e+00  0.000000e+00
7.278954e+03  1.527256e+02  2.460755e+04  2.402800e+00  7.278954e+03  1.287762e+00  2.800000e-05  1.287734e+00  1.233406e+01  5.363610e-01  1.233406e+01  9.999790e-01  1.542096e-01  2.024818e-01  3.801970e-02  1.488235e-02  1.137659e+02  4.155641e+00  2.912125e+05  3.395865e+52  1.414323e+58  6.775429e-05  0.000000e+00  1.000000e+00  -1.000000e+00  0.000000e+00
7.278954e+03  1.576382e+02  2.460755e+04  2.723400e+00  7.278954e+03  1.287783e+00  3.200000e-05  1.287751e+00  1.233414e+01  5.515120e-01  1.233414e+01  9.999750e-01  1.542111e-01  2.024845e-01  4.012409e-02  1.488235e-02  1.137625e+02  4.884804e+00  2.912158e+05  3.974537e+52  1.414356e+58  5.380548e-06  0.000000e+00  1.000000e+00  -1.000000e+00  0.000000e+00
7.278954e+03  1.627167e+02  2.460755e+04  3.086700e+00  7.278954e+03  1.287801e+00  3.800000e-05  1.287763e+00  1.233417e+01  5.677010e-01  1.233417e+01  9.999700e-01  1.542129e-01  2.024877e-01  4.242813e-02  1.488249e-02  1.137586e+02  5.759183e+00  2.912183e+05  4.666162e+52  1.414381e+58  6.716968e-06  0.000000e+00  1.000000e+00  -1.000000e+00  0.000000e+00
7.278954e+03  1.679681e+02  2.460755e+04  3.498500e+00  7.278954e+03  1.287816e+00  4.500000e-05  1.287772e+00  1.233417e+01  5.849530e-01  1.233417e+01  9.999650e-01  1.542147e-01  2.024907e-01  4.494520e-02  1.488251e-02  1.137503e+02  6.805633e+00  2.912192e+05  5.491290e+52  1.414399e+58  7.747300e-06  -9.445995e+103  1.000000e+00  -1.000000e+00  0.000000e+00
7.278954e+03  1.734000e+02  2.460755e+04  3.965200e+00  7.278954e+03  1.287837e+00  5.300000e-05  1.287784e+00  1.233428e+01  6.034080e-01  1.233428e+01  9.999590e-01  1.542157e-01  2.024925e-01  4.770714e-02  1.488263e-02  1.137469e+02  8.056836e+00  2.912205e+05  6.474841e+52  1.414428e+58  7.352077e-06  -1.086447e+104  1.000000e+00  -1.000000e+00  0.000000e+00
7.278954e+03  1.790190e+02  2.460755e+04  4.494300e+00  7.278954e+03  1.287877e+00  6.300000e-05  1.287814e+00  1.233450e+01  6.230350e-01  1.233450e+01  9.999510e-01  1.542178e-01  2.024962e-01  5.072172e-02  1.488312e-02  1.137416e+02  9.552237e+00  2.912267e+05  7.646725e+52  1.414493e+58  5.675194e-06  -1.250568e+104  1.000000e+00  -1.000000e+00  0.000000e+00
7.278954e+03  1.848335e+02  2.460755e+04  5.093900e+00  7.278954e+03  1.287914e+00  7.400000e-05  1.287840e+00  1.233464e+01  6.439730e-01  1.233464e+01  9.999420e-01  1.542205e-01  2.025008e-01  5.402329e-02  1.488325e-02  1.137352e+02  1.133944e+01  2.912310e+05  9.042969e+52  1.414545e+58  5.907136e-06  -1.440154e+104  1.000000e+00  -1.000000e+00  0.000000e+00
7.278954e+03  1.908524e+02  2.460755e+04  5.773400e+00  7.278954e+03  1.287958e+00  8.800000e-05  1.287870e+00  1.233483e+01  6.661750e-01  1.233483e+01  9.999320e-01  1.542233e-01  2.025057e-01  5.761817e-02  1.488352e-02  1.137282e+02  1.347539e+01  2.912365e+05  1.070640e+53  1.414611e+58  7.157249e-06  -1.659297e+104  1.000000e+00  -1.000000e+00  0.000000e+00
7.278954e+03  1.970844e+02  2.460755e+04  6.543700e+00  7.278954e+03  1.287995e+00  1.040000e-04  1.287890e+00  1.233503e+01  6.897640e-01  1.233503e+01  9.999190e-01  1.542252e-01  2.025090e-01  6.154090e-02  1.488426e-02  1.137241e+02  1.602882e+01  2.912386e+05  1.268847e+53  1.414663e+58  7.577375e-06  -1.909924e+104  1.000000e+00  -1.000000e+00  0.000000e+00
7.278954e+03  2.035396e+02  2.460755e+04  7.416700e+00  7.278954e+03  1.288046e+00  1.240000e-04  1.287922e+00  1.233531e+01  7.149010e-01  1.233531e+01  9.999040e-01  1.542278e-01  2.025136e-01  6.583387e-02  1.488445e-02  1.137122e+02  1.908250e+01  2.912430e+05  1.505084e+53  1.414740e+58  6.757442e-06  -2.196544e+104  1.000000e+00  -1.000000e+00  0.000000e+00
7.278954e+03  2.102287e+02  2.460755e+04  8.406200e+00  7.278954e+03  1.288103e+00  1.470000e-04  1.287956e+00  1.233555e+01  7.415530e-01  1.233555e+01  9.998860e-01  1.542318e-01  2.025204e-01  7.050840e-02  1.488552e-02  1.137131e+02  2.273573e+01  2.912480e+05  1.786692e+53  1.414819e+58  7.305994e-06  -2.528679e+104  1.000000e+00  -1.000000e+00  0.000000e+00
7.278954e+03  2.171631e+02  2.460755e+04  9.527700e+00  7.278954e+03  1.288165e+00  1.740000e-04  1.287991e+00  1.233601e+01  7.697610e-01  1.233601e+01  9.998650e-01  1.542334e-01  2.025233e-01  7.558774e-02  1.488669e-02  1.137109e+02  2.710896e+01  2.912515e+05  2.122554e+53  1.414913e+58  7.072724e-06  -2.638258e+104  1.000000e+00  -1.000000e+00  0.000000e+00
7.278954e+03  4.714565e+02  2.460755e+04  1.079880e+01  7.278954e+03  1.288240e+00  1.970000e-04  1.288043e+00  1.233633e+01  7.893570e-01  1.233633e+01  9.998470e-01  1.542384e-01  2.025320e-01  7.919052e-02  1.488719e-02  1.136961e+02  3.078303e+01  2.912611e+05  2.403458e+53  1.415025e+58  5.431585e-06  -1.066289e+105  1.000000e+00  -1.000000e+00  1.000000e+00
7.278954e+03  4.728972e+02  2.460755e+04  1.223950e+01  7.278954e+03  1.288326e+00  2.200000e-04  1.288105e+00  1.233666e+01  8.040720e-01  1.233666e+01  9.998290e-01  1.542445e-01  2.025425e-01  8.193946e-02  1.488770e-02  1.136818e+02  3.443592e+01  2.912739e+05  2.681148e+53  1.415155e+58  6.328150e-06  -1.133987e+105  1.000000e+00  -1.000000e+00  1.000000e+00
7.278954e+03  4.745300e+02  2.460755e+04  1.387240e+01  7.278954e+03  1.288406e+00  2.500000e-04  1.288156e+00  1.233699e+01  8.205140e-01  1.233699e+01  9.998060e-01  1.542500e-01  2.025521e-01  8.505577e-02  1.488835e-02  1.136666e+02  3.908906e+01  2.912805e+05  3.033667e+53  1.415268e+58  6.745738e-06  -1.254818e+105  1.000000e+00  -1.000000e+00  1.000000e+00
7.278954e+03  4.763807e+02  2.460755e+04  1.572320e+01  7.278954e+03  1.288513e+00  2.860000e-04  1.288227e+00  1.233757e+01  8.388510e-01  1.233757e+01  9.997780e-01  1.542556e-01  2.025619e-01  8.858292e-02  1.488982e-02  1.136587e+02  4.485418e+01  2.912921e+05  3.469051e+53  1.415430e+58  6.367904e-06  -1.373985e+105  1.000000e+00  -1.000000e+00  1.000000e+00
7.278954e+03  4.784787e+02  2.460755e+04  1.782080e+01  7.278954e+03  1.288629e+00  3.310000e-04  1.288298e+00  1.233817e+01  8.592610e-01  1.233817e+01  9.997430e-01  1.542620e-01  2.025730e-01  9.256918e-02  1.489104e-02  1.136411e+02  5.207604e+01  2.913026e+05  4.012568e+53  1.415600e+58  6.595414e-06  -1.487575e+105  1.000000e+00  -1.000000e+00  1.000000e+00
7.278954e+03  4.808563e+02  2.460755e+04  2.019840e+01  7.278954e+03  1.288773e+00  3.860000e-04  1.288387e+00  1.233901e+01  8.818680e-01  1.233901e+01  9.997000e-01  1.542687e-01  2.025847e-01  9.705468e-02  1.489286e-02  1.136294e+02  6.078726e+01  2.913155e+05  4.666003e+53  1.415816e+58  6.645219e-06  -1.595191e+105  1.000000e+00  -1.000000e+00  1.000000e+00
7.278954e+03  4.835509e+02  2.460755e+04  2.289310e+01  7.278954e+03  1.288938e+00  4.530000e-04  1.288485e+00  1.234004e+01  9.068530e-01  1.234004e+01  9.996490e-01  1.542756e-01  2.025966e-01  1.020928e-01  1.489530e-02  1.136233e+02  7.155328e+01  2.913296e+05  5.470547e+53  1.416065e+58  6.895040e-06  -1.732137e+105  1.000000e+00  -1.000000e+00  1.000000e+00
7.278954e+03  4.866048e+02  2.460755e+04  2.594730e+01  7.278954e+03  1.289126e+00  5.340000e-04  1.288592e+00  1.234133e+01  9.343420e-01  1.234133e+01  9.995850e-01  1.542819e-01  2.026077e-01  1.077269e-01  1.489872e-02  1.136246e+02  8.484661e+01  2.913426e+05  6.460150e+53  1.416350e+58  7.188997e-06  -1.864459e+105  1.000000e+00  -1.000000e+00  1.000000e+00
7.278954e+03  4.900671e+02  2.460755e+04  2.940900e+01  7.278954e+03  1.289340e+00  6.330000e-04  1.288707e+00  1.234290e+01  9.645910e-01  1.234290e+01  9.995090e-01  1.542879e-01  2.026180e-01  1.140279e-01  1.490272e-02  1.136359e+02  1.009819e+02  2.913561e+05  7.656161e+53  1.416674e+58  7.348192e-06  -1.998597e+105  1.000000e+00  -1.000000e+00  1.000000e+00
7.278954e+03  4.939909e+02  2.460755e+04  3.333260e+01  7.278954e+03  1.289587e+00  7.520000e-04  1.288834e+00  1.234490e+01  9.977100e-01  1.234490e+01  9.994170e-01  1.542924e-01  2.026258e-01  1.210374e-01  1.490775e-02  1.136566e+02  1.207856e+02  2.913691e+05  9.117438e+53  1.417054e+58  7.699801e-06  -2.136200e+105  1.000000e+00  -1.000000e+00  1.000000e+00
7.278954e+03  4.984378e+02  2.460755e+04  3.777960e+01  7.278954e+03  1.289863e+00  8.960000e-04  1.288967e+00  1.234716e+01  1.034002e+00  1.234716e+01  9.993050e-01  1.542973e-01  2.026344e-01  1.288350e-01  1.491400e-02  1.136893e+02  1.447105e+02  2.913802e+05  1.087357e+54  1.417473e+58  8.017437e-06  -2.276779e+105  1.000000e+00  -1.000000e+00  1.000000e+00
7.278954e+03  5.034775e+02  2.460755e+04  4.281980e+01  7.278954e+03  1.290179e+00  1.071000e-03  1.289109e+00  1.235008e+01  1.073417e+00  1.235008e+01  9.991700e-01  1.542986e-01  2.026366e-01  1.374245e-01  1.492201e-02  1.137463e+02  1.739601e+02  2.913898e+05  1.300881e+54  1.417965e+58  8.463728e-06  -2.464109e+105  1.000000e+00  -1.000000e+00  1.000000e+00
7.278954e+03  5.091908e+02  2.460755e+04  4.853260e+01  7.278954e+03  1.290525e+00  1.281000e-03  1.289244e+00  1.235359e+01  1.116444e+00  1.235359e+01  9.990080e-01  1.542960e-01  2.026322e-01  1.469166e-01  1.493146e-02  1.138215e+02  2.103903e+02  2.913926e+05  1.565384e+54  1.418501e+58  8.732114e-06  -2.647003e+105  1.000000e+00  -1.000000e+00  1.000000e+00
7.278954e+03  5.156662e+02  2.460755e+04  5.500740e+01  7.278954e+03  1.290928e+00  1.534000e-03  1.289393e+00  1.235795e+01  1.163128e+00  1.235795e+01  9.988110e-01  1.542897e-01  2.026212e-01  1.573214e-01  1.494322e-02  1.139376e+02  2.544090e+02  2.913951e+05  1.882829e+54  1.419141e+58  9.936643e-06  -2.817041e+105  1.000000e+00  -1.000000e+00  1.000000e+00
7.278954e+03  5.230050e+02  2.460755e+04  6.234610e+01  7.278954e+03  1.291339e+00  1.840000e-03  1.289499e+00  1.236292e+01  1.213738e+00  1.236292e+01  9.985750e-01  1.542769e-01  2.025988e-01  1.686831e-01  1.495801e-02  1.140984e+02  3.083573e+02  2.913787e+05  2.269177e+54  1.419785e+58  1.128088e-05  -3.025844e+105  1.000000e+00  -1.000000e+00  1.000000e+00
7.278954e+03  5.313221e+02  2.460755e+04  7.066390e+01  7.278954e+03  1.291794e+00  2.210000e-03  1.289584e+00  1.236905e+01  1.268479e+00  1.236905e+01  9.982890e-01  1.542547e-01  2.025603e-01  1.810173e-01  1.497543e-02  1.143092e+02  3.745130e+02  2.913517e+05  2.739406e+54  1.420512e+58  1.285471e-05  -3.237669e+105  1.000000e+00  -1.000000e+00  1.000000e+00
7.278954e+03  5.407496e+02  2.460755e+04  8.009140e+01  7.278954e+03  1.292277e+00  2.655000e-03  1.289622e+00  1.237627e+01  1.327599e+00  1.237627e+01  9.979450e-01  1.542225e-01  2.025043e-01  1.943266e-01  1.499656e-02  1.145934e+02  4.556814e+02  2.913052e+05  3.311664e+54  1.421287e+58  1.648050e-05  -3.498813e+105  1.000000e+00  -1.000000e+00  1.000000e+00
7.278954e+03  5.514360e+02  2.460755e+04  9.077660e+01  7.278954e+03  1.292767e+00  3.193000e-03  1.289574e+00  1.238480e+01  1.391350e+00  1.238480e+01  9.975300e-01  1.541746e-01  2.024210e-01  2.085885e-01  1.502209e-02  1.149694e+02  5.569874e+02  2.912305e+05  4.020565e+54  1.422083e+58  1.807380e-04  -3.759936e+105  1.000000e+00  -1.000000e+00  1.000000e+00
7.278954e+03  5.635472e+02  2.460755e+04  1.028874e+02  7.278954e+03  1.293228e+00  3.843000e-03  1.289385e+00  1.239474e+01  1.460046e+00  1.239474e+01  9.970290e-01  1.541059e-01  2.023016e-01  2.237591e-01  1.505214e-02  1.154525e+02  6.797932e+02  2.911100e+05  4.871030e+54  1.422836e+58  2.235916e-04  -4.032595e+105  1.000000e+00  -1.000000e+00  1.000000e+00
7.278954e+03  5.772730e+02  2.460755e+04  1.166139e+02  7.278954e+03  1.293644e+00  4.628000e-03  1.289016e+00  1.240621e+01  1.533893e+00  1.240621e+01  9.964230e-01  1.540129e-01  2.021401e-01  2.397351e-01  1.508809e-02  1.160812e+02  8.330486e+02  2.909365e+05  5.923158e+54  1.423522e+58  -1.664266e-05  -4.359942e+105  -1.000000e+00  -1.000000e+00  1.000000e+00
7.278954e+03  5.928297e+02  2.460755e+04  1.321717e+02  7.278954e+03  1.293963e+00  5.578000e-03  1.288385e+00  1.241938e+01  1.613400e+00  1.241938e+01  9.956890e-01  1.538877e-01  2.019225e-01  2.564287e-01  1.512997e-02  1.168804e+02  1.022074e+03  2.906893e+05  7.207506e+54  1.424061e+58  -4.103993e-06  -4.681605e+105  -1.000000e+00  -1.000000e+00  1.000000e+00
7.278954e+03  6.104652e+02  2.460755e+04  1.498051e+02  7.278954e+03  1.294122e+00  6.730000e-03  1.287392e+00  1.243440e+01  1.698869e+00  1.243440e+01  9.948000e-01  1.537205e-01  2.016324e-01  2.736612e-01  1.517881e-02  1.178937e+02  1.255288e+03  2.903439e+05  8.774860e+54  1.424349e+58  -6.603429e-07  -5.072900e+105  -1.000000e+00  -1.000000e+00  1.000000e+00
7.278954e+03  6.304521e+02  2.460755e+04  1.697911e+02  7.278954e+03  1.294011e+00  8.128000e-03  1.285883e+00  1.245100e+01  1.790836e+00  1.245100e+01  9.937190e-01  1.535025e-01  2.012542e-01  2.912454e-01  1.523503e-02  1.191759e+02  1.547560e+03  2.898646e+05  1.071998e+55  1.424194e+58  1.032780e-06  -5.517095e+105  1.000000e+00  -1.000000e+00  1.000000e+00
7.278954e+03  6.531038e+02  2.460755e+04  1.924434e+02  7.278954e+03  1.293505e+00  9.828000e-03  1.283677e+00  1.246904e+01  1.889804e+00  1.246904e+01  9.924020e-01  1.532205e-01  2.007657e-01  3.089337e-01  1.529793e-02  1.207723e+02  1.909496e+03  2.892093e+05  1.310062e+55  1.423385e+58  2.023462e-06  -5.972096e+105  1.000000e+00  -1.000000e+00  1.000000e+00
7.278954e+03  6.787757e+02  2.460755e+04  2.181178e+02  7.278954e+03  1.292436e+00  1.190000e-02  1.280535e+00  1.248808e+01  1.996459e+00  1.248808e+01  9.907920e-01  1.528603e-01  2.001427e-01  3.264560e-01  1.536738e-02  1.227589e+02  2.358083e+03  2.883269e+05  1.601535e+55  1.421632e+58  2.696730e-06  -6.526555e+105  1.000000e+00  -1.000000e+00  1.000000e+00
7.278954e+03  7.078781e+02  2.460755e+04  2.472176e+02  7.278954e+03  1.290553e+00  1.443300e-02  1.276119e+00  1.250716e+01  2.111519e+00  1.250716e+01  9.888160e-01  1.524048e-01  1.993560e-01  3.435005e-01  1.544193e-02  1.252029e+02  2.922243e+03  2.871411e+05  1.964301e+55  1.418492e+58  3.214388e-06  -7.231702e+105  1.000000e+00  -1.000000e+00  1.000000e+00
7.278954e+03  7.408620e+02  2.460755e+04  2.801996e+02  7.278954e+03  1.287547e+00  1.753800e-02  1.270009e+00  1.252477e+01  2.235992e+00  1.252477e+01  9.863790e-01  1.518362e-01  1.983762e-01  3.597537e-01  1.551784e-02  1.281916e+02  3.634018e+03  2.855639e+05  2.417426e+55  1.413409e+58  3.607623e-06  -8.029068e+105  1.000000e+00  -1.000000e+00  1.000000e+00
7.278954e+03  7.782441e+02  2.460755e+04  3.175819e+02  7.278954e+03  1.283021e+00  2.135700e-02  1.261664e+00  1.253863e+01  2.370779e+00  1.253863e+01  9.833540e-01  1.511351e-01  1.971715e-01  3.748691e-01  1.559011e-02  1.318060e+02  4.522321e+03  2.834824e+05  2.976006e+55  1.405656e+58  3.922055e-06  -8.989360e+105  1.000000e+00  -1.000000e+00  1.000000e+00
7.278954e+03  8.206108e+02  2.460755e+04  3.599514e+02  7.278954e+03  1.276436e+00  2.607100e-02  1.250365e+00  1.254508e+01  2.517214e+00  1.254508e+01  9.795750e-01  1.502821e-01  1.957106e-01  3.885373e-01  1.564911e-02  1.361009e+02  5.646589e+03  2.807502e+05  3.676294e+55  1.394234e+58  4.193229e-06  -1.021567e+106  1.000000e+00  -1.000000e+00  1.000000e+00
7.278954e+03  8.686339e+02  2.460755e+04  4.079736e+02  7.278954e+03  1.267143e+00  3.191300e-02  1.235231e+00  1.253853e+01  2.676741e+00  1.253853e+01  9.748150e-01  1.492659e-01  1.939771e-01  4.004696e-01  1.568009e-02  1.410772e+02  7.055550e+03  2.771923e+05  4.543620e+55  1.377887e+58  4.427346e-06  -1.176223e+106  1.000000e+00  -1.000000e+00  1.000000e+00
7.278954e+03  9.230662e+02  2.460755e+04  4.624025e+02  7.278954e+03  1.254362e+00  3.918000e-02  1.215181e+00  1.251095e+01  2.850965e+00  1.251095e+01  9.687650e-01  1.480860e-01  1.919739e-01  4.104290e-01  1.565914e-02  1.465914e+02  8.845126e+03  2.726007e+05  5.635910e+55  1.355061e+58  4.658700e-06  -1.377551e+106  1.000000e+00  -1.000000e+00  1.000000e+00
7.278954e+03  9.847572e+02  2.460755e+04  5.240930e+02  7.278954e+03  1.237155e+00  4.826000e-02  1.188895e+00  1.245021e+01  3.041750e+00  1.245021e+01  9.609910e-01  1.467672e-01  1.897466e-01  4.182534e-01  1.555310e-02  1.522581e+02  1.112360e+04  2.667250e+05  7.015881e+55  1.323789e+58  4.864051e-06  -1.633719e+106  1.000000e+00  -1.000000e+00  1.000000e+00
7.278954e+03  1.054675e+03  2.460755e+04  5.940138e+02  7.278954e+03  1.214626e+00  5.964800e-02  1.154978e+00  1.233954e+01  3.251324e+00  1.233954e+01  9.508920e-01  1.453868e-01  1.874288e-01  4.238668e-01  1.531221e-02  1.571519e+02  1.399798e+04  2.593137e+05  8.740167e+55  1.281967e+58  5.063525e-06  -2.002426e+106  1.000000e+00  -1.000000e+00  1.000000e+00
7.278954e+03  1.133922e+03  2.460755e+04  6.732629e+02  7.278954e+03  1.186076e+00  7.398100e-02  1.112095e+00  1.215630e+01  3.481750e+00  1.215630e+01  9.376250e-01  1.441096e-01  1.852962e-01  4.273013e-01  1.487161e-02  1.595133e+02  1.766478e+04  2.501379e+05  1.092605e+56  1.227515e+58  5.271594e-06  -2.468313e+106  1.000000e+00  -1.000000e+00  1.000000e+00
7.278954e+03  1.223749e+03  2.460755e+04  7.630849e+02  7.278954e+03  1.151449e+00  9.207300e-02  1.059376e+00  1.187160e+01  3.735373e+00  1.187160e+01  9.200370e-01  1.432574e-01  1.838796e-01  4.286974e-01  1.415388e-02  1.563839e+02  2.229690e+04  2.390647e+05  1.366514e+56  1.158950e+58  5.529964e-06  -3.018501e+106  1.000000e+00  -1.000000e+00  1.000000e+00
7.278954e+03  1.325556e+03  2.460755e+04  8.648903e+02  7.278954e+03  1.112048e+00  1.149430e-01  9.971040e-01  1.145475e+01  4.014252e+00  1.145475e+01  8.966380e-01  1.433902e-01  1.841000e-01  4.283142e-01  1.309129e-02  1.439784e+02  2.826073e+04  2.261827e+05  1.718404e+56  1.076446e+58  5.874125e-06  -3.660278e+106  1.000000e+00  -1.000000e+00  1.000000e+00
7.278954e+03  1.440942e+03  2.460755e+04  9.802778e+02  7.278954e+03  1.071368e+00  1.438440e-01  9.275240e-01  1.088351e+01  4.320038e+00  1.088351e+01  8.657380e-01  1.453956e-01  1.874435e-01  4.265171e-01  1.166903e-02  1.197266e+02  3.578284e+04  2.119344e+05  2.159351e+56  9.830546e+57  6.494847e-06  -4.290418e+106  1.000000e+00  -1.000000e+00  1.000000e+00
7.278954e+03  1.571717e+03  2.460755e+04  1.111060e+03  7.278954e+03  1.035448e+00  1.802550e-01  8.551920e-01  1.016291e+01  4.653307e+00  1.016291e+01  8.259160e-01  1.504845e-01  1.960567e-01  4.237763e-01  9.996445e-03  8.635744e+01  4.530664e+04  1.971618e+05  2.715389e+56  8.853061e+57  9.290308e-06  -4.759317e+106  1.000000e+00  -1.000000e+00  1.000000e+00
7.278954e+03  1.719954e+03  2.460755e+04  1.259289e+03  7.278954e+03  1.011869e+00  2.258250e-01  7.860440e-01  9.342664e+00  5.013039e+00  9.342664e+00  7.768240e-01  1.599688e-01  2.126225e-01  4.206430e-01  8.371343e-03  5.327507e+01  5.726543e+04  1.829254e+05  3.410488e+56  7.919040e+57  -2.220170e-04  -4.836913e+106  -1.000000e+00  -1.000000e+00  1.000000e+00
7.278954e+03  1.887962e+03  2.460755e+04  1.427295e+03  7.278954e+03  1.007232e+00  2.822240e-01  7.250080e-01  8.512467e+00  5.395994e+00  8.512467e+00  7.198020e-01  1.747655e-01  2.399000e-01  4.177123e-01  7.321242e-03  2.993750e+01  7.226127e+04  1.700846e+05  4.279999e+56  7.102587e+57  -1.056918e-06  -4.492452e+106  -1.000000e+00  -1.000000e+00  1.000000e+00
7.278954e+03  2.078381e+03  2.460755e+04  1.617714e+03  7.278954e+03  1.024788e+00  3.508770e-01  6.739110e-01  7.766011e+00  5.796024e+00  7.766011e+00  6.576100e-01  1.949026e-01  2.801645e-01  4.155929e-01  7.669466e-03  1.817937e+01  9.041298e+04  1.589424e+05  5.322236e+56  6.433444e+57  2.764395e-06  -4.009688e+106  1.000000e+00  -1.000000e+00  1.000000e+00
7.278954e+03  2.294199e+03  2.460755e+04  1.833538e+03  7.278954e+03  1.064037e+00  4.325940e-01  6.314430e-01  7.162622e+00  6.203963e+00  7.162622e+00  5.934410e-01  2.194150e-01  3.349125e-01  4.148520e-01  1.060475e-02  1.390192e+01  1.123031e+05  1.492545e+05  6.570072e+56  5.895566e+57  3.292642e-06  -3.439886e+106  1.000000e+00  -1.000000e+00  1.000000e+00
7.278954e+03  2.538819e+03  2.460755e+04  2.078156e+03  7.278954e+03  1.121874e+00  5.271620e-01  5.947120e-01  6.717168e+00  6.608067e+00  6.717168e+00  5.301060e-01  2.466833e-01  4.049248e-01  4.159657e-01  1.742921e-02  1.272003e+01  1.380583e+05  1.405166e+05  8.023232e+56  5.449216e+57  3.421766e-06  -2.884190e+106  1.000000e+00  -1.000000e+00  1.000000e+00
7.278954e+03  2.816077e+03  2.460755e+04  2.355409e+03  7.278954e+03  1.193828e+00  6.330480e-01  5.607800e-01  6.995107e+00  6.995107e+00  6.403425e+00  4.697330e-01  2.520745e-01  4.201180e-01  4.203493e-01  1.818778e-02  1.191361e+01  1.671883e+05  1.322427e+05  9.637803e+56  5.053141e+57  3.441947e-06  -2.436451e+106  1.000000e+00  -1.000000e+00  1.000000e+00
7.278954e+03  3.130319e+03  2.460755e+04  2.669651e+03  7.278954e+03  1.274812e+00  7.470860e-01  5.277260e-01  7.348463e+00  7.348463e+00  6.151038e+00  4.139640e-01  2.562307e-01  4.321729e-01  4.323584e-01  1.830741e-02  1.105046e+01  1.988826e+05  1.241392e+05  1.134884e+57  4.680016e+57  3.345082e-06  -1.986120e+106  1.000000e+00  -1.000000e+00  1.000000e+00
7.278954e+03  3.486480e+03  2.460755e+04  3.025817e+03  7.278954e+03  1.359523e+00  8.645010e-01  4.950220e-01  7.654982e+00  7.654982e+00  5.908654e+00  3.641150e-01  2.623155e-01  4.503892e-01  4.505433e-01  1.845585e-02  9.906565e+00  2.329647e+05  1.161378e+05  1.314479e+57  4.321702e+57  3.208737e-06  -1.531520e+106  1.000000e+00  -1.000000e+00  1.000000e+00
7.278954e+03  3.890162e+03  2.460755e+04  3.429500e+03  7.278954e+03  1.442926e+00  9.801910e-01  4.627350e-01  7.909336e+00  7.909336e+00  5.673118e+00  3.206920e-01  2.694547e-01  4.726747e-01  4.728069e-01  1.834724e-02  8.610949e+00  2.671617e+05  1.082587e+05  1.486241e+57  3.978100e+57  3.051461e-06  -1.179463e+106  1.000000e+00  -1.000000e+00  1.000000e+00
7.278954e+03  4.347708e+03  2.460755e+04  3.887040e+03  7.278954e+03  1.521007e+00  1.090044e+00  4.309620e-01  8.112343e+00  8.112343e+00  5.443996e+00  2.833400e-01  2.769277e-01  4.971393e-01  4.972541e-01  1.793742e-02  7.342375e+00  3.015185e+05  1.005280e+05  1.651732e+57  3.649433e+57  2.823949e-06  -8.402718e+105  1.000000e+00  -1.000000e+00  1.000000e+00
7.278954e+03  4.866291e+03  2.460755e+04  4.405622e+03  7.278954e+03  1.591092e+00  1.191281e+00  3.998110e-01  8.268327e+00  8.268327e+00  5.220960e+00  2.512810e-01  2.842230e-01  5.222377e-01  5.223378e-01  1.730617e-02  6.220328e+00  3.348499e+05  9.297387e+04  1.803652e+57  3.335997e+57  2.634646e-06  -5.928240e+105  1.000000e+00  -1.000000e+00  1.000000e+00
7.278954e+03  5.454054e+03  2.460755e+04  4.993389e+03  7.278954e+03  1.651767e+00  1.282369e+00  3.693980e-01  8.383177e+00  8.383177e+00  5.003763e+00  2.236380e-01  2.910193e-01  5.467919e-01  5.468799e-01  1.654526e-02  5.284131e+00  3.659255e+05  8.562620e+04  1.934540e+57  3.038120e+57  2.431985e-06  -4.228800e+105  1.000000e+00  -1.000000e+00  1.000000e+00
7.278954e+03  6.120229e+03  2.460755e+04  5.659571e+03  7.278954e+03  1.702603e+00  1.362758e+00  3.398450e-01  8.463181e+00  8.463181e+00  4.792224e+00  1.996030e-01  2.971402e-01  5.699544e-01  5.700315e-01  1.573390e-02  4.528330e+00  3.949841e+05  7.851529e+04  2.048035e+57  2.756132e+57  2.184078e-06  -2.871672e+105  1.000000e+00  -1.000000e+00  1.000000e+00
7.278954e+03  6.875298e+03  2.460755e+04  6.414631e+03  7.278954e+03  1.743852e+00  1.432577e+00  3.112750e-01  8.514360e+00  8.514360e+00  4.586213e+00  1.784990e-01  3.025097e-01  5.911537e-01  5.912214e-01  1.493417e-02  3.930006e+00  4.218164e+05  7.167089e+04  2.144356e+57  2.490324e+57  1.965196e-06  -1.929329e+105  1.000000e+00  -1.000000e+00  1.000000e+00
7.278954e+03  7.731096e+03  2.460755e+04  7.270426e+03  7.278954e+03  1.776183e+00  1.492375e+00  2.838080e-01  8.542157e+00  8.542157e+00  4.385641e+00  1.597850e-01  3.071156e-01  6.100391e-01  6.100999e-01  1.418151e-02  3.460364e+00  4.455591e+05  6.512123e+04  2.218626e+57  2.240924e+57  1.697615e-06  -1.279958e+105  1.000000e+00  -1.000000e+00  1.000000e+00
7.278954e+03  8.701063e+03  2.460755e+04  8.240395e+03  7.278954e+03  1.800514e+00  1.542957e+00  2.575560e-01  8.551408e+00  8.551408e+00  4.190458e+00  1.430460e-01  3.109857e-01  6.264386e-01  6.264902e-01  1.349597e-02  3.093219e+00  4.677083e+05  5.889190e+04  2.283555e+57  2.008072e+57  1.411849e-06  -7.450815e+104  1.000000e+00  -1.000000e+00  1.000000e+00
7.278954e+03  9.800430e+03  2.460755e+04  9.339770e+03  7.278954e+03  1.817835e+00  1.585212e+00  2.326230e-01  8.546243e+00  8.546243e+00  4.000639e+00  1.279670e-01  3.141671e-01  6.403018e-01  6.403465e-01  1.288707e-02  2.807107e+00  4.867618e+05  5.300499e+04  2.329130e+57  1.791799e+57  1.147626e-06  -5.836232e+104  1.000000e+00  -1.000000e+00  1.000000e+00
7.278954e+03  1.104648e+04  2.460755e+04  1.058582e+04  7.278954e+03  1.829169e+00  1.620075e+00  2.090940e-01  8.530247e+00  8.530247e+00  3.816183e+00  1.143110e-01  3.167188e-01  6.516805e-01  6.517192e-01  1.235680e-02  2.584911e+00  5.035819e+05  4.747832e+04  2.362853e+57  1.592012e+57  8.456843e-07  -4.645141e+104  1.000000e+00  -1.000000e+00  1.000000e+00
7.278954e+03  1.245877e+04  2.460755e+04  1.199810e+04  7.278954e+03  1.835505e+00  1.648466e+00  1.870390e-01  8.506496e+00  8.506496e+00  3.637109e+00  1.019010e-01  3.187032e-01  6.606954e-01  6.607287e-01  1.190174e-02  2.413163e+00  5.174968e+05  4.232474e+04  2.380517e+57  1.408485e+57  4.928102e-07  -3.157538e+104  1.000000e+00  -1.000000e+00  1.000000e+00
7.278954e+03  1.405947e+04  2.460755e+04  1.359880e+04  7.278954e+03  1.837763e+00  1.671256e+00  1.665070e-01  8.477533e+00  8.477533e+00  3.463448e+00  9.060300e-02  3.201854e-01  6.675259e-01  6.675544e-01  1.152104e-02  2.282405e+00  5.302434e+05  3.755188e+04  2.395737e+57  1.240856e+57  1.993817e-08  -2.155824e+104  1.000000e+00  -1.000000e+00  1.000000e+00
7.278954e+03  1.587372e+04  2.460755e+04  1.541306e+04  7.278954e+03  1.836787e+00  1.689263e+00  1.475240e-01  8.445476e+00  8.445476e+00  3.295240e+00  8.031600e-02  3.212302e-01  6.723913e-01  6.724157e-01  1.120134e-02  2.183217e+00  5.403800e+05  3.316187e+04  2.398085e+57  1.088633e+57  -4.242926e-07  -1.440635e+104  -1.000000e+00  -1.000000e+00  1.000000e+00
7.278954e+03  1.793002e+04  2.460755e+04  1.746936e+04  7.278954e+03  1.833341e+00  1.703246e+00  1.300950e-01  8.412125e+00  8.412125e+00  3.132528e+00  7.096000e-02  3.218986e-01  6.755267e-01  6.755474e-01  1.093576e-02  2.109416e+00  5.496381e+05  2.915157e+04  2.400751e+57  9.511979e+56  -1.184297e-06  -8.137947e+103  -1.000000e+00  -1.000000e+00  1.000000e+00
7.278954e+03  2.025605e+04  2.460755e+04  1.979538e+04  7.278954e+03  1.828108e+00  1.713878e+00  1.142300e-01  8.379102e+00  8.379102e+00  2.975641e+00  6.248600e-02  3.222449e-01  6.771582e-01  6.771758e-01  1.072358e-02  2.057396e+00  5.566938e+05  2.551921e+04  2.393970e+57  8.280452e+56  -1.528435e-06  -6.046592e+103  -1.000000e+00  -1.000000e+00  1.000000e+00
1.000000e+04  1.679681e+02  3.324750e+04  3.498500e+00  1.000000e+04  1.264043e+00  2.800000e-05  1.264015e+00  1.240024e+01  5.013540e-01  1.240024e+01  9.999780e-01  1.505614e-01  1.961883e-01  4.458032e-02  1.561068e-02  1.345085e+02  4.286813e+00  2.853822e+05  3.458888e+52  1.387331e+58  4.292643e-06  0.000000e+00  1.000000e+00  -1.000000e+00  0.000000e+00
1.000000e+04  1.734000e+02  3.324750e+04  3.965200e+00  1.000000e+04  1.264077e+00  3.300000e-05  1.264044e+00  1.240041e+01  5.172160e-01  1.240041e+01  9.999740e-01  1.505633e-01  1.961915e-01  4.732526e-02  1.561052e-02  1.344962e+02  5.075101e+00  2.853894e+05  4.078536e+52  1.387388e+58  7.620184e-06  -3.819568e+103  1.000000e+00  -1.000000e+00  0.000000e+00
1.000000e+04  1.790190e+02  3.324750e+04  4.494300e+00  1.000000e+04  1.264090e+00  3.900000e-05  1.264050e+00  1.240033e+01  5.340500e-01  1.240033e+01  9.999690e-01  1.505657e-01  1.961958e-01  5.031485e-02  1.561048e-02  1.344907e+02  6.017437e+00  2.853900e+05  4.817002e+52  1.387398e+58  1.249474e-05  -4.420343e+103  1.000000e+00  -1.000000e+00  0.000000e+00
1.000000e+04  1.848335e+02  3.324750e+04  5.093900e+00  1.000000e+04  1.264103e+00  4.700000e-05  1.264056e+00  1.240036e+01  5.519910e-01  1.240036e+01  9.999630e-01  1.505669e-01  1.961978e-01  5.358549e-02  1.561071e-02  1.344864e+02  7.143506e+00  2.853897e+05  5.696735e+52  1.387413e+58  1.369892e-05  -5.085813e+103  1.000000e+00  -1.000000e+00  0.000000e+00
1.000000e+04  1.908524e+02  3.324750e+04  5.773400e+00  1.000000e+04  1.264133e+00  5.500000e-05  1.264078e+00  1.240039e+01  5.710560e-01  1.240039e+01  9.999560e-01  1.505702e-01  1.962034e-01  5.715450e-02  1.561077e-02  1.344740e+02  8.489445e+00  2.853943e+05  6.744914e+52  1.387455e+58  5.430764e-06  -5.845178e+103  1.000000e+00  -1.000000e+00  0.000000e+00
1.000000e+04  1.970844e+02  3.324750e+04  6.543700e+00  1.000000e+04  1.264166e+00  6.600000e-05  1.264100e+00  1.240058e+01  5.913420e-01  1.240058e+01  9.999480e-01  1.505718e-01  1.962061e-01  6.105414e-02  1.561154e-02  1.344733e+02  1.009850e+01  2.853984e+05  7.993914e+52  1.387506e+58  5.948932e-06  -6.720342e+103  1.000000e+00  -1.000000e+00  0.000000e+00
1.000000e+04  2.035396e+02  3.324750e+04  7.416700e+00  1.000000e+04  1.264201e+00  7.800000e-05  1.264123e+00  1.240076e+01  6.128420e-01  1.240076e+01  9.999380e-01  1.505739e-01  1.962097e-01  6.529907e-02  1.561174e-02  1.344659e+02  1.202272e+01  2.854022e+05  9.482502e+52  1.387559e+58  5.804656e-06  -7.725347e+103  1.000000e+00  -1.000000e+00  0.000000e+00
1.000000e+04  2.102287e+02  3.324750e+04  8.406200e+00  1.000000e+04  1.264253e+00  9.200000e-05  1.264161e+00  1.240098e+01  6.357040e-01  1.240098e+01  9.999270e-01  1.505774e-01  1.962158e-01  6.993383e-02  1.561168e-02  1.344470e+02  1.432474e+01  2.854101e+05  1.125698e+53  1.387638e+58  1.358651e-05  -8.897511e+103  1.000000e+00  -1.000000e+00  0.000000e+00
1.000000e+04  2.171631e+02  3.324750e+04  9.527700e+00  1.000000e+04  1.264284e+00  1.100000e-04  1.264175e+00  1.240109e+01  6.599220e-01  1.240109e+01  9.999130e-01  1.505797e-01  1.962197e-01  7.497414e-02  1.561233e-02  1.344451e+02  1.708124e+01  2.854094e+05  1.337395e+53  1.387676e+58  1.334088e-05  -9.327346e+103  1.000000e+00  -1.000000e+00  0.000000e+00
1.000000e+04  4.714565e+02  3.324750e+04  1.079880e+01  1.000000e+04  1.264329e+00  1.240000e-04  1.264205e+00  1.240123e+01  6.767850e-01  1.240123e+01  9.999020e-01  1.505834e-01  1.962260e-01  7.855801e-02  1.561227e-02  1.344233e+02  1.939973e+01  2.854154e+05  1.514653e+53  1.387741e+58  5.336739e-06  -3.769874e+104  1.000000e+00  -1.000000e+00  1.000000e+00
1.000000e+04  4.728972e+02  3.324750e+04  1.223950e+01  1.000000e+04  1.264384e+00  1.390000e-04  1.264245e+00  1.240136e+01  6.895480e-01  1.240136e+01  9.998900e-01  1.505884e-01  1.962345e-01  8.131305e-02  1.561251e-02  1.344080e+02  2.170789e+01  2.854236e+05  1.690115e+53  1.387821e+58  5.262009e-06  -4.007398e+104  1.000000e+00  -1.000000e+00  1.000000e+00
1.000000e+04  4.745300e+02  3.324750e+04  1.387240e+01  1.000000e+04  1.264451e+00  1.570000e-04  1.264293e+00  1.240154e+01  7.036220e-01  1.240154e+01  9.998750e-01  1.505941e-01  1.962444e-01  8.439456e-02  1.561264e-02  1.343872e+02  2.465039e+01  2.854332e+05  1.913057e+53  1.387917e+58  5.894201e-06  -4.449926e+104  1.000000e+00  -1.000000e+00  1.000000e+00
1.000000e+04  4.763807e+02  3.324750e+04  1.572320e+01  1.000000e+04  1.264518e+00  1.810000e-04  1.264337e+00  1.240184e+01  7.193150e-01  1.240184e+01  9.998570e-01  1.505984e-01  1.962517e-01  8.787992e-02  1.561298e-02  1.343684e+02  2.832912e+01  2.854400e+05  2.190824e+53  1.388016e+58  7.869857e-06  -4.877799e+104  1.000000e+00  -1.000000e+00  1.000000e+00
1.000000e+04  4.784787e+02  3.324750e+04  1.782080e+01  1.000000e+04  1.264573e+00  2.090000e-04  1.264364e+00  1.240193e+01  7.368430e-01  1.240193e+01  9.998350e-01  1.506038e-01  1.962610e-01  9.183124e-02  1.561353e-02  1.343501e+02  3.284903e+01  2.854417e+05  2.531011e+53  1.388080e+58  7.987388e-06  -5.290655e+104  1.000000e+00  -1.000000e+00  1.000000e+00
1.000000e+04  4.808563e+02  3.324750e+04  2.019840e+01  1.000000e+04  1.264677e+00  2.440000e-04  1.264433e+00  1.240238e+01  7.562850e-01  1.240238e+01  9.998070e-01  1.506108e-01  1.962729e-01  9.628253e-02  1.561457e-02  1.343238e+02  3.842580e+01  2.854541e+05  2.949304e+53  1.388236e+58  5.954107e-06  -5.684884e+104  1.000000e+00  -1.000000e+00  1.000000e+00
1.000000e+04  4.835509e+02  3.324750e+04  2.289310e+01  1.000000e+04  1.264802e+00  2.860000e-04  1.264516e+00  1.240301e+01  7.778260e-01  1.240301e+01  9.997740e-01  1.506181e-01  1.962854e-01  1.012930e-01  1.561559e-02  1.343047e+02  4.525591e+01  2.854678e+05  3.459740e+53  1.388422e+58  6.490252e-06  -6.101960e+104  1.000000e+00  -1.000000e+00  1.000000e+00
1.000000e+04  4.866048e+02  3.324750e+04  2.594730e+01  1.000000e+04  1.264926e+00  3.380000e-04  1.264589e+00  1.240364e+01  8.014670e-01  1.240364e+01  9.997330e-01  1.506252e-01  1.962976e-01  1.068815e-01  1.561732e-02  1.342839e+02  5.355155e+01  2.854777e+05  4.077233e+53  1.388601e+58  6.596073e-06  -6.561977e+104  1.000000e+00  -1.000000e+00  1.000000e+00
1.000000e+04  4.900671e+02  3.324750e+04  2.940900e+01  1.000000e+04  1.265084e+00  4.000000e-04  1.264684e+00  1.240449e+01  8.274600e-01  1.240449e+01  9.996840e-01  1.506336e-01  1.963120e-01  1.131248e-01  1.561935e-02  1.342633e+02  6.374443e+01  2.854926e+05  4.832749e+53  1.388835e+58  6.624035e-06  -7.065744e+104  1.000000e+00  -1.000000e+00  1.000000e+00
1.000000e+04  4.939909e+02  3.324750e+04  3.333260e+01  1.000000e+04  1.265266e+00  4.750000e-04  1.264791e+00  1.240563e+01  8.559130e-01  1.240563e+01  9.996240e-01  1.506416e-01  1.963256e-01  1.200671e-01  1.562208e-02  1.342492e+02  7.625610e+01  2.855062e+05  5.755927e+53  1.389106e+58  6.842364e-06  -7.548221e+104  1.000000e+00  -1.000000e+00  1.000000e+00
1.000000e+04  4.984378e+02  3.324750e+04  3.777960e+01  1.000000e+04  1.265484e+00  5.670000e-04  1.264917e+00  1.240701e+01  8.870480e-01  1.240701e+01  9.995520e-01  1.506506e-01  1.963411e-01  1.277774e-01  1.562541e-02  1.342395e+02  9.136891e+01  2.855237e+05  6.865219e+53  1.389433e+58  6.927906e-06  -8.112456e+104  1.000000e+00  -1.000000e+00  1.000000e+00
1.000000e+04  5.034775e+02  3.324750e+04  4.281980e+01  1.000000e+04  1.265722e+00  6.770000e-04  1.265045e+00  1.240863e+01  9.210060e-01  1.240863e+01  9.994650e-01  1.506593e-01  1.963559e-01  1.363038e-01  1.562996e-02  1.342437e+02  1.101708e+02  2.855380e+05  8.238292e+53  1.389786e+58  7.279140e-06  -8.733472e+104  1.000000e+00  -1.000000e+00  1.000000e+00
1.000000e+04  5.091908e+02  3.324750e+04  4.853260e+01  1.000000e+04  1.265998e+00  8.100000e-04  1.265188e+00  1.241088e+01  9.579690e-01  1.241088e+01  9.993600e-01  1.506649e-01  1.963655e-01  1.456980e-01  1.563572e-02  1.342623e+02  1.328860e+02  2.855527e+05  9.886799e+53  1.390212e+58  7.378057e-06  -9.269325e+104  1.000000e+00  -1.000000e+00  1.000000e+00
1.000000e+04  5.156662e+02  3.324750e+04  5.500740e+01  1.000000e+04  1.266325e+00  9.700000e-04  1.265354e+00  1.241353e+01  9.981190e-01  1.241353e+01  9.992340e-01  1.506716e-01  1.963770e-01  1.560038e-01  1.564302e-02  1.342985e+02  1.607141e+02  2.855692e+05  1.189355e+54  1.390712e+58  7.589232e-06  -9.936877e+104  1.000000e+00  -1.000000e+00  1.000000e+00
1.000000e+04  5.230050e+02  3.324750e+04  6.234610e+01  1.000000e+04  1.266685e+00  1.164000e-03  1.265520e+00  1.241676e+01  1.041616e+00  1.241676e+01  9.990810e-01  1.506753e-01  1.963833e-01  1.672477e-01  1.565184e-02  1.343607e+02  1.948248e+02  2.855811e+05  1.433624e+54  1.391267e+58  8.092291e-06  -1.064354e+105  1.000000e+00  -1.000000e+00  1.000000e+00
1.000000e+04  5.313221e+02  3.324750e+04  7.066390e+01  1.000000e+04  1.267081e+00  1.398000e-03  1.265683e+00  1.242071e+01  1.088702e+00  1.242071e+01  9.988970e-01  1.506744e-01  1.963819e-01  1.794604e-01  1.566317e-02  1.344569e+02  2.366667e+02  2.855866e+05  1.731012e+54  1.391885e+58  8.819021e-06  -1.140083e+105  1.000000e+00  -1.000000e+00  1.000000e+00
1.000000e+04  5.407496e+02  3.324750e+04  8.009140e+01  1.000000e+04  1.267518e+00  1.680000e-03  1.265837e+00  1.242553e+01  1.139560e+00  1.242553e+01  9.986740e-01  1.506679e-01  1.963707e-01  1.926367e-01  1.567722e-02  1.346116e+02  2.880190e+02  2.855824e+05  2.093042e+54  1.392568e+58  9.517309e-06  -1.231111e+105  1.000000e+00  -1.000000e+00  1.000000e+00
1.000000e+04  5.514360e+02  3.324750e+04  9.077660e+01  1.000000e+04  1.267992e+00  2.021000e-03  1.265971e+00  1.243131e+01  1.194370e+00  1.243131e+01  9.984060e-01  1.506543e-01  1.963474e-01  2.067441e-01  1.569422e-02  1.348127e+02  3.521104e+02  2.855668e+05  2.541470e+54  1.393319e+58  1.061678e-05  -1.318185e+105  1.000000e+00  -1.000000e+00  1.000000e+00
1.000000e+04  5.635472e+02  3.324750e+04  1.028874e+02  1.000000e+04  1.268499e+00  2.434000e-03  1.266066e+00  1.243817e+01  1.253458e+00  1.243817e+01  9.980820e-01  1.506314e-01  1.963081e-01  2.217531e-01  1.571486e-02  1.350928e+02  4.298126e+02  2.855337e+05  3.079499e+54  1.394125e+58  1.368303e-05  -1.409583e+105  1.000000e+00  -1.000000e+00  1.000000e+00
1.000000e+04  5.772730e+02  3.324750e+04  1.166139e+02  1.000000e+04  1.269010e+00  2.932000e-03  1.266078e+00  1.244629e+01  1.317055e+00  1.244629e+01  9.976900e-01  1.505937e-01  1.962436e-01  2.375724e-01  1.574016e-02  1.354828e+02  5.269143e+02  2.854697e+05  3.746102e+54  1.394942e+58  1.859615e-05  -1.519342e+105  1.000000e+00  -1.000000e+00  1.000000e+00
1.000000e+04  5.928297e+02  3.324750e+04  1.321717e+02  1.000000e+04  1.269535e+00  3.535000e-03  1.265999e+00  1.245603e+01  1.385517e+00  1.245603e+01  9.972150e-01  1.505382e-01  1.961486e-01  2.540948e-01  1.577061e-02  1.359981e+02  6.466586e+02  2.853750e+05  4.559588e+54  1.395801e+58  -9.935989e-05  -1.620976e+105  -1.000000e+00  -1.000000e+00  1.000000e+00
1.000000e+04  6.104652e+02  3.324750e+04  1.498051e+02  1.000000e+04  1.269993e+00  4.267000e-03  1.265726e+00  1.246720e+01  1.459095e+00  1.246720e+01  9.966400e-01  1.504577e-01  1.960108e-01  2.711416e-01  1.580623e-02  1.366690e+02  7.944815e+02  2.852202e+05  5.552891e+54  1.396555e+58  -5.752599e-05  -1.753951e+105  -1.000000e+00  -1.000000e+00  1.000000e+00
1.000000e+04  6.304521e+02  3.324750e+04  1.697911e+02  1.000000e+04  1.270361e+00  5.156000e-03  1.265204e+00  1.248014e+01  1.538310e+00  1.248014e+01  9.959410e-01  1.503450e-01  1.958182e-01  2.885397e-01  1.584873e-02  1.375471e+02  9.798293e+02  2.849938e+05  6.786147e+54  1.397177e+58  -6.875858e-06  -1.895021e+105  -1.000000e+00  -1.000000e+00  1.000000e+00
1.000000e+04  6.531038e+02  3.324750e+04  1.924434e+02  1.000000e+04  1.270549e+00  6.239000e-03  1.264310e+00  1.249485e+01  1.623706e+00  1.249485e+01  9.950900e-01  1.501903e-01  1.955537e-01  3.060617e-01  1.589831e-02  1.386816e+02  1.209624e+03  2.846660e+05  8.297347e+54  1.397523e+58  -1.066831e-06  -2.050803e+105  -1.000000e+00  -1.000000e+00  1.000000e+00
1.000000e+04  6.787757e+02  3.324750e+04  2.181178e+02  1.000000e+04  1.270483e+00  7.560000e-03  1.262923e+00  1.251114e+01  1.715636e+00  1.251114e+01  9.940500e-01  1.499870e-01  1.952064e-01  3.233949e-01  1.595515e-02  1.401359e+02  1.498702e+03  2.842099e+05  1.017921e+55  1.397458e+58  9.159181e-07  -2.227908e+105  1.000000e+00  -1.000000e+00  1.000000e+00
1.000000e+04  7.078781e+02  3.324750e+04  2.472176e+02  1.000000e+04  1.269967e+00  9.176000e-03  1.260791e+00  1.252878e+01  1.814990e+00  1.252878e+01  9.927750e-01  1.497150e-01  1.947424e-01  3.402735e-01  1.601958e-02  1.419824e+02  1.858443e+03  2.835645e+05  1.249272e+55  1.396662e+58  2.115533e-06  -2.419296e+105  1.000000e+00  -1.000000e+00  1.000000e+00
1.000000e+04  7.408620e+02  3.324750e+04  2.801996e+02  1.000000e+04  1.268851e+00  1.116100e-02  1.257691e+00  1.254738e+01  1.922486e+00  1.254738e+01  9.912040e-01  1.493617e-01  1.941402e-01  3.563593e-01  1.609052e-02  1.443064e+02  2.306668e+03  2.826844e+05  1.533959e+55  1.394879e+58  2.823953e-06  -2.658844e+105  1.000000e+00  -1.000000e+00  1.000000e+00
1.000000e+04  7.782441e+02  3.324750e+04  3.175819e+02  1.000000e+04  1.266829e+00  1.360600e-02  1.253223e+00  1.256567e+01  2.039110e+00  1.256567e+01  9.892600e-01  1.489066e-01  1.933661e-01  3.713260e-01  1.616630e-02  1.472113e+02  2.873407e+03  2.814813e+05  1.890237e+55  1.391575e+58  3.359408e-06  -2.979368e+105  1.000000e+00  -1.000000e+00  1.000000e+00
1.000000e+04  8.206108e+02  3.324750e+04  3.599514e+02  1.000000e+04  1.263553e+00  1.663100e-02  1.246922e+00  1.258192e+01  2.165980e+00  1.258192e+01  9.868380e-01  1.483297e-01  1.923868e-01  3.848506e-01  1.624256e-02  1.508092e+02  3.592244e+03  2.798570e+05  2.337846e+55  1.386131e+58  3.749887e-06  -3.375098e+105  1.000000e+00  -1.000000e+00  1.000000e+00
1.000000e+04  8.686339e+02  3.324750e+04  4.079736e+02  1.000000e+04  1.258524e+00  2.039000e-02  1.238134e+00  1.259319e+01  2.304387e+00  1.259319e+01  9.837980e-01  1.476071e-01  1.911637e-01  3.966383e-01  1.631238e-02  1.552015e+02  4.495046e+03  2.776764e+05  2.893419e+55  1.377648e+58  4.060389e-06  -3.900125e+105  1.000000e+00  -1.000000e+00  1.000000e+00
1.000000e+04  9.230662e+02  3.324750e+04  4.624025e+02  1.000000e+04  1.251144e+00  2.508300e-02  1.226060e+00  1.259543e+01  2.455975e+00  1.259543e+01  9.799520e-01  1.467154e-01  1.896595e-01  4.064473e-01  1.636374e-02  1.604796e+02  5.646003e+03  2.747808e+05  3.595826e+55  1.365037e+58  4.338871e-06  -4.609282e+105  1.000000e+00  -1.000000e+00  1.000000e+00
1.000000e+04  9.847572e+02  3.324750e+04  5.240930e+02  1.000000e+04  1.240617e+00  3.097100e-02  1.209646e+00  1.258165e+01  2.622482e+00  1.258165e+01  9.750360e-01  1.456403e-01  1.878533e-01  4.140953e-01  1.637790e-02  1.666329e+02  7.116718e+03  2.709629e+05  4.486462e+55  1.346778e+58  4.570067e-06  -5.634046e+105  1.000000e+00  -1.000000e+00  1.000000e+00
1.000000e+04  1.054675e+03  3.324750e+04  5.940138e+02  1.000000e+04  1.225973e+00  3.839500e-02  1.187578e+00  1.254159e+01  2.806061e+00  1.254159e+01  9.686820e-01  1.443809e-01  1.857482e-01  4.194864e-01  1.632532e-02  1.734661e+02  8.981853e+03  2.659711e+05  5.605489e+55  1.320958e+58  4.776712e-06  -7.112965e+105  1.000000e+00  -1.000000e+00  1.000000e+00
1.000000e+04  1.133922e+03  3.324750e+04  6.732629e+02  1.000000e+04  1.206139e+00  4.780400e-02  1.158335e+00  1.246043e+01  3.009050e+00  1.246043e+01  9.603660e-01  1.429704e-01  1.834036e-01  4.226198e-01  1.616072e-02  1.803558e+02  1.137723e+04  2.595259e+05  7.034331e+55  1.285327e+58  4.976349e-06  -9.299573e+105  1.000000e+00  -1.000000e+00  1.000000e+00
1.000000e+04  1.223749e+03  3.324750e+04  7.630849e+02  1.000000e+04  1.180079e+00  5.978500e-02  1.120294e+00  1.231711e+01  3.233940e+00  1.231711e+01  9.493380e-01  1.415090e-01  1.809890e-01  4.236048e-01  1.582163e-02  1.858850e+02  1.442912e+04  2.513404e+05  8.841317e+55  1.237426e+58  5.186788e-06  -1.235264e+106  1.000000e+00  -1.000000e+00  1.000000e+00
1.000000e+04  1.325556e+03  3.324750e+04  8.648903e+02  1.000000e+04  1.147098e+00  7.510300e-02  1.071996e+00  1.208271e+01  3.483491e+00  1.208271e+01  9.345280e-01  1.402226e-01  1.788758e-01  4.226553e-01  1.522380e-02  1.872154e+02  1.840024e+04  2.411701e+05  1.118951e+56  1.174940e+58  5.417323e-06  -1.685577e+106  1.000000e+00  -1.000000e+00  1.000000e+00
1.000000e+04  1.440942e+03  3.324750e+04  9.802778e+02  1.000000e+04  1.107574e+00  9.474200e-02  1.012832e+00  1.172260e+01  3.760354e+00  1.172260e+01  9.144600e-01  1.395502e-01  1.777758e-01  4.200926e-01  1.427656e-02  1.798385e+02  2.347948e+04  2.289428e+05  1.417735e+56  1.096750e+58  5.678867e-06  -2.310994e+106  1.000000e+00  -1.000000e+00  1.000000e+00
1.000000e+04  1.571717e+03  3.324750e+04  1.111060e+03  1.000000e+04  1.063938e+00  1.199490e-01  9.439900e-01  1.120340e+01  4.066711e+00  1.120340e+01  8.872600e-01  1.402647e-01  1.789448e-01  4.163413e-01  1.291647e-02  1.586000e+02  3.002575e+04  2.149186e+05  1.801977e+56  1.004327e+58  6.101069e-06  -3.055850e+106  1.000000e+00  -1.000000e+00  1.000000e+00
1.000000e+04  1.719954e+03  3.324750e+04  1.259289e+03  1.000000e+04  1.021617e+00  1.522460e-01  8.693720e-01  1.051096e+01  4.403812e+00  1.051096e+01  8.509760e-01  1.435580e-01  1.843787e-01  4.119139e-01  1.118238e-02  1.222666e+02  3.843228e+04  1.998351e+05  2.294454e+56  9.031590e+57  7.183501e-06  -3.780715e+106  1.000000e+00  -1.000000e+00  1.000000e+00
1.000000e+04  1.887962e+03  3.324750e+04  1.427295e+03  1.000000e+04  9.888150e-01  1.934020e-01  7.954130e-01  9.676506e+00  4.771413e+00  9.676506e+00  8.044110e-01  1.509309e-01  1.968213e-01  4.073771e-01  9.308362e-03  7.922969e+01  4.916489e+04  1.848542e+05  2.921937e+56  8.025904e+57  8.520925e-05  -4.288436e+106  1.000000e+00  -1.000000e+00  1.000000e+00
1.000000e+04  2.078381e+03  3.324750e+04  1.617714e+03  1.000000e+04  9.740860e-01  2.453090e-01  7.287770e-01  8.787026e+00  5.166737e+00  8.787026e+00  7.481650e-01  1.637334e-01  2.193913e-01  4.033391e-01  7.788302e-03  4.412244e+01  6.270794e+04  1.711443e+05  3.711135e+56  7.124875e+57  9.123307e-05  -4.224946e+106  1.000000e+00  -1.000000e+00  1.000000e+00
1.000000e+04  2.294199e+03  3.324750e+04  1.833538e+03  1.000000e+04  9.828960e-01  3.097260e-01  6.731690e-01  7.955649e+00  5.583916e+00  7.955649e+00  6.848840e-01  1.824792e-01  2.548706e-01  4.003968e-01  7.438919e-03  2.451039e+01  7.952872e+04  1.593348e+05  4.686335e+56  6.385502e+57  2.194020e-06  -3.739861e+106  1.000000e+00  -1.000000e+00  1.000000e+00
1.000000e+04  2.538819e+03  3.324750e+04  2.078156e+03  1.000000e+04  1.016038e+00  3.878740e-01  6.281640e-01  7.268118e+00  6.013392e+00  7.268118e+00  6.182490e-01  2.064760e-01  3.051582e-01  3.991076e-01  9.530500e-03  1.693080e+01  1.001603e+05  1.493297e+05  5.876263e+56  5.804848e+57  3.267119e-06  -3.047699e+106  1.000000e+00  -1.000000e+00  1.000000e+00
1.000000e+04  2.816077e+03  3.324750e+04  2.355409e+03  1.000000e+04  1.070688e+00  4.799520e-01  5.907350e-01  6.755842e+00  6.442561e+00  6.755842e+00  5.517340e-01  2.340804e-01  3.712284e-01  3.999181e-01  1.569813e-02  1.489128e+01  1.245760e+05  1.405915e+05  7.268161e+56  5.341548e+57  3.507268e-06  -2.369623e+106  1.000000e+00  -1.000000e+00  1.000000e+00
1.000000e+04  3.130319e+03  3.324750e+04  2.669651e+03  1.000000e+04  1.142113e+00  5.847430e-01  5.573700e-01  6.856866e+00  6.856866e+00  6.401781e+00  4.880160e-01  2.460169e-01  4.030805e-01  4.034215e-01  1.889407e-02  1.397686e+01  1.528490e+05  1.325245e+05  8.858692e+56  4.946275e+57  3.508336e-06  -1.771658e+106  1.000000e+00  -1.000000e+00  1.000000e+00
1.000000e+04  3.486480e+03  3.324750e+04  3.025817e+03  1.000000e+04  1.224771e+00  6.993040e-01  5.254670e-01  7.239008e+00  7.239008e+00  6.133947e+00  4.290330e-01  2.498948e-01  4.139162e-01  4.141766e-01  1.896994e-02  1.297744e+01  1.844295e+05  1.247158e+05  1.060148e+57  4.582150e+57  3.419808e-06  -1.364162e+106  1.000000e+00  -1.000000e+00  1.000000e+00
1.000000e+04  3.890162e+03  3.324750e+04  3.429500e+03  1.000000e+04  1.312843e+00  8.187910e-01  4.940520e-01  7.572568e+00  7.572568e+00  5.883749e+00  3.763220e-01  2.560656e-01  4.316884e-01  4.319032e-01  1.921441e-02  1.163534e+01  2.183601e+05  1.170244e+05  1.242416e+57  4.234889e+57  3.320871e-06  -9.994750e+105  1.000000e+00  -1.000000e+00  1.000000e+00
1.000000e+04  4.347708e+03  3.324750e+04  3.887040e+03  1.000000e+04  1.400692e+00  9.375890e-01  4.631030e-01  7.850288e+00  7.850288e+00  5.641838e+00  3.306240e-01  2.635352e-01  4.541252e-01  4.543077e-01  1.919047e-02  1.006470e+01  2.526767e+05  1.094540e+05  1.418526e+57  3.903210e+57  3.169482e-06  -7.580659e+105  1.000000e+00  -1.000000e+00  1.000000e+00
1.000000e+04  4.866291e+03  3.324750e+04  4.405622e+03  1.000000e+04  1.483682e+00  1.051007e+00  4.326750e-01  8.072511e+00  8.072511e+00  5.407621e+00  2.916220e-01  2.714649e-01  4.791375e-01  4.792950e-01  1.882325e-02  8.512063e+00  2.872966e+05  1.020212e+05  1.588986e+57  3.586882e+57  2.945818e-06  -5.314304e+105  1.000000e+00  -1.000000e+00  1.000000e+00
1.000000e+04  5.454054e+03  3.324750e+04  4.993389e+03  1.000000e+04  1.558661e+00  1.155822e+00  4.028380e-01  8.243646e+00  8.243646e+00  5.180639e+00  2.584520e-01  2.792633e-01  5.050390e-01  5.051775e-01  1.818348e-02  7.137012e+00  3.209519e+05  9.474599e+04  1.745829e+57  3.285805e+57  2.721466e-06  -3.432166e+105  1.000000e+00  -1.000000e+00  1.000000e+00
1.000000e+04  6.120229e+03  3.324750e+04  5.659571e+03  1.000000e+04  1.623936e+00  1.250261e+00  3.736750e-01  8.370310e+00  8.370310e+00  4.960530e+00  2.301050e-01  2.865557e-01  5.305331e-01  5.306528e-01  1.737983e-02  5.996654e+00  3.530876e+05  8.765076e+04  1.886653e+57  2.999965e+57  2.513067e-06  -2.148762e+105  1.000000e+00  -1.000000e+00  1.000000e+00
1.000000e+04  6.875298e+03  3.324750e+04  6.414631e+03  1.000000e+04  1.678925e+00  1.333650e+00  3.452750e-01  8.459332e+00  8.459332e+00  4.747006e+00  2.056520e-01  2.931413e-01  5.547052e-01  5.548098e-01  1.650908e-02  5.084486e+00  3.826239e+05  8.075955e+04  2.005205e+57  2.729397e+57  2.295615e-06  -1.480058e+105  1.000000e+00  -1.000000e+00  1.000000e+00
1.000000e+04  7.731096e+03  3.324750e+04  7.270426e+03  1.000000e+04  1.723842e+00  1.406109e+00  3.177330e-01  8.517394e+00  8.517394e+00  4.539841e+00  1.843170e-01  2.989320e-01  5.769340e-01  5.770256e-01  1.563908e-02  4.367751e+00  4.099417e+05  7.409714e+04  2.106122e+57  2.474153e+57  2.035723e-06  -7.832144e+104  1.000000e+00  -1.000000e+00  1.000000e+00
1.000000e+04  8.701063e+03  3.324750e+04  8.240395e+03  1.000000e+04  1.759380e+00  1.468233e+00  2.911470e-01  8.550469e+00  8.550469e+00  4.338851e+00  1.654830e-01  3.039144e-01  5.968429e-01  5.969228e-01  1.481714e-02  3.809924e+00  4.349501e+05  6.768821e+04  2.190321e+57  2.234274e+57  1.805787e-06  -5.381204e+104  1.000000e+00  -1.000000e+00  1.000000e+00
1.000000e+04  9.800430e+03  3.324750e+04  9.339770e+03  1.000000e+04  1.786483e+00  1.520871e+00  2.656120e-01  8.563652e+00  8.563652e+00  4.143892e+00  1.486790e-01  3.081212e-01  6.142528e-01  6.143224e-01  1.406470e-02  3.376221e+00  4.568696e+05  6.155640e+04  2.253497e+57  2.009770e+57  1.566074e-06  -4.028887e+104  1.000000e+00  -1.000000e+00  1.000000e+00
1.000000e+04  1.104648e+04  3.324750e+04  1.058582e+04  1.000000e+04  1.806217e+00  1.564996e+00  2.412210e-01  8.561596e+00  8.561596e+00  3.954850e+00  1.335510e-01  3.115996e-01  6.290862e-01  6.291465e-01  1.339593e-02  3.040166e+00  4.764561e+05  5.572340e+04  2.302542e+57  1.800593e+57  1.272480e-06  -2.709984e+104  1.000000e+00  -1.000000e+00  1.000000e+00
1.000000e+04  1.245877e+04  3.324750e+04  1.199810e+04  1.000000e+04  1.819653e+00  1.601595e+00  2.180580e-01  8.547921e+00  8.547921e+00  3.771634e+00  1.198350e-01  3.144197e-01  6.414175e-01  6.414695e-01  1.280911e-02  2.778938e+00  4.938360e+05  5.020817e+04  2.339499e+57  1.606625e+57  9.586207e-07  -9.934723e+103  1.000000e+00  -1.000000e+00  1.000000e+00
1.000000e+04  1.405947e+04  3.324750e+04  1.359880e+04  1.000000e+04  1.827825e+00  1.631631e+00  1.961950e-01  8.525890e+00  8.525890e+00  3.594178e+00  1.073380e-01  3.166479e-01  6.513611e-01  6.514059e-01  1.230362e-02  2.576668e+00  5.090948e+05  4.502618e+04  2.365860e+57  1.427660e+57  6.184791e-07  -6.312413e+103  1.000000e+00  -1.000000e+00  1.000000e+00
1.000000e+04  1.587372e+04  3.324750e+04  1.541306e+04  1.000000e+04  1.831701e+00  1.656012e+00  1.756890e-01  8.498274e+00  8.498274e+00  3.422429e+00  9.591600e-02  3.183505e-01  6.590823e-01  6.591206e-01  1.187387e-02  2.420878e+00  5.224294e+05  4.018883e+04  2.383739e+57  1.263400e+57  2.355250e-07  -8.666279e+102  1.000000e+00  -1.000000e+00  1.000000e+00
1.000000e+04  1.793002e+04  3.324750e+04  1.746936e+04  1.000000e+04  1.832159e+00  1.675577e+00  1.565830e-01  8.467211e+00  8.467211e+00  3.256350e+00  8.546300e-02  3.195983e-01  6.648101e-01  6.648428e-01  1.151136e-02  2.301511e+00  5.331644e+05  3.570303e+04  2.388522e+57  1.113445e+57  -1.620397e-07  -5.154596e+103  -1.000000e+00  -1.000000e+00  1.000000e+00
1.000000e+04  2.025605e+04  3.324750e+04  1.979538e+04  1.000000e+04  1.829993e+00  1.691063e+00  1.389300e-01  8.434619e+00  8.434619e+00  3.096207e+00  7.591800e-02  3.204540e-01  6.687723e-01  6.688001e-01  1.120882e-02  2.211263e+00  5.430213e+05  3.157835e+04  2.393499e+57  9.775402e+56  -3.778872e-07  3.383522e+103  -1.000000e+00  1.000000e+00  1.000000e+00
