# Phase transition detected in NM EOS:
#   P_t    = 120.0000 MeV/fm3
#   e_low  = 441.5494 MeV/fm3
#   e_high = 1041.5494 MeV/fm3
#   delta_e= 600.0000 MeV/fm3
# Two-fluid TOV: Full results
# Columns: Pc_DM[MeV/fm3]  ec_NM[MeV/fm3]  ec_DM[MeV/fm3]  Pc_NM[MeV/fm3]  Pc_DM[MeV/fm3]  M[Msun]  M_NM[Msun]  M_DM[Msun]  R_total[km]  R_NM[km]  R_DM[km]  f_DM  Compactness  z_total  z_NM_surf  k2  Lambda  A_NM  A_DM  N_NM  N_DM  dM_dNB  detJ  stable_hippert  stable_jac  phase
1.000000e+00  1.030404e+02  7.457490e+02  1.000000e+00  1.000000e+00  9.749100e-02  9.625100e-02  1.240000e-03  1.870531e+01  1.870531e+01  7.795590e-01  1.271700e-02  7.698021e-03  7.788066e-03  7.788067e-03  1.463172e-02  3.608413e+08  1.442540e+04  1.835260e+02  1.200836e+56  1.715664e+51  6.540720e-06  2.067379e+104  1.000000e+00  1.000000e+00  0.000000e+00
1.000000e+00  1.076573e+02  7.457490e+02  1.133400e+00  1.000000e+00  1.041710e-01  1.029380e-01  1.232000e-03  1.742922e+01  1.742922e+01  7.780440e-01  1.183100e-02  8.827741e-03  8.946382e-03  8.946382e-03  1.747075e-02  2.172565e+08  1.544781e+04  1.824481e+02  1.288942e+56  1.704955e+51  6.537212e-06  2.073387e+104  1.000000e+00  1.000000e+00  0.000000e+00
1.000000e+00  1.131115e+02  7.457490e+02  1.284600e+00  1.000000e+00  1.123260e-01  1.111070e-01  1.219000e-03  1.633129e+01  1.633129e+01  7.751840e-01  1.085200e-02  1.015878e-02  1.031625e-02  1.031625e-02  2.129152e-02  1.311920e+08  1.669814e+04  1.804449e+02  1.395296e+56  1.686374e+51  6.527980e-06  2.150109e+104  1.000000e+00  1.000000e+00  0.000000e+00
1.000000e+00  1.191072e+02  7.457490e+02  1.456000e+00  1.000000e+00  1.222040e-01  1.209990e-01  1.205000e-03  1.540923e+01  1.540923e+01  7.722600e-01  9.862000e-03  1.171346e-02  1.192337e-02  1.192337e-02  2.626218e-02  7.939848e+07  1.821470e+04  1.784116e+02  1.521538e+56  1.667412e+51  6.515105e-06  2.375970e+104  1.000000e+00  1.000000e+00  0.000000e+00
1.000000e+00  1.250167e+02  7.457490e+02  1.650300e+00  1.000000e+00  1.335450e-01  1.323540e-01  1.191000e-03  1.466818e+01  1.466818e+01  7.692530e-01  8.920000e-03  1.344723e-02  1.372470e-02  1.372470e-02  3.222305e-02  4.885536e+07  1.995965e+04  1.763386e+02  1.664040e+56  1.648202e+51  6.498696e-06  2.494796e+104  1.000000e+00  1.000000e+00  0.000000e+00
1.000000e+00  1.316026e+02  7.457490e+02  1.870400e+00  1.000000e+00  1.461810e-01  1.450040e-01  1.176000e-03  1.407698e+01  1.407698e+01  7.660630e-01  8.048000e-03  1.533776e-02  1.569990e-02  1.569990e-02  3.897724e-02  3.061320e+07  2.190901e+04  1.741546e+02  1.821122e+56  1.627834e+51  6.478727e-06  2.620066e+104  1.000000e+00  1.000000e+00  0.000000e+00
1.000000e+00  1.379494e+02  7.457490e+02  2.120000e+00  1.000000e+00  1.600780e-01  1.589160e-01  1.162000e-03  1.360247e+01  1.360247e+01  7.628670e-01  7.258000e-03  1.738185e-02  1.784858e-02  1.784858e-02  4.635242e-02  1.947601e+07  2.406012e+04  1.719858e+02  1.992796e+56  1.607707e+51  6.455845e-06  2.286603e+104  1.000000e+00  1.000000e+00  0.000000e+00
1.000000e+00  1.527256e+02  7.457490e+02  2.402800e+00  1.000000e+00  1.745450e-01  1.734140e-01  1.131000e-03  1.323479e+01  1.323479e+01  7.559660e-01  6.478000e-03  1.947919e-02  2.006748e-02  2.006748e-02  5.380646e-02  1.279047e+07  2.630968e+04  1.673654e+02  2.171010e+56  1.564795e+51  6.430724e-06  3.053353e+104  1.000000e+00  1.000000e+00  0.000000e+00
1.000000e+00  1.576382e+02  7.457490e+02  2.723400e+00  1.000000e+00  1.893620e-01  1.882430e-01  1.119000e-03  1.293949e+01  1.293949e+01  7.534420e-01  5.911000e-03  2.161509e-02  2.234215e-02  2.234215e-02  6.103674e-02  8.624094e+06  2.862042e+04  1.656966e+02  2.352797e+56  1.549319e+51  6.402819e-06  3.698358e+104  1.000000e+00  1.000000e+00  0.000000e+00
1.000000e+00  1.627167e+02  7.457490e+02  3.086700e+00  1.000000e+00  2.052350e-01  2.041270e-01  1.108000e-03  1.268116e+01  1.268116e+01  7.508370e-01  5.398000e-03  2.390421e-02  2.479697e-02  2.479697e-02  6.818883e-02  5.824391e+06  3.110717e+04  1.639849e+02  2.547087e+56  1.533394e+51  6.373797e-06  3.924664e+104  1.000000e+00  1.000000e+00  0.000000e+00
1.000000e+00  1.679681e+02  7.457490e+02  3.498500e+00  1.000000e+00  2.234280e-01  2.223320e-01  1.096000e-03  1.245016e+01  1.245016e+01  7.481290e-01  4.905000e-03  2.650598e-02  2.760866e-02  2.760866e-02  7.574519e-02  3.859611e+06  3.397031e+04  1.622183e+02  2.769815e+56  1.516954e+51  6.343495e-06  4.332208e+104  1.000000e+00  1.000000e+00  0.000000e+00
1.000000e+00  1.734000e+02  7.457490e+02  3.965200e+00  1.000000e+00  2.444750e-01  2.433920e-01  1.084000e-03  1.225289e+01  1.225289e+01  7.453170e-01  4.432000e-03  2.946983e-02  3.084001e-02  3.084001e-02  8.376429e-02  2.512319e+06  3.729890e+04  1.603959e+02  3.027988e+56  1.499975e+51  6.310835e-06  4.789563e+104  1.000000e+00  1.000000e+00  0.000000e+00
1.000000e+00  1.790190e+02  7.457490e+02  4.494300e+00  1.000000e+00  2.686670e-01  2.675960e-01  1.071000e-03  1.209345e+01  1.209345e+01  7.423770e-01  3.986000e-03  3.281302e-02  3.452177e-02  3.452177e-02  9.211987e-02  1.614468e+06  4.114533e+04  1.585070e+02  3.325564e+56  1.482405e+51  6.274867e-06  5.255418e+104  1.000000e+00  1.000000e+00  0.000000e+00
1.000000e+00  1.848335e+02  7.457490e+02  5.093900e+00  1.000000e+00  2.962360e-01  2.951780e-01  1.058000e-03  1.197260e+01  1.197260e+01  7.393160e-01  3.570000e-03  3.654520e-02  3.867890e-02  3.867890e-02  1.006186e-01  1.029049e+06  4.555504e+04  1.565553e+02  3.665882e+56  1.464231e+51  6.234806e-06  5.717246e+104  1.000000e+00  1.000000e+00  0.000000e+00
1.000000e+00  1.908524e+02  7.457490e+02  5.773400e+00  1.000000e+00  3.273930e-01  3.263490e-01  1.044000e-03  1.188874e+01  1.188874e+01  7.361190e-01  3.189000e-03  4.067384e-02  4.333652e-02  4.333652e-02  1.090233e-01  6.529124e+05  5.057246e+04  1.545343e+02  4.052067e+56  1.445409e+51  6.189935e-06  6.168540e+104  1.000000e+00  1.000000e+00  0.000000e+00
1.000000e+00  1.970844e+02  7.457490e+02  6.543700e+00  1.000000e+00  3.623430e-01  3.613130e-01  1.030000e-03  1.183895e+01  1.183895e+01  7.327830e-01  2.842000e-03  4.520513e-02  4.852122e-02  4.852122e-02  1.170979e-01  4.135423e+05  5.624394e+04  1.524425e+02  4.487317e+56  1.425907e+51  6.140987e-06  6.603223e+104  1.000000e+00  1.000000e+00  0.000000e+00
1.000000e+00  2.035396e+02  7.457490e+02  7.416700e+00  1.000000e+00  4.012820e-01  4.002670e-01  1.015000e-03  1.181967e+01  1.181967e+01  7.292790e-01  2.530000e-03  5.014477e-02  5.426215e-02  5.426215e-02  1.245974e-01  2.619912e+05  6.261446e+04  1.502680e+02  4.974619e+56  1.405663e+51  6.087486e-06  7.020058e+104  1.000000e+00  1.000000e+00  0.000000e+00
1.000000e+00  2.102287e+02  7.457490e+02  8.406200e+00  1.000000e+00  4.443970e-01  4.433970e-01  1.000000e-03  1.182711e+01  1.182711e+01  7.256120e-01  2.250000e-03  5.549761e-02  6.059104e-02  6.059104e-02  1.313119e-01  1.662815e+05  6.973464e+04  1.480135e+02  5.517312e+56  1.384655e+51  6.027437e-06  7.416355e+104  1.000000e+00  1.000000e+00  0.000000e+00
1.000000e+00  2.171631e+02  7.457490e+02  9.527700e+00  1.000000e+00  4.918620e-01  4.908780e-01  9.840000e-04  1.185760e+01  1.185760e+01  7.217640e-01  2.001000e-03  6.126724e-02  6.754200e-02  6.754200e-02  1.370502e-01  1.058389e+05  7.765552e+04  1.456718e+02  6.118628e+56  1.362830e+51  5.962977e-06  7.783686e+104  1.000000e+00  1.000000e+00  0.000000e+00
1.000000e+00  2.243537e+02  7.457490e+02  1.079880e+01  1.000000e+00  5.438280e-01  5.428610e-01  9.680000e-04  1.188855e+01  1.188855e+01  7.177250e-01  1.779000e-03  6.756389e-02  7.528608e-02  7.528608e-02  1.427819e-01  6.760958e+04  8.642351e+04  1.432396e+02  6.781246e+56  1.340150e+51  5.893614e-06  8.119404e+104  1.000000e+00  1.000000e+00  0.000000e+00
1.000000e+00  2.318138e+02  7.457490e+02  1.223950e+01  1.000000e+00  6.004220e-01  5.994710e-01  9.510000e-04  1.192806e+01  1.192806e+01  7.134700e-01  1.583000e-03  7.434785e-02  8.382106e-02  8.382106e-02  1.477931e-01  4.337305e+04  9.609152e+04  1.407083e+02  7.508337e+56  1.316554e+51  5.817920e-06  8.417313e+104  1.000000e+00  1.000000e+00  0.000000e+00
1.000000e+00  2.395612e+02  7.457490e+02  1.387240e+01  1.000000e+00  6.617320e-01  6.608000e-01  9.330000e-04  1.198545e+01  1.198545e+01  7.089910e-01  1.410000e-03  8.154735e-02  9.310490e-02  9.310490e-02  1.512313e-01  2.795761e+04  1.067071e+05  1.380749e+02  8.302288e+56  1.291999e+51  5.737029e-06  8.669872e+104  1.000000e+00  1.000000e+00  0.000000e+00
1.000000e+00  2.476067e+02  7.457490e+02  1.572320e+01  1.000000e+00  7.278040e-01  7.268900e-01  9.140000e-04  1.205752e+01  1.205752e+01  7.042710e-01  1.256000e-03  8.915344e-02  1.031769e-01  1.031769e-01  1.530543e-01  1.811607e+04  1.183149e+05  1.353358e+02  9.165074e+56  1.266446e+51  5.649172e-06  8.877248e+104  1.000000e+00  1.000000e+00  0.000000e+00
1.000000e+00  2.559695e+02  7.457490e+02  1.782080e+01  1.000000e+00  7.986290e-01  7.977340e-01  8.950000e-04  1.214101e+01  1.214101e+01  6.992810e-01  1.121000e-03  9.715646e-02  1.140811e-01  1.140811e-01  1.532820e-01  1.180432e+04  1.309626e+05  1.324807e+02  1.009890e+57  1.239829e+51  5.554974e-06  9.029882e+104  1.000000e+00  1.000000e+00  0.000000e+00
1.000000e+00  2.646662e+02  7.457490e+02  2.019840e+01  1.000000e+00  8.741330e-01  8.732580e-01  8.750000e-04  1.223298e+01  1.223298e+01  6.940220e-01  1.001000e-03  1.055424e-01  1.258612e-01  1.258612e-01  1.519918e-01  7.737387e+03  1.446812e+05  1.295132e+02  1.110431e+57  1.212132e+51  5.455930e-06  9.117065e+104  1.000000e+00  1.000000e+00  0.000000e+00
1.000000e+00  2.737197e+02  7.457490e+02  2.289310e+01  1.000000e+00  9.541770e-01  9.533230e-01  8.540000e-04  1.233061e+01  1.233061e+01  6.884510e-01  8.950000e-04  1.142947e-01  1.385634e-01  1.385634e-01  1.493019e-01  5.103146e+03  1.594992e+05  1.264202e+02  1.218111e+57  1.183283e+51  5.348447e-06  9.143424e+104  1.000000e+00  1.000000e+00  0.000000e+00
1.000000e+00  2.831505e+02  7.457490e+02  2.594730e+01  1.000000e+00  1.038540e+00  1.037708e+00  8.320000e-04  1.243107e+01  1.243107e+01  6.825620e-01  8.010000e-04  1.233946e-01  1.522368e-01  1.522368e-01  1.453762e-01  3.387821e+03  1.754506e+05  1.232035e+02  1.332989e+57  1.153265e+51  5.234238e-06  9.099791e+104  1.000000e+00  1.000000e+00  0.000000e+00
1.000000e+00  2.929826e+02  7.457490e+02  2.940900e+01  1.000000e+00  1.126923e+00  1.126113e+00  8.100000e-04  1.253235e+01  1.253235e+01  6.763250e-01  7.190000e-04  1.328138e-01  1.669220e-01  1.669220e-01  1.403678e-01  2.264442e+03  1.925337e+05  1.198573e+02  1.454739e+57  1.122040e+51  5.115303e-06  8.980393e+104  1.000000e+00  1.000000e+00  0.000000e+00
1.000000e+00  3.032418e+02  7.457490e+02  3.333260e+01  1.000000e+00  1.218939e+00  1.218153e+00  7.860000e-04  1.263265e+01  1.263265e+01  6.697230e-01  6.450000e-04  1.425178e-01  1.826542e-01  1.826542e-01  1.344293e-01  1.524254e+03  2.107512e+05  1.163814e+02  1.583106e+57  1.089594e+51  4.988463e-06  8.792118e+104  1.000000e+00  1.000000e+00  0.000000e+00
1.000000e+00  3.139580e+02  7.457490e+02  3.777960e+01  1.000000e+00  1.314121e+00  1.313359e+00  7.620000e-04  1.273017e+01  1.273017e+01  6.627300e-01  5.800000e-04  1.524694e-01  1.994674e-01  1.994674e-01  1.277560e-01  1.033658e+03  2.300966e+05  1.127739e+02  1.717726e+57  1.055914e+51  4.854484e-06  8.531171e+104  1.000000e+00  1.000000e+00  0.000000e+00
1.000000e+00  3.251628e+02  7.457490e+02  4.281980e+01  1.000000e+00  1.411916e+00  1.411180e+00  7.370000e-04  1.282327e+01  1.282327e+01  6.553290e-01  5.220000e-04  1.626267e-01  2.173898e-01  2.173898e-01  1.205279e-01  7.063777e+02  2.505419e+05  1.090367e+02  1.858013e+57  1.021010e+51  4.713373e-06  8.201649e+104  1.000000e+00  1.000000e+00  0.000000e+00
1.000000e+00  3.368911e+02  7.457490e+02  4.853260e+01  1.000000e+00  1.511701e+00  1.510990e+00  7.110000e-04  1.291046e+01  1.291046e+01  6.474860e-01  4.700000e-04  1.729441e-01  2.364428e-01  2.364428e-01  1.129293e-01  4.866163e+02  2.720562e+05  1.051684e+02  2.003374e+57  9.848896e+50  4.566599e-06  7.804187e+104  1.000000e+00  1.000000e+00  0.000000e+00
1.000000e+00  3.491847e+02  7.457490e+02  5.500740e+01  1.000000e+00  1.612782e+00  1.612098e+00  6.840000e-04  1.299051e+01  1.299051e+01  6.391900e-01  4.240000e-04  1.833712e-01  2.566369e-01  2.566369e-01  1.051156e-01  3.380027e+02  2.945679e+05  1.011771e+02  2.152822e+57  9.476024e+50  4.412985e-06  7.349346e+104  1.000000e+00  1.000000e+00  0.000000e+00
1.000000e+00  3.620840e+02  7.457490e+02  6.234610e+01  1.000000e+00  1.714414e+00  1.713758e+00  6.560000e-04  1.306244e+01  1.306244e+01  6.304130e-01  3.830000e-04  1.938532e-01  2.779684e-01  2.779684e-01  9.724229e-02  2.368090e+02  3.180343e+05  9.706590e+01  2.305644e+57  9.091990e+50  4.252225e-06  6.848503e+104  1.000000e+00  1.000000e+00  0.000000e+00
1.000000e+00  3.756397e+02  7.457490e+02  7.066390e+01  1.000000e+00  1.815814e+00  1.815187e+00  6.270000e-04  1.312521e+01  1.312521e+01  6.211430e-01  3.460000e-04  2.043368e-01  3.004283e-01  3.004283e-01  8.944505e-02  1.673899e+02  3.423561e+05  9.284607e+01  2.460701e+57  8.697674e+50  4.087673e-06  6.304128e+104  1.000000e+00  1.000000e+00  0.000000e+00
1.000000e+00  3.899028e+02  7.457490e+02  8.009140e+01  1.000000e+00  1.916180e+00  1.915582e+00  5.980000e-04  1.317788e+01  1.317788e+01  6.113650e-01  3.120000e-04  2.147695e-01  3.239970e-01  3.239970e-01  8.184550e-02  1.194100e+02  3.674335e+05  8.852894e+01  2.616762e+57  8.294159e+50  3.916145e-06  5.734361e+104  1.000000e+00  1.000000e+00  0.000000e+00
1.000000e+00  4.049358e+02  7.457490e+02  9.077660e+01  1.000000e+00  2.014709e+00  2.014141e+00  5.680000e-04  1.321984e+01  1.321984e+01  6.010610e-01  2.820000e-04  2.250960e-01  3.486352e-01  3.486352e-01  7.453880e-02  8.599082e+01  3.931835e+05  8.412711e+01  2.772794e+57  7.882694e+50  3.737323e-06  5.151976e+104  1.000000e+00  1.000000e+00  0.000000e+00
1.000000e+00  4.208056e+02  7.457490e+02  1.028874e+02  1.000000e+00  2.110614e+00  2.110076e+00  5.380000e-04  1.325054e+01  1.325054e+01  5.902270e-01  2.550000e-04  2.352648e-01  3.742924e-01  3.742924e-01  6.760521e-02  6.253405e+01  4.194944e+05  7.965883e+01  2.927536e+57  7.464911e+50  3.552644e-06  4.569772e+104  1.000000e+00  1.000000e+00  0.000000e+00
1.000000e+00  4.375827e+02  7.457490e+02  1.166139e+02  1.000000e+00  2.203148e+00  2.202640e+00  5.080000e-04  1.326962e+01  1.326962e+01  5.788600e-01  2.300000e-04  2.452263e-01  4.009017e-01  4.009017e-01  6.108101e-02  4.591795e+01  4.462583e+05  7.514355e+01  3.079844e+57  7.042652e+50  2.660171e-06  4.048204e+104  1.000000e+00  1.000000e+00  0.000000e+00
1.000000e+00  1.053723e+03  7.457490e+02  1.321717e+02  1.000000e+00  2.212329e+00  2.212034e+00  2.950000e-04  1.323381e+01  1.323381e+01  4.829780e-01  1.330000e-04  2.469146e-01  4.055666e-01  4.055666e-01  5.959317e-02  4.328859e+01  4.498861e+05  4.365724e+01  3.094945e+57  4.095428e+50  6.076481e-07  -8.375077e+103  1.000000e+00  -1.000000e+00  1.000000e+00
1.000000e+00  1.071356e+03  7.457490e+02  1.498051e+02  1.000000e+00  2.178104e+00  2.177822e+00  2.810000e-04  1.312633e+01  1.312633e+01  4.753590e-01  1.290000e-04  2.450850e-01  4.005135e-01  4.005135e-01  5.930474e-02  4.471069e+01  4.424755e+05  4.162278e+01  3.038547e+57  3.904859e+50  4.799266e-06  -8.299013e+103  1.000000e+00  -1.000000e+00  1.000000e+00
1.000000e+00  1.091342e+03  7.457490e+02  1.697911e+02  1.000000e+00  2.138631e+00  2.138364e+00  2.670000e-04  1.297844e+01  1.297844e+01  4.671460e-01  1.250000e-04  2.433857e-01  3.958688e-01  3.958688e-01  5.829695e-02  4.550720e+01  4.345727e+05  3.950170e+01  2.973250e+57  3.706127e+50  5.181745e-06  -7.709859e+103  1.000000e+00  -1.000000e+00  1.000000e+00
1.000000e+00  1.113993e+03  7.457490e+02  1.924434e+02  1.000000e+00  2.097478e+00  2.097226e+00  2.520000e-04  1.279853e+01  1.279853e+01  4.583340e-01  1.200000e-04  2.420578e-01  3.922711e-01  3.922711e-01  5.660688e-02  4.541349e+01  4.269035e+05  3.730724e+01  2.904445e+57  3.500495e+50  5.899228e-06  -6.466089e+103  1.000000e+00  -1.000000e+00  1.000000e+00
1.000000e+00  1.139669e+03  7.457490e+02  2.181178e+02  1.000000e+00  2.057044e+00  2.056807e+00  2.370000e-04  1.259259e+01  1.259259e+01  4.489240e-01  1.150000e-04  2.412738e-01  3.901601e-01  3.901601e-01  5.429550e-02  4.427121e+01  4.205317e+05  3.505557e+01  2.839022e+57  3.289474e+50  6.793415e-06  -5.129710e+103  1.000000e+00  -1.000000e+00  1.000000e+00
1.000000e+00  1.168770e+03  7.457490e+02  2.472176e+02  1.000000e+00  2.019186e+00  2.018965e+00  2.210000e-04  1.236627e+01  1.236627e+01  4.389300e-01  1.100000e-04  2.411678e-01  3.898752e-01  3.898752e-01  5.146030e-02  4.205218e+01  4.152513e+05  3.276521e+01  2.776416e+57  3.074795e+50  8.417802e-06  -3.944086e+103  1.000000e+00  -1.000000e+00  1.000000e+00
1.000000e+00  1.201752e+03  7.457490e+02  2.801996e+02  1.000000e+00  1.985303e+00  1.985097e+00  2.060000e-04  1.212540e+01  1.212540e+01  4.283720e-01  1.040000e-04  2.418313e-01  3.916602e-01  3.916602e-01  4.823235e-02  3.887643e+01  4.116034e+05  3.045649e+01  2.720375e+57  2.858358e+50  1.310314e-05  -2.859018e+103  1.000000e+00  -1.000000e+00  1.000000e+00
1.000000e+00  1.239133e+03  7.457490e+02  3.175819e+02  1.000000e+00  1.956278e+00  1.956087e+00  1.900000e-04  1.187561e+01  1.187561e+01  4.172770e-01  9.700000e-05  2.433078e-01  3.956569e-01  3.956569e-01  4.475670e-02  3.499464e+01  4.096852e+05  2.815015e+01  2.672050e+57  2.642147e+50  6.830011e-05  -2.008090e+103  1.000000e+00  -1.000000e+00  1.000000e+00
1.000000e+00  1.281502e+03  7.457490e+02  3.599514e+02  1.000000e+00  1.932491e+00  1.932316e+00  1.750000e-04  1.162227e+01  1.162227e+01  4.056930e-01  9.000000e-05  2.455885e-01  4.018988e-01  4.018988e-01  4.117105e-02  3.072264e+01  4.093780e+05  2.586931e+01  2.630847e+57  2.428251e+50  9.187665e-05  -1.285300e+103  1.000000e+00  -1.000000e+00  1.000000e+00
1.000000e+00  1.329526e+03  7.457490e+02  4.079736e+02  1.000000e+00  1.913853e+00  1.913694e+00  1.600000e-04  1.137016e+01  1.137016e+01  3.936560e-01  8.300000e-05  2.486130e-01  4.103067e-01  4.103067e-01  3.761335e-02  2.640146e+01  4.114595e+05  2.363385e+01  2.601572e+57  2.218631e+50  -7.322873e-06  -8.370532e+102  -1.000000e+00  -1.000000e+00  1.000000e+00
1.000000e+00  1.383956e+03  7.457490e+02  4.624025e+02  1.000000e+00  1.899882e+00  1.899737e+00  1.450000e-04  1.112307e+01  1.112307e+01  3.812310e-01  7.600000e-05  2.522803e-01  4.207078e-01  4.207078e-01  3.418771e-02  2.230327e+01  4.141460e+05  2.146541e+01  2.574046e+57  2.015239e+50  -4.092113e-06  -5.269793e+102  -1.000000e+00  -1.000000e+00  1.000000e+00
1.000000e+00  1.445646e+03  7.457490e+02  5.240930e+02  1.000000e+00  1.889788e+00  1.889657e+00  1.310000e-04  1.088382e+01  1.088382e+01  3.684780e-01  6.900000e-05  2.564563e-01  4.328362e-01  4.328362e-01  3.096690e-02  1.860978e+01  4.189796e+05  1.938197e+01  2.557287e+57  1.819798e+50  -1.694785e-06  -2.727211e+102  -1.000000e+00  -1.000000e+00  1.000000e+00
1.000000e+00  1.515564e+03  7.457490e+02  5.940138e+02  1.000000e+00  1.882647e+00  1.882530e+00  1.180000e-04  1.065417e+01  1.065417e+01  3.554650e-01  6.200000e-05  2.609944e-01  4.463751e-01  4.463751e-01  2.799928e-02  1.541348e+01  4.248578e+05  1.739969e+01  2.544950e+57  1.633815e+50  -1.009352e-06  -1.624909e+102  -1.000000e+00  -1.000000e+00  1.000000e+00
1.000000e+00  1.594815e+03  7.457490e+02  6.732629e+02  1.000000e+00  1.877491e+00  1.877386e+00  1.050000e-04  1.043506e+01  1.043506e+01  3.422610e-01  5.600000e-05  2.657447e-01  4.609665e-01  4.609665e-01  2.530245e-02  1.272762e+01  4.314984e+05  1.553150e+01  2.535326e+57  1.458515e+50  -6.800192e-07  -1.033915e+102  -1.000000e+00  -1.000000e+00  1.000000e+00
1.000000e+00  1.684639e+03  7.457490e+02  7.630849e+02  1.000000e+00  1.873379e+00  1.873286e+00  9.300000e-05  1.022675e+01  1.022675e+01  3.289390e-01  5.000000e-05  2.705639e-01  4.762304e-01  4.762304e-01  2.288067e-02  1.052031e+01  4.386383e+05  1.378730e+01  2.527122e+57  1.294824e+50  -5.228574e-07  -4.895765e+101  -1.000000e+00  -1.000000e+00  1.000000e+00
1.000000e+00  1.786445e+03  7.457490e+02  8.648903e+02  1.000000e+00  1.869482e+00  1.869400e+00  8.200000e-05  1.002894e+01  1.002894e+01  3.155720e-01  4.400000e-05  2.753265e-01  4.917946e-01  4.917946e-01  2.072375e-02  8.732592e+00  4.471155e+05  1.217352e+01  2.525210e+57  1.143356e+50  -5.329410e-07  -3.747086e+101  -1.000000e+00  -1.000000e+00  1.000000e+00
1.000000e+00  1.901831e+03  7.457490e+02  9.802778e+02  1.000000e+00  1.865116e+00  1.865044e+00  7.200000e-05  9.841231e+00  9.841231e+00  3.022300e-01  3.900000e-05  2.799227e-01  5.072920e-01  5.072920e-01  1.881750e-02  7.299279e+00  4.544404e+05  1.069361e+01  2.515445e+57  1.004427e+50  -6.820394e-07  -5.942677e+101  -1.000000e+00  -1.000000e+00  1.000000e+00
1.000000e+00  2.032610e+03  7.457490e+02  1.111060e+03  1.000000e+00  1.859742e+00  1.859679e+00  6.300000e-05  9.662828e+00  9.662828e+00  2.889770e-01  3.400000e-05  2.842694e-01  5.224011e-01  5.224011e-01  1.716830e-02  6.165746e+00  4.614720e+05  9.347434e+00  2.503117e+57  8.780514e+49  -8.226933e-07  -4.698399e+101  -1.000000e+00  -1.000000e+00  1.000000e+00
1.000000e+00  2.180844e+03  7.457490e+02  1.259289e+03  1.000000e+00  1.852966e+00  1.852911e+00  5.500000e-05  9.493007e+00  9.493007e+00  2.758800e-01  3.000000e-05  2.883005e-01  5.368273e-01  5.368273e-01  1.572779e-02  5.264411e+00  4.691204e+05  8.133036e+00  2.493492e+57  7.640188e+49  -1.061278e-06  -3.763640e+101  -1.000000e+00  -1.000000e+00  1.000000e+00
1.000000e+00  2.348852e+03  7.457490e+02  1.427295e+03  1.000000e+00  1.844532e+00  1.844485e+00  4.800000e-05  9.331073e+00  9.331073e+00  2.629890e-01  2.600000e-05  2.919687e-01  5.503177e-01  5.503177e-01  1.446797e-02  4.546054e+00  4.760360e+05  7.045284e+00  2.479324e+57  6.618829e+49  -1.469338e-06  -4.051731e+101  -1.000000e+00  -1.000000e+00  1.000000e+00
1.000000e+00  2.539271e+03  7.457490e+02  1.617714e+03  1.000000e+00  1.834316e+00  1.834275e+00  4.100000e-05  9.176568e+00  9.176568e+00  2.503610e-01  2.200000e-05  2.952402e-01  5.626533e-01  5.626533e-01  1.337146e-02  3.973837e+00  4.820900e+05  6.078257e+00  2.460200e+57  5.710602e+49  -2.084671e-06  -4.087243e+101  -1.000000e+00  -1.000000e+00  1.000000e+00
1.000000e+00  2.755091e+03  7.457490e+02  1.833538e+03  1.000000e+00  1.822267e+00  1.822232e+00  3.500000e-05  9.028932e+00  9.028932e+00  2.380340e-01  1.900000e-05  2.980968e-01  5.736689e-01  5.736689e-01  1.241232e-02  3.515423e+00  4.870860e+05  5.223832e+00  2.435362e+57  4.908176e+49  -2.576220e-06  -3.501199e+101  -1.000000e+00  -1.000000e+00  1.000000e+00
1.000000e+00  2.999709e+03  7.457490e+02  2.078156e+03  1.000000e+00  1.808443e+00  1.808413e+00  3.000000e-05  8.887930e+00  8.887930e+00  2.260500e-01  1.700000e-05  3.005286e-01  5.832326e-01  5.832326e-01  1.159504e-02  3.153232e+00  4.921286e+05  4.473820e+00  2.411490e+57  4.203651e+49  -3.512303e-06  -2.878872e+101  -1.000000e+00  -1.000000e+00  1.000000e+00
1.000000e+00  3.276966e+03  7.457490e+02  2.355409e+03  1.000000e+00  1.792935e+00  1.792909e+00  2.600000e-05  8.753213e+00  8.753213e+00  2.144350e-01  1.400000e-05  3.025371e-01  5.912639e-01  5.912639e-01  1.088159e-02  2.862261e+00  4.959196e+05  3.818974e+00  2.381501e+57  3.588512e+49  -4.375071e-06  -2.423857e+101  -1.000000e+00  -1.000000e+00  1.000000e+00
1.000000e+00  3.591209e+03  7.457490e+02  2.669651e+03  1.000000e+00  1.775897e+00  1.775875e+00  2.200000e-05  8.624709e+00  8.624709e+00  2.032140e-01  1.200000e-05  3.041270e-01  5.977091e-01  5.977091e-01  1.026831e-02  2.631071e+00  4.995848e+05  3.250248e+00  2.352244e+57  3.054236e+49  -6.634515e-06  -1.955875e+101  -1.000000e+00  -1.000000e+00  1.000000e+00
1.000000e+00  3.947373e+03  7.457490e+02  3.025817e+03  1.000000e+00  1.757505e+00  1.757486e+00  1.900000e-05  8.502250e+00  8.502250e+00  1.924050e-01  1.100000e-05  3.053123e-01  6.025653e-01  6.025653e-01  9.742493e-03  2.448259e+00  5.019145e+05  2.758656e+00  2.317055e+57  2.592399e+49  -1.563108e-05  -1.728560e+101  -1.000000e+00  -1.000000e+00  1.000000e+00
1.000000e+00  4.351050e+03  7.457490e+02  3.429500e+03  1.000000e+00  1.737968e+00  1.737953e+00  1.600000e-05  8.385940e+00  8.385940e+00  1.820190e-01  9.000000e-06  3.061059e-01  6.058418e-01  6.058418e-01  9.295743e-03  2.305866e+00  5.029411e+05  2.335586e+00  2.276399e+57  2.194915e+49  -2.284960e-05  -1.383705e+101  -1.000000e+00  -1.000000e+00  1.000000e+00
1.000000e+00  4.808596e+03  7.457490e+02  3.887040e+03  1.000000e+00  1.717496e+00  1.717483e+00  1.300000e-05  8.275692e+00  8.275692e+00  1.720650e-01  8.000000e-06  3.065301e-01  6.076010e-01  6.076010e-01  8.916664e-03  2.196577e+00  5.037350e+05  1.972957e+00  2.236661e+57  1.854182e+49  -3.318711e-05  -1.006161e+101  -1.000000e+00  -1.000000e+00  1.000000e+00
1.000000e+00  5.327181e+03  7.457490e+02  4.405622e+03  1.000000e+00  1.696304e+00  1.696293e+00  1.100000e-05  8.171667e+00  8.171667e+00  1.625440e-01  7.000000e-06  3.066018e-01  6.078992e-01  6.078992e-01  8.599611e-03  2.115991e+00  5.042881e+05  1.663220e+00  2.198014e+57  1.563136e+49  -3.060776e-04  -7.745536e+100  -1.000000e+00  -1.000000e+00  1.000000e+00
1.000000e+00  5.914947e+03  7.457490e+02  4.993389e+03  1.000000e+00  1.674608e+00  1.674598e+00  9.000000e-06  8.073894e+00  8.073894e+00  1.534560e-01  6.000000e-06  3.063456e-01  6.068353e-01  6.068353e-01  8.335220e-03  2.059493e+00  5.035921e+05  1.399538e+00  2.154855e+57  1.315345e+49  2.799981e-05  -6.024405e+100  1.000000e+00  -1.000000e+00  1.000000e+00
1.000000e+00  6.581126e+03  7.457490e+02  5.659571e+03  1.000000e+00  1.652627e+00  1.652619e+00  8.000000e-06  7.982573e+00  7.982573e+00  1.447950e-01  5.000000e-06  3.057832e-01  6.045068e-01  6.045068e-01  8.121728e-03  2.025263e+00  5.026691e+05  1.175678e+00  2.113093e+57  1.104986e+49  2.176376e-05  -4.315239e+100  1.000000e+00  -1.000000e+00  1.000000e+00
1.000000e+00  7.336183e+03  7.457490e+02  6.414631e+03  1.000000e+00  1.630549e+00  1.630543e+00  7.000000e-06  7.897653e+00  7.897653e+00  1.365550e-01  4.000000e-06  3.049422e-01  6.010443e-01  6.010443e-01  7.949457e-03  2.009826e+00  5.015205e+05  9.861724e-01  2.072834e+57  9.268872e+48  1.786668e-05  -3.071272e+100  1.000000e+00  -1.000000e+00  1.000000e+00
1.000000e+00  8.191984e+03  7.457490e+02  7.270426e+03  1.000000e+00  1.608583e+00  1.608577e+00  6.000000e-06  7.819440e+00  7.819440e+00  1.287260e-01  3.000000e-06  3.038432e-01  5.965528e-01  5.965528e-01  7.817710e-03  2.012523e+00  5.001714e+05  8.260854e-01  2.034248e+57  7.764448e+48  1.367605e-05  -2.294166e+100  1.000000e+00  -1.000000e+00  1.000000e+00
1.000000e+00  9.161955e+03  7.457490e+02  8.240395e+03  1.000000e+00  1.586902e+00  1.586897e+00  5.000000e-06  7.747922e+00  7.747922e+00  1.212980e-01  3.000000e-06  3.025147e-01  5.911738e-01  5.911738e-01  7.720526e-03  2.031530e+00  4.977781e+05  6.911729e-01  1.992580e+57  6.496452e+48  8.769350e-06  -1.727290e+100  1.000000e+00  -1.000000e+00  1.000000e+00
1.000000e+00  1.026133e+04  7.457490e+02  9.339770e+03  1.000000e+00  1.565672e+00  1.565669e+00  4.000000e-06  7.683151e+00  7.683151e+00  1.142570e-01  2.000000e-06  3.009838e-01  5.850422e-01  5.850422e-01  7.653459e-03  2.065621e+00  4.952706e+05  5.776646e-01  1.953081e+57  5.429676e+48  8.210425e-06  -1.204487e+100  1.000000e+00  -1.000000e+00  1.000000e+00
1.000000e+00  1.150737e+04  7.457490e+02  1.058582e+04  1.000000e+00  1.545057e+00  1.545054e+00  3.000000e-06  7.625196e+00  7.625196e+00  1.075920e-01  2.000000e-06  2.992783e-01  5.782938e-01  5.782938e-01  7.613560e-03  2.114075e+00  4.926763e+05  4.823453e-01  1.915855e+57  4.533758e+48  7.013055e-06  -8.794634e+99  1.000000e+00  -1.000000e+00  1.000000e+00
1.000000e+00  1.291966e+04  7.457490e+02  1.199810e+04  1.000000e+00  1.525188e+00  1.525185e+00  3.000000e-06  7.574075e+00  7.574075e+00  1.012850e-01  2.000000e-06  2.974236e-01  5.710521e-01  5.710521e-01  7.597838e-03  2.176314e+00  4.892365e+05  4.024004e-01  1.876503e+57  3.782404e+48  5.657039e-06  -6.480142e+99  1.000000e+00  -1.000000e+00  1.000000e+00
1.000000e+00  1.452036e+04  7.457490e+02  1.359880e+04  1.000000e+00  1.506201e+00  1.506199e+00  2.000000e-06  7.529761e+00  7.529761e+00  9.532500e-02  2.000000e-06  2.954495e-01  5.634528e-01  5.634528e-01  7.601006e-03  2.250937e+00  4.858082e+05  3.354587e-01  1.839806e+57  3.153198e+48  6.226091e-06  -4.207986e+99  1.000000e+00  -1.000000e+00  1.000000e+00
1.000000e+00  1.633462e+04  7.457490e+02  1.541306e+04  1.000000e+00  1.488201e+00  1.488199e+00  2.000000e-06  7.492129e+00  7.492129e+00  8.969500e-02  1.000000e-06  2.933851e-01  5.556223e-01  5.556223e-01  7.619718e-03  2.336969e+00  4.831457e+05  2.794604e-01  1.809921e+57  2.626870e+48  5.995058e-06  -2.808792e+99  1.000000e+00  -1.000000e+00  1.000000e+00
1.000000e+00  1.839092e+04  7.457490e+02  1.746936e+04  1.000000e+00  1.471291e+00  1.471289e+00  2.000000e-06  7.461085e+00  7.461085e+00  8.438100e-02  1.000000e-06  2.912583e-01  5.476771e-01  5.476771e-01  7.653382e-03  2.434319e+00  4.797830e+05  2.326723e-01  1.778371e+57  2.187090e+48  4.911112e-06  -2.047016e+99  1.000000e+00  -1.000000e+00  1.000000e+00
1.000000e+00  2.071233e+04  7.457490e+02  1.979078e+04  1.000000e+00  1.455612e+00  1.455610e+00  1.000000e-06  7.436566e+00  7.436566e+00  7.938500e-02  1.000000e-06  2.891044e-01  5.397537e-01  5.397537e-01  7.693064e-03  2.539420e+00  4.765144e+05  1.937469e-01  1.749611e+57  1.821209e+48  4.796894e-06  -1.513504e+99  1.000000e+00  -1.000000e+00  1.000000e+00
1.373800e+00  1.030404e+02  7.580814e+02  1.000000e+00  1.373800e+00  9.097300e-02  8.903900e-02  1.934000e-03  2.007539e+01  2.007539e+01  8.992770e-01  2.125900e-02  6.693113e-03  6.761068e-03  6.761068e-03  1.223980e-02  6.075066e+08  1.333120e+04  2.865068e+02  1.107020e+56  3.063115e+51  6.548255e-06  2.628834e+104  1.000000e+00  1.000000e+00  0.000000e+00
1.373800e+00  1.076573e+02  7.580814e+02  1.133400e+00  1.373800e+00  9.718400e-02  9.526000e-02  1.924000e-03  1.846380e+01  1.846380e+01  8.977430e-01  1.979700e-02  7.774209e-03  7.866057e-03  7.866057e-03  1.449013e-02  3.401721e+08  1.428127e+04  2.850288e+02  1.189138e+56  3.046180e+51  6.545621e-06  2.634520e+104  1.000000e+00  1.000000e+00  0.000000e+00
1.373800e+00  1.131115e+02  7.580814e+02  1.284600e+00  1.373800e+00  1.047520e-01  1.028480e-01  1.904000e-03  1.712283e+01  1.712283e+01  8.945680e-01  1.817200e-02  9.035843e-03  9.160187e-03  9.160187e-03  1.768893e-02  1.957795e+08  1.544103e+04  2.820105e+02  1.288526e+56  3.013774e+51  6.537911e-06  2.746050e+104  1.000000e+00  1.000000e+00  0.000000e+00
1.373800e+00  1.191072e+02  7.580814e+02  1.456000e+00  1.373800e+00  1.139570e-01  1.120750e-01  1.882000e-03  1.600595e+01  1.600595e+01  8.912380e-01  1.651900e-02  1.051578e-02  1.068461e-02  1.068461e-02  2.201367e-02  1.141280e+08  1.685329e+04  2.788762e+02  1.407673e+56  2.980428e+51  6.526434e-06  3.101343e+104  1.000000e+00  1.000000e+00  0.000000e+00
1.373800e+00  1.250167e+02  7.580814e+02  1.650300e+00  1.373800e+00  1.248600e-01  1.229990e-01  1.861000e-03  1.510252e+01  1.510252e+01  8.877960e-01  1.490300e-02  1.221110e-02  1.243942e-02  1.243942e-02  2.751207e-02  6.755530e+07  1.852887e+04  2.756612e+02  1.546228e+56  2.946367e+51  6.511349e-06  3.328898e+104  1.000000e+00  1.000000e+00  0.000000e+00
1.373800e+00  1.316026e+02  7.580814e+02  1.870400e+00  1.373800e+00  1.372570e-01  1.354190e-01  1.838000e-03  1.438918e+01  1.438918e+01  8.841800e-01  1.339200e-02  1.408902e-02  1.439394e-02  1.439394e-02  3.401721e-02  4.085095e+07  2.043886e+04  2.723069e+02  1.701542e+56  2.910591e+51  6.492376e-06  3.541364e+104  1.000000e+00  1.000000e+00  0.000000e+00
1.373800e+00  1.379494e+02  7.580814e+02  2.120000e+00  1.373800e+00  1.510210e-01  1.492060e-01  1.815000e-03  1.382667e+01  1.382667e+01  8.805040e-01  1.202000e-02  1.613250e-02  1.653369e-02  1.653369e-02  4.131302e-02  2.520506e+07  2.256586e+04  2.689300e+02  1.872405e+56  2.874835e+51  6.470133e-06  3.102208e+104  1.000000e+00  1.000000e+00  0.000000e+00
1.373800e+00  1.527256e+02  7.580814e+02  2.402800e+00  1.373800e+00  1.654950e-01  1.637260e-01  1.768000e-03  1.339702e+01  1.339702e+01  8.728500e-01  1.068500e-02  1.824558e-02  1.876062e-02  1.876062e-02  4.887489e-02  1.611403e+07  2.481392e+04  2.619676e+02  2.051399e+56  2.799981e+51  6.445740e-06  4.264792e+104  1.000000e+00  1.000000e+00  0.000000e+00
1.373800e+00  1.576382e+02  7.580814e+02  2.723400e+00  1.373800e+00  1.806490e-01  1.789000e-01  1.749000e-03  1.305549e+01  1.305549e+01  8.697080e-01  9.684000e-03  2.043732e-02  2.108598e-02  2.108598e-02  5.647322e-02  1.055919e+07  2.717257e+04  2.591681e+02  2.237750e+56  2.771284e+51  6.418179e-06  5.147650e+104  1.000000e+00  1.000000e+00  0.000000e+00
1.373800e+00  1.627167e+02  7.580814e+02  3.086700e+00  1.373800e+00  1.967310e-01  1.950000e-01  1.732000e-03  1.276862e+01  1.276862e+01  8.667260e-01  8.802000e-03  2.275680e-02  2.356429e-02  2.356429e-02  6.400373e-02  6.991319e+06  2.968696e+04  2.565150e+02  2.434970e+56  2.743108e+51  6.388418e-06  5.370769e+104  1.000000e+00  1.000000e+00  0.000000e+00
1.373800e+00  1.679681e+02  7.580814e+02  3.498500e+00  1.373800e+00  2.147410e-01  2.130280e-01  1.713000e-03  1.251627e+01  1.251627e+01  8.636370e-01  7.977000e-03  2.534085e-02  2.634666e-02  2.634666e-02  7.177222e-02  4.578874e+06  3.251596e+04  2.537826e+02  2.655598e+56  2.714040e+51  6.357551e-06  5.846069e+104  1.000000e+00  1.000000e+00  0.000000e+00
1.373800e+00  1.734000e+02  7.580814e+02  3.965200e+00  1.373800e+00  2.354960e-01  2.338020e-01  1.694000e-03  1.229972e+01  1.229972e+01  8.604180e-01  7.193000e-03  2.827937e-02  2.953845e-02  2.953845e-02  7.998606e-02  2.948302e+06  3.579214e+04  2.509580e+02  2.910136e+56  2.684002e+51  6.324529e-06  6.456109e+104  1.000000e+00  1.000000e+00  0.000000e+00
1.373800e+00  1.790190e+02  7.580814e+02  4.494300e+00  1.373800e+00  2.593960e-01  2.577210e-01  1.674000e-03  1.212337e+01  1.212337e+01  8.570680e-01  6.455000e-03  3.160249e-02  3.318410e-02  3.318410e-02  8.857229e-02  1.873258e+06  3.958515e+04  2.480399e+02  3.203986e+56  2.652949e+51  6.288173e-06  7.100961e+104  1.000000e+00  1.000000e+00  0.000000e+00
1.373800e+00  1.848335e+02  7.580814e+02  5.093900e+00  1.373800e+00  2.867090e-01  2.850550e-01  1.654000e-03  1.198845e+01  1.198845e+01  8.535770e-01  5.769000e-03  3.532318e-02  3.731222e-02  3.731222e-02  9.735035e-02  1.180181e+06  4.394587e+04  2.450220e+02  3.540907e+56  2.620818e+51  6.248275e-06  7.746381e+104  1.000000e+00  1.000000e+00  0.000000e+00
1.373800e+00  1.908524e+02  7.580814e+02  5.773400e+00  1.373800e+00  3.176600e-01  3.160270e-01  1.633000e-03  1.189344e+01  1.189344e+01  8.499280e-01  5.140000e-03  3.944909e-02  4.194833e-02  4.194833e-02  1.060764e-01  7.401914e+05  4.892027e+04  2.418947e+02  3.924180e+56  2.587533e+51  6.203826e-06  8.379041e+104  1.000000e+00  1.000000e+00  0.000000e+00
1.373800e+00  1.970844e+02  7.580814e+02  6.543700e+00  1.373800e+00  3.524580e-01  3.508470e-01  1.611000e-03  1.183519e+01  1.183519e+01  8.461140e-01  4.571000e-03  4.398595e-02  4.711864e-02  4.711864e-02  1.145072e-01  4.636311e+05  5.455548e+04  2.386543e+02  4.357073e+56  2.553031e+51  6.154266e-06  8.990787e+104  1.000000e+00  1.000000e+00  0.000000e+00
1.373800e+00  2.035396e+02  7.580814e+02  7.416700e+00  1.373800e+00  3.913000e-01  3.897120e-01  1.588000e-03  1.180976e+01  1.180976e+01  8.421240e-01  4.059000e-03  4.893848e-02  5.285149e-02  5.285149e-02  1.223818e-01  2.906500e+05  6.089853e+04  2.352942e+02  4.842770e+56  2.517242e+51  6.100431e-06  9.575858e+104  1.000000e+00  1.000000e+00  0.000000e+00
1.373800e+00  2.102287e+02  7.580814e+02  8.406200e+00  1.373800e+00  4.343730e-01  4.328090e-01  1.565000e-03  1.181299e+01  1.181299e+01  8.379400e-01  3.602000e-03  5.431067e-02  5.917784e-02  5.917784e-02  1.294769e-01  1.826735e+05  6.799701e+04  2.318060e+02  5.384283e+56  2.480081e+51  6.040839e-06  1.013115e+105  1.000000e+00  1.000000e+00  0.000000e+00
1.373800e+00  2.171631e+02  7.580814e+02  9.527700e+00  1.373800e+00  4.818490e-01  4.803090e-01  1.540000e-03  1.184076e+01  1.184076e+01  8.335500e-01  3.197000e-03  6.010540e-02  6.613129e-02  6.613129e-02  1.355700e-01  1.152141e+05  7.590366e+04  2.281820e+02  5.985103e+56  2.441468e+51  5.976427e-06  1.064673e+105  1.000000e+00  1.000000e+00  0.000000e+00
1.373800e+00  2.243537e+02  7.580814e+02  1.079880e+01  1.373800e+00  5.338780e-01  5.323640e-01  1.515000e-03  1.186987e+01  1.186987e+01  8.289380e-01  2.838000e-03  6.643212e-02  7.388172e-02  7.388172e-02  1.416441e-01  7.298211e+04  8.466327e+04  2.244159e+02  6.647721e+56  2.401328e+51  5.907016e-06  1.111703e+105  1.000000e+00  1.000000e+00  0.000000e+00
1.373800e+00  2.318138e+02  7.580814e+02  1.223950e+01  1.373800e+00  5.905850e-01  5.890960e-01  1.488000e-03  1.190835e+01  1.190835e+01  8.240900e-01  2.520000e-03  7.325076e-02  8.242701e-02  8.242701e-02  1.470018e-01  4.646966e+04  9.433054e+04  2.205013e+02  7.375347e+56  2.359576e+51  5.830660e-06  1.153620e+105  1.000000e+00  1.000000e+00  0.000000e+00
1.373800e+00  2.395612e+02  7.580814e+02  1.387240e+01  1.373800e+00  6.520580e-01  6.505970e-01  1.461000e-03  1.196560e+01  1.196560e+01  8.189720e-01  2.241000e-03  8.048845e-02  9.172446e-02  9.172446e-02  1.507356e-01  2.974795e+04  1.049528e+05  2.164197e+02  8.170526e+56  2.316089e+51  5.748659e-06  1.189545e+105  1.000000e+00  1.000000e+00  0.000000e+00
1.373800e+00  2.476067e+02  7.580814e+02  1.572320e+01  1.373800e+00  7.183400e-01  7.169070e-01  1.432000e-03  1.203813e+01  1.203813e+01  8.135820e-01  1.994000e-03  8.813583e-02  1.018133e-01  1.018133e-01  1.528478e-01  1.916044e+04  1.165772e+05  2.121750e+02  9.035464e+56  2.270826e+51  5.661425e-06  1.218585e+105  1.000000e+00  1.000000e+00  0.000000e+00
1.373800e+00  2.559695e+02  7.580814e+02  1.782080e+01  1.373800e+00  7.894180e-01  7.880160e-01  1.403000e-03  1.212247e+01  1.212247e+01  8.078920e-01  1.777000e-03  9.618287e-02  1.127373e-01  1.127373e-01  1.532333e-01  1.241007e+04  1.292403e+05  2.077543e+02  9.971240e+56  2.223682e+51  5.567545e-06  1.240073e+105  1.000000e+00  1.000000e+00  0.000000e+00
1.373800e+00  2.646662e+02  7.580814e+02  2.019840e+01  1.373800e+00  8.652200e-01  8.638490e-01  1.371000e-03  1.221559e+01  1.221559e+01  8.018850e-01  1.585000e-03  1.046150e-01  1.245400e-01  1.245400e-01  1.520983e-01  8.092152e+03  1.429870e+05  2.031536e+02  1.097956e+57  2.174588e+51  5.466256e-06  1.253293e+105  1.000000e+00  1.000000e+00  0.000000e+00
1.373800e+00  2.737197e+02  7.580814e+02  2.289310e+01  1.373800e+00  9.456000e-01  9.442610e-01  1.339000e-03  1.231451e+01  1.231451e+01  7.955260e-01  1.416000e-03  1.134154e-01  1.372678e-01  1.372678e-01  1.495335e-01  5.312352e+03  1.578427e+05  1.983588e+02  1.206029e+57  2.123442e+51  5.360113e-06  1.257021e+105  1.000000e+00  1.000000e+00  0.000000e+00
1.373800e+00  2.831505e+02  7.580814e+02  2.594730e+01  1.373800e+00  1.030335e+00  1.029030e+00  1.305000e-03  1.241642e+01  1.241642e+01  7.887970e-01  1.267000e-03  1.225642e-01  1.509686e-01  1.509686e-01  1.456911e-01  3.511733e+03  1.738240e+05  1.933675e+02  1.321205e+57  2.070190e+51  5.246449e-06  1.251399e+105  1.000000e+00  1.000000e+00  0.000000e+00
1.373800e+00  2.929826e+02  7.580814e+02  2.940900e+01  1.373800e+00  1.119121e+00  1.117851e+00  1.270000e-03  1.251914e+01  1.251914e+01  7.816740e-01  1.135000e-03  1.320335e-01  1.656840e-01  1.656840e-01  1.407355e-01  2.338259e+03  1.909528e+05  1.881754e+02  1.443411e+57  2.014780e+51  5.125042e-06  1.236183e+105  1.000000e+00  1.000000e+00  0.000000e+00
1.373800e+00  3.032418e+02  7.580814e+02  3.333260e+01  1.373800e+00  1.211568e+00  1.210334e+00  1.234000e-03  1.262085e+01  1.262085e+01  7.741300e-01  1.019000e-03  1.417884e-01  1.814496e-01  1.814496e-01  1.348328e-01  1.568558e+03  2.092245e+05  1.827785e+02  1.572299e+57  1.957172e+51  4.997475e-06  1.210818e+105  1.000000e+00  1.000000e+00  0.000000e+00
1.373800e+00  3.139580e+02  7.580814e+02  3.777960e+01  1.373800e+00  1.307202e+00  1.306006e+00  1.196000e-03  1.271979e+01  1.271979e+01  7.661420e-01  9.150000e-04  1.517905e-01  1.982976e-01  1.982976e-01  1.281670e-01  1.060382e+03  2.286288e+05  1.771767e+02  1.707477e+57  1.897348e+51  4.863973e-06  1.174885e+105  1.000000e+00  1.000000e+00  0.000000e+00
1.373800e+00  3.251628e+02  7.580814e+02  4.281980e+01  1.373800e+00  1.405466e+00  1.404309e+00  1.157000e-03  1.281423e+01  1.281423e+01  7.576700e-01  8.230000e-04  1.619980e-01  2.162570e-01  2.162570e-01  1.209349e-01  7.226243e+02  2.491307e+05  1.713631e+02  1.848263e+57  1.835290e+51  4.723231e-06  1.129669e+105  1.000000e+00  1.000000e+00  0.000000e+00
1.373800e+00  3.368911e+02  7.580814e+02  4.853260e+01  1.373800e+00  1.505730e+00  1.504613e+00  1.116000e-03  1.290264e+01  1.290264e+01  7.487020e-01  7.410000e-04  1.723654e-01  2.353503e-01  2.353503e-01  1.133156e-01  4.965366e+02  2.707058e+05  1.653484e+02  1.994179e+57  1.771053e+51  4.575371e-06  1.075549e+105  1.000000e+00  1.000000e+00  0.000000e+00
1.373800e+00  3.491847e+02  7.580814e+02  5.500740e+01  1.373800e+00  1.607293e+00  1.606219e+00  1.074000e-03  1.298385e+01  1.298385e+01  7.392080e-01  6.690000e-04  1.828408e-01  2.555857e-01  2.555857e-01  1.054747e-01  3.441052e+02  2.932874e+05  1.591360e+02  2.144254e+57  1.704689e+51  4.421110e-06  1.013263e+105  1.000000e+00  1.000000e+00  0.000000e+00
1.373800e+00  3.620840e+02  7.580814e+02  6.234610e+01  1.373800e+00  1.709407e+00  1.708376e+00  1.031000e-03  1.305683e+01  1.305683e+01  7.291660e-01  6.030000e-04  1.933701e-01  2.769613e-01  2.769613e-01  9.756852e-02  2.405888e+02  3.168220e+05  1.527356e+02  2.297677e+57  1.636302e+51  4.260179e-06  9.444002e+104  1.000000e+00  1.000000e+00  0.000000e+00
1.373800e+00  3.756397e+02  7.580814e+02  7.066390e+01  1.373800e+00  1.811282e+00  1.810295e+00  9.870000e-04  1.312054e+01  1.312054e+01  7.185530e-01  5.450000e-04  2.038994e-01  2.994673e-01  2.994673e-01  8.973377e-02  1.697408e+02  3.412158e+05  1.461608e+02  2.453360e+57  1.566033e+51  4.093917e-06  8.698499e+104  1.000000e+00  1.000000e+00  0.000000e+00
1.373800e+00  3.899028e+02  7.580814e+02  8.009140e+01  1.373800e+00  1.912110e+00  1.911168e+00  9.410000e-04  1.317410e+01  1.317410e+01  7.073450e-01  4.920000e-04  2.143747e-01  3.230817e-01  3.230817e-01  8.209969e-02  1.208875e+02  3.663803e+05  1.394257e+02  2.610127e+57  1.494059e+51  3.922410e-06  7.913586e+104  1.000000e+00  1.000000e+00  0.000000e+00
1.373800e+00  4.049358e+02  7.580814e+02  9.077660e+01  1.373800e+00  2.011082e+00  2.010187e+00  8.950000e-04  1.321680e+01  1.321680e+01  6.955360e-01  4.450000e-04  2.247424e-01  3.477687e-01  3.477687e-01  7.476191e-02  8.692899e+01  3.921963e+05  1.325560e+02  2.766715e+57  1.420619e+51  3.743970e-06  7.110889e+104  1.000000e+00  1.000000e+00  0.000000e+00
1.373800e+00  4.208056e+02  7.580814e+02  1.028874e+02  1.373800e+00  2.107409e+00  2.106561e+00  8.480000e-04  1.324816e+01  1.324816e+01  6.831150e-01  4.020000e-04  2.349498e-01  3.734756e-01  3.734756e-01  6.778908e-02  6.312352e+01  4.185861e+05  1.255778e+02  2.922104e+57  1.345994e+51  3.559103e-06  6.308446e+104  1.000000e+00  1.000000e+00  0.000000e+00
1.373800e+00  4.375827e+02  7.580814e+02  1.166139e+02  1.373800e+00  2.200340e+00  2.199540e+00  8.000000e-04  1.326790e+01  1.326790e+01  6.700710e-01  3.640000e-04  2.449454e-01  4.001302e-01  4.001302e-01  6.124583e-02  4.630498e+01  4.454087e+05  1.185185e+02  3.074889e+57  1.270501e+51  2.839193e-06  5.587511e+104  1.000000e+00  1.000000e+00  0.000000e+00
1.373800e+00  1.053723e+03  7.580814e+02  1.321717e+02  1.373800e+00  2.212284e+00  2.211817e+00  4.670000e-04  1.323481e+01  1.323481e+01  5.598010e-01  2.110000e-04  2.468907e-01  4.055003e-01  4.055003e-01  5.962466e-02  4.333213e+01  4.498214e+05  6.912600e+01  3.094748e+57  7.417336e+50  2.309692e-08  -1.145154e+104  1.000000e+00  -1.000000e+00  1.000000e+00
1.373800e+00  1.071356e+03  7.580814e+02  1.498051e+02  1.373800e+00  2.178567e+00  2.178122e+00  4.450000e-04  1.312875e+01  1.312875e+01  5.510280e-01  2.040000e-04  2.450920e-01  4.005329e-01  4.005329e-01  5.933966e-02  4.473072e+01  4.424808e+05  6.592451e+01  3.038942e+57  7.074243e+50  4.762590e-06  -1.141263e+104  1.000000e+00  -1.000000e+00  1.000000e+00
1.373800e+00  1.091342e+03  7.580814e+02  1.697911e+02  1.373800e+00  2.139224e+00  2.138802e+00  4.230000e-04  1.298159e+01  1.298159e+01  5.415620e-01  1.980000e-04  2.433942e-01  3.958918e-01  3.958918e-01  5.834374e-02  4.553638e+01  4.345331e+05  6.258310e+01  2.973502e+57  6.716217e+50  5.258803e-06  -1.055912e+104  1.000000e+00  -1.000000e+00  1.000000e+00
1.373800e+00  1.113993e+03  7.580814e+02  1.924434e+02  1.373800e+00  2.098066e+00  2.097666e+00  3.990000e-04  1.280209e+01  1.280209e+01  5.314060e-01  1.900000e-04  2.420583e-01  3.922723e-01  3.922723e-01  5.664982e-02  4.544717e+01  4.271188e+05  5.912575e+01  2.906202e+57  6.345610e+50  5.749607e-06  -8.976894e+103  1.000000e+00  -1.000000e+00  1.000000e+00
1.373800e+00  1.139669e+03  7.580814e+02  2.181178e+02  1.373800e+00  2.057560e+00  2.057184e+00  3.750000e-04  1.259626e+01  1.259626e+01  5.205560e-01  1.820000e-04  2.412639e-01  3.901335e-01  3.901335e-01  5.435149e-02  4.432598e+01  4.202969e+05  5.557559e+01  2.838241e+57  5.965063e+50  6.548107e-06  -7.266009e+103  1.000000e+00  -1.000000e+00  1.000000e+00
1.373800e+00  1.168770e+03  7.580814e+02  2.472176e+02  1.373800e+00  2.019606e+00  2.019255e+00  3.510000e-04  1.236992e+01  1.236992e+01  5.090270e-01  1.740000e-04  2.411468e-01  3.898189e-01  3.898189e-01  5.151776e-02  4.211680e+01  4.149042e+05  5.196222e+01  2.774998e+57  5.577694e+50  8.204162e-06  -5.500215e+103  1.000000e+00  -1.000000e+00  1.000000e+00
1.373800e+00  1.201752e+03  7.580814e+02  2.801996e+02  1.373800e+00  1.985615e+00  1.985289e+00  3.260000e-04  1.212884e+01  1.212884e+01  4.968390e-01  1.640000e-04  2.418006e-01  3.915775e-01  3.915775e-01  4.829250e-02  3.894910e+01  4.111401e+05  4.831679e+01  2.718278e+57  5.186891e+50  1.247170e-05  -3.991995e+103  1.000000e+00  -1.000000e+00  1.000000e+00
1.373800e+00  1.239133e+03  7.580814e+02  3.175819e+02  1.373800e+00  1.956485e+00  1.956184e+00  3.020000e-04  1.187877e+01  1.187877e+01  4.840370e-01  1.540000e-04  2.432690e-01  3.955513e-01  3.955513e-01  4.480777e-02  3.506104e+01  4.091114e+05  4.467531e+01  2.669298e+57  4.796339e+50  -8.430535e-05  -2.688572e+103  -1.000000e+00  -1.000000e+00  1.000000e+00
1.373800e+00  1.281502e+03  7.580814e+02  3.599514e+02  1.373800e+00  1.932617e+00  1.932340e+00  2.770000e-04  1.162511e+01  1.162511e+01  4.706550e-01  1.440000e-04  2.455445e-01  4.017775e-01  4.017775e-01  4.121590e-02  3.078371e+01  4.094711e+05  4.106998e+01  2.631856e+57  4.409665e+50  -5.531393e-05  -1.778592e+103  -1.000000e+00  -1.000000e+00  1.000000e+00
1.373800e+00  1.329526e+03  7.580814e+02  4.079736e+02  1.373800e+00  1.913918e+00  1.913664e+00  2.540000e-04  1.137265e+01  1.137265e+01  4.567490e-01  1.320000e-04  2.485667e-01  4.101770e-01  4.101770e-01  3.765321e-02  2.645438e+01  4.106887e+05  3.753497e+01  2.597637e+57  4.030516e+50  -1.246890e-05  -1.179816e+103  -1.000000e+00  -1.000000e+00  1.000000e+00
1.373800e+00  1.383956e+03  7.580814e+02  4.624025e+02  1.373800e+00  1.899893e+00  1.899663e+00  2.300000e-04  1.112524e+01  1.112524e+01  4.423900e-01  1.210000e-04  2.522328e-01  4.205716e-01  4.205716e-01  3.421955e-02  2.234496e+01  4.141940e+05  3.410367e+01  2.574736e+57  3.662395e+50  -3.203975e-06  -6.466698e+102  -1.000000e+00  -1.000000e+00  1.000000e+00
1.373800e+00  1.445646e+03  7.580814e+02  5.240930e+02  1.373800e+00  1.889769e+00  1.889561e+00  2.080000e-04  1.088564e+01  1.088564e+01  4.276460e-01  1.100000e-04  2.564108e-01  4.327025e-01  4.327025e-01  3.099522e-02  1.864370e+01  4.190106e+05  3.080501e+01  2.557851e+57  3.308447e+50  -1.705285e-06  -3.797039e+102  -1.000000e+00  -1.000000e+00  1.000000e+00
1.373800e+00  1.515564e+03  7.580814e+02  5.940138e+02  1.373800e+00  1.882614e+00  1.882427e+00  1.870000e-04  1.065574e+01  1.065574e+01  4.125940e-01  9.900000e-05  2.609513e-01  4.462446e-01  4.462446e-01  2.802213e-02  1.543875e+01  4.248768e+05  2.766445e+01  2.545415e+57  2.971416e+50  -1.013490e-06  -2.264903e+102  -1.000000e+00  -1.000000e+00  1.000000e+00
1.373800e+00  1.594815e+03  7.580814e+02  6.732629e+02  1.373800e+00  1.877448e+00  1.877281e+00  1.670000e-04  1.043637e+01  1.043637e+01  3.973200e-01  8.900000e-05  2.657051e-01  4.608431e-01  4.608431e-01  2.531872e-02  1.274537e+01  4.315055e+05  2.470323e+01  2.535696e+57  2.653562e+50  -6.819578e-07  -1.442431e+102  -1.000000e+00  -1.000000e+00  1.000000e+00
1.373800e+00  1.684639e+03  7.580814e+02  7.630849e+02  1.373800e+00  1.873337e+00  1.873188e+00  1.480000e-04  1.022783e+01  1.022783e+01  3.818990e-01  7.900000e-05  2.705292e-01  4.761186e-01  4.761186e-01  2.289489e-02  1.053373e+01  4.386366e+05  2.193639e+01  2.527416e+57  2.356567e+50  -5.228283e-07  -6.822750e+101  -1.000000e+00  -1.000000e+00  1.000000e+00
1.373800e+00  1.786445e+03  7.580814e+02  8.648903e+02  1.373800e+00  1.869449e+00  1.869318e+00  1.310000e-04  1.002997e+01  1.002997e+01  3.664240e-01  7.000000e-05  2.752934e-01  4.916849e-01  4.916849e-01  2.073674e-02  8.742997e+00  4.471144e+05  1.937552e+01  2.525483e+57  2.081607e+50  -5.320153e-07  -5.211600e+101  -1.000000e+00  -1.000000e+00  1.000000e+00
1.373800e+00  1.901831e+03  7.580814e+02  9.802778e+02  1.373800e+00  1.865093e+00  1.864978e+00  1.150000e-04  9.842042e+00  9.842042e+00  3.509700e-01  6.200000e-05  2.798961e-01  5.072008e-01  5.072008e-01  1.882702e-02  7.306394e+00  4.544344e+05  1.702534e+01  2.515666e+57  1.829255e+50  -6.816023e-07  -8.266167e+101  -1.000000e+00  -1.000000e+00  1.000000e+00
1.373800e+00  2.032610e+03  7.580814e+02  1.111060e+03  1.373800e+00  1.859722e+00  1.859622e+00  1.010000e-04  9.663497e+00  9.663497e+00  3.356150e-01  5.400000e-05  2.842467e-01  5.223210e-01  5.223210e-01  1.717692e-02  6.171282e+00  4.614619e+05  1.488671e+01  2.503292e+57  1.599594e+50  -8.224318e-07  -6.534862e+101  -1.000000e+00  -1.000000e+00  1.000000e+00
1.373800e+00  2.180844e+03  7.580814e+02  1.259289e+03  1.373800e+00  1.852954e+00  1.852867e+00  8.800000e-05  9.493539e+00  9.493539e+00  3.204320e-01  4.700000e-05  2.882824e-01  5.367617e-01  5.367617e-01  1.573330e-02  5.267941e+00  4.691069e+05  1.295601e+01  2.493621e+57  1.392247e+50  -1.060058e-06  -5.227932e+101  -1.000000e+00  -1.000000e+00  1.000000e+00
1.373800e+00  2.348852e+03  7.580814e+02  1.427295e+03  1.373800e+00  1.844530e+00  1.844454e+00  7.600000e-05  9.331537e+00  9.331537e+00  3.054920e-01  4.100000e-05  2.919539e-01  5.502623e-01  5.502623e-01  1.447231e-02  4.548574e+00  4.760247e+05  1.122655e+01  2.479447e+57  1.206466e+50  -1.468557e-06  -5.623607e+101  -1.000000e+00  -1.000000e+00  1.000000e+00
1.373800e+00  2.539271e+03  7.580814e+02  1.617714e+03  1.373800e+00  1.834318e+00  1.834253e+00  6.500000e-05  9.176932e+00  9.176932e+00  2.908470e-01  3.600000e-05  2.952289e-01  5.626102e-01  5.626102e-01  1.337441e-02  3.975483e+00  4.820769e+05  9.687903e+00  2.460290e+57  1.041176e+50  -2.082339e-06  -5.672756e+101  -1.000000e+00  -1.000000e+00  1.000000e+00
1.373800e+00  2.755091e+03  7.580814e+02  1.833538e+03  1.373800e+00  1.822279e+00  1.822222e+00  5.600000e-05  9.029274e+00  9.029274e+00  2.765500e-01  3.100000e-05  2.980874e-01  5.736323e-01  5.736323e-01  1.242200e-02  3.518737e+00  4.870774e+05  8.328116e+00  2.435460e+57  8.950898e+49  -2.575001e-06  -4.859188e+101  -1.000000e+00  -1.000000e+00  1.000000e+00
1.373800e+00  2.999709e+03  7.580814e+02  2.078156e+03  1.373800e+00  1.808454e+00  1.808406e+00  4.800000e-05  8.888200e+00  8.888200e+00  2.626430e-01  2.700000e-05  3.005213e-01  5.832035e-01  5.832035e-01  1.159586e-02  3.153806e+00  4.921185e+05  7.133743e+00  2.411561e+57  7.667680e+49  -3.507141e-06  -3.996279e+101  -1.000000e+00  -1.000000e+00  1.000000e+00
1.373800e+00  3.276966e+03  7.580814e+02  2.355409e+03  1.373800e+00  1.792953e+00  1.792912e+00  4.100000e-05  8.753500e+00  8.753500e+00  2.491660e-01  2.300000e-05  3.025303e-01  5.912365e-01  5.912365e-01  1.088347e-02  2.863071e+00  4.959162e+05  6.090834e+00  2.381597e+57  6.546973e+49  -4.377702e-06  -3.366261e+101  -1.000000e+00  -1.000000e+00  1.000000e+00
1.373800e+00  3.591209e+03  7.580814e+02  2.669651e+03  1.373800e+00  1.775907e+00  1.775872e+00  3.500000e-05  8.624874e+00  8.624874e+00  2.361420e-01  2.000000e-05  3.041229e-01  5.976925e-01  5.976925e-01  1.026955e-02  2.631578e+00  4.995737e+05  5.184663e+00  2.352276e+57  5.573229e+49  -6.620622e-06  -2.717015e+101  -1.000000e+00  -1.000000e+00  1.000000e+00
1.373800e+00  3.947373e+03  7.580814e+02  3.025817e+03  1.373800e+00  1.757523e+00  1.757493e+00  3.000000e-05  8.502432e+00  8.502432e+00  2.235940e-01  1.700000e-05  3.053089e-01  6.025513e-01  6.025513e-01  9.743895e-03  2.448735e+00  5.019100e+05  4.401251e+00  2.317114e+57  4.731292e+49  -1.565440e-05  -2.399674e+101  -1.000000e+00  -1.000000e+00  1.000000e+00
1.373800e+00  4.351050e+03  7.580814e+02  3.429500e+03  1.373800e+00  1.737984e+00  1.737959e+00  2.500000e-05  8.386073e+00  8.386073e+00  2.115370e-01  1.400000e-05  3.061038e-01  6.058331e-01  6.058331e-01  9.297041e-03  2.306266e+00  5.029353e+05  3.726864e+00  2.276438e+57  4.006482e+49  -2.283729e-05  -1.922072e+101  -1.000000e+00  -1.000000e+00  1.000000e+00
1.373800e+00  4.808596e+03  7.580814e+02  3.887040e+03  1.373800e+00  1.717511e+00  1.717490e+00  2.100000e-05  8.275807e+00  8.275807e+00  1.999780e-01  1.200000e-05  3.065285e-01  6.075944e-01  6.075944e-01  8.917558e-03  2.196867e+00  5.037306e+05  3.148677e+00  2.236697e+57  3.385000e+49  -3.309196e-05  -1.397347e+101  -1.000000e+00  -1.000000e+00  1.000000e+00
1.373800e+00  5.327181e+03  7.580814e+02  4.405622e+03  1.373800e+00  1.696322e+00  1.696304e+00  1.800000e-05  8.171768e+00  8.171768e+00  1.889220e-01  1.100000e-05  3.066012e-01  6.078967e-01  6.078967e-01  8.599186e-03  2.115885e+00  5.042857e+05  2.654708e+00  2.198052e+57  2.854028e+49  -3.145924e-04  -1.075742e+101  -1.000000e+00  -1.000000e+00  1.000000e+00
1.373800e+00  5.914947e+03  7.580814e+02  4.993389e+03  1.373800e+00  1.674626e+00  1.674611e+00  1.500000e-05  8.073999e+00  8.073999e+00  1.783640e-01  9.000000e-06  3.063450e-01  6.068326e-01  6.068326e-01  8.334068e-03  2.059209e+00  5.035921e+05  2.234030e+00  2.154899e+57  2.401856e+49  2.804043e-05  -8.370360e+100  1.000000e+00  -1.000000e+00  1.000000e+00
1.373800e+00  6.581126e+03  7.580814e+02  5.659571e+03  1.373800e+00  1.652640e+00  1.652628e+00  1.300000e-05  7.982627e+00  7.982627e+00  1.683030e-01  8.000000e-06  3.057836e-01  6.045084e-01  6.045084e-01  8.122335e-03  2.025438e+00  5.026663e+05  1.876897e+00  2.113112e+57  2.017944e+49  2.175057e-05  -5.995350e+100  1.000000e+00  -1.000000e+00  1.000000e+00
1.373800e+00  7.336183e+03  7.580814e+02  6.414631e+03  1.373800e+00  1.630566e+00  1.630556e+00  1.100000e-05  7.897742e+00  7.897742e+00  1.587300e-01  7.000000e-06  3.049419e-01  6.010432e-01  6.010432e-01  7.950148e-03  2.010010e+00  5.015226e+05  1.574487e+00  2.072877e+57  1.692846e+49  1.789447e-05  -4.267232e+100  1.000000e+00  -1.000000e+00  1.000000e+00
1.373800e+00  8.191984e+03  7.580814e+02  7.270426e+03  1.373800e+00  1.608593e+00  1.608584e+00  9.000000e-06  7.819483e+00  7.819483e+00  1.496350e-01  6.000000e-06  3.038434e-01  5.965536e-01  5.965536e-01  7.818114e-03  2.012606e+00  5.001697e+05  1.319034e+00  2.034263e+57  1.418207e+49  1.364436e-05  -3.189574e+100  1.000000e+00  -1.000000e+00  1.000000e+00
1.373800e+00  9.161955e+03  7.580814e+02  8.240395e+03  1.373800e+00  1.586908e+00  1.586900e+00  7.000000e-06  7.747909e+00  7.747909e+00  1.410030e-01  5.000000e-06  3.025163e-01  5.911803e-01  5.911803e-01  7.720222e-03  2.031394e+00  4.977733e+05  1.103674e+00  1.992570e+57  1.186682e+49  8.769753e-06  -2.399965e+100  1.000000e+00  -1.000000e+00  1.000000e+00
1.373800e+00  1.026133e+04  7.580814e+02  9.339770e+03  1.373800e+00  1.565682e+00  1.565675e+00  6.000000e-06  7.683175e+00  7.683175e+00  1.328220e-01  4.000000e-06  3.009847e-01  5.850455e-01  5.850455e-01  7.653444e-03  2.065582e+00  4.952701e+05  9.224899e-01  1.953094e+57  9.918854e+48  8.217790e-06  -1.673283e+100  1.000000e+00  -1.000000e+00  1.000000e+00
1.373800e+00  1.150737e+04  7.580814e+02  1.058582e+04  1.373800e+00  1.545062e+00  1.545057e+00  5.000000e-06  7.625233e+00  7.625233e+00  1.250750e-01  3.000000e-06  2.992777e-01  5.782914e-01  5.782914e-01  7.613274e-03  2.113981e+00  4.926756e+05  7.703049e-01  1.915864e+57  8.282640e+48  7.013237e-06  -1.222351e+100  1.000000e+00  -1.000000e+00  1.000000e+00
1.373800e+00  1.291966e+04  7.580814e+02  1.199810e+04  1.373800e+00  1.525194e+00  1.525190e+00  4.000000e-06  7.574079e+00  7.574079e+00  1.177470e-01  3.000000e-06  2.974246e-01  5.710561e-01  5.710561e-01  7.598663e-03  2.176570e+00  4.892355e+05  6.426759e-01  1.876507e+57  6.910404e+48  5.657545e-06  -9.005522e+99  1.000000e+00  -1.000000e+00  1.000000e+00
1.373800e+00  1.452036e+04  7.580814e+02  1.359880e+04  1.373800e+00  1.506207e+00  1.506204e+00  4.000000e-06  7.529781e+00  7.529781e+00  1.108190e-01  2.000000e-06  2.954501e-01  5.634548e-01  5.634548e-01  7.601604e-03  2.251057e+00  4.858086e+05  5.357821e-01  1.839817e+57  5.761092e+48  6.226460e-06  -5.848272e+99  1.000000e+00  -1.000000e+00  1.000000e+00
1.373800e+00  1.633462e+04  7.580814e+02  1.541306e+04  1.373800e+00  1.488205e+00  1.488202e+00  3.000000e-06  7.492143e+00  7.492143e+00  1.042760e-01  2.000000e-06  2.933852e-01  5.556228e-01  5.556228e-01  7.620670e-03  2.337276e+00  4.831454e+05  4.463650e-01  1.809927e+57  4.799669e+48  5.995455e-06  -3.903286e+99  1.000000e+00  -1.000000e+00  1.000000e+00
1.373800e+00  1.839092e+04  7.580814e+02  1.746936e+04  1.373800e+00  1.471298e+00  1.471296e+00  3.000000e-06  7.461120e+00  7.461120e+00  9.809900e-02  2.000000e-06  2.912583e-01  5.476773e-01  5.476773e-01  7.653188e-03  2.434225e+00  4.797853e+05  3.716513e-01  1.778391e+57  3.996285e+48  4.911299e-06  -2.845254e+99  1.000000e+00  -1.000000e+00  1.000000e+00
1.373800e+00  2.071233e+04  7.580814e+02  1.979078e+04  1.373800e+00  1.455616e+00  1.455614e+00  2.000000e-06  7.436568e+00  7.436568e+00  9.229300e-02  1.000000e-06  2.891052e-01  5.397566e-01  5.397566e-01  7.693023e-03  2.539361e+00  4.765145e+05  3.094848e-01  1.749616e+57  3.327852e+48  4.794428e-06  -2.104850e+99  1.000000e+00  -1.000000e+00  1.000000e+00
1.887400e+00  1.030404e+02  7.707593e+02  1.000000e+00  1.887400e+00  8.297600e-02  7.996100e-02  3.015000e-03  2.251888e+01  2.251888e+01  1.037115e+00  3.633200e-02  5.442332e-03  5.487168e-03  5.487168e-03  1.010085e-02  1.410430e+09  1.195667e+04  4.470678e+02  9.891640e+55  5.484025e+51  6.550315e-06  3.969100e+104  1.000000e+00  1.000000e+00  0.000000e+00
1.887400e+00  1.076573e+02  7.707593e+02  1.133400e+00  1.887400e+00  8.833300e-02  8.533400e-02  3.000000e-03  2.024888e+01  2.024888e+01  1.035413e+00  3.396000e-02  6.443266e-03  6.506216e-03  6.506216e-03  1.138332e-02  6.833588e+08  1.277684e+04  4.448623e+02  1.060484e+56  5.456028e+51  6.551504e-06  4.058768e+104  1.000000e+00  1.000000e+00  0.000000e+00
1.887400e+00  1.131115e+02  7.707593e+02  1.284600e+00  1.887400e+00  9.520100e-02  9.223000e-02  2.970000e-03  1.843249e+01  1.843249e+01  1.032041e+00  3.120200e-02  7.628493e-03  7.716909e-03  7.716909e-03  1.369795e-02  3.534871e+08  1.382917e+04  4.405098e+02  1.151104e+56  5.401188e+51  6.549758e-06  4.364167e+104  1.000000e+00  1.000000e+00  0.000000e+00
1.887400e+00  1.191072e+02  7.707593e+02  1.456000e+00  1.887400e+00  1.036090e-01  1.006710e-01  2.938000e-03  1.697456e+01  1.697456e+01  1.028235e+00  2.835400e-02  9.015276e-03  9.139050e-03  9.139051e-03  1.712537e-02  1.917143e+08  1.511847e+04  4.356598e+02  1.261027e+56  5.342160e+51  6.540646e-06  5.018961e+104  1.000000e+00  1.000000e+00  0.000000e+00
1.887400e+00  1.250167e+02  7.707593e+02  1.650300e+00  1.887400e+00  1.137430e-01  1.108390e-01  2.904000e-03  1.580683e+01  1.580683e+01  1.024301e+00  2.553300e-02  1.062824e-02  1.080073e-02  1.080073e-02  2.179285e-02  1.071318e+08  1.667435e+04  4.306823e+02  1.391654e+56  5.281612e+51  6.527317e-06  5.519323e+104  1.000000e+00  1.000000e+00  0.000000e+00
1.887400e+00  1.316026e+02  7.707593e+02  1.870400e+00  1.887400e+00  1.256240e-01  1.227550e-01  2.869000e-03  1.488934e+01  1.488934e+01  1.020191e+00  2.284100e-02  1.246175e-02  1.269963e-02  1.269963e-02  2.770885e-02  6.146565e+07  1.850207e+04  4.255212e+02  1.542359e+56  5.218545e+51  6.509634e-06  6.018944e+104  1.000000e+00  1.000000e+00  0.000000e+00
1.887400e+00  1.379494e+02  7.707593e+02  2.120000e+00  1.887400e+00  1.390870e-01  1.362530e-01  2.834000e-03  1.417862e+01  1.417862e+01  1.015966e+00  2.037500e-02  1.448885e-02  1.481154e-02  1.481155e-02  3.469291e-02  3.622252e+07  2.057883e+04  4.202648e+02  1.710964e+56  5.154792e+51  6.488590e-06  5.320906e+104  1.000000e+00  1.000000e+00  0.000000e+00
1.887400e+00  1.527256e+02  7.707593e+02  2.402800e+00  1.887400e+00  1.534520e-01  1.506860e-01  2.766000e-03  1.364691e+01  1.364691e+01  1.007799e+00  1.802500e-02  1.660807e-02  1.703360e-02  1.703360e-02  4.221361e-02  2.227230e+07  2.280663e+04  4.101686e+02  1.889765e+56  5.027806e+51  6.465001e-06  7.509555e+104  1.000000e+00  1.000000e+00  0.000000e+00
1.887400e+00  1.576382e+02  7.707593e+02  2.723400e+00  1.887400e+00  1.687540e-01  1.660220e-01  2.732000e-03  1.323139e+01  1.323139e+01  1.003554e+00  1.618600e-02  1.883775e-02  1.938733e-02  1.938733e-02  5.005352e-02  1.406687e+07  2.518344e+04  4.050711e+02  2.078745e+56  4.970270e+51  6.438106e-06  9.120298e+104  1.000000e+00  1.000000e+00  0.000000e+00
1.887400e+00  1.627167e+02  7.707593e+02  3.086700e+00  1.887400e+00  1.852030e-01  1.824990e-01  2.704000e-03  1.289392e+01  1.289392e+01  1.000153e+00  1.459900e-02  2.121512e-02  2.191503e-02  2.191503e-02  5.807603e-02  9.009073e+06  2.774848e+04  4.009703e+02  2.281082e+56  4.920294e+51  6.408436e-06  9.459574e+104  1.000000e+00  1.000000e+00  0.000000e+00
1.887400e+00  1.679681e+02  7.707593e+02  3.498500e+00  1.887400e+00  2.031800e-01  2.005050e-01  2.675000e-03  1.260853e+01  1.260853e+01  9.966220e-01  1.316700e-02  2.380120e-02  2.468612e-02  2.468612e-02  6.621522e-02  5.779252e+06  3.056508e+04  3.967404e+02  2.501681e+56  4.868723e+51  6.376514e-06  1.009369e+105  1.000000e+00  1.000000e+00  0.000000e+00
1.887400e+00  1.734000e+02  7.707593e+02  3.965200e+00  1.887400e+00  2.236180e-01  2.209720e-01  2.646000e-03  1.236482e+01  1.236482e+01  9.929500e-01  1.183200e-02  2.671167e-02  2.783192e-02  2.783192e-02  7.470794e-02  3.662419e+06  3.378360e+04  3.923735e+02  2.752479e+56  4.815456e+51  6.342778e-06  1.106203e+105  1.000000e+00  1.000000e+00  0.000000e+00
1.887400e+00  1.790190e+02  7.707593e+02  4.494300e+00  1.887400e+00  2.471320e-01  2.445170e-01  2.615000e-03  1.216485e+01  1.216485e+01  9.891310e-01  1.058300e-02  3.000575e-02  3.142755e-02  3.142755e-02  8.359597e-02  2.291239e+06  3.750615e+04  3.878643e+02  3.041475e+56  4.760402e+51  6.306253e-06  1.217699e+105  1.000000e+00  1.000000e+00  0.000000e+00
1.887400e+00  1.848335e+02  7.707593e+02  5.093900e+00  1.887400e+00  2.740810e-01  2.714970e-01  2.584000e-03  1.201019e+01  1.201019e+01  9.851440e-01  9.428000e-03  3.370630e-02  3.551222e-02  3.551222e-02  9.273367e-02  1.421001e+06  4.179839e+04  3.831960e+02  3.373700e+56  4.703421e+51  6.265958e-06  1.332587e+105  1.000000e+00  1.000000e+00  0.000000e+00
1.887400e+00  1.908524e+02  7.707593e+02  5.773400e+00  1.887400e+00  3.047250e-01  3.021730e-01  2.551000e-03  1.189948e+01  1.189948e+01  9.809780e-01  8.373000e-03  3.782349e-02  4.011430e-02  4.011430e-02  1.018894e-01  8.774700e+05  4.671111e+04  3.783582e+02  3.752787e+56  4.644395e+51  6.221912e-06  1.446134e+105  1.000000e+00  1.000000e+00  0.000000e+00
1.887400e+00  1.970844e+02  7.707593e+02  6.543700e+00  1.887400e+00  3.392840e-01  3.367670e-01  2.518000e-03  1.182930e+01  1.182930e+01  9.766290e-01  7.421000e-03  4.236296e-02  4.526021e-02  4.526021e-02  1.107981e-01  5.413906e+05  5.229284e+04  3.733495e+02  4.182185e+56  4.583223e+51  6.172530e-06  1.556312e+105  1.000000e+00  1.000000e+00  0.000000e+00
1.887400e+00  2.035396e+02  7.707593e+02  7.416700e+00  1.887400e+00  3.779620e-01  3.754790e-01  2.483000e-03  1.179523e+01  1.179523e+01  9.720790e-01  6.569000e-03  4.732859e-02  5.097763e-02  5.097763e-02  1.191831e-01  3.345854e+05  5.859241e+04  3.681565e+02  4.665156e+56  4.519765e+51  6.118254e-06  1.661993e+105  1.000000e+00  1.000000e+00  0.000000e+00
1.887400e+00  2.102287e+02  7.707593e+02  8.406200e+00  1.887400e+00  4.209450e-01  4.184990e-01  2.446000e-03  1.179253e+01  1.179253e+01  9.673060e-01  5.811000e-03  5.272299e-02  5.729631e-02  5.729631e-02  1.267892e-01  2.074877e+05  6.565751e+04  3.627616e+02  5.204864e+56  4.453859e+51  6.059056e-06  1.762033e+105  1.000000e+00  1.000000e+00  0.000000e+00
1.887400e+00  2.171631e+02  7.707593e+02  9.527700e+00  1.887400e+00  4.684050e-01  4.659970e-01  2.409000e-03  1.181656e+01  1.181656e+01  9.622990e-01  5.142000e-03  5.854800e-02  6.424902e-02  6.424902e-02  1.333980e-01  1.292696e+05  7.353871e+04  3.571582e+02  5.804479e+56  4.385375e+51  5.993982e-06  1.855229e+105  1.000000e+00  1.000000e+00  0.000000e+00
1.887400e+00  2.243537e+02  7.707593e+02  1.079880e+01  1.887400e+00  5.204900e-01  5.181210e-01  2.369000e-03  1.184309e+01  1.184309e+01  9.570400e-01  4.552000e-03  6.491256e-02  7.200480e-02  7.200480e-02  1.399796e-01  8.097082e+04  8.228624e+04  3.513342e+02  6.467024e+56  4.314168e+51  5.923488e-06  1.940553e+105  1.000000e+00  1.000000e+00  0.000000e+00
1.887400e+00  2.318138e+02  7.707593e+02  1.223950e+01  1.887400e+00  5.773230e-01  5.749950e-01  2.328000e-03  1.188027e+01  1.188027e+01  9.515050e-01  4.033000e-03  7.177523e-02  8.056055e-02  8.056055e-02  1.457854e-01  5.102096e+04  9.194940e+04  3.452738e+02  7.195318e+56  4.240068e+51  5.847812e-06  2.016024e+105  1.000000e+00  1.000000e+00  0.000000e+00
1.887400e+00  2.395612e+02  7.707593e+02  1.387240e+01  1.887400e+00  6.389910e-01  6.367050e-01  2.286000e-03  1.193733e+01  1.193733e+01  9.456750e-01  3.577000e-03  7.906227e-02  8.987345e-02  8.987345e-02  1.499311e-01  3.235574e+04  1.025757e+05  3.389658e+02  7.991773e+56  4.162913e+51  5.765820e-06  2.080924e+105  1.000000e+00  1.000000e+00  0.000000e+00
1.887400e+00  2.476067e+02  7.707593e+02  1.572320e+01  1.887400e+00  7.055330e-01  7.032920e-01  2.242000e-03  1.201052e+01  1.201052e+01  9.395270e-01  3.177000e-03  8.676355e-02  9.998229e-02  9.998229e-02  1.523508e-01  2.065703e+04  1.142135e+05  3.323966e+02  8.858743e+56  4.082556e+51  5.677330e-06  2.134338e+105  1.000000e+00  1.000000e+00  0.000000e+00
1.887400e+00  2.559695e+02  7.707593e+02  1.782080e+01  1.887400e+00  7.769360e-01  7.747410e-01  2.196000e-03  1.209614e+01  1.209614e+01  9.330430e-01  2.826000e-03  9.486811e-02  1.109302e-01  1.109302e-01  1.530736e-01  1.328028e+04  1.269036e+05  3.255596e+02  9.797749e+56  3.998853e+51  5.583244e-06  2.173813e+105  1.000000e+00  1.000000e+00  0.000000e+00
1.887400e+00  2.646662e+02  7.707593e+02  2.019840e+01  1.887400e+00  8.531210e-01  8.509740e-01  2.148000e-03  1.219089e+01  1.219089e+01  9.261810e-01  2.517000e-03  1.033610e-01  1.227610e-01  1.227610e-01  1.521653e-01  8.598870e+03  1.406804e+05  3.184285e+02  1.080952e+57  3.911616e+51  5.482873e-06  2.198143e+105  1.000000e+00  1.000000e+00  0.000000e+00
1.887400e+00  2.737197e+02  7.707593e+02  2.289310e+01  1.887400e+00  9.339400e-01  9.318420e-01  2.097000e-03  1.229169e+01  1.229169e+01  9.189280e-01  2.246000e-03  1.122249e-01  1.355206e-01  1.355206e-01  1.497762e-01  5.609264e+03  1.555746e+05  3.110043e+02  1.189438e+57  3.820730e+51  5.375029e-06  2.207044e+105  1.000000e+00  1.000000e+00  0.000000e+00
1.887400e+00  2.831505e+02  7.707593e+02  2.594730e+01  1.887400e+00  1.019164e+00  1.017118e+00  2.045000e-03  1.239558e+01  1.239558e+01  9.112470e-01  2.007000e-03  1.214391e-01  1.492569e-01  1.492569e-01  1.460643e-01  3.686894e+03  1.716108e+05  3.032688e+02  1.305178e+57  3.726051e+51  5.260334e-06  2.198835e+105  1.000000e+00  1.000000e+00  0.000000e+00
1.887400e+00  2.929826e+02  7.707593e+02  2.940900e+01  1.887400e+00  1.108484e+00  1.106493e+00  1.991000e-03  1.250035e+01  1.250035e+01  9.031160e-01  1.796000e-03  1.309751e-01  1.640113e-01  1.640113e-01  1.411949e-01  2.442217e+03  1.887972e+05  2.952204e+02  1.427944e+57  3.627494e+51  5.138772e-06  2.173147e+105  1.000000e+00  1.000000e+00  0.000000e+00
1.887400e+00  3.032418e+02  7.707593e+02  3.333260e+01  1.887400e+00  1.201503e+00  1.199568e+00  1.935000e-03  1.260411e+01  1.260411e+01  8.945020e-01  1.610000e-03  1.407973e-01  1.798186e-01  1.798186e-01  1.353375e-01  1.630618e+03  2.071385e+05  2.868495e+02  1.557495e+57  3.524971e+51  5.011041e-06  2.129418e+105  1.000000e+00  1.000000e+00  0.000000e+00
1.887400e+00  3.139580e+02  7.707593e+02  3.777960e+01  1.887400e+00  1.297740e+00  1.295864e+00  1.876000e-03  1.270498e+01  1.270498e+01  8.853730e-01  1.446000e-03  1.508674e-01  1.967125e-01  1.967125e-01  1.286920e-01  1.097698e+03  2.266115e+05  2.781526e+02  1.693297e+57  3.418436e+51  4.876709e-06  2.067854e+105  1.000000e+00  1.000000e+00  0.000000e+00
1.887400e+00  3.251628e+02  7.707593e+02  4.281980e+01  1.887400e+00  1.396632e+00  1.394817e+00  1.815000e-03  1.280130e+01  1.280130e+01  8.757050e-01  1.300000e-03  1.611423e-01  2.147204e-01  2.147204e-01  1.214597e-01  7.452358e+02  2.472005e+05  2.691343e+02  1.834923e+57  3.307902e+51  4.735612e-06  1.989205e+105  1.000000e+00  1.000000e+00  0.000000e+00
1.887400e+00  3.368911e+02  7.707593e+02  4.853260e+01  1.887400e+00  1.497538e+00  1.495786e+00  1.752000e-03  1.289147e+01  1.289147e+01  8.654520e-01  1.170000e-03  1.715762e-01  2.338651e-01  2.338651e-01  1.138208e-01  5.103218e+02  2.688524e+05  2.597873e+02  1.981518e+57  3.193379e+51  4.586839e-06  1.894933e+105  1.000000e+00  1.000000e+00  0.000000e+00
1.887400e+00  3.491847e+02  7.707593e+02  5.500740e+01  1.887400e+00  1.599753e+00  1.598066e+00  1.687000e-03  1.297430e+01  1.297430e+01  8.546000e-01  1.055000e-03  1.821171e-01  2.541555e-01  2.541555e-01  1.059460e-01  3.525659e+02  2.915379e+05  2.501310e+02  2.132522e+57  3.075001e+51  4.432134e-06  1.786142e+105  1.000000e+00  1.000000e+00  0.000000e+00
1.887400e+00  3.620840e+02  7.707593e+02  6.234610e+01  1.887400e+00  1.702517e+00  1.700897e+00  1.620000e-03  1.304877e+01  1.304877e+01  8.431120e-01  9.520000e-04  1.927097e-01  2.755884e-01  2.755884e-01  9.799683e-02  2.458115e+02  3.151526e+05  2.401734e+02  2.286672e+57  2.952923e+51  4.272149e-06  1.664871e+105  1.000000e+00  1.000000e+00  0.000000e+00
1.887400e+00  3.756397e+02  7.707593e+02  7.066390e+01  1.887400e+00  1.805034e+00  1.803483e+00  1.551000e-03  1.311382e+01  1.311382e+01  8.309610e-01  8.590000e-04  2.033002e-01  2.981545e-01  2.981545e-01  9.012172e-02  1.730013e+02  3.396429e+05  2.299336e+02  2.443194e+57  2.827382e+51  4.102553e-06  1.535249e+105  1.000000e+00  1.000000e+00  0.000000e+00
1.887400e+00  3.899028e+02  7.707593e+02  8.009140e+01  1.887400e+00  1.906488e+00  1.905007e+00  1.480000e-03  1.316856e+01  1.316856e+01  8.181340e-01  7.770000e-04  2.138342e-01  3.218317e-01  3.218317e-01  8.244510e-02  1.229381e+02  3.649248e+05  2.194430e+02  2.600918e+57  2.698723e+51  3.930455e-06  1.397338e+105  1.000000e+00  1.000000e+00  0.000000e+00
1.887400e+00  4.049358e+02  7.707593e+02  9.077660e+01  1.887400e+00  2.006064e+00  2.004656e+00  1.408000e-03  1.321233e+01  1.321233e+01  8.046140e-01  7.020000e-04  2.242574e-01  3.465829e-01  3.465829e-01  7.505992e-02  8.822290e+01  3.908382e+05  2.087353e+02  2.758325e+57  2.567340e+51  3.753049e-06  1.255773e+105  1.000000e+00  1.000000e+00  0.000000e+00
1.887400e+00  4.208056e+02  7.707593e+02  1.028874e+02  1.887400e+00  2.102966e+00  2.101631e+00  1.335000e-03  1.324461e+01  1.324461e+01  7.903750e-01  6.350000e-04  2.345172e-01  3.723561e-01  3.723561e-01  6.804677e-02  6.395016e+01  4.173262e+05  1.978427e+02  2.914526e+57  2.433706e+51  3.568540e-06  1.114213e+105  1.000000e+00  1.000000e+00  0.000000e+00
1.887400e+00  4.375827e+02  7.707593e+02  1.166139e+02  1.887400e+00  2.196439e+00  2.195178e+00  1.261000e-03  1.326509e+01  1.326509e+01  7.754250e-01  5.740000e-04  2.445628e-01  3.990812e-01  3.990812e-01  6.146473e-02  4.683640e+01  4.442296e+05  1.868204e+02  3.067973e+57  2.298423e+51  2.987581e-06  9.870060e+104  1.000000e+00  1.000000e+00  0.000000e+00
1.887400e+00  1.053723e+03  7.707593e+02  1.321717e+02  1.887400e+00  2.211913e+00  2.211175e+00  7.380000e-04  1.323570e+01  1.323570e+01  6.486900e-01  3.340000e-04  2.468328e-01  4.053395e-01  4.053395e-01  5.967935e-02  4.342276e+01  4.496608e+05  1.094076e+02  3.094007e+57  1.347352e+51  -2.091609e-06  -1.982944e+104  -1.000000e+00  -1.000000e+00  1.000000e+00
1.887400e+00  1.071356e+03  7.707593e+02  1.498051e+02  1.887400e+00  2.179018e+00  2.178314e+00  7.040000e-04  1.313166e+01  1.313166e+01  6.385820e-01  3.230000e-04  2.450885e-01  4.005232e-01  4.005232e-01  5.938597e-02  4.476911e+01  4.424911e+05  1.043686e+02  3.039450e+57  1.285402e+51  4.739665e-06  -1.994512e+104  1.000000e+00  -1.000000e+00  1.000000e+00
1.887400e+00  1.091342e+03  7.707593e+02  1.697911e+02  1.887400e+00  2.139904e+00  2.139236e+00  6.690000e-04  1.298562e+01  1.298562e+01  6.276820e-01  3.130000e-04  2.433959e-01  3.958966e-01  3.958966e-01  5.840113e-02  4.557878e+01  4.345327e+05  9.911053e+01  2.974105e+57  1.220735e+51  5.207826e-06  -1.871230e+104  1.000000e+00  -1.000000e+00  1.000000e+00
1.887400e+00  1.113993e+03  7.707593e+02  1.924434e+02  1.887400e+00  2.098772e+00  2.098139e+00  6.320000e-04  1.280666e+01  1.280666e+01  6.159790e-01  3.010000e-04  2.420532e-01  3.922587e-01  3.922587e-01  5.672992e-02  4.551644e+01  4.270414e+05  9.366486e+01  2.906452e+57  1.153752e+51  5.893119e-06  -1.575762e+104  1.000000e+00  -1.000000e+00  1.000000e+00
1.887400e+00  1.139669e+03  7.707593e+02  2.181178e+02  1.887400e+00  2.058195e+00  2.057600e+00  5.940000e-04  1.260108e+01  1.260108e+01  6.034740e-01  2.890000e-04  2.412461e-01  3.900857e-01  3.900857e-01  5.442765e-02  4.440431e+01  4.205498e+05  8.807090e+01  2.840410e+57  1.084937e+51  6.665331e-06  -1.266305e+104  1.000000e+00  -1.000000e+00  1.000000e+00
1.887400e+00  1.168770e+03  7.707593e+02  2.472176e+02  1.887400e+00  2.020119e+00  2.019563e+00  5.560000e-04  1.237469e+01  1.237469e+01  5.901860e-01  2.750000e-04  2.411150e-01  3.897335e-01  3.897335e-01  5.159755e-02  4.221001e+01  4.151286e+05  8.237549e+01  2.777009e+57  1.014851e+51  8.161319e-06  -9.767875e+103  1.000000e+00  -1.000000e+00  1.000000e+00
1.887400e+00  1.201752e+03  7.707593e+02  2.801996e+02  1.887400e+00  1.985991e+00  1.985474e+00  5.170000e-04  1.213337e+01  1.213337e+01  5.761290e-01  2.600000e-04  2.417562e-01  3.914578e-01  3.914578e-01  4.836581e-02  3.904416e+01  4.113275e+05  7.662479e+01  2.720057e+57  9.440984e+50  1.232132e-05  -7.098779e+103  1.000000e+00  -1.000000e+00  1.000000e+00
1.887400e+00  1.239133e+03  7.707593e+02  3.175819e+02  1.887400e+00  1.956736e+00  1.956258e+00  4.780000e-04  1.188296e+01  1.188296e+01  5.613540e-01  2.440000e-04  2.432144e-01  3.954030e-01  3.954030e-01  4.487811e-02  3.515573e+01  4.092650e+05  7.087553e+01  2.670856e+57  8.733413e+50  -9.161473e-05  -4.759809e+103  -1.000000e+00  -1.000000e+00  1.000000e+00
1.887400e+00  1.281502e+03  7.707593e+02  3.599514e+02  1.887400e+00  1.932759e+00  1.932319e+00  4.400000e-04  1.162891e+01  1.162891e+01  5.459090e-01  2.280000e-04  2.454824e-01  4.016065e-01  4.016065e-01  4.128124e-02  3.087156e+01  4.095889e+05  6.518111e+01  2.633173e+57  8.032465e+50  -6.270779e-05  -3.198667e+103  -1.000000e+00  -1.000000e+00  1.000000e+00
1.887400e+00  1.329526e+03  7.707593e+02  4.079736e+02  1.887400e+00  1.913967e+00  1.913564e+00  4.020000e-04  1.137598e+01  1.137598e+01  5.298560e-01  2.100000e-04  2.485006e-01  4.099915e-01  4.099915e-01  3.771028e-02  2.652984e+01  4.107724e+05  5.959504e+01  2.598715e+57  7.344744e+50  -1.294122e-05  -2.080956e+103  -1.000000e+00  -1.000000e+00  1.000000e+00
1.887400e+00  1.383956e+03  7.707593e+02  4.624025e+02  1.887400e+00  1.899880e+00  1.899514e+00  3.660000e-04  1.112815e+01  1.112815e+01  5.132670e-01  1.920000e-04  2.521651e-01  4.203775e-01  4.203775e-01  3.426663e-02  2.240535e+01  4.142529e+05  5.416791e+01  2.575638e+57  6.676540e+50  -3.240860e-06  -1.155779e+103  -1.000000e+00  -1.000000e+00  1.000000e+00
1.887400e+00  1.445646e+03  7.707593e+02  5.240930e+02  1.887400e+00  1.889721e+00  1.889391e+00  3.300000e-04  1.088818e+01  1.088818e+01  4.962320e-01  1.750000e-04  2.563447e-01  4.325080e-01  4.325080e-01  3.103486e-02  1.869111e+01  4.190497e+05  4.894829e+01  2.558603e+57  6.033675e+50  -1.718479e-06  -6.803553e+102  -1.000000e+00  -1.000000e+00  1.000000e+00
1.887400e+00  1.515564e+03  7.707593e+02  5.940138e+02  1.887400e+00  1.882544e+00  1.882247e+00  2.970000e-04  1.065783e+01  1.065783e+01  4.788300e-01  1.580000e-04  2.608903e-01  4.460604e-01  4.460604e-01  2.805205e-02  1.547332e+01  4.248947e+05  4.397490e+01  2.546003e+57  5.421117e+50  -1.019219e-06  -4.064533e+102  -1.000000e+00  -1.000000e+00  1.000000e+00
1.887400e+00  1.594815e+03  7.707593e+02  6.732629e+02  1.887400e+00  1.877375e+00  1.877110e+00  2.650000e-04  1.043818e+01  1.043818e+01  4.611610e-01  1.410000e-04  2.656489e-01  4.606680e-01  4.606680e-01  2.534386e-02  1.277125e+01  4.315126e+05  3.928196e+01  2.536189e+57  4.843027e+50  -6.829861e-07  -2.585349e+102  -1.000000e+00  -1.000000e+00  1.000000e+00
1.887400e+00  1.684639e+03  7.707593e+02  7.630849e+02  1.887400e+00  1.873270e+00  1.873034e+00  2.360000e-04  1.022930e+01  1.022930e+01  4.433180e-01  1.260000e-04  2.704805e-01  4.759621e-01  4.759621e-01  2.291415e-02  1.055228e+01  4.386333e+05  3.489482e+01  2.527815e+57  4.302555e+50  -5.226297e-07  -1.228808e+102  -1.000000e+00  -1.000000e+00  1.000000e+00
1.887400e+00  1.786445e+03  7.707593e+02  8.648903e+02  1.887400e+00  1.869391e+00  1.869183e+00  2.080000e-04  1.003118e+01  1.003118e+01  4.254030e-01  1.110000e-04  2.752515e-01  4.915458e-01  4.915458e-01  2.075183e-02  8.756204e+00  4.471033e+05  3.083156e+01  2.525803e+57  3.801871e+50  -5.310645e-07  -1.043928e+102  -1.000000e+00  -1.000000e+00  1.000000e+00
1.887400e+00  1.901831e+03  7.707593e+02  9.802778e+02  1.887400e+00  1.865047e+00  1.864864e+00  1.830000e-04  9.843101e+00  9.843101e+00  4.075090e-01  9.800000e-05  2.798591e-01  5.070741e-01  5.070741e-01  1.883840e-02  7.315771e+00  4.544203e+05  2.710079e+01  2.515937e+57  3.342100e+50  -6.799762e-07  -1.475855e+102  -1.000000e+00  -1.000000e+00  1.000000e+00
1.887400e+00  2.032610e+03  7.707593e+02  1.111060e+03  1.887400e+00  1.859692e+00  1.859532e+00  1.600000e-04  9.664399e+00  9.664399e+00  3.897250e-01  8.600000e-05  2.842155e-01  5.222110e-01  5.222110e-01  1.718507e-02  6.177628e+00  4.614468e+05  2.370416e+01  2.503526e+57  2.923447e+50  -8.208469e-07  -1.166636e+102  -1.000000e+00  -1.000000e+00  1.000000e+00
1.887400e+00  2.180844e+03  7.707593e+02  1.259289e+03  1.887400e+00  1.852935e+00  1.852796e+00  1.390000e-04  9.494301e+00  9.494301e+00  3.721350e-01  7.500000e-05  2.882564e-01  5.366672e-01  5.366672e-01  1.573957e-02  5.272403e+00  4.690900e+05  2.063641e+01  2.493813e+57  2.545279e+50  -1.058182e-06  -9.326970e+101  -1.000000e+00  -1.000000e+00  1.000000e+00
1.887400e+00  2.348852e+03  7.707593e+02  1.427295e+03  1.887400e+00  1.844526e+00  1.844405e+00  1.210000e-04  9.332195e+00  9.332195e+00  3.548170e-01  6.600000e-05  2.919326e-01  5.501832e-01  5.501832e-01  1.447743e-02  4.551849e+00  4.760105e+05  1.788651e+01  2.479627e+57  2.206260e+50  -1.466823e-06  -1.002587e+102  -1.000000e+00  -1.000000e+00  1.000000e+00
1.887400e+00  2.539271e+03  7.707593e+02  1.617714e+03  1.887400e+00  1.834322e+00  1.834218e+00  1.040000e-04  9.177496e+00  9.177496e+00  3.378390e-01  5.700000e-05  2.952113e-01  5.625432e-01  5.625432e-01  1.337970e-02  3.978246e+00  4.820633e+05  1.543923e+01  2.460445e+57  1.904505e+50  -2.081375e-06  -1.011830e+102  -1.000000e+00  -1.000000e+00  1.000000e+00
1.887400e+00  2.755091e+03  7.707593e+02  1.833538e+03  1.887400e+00  1.822288e+00  1.822198e+00  9.000000e-05  9.029743e+00  9.029743e+00  3.212620e-01  4.900000e-05  2.980734e-01  5.735780e-01  5.735780e-01  1.242551e-02  3.520498e+00  4.870638e+05  1.327561e+01  2.435589e+57  1.637697e+50  -2.575440e-06  -8.673461e+101  -1.000000e+00  -1.000000e+00  1.000000e+00
1.887400e+00  2.999709e+03  7.707593e+02  2.078156e+03  1.887400e+00  1.808465e+00  1.808388e+00  7.700000e-05  8.888555e+00  8.888555e+00  3.051320e-01  4.200000e-05  3.005111e-01  5.831630e-01  5.831630e-01  1.159783e-02  3.154910e+00  4.921023e+05  1.137441e+01  2.411648e+57  1.403239e+50  -3.502980e-06  -7.129644e+101  -1.000000e+00  -1.000000e+00  1.000000e+00
1.887400e+00  3.276966e+03  7.707593e+02  2.355409e+03  1.887400e+00  1.792973e+00  1.792907e+00  6.600000e-05  8.753830e+00  8.753830e+00  2.894930e-01  3.700000e-05  3.025222e-01  5.912038e-01  5.912038e-01  1.088589e-02  2.864075e+00  4.959053e+05  9.713346e+00  2.381693e+57  1.198388e+50  -4.369990e-06  -6.002932e+101  -1.000000e+00  -1.000000e+00  1.000000e+00
1.887400e+00  3.591209e+03  7.707593e+02  2.669651e+03  1.887400e+00  1.775933e+00  1.775877e+00  5.600000e-05  8.625190e+00  8.625190e+00  2.743830e-01  3.100000e-05  3.041163e-01  5.976653e-01  5.976653e-01  1.027137e-02  2.632319e+00  4.995682e+05  8.270035e+00  2.352384e+57  1.020354e+50  -6.619813e-06  -4.846514e+101  -1.000000e+00  -1.000000e+00  1.000000e+00
1.887400e+00  3.947373e+03  7.707593e+02  3.025817e+03  1.887400e+00  1.757547e+00  1.757500e+00  4.700000e-05  8.502697e+00  8.502697e+00  2.598170e-01  2.700000e-05  3.053036e-01  6.025296e-01  6.025296e-01  9.745742e-03  2.449425e+00  5.019046e+05  7.021522e+00  2.317203e+57  8.663598e+49  -1.564501e-05  -4.283747e+101  -1.000000e+00  -1.000000e+00  1.000000e+00
1.887400e+00  4.351050e+03  7.707593e+02  3.429500e+03  1.887400e+00  1.738011e+00  1.737971e+00  4.000000e-05  8.386283e+00  8.386283e+00  2.458190e-01  2.300000e-05  3.061010e-01  6.058212e-01  6.058212e-01  9.297332e-03  2.306464e+00  5.029308e+05  5.946590e+00  2.276514e+57  7.337560e+49  -2.278959e-05  -3.430907e+101  -1.000000e+00  -1.000000e+00  1.000000e+00
1.887400e+00  4.808596e+03  7.707593e+02  3.887040e+03  1.887400e+00  1.717539e+00  1.717505e+00  3.400000e-05  8.275999e+00  8.275999e+00  2.323990e-01  2.000000e-05  3.065264e-01  6.075858e-01  6.075858e-01  8.917674e-03  2.196962e+00  5.037286e+05  5.024708e+00  2.236772e+57  6.200253e+49  -3.315731e-05  -2.495042e+101  -1.000000e+00  -1.000000e+00  1.000000e+00
1.887400e+00  5.327181e+03  7.707593e+02  4.405622e+03  1.887400e+00  1.696344e+00  1.696315e+00  2.900000e-05  8.171922e+00  8.171922e+00  2.195590e-01  1.700000e-05  3.065994e-01  6.078893e-01  6.078893e-01  8.600005e-03  2.116142e+00  5.042822e+05  4.236961e+00  2.198105e+57  5.228361e+49  -3.106964e-04  -1.921326e+101  -1.000000e+00  -1.000000e+00  1.000000e+00
1.887400e+00  5.914947e+03  7.707593e+02  4.993389e+03  1.887400e+00  1.674647e+00  1.674623e+00  2.400000e-05  8.074114e+00  8.074114e+00  2.072990e-01  1.400000e-05  3.063444e-01  6.068301e-01  6.068301e-01  8.335466e-03  2.059598e+00  5.035887e+05  3.566017e+00  2.154941e+57  4.400552e+49  2.805037e-05  -1.494943e+101  1.000000e+00  -1.000000e+00  1.000000e+00
1.887400e+00  6.581126e+03  7.707593e+02  5.659571e+03  1.887400e+00  1.652660e+00  1.652640e+00  2.000000e-05  7.982735e+00  7.982735e+00  1.956130e-01  1.200000e-05  3.057830e-01  6.045063e-01  6.045063e-01  8.122095e-03  2.025376e+00  5.026646e+05  2.996269e+00  2.113155e+57  3.697566e+49  2.176693e-05  -1.070814e+101  1.000000e+00  -1.000000e+00  1.000000e+00
1.887400e+00  7.336183e+03  7.707593e+02  6.414631e+03  1.887400e+00  1.630580e+00  1.630563e+00  1.700000e-05  7.897824e+00  7.897824e+00  1.844930e-01  1.000000e-05  3.049414e-01  6.010410e-01  6.010410e-01  7.950919e-03  2.010215e+00  5.015197e+05  2.513742e+00  2.072903e+57  3.102170e+49  1.789719e-05  -7.622584e+100  1.000000e+00  -1.000000e+00  1.000000e+00
1.887400e+00  8.191984e+03  7.707593e+02  7.270426e+03  1.887400e+00  1.608610e+00  1.608595e+00  1.400000e-05  7.819567e+00  7.819567e+00  1.739260e-01  9.000000e-06  3.038433e-01  5.965532e-01  5.965532e-01  7.818359e-03  2.012656e+00  5.001698e+05  2.106061e+00  2.034299e+57  2.599106e+49  1.367036e-05  -5.694880e+100  1.000000e+00  -1.000000e+00  1.000000e+00
1.887400e+00  9.161955e+03  7.707593e+02  8.240395e+03  1.887400e+00  1.586928e+00  1.586916e+00  1.200000e-05  7.748028e+00  7.748028e+00  1.638980e-01  8.000000e-06  3.025155e-01  5.911768e-01  5.911768e-01  7.720127e-03  2.031389e+00  4.977778e+05  1.762352e+00  1.992627e+57  2.174971e+49  8.770190e-06  -4.287717e+100  1.000000e+00  -1.000000e+00  1.000000e+00
1.887400e+00  1.026133e+04  7.707593e+02  9.339770e+03  1.887400e+00  1.565694e+00  1.565684e+00  1.000000e-05  7.683213e+00  7.683213e+00  1.543920e-01  6.000000e-06  3.009856e-01  5.850492e-01  5.850492e-01  7.654200e-03  2.065755e+00  4.952691e+05  1.473131e+00  1.953112e+57  1.818067e+49  8.208127e-06  -2.991341e+100  1.000000e+00  -1.000000e+00  1.000000e+00
1.887400e+00  1.150737e+04  7.707593e+02  1.058582e+04  1.887400e+00  1.545071e+00  1.545063e+00  8.000000e-06  7.625241e+00  7.625241e+00  1.453900e-01  5.000000e-06  2.992792e-01  5.782972e-01  5.782972e-01  7.613768e-03  2.114119e+00  4.926734e+05  1.230180e+00  1.915870e+57  1.518251e+49  7.012394e-06  -2.183852e+100  1.000000e+00  -1.000000e+00  1.000000e+00
1.887400e+00  1.291966e+04  7.707593e+02  1.199810e+04  1.887400e+00  1.525203e+00  1.525196e+00  7.000000e-06  7.574108e+00  7.574108e+00  1.368740e-01  5.000000e-06  2.974251e-01  5.710580e-01  5.710580e-01  7.598124e-03  2.176331e+00  4.892350e+05  1.026411e+00  1.876519e+57  1.266782e+49  5.658294e-06  -1.609081e+100  1.000000e+00  -1.000000e+00  1.000000e+00
1.887400e+00  1.452036e+04  7.707593e+02  1.359880e+04  1.887400e+00  1.506212e+00  1.506207e+00  6.000000e-06  7.529782e+00  7.529782e+00  1.288240e-01  4.000000e-06  2.954510e-01  5.634583e-01  5.634583e-01  7.601911e-03  2.251170e+00  4.858066e+05  8.557485e-01  1.839817e+57  1.056152e+49  6.228829e-06  -1.045041e+100  1.000000e+00  -1.000000e+00  1.000000e+00
1.887400e+00  1.633462e+04  7.707593e+02  1.541306e+04  1.887400e+00  1.488212e+00  1.488207e+00  5.000000e-06  7.492161e+00  7.492161e+00  1.212190e-01  3.000000e-06  2.933860e-01  5.556258e-01  5.556258e-01  7.618402e-03  2.336530e+00  4.831457e+05  7.129629e-01  1.809938e+57  8.799365e+48  5.997630e-06  -6.975387e+99  1.000000e+00  -1.000000e+00  1.000000e+00
1.887400e+00  1.839092e+04  7.707593e+02  1.746936e+04  1.887400e+00  1.471299e+00  1.471295e+00  4.000000e-06  7.461102e+00  7.461102e+00  1.140400e-01  3.000000e-06  2.912592e-01  5.476807e-01  5.476807e-01  7.653199e-03  2.434187e+00  4.797825e+05  5.936360e-01  1.778382e+57  7.326744e+48  4.910485e-06  -5.086395e+99  1.000000e+00  -1.000000e+00  1.000000e+00
1.887400e+00  2.071233e+04  7.707593e+02  1.979078e+04  1.887400e+00  1.455617e+00  1.455614e+00  3.000000e-06  7.436557e+00  7.436557e+00  1.072910e-01  2.000000e-06  2.891058e-01  5.397589e-01  5.397589e-01  7.694416e-03  2.539826e+00  4.765125e+05  4.943525e-01  1.749610e+57  6.101442e+48  4.795610e-06  -3.760861e+99  1.000000e+00  -1.000000e+00  1.000000e+00
2.592900e+00  1.030404e+02  7.838430e+02  1.000000e+00  2.592900e+00  7.462600e-02  6.993000e-02  4.696000e-03  2.743788e+01  2.743788e+01  1.195741e+00  6.292200e-02  4.017170e-03  4.041539e-03  4.041540e-03  9.616652e-03  6.128325e+09  1.043924e+04  6.973107e+02  8.585556e+55  9.837416e+51  6.498782e-06  4.408257e+104  1.000000e+00  1.000000e+00  0.000000e+00
2.592900e+00  1.076573e+02  7.838430e+02  1.133400e+00  2.592900e+00  7.792400e-02  7.325400e-02  4.670000e-03  2.371116e+01  2.371116e+01  1.193532e+00  5.992800e-02  4.853998e-03  4.889629e-03  4.889629e-03  9.187243e-03  2.273008e+09  1.095056e+04  6.934848e+02  9.043813e+55  9.785676e+51  6.519340e-06  5.052771e+104  1.000000e+00  1.000000e+00  0.000000e+00
2.592900e+00  1.131115e+02  7.838430e+02  1.284600e+00  2.592900e+00  8.345900e-02  7.883000e-02  4.629000e-03  2.085346e+01  2.085346e+01  1.190093e+00  5.546700e-02  5.911234e-03  5.964170e-03  5.964171e-03  1.002520e-02  9.259978e+08  1.180122e+04  6.874579e+02  9.782316e+55  9.696191e+51  6.556342e-06  6.376093e+104  1.000000e+00  1.000000e+00  0.000000e+00
2.592900e+00  1.191072e+02  7.838430e+02  1.456000e+00  2.592900e+00  9.084200e-02  8.626200e-02  4.579000e-03  1.867876e+01  1.867876e+01  1.185813e+00  5.041200e-02  7.183226e-03  7.261563e-03  7.261563e-03  1.211879e-02  4.224472e+08  1.293399e+04  6.800641e+02  1.075436e+56  9.591994e+51  6.556652e-06  7.760480e+104  1.000000e+00  1.000000e+00  0.000000e+00
2.592900e+00  1.250167e+02  7.838430e+02  1.650300e+00  2.592900e+00  9.996800e-02  9.544100e-02  4.528000e-03  1.701530e+01  1.701530e+01  1.181315e+00  4.529000e-02  8.677678e-03  8.792290e-03  8.792290e-03  1.551683e-02  2.102308e+08  1.433450e+04  6.723629e+02  1.194393e+56  9.484305e+51  6.546507e-06  8.770953e+104  1.000000e+00  1.000000e+00  0.000000e+00
2.592900e+00  1.316026e+02  7.838430e+02  1.870400e+00  2.592900e+00  1.109250e-01  1.064510e-01  4.474000e-03  1.573773e+01  1.573773e+01  1.176623e+00  4.033400e-02  1.041040e-02  1.057584e-02  1.057584e-02  2.030172e-02  1.106886e+08  1.601793e+04  6.643925e+02  1.335463e+56  9.372632e+51  6.531294e-06  9.867762e+104  1.000000e+00  1.000000e+00  0.000000e+00
2.592900e+00  1.379494e+02  7.838430e+02  2.120000e+00  2.592900e+00  1.237200e-01  1.193010e-01  4.419000e-03  1.476445e+01  1.476445e+01  1.171798e+00  3.571900e-02  1.237671e-02  1.261133e-02  1.261133e-02  2.646166e-02  6.074339e+07  1.798804e+04  6.562586e+02  1.497942e+56  9.258956e+51  6.512129e-06  8.867455e+104  1.000000e+00  1.000000e+00  0.000000e+00
2.592900e+00  1.527256e+02  7.838430e+02  2.402800e+00  2.592900e+00  1.377170e-01  1.333940e-01  4.322000e-03  1.405333e+01  1.405333e+01  1.163229e+00  3.138700e-02  1.447400e-02  1.479602e-02  1.479602e-02  3.356192e-02  3.522174e+07  2.015521e+04  6.418806e+02  1.674121e+56  9.047920e+51  6.489614e-06  1.294804e+105  1.000000e+00  1.000000e+00  0.000000e+00
2.592900e+00  1.576382e+02  7.838430e+02  2.723400e+00  2.592900e+00  1.529220e-01  1.486620e-01  4.260000e-03  1.351127e+01  1.351127e+01  1.157487e+00  2.785500e-02  1.671684e-02  1.714805e-02  1.714805e-02  4.136106e-02  2.112166e+07  2.251219e+04  6.325507e+02  1.863423e+56  8.928698e+51  6.463535e-06  1.589463e+105  1.000000e+00  1.000000e+00  0.000000e+00
2.592900e+00  1.627167e+02  7.838430e+02  3.086700e+00  2.592900e+00  1.695940e-01  1.653770e-01  4.217000e-03  1.308438e+01  1.308438e+01  1.153594e+00  2.486400e-02  1.914430e-02  1.971221e-02  1.971221e-02  4.973308e-02  1.289315e+07  2.510383e+04  6.261961e+02  2.069563e+56  8.839773e+51  6.434372e-06  1.662300e+105  1.000000e+00  1.000000e+00  0.000000e+00
2.592900e+00  1.679681e+02  7.838430e+02  3.498500e+00  2.592900e+00  1.877640e-01  1.835910e-01  4.173000e-03  1.274081e+01  1.274081e+01  1.149556e+00  2.222300e-02  2.176693e-02  2.250443e-02  2.250443e-02  5.839464e-02  7.967023e+06  2.794132e+04  6.196486e+02  2.293351e+56  8.748071e+51  6.402050e-06  1.749499e+105  1.000000e+00  1.000000e+00  0.000000e+00
2.592900e+00  1.734000e+02  7.838430e+02  3.965200e+00  2.592900e+00  2.079830e-01  2.038550e-01  4.127000e-03  1.245620e+01  1.245620e+01  1.145361e+00  1.984400e-02  2.466172e-02  2.561321e-02  2.561321e-02  6.731620e-02  4.919378e+06  3.111522e+04  6.128935e+02  2.541933e+56  8.653392e+51  6.367365e-06  1.886620e+105  1.000000e+00  1.000000e+00  0.000000e+00
2.592900e+00  1.790190e+02  7.838430e+02  4.494300e+00  2.592900e+00  2.310420e-01  2.269620e-01  4.080000e-03  1.222279e+01  1.222279e+01  1.140999e+00  1.766000e-02  2.791919e-02  2.914562e-02  2.914562e-02  7.660322e-02  3.010512e+06  3.475455e+04  6.059200e+02  2.825502e+56  8.555556e+51  6.330267e-06  2.067265e+105  1.000000e+00  1.000000e+00  0.000000e+00
2.592900e+00  1.848335e+02  7.838430e+02  5.093900e+00  2.592900e+00  2.574890e-01  2.534580e-01  4.032000e-03  1.204030e+01  1.204030e+01  1.136446e+00  1.565800e-02  3.158666e-02  3.316664e-02  3.316664e-02  8.620284e-02  1.827734e+06  3.895351e+04  5.987008e+02  3.151385e+56  8.454318e+51  6.289967e-06  2.266694e+105  1.000000e+00  1.000000e+00  0.000000e+00
2.592900e+00  1.908524e+02  7.838430e+02  5.773400e+00  2.592900e+00  2.876740e-01  2.836920e-01  3.981000e-03  1.190732e+01  1.190732e+01  1.131699e+00  1.384000e-02  3.568357e-02  3.771472e-02  3.771472e-02  9.590739e-02  1.105152e+06  4.377684e+04  5.912319e+02  3.524444e+56  8.349497e+51  6.245852e-06  2.469267e+105  1.000000e+00  1.000000e+00  0.000000e+00
2.592900e+00  1.970844e+02  7.838430e+02  6.543700e+00  2.592900e+00  3.218550e-01  3.179260e-01  3.929000e-03  1.182019e+01  1.182019e+01  1.126739e+00  1.220900e-02  4.021778e-02  4.281895e-02  4.281895e-02  1.054423e-01  6.680901e+05  4.927919e+04  5.834941e+02  3.948569e+56  8.240852e+51  6.196283e-06  2.667991e+105  1.000000e+00  1.000000e+00  0.000000e+00
2.592900e+00  2.035396e+02  7.838430e+02  7.416700e+00  2.592900e+00  3.602520e-01  3.563760e-01  3.875000e-03  1.177384e+01  1.177384e+01  1.121549e+00  1.075700e-02  4.519281e-02  4.850702e-02  4.850702e-02  1.145123e-01  4.049608e+05  5.551186e+04  5.754695e+02  4.427343e+56  8.128143e+51  6.141825e-06  2.859336e+105  1.000000e+00  1.000000e+00  0.000000e+00
2.592900e+00  2.102287e+02  7.838430e+02  8.406200e+00  2.592900e+00  4.030550e-01  3.992350e-01  3.819000e-03  1.176275e+01  1.176275e+01  1.116111e+00  9.476000e-03  5.061004e-02  5.480777e-02  5.480777e-02  1.228272e-01  2.466162e+05  6.252342e+04  5.671401e+02  4.963908e+56  8.011105e+51  6.082657e-06  3.040388e+105  1.000000e+00  1.000000e+00  0.000000e+00
2.592900e+00  2.171631e+02  7.838430e+02  9.527700e+00  2.592900e+00  4.504370e-01  4.466760e-01  3.761000e-03  1.178150e+01  1.178150e+01  1.110413e+00  8.350000e-03  5.646970e-02  6.175266e-02  6.175266e-02  1.301435e-01  1.510957e+05  7.036400e+04  5.584943e+02  5.561461e+56  7.889499e+51  6.017515e-06  3.209355e+105  1.000000e+00  1.000000e+00  0.000000e+00
2.592900e+00  2.243537e+02  7.838430e+02  1.079880e+01  2.592900e+00  5.025470e-01  4.988460e-01  3.701000e-03  1.180449e+01  1.180449e+01  1.104410e+00  7.364000e-03  6.287974e-02  6.950922e-02  6.950922e-02  1.374192e-01  9.319691e+04  7.908480e+04  5.494880e+02  6.223115e+56  7.762981e+51  5.947026e-06  3.364016e+105  1.000000e+00  1.000000e+00  0.000000e+00
2.592900e+00  2.318138e+02  7.838430e+02  1.223950e+01  2.592900e+00  5.595030e-01  5.558650e-01  3.638000e-03  1.183986e+01  1.183986e+01  1.098103e+00  6.501000e-03  6.979709e-02  7.807341e-02  7.807341e-02  1.438732e-01  5.790299e+04  8.873319e+04  5.401268e+02  6.951517e+56  7.631336e+51  5.870761e-06  3.501404e+105  1.000000e+00  1.000000e+00  0.000000e+00
2.592900e+00  2.395612e+02  7.838430e+02  1.387240e+01  2.592900e+00  6.213910e-01  6.178190e-01  3.572000e-03  1.189678e+01  1.189678e+01  1.091464e+00  5.748000e-03  7.714658e-02  8.740188e-02  8.740188e-02  1.486137e-01  3.625627e+04  9.936064e+04  5.303848e+02  7.749385e+56  7.494248e+51  5.787852e-06  3.620098e+105  1.000000e+00  1.000000e+00  0.000000e+00
2.592900e+00  2.476067e+02  7.838430e+02  1.572320e+01  2.592900e+00  6.882460e-01  6.847420e-01  3.504000e-03  1.197103e+01  1.197103e+01  1.084458e+00  5.091000e-03  8.491678e-02  9.753256e-02  9.753256e-02  1.515446e-01  2.288107e+04  1.110118e+05  5.202333e+02  8.618803e+56  7.351423e+51  5.699786e-06  3.717544e+105  1.000000e+00  1.000000e+00  0.000000e+00
2.592900e+00  2.559695e+02  7.838430e+02  1.782080e+01  2.592900e+00  7.600500e-01  7.566170e-01  3.433000e-03  1.205846e+01  1.205846e+01  1.077056e+00  4.516000e-03  9.309623e-02  1.085088e-01  1.085088e-01  1.526828e-01  1.455589e+04  1.237254e+05  5.096517e+02  9.561144e+56  7.202562e+51  5.604525e-06  3.791606e+105  1.000000e+00  1.000000e+00  0.000000e+00
2.592900e+00  2.646662e+02  7.838430e+02  2.019840e+01  2.592900e+00  8.367210e-01  8.333630e-01  3.358000e-03  1.215559e+01  1.215559e+01  1.069240e+00  4.014000e-03  1.016685e-01  1.203731e-01  1.203731e-01  1.521242e-01  9.336317e+03  1.375453e+05  4.986306e+02  1.057794e+57  7.047428e+51  5.502429e-06  3.838665e+105  1.000000e+00  1.000000e+00  0.000000e+00
2.592900e+00  2.737197e+02  7.838430e+02  2.289310e+01  2.592900e+00  9.181040e-01  9.148230e-01  3.281000e-03  1.225907e+01  1.225907e+01  1.060978e+00  3.574000e-03  1.106154e-01  1.331715e-01  1.331715e-01  1.499967e-01  6.038223e+03  1.524935e+05  4.871529e+02  1.166849e+57  6.885741e+51  5.395088e-06  3.856823e+105  1.000000e+00  1.000000e+00  0.000000e+00
2.592900e+00  2.831505e+02  7.838430e+02  2.594730e+01  2.592900e+00  1.003965e+00  1.000764e+00  3.201000e-03  1.236585e+01  1.236585e+01  1.052224e+00  3.188000e-03  1.199157e-01  1.469514e-01  1.469514e-01  1.464789e-01  3.938204e+03  1.685916e+05  4.751868e+02  1.283238e+57  6.717234e+51  5.280616e-06  3.845347e+105  1.000000e+00  1.000000e+00  0.000000e+00
2.592900e+00  2.929826e+02  7.838430e+02  2.940900e+01  2.592900e+00  1.093985e+00  1.090868e+00  3.117000e-03  1.247347e+01  1.247347e+01  1.042944e+00  2.849000e-03  1.295405e-01  1.617552e-01  1.617552e-01  1.417394e-01  2.590429e+03  1.858507e+05  4.627202e+02  1.406741e+57  6.541708e+51  5.158283e-06  3.803250e+105  1.000000e+00  1.000000e+00  0.000000e+00
2.592900e+00  3.032418e+02  7.838430e+02  3.333260e+01  2.592900e+00  1.187760e+00  1.184730e+00  3.030000e-03  1.258008e+01  1.258008e+01  1.033118e+00  2.551000e-03  1.394527e-01  1.776165e-01  1.776165e-01  1.359672e-01  1.718740e+03  2.042767e+05  4.497554e+02  1.537104e+57  6.359050e+51  5.029195e-06  3.730075e+105  1.000000e+00  1.000000e+00  0.000000e+00
2.592900e+00  3.139580e+02  7.838430e+02  3.777960e+01  2.592900e+00  1.284799e+00  1.281860e+00  2.939000e-03  1.268377e+01  1.268377e+01  1.022710e+00  2.287000e-03  1.496126e-01  1.945678e-01  1.945678e-01  1.293635e-01  1.150471e+03  2.238484e+05  4.362860e+02  1.673858e+57  6.169164e+51  4.894695e-06  3.623937e+105  1.000000e+00  1.000000e+00  0.000000e+00
2.592900e+00  3.251628e+02  7.838430e+02  4.281980e+01  2.592900e+00  1.384527e+00  1.381682e+00  2.845000e-03  1.278267e+01  1.278267e+01  1.011662e+00  2.055000e-03  1.599784e-01  2.126395e-01  2.126395e-01  1.221345e-01  7.770374e+02  2.445356e+05  4.222907e+02  1.816377e+57  5.971972e+51  4.752138e-06  3.488892e+105  1.000000e+00  1.000000e+00  0.000000e+00
2.592900e+00  3.368911e+02  7.838430e+02  4.853260e+01  2.592900e+00  1.486294e+00  1.483547e+00  2.747000e-03  1.287533e+01  1.287533e+01  9.999590e-01  1.848000e-03  1.705015e-01  2.318512e-01  2.318512e-01  1.144755e-01  5.296385e+02  2.663117e+05  4.077930e+02  1.964113e+57  5.767591e+51  4.602544e-06  3.325886e+105  1.000000e+00  1.000000e+00  0.000000e+00
2.592900e+00  3.491847e+02  7.838430e+02  5.500740e+01  2.592900e+00  1.589384e+00  1.586738e+00  2.646000e-03  1.296044e+01  1.296044e+01  9.875620e-01  1.665000e-03  1.811301e-01  2.522131e-01  2.522131e-01  1.065657e-01  3.643953e+02  2.891082e+05  3.928002e+02  2.116122e+57  5.556172e+51  4.447157e-06  3.136762e+105  1.000000e+00  1.000000e+00  0.000000e+00
2.592900e+00  3.620840e+02  7.838430e+02  6.234610e+01  2.592900e+00  1.693024e+00  1.690482e+00  2.542000e-03  1.303701e+01  1.303701e+01  9.744370e-01  1.502000e-03  1.918081e-01  2.737213e-01  2.737213e-01  9.856736e-02  2.531090e+02  3.128624e+05  3.773321e+02  2.271524e+57  5.338001e+51  4.285499e-06  2.925749e+105  1.000000e+00  1.000000e+00  0.000000e+00
2.592900e+00  3.756397e+02  7.838430e+02  7.066390e+01  2.592900e+00  1.796409e+00  1.793973e+00  2.435000e-03  1.310395e+01  1.310395e+01  9.605510e-01  1.356000e-03  2.024811e-01  2.963662e-01  2.963662e-01  9.063889e-02  1.775420e+02  3.374807e+05  3.614161e+02  2.429115e+57  5.113486e+51  4.117548e-06  2.697335e+105  1.000000e+00  1.000000e+00  0.000000e+00
2.592900e+00  3.899028e+02  7.838430e+02  8.009140e+01  2.592900e+00  1.898711e+00  1.896386e+00  2.325000e-03  1.316040e+01  1.316040e+01  9.458880e-01  1.225000e-03  2.130940e-01  3.201255e-01  3.201255e-01  8.290416e-02  1.257863e+02  3.628809e+05  3.450998e+02  2.587881e+57  4.883218e+51  3.942803e-06  2.458098e+105  1.000000e+00  1.000000e+00  0.000000e+00
2.592900e+00  4.049358e+02  7.838430e+02  9.077660e+01  2.592900e+00  1.999107e+00  1.996894e+00  2.213000e-03  1.320568e+01  1.320568e+01  9.304110e-01  1.107000e-03  2.235923e-01  3.449617e-01  3.449617e-01  7.545984e-02  9.002026e+01  3.889536e+05  3.284206e+02  2.746615e+57  4.647845e+51  3.763326e-06  2.211144e+105  1.000000e+00  1.000000e+00  0.000000e+00
2.592900e+00  4.208056e+02  7.838430e+02  1.028874e+02  2.592900e+00  2.096792e+00  2.094693e+00  2.099000e-03  1.323927e+01  1.323927e+01  9.141220e-01  1.001000e-03  2.339230e-01  3.708229e-01  3.708229e-01  6.839511e-02  6.509828e+01  4.155756e+05  3.114542e+02  2.903930e+57  4.408286e+51  3.581413e-06  1.960575e+105  1.000000e+00  1.000000e+00  0.000000e+00
2.592900e+00  4.375827e+02  7.838430e+02  1.166139e+02  2.592900e+00  2.191004e+00  2.189021e+00  1.983000e-03  1.326090e+01  1.326090e+01  8.969940e-01  9.050000e-04  2.440349e-01  3.976378e-01  3.976378e-01  6.175591e-02  4.756925e+01  4.425892e+05  2.942585e+02  3.058285e+57  4.165515e+51  3.127884e-06  1.736890e+105  1.000000e+00  1.000000e+00  0.000000e+00
2.592900e+00  1.053723e+03  7.838430e+02  1.321717e+02  2.592900e+00  2.210890e+00  2.209724e+00  1.166000e-03  1.323610e+01  1.323610e+01  7.514390e-01  5.270000e-04  2.467113e-01  4.050024e-01  4.050024e-01  5.977094e-02  4.359681e+01  4.492514e+05  1.730607e+02  3.091819e+57  2.452354e+51  -3.960687e-05  -3.332688e+104  -1.000000e+00  -1.000000e+00  1.000000e+00
2.592900e+00  1.071356e+03  7.838430e+02  1.498051e+02  2.592900e+00  2.179336e+00  2.178223e+00  1.113000e-03  1.313503e+01  1.313503e+01  7.398200e-01  5.110000e-04  2.450613e-01  4.004485e-01  4.004485e-01  5.946227e-02  4.485139e+01  4.424716e+05  1.651457e+02  3.039870e+57  2.340342e+51  4.758976e-06  -3.417191e+104  1.000000e+00  -1.000000e+00  1.000000e+00
2.592900e+00  1.091342e+03  7.838430e+02  1.697911e+02  2.592900e+00  2.140625e+00  2.139567e+00  1.057000e-03  1.299057e+01  1.299057e+01  7.272730e-01  4.940000e-04  2.433851e-01  3.958670e-01  3.958670e-01  5.849039e-02  4.565927e+01  4.345595e+05  1.568753e+02  2.975015e+57  2.223332e+51  5.167730e-06  -3.286772e+104  1.000000e+00  -1.000000e+00  1.000000e+00
2.592900e+00  1.113993e+03  7.838430e+02  1.924434e+02  2.592900e+00  2.099580e+00  2.098581e+00  1.000000e-03  1.281248e+01  1.281248e+01  7.138050e-01  4.760000e-04  2.420366e-01  3.922138e-01  3.922138e-01  5.682581e-02  4.560886e+01  4.270160e+05  1.483093e+02  2.907196e+57  2.102076e+51  5.820191e-06  -2.789520e+104  1.000000e+00  -1.000000e+00  1.000000e+00
2.592900e+00  1.139669e+03  7.838430e+02  2.181178e+02  2.592900e+00  2.058939e+00  2.057999e+00  9.400000e-04  1.260728e+01  1.260728e+01  6.994010e-01  4.570000e-04  2.412147e-01  3.900014e-01  3.900014e-01  5.453281e-02  4.451918e+01  4.204240e+05  1.395013e+02  2.840641e+57  1.977419e+51  6.554002e-06  -2.255651e+104  1.000000e+00  -1.000000e+00  1.000000e+00
2.592900e+00  1.168770e+03  7.838430e+02  2.472176e+02  2.592900e+00  2.020728e+00  2.019848e+00  8.800000e-04  1.238091e+01  1.238091e+01  6.840860e-01  4.350000e-04  2.410666e-01  3.896037e-01  3.896037e-01  5.170901e-02  4.234532e+01  4.148853e+05  1.305268e+02  2.776592e+57  1.850377e+51  7.951069e-06  -1.746232e+104  1.000000e+00  -1.000000e+00  1.000000e+00
2.592900e+00  1.201752e+03  7.838430e+02  2.801996e+02  2.592900e+00  1.986437e+00  1.985618e+00  8.190000e-04  1.213935e+01  1.213935e+01  6.678890e-01  4.120000e-04  2.416913e-01  3.912830e-01  3.912830e-01  4.846749e-02  3.917934e+01  4.109555e+05  1.214641e+02  2.718890e+57  1.722058e+51  1.651773e-05  -1.229350e+104  1.000000e+00  -1.000000e+00  1.000000e+00
2.592900e+00  1.239133e+03  7.838430e+02  3.175819e+02  2.592900e+00  1.957021e+00  1.956263e+00  7.580000e-04  1.188851e+01  1.188851e+01  6.508530e-01  3.870000e-04  2.431362e-01  3.951905e-01  3.951905e-01  4.497116e-02  3.528543e+01  4.094567e+05  1.123954e+02  2.672858e+57  1.593639e+51  4.096923e-05  -8.492411e+103  1.000000e+00  -1.000000e+00  1.000000e+00
2.592900e+00  1.281502e+03  7.838430e+02  3.599514e+02  2.592900e+00  1.932898e+00  1.932201e+00  6.970000e-04  1.163392e+01  1.163392e+01  6.330360e-01  3.610000e-04  2.453943e-01  4.013639e-01  4.013639e-01  4.136825e-02  3.099241e+01  4.089642e+05  1.034071e+02  2.630484e+57  1.466335e+51  6.888492e-05  -5.778472e+103  1.000000e+00  -1.000000e+00  1.000000e+00
2.592900e+00  1.329526e+03  7.838430e+02  4.079736e+02  2.592900e+00  1.913993e+00  1.913355e+00  6.380000e-04  1.138044e+01  1.138044e+01  6.145100e-01  3.330000e-04  2.484064e-01  4.097276e-01  4.097276e-01  3.778573e-02  2.663308e+01  4.108753e+05  9.458374e+01  2.600107e+57  1.341347e+51  -7.865657e-06  -3.438145e+103  -1.000000e+00  -1.000000e+00  1.000000e+00
2.592900e+00  1.383956e+03  7.838430e+02  4.624025e+02  2.592900e+00  1.899830e+00  1.899250e+00  5.800000e-04  1.113200e+01  1.113200e+01  5.953610e-01  3.050000e-04  2.520711e-01  4.201081e-01  4.201081e-01  3.433283e-02  2.249094e+01  4.143236e+05  8.600686e+01  2.576806e+57  1.219826e+51  -3.290484e-06  -2.100925e+103  -1.000000e+00  -1.000000e+00  1.000000e+00
2.592900e+00  1.445646e+03  7.838430e+02  5.240930e+02  2.592900e+00  1.889618e+00  1.889094e+00  5.240000e-04  1.089146e+01  1.089146e+01  5.756810e-01  2.780000e-04  2.562534e-01  4.322398e-01  4.322398e-01  3.108505e-02  1.875472e+01  4.190889e+05  7.775012e+01  2.559539e+57  1.102825e+51  -1.737061e-06  -1.251324e+103  -1.000000e+00  -1.000000e+00  1.000000e+00
2.592900e+00  1.515564e+03  7.838430e+02  5.940138e+02  2.592900e+00  1.882426e+00  1.881955e+00  4.710000e-04  1.066067e+01  1.066067e+01  5.555710e-01  2.500000e-04  2.608044e-01  4.458007e-01  4.458007e-01  2.809542e-02  1.552308e+01  4.249151e+05  6.987804e+01  2.546783e+57  9.912660e+50  -1.024583e-06  -7.273340e+102  -1.000000e+00  -1.000000e+00  1.000000e+00
2.592900e+00  1.594815e+03  7.838430e+02  6.732629e+02  2.592900e+00  1.877252e+00  1.876831e+00  4.210000e-04  1.044054e+01  1.044054e+01  5.351450e-01  2.240000e-04  2.655713e-01  4.604262e-01  4.604262e-01  2.537878e-02  1.280780e+01  4.315142e+05  6.244564e+01  2.536814e+57  8.859153e+50  -6.853380e-07  -4.636737e+102  -1.000000e+00  -1.000000e+00  1.000000e+00
2.592900e+00  1.684639e+03  7.838430e+02  7.630849e+02  2.592900e+00  1.873148e+00  1.872773e+00  3.740000e-04  1.023133e+01  1.023133e+01  5.145160e-01  2.000000e-04  2.704093e-01  4.757334e-01  4.757334e-01  2.294196e-02  1.057872e+01  4.386210e+05  5.549434e+01  2.528316e+57  7.873598e+50  -5.523319e-07  -3.310841e+102  -1.000000e+00  -1.000000e+00  1.000000e+00
2.592900e+00  1.786445e+03  7.838430e+02  8.648903e+02  2.592900e+00  1.869291e+00  1.868960e+00  3.310000e-04  1.003286e+01  1.003286e+01  4.937860e-01  1.770000e-04  2.751908e-01  4.913446e-01  4.913446e-01  2.077145e-02  8.774011e+00  4.459640e+05  4.905002e+01  2.519853e+57  6.959948e+50  -5.200214e-07  -2.126520e+102  -1.000000e+00  -1.000000e+00  1.000000e+00
2.592900e+00  1.901831e+03  7.838430e+02  9.802778e+02  2.592900e+00  1.864964e+00  1.864673e+00  2.910000e-04  9.844531e+00  9.844531e+00  4.730750e-01  1.560000e-04  2.798061e-01  5.068927e-01  5.068927e-01  1.885449e-02  7.328804e+00  4.543956e+05  4.313019e+01  2.516279e+57  6.120463e+50  -6.480613e-07  -1.771590e+102  -1.000000e+00  -1.000000e+00  1.000000e+00
2.592900e+00  2.032610e+03  7.838430e+02  1.111060e+03  2.592900e+00  1.859630e+00  1.859375e+00  2.550000e-04  9.665598e+00  9.665598e+00  4.524840e-01  1.370000e-04  2.841708e-01  5.220533e-01  5.220533e-01  1.719979e-02  6.187768e+00  4.614190e+05  3.773736e+01  2.503809e+57  5.355606e+50  -8.183384e-07  -2.076475e+102  -1.000000e+00  -1.000000e+00  1.000000e+00
2.592900e+00  2.180844e+03  7.838430e+02  1.259289e+03  2.592900e+00  1.852895e+00  1.852673e+00  2.220000e-04  9.495321e+00  9.495321e+00  4.321130e-01  1.200000e-04  2.882191e-01  5.365321e-01  5.365321e-01  1.575077e-02  5.279559e+00  4.690621e+05  3.286431e+01  2.494053e+57  4.664340e+50  -1.055396e-06  -1.658143e+102  -1.000000e+00  -1.000000e+00  1.000000e+00
2.592900e+00  2.348852e+03  7.838430e+02  1.427295e+03  2.592900e+00  1.844505e+00  1.844313e+00  1.920000e-04  9.333066e+00  9.333066e+00  4.120450e-01  1.040000e-04  2.919020e-01  5.500692e-01  5.500692e-01  1.448517e-02  4.556688e+00  4.759849e+05  2.849331e+01  2.479843e+57  4.044293e+50  -1.463776e-06  -1.781077e+102  -1.000000e+00  -1.000000e+00  1.000000e+00
2.592900e+00  2.539271e+03  7.838430e+02  1.617714e+03  2.592900e+00  1.834317e+00  1.834151e+00  1.660000e-04  9.178253e+00  9.178253e+00  3.923670e-01  9.100000e-05  2.951862e-01  5.624472e-01  5.624472e-01  1.338521e-02  3.981550e+00  4.820409e+05  2.460152e+01  2.460641e+57  3.492130e+50  -2.079169e-06  -1.798222e+102  -1.000000e+00  -1.000000e+00  1.000000e+00
2.592900e+00  2.755091e+03  7.838430e+02  1.833538e+03  2.592900e+00  1.822293e+00  1.822151e+00  1.430000e-04  9.030374e+00  9.030374e+00  3.731470e-01  7.800000e-05  2.980535e-01  5.735003e-01  5.735003e-01  1.243004e-02  3.523004e+00  4.870417e+05  2.115926e+01  2.435748e+57  3.003692e+50  -2.572049e-06  -1.541070e+102  -1.000000e+00  -1.000000e+00  1.000000e+00
2.592900e+00  2.999709e+03  7.838430e+02  2.078156e+03  2.592900e+00  1.808482e+00  1.808360e+00  1.220000e-04  8.889122e+00  8.889122e+00  3.544440e-01  6.800000e-05  3.004948e-01  5.830983e-01  5.830983e-01  1.160288e-02  3.157114e+00  4.920861e+05  1.813352e+01  2.411811e+57  2.574307e+50  -3.505136e-06  -1.267261e+102  -1.000000e+00  -1.000000e+00  1.000000e+00
2.592900e+00  3.276966e+03  7.838430e+02  2.355409e+03  2.592900e+00  1.792989e+00  1.792885e+00  1.050000e-04  8.754243e+00  8.754243e+00  3.363050e-01  5.800000e-05  3.025107e-01  5.911576e-01  5.911576e-01  1.088886e-02  2.865452e+00  4.958846e+05  1.548897e+01  2.381795e+57  2.198996e+50  -4.366919e-06  -1.067500e+102  -1.000000e+00  -1.000000e+00  1.000000e+00
2.592900e+00  3.591209e+03  7.838430e+02  2.669651e+03  2.592900e+00  1.775960e+00  1.775871e+00  8.900000e-05  8.625586e+00  8.625586e+00  3.187720e-01  5.000000e-05  3.041069e-01  5.976271e-01  5.976271e-01  1.027309e-02  2.633160e+00  4.995548e+05  1.318997e+01  2.352501e+57  1.872690e+50  -6.612766e-06  -8.822089e+101  -1.000000e+00  -1.000000e+00  1.000000e+00
2.592900e+00  3.947373e+03  7.838430e+02  3.025817e+03  2.592900e+00  1.757576e+00  1.757501e+00  7.600000e-05  8.503033e+00  8.503033e+00  3.018720e-01  4.300000e-05  3.052966e-01  6.025008e-01  6.025008e-01  9.748074e-03  2.450296e+00  5.018934e+05  1.120097e+01  2.317307e+57  1.590365e+50  -1.563124e-05  -7.618566e+101  -1.000000e+00  -1.000000e+00  1.000000e+00
2.592900e+00  4.351050e+03  7.838430e+02  3.429500e+03  2.592900e+00  1.738040e+00  1.737976e+00  6.400000e-05  8.386565e+00  8.386565e+00  2.856260e-01  3.700000e-05  3.060958e-01  6.057998e-01  6.057998e-01  9.298410e-03  2.306933e+00  5.029212e+05  9.487811e+00  2.276603e+57  1.347176e+50  -2.282518e-05  -6.103278e+101  -1.000000e+00  -1.000000e+00  1.000000e+00
2.592900e+00  4.808596e+03  7.838430e+02  3.887040e+03  2.592900e+00  1.717563e+00  1.717509e+00  5.400000e-05  8.276216e+00  8.276216e+00  2.700470e-01  3.200000e-05  3.065226e-01  6.075699e-01  6.075699e-01  8.918772e-03  2.197368e+00  5.037176e+05  8.018222e+00  2.236832e+57  1.138544e+50  -3.291402e-05  -4.438234e+101  -1.000000e+00  -1.000000e+00  1.000000e+00
2.592900e+00  5.327181e+03  7.838430e+02  4.405622e+03  2.592900e+00  1.696374e+00  1.696328e+00  4.600000e-05  8.172141e+00  8.172141e+00  2.551410e-01  2.700000e-05  3.065965e-01  6.078773e-01  6.078773e-01  8.600324e-03  2.116297e+00  5.042774e+05  6.762138e+00  2.198183e+57  9.602125e+49  -3.186343e-04  -3.417584e+101  -1.000000e+00  -1.000000e+00  1.000000e+00
2.592900e+00  5.914947e+03  7.838430e+02  4.993389e+03  2.592900e+00  1.674673e+00  1.674634e+00  3.800000e-05  8.074265e+00  8.074265e+00  2.409040e-01  2.300000e-05  3.063435e-01  6.068263e-01  6.068263e-01  8.336871e-03  2.060006e+00  5.035824e+05  5.692009e+00  2.154992e+57  8.082833e+49  2.801893e-05  -2.660407e+101  1.000000e+00  -1.000000e+00  1.000000e+00
2.592900e+00  6.581126e+03  7.838430e+02  5.659571e+03  2.592900e+00  1.652686e+00  1.652654e+00  3.200000e-05  7.982869e+00  7.982869e+00  2.273340e-01  2.000000e-05  3.057828e-01  6.045054e-01  6.045054e-01  8.122448e-03  2.025478e+00  5.026607e+05  4.783165e+00  2.113205e+57  6.792388e+49  2.181082e-05  -1.905325e+101  1.000000e+00  -1.000000e+00  1.000000e+00
2.592900e+00  7.336183e+03  7.838430e+02  6.414631e+03  2.592900e+00  1.630603e+00  1.630576e+00  2.700000e-05  7.897962e+00  7.897962e+00  2.144170e-01  1.700000e-05  3.049404e-01  6.010368e-01  6.010368e-01  7.950920e-03  2.010227e+00  5.015178e+05  4.013240e+00  2.072954e+57  5.699224e+49  1.791923e-05  -1.356346e+101  1.000000e+00  -1.000000e+00  1.000000e+00
2.592900e+00  8.191984e+03  7.838430e+02  7.270426e+03  2.592900e+00  1.608634e+00  1.608611e+00  2.300000e-05  7.819671e+00  7.819671e+00  2.021430e-01  1.400000e-05  3.038438e-01  5.965552e-01  5.965552e-01  7.818139e-03  2.012612e+00  5.001690e+05  3.362659e+00  2.034346e+57  4.775443e+49  1.367645e-05  -1.013922e+101  1.000000e+00  -1.000000e+00  1.000000e+00
2.592900e+00  9.161955e+03  7.838430e+02  8.240395e+03  2.592900e+00  1.586944e+00  1.586925e+00  1.900000e-05  7.748064e+00  7.748064e+00  1.904940e-01  1.200000e-05  3.025171e-01  5.911836e-01  5.911836e-01  7.720702e-03  2.031500e+00  4.977730e+05  2.814140e+00  1.992640e+57  3.996499e+49  8.771318e-06  -7.633343e+100  1.000000e+00  -1.000000e+00  1.000000e+00
2.592900e+00  1.026133e+04  7.838430e+02  9.339770e+03  2.592900e+00  1.565713e+00  1.565697e+00  1.600000e-05  7.683296e+00  7.683296e+00  1.794490e-01  1.000000e-05  3.009860e-01  5.850508e-01  5.850508e-01  7.654856e-03  2.065956e+00  4.952697e+05  2.352452e+00  1.953150e+57  3.340923e+49  8.222372e-06  -5.321444e+100  1.000000e+00  -1.000000e+00  1.000000e+00
2.592900e+00  1.150737e+04  7.838430e+02  1.058582e+04  2.592900e+00  1.545092e+00  1.545079e+00  1.300000e-05  7.625365e+00  7.625365e+00  1.689900e-01  9.000000e-06  2.992784e-01  5.782943e-01  5.782943e-01  7.613978e-03  2.114122e+00  4.926783e+05  1.964611e+00  1.915928e+57  2.790161e+49  7.018277e-06  -3.888174e+100  1.000000e+00  -1.000000e+00  1.000000e+00
2.592900e+00  1.291966e+04  7.838430e+02  1.199810e+04  2.592900e+00  1.525217e+00  1.525206e+00  1.100000e-05  7.574157e+00  7.574157e+00  1.590950e-01  7.000000e-06  2.974261e-01  5.710617e-01  5.710617e-01  7.598234e-03  2.176348e+00  4.892356e+05  1.639280e+00  1.876545e+57  2.328156e+49  5.656068e-06  -2.865710e+100  1.000000e+00  -1.000000e+00  1.000000e+00
2.592900e+00  1.452036e+04  7.838430e+02  1.359880e+04  2.592900e+00  1.506226e+00  1.506217e+00  9.000000e-06  7.529830e+00  7.529830e+00  1.497400e-01  6.000000e-06  2.954518e-01  5.634613e-01  5.634613e-01  7.601098e-03  2.250893e+00  4.858079e+05  1.366764e+00  1.839843e+57  1.941143e+49  6.228957e-06  -1.860722e+100  1.000000e+00  -1.000000e+00  1.000000e+00
2.592900e+00  1.633462e+04  7.838430e+02  1.541306e+04  2.592900e+00  1.488223e+00  1.488215e+00  8.000000e-06  7.492197e+00  7.492197e+00  1.409030e-01  5.000000e-06  2.933867e-01  5.556283e-01  5.556283e-01  7.620739e-03  2.337235e+00  4.831464e+05  1.138765e+00  1.809957e+57  1.617345e+49  5.997767e-06  -1.241959e+100  1.000000e+00  -1.000000e+00  1.000000e+00
2.592900e+00  1.839092e+04  7.838430e+02  1.746936e+04  2.592900e+00  1.471310e+00  1.471304e+00  6.000000e-06  7.461144e+00  7.461144e+00  1.325600e-01  4.000000e-06  2.912597e-01  5.476824e-01  5.476824e-01  7.653458e-03  2.434287e+00  4.797843e+05  9.482172e-01  1.778404e+57  1.346730e+49  4.911802e-06  -9.054172e+99  1.000000e+00  -1.000000e+00  1.000000e+00
2.592900e+00  2.071233e+04  7.838430e+02  1.979078e+04  2.592900e+00  1.455629e+00  1.455623e+00  5.000000e-06  7.436602e+00  7.436602e+00  1.247170e-01  4.000000e-06  2.891064e-01  5.397608e-01  5.397608e-01  7.693787e-03  2.539559e+00  4.765153e+05  7.896757e-01  1.749636e+57  1.121553e+49  4.796709e-06  -6.695706e+99  1.000000e+00  -1.000000e+00  1.000000e+00
3.562200e+00  1.030404e+02  7.974153e+02  1.000000e+00  3.562200e+00  7.266300e-02  6.535600e-02  7.306000e-03  3.843612e+01  3.843612e+01  1.378130e+00  1.005530e-01  2.792242e-03  2.803992e-03  2.803992e-03  1.449464e-02  5.693168e+10  9.733114e+03  1.087059e+03  7.932788e+55  1.766628e+52  6.905602e-06  -6.506471e+104  1.000000e+00  -1.000000e+00  0.000000e+00
3.562200e+00  1.076573e+02  7.974153e+02  1.133400e+00  3.562200e+00  6.900200e-02  6.174300e-02  7.259000e-03  3.141380e+01  3.141380e+01  1.375107e+00  1.052030e-01  3.244316e-03  3.260190e-03  3.260190e-03  1.048731e-02  1.945171e+10  9.210063e+03  1.080025e+03  7.546450e+55  1.756187e+52  5.708440e-06  -1.965590e+104  1.000000e+00  -1.000000e+00  0.000000e+00
3.562200e+00  1.131115e+02  7.974153e+02  1.284600e+00  3.562200e+00  7.066800e-02  6.346800e-02  7.200000e-03  2.599683e+01  2.599683e+01  1.371352e+00  1.018800e-01  4.014994e-03  4.039337e-03  4.039337e-03  8.597841e-03  5.493821e+09  9.483161e+03  1.071167e+03  7.808866e+55  1.741340e+52  6.366463e-06  5.809196e+104  1.000000e+00  1.000000e+00  0.000000e+00
3.562200e+00  1.191072e+02  7.974153e+02  1.456000e+00  3.562200e+00  7.583200e-02  6.870400e-02  7.128000e-03  2.207880e+01  2.207880e+01  1.366810e+00  9.399800e-02  5.072898e-03  5.111829e-03  5.111830e-03  8.460511e-03  1.678870e+09  1.028222e+04  1.060508e+03  8.503183e+55  1.723575e+52  6.557579e-06  1.035514e+105  1.000000e+00  1.000000e+00  0.000000e+00
3.562200e+00  1.250167e+02  7.974153e+02  1.650300e+00  3.562200e+00  8.344800e-02  7.640000e-02  7.048000e-03  1.928477e+01  1.928477e+01  1.361662e+00  8.446100e-02  6.391175e-03  6.453105e-03  6.453106e-03  9.882567e-03  6.178450e+08  1.145337e+04  1.048587e+03  9.504532e+55  1.704398e+52  6.567253e-06  1.293302e+105  1.000000e+00  1.000000e+00  0.000000e+00
3.562200e+00  1.316026e+02  7.974153e+02  1.870400e+00  3.562200e+00  9.310800e-02  8.614300e-02  6.965000e-03  1.727049e+01  1.727049e+01  1.356310e+00  7.480900e-02  7.962807e-03  8.059196e-03  8.059197e-03  1.284351e-02  2.674580e+08  1.293749e+04  1.036286e+03  1.076139e+56  1.684566e+52  6.557265e-06  1.529140e+105  1.000000e+00  1.000000e+00  0.000000e+00
3.562200e+00  1.379494e+02  7.974153e+02  2.120000e+00  3.562200e+00  1.047370e-01  9.785600e-02  6.881000e-03  1.579924e+01  1.579924e+01  1.350785e+00  6.569500e-02  9.791383e-03  9.937578e-03  9.937578e-03  1.738029e-02  1.287485e+08  1.472560e+04  1.023689e+03  1.225943e+56  1.664302e+52  6.540588e-06  1.402602e+105  1.000000e+00  1.000000e+00  0.000000e+00
3.562200e+00  1.527256e+02  7.974153e+02  2.402800e+00  3.562200e+00  1.178590e-01  1.111150e-01  6.744000e-03  1.475575e+01  1.475575e+01  1.341836e+00  5.722100e-02  1.179728e-02  1.201023e-02  1.201023e-02  2.327145e-02  6.789238e+07  1.675519e+04  1.003329e+03  1.393799e+56  1.629589e+52  6.519935e-06  2.157134e+105  1.000000e+00  1.000000e+00  0.000000e+00
3.562200e+00  1.576382e+02  7.974153e+02  2.723400e+00  3.562200e+00  1.325450e-01  1.259080e-01  6.637000e-03  1.398207e+01  1.398207e+01  1.334646e+00  5.007400e-02  1.400144e-02  1.430253e-02  1.430254e-02  3.037590e-02  3.763321e+07  1.902781e+04  9.874384e+02  1.579181e+56  1.605642e+52  6.495402e-06  2.684992e+105  1.000000e+00  1.000000e+00  0.000000e+00
3.562200e+00  1.627167e+02  7.974153e+02  3.086700e+00  3.562200e+00  1.490120e-01  1.424470e-01  6.565000e-03  1.339372e+01  1.339372e+01  1.329761e+00  4.405700e-02  1.643241e-02  1.684887e-02  1.684887e-02  3.856522e-02  2.145855e+07  2.157914e+04  9.767245e+02  1.784731e+56  1.589073e+52  6.467329e-06  2.860732e+105  1.000000e+00  1.000000e+00  0.000000e+00
3.562200e+00  1.679681e+02  7.974153e+02  3.498500e+00  3.562200e+00  1.672820e-01  1.607850e-01  6.497000e-03  1.294148e+01  1.294148e+01  1.325144e+00  3.883900e-02  1.909182e-02  1.965656e-02  1.965656e-02  4.754238e-02  1.249544e+07  2.442123e+04  9.665939e+02  2.011303e+56  1.572742e+52  6.435393e-06  3.021540e+105  1.000000e+00  1.000000e+00  0.000000e+00
3.562200e+00  1.734000e+02  7.974153e+02  3.965200e+00  3.562200e+00  1.874730e-01  1.810460e-01  6.427000e-03  1.258654e+01  1.258654e+01  1.320357e+00  3.428100e-02  2.199952e-02  2.275317e-02  2.275317e-02  5.699233e-02  7.373201e+06  2.757781e+04  9.561593e+02  2.260668e+56  1.555895e+52  6.400426e-06  3.213673e+105  1.000000e+00  1.000000e+00  0.000000e+00
3.562200e+00  1.790190e+02  7.974153e+02  4.494300e+00  3.562200e+00  2.101270e-01  2.037720e-01  6.354000e-03  1.230324e+01  1.230324e+01  1.315363e+00  3.024100e-02  2.522569e-02  2.622218e-02  2.622218e-02  6.681018e-02  4.360472e+06  3.113876e+04  9.453628e+02  2.539902e+56  1.538484e+52  6.362595e-06  3.477004e+105  1.000000e+00  1.000000e+00  0.000000e+00
3.562200e+00  1.848335e+02  7.974153e+02  5.093900e+00  3.562200e+00  2.359470e-01  2.296680e-01  6.280000e-03  1.208135e+01  1.208135e+01  1.310172e+00  2.661400e-02  2.884572e-02  3.015704e-02  3.015704e-02  7.697717e-02  2.569593e+06  3.522171e+04  9.342185e+02  2.858274e+56  1.520485e+52  6.321567e-06  3.801171e+105  1.000000e+00  1.000000e+00  0.000000e+00
3.562200e+00  1.908524e+02  7.974153e+02  5.773400e+00  3.562200e+00  2.654690e-01  2.592670e-01  6.202000e-03  1.191697e+01  1.191697e+01  1.304757e+00  2.336300e-02  3.290261e-02  3.462099e-02  3.462099e-02  8.735578e-02  1.510255e+06  3.992019e+04  9.226866e+02  3.222996e+56  1.501851e+52  6.276924e-06  4.152534e+105  1.000000e+00  1.000000e+00  0.000000e+00
3.562200e+00  1.970844e+02  7.974153e+02  6.543700e+00  3.562200e+00  2.990540e-01  2.929330e-01  6.122000e-03  1.180578e+01  1.180578e+01  1.299103e+00  2.047100e-02  3.741428e-02  3.965415e-02  3.965415e-02  9.768629e-02  8.882938e+05  4.530414e+04  9.107449e+02  3.639267e+56  1.482543e+52  6.227532e-06  4.507184e+105  1.000000e+00  1.000000e+00  0.000000e+00
3.562200e+00  2.035396e+02  7.974153e+02  7.416700e+00  3.562200e+00  3.369680e-01  3.309290e-01  6.039000e-03  1.174195e+01  1.174195e+01  1.293191e+00  1.792100e-02  4.238675e-02  4.528737e-02  4.528737e-02  1.076530e-01  5.245451e+05  5.143175e+04  8.983668e+02  4.111236e+56  1.462516e+52  6.173077e-06  4.853314e+105  1.000000e+00  1.000000e+00  0.000000e+00
3.562200e+00  2.102287e+02  7.974153e+02  8.406200e+00  3.562200e+00  3.794230e-01  3.734710e-01  5.952000e-03  1.171895e+01  1.171895e+01  1.286994e+00  1.568800e-02  4.782082e-02  5.154949e-02  5.154950e-02  1.169269e-01  3.117013e+05  5.835597e+04  8.855148e+02  4.642477e+56  1.441721e+52  6.113793e-06  5.182469e+105  1.000000e+00  1.000000e+00  0.000000e+00
3.562200e+00  2.171631e+02  7.974153e+02  9.527700e+00  3.562200e+00  4.266000e-01  4.207370e-01  5.863000e-03  1.173025e+01  1.173025e+01  1.280495e+00  1.374300e-02  5.371494e-02  5.847067e-02  5.847067e-02  1.252127e-01  1.866721e+05  6.612708e+04  8.721647e+02  5.236145e+56  1.420110e+52  6.048868e-06  5.489737e+105  1.000000e+00  1.000000e+00  0.000000e+00
3.562200e+00  2.243537e+02  7.974153e+02  1.079880e+01  3.562200e+00  4.786460e-01  4.728760e-01  5.770000e-03  1.174829e+01  1.174829e+01  1.273675e+00  1.205400e-02  6.017570e-02  6.621648e-02  6.621648e-02  1.334604e-01  1.127600e+05  7.479683e+04  8.582956e+02  5.895416e+56  1.397639e+52  5.977595e-06  5.772728e+105  1.000000e+00  1.000000e+00  0.000000e+00
3.562200e+00  2.318138e+02  7.974153e+02  1.223950e+01  3.562200e+00  5.356800e-01  5.300080e-01  5.673000e-03  1.178125e+01  1.178125e+01  1.266488e+00  1.059000e-02  6.715772e-02  7.478145e-02  7.478146e-02  1.408557e-01  6.873885e+04  8.441537e+04  8.438476e+02  6.623231e+56  1.374244e+52  5.900837e-06  6.024626e+105  1.000000e+00  1.000000e+00  0.000000e+00
3.562200e+00  2.395612e+02  7.974153e+02  1.387240e+01  3.562200e+00  5.977840e-01  5.922120e-01  5.572000e-03  1.183810e+01  1.183810e+01  1.258925e+00  9.321000e-03  7.458367e-02  8.412141e-02  8.412142e-02  1.464375e-01  4.230009e+04  9.502972e+04  8.288125e+02  7.421973e+56  1.349878e+52  5.818212e-06  6.241812e+105  1.000000e+00  1.000000e+00  0.000000e+00
3.562200e+00  2.476067e+02  7.974153e+02  1.572320e+01  3.562200e+00  6.649880e-01  6.595220e-01  5.467000e-03  1.191394e+01  1.191394e+01  1.250959e+00  8.220000e-03  8.244042e-02  9.427324e-02  9.427324e-02  1.501032e-01  2.627834e+04  1.066862e+05  8.131643e+02  8.293708e+56  1.324495e+52  5.729531e-06  6.421871e+105  1.000000e+00  1.000000e+00  0.000000e+00
3.562200e+00  2.559695e+02  7.974153e+02  1.782080e+01  3.562200e+00  7.372700e-01  7.319130e-01  5.357000e-03  1.200411e+01  1.200411e+01  1.242529e+00  7.266000e-03  9.071484e-02  1.052792e-01  1.052792e-01  1.518783e-01  1.648216e+04  1.194241e+05  7.968303e+02  9.239970e+56  1.298027e+52  5.633259e-06  6.561315e+105  1.000000e+00  1.000000e+00  0.000000e+00
3.562200e+00  2.646662e+02  7.974153e+02  2.019840e+01  3.562200e+00  8.145390e-01  8.092960e-01  5.243000e-03  1.210470e+01  1.210470e+01  1.233631e+00  6.436000e-03  9.938924e-02  1.171814e-01  1.171814e-01  1.518225e-01  1.043634e+04  1.332876e+05  7.798195e+02  1.026228e+57  1.270436e+52  5.530446e-06  6.652392e+105  1.000000e+00  1.000000e+00  0.000000e+00
3.562200e+00  2.737197e+02  7.974153e+02  2.289310e+01  3.562200e+00  8.966340e-01  8.915100e-01  5.124000e-03  1.221208e+01  1.221208e+01  1.224216e+00  5.714000e-03  1.084444e-01  1.300255e-01  1.300255e-01  1.500958e-01  6.671726e+03  1.482960e+05  7.620866e+02  1.135976e+57  1.241665e+52  5.422897e-06  6.691118e+105  1.000000e+00  1.000000e+00  0.000000e+00
3.562200e+00  2.831505e+02  7.974153e+02  2.594730e+01  3.562200e+00  9.833090e-01  9.783100e-01  5.000000e-03  1.232293e+01  1.232293e+01  1.214256e+00  5.084000e-03  1.178577e-01  1.438588e-01  1.438588e-01  1.468784e-01  4.306022e+03  1.644694e+05  7.436161e+02  1.253159e+57  1.211677e+52  5.306372e-06  6.680975e+105  1.000000e+00  1.000000e+00  0.000000e+00
3.562200e+00  2.929826e+02  7.974153e+02  2.940900e+01  3.562200e+00  1.074238e+00  1.069367e+00  4.870000e-03  1.243472e+01  1.243472e+01  1.203688e+00  4.534000e-03  1.275987e-01  1.587224e-01  1.587224e-01  1.423570e-01  2.805824e+03  1.818311e+05  7.243541e+02  1.377706e+57  1.180423e+52  5.183107e-06  6.614951e+105  1.000000e+00  1.000000e+00  0.000000e+00
3.562200e+00  3.032418e+02  7.974153e+02  3.333260e+01  3.562200e+00  1.169002e+00  1.164266e+00  4.736000e-03  1.254544e+01  1.254544e+01  1.192495e+00  4.051000e-03  1.376293e-01  1.746500e-01  1.746500e-01  1.367235e-01  1.845850e+03  2.003633e+05  7.043116e+02  1.509128e+57  1.147882e+52  5.054717e-06  6.490709e+105  1.000000e+00  1.000000e+00  0.000000e+00
3.562200e+00  3.139580e+02  7.974153e+02  3.777960e+01  3.562200e+00  1.267098e+00  1.262502e+00  4.596000e-03  1.265303e+01  1.265303e+01  1.180626e+00  3.627000e-03  1.479099e-01  1.916757e-01  1.916757e-01  1.301973e-01  1.226095e+03  2.200568e+05  6.834669e+02  1.647046e+57  1.114031e+52  4.918127e-06  6.313716e+105  1.000000e+00  1.000000e+00  0.000000e+00
3.562200e+00  3.251628e+02  7.974153e+02  4.281980e+01  3.562200e+00  1.367937e+00  1.363486e+00  4.451000e-03  1.275572e+01  1.275572e+01  1.168042e+00  3.253000e-03  1.583954e-01  2.098267e-01  2.098267e-01  1.229903e-01  8.223716e+02  2.408875e+05  6.618183e+02  1.790945e+57  1.078865e+52  4.773906e-06  6.084342e+105  1.000000e+00  1.000000e+00  0.000000e+00
3.562200e+00  3.368911e+02  7.974153e+02  4.853260e+01  3.562200e+00  1.470853e+00  1.466553e+00  4.300000e-03  1.285190e+01  1.285190e+01  1.154699e+00  2.923000e-03  1.690377e-01  2.291242e-01  2.291242e-01  1.153217e-01  5.570617e+02  2.628159e+05  6.393692e+02  1.940072e+57  1.042390e+52  4.624527e-06  5.801105e+105  1.000000e+00  1.000000e+00  0.000000e+00
3.562200e+00  3.491847e+02  7.974153e+02  5.500740e+01  3.562200e+00  1.575113e+00  1.570970e+00  4.144000e-03  1.294024e+01  1.294024e+01  1.140565e+00  2.631000e-03  1.797840e-01  2.495784e-01  2.495784e-01  1.073694e-01  3.810981e+02  2.857660e+05  6.161439e+02  2.093461e+57  1.004635e+52  4.468857e-06  5.473754e+105  1.000000e+00  1.000000e+00  0.000000e+00
3.562200e+00  3.620840e+02  7.974153e+02  6.234610e+01  3.562200e+00  1.679932e+00  1.675949e+00  3.983000e-03  1.301979e+01  1.301979e+01  1.125590e+00  2.371000e-03  1.905766e-01  2.711839e-01  2.711839e-01  9.931596e-02  2.633789e+02  3.096837e+05  5.921595e+02  2.250300e+57  9.656443e+51  4.304907e-06  5.111027e+105  1.000000e+00  1.000000e+00  0.000000e+00
3.562200e+00  3.756397e+02  7.974153e+02  7.066390e+01  3.562200e+00  1.784487e+00  1.780670e+00  3.817000e-03  1.308943e+01  1.308943e+01  1.109733e+00  2.139000e-03  2.013604e-01  2.939316e-01  2.939316e-01  9.131799e-02  1.839054e+02  3.344849e+05  5.674545e+02  2.409502e+57  9.254872e+51  4.136728e-06  4.714645e+105  1.000000e+00  1.000000e+00  0.000000e+00
3.562200e+00  3.899028e+02  7.974153e+02  8.009140e+01  3.562200e+00  1.887937e+00  1.884290e+00  3.647000e-03  1.314828e+01  1.314828e+01  1.092983e+00  1.932000e-03  2.120802e-01  3.177993e-01  3.177993e-01  8.350523e-02  1.297539e+02  3.600474e+05  5.421097e+02  2.569720e+57  8.842677e+51  3.961335e-06  4.298593e+105  1.000000e+00  1.000000e+00  0.000000e+00
3.562200e+00  4.049358e+02  7.974153e+02  9.077660e+01  3.562200e+00  1.989446e+00  1.985973e+00  3.473000e-03  1.319574e+01  1.319574e+01  1.075303e+00  1.746000e-03  2.226794e-01  3.427462e-01  3.427462e-01  7.599478e-02  9.253243e+01  3.863081e+05  5.161896e+02  2.730029e+57  8.421019e+51  3.779957e-06  3.869119e+105  1.000000e+00  1.000000e+00  0.000000e+00
3.562200e+00  4.208056e+02  7.974153e+02  1.028874e+02  3.562200e+00  2.088198e+00  2.084902e+00  3.295000e-03  1.323118e+01  1.323118e+01  1.056683e+00  1.578000e-03  2.331066e-01  3.687246e-01  3.687246e-01  6.885088e-02  6.668767e+01  4.131048e+05  4.897966e+02  2.888811e+57  7.991466e+51  3.596977e-06  3.432994e+105  1.000000e+00  1.000000e+00  0.000000e+00
3.562200e+00  4.375827e+02  7.974153e+02  1.166139e+02  3.562200e+00  2.183419e+00  2.180303e+00  3.116000e-03  1.325443e+01  1.325443e+01  1.037091e+00  1.427000e-03  2.433087e-01  3.956592e-01  3.956592e-01  6.215170e-02  4.859323e+01  4.403088e+05  4.630200e+02  3.044723e+57  7.555745e+51  3.223782e-06  3.045292e+105  1.000000e+00  1.000000e+00  0.000000e+00
3.562200e+00  1.053723e+03  7.974153e+02  1.321717e+02  3.562200e+00  2.208643e+00  2.206802e+00  1.840000e-03  1.323535e+01  1.323535e+01  8.700970e-01  8.330000e-04  2.464743e-01  4.043458e-01  4.043458e-01  5.991841e-02  4.391490e+01  4.485286e+05  2.735530e+02  3.087750e+57  4.468632e+51  1.022541e-05  -5.502667e+104  1.000000e+00  -1.000000e+00  1.000000e+00
3.562200e+00  1.071356e+03  7.974153e+02  1.498051e+02  3.562200e+00  2.179271e+00  2.177514e+00  1.757000e-03  1.313853e+01  1.313853e+01  8.567430e-01  8.060000e-04  2.449887e-01  4.002491e-01  4.002491e-01  5.956883e-02  4.499870e+01  4.422041e+05  2.611267e+02  3.038936e+57  4.265941e+51  4.789486e-06  -5.718817e+104  1.000000e+00  -1.000000e+00  1.000000e+00
3.562200e+00  1.091342e+03  7.974153e+02  1.697911e+02  3.562200e+00  2.141260e+00  2.139591e+00  1.670000e-03  1.299645e+01  1.299645e+01  8.423210e-01  7.800000e-04  2.433473e-01  3.957642e-01  3.957642e-01  5.860260e-02  4.578211e+01  4.345778e+05  2.481386e+02  2.976037e+57  4.054099e+51  5.187154e-06  -5.658075e+104  1.000000e+00  -1.000000e+00  1.000000e+00
3.562200e+00  1.113993e+03  7.974153e+02  1.924434e+02  3.562200e+00  2.100426e+00  2.098847e+00  1.579000e-03  1.281973e+01  1.281973e+01  8.268270e-01  7.520000e-04  2.419972e-01  3.921075e-01  3.921075e-01  5.695633e-02  4.575086e+01  4.270246e+05  2.346728e+02  2.908357e+57  3.834415e+51  5.760970e-06  -4.888685e+104  1.000000e+00  -1.000000e+00  1.000000e+00
3.562200e+00  1.139669e+03  7.974153e+02  2.181178e+02  3.562200e+00  2.059760e+00  2.058274e+00  1.486000e-03  1.261516e+01  1.261516e+01  8.102620e-01  7.220000e-04  2.411601e-01  3.898547e-01  3.898547e-01  5.467413e-02  4.468494e+01  4.203533e+05  2.208261e+02  2.841457e+57  3.608455e+51  6.453695e-06  -3.976747e+104  1.000000e+00  -1.000000e+00  1.000000e+00
3.562200e+00  1.168770e+03  7.974153e+02  2.472176e+02  3.562200e+00  2.021408e+00  2.020017e+00  1.391000e-03  1.238894e+01  1.238894e+01  7.926330e-01  6.880000e-04  2.409913e-01  3.894016e-01  3.894016e-01  5.185148e-02  4.252715e+01  4.147007e+05  2.067028e+02  2.776802e+57  3.378001e+51  8.720328e-06  -3.016979e+104  1.000000e+00  -1.000000e+00  1.000000e+00
3.562200e+00  1.201752e+03  7.974153e+02  2.801996e+02  3.562200e+00  1.986923e+00  1.985628e+00  1.295000e-03  1.214716e+01  1.214716e+01  7.739850e-01  6.520000e-04  2.415950e-01  3.910239e-01  3.910239e-01  4.860785e-02  3.937094e+01  4.112380e+05  1.924323e+02  2.721741e+57  3.145073e+51  1.187306e-05  -2.167945e+104  1.000000e+00  -1.000000e+00  1.000000e+00
3.562200e+00  1.239133e+03  7.974153e+02  3.175819e+02  3.562200e+00  1.957306e+00  1.956107e+00  1.199000e-03  1.189582e+01  1.189582e+01  7.543570e-01  6.130000e-04  2.430223e-01  3.948814e-01  3.948814e-01  4.510597e-02  3.547417e+01  4.089984e+05  1.781409e+02  2.671459e+57  2.911793e+51  -2.086434e-04  -1.524801e+104  -1.000000e+00  -1.000000e+00  1.000000e+00
3.562200e+00  1.281502e+03  7.974153e+02  3.599514e+02  3.562200e+00  1.933008e+00  1.931904e+00  1.104000e-03  1.164054e+01  1.164054e+01  7.338230e-01  5.710000e-04  2.452686e-01  4.010181e-01  4.010181e-01  4.148678e-02  3.116114e+01  4.091362e+05  1.639670e+02  2.632614e+57  2.680373e+51  -1.771276e-04  -1.018763e+104  -1.000000e+00  -1.000000e+00  1.000000e+00
3.562200e+00  1.329526e+03  7.974153e+02  4.079736e+02  3.562200e+00  1.913968e+00  1.912957e+00  1.010000e-03  1.138635e+01  1.138635e+01  7.124600e-01  5.280000e-04  2.482743e-01  4.093578e-01  4.093578e-01  3.788620e-02  2.677493e+01  4.101621e+05  1.500424e+02  2.597139e+57  2.452994e+51  -1.542609e-05  -6.728737e+103  -1.000000e+00  -1.000000e+00  1.000000e+00
3.562200e+00  1.383956e+03  7.974153e+02  4.624025e+02  3.562200e+00  1.899702e+00  1.898783e+00  9.190000e-04  1.113714e+01  1.113714e+01  6.903670e-01  4.840000e-04  2.519378e-01  4.197266e-01  4.197266e-01  3.441723e-02  2.260560e+01  4.135025e+05  1.364967e+02  2.573170e+57  2.231758e+51  -3.419473e-06  -3.800086e+103  -1.000000e+00  -1.000000e+00  1.000000e+00
3.562200e+00  1.445646e+03  7.974153e+02  5.240930e+02  3.562200e+00  1.889437e+00  1.888606e+00  8.320000e-04  1.089591e+01  1.089591e+01  6.676550e-01  4.400000e-04  2.561241e-01  4.318601e-01  4.318601e-01  3.115696e-02  1.884547e+01  4.181756e+05  1.234487e+02  2.555317e+57  2.018598e+51  -1.740265e-06  -1.923128e+103  -1.000000e+00  -1.000000e+00  1.000000e+00
3.562200e+00  1.515564e+03  7.974153e+02  5.940138e+02  3.562200e+00  1.882216e+00  1.881468e+00  7.480000e-04  1.066444e+01  1.066444e+01  6.444310e-01  3.970000e-04  2.606832e-01  4.454345e-01  4.454345e-01  2.815279e-02  1.559079e+01  4.249286e+05  1.109974e+02  2.547761e+57  1.815196e+51  -9.281816e-07  -1.009718e+103  -1.000000e+00  -1.000000e+00  1.000000e+00
3.562200e+00  1.594815e+03  7.974153e+02  6.732629e+02  3.562200e+00  1.877038e+00  1.876370e+00  6.690000e-04  1.044373e+01  1.044373e+01  6.208370e-01  3.560000e-04  2.654599e-01  4.600795e-01  4.600795e-01  2.542324e-02  1.285701e+01  4.315042e+05  9.923520e+01  2.537595e+57  1.622981e+51  -6.864086e-07  -8.724311e+102  -1.000000e+00  -1.000000e+00  1.000000e+00
3.562200e+00  1.684639e+03  7.974153e+02  7.630849e+02  3.562200e+00  1.872956e+00  1.872362e+00  5.940000e-04  1.023421e+01  1.023421e+01  5.969890e-01  3.170000e-04  2.703056e-01  4.754000e-01  4.754000e-01  2.297917e-02  1.061535e+01  4.386047e+05  8.822356e+01  2.529011e+57  1.443027e+51  -5.506209e-07  -5.902230e+102  -1.000000e+00  -1.000000e+00  1.000000e+00
3.562200e+00  1.786445e+03  7.974153e+02  8.648903e+02  3.562200e+00  1.869119e+00  1.868594e+00  5.260000e-04  1.003514e+01  1.003514e+01  5.730200e-01  2.810000e-04  2.751030e-01  4.910533e-01  4.910533e-01  2.080242e-02  8.801284e+00  4.459279e+05  7.801029e+01  2.520367e+57  1.276096e+51  -5.182050e-07  -3.456785e+102  -1.000000e+00  -1.000000e+00  1.000000e+00
3.562200e+00  1.901831e+03  7.974153e+02  9.802778e+02  3.562200e+00  1.864821e+00  1.864359e+00  4.630000e-04  9.846424e+00  9.846424e+00  5.490640e-01  2.480000e-04  2.797308e-01  5.066353e-01  5.066353e-01  1.887873e-02  7.348181e+00  4.543518e+05  6.862224e+01  2.516693e+57  1.122613e+51  -6.436581e-07  -3.143913e+102  -1.000000e+00  -1.000000e+00  1.000000e+00
3.562200e+00  2.032610e+03  7.974153e+02  1.111060e+03  3.562200e+00  1.859527e+00  1.859122e+00  4.050000e-04  9.667236e+00  9.667236e+00  5.252320e-01  2.180000e-04  2.841069e-01  5.218283e-01  5.218283e-01  1.721635e-02  6.200628e+00  4.613775e+05  6.006339e+01  2.504183e+57  9.826838e+50  -8.137074e-07  -3.671948e+102  -1.000000e+00  -1.000000e+00  1.000000e+00
3.562200e+00  2.180844e+03  7.974153e+02  1.259289e+03  3.562200e+00  1.852823e+00  1.852470e+00  3.530000e-04  9.496714e+00  9.496714e+00  5.016450e-01  1.900000e-04  2.881656e-01  5.363380e-01  5.363380e-01  1.576505e-02  5.289296e+00  4.690198e+05  5.232489e+01  2.494364e+57  8.561416e+50  -1.052201e-06  -2.935499e+102  -1.000000e+00  -1.000000e+00  1.000000e+00
3.562200e+00  2.348852e+03  7.974153e+02  1.427295e+03  3.562200e+00  1.844455e+00  1.844149e+00  3.060000e-04  9.334228e+00  9.334228e+00  4.784070e-01  1.660000e-04  2.918578e-01  5.499046e-01  5.499046e-01  1.449742e-02  4.563985e+00  4.759428e+05  4.538087e+01  2.480104e+57  7.425769e+50  -1.459941e-06  -3.148625e+102  -1.000000e+00  -1.000000e+00  1.000000e+00
3.562200e+00  2.539271e+03  7.974153e+02  1.617714e+03  3.562200e+00  1.834293e+00  1.834029e+00  2.640000e-04  9.179236e+00  9.179236e+00  4.556120e-01  1.440000e-04  2.951508e-01  5.623122e-01  5.623122e-01  1.339424e-02  3.986668e+00  4.820021e+05  3.919496e+01  2.460869e+57  6.413918e+50  -2.073047e-06  -3.175915e+102  -1.000000e+00  -1.000000e+00  1.000000e+00
3.562200e+00  2.755091e+03  7.974153e+02  1.833538e+03  3.562200e+00  1.822291e+00  1.822064e+00  2.270000e-04  9.031264e+00  9.031264e+00  4.333350e-01  1.250000e-04  2.980238e-01  5.733845e-01  5.733845e-01  1.243656e-02  3.526543e+00  4.870107e+05  3.371984e+01  2.435973e+57  5.518371e+50  -2.566777e-06  -2.721696e+102  -1.000000e+00  -1.000000e+00  1.000000e+00
3.562200e+00  2.999709e+03  7.974153e+02  2.078156e+03  3.562200e+00  1.808495e+00  1.808300e+00  1.950000e-04  8.889867e+00  8.889867e+00  4.116550e-01  1.080000e-04  3.004717e-01  5.830067e-01  5.830067e-01  1.160751e-02  3.159583e+00  4.920582e+05  2.890561e+01  2.412008e+57  4.730755e+50  -3.502048e-06  -2.240028e+102  -1.000000e+00  -1.000000e+00  1.000000e+00
3.562200e+00  3.276966e+03  7.974153e+02  2.355409e+03  3.562200e+00  1.793009e+00  1.792842e+00  1.670000e-04  8.754879e+00  8.754879e+00  3.906240e-01  9.300000e-05  3.024919e-01  5.910821e-01  5.910821e-01  1.089332e-02  2.867481e+00  4.958591e+05  2.469633e+01  2.381962e+57  4.042042e+50  -5.599798e-06  -2.061251e+102  -1.000000e+00  -1.000000e+00  1.000000e+00
3.562200e+00  3.591209e+03  7.974153e+02  2.669651e+03  3.562200e+00  1.775991e+00  1.775850e+00  1.420000e-04  8.626144e+00  8.626144e+00  3.702860e-01  8.000000e-05  3.040926e-01  5.975687e-01  5.975687e-01  1.027772e-02  2.634954e+00  4.984301e+05  2.103500e+01  2.346379e+57  3.443005e+50  -6.080839e-06  -1.600555e+102  -1.000000e+00  -1.000000e+00  1.000000e+00
3.562200e+00  3.947373e+03  7.974153e+02  3.025817e+03  3.562200e+00  1.757606e+00  1.757485e+00  1.210000e-04  8.503446e+00  8.503446e+00  3.506810e-01  6.900000e-05  3.052869e-01  6.024608e-01  6.024608e-01  9.749338e-03  2.451082e+00  5.018713e+05  1.786675e+01  2.317415e+57  2.924539e+50  -1.575599e-05  -1.220546e+102  -1.000000e+00  -1.000000e+00  1.000000e+00
3.562200e+00  4.351050e+03  7.974153e+02  3.429500e+03  3.562200e+00  1.738077e+00  1.737975e+00  1.020000e-04  8.386980e+00  8.386980e+00  3.318290e-01  5.900000e-05  3.060872e-01  6.057640e-01  6.057640e-01  9.300689e-03  2.307758e+00  5.029080e+05  1.513676e+01  2.276733e+57  2.477791e+50  -2.276609e-05  -1.078871e+102  -1.000000e+00  -1.000000e+00  1.000000e+00
3.562200e+00  4.808596e+03  7.974153e+02  3.887040e+03  3.562200e+00  1.717601e+00  1.717514e+00  8.600000e-05  8.276545e+00  8.276545e+00  3.137480e-01  5.000000e-05  3.065171e-01  6.075471e-01  6.075471e-01  8.921018e-03  2.198125e+00  5.037056e+05  1.279424e+01  2.236938e+57  2.094414e+50  -3.290401e-05  -7.851001e+101  -1.000000e+00  -1.000000e+00  1.000000e+00
3.562200e+00  5.327181e+03  7.974153e+02  4.405622e+03  3.562200e+00  1.696410e+00  1.696337e+00  7.300000e-05  8.172399e+00  8.172399e+00  2.964460e-01  4.300000e-05  3.065934e-01  6.078641e-01  6.078641e-01  8.602253e-03  2.116902e+00  5.042663e+05  1.079163e+01  2.198267e+57  1.766632e+50  -3.200196e-04  -6.047273e+101  -1.000000e+00  -1.000000e+00  1.000000e+00
3.562200e+00  5.914947e+03  7.974153e+02  4.993389e+03  3.562200e+00  1.674705e+00  1.674643e+00  6.100000e-05  8.074480e+00  8.074480e+00  2.799190e-01  3.700000e-05  3.063411e-01  6.068164e-01  6.068164e-01  8.337266e-03  2.060184e+00  5.035724e+05  9.085165e+00  2.155060e+57  1.487315e+50  2.803482e-05  -4.706940e+101  1.000000e+00  -1.000000e+00  1.000000e+00
3.562200e+00  6.581126e+03  7.974153e+02  5.659571e+03  3.562200e+00  1.652716e+00  1.652664e+00  5.200000e-05  7.983029e+00  7.983029e+00  2.641620e-01  3.100000e-05  3.057821e-01  6.045024e-01  6.045024e-01  8.122806e-03  2.025639e+00  5.026512e+05  7.635415e+00  2.113255e+57  1.250013e+50  2.184907e-05  -3.370389e+101  1.000000e+00  -1.000000e+00  1.000000e+00
3.562200e+00  7.336183e+03  7.974153e+02  6.414631e+03  3.562200e+00  1.630638e+00  1.630595e+00  4.300000e-05  7.898126e+00  7.898126e+00  2.491620e-01  2.700000e-05  3.049406e-01  6.010376e-01  6.010376e-01  7.951108e-03  2.010288e+00  5.015146e+05  6.407048e+00  2.073024e+57  1.048952e+50  1.797220e-05  -2.399667e+101  1.000000e+00  -1.000000e+00  1.000000e+00
3.562200e+00  8.191984e+03  7.974153e+02  7.270426e+03  3.562200e+00  1.608662e+00  1.608625e+00  3.600000e-05  7.819803e+00  7.819803e+00  2.349070e-01  2.300000e-05  3.038439e-01  5.965557e-01  5.965557e-01  7.818805e-03  2.012799e+00  5.001651e+05  5.368951e+00  2.034397e+57  8.790161e+49  1.367141e-05  -1.794682e+101  1.000000e+00  -1.000000e+00  1.000000e+00
3.562200e+00  9.161955e+03  7.974153e+02  8.240395e+03  3.562200e+00  1.586971e+00  1.586941e+00  3.000000e-05  7.748190e+00  7.748190e+00  2.213780e-01  1.900000e-05  3.025174e-01  5.911847e-01  5.911847e-01  7.721688e-03  2.031781e+00  4.977717e+05  4.493537e+00  1.992694e+57  7.357001e+49  8.772225e-06  -1.351112e+101  1.000000e+00  -1.000000e+00  1.000000e+00
3.562200e+00  1.026133e+04  7.974153e+02  9.339770e+03  3.562200e+00  1.565733e+00  1.565708e+00  2.500000e-05  7.683360e+00  7.683360e+00  2.085480e-01  1.600000e-05  3.009874e-01  5.850562e-01  5.850562e-01  7.654452e-03  2.065799e+00  4.952656e+05  3.756631e+00  1.953175e+57  6.150668e+49  8.213055e-06  -9.426396e+100  1.000000e+00  -1.000000e+00  1.000000e+00
3.562200e+00  1.150737e+04  7.974153e+02  1.058582e+04  3.562200e+00  1.545103e+00  1.545082e+00  2.100000e-05  7.625348e+00  7.625348e+00  1.963980e-01  1.400000e-05  2.992813e-01  5.783054e-01  5.783054e-01  7.614222e-03  2.114160e+00  4.926697e+05  3.137516e+00  1.915916e+57  5.137076e+49  7.015416e-06  -6.882499e+100  1.000000e+00  -1.000000e+00  1.000000e+00
3.562200e+00  1.291966e+04  7.974153e+02  1.199810e+04  3.562200e+00  1.525239e+00  1.525221e+00  1.800000e-05  7.574242e+00  7.574242e+00  1.849030e-01  1.200000e-05  2.974269e-01  5.710649e-01  5.710649e-01  7.598129e-03  2.176313e+00  4.892370e+05  2.618157e+00  1.876587e+57  4.286742e+49  5.660593e-06  -5.071490e+100  1.000000e+00  -1.000000e+00  1.000000e+00
3.562200e+00  1.452036e+04  7.974153e+02  1.359880e+04  3.562200e+00  1.506238e+00  1.506223e+00  1.500000e-05  7.529843e+00  7.529843e+00  1.740330e-01  1.000000e-05  2.954536e-01  5.634683e-01  5.634683e-01  7.601342e-03  2.250902e+00  4.858046e+05  2.183005e+00  1.839849e+57  3.574342e+49  6.233448e-06  -3.294922e+100  1.000000e+00  -1.000000e+00  1.000000e+00
3.562200e+00  1.633462e+04  7.974153e+02  1.541306e+04  3.562200e+00  1.488239e+00  1.488227e+00  1.200000e-05  7.492254e+00  7.492254e+00  1.637650e-01  8.000000e-06  2.933876e-01  5.556319e-01  5.556319e-01  7.621214e-03  2.337305e+00  4.831479e+05  1.818932e+00  1.809987e+57  2.978260e+49  6.004386e-06  -2.198290e+100  1.000000e+00  -1.000000e+00  1.000000e+00
3.562200e+00  1.839092e+04  7.974153e+02  1.746936e+04  3.562200e+00  1.471323e+00  1.471313e+00  1.000000e-05  7.461189e+00  7.461189e+00  1.540710e-01  7.000000e-06  2.912606e-01  5.476857e-01  5.476857e-01  7.653193e-03  2.434131e+00  4.797856e+05  1.514641e+00  1.778429e+57  2.480047e+49  4.910326e-06  -1.604073e+100  1.000000e+00  -1.000000e+00  1.000000e+00
3.562200e+00  2.071233e+04  7.974153e+02  1.979078e+04  3.562200e+00  1.455635e+00  1.455627e+00  9.000000e-06  7.436593e+00  7.436593e+00  1.449570e-01  6.000000e-06  2.891080e-01  5.397669e-01  5.397669e-01  7.692717e-03  2.539160e+00  4.765130e+05  1.261422e+00  1.749635e+57  2.065450e+49  4.793410e-06  -1.186763e+100  1.000000e+00  -1.000000e+00  1.000000e+00
4.893900e+00  1.030404e+02  8.115879e+02  1.000000e+00  4.893900e+00  8.560500e-02  7.425200e-02  1.135300e-02  5.307302e+01  5.307302e+01  1.587504e+00  1.326210e-01  2.382368e-03  2.390916e-03  2.390917e-03  2.645880e-02  2.298413e+11  1.102977e+04  1.693304e+03  8.922587e+55  3.173242e+52  6.769364e-06  -4.926147e+105  1.000000e+00  -1.000000e+00  0.000000e+00
4.893900e+00  1.076573e+02  8.115879e+02  1.133400e+00  4.893900e+00  7.132800e-02  6.006000e-02  1.126800e-02  4.525099e+01  4.525099e+01  1.583470e+00  1.579710e-01  2.328153e-03  2.336315e-03  2.336316e-03  1.887899e-02  1.840046e+11  8.933298e+03  1.680606e+03  7.250570e+55  3.151704e+52  6.788980e-06  -3.791096e+105  1.000000e+00  -1.000000e+00  0.000000e+00
4.893900e+00  1.131115e+02  8.115879e+02  1.284600e+00  4.893900e+00  6.258700e-02  5.141500e-02  1.117200e-02  3.660207e+01  3.660207e+01  1.578962e+00  1.785060e-01  2.525594e-03  2.535202e-03  2.535204e-03  1.260315e-02  8.176429e+10  7.662412e+03  1.666349e+03  6.250406e+55  3.125380e+52  7.224145e-06  -1.453035e+105  1.000000e+00  -1.000000e+00  0.000000e+00
4.893900e+00  1.191072e+02  8.115879e+02  1.456000e+00  4.893900e+00  6.125300e-02  5.018500e-02  1.106700e-02  2.917424e+01  2.917424e+01  1.574017e+00  1.806850e-01  3.101029e-03  3.115529e-03  3.115530e-03  8.789232e-03  2.043258e+10  7.494796e+03  1.650700e+03  6.147528e+55  3.095454e+52  7.600562e-06  4.062538e+104  1.000000e+00  1.000000e+00  0.000000e+00
4.893900e+00  1.250167e+02  8.115879e+02  1.650300e+00  4.893900e+00  6.531300e-02  5.436300e-02  1.095000e-02  2.381299e+01  2.381299e+01  1.568444e+00  1.676520e-01  4.051043e-03  4.075826e-03  4.075828e-03  7.246647e-03  4.428096e+09  8.134340e+03  1.633173e+03  6.704576e+55  3.062178e+52  6.547250e-06  1.427992e+105  1.000000e+00  1.000000e+00  0.000000e+00
4.893900e+00  1.316026e+02  8.115879e+02  1.870400e+00  4.893900e+00  7.275100e-02  6.192900e-02  1.082200e-02  2.016200e+01  2.016200e+01  1.562326e+00  1.487610e-01  5.329508e-03  5.372495e-03  5.372496e-03  7.544921e-03  1.169833e+09  9.283322e+03  1.614163e+03  7.681240e+55  3.026908e+52  6.581423e-06  2.111361e+105  1.000000e+00  1.000000e+00  0.000000e+00
4.893900e+00  1.379494e+02  8.115879e+02  2.120000e+00  4.893900e+00  8.263700e-02  7.194500e-02  1.069200e-02  1.766939e+01  1.766939e+01  1.555994e+00  1.293820e-01  6.907697e-03  6.980105e-03  6.980106e-03  9.552789e-03  4.049202e+08  1.080525e+04  1.594650e+03  8.964671e+55  2.990773e+52  6.573708e-06  2.038589e+105  1.000000e+00  1.000000e+00  0.000000e+00
4.893900e+00  1.527256e+02  8.115879e+02  2.402800e+00  4.893900e+00  9.426000e-02  8.376200e-02  1.049800e-02  1.599609e+01  1.599609e+01  1.546613e+00  1.113750e-01  8.703560e-03  8.818861e-03  8.818862e-03  1.316404e-02  1.757157e+08  1.260430e+04  1.565763e+03  1.047100e+56  2.933860e+52  6.556582e-06  3.374733e+105  1.000000e+00  1.000000e+00  0.000000e+00
4.893900e+00  1.576382e+02  8.115879e+02  2.723400e+00  4.893900e+00  1.077210e-01  9.739100e-02  1.033000e-02  1.479615e+01  1.479615e+01  1.538244e+00  9.589200e-02  1.075304e-02  1.092965e-02  1.092965e-02  1.839295e-02  8.529099e+07  1.468595e+04  1.540611e+03  1.219765e+56  2.888722e+52  6.533590e-06  4.282696e+105  1.000000e+00  1.000000e+00  0.000000e+00
4.893900e+00  1.627167e+02  8.115879e+02  3.086700e+00  4.893900e+00  1.232700e-01  1.130700e-01  1.019900e-02  1.391358e+01  1.391358e+01  1.531688e+00  8.274100e-02  1.308576e-02  1.334835e-02  1.334835e-02  2.526133e-02  4.389054e+07  1.709010e+04  1.521240e+03  1.416869e+56  2.855392e+52  6.507093e-06  4.695766e+105  1.000000e+00  1.000000e+00  0.000000e+00
4.893900e+00  1.679681e+02  8.115879e+02  3.498500e+00  4.893900e+00  1.409970e-01  1.309040e-01  1.009300e-02  1.326207e+01  1.326207e+01  1.526311e+00  7.158200e-02  1.570295e-02  1.608278e-02  1.608278e-02  3.360348e-02  2.346313e+07  1.983667e+04  1.505328e+03  1.639321e+56  2.826138e+52  6.476966e-06  5.063464e+105  1.000000e+00  1.000000e+00  0.000000e+00
4.893900e+00  1.734000e+02  8.115879e+02  3.965200e+00  4.893900e+00  1.609410e-01  1.509570e-01  9.985000e-03  1.277734e+01  1.277734e+01  1.520825e+00  6.203900e-02  1.860411e-02  1.913992e-02  1.913992e-02  4.308945e-02  1.288943e+07  2.294021e+04  1.489168e+03  1.887831e+56  2.796122e+52  6.442544e-06  5.411401e+105  1.000000e+00  1.000000e+00  0.000000e+00
4.893900e+00  1.790190e+02  8.115879e+02  4.494300e+00  4.893900e+00  1.832590e-01  1.733860e-01  9.873000e-03  1.241111e+01  1.241111e+01  1.515136e+00  5.387500e-02  2.180898e-02  2.254939e-02  2.254939e-02  5.334359e-02  7.207943e+06  2.643139e+04  1.472523e+03  2.164615e+56  2.765149e+52  6.404375e-06  5.799610e+105  1.000000e+00  1.000000e+00  0.000000e+00
4.893900e+00  1.848335e+02  8.115879e+02  5.093900e+00  4.893900e+00  2.084200e-01  1.986620e-01  9.758000e-03  1.213208e+01  1.213208e+01  1.509211e+00  4.681800e-02  2.537375e-02  2.638223e-02  2.638223e-02  6.411708e-02  4.064061e+06  3.039036e+04  1.455321e+03  2.475893e+56  2.733137e+52  6.362828e-06  6.279701e+105  1.000000e+00  1.000000e+00  0.000000e+00
4.893900e+00  1.908524e+02  8.115879e+02  5.773400e+00  4.893900e+00  2.370630e-01  2.274250e-01  9.639000e-03  1.192461e+01  1.192461e+01  1.503026e+00  4.065800e-02  2.936310e-02  3.072311e-02  3.072311e-02  7.524768e-02  2.298225e+06  3.492645e+04  1.437515e+03  2.830209e+56  2.700011e+52  6.317695e-06  6.846658e+105  1.000000e+00  1.000000e+00  0.000000e+00
4.893900e+00  1.970844e+02  8.115879e+02  6.543700e+00  4.893900e+00  2.697390e-01  2.602230e-01  9.515000e-03  1.178049e+01  1.178049e+01  1.496579e+00  3.527600e-02  3.381905e-02  3.563743e-02  3.563743e-02  8.650787e-02  1.303645e+06  4.013750e+04  1.419101e+03  3.235105e+56  2.665705e+52  6.268520e-06  7.457127e+105  1.000000e+00  1.000000e+00  0.000000e+00
4.893900e+00  2.035396e+02  8.115879e+02  7.416700e+00  4.893900e+00  3.068360e-01  2.974480e-01  9.388000e-03  1.169252e+01  1.169252e+01  1.489852e+00  3.059500e-02  3.875963e-02  4.116928e-02  4.116928e-02  9.758052e-02  7.436558e+05  4.610074e+04  1.400042e+03  3.696295e+56  2.630141e+52  6.214093e-06  8.074181e+105  1.000000e+00  1.000000e+00  0.000000e+00
4.893900e+00  2.102287e+02  8.115879e+02  8.406200e+00  4.893900e+00  3.486350e-01  3.393800e-01  9.255000e-03  1.165299e+01  1.165299e+01  1.482791e+00  2.654600e-02  4.418908e-02  4.735194e-02  4.735194e-02  1.080975e-01  4.277111e+05  5.288024e+04  1.380232e+03  4.218293e+56  2.593212e+52  6.154553e-06  8.671997e+105  1.000000e+00  1.000000e+00  0.000000e+00
4.893900e+00  2.171631e+02  8.115879e+02  9.527700e+00  4.893900e+00  3.953450e-01  3.862280e-01  9.117000e-03  1.165401e+01  1.165401e+01  1.475396e+00  2.306200e-02  5.010518e-02  5.421576e-02  5.421577e-02  1.176978e-01  2.484631e+05  6.053093e+04  1.359676e+03  4.804725e+56  2.554846e+52  6.089344e-06  9.235127e+105  1.000000e+00  1.000000e+00  0.000000e+00
4.893900e+00  2.243537e+02  8.115879e+02  1.079880e+01  4.893900e+00  4.471260e-01  4.381520e-01  8.974000e-03  1.166530e+01  1.166530e+01  1.467641e+00  2.007100e-02  5.661292e-02  6.192412e-02  6.192413e-02  1.272922e-01  1.459257e+05  6.910694e+04  1.338332e+03  5.458964e+56  2.514957e+52  6.018322e-06  9.754387e+105  1.000000e+00  1.000000e+00  0.000000e+00
4.893900e+00  2.318138e+02  8.115879e+02  1.223950e+01  4.893900e+00  5.040990e-01  4.952730e-01  8.825000e-03  1.169511e+01  1.169511e+01  1.459467e+00  1.750700e-02  6.366386e-02  7.046978e-02  7.046978e-02  1.360046e-01  8.669551e+04  7.865681e+04  1.316086e+03  6.183811e+56  2.473426e+52  5.941360e-06  1.021906e+106  1.000000e+00  1.000000e+00  0.000000e+00
4.893900e+00  2.395612e+02  8.115879e+02  1.387240e+01  4.893900e+00  5.663420e-01  5.576710e-01  8.670000e-03  1.175220e+01  1.175220e+01  1.450873e+00  1.531000e-02  7.117722e-02  7.980685e-02  7.980685e-02  1.428057e-01  5.211330e+04  8.923168e+04  1.292952e+03  6.981962e+56  2.430174e+52  5.857814e-06  1.062305e+106  1.000000e+00  1.000000e+00  0.000000e+00
4.893900e+00  2.476067e+02  8.115879e+02  1.572320e+01  4.893900e+00  6.338800e-01  6.253710e-01  8.509000e-03  1.183063e+01  1.183063e+01  1.441803e+00  1.342400e-02  7.913725e-02  8.997054e-02  8.997054e-02  1.475673e-01  3.169513e+04  1.008750e+05  1.268836e+03  7.855353e+56  2.385097e+52  5.768047e-06  1.096154e+106  1.000000e+00  1.000000e+00  0.000000e+00
4.893900e+00  2.559695e+02  8.115879e+02  1.782080e+01  4.893900e+00  7.066830e-01  6.983430e-01  8.341000e-03  1.192496e+01  1.192496e+01  1.432232e+00  1.180300e-02  8.752854e-02  1.010018e-01  1.010019e-01  1.502752e-01  1.950053e+04  1.136298e+05  1.243709e+03  8.805737e+56  2.338101e+52  5.672030e-06  1.122348e+106  1.000000e+00  1.000000e+00  0.000000e+00
4.893900e+00  2.646662e+02  8.115879e+02  2.019840e+01  4.893900e+00  7.846520e-01  7.764860e-01  8.166000e-03  1.203070e+01  1.203070e+01  1.422118e+00  1.040700e-02  9.633132e-02  1.129419e-01  1.129419e-01  1.509956e-01  1.213489e+04  1.275277e+05  1.217515e+03  9.833573e+56  2.289091e+52  5.568761e-06  1.140258e+106  1.000000e+00  1.000000e+00  0.000000e+00
4.893900e+00  2.737197e+02  8.115879e+02  2.289310e+01  4.893900e+00  8.676110e-01  8.596280e-01  7.983000e-03  1.214379e+01  1.214379e+01  1.411417e+00  9.201000e-03  1.055243e-01  1.258353e-01  1.258353e-01  1.498899e-01  7.636924e+03  1.426044e+05  1.190201e+03  1.093946e+57  2.237969e+52  5.457836e-06  1.149602e+106  1.000000e+00  1.000000e+00  0.000000e+00
4.893900e+00  2.831505e+02  8.115879e+02  2.594730e+01  4.893900e+00  9.553050e-01  9.475130e-01  7.792000e-03  1.226061e+01  1.226061e+01  1.400095e+00  8.157000e-03  1.150830e-01  1.397287e-01  1.397287e-01  1.471457e-01  4.859598e+03  1.588759e+05  1.161744e+03  1.212217e+57  2.184665e+52  5.341480e-06  1.149222e+106  1.000000e+00  1.000000e+00  0.000000e+00
4.893900e+00  2.929826e+02  8.115879e+02  2.940900e+01  4.893900e+00  1.047389e+00  1.039796e+00  7.593000e-03  1.237844e+01  1.237844e+01  1.388089e+00  7.250000e-03  1.249751e-01  1.546623e-01  1.546623e-01  1.429643e-01  3.126214e+03  1.763463e+05  1.132068e+03  1.337905e+57  2.129091e+52  5.218434e-06  1.139164e+106  1.000000e+00  1.000000e+00  0.000000e+00
4.893900e+00  3.032418e+02  8.115879e+02  3.333260e+01  4.893900e+00  1.143431e+00  1.136044e+00  7.387000e-03  1.249506e+01  1.249506e+01  1.375359e+00  6.460000e-03  1.351615e-01  1.706705e-01  1.706705e-01  1.375640e-01  2.033049e+03  1.950159e+05  1.101159e+03  1.470736e+57  2.071194e+52  5.088064e-06  1.119462e+106  1.000000e+00  1.000000e+00  0.000000e+00
4.893900e+00  3.139580e+02  8.115879e+02  3.777960e+01  4.893900e+00  1.242905e+00  1.235733e+00  7.171000e-03  1.260833e+01  1.260833e+01  1.361852e+00  5.770000e-03  1.456002e-01  1.877861e-01  1.877861e-01  1.311721e-01  1.336415e+03  2.148666e+05  1.068986e+03  1.610201e+57  2.010930e+52  4.950090e-06  1.090073e+106  1.000000e+00  1.000000e+00  0.000000e+00
4.893900e+00  3.251628e+02  8.115879e+02  4.281980e+01  4.893900e+00  1.345204e+00  1.338256e+00  6.948000e-03  1.271640e+01  1.271640e+01  1.347535e+00  5.165000e-03  1.562448e-01  2.060363e-01  2.060363e-01  1.240400e-01  8.880598e+02  2.358764e+05  1.035567e+03  1.755797e+57  1.948291e+52  4.805107e-06  1.051365e+106  1.000000e+00  1.000000e+00  0.000000e+00
4.893900e+00  3.368911e+02  8.115879e+02  4.853260e+01  4.893900e+00  1.449642e+00  1.442927e+00  6.716000e-03  1.281761e+01  1.281761e+01  1.332353e+00  4.633000e-03  1.670457e-01  2.254418e-01  2.254418e-01  1.163875e-01  5.965385e+02  2.579932e+05  1.000894e+03  1.906698e+57  1.883281e+52  4.654214e-06  1.003560e+106  1.000000e+00  1.000000e+00  0.000000e+00
4.893900e+00  3.491847e+02  8.115879e+02  5.500740e+01  4.893900e+00  1.555464e+00  1.548988e+00  6.475000e-03  1.291062e+01  1.291062e+01  1.316259e+00  4.163000e-03  1.779486e-01  2.460125e-01  2.460125e-01  1.084022e-01  4.050167e+02  2.811578e+05  9.649891e+02  2.062086e+57  1.815939e+52  4.495672e-06  9.480633e+105  1.000000e+00  1.000000e+00  0.000000e+00
4.893900e+00  3.620840e+02  8.115879e+02  6.234610e+01  4.893900e+00  1.661861e+00  1.655634e+00  6.227000e-03  1.299439e+01  1.299439e+01  1.299194e+00  3.747000e-03  1.888950e-01  2.677438e-01  2.677438e-01  1.002877e-01  2.780089e+02  3.053068e+05  9.278744e+02  2.220981e+57  1.746337e+52  4.332470e-06  8.853081e+105  1.000000e+00  1.000000e+00  0.000000e+00
4.893900e+00  3.756397e+02  8.115879e+02  7.066390e+01  4.893900e+00  1.767990e+00  1.762019e+00  5.971000e-03  1.306789e+01  1.306789e+01  1.281136e+00  3.377000e-03  1.998279e-01  2.906243e-01  2.906243e-01  9.220695e-02  1.929272e+02  3.303199e+05  8.896444e+02  2.382083e+57  1.674605e+52  4.161169e-06  8.177845e+105  1.000000e+00  1.000000e+00  0.000000e+00
4.893900e+00  3.899028e+02  8.115879e+02  8.009140e+01  4.893900e+00  1.872991e+00  1.867283e+00  5.708000e-03  1.313021e+01  1.313021e+01  1.262039e+00  3.047000e-03  2.106908e-01  3.146310e-01  3.146310e-01  8.430250e-02  1.353695e+02  3.561581e+05  8.503739e+02  2.544674e+57  1.600907e+52  3.985507e-06  7.457986e+105  1.000000e+00  1.000000e+00  0.000000e+00
4.893900e+00  4.049358e+02  8.115879e+02  9.077660e+01  4.893900e+00  1.976008e+00  1.970569e+00  5.439000e-03  1.318068e+01  1.318068e+01  1.241877e+00  2.752000e-03  2.214279e-01  3.397267e-01  3.397267e-01  7.669669e-02  9.605579e+01  3.826198e+05  8.101825e+02  2.706722e+57  1.525450e+52  3.805788e-06  6.711462e+105  1.000000e+00  1.000000e+00  0.000000e+00
4.893900e+00  4.208056e+02  8.115879e+02  1.028874e+02  4.893900e+00  2.076209e+00  2.071045e+00  5.164000e-03  1.321888e+01  1.321888e+01  1.220616e+00  2.487000e-03  2.319841e-01  3.658553e-01  3.658553e-01  6.946782e-02  6.892899e+01  4.096653e+05  7.691999e+02  2.867600e+57  1.448502e+52  3.615580e-06  5.971958e+105  1.000000e+00  1.000000e+00  0.000000e+00
4.893900e+00  4.375827e+02  8.115879e+02  1.166139e+02  4.893900e+00  2.172808e+00  2.167922e+00  4.886000e-03  1.324450e+01  1.324450e+01  1.198261e+00  2.249000e-03  2.423078e-01  3.929462e-01  3.929462e-01  6.267784e-02  5.002487e+01  4.371569e+05  7.276181e+02  3.025869e+57  1.370383e+52  3.324272e-06  5.306987e+105  1.000000e+00  1.000000e+00  0.000000e+00
4.893900e+00  1.053723e+03  8.115879e+02  1.321717e+02  4.893900e+00  2.204232e+00  2.201333e+00  2.900000e-03  1.323239e+01  1.323239e+01  1.006925e+00  1.315000e-03  2.460372e-01  4.031366e-01  4.031366e-01  6.016435e-02  4.448802e+01  4.471044e+05  4.319901e+02  3.079476e+57  8.144789e+51  6.713327e-06  -8.451506e+104  1.000000e+00  -1.000000e+00  1.000000e+00
4.893900e+00  1.071356e+03  8.115879e+02  1.498051e+02  4.893900e+00  2.178346e+00  2.175577e+00  2.769000e-03  1.314161e+01  1.314161e+01  9.915940e-01  1.271000e-03  2.448273e-01  3.998061e-01  3.998061e-01  5.972865e-02  4.526849e+01  4.416956e+05  4.125093e+02  3.036620e+57  7.778145e+51  4.845886e-06  -9.210314e+104  1.000000e+00  -1.000000e+00  1.000000e+00
4.893900e+00  1.091342e+03  8.115879e+02  1.697911e+02  4.893900e+00  2.141555e+00  2.138922e+00  2.633000e-03  1.300304e+01  1.300304e+01  9.750420e-01  1.229000e-03  2.432572e-01  3.955195e-01  3.955195e-01  5.876359e-02  4.599325e+01  4.342856e+05  3.921448e+02  2.975441e+57  7.394742e+51  5.253458e-06  -9.554615e+104  1.000000e+00  -1.000000e+00  1.000000e+00
4.893900e+00  1.113993e+03  8.115879e+02  1.924434e+02  4.893900e+00  2.101163e+00  2.098672e+00  2.491000e-03  1.282845e+01  1.282845e+01  9.572520e-01  1.186000e-03  2.419174e-01  3.918924e-01  3.918924e-01  5.713888e-02  4.597304e+01  4.270281e+05  3.710186e+02  2.909736e+57  6.996887e+51  5.797271e-06  -8.357261e+104  1.000000e+00  -1.000000e+00  1.000000e+00
4.893900e+00  1.139669e+03  8.115879e+02  2.181178e+02  4.893900e+00  2.060566e+00  2.058220e+00  2.346000e-03  1.262498e+01  1.262498e+01  9.382090e-01  1.138000e-03  2.410667e-01  3.896041e-01  3.896041e-01  5.486962e-02  4.493243e+01  4.203136e+05  3.492665e+02  2.842762e+57  6.587340e+51  6.370484e-06  -6.937974e+104  1.000000e+00  -1.000000e+00  1.000000e+00
4.893900e+00  1.168770e+03  8.115879e+02  2.472176e+02  4.893900e+00  2.022088e+00  2.019891e+00  2.197000e-03  1.239915e+01  1.239915e+01  9.179480e-01  1.086000e-03  2.408740e-01  3.890871e-01  3.890871e-01  5.204796e-02  4.279178e+01  4.145627e+05  3.270756e+02  2.777636e+57  6.169383e+51  8.449879e-06  -5.288403e+104  1.000000e+00  -1.000000e+00  1.000000e+00
4.893900e+00  1.201752e+03  8.115879e+02  2.801996e+02  4.893900e+00  1.987390e+00  1.985343e+00  2.047000e-03  1.215717e+01  1.215717e+01  8.965040e-01  1.030000e-03  2.414527e-01  3.906410e-01  3.906410e-01  4.880205e-02  3.964447e+01  4.109597e+05  3.046368e+02  2.721780e+57  5.746622e+51  1.128690e-05  -3.848862e+104  1.000000e+00  -1.000000e+00  1.000000e+00
4.893900e+00  1.239133e+03  8.115879e+02  3.175819e+02  4.893900e+00  1.957543e+00  1.955647e+00  1.896000e-03  1.190526e+01  1.190526e+01  8.739160e-01  9.680000e-04  2.428589e-01  3.944381e-01  3.944381e-01  4.528328e-02  3.573371e+01  4.085799e+05  2.821429e+02  2.670663e+57  5.322879e+51  6.948907e-04  -2.698023e+104  1.000000e+00  -1.000000e+00  1.000000e+00
4.893900e+00  1.281502e+03  8.115879e+02  3.599514e+02  4.893900e+00  1.933029e+00  1.931282e+00  1.746000e-03  1.164917e+01  1.164917e+01  8.502740e-01  9.030000e-04  2.450897e-01  4.005263e-01  4.005263e-01  4.164629e-02  3.139517e+01  4.085674e+05  2.598171e+02  2.630903e+57  4.902183e+51  7.196756e-04  -1.726775e+104  1.000000e+00  -1.000000e+00  1.000000e+00
4.893900e+00  1.329526e+03  8.115879e+02  4.079736e+02  4.893900e+00  1.913820e+00  1.912221e+00  1.599000e-03  1.139406e+01  1.139406e+01  8.256670e-01  8.350000e-04  2.480872e-01  4.088341e-01  4.088341e-01  3.802758e-02  2.697648e+01  4.102953e+05  2.378683e+02  2.599341e+57  4.488508e+51  -8.907220e-06  -1.088781e+104  -1.000000e+00  -1.000000e+00  1.000000e+00
4.893900e+00  1.383956e+03  8.115879e+02  4.624025e+02  4.893900e+00  1.899443e+00  1.897988e+00  1.455000e-03  1.114393e+01  1.114393e+01  8.002060e-01  7.660000e-04  2.517501e-01  4.191897e-01  4.191897e-01  3.453598e-02  2.276856e+01  4.135868e+05  2.164995e+02  2.575033e+57  4.085682e+51  -3.503171e-06  -6.697878e+103  -1.000000e+00  -1.000000e+00  1.000000e+00
4.893900e+00  1.445646e+03  8.115879e+02  5.240930e+02  4.893900e+00  1.889105e+00  1.887787e+00  1.317000e-03  1.090174e+01  1.090174e+01  7.740100e-01  6.970000e-04  2.559422e-01  4.313262e-01  4.313262e-01  3.125519e-02  1.897236e+01  4.182104e+05  1.958946e+02  2.556817e+57  3.697230e+51  -1.811673e-06  -4.031841e+103  -1.000000e+00  -1.000000e+00  1.000000e+00
4.893900e+00  1.515564e+03  8.115879e+02  5.940138e+02  4.893900e+00  1.881854e+00  1.880669e+00  1.185000e-03  1.066942e+01  1.066942e+01  7.472220e-01  6.300000e-04  2.605115e-01  4.449163e-01  4.449163e-01  2.823342e-02  1.568693e+01  4.239160e+05  1.762229e+02  2.543220e+57  3.326286e+51  -1.051444e-06  -2.467281e+103  -1.000000e+00  -1.000000e+00  1.000000e+00
4.893900e+00  1.594815e+03  8.115879e+02  6.732629e+02  4.893900e+00  1.876688e+00  1.875628e+00  1.060000e-03  1.044797e+01  1.044797e+01  7.199880e-01  5.650000e-04  2.653027e-01  4.595901e-01  4.595901e-01  2.549116e-02  1.292975e+01  4.304237e+05  1.576229e+02  2.532595e+57  2.975456e+51  -6.644582e-07  -1.174852e+103  -1.000000e+00  -1.000000e+00  1.000000e+00
4.893900e+00  1.684639e+03  8.115879e+02  7.630849e+02  4.893900e+00  1.872634e+00  1.871691e+00  9.430000e-04  1.023764e+01  1.023764e+01  6.924430e-01  5.040000e-04  2.701684e-01  4.749597e-01  4.749597e-01  2.303123e-02  1.066727e+01  4.385503e+05  1.401946e+02  2.529768e+57  2.646748e+51  -5.102965e-07  -7.079554e+102  -1.000000e+00  -1.000000e+00  1.000000e+00
4.893900e+00  1.786445e+03  8.115879e+02  8.648903e+02  4.893900e+00  1.868841e+00  1.868007e+00  8.340000e-04  1.003815e+01  1.003815e+01  6.647500e-01  4.470000e-04  2.749794e-01  4.906437e-01  4.906437e-01  2.084289e-02  8.838377e+00  4.458659e+05  1.240202e+02  2.521002e+57  2.341605e+51  -5.124814e-07  -6.108711e+102  -1.000000e+00  -1.000000e+00  1.000000e+00
4.893900e+00  1.901831e+03  8.115879e+02  9.802778e+02  4.893900e+00  1.864600e+00  1.863866e+00  7.340000e-04  9.849044e+00  9.849044e+00  6.370540e-01  3.940000e-04  2.796233e-01  5.062677e-01  5.062677e-01  1.890834e-02  7.373716e+00  4.542900e+05  1.091402e+02  2.517261e+57  2.060839e+51  -6.384461e-07  -6.015984e+102  -1.000000e+00  -1.000000e+00  1.000000e+00
4.893900e+00  2.032610e+03  8.115879e+02  1.111060e+03  4.893900e+00  1.859346e+00  1.858703e+00  6.430000e-04  9.669410e+00  9.669410e+00  6.094950e-01  3.460000e-04  2.840154e-01  5.215058e-01  5.215058e-01  1.724299e-02  6.220320e+00  4.613076e+05  9.556698e+01  2.504629e+57  1.804693e+51  -8.084378e-07  -6.466255e+102  -1.000000e+00  -1.000000e+00  1.000000e+00
4.893900e+00  2.180844e+03  8.115879e+02  1.259289e+03  4.893900e+00  1.852692e+00  1.852131e+00  5.610000e-04  9.498583e+00  9.498583e+00  5.822050e-01  3.030000e-04  2.880885e-01  5.360585e-01  5.360585e-01  1.578488e-02  5.302978e+00  4.689521e+05  8.328587e+01  2.494745e+57  1.572900e+51  -1.045976e-06  -5.153254e+102  -1.000000e+00  -1.000000e+00  1.000000e+00
4.893900e+00  2.348852e+03  8.115879e+02  1.427295e+03  4.893900e+00  1.844365e+00  1.843879e+00  4.860000e-04  9.335825e+00  9.335825e+00  5.553090e-01  2.640000e-04  2.917937e-01  5.496658e-01  5.496658e-01  1.451260e-02  4.573762e+00  4.758801e+05  7.225924e+01  2.480444e+57  1.364751e+51  -1.454811e-06  -5.763792e+102  -1.000000e+00  -1.000000e+00  1.000000e+00
4.893900e+00  2.539271e+03  8.115879e+02  1.617714e+03  4.893900e+00  1.834234e+00  1.833813e+00  4.200000e-04  9.180567e+00  9.180567e+00  5.289130e-01  2.290000e-04  2.950983e-01  5.621123e-01  5.621123e-01  1.340601e-02  3.993692e+00  4.819408e+05  6.243000e+01  2.461146e+57  1.179181e+51  -2.066688e-06  -5.569296e+102  -1.000000e+00  -1.000000e+00  1.000000e+00
4.893900e+00  2.755091e+03  8.115879e+02  1.833538e+03  4.893900e+00  1.822264e+00  1.821902e+00  3.620000e-04  9.032398e+00  9.032398e+00  5.031090e-01  1.990000e-04  2.979819e-01  5.732213e-01  5.732213e-01  1.244574e-02  3.531662e+00  4.869552e+05  5.372586e+01  2.436215e+57  1.014855e+51  -2.558123e-06  -4.768583e+102  -1.000000e+00  -1.000000e+00  1.000000e+00
4.893900e+00  2.999709e+03  8.115879e+02  2.078156e+03  4.893900e+00  1.808493e+00  1.808182e+00  3.100000e-04  8.890881e+00  8.890881e+00  4.779870e-01  1.720000e-04  3.004371e-01  5.828696e-01  5.828696e-01  1.161450e-02  3.163262e+00  4.920136e+05  4.606855e+01  2.412254e+57  8.702597e+50  -3.492544e-06  -3.924200e+102  -1.000000e+00  -1.000000e+00  1.000000e+00
4.893900e+00  3.276966e+03  8.115879e+02  2.355409e+03  4.893900e+00  1.793027e+00  1.792762e+00  2.650000e-04  8.755748e+00  8.755748e+00  4.536090e-01  1.480000e-04  3.024651e-01  5.909740e-01  5.909740e-01  1.089793e-02  2.869978e+00  4.958212e+05  3.936989e+01  2.382186e+57  7.437620e+50  -5.599579e-06  -3.615379e+102  -1.000000e+00  -1.000000e+00  1.000000e+00
4.893900e+00  3.591209e+03  8.115879e+02  2.669651e+03  4.893900e+00  1.776014e+00  1.775788e+00  2.260000e-04  8.626845e+00  8.626845e+00  4.300330e-01  1.270000e-04  3.040717e-01  5.974837e-01  5.974837e-01  1.028211e-02  2.637017e+00  4.983921e+05  3.354185e+01  2.346545e+57  6.336918e+50  -6.076626e-06  -2.736967e+102  -1.000000e+00  -1.000000e+00  1.000000e+00
4.893900e+00  3.947373e+03  8.115879e+02  3.025817e+03  4.893900e+00  1.757643e+00  1.757451e+00  1.920000e-04  8.504093e+00  8.504093e+00  4.072970e-01  1.090000e-04  3.052701e-01  6.023916e-01  6.023916e-01  9.755827e-03  2.453351e+00  5.018442e+05  2.849597e+01  2.317596e+57  5.383867e+50  -1.572385e-05  -2.139548e+102  -1.000000e+00  -1.000000e+00  1.000000e+00
4.893900e+00  4.351050e+03  8.115879e+02  3.429500e+03  4.893900e+00  1.738120e+00  1.737958e+00  1.630000e-04  8.387507e+00  8.387507e+00  3.854300e-01  9.400000e-05  3.060755e-01  6.057158e-01  6.057158e-01  9.304342e-03  2.309126e+00  5.028844e+05  2.414680e+01  2.276887e+57  4.562365e+50  -2.264218e-05  -1.892777e+102  -1.000000e+00  -1.000000e+00  1.000000e+00
4.893900e+00  4.808596e+03  8.115879e+02  3.887040e+03  4.893900e+00  1.717648e+00  1.717511e+00  1.380000e-04  8.277025e+00  8.277025e+00  3.644530e-01  8.000000e-05  3.065078e-01  6.075085e-01  6.075085e-01  8.922008e-03  2.198689e+00  5.036886e+05  2.041365e+01  2.237090e+57  3.857163e+50  -3.296567e-05  -1.377638e+102  -1.000000e+00  -1.000000e+00  1.000000e+00
4.893900e+00  5.327181e+03  8.115879e+02  4.405622e+03  4.893900e+00  1.696453e+00  1.696337e+00  1.160000e-04  8.172758e+00  8.172758e+00  3.443750e-01  6.800000e-05  3.065877e-01  6.078406e-01  6.078406e-01  8.603900e-03  2.117534e+00  5.042481e+05  1.722128e+01  2.198374e+57  3.254047e+50  -3.412740e-04  -1.060979e+102  -1.000000e+00  -1.000000e+00  1.000000e+00
4.893900e+00  5.914947e+03  8.115879e+02  4.993389e+03  4.893900e+00  1.674758e+00  1.674660e+00  9.800000e-05  8.074872e+00  8.074872e+00  3.251940e-01  5.800000e-05  3.063360e-01  6.067952e-01  6.067952e-01  8.339650e-03  2.060908e+00  5.035664e+05  1.450023e+01  2.155208e+57  2.739970e+50  2.835394e-05  -8.256336e+101  1.000000e+00  -1.000000e+00  1.000000e+00
4.893900e+00  6.581126e+03  8.115879e+02  5.659571e+03  4.893900e+00  1.652761e+00  1.652679e+00  8.200000e-05  7.983369e+00  7.983369e+00  3.069030e-01  5.000000e-05  3.057776e-01  6.044837e-01  6.044837e-01  8.124082e-03  2.026031e+00  5.026461e+05  1.218801e+01  2.113381e+57  2.303118e+50  2.183104e-05  -5.919137e+101  1.000000e+00  -1.000000e+00  1.000000e+00
4.893900e+00  7.336183e+03  8.115879e+02  6.414631e+03  4.893900e+00  1.630679e+00  1.630610e+00  6.900000e-05  7.898351e+00  7.898351e+00  2.894900e-01  4.200000e-05  3.049395e-01  6.010330e-01  6.010330e-01  7.952434e-03  2.010675e+00  5.015065e+05  1.022849e+01  2.073105e+57  1.932904e+50  1.794633e-05  -4.214933e+101  1.000000e+00  -1.000000e+00  1.000000e+00
4.893900e+00  8.191984e+03  8.115879e+02  7.270426e+03  4.893900e+00  1.608698e+00  1.608640e+00  5.800000e-05  7.820000e+00  7.820000e+00  2.729380e-01  3.600000e-05  3.038431e-01  5.965524e-01  5.965524e-01  7.820074e-03  2.013138e+00  5.001592e+05  8.572164e+00  2.034469e+57  1.619940e+50  1.368975e-05  -3.150535e+101  1.000000e+00  -1.000000e+00  1.000000e+00
4.893900e+00  9.161955e+03  8.115879e+02  8.240395e+03  4.893900e+00  1.587008e+00  1.586960e+00  4.800000e-05  7.748382e+00  7.748382e+00  2.572270e-01  3.000000e-05  3.025170e-01  5.911829e-01  5.911829e-01  7.722514e-03  2.032014e+00  4.977701e+05  7.175164e+00  1.992774e+57  1.355955e+50  8.781179e-06  -2.372581e+101  1.000000e+00  -1.000000e+00  1.000000e+00
4.893900e+00  1.026133e+04  8.115879e+02  9.339770e+03  4.893900e+00  1.565768e+00  1.565727e+00  4.000000e-05  7.683520e+00  7.683520e+00  2.423280e-01  2.600000e-05  3.009877e-01  5.850575e-01  5.850575e-01  7.653651e-03  2.065531e+00  4.952650e+05  5.999020e+00  1.953245e+57  1.133718e+50  8.216532e-06  -1.655488e+101  1.000000e+00  -1.000000e+00  1.000000e+00
4.893900e+00  1.150737e+04  8.115879e+02  1.058582e+04  4.893900e+00  1.545136e+00  1.545102e+00  3.400000e-05  7.625483e+00  7.625483e+00  2.282170e-01  2.200000e-05  2.992822e-01  5.783093e-01  5.783093e-01  7.614102e-03  2.114113e+00  4.926704e+05  5.010728e+00  1.915981e+57  9.469613e+49  7.016038e-06  -1.209085e+101  1.000000e+00  -1.000000e+00  1.000000e+00
4.893900e+00  1.291966e+04  8.115879e+02  1.199810e+04  4.893900e+00  1.525260e+00  1.525231e+00  2.800000e-05  7.574294e+00  7.574294e+00  2.148640e-01  1.800000e-05  2.974290e-01  5.710729e-01  5.710729e-01  7.597495e-03  2.176075e+00  4.892326e+05  4.181576e+00  1.876610e+57  7.902666e+49  5.662186e-06  -8.909318e+100  1.000000e+00  -1.000000e+00  1.000000e+00
4.893900e+00  1.452036e+04  8.115879e+02  1.359880e+04  4.893900e+00  1.506265e+00  1.506241e+00  2.300000e-05  7.529957e+00  7.529957e+00  2.022380e-01  1.600000e-05  2.954544e-01  5.634712e-01  5.634712e-01  7.601663e-03  2.250931e+00  4.858074e+05  3.486813e+00  1.839906e+57  6.589761e+49  6.229846e-06  -5.786810e+100  1.000000e+00  -1.000000e+00  1.000000e+00
4.893900e+00  1.633462e+04  8.115879e+02  1.541306e+04  4.893900e+00  1.488255e+00  1.488235e+00  2.000000e-05  7.492274e+00  7.492274e+00  1.903100e-01  1.300000e-05  2.933900e-01  5.556407e-01  5.556407e-01  7.620626e-03  2.337056e+00  4.831448e+05  2.905478e+00  1.810000e+57  5.491114e+49  5.997619e-06  -3.864947e+100  1.000000e+00  -1.000000e+00  1.000000e+00
4.893900e+00  1.839092e+04  8.115879e+02  1.746936e+04  4.893900e+00  1.471336e+00  1.471320e+00  1.600000e-05  7.461202e+00  7.461202e+00  1.790470e-01  1.100000e-05  2.912626e-01  5.476932e-01  5.476932e-01  7.653318e-03  2.434118e+00  4.797830e+05  2.419499e+00  1.778438e+57  4.572754e+49  4.912798e-06  -2.817614e+100  1.000000e+00  -1.000000e+00  1.000000e+00
4.893900e+00  2.071233e+04  8.115879e+02  1.979078e+04  4.893900e+00  1.455648e+00  1.455634e+00  1.400000e-05  7.436633e+00  7.436633e+00  1.684590e-01  9.000000e-06  2.891090e-01  5.397706e-01  5.397706e-01  7.693235e-03  2.539261e+00  4.765130e+05  2.015116e+00  1.749655e+57  3.808485e+49  4.797026e-06  -2.083812e+100  1.000000e+00  -1.000000e+00  1.000000e+00
6.723400e+00  1.030404e+02  8.265146e+02  1.000000e+00  6.723400e+00  2.682000e-02  9.213000e-03  1.760700e-02  2.068352e+01  2.068352e+01  1.827409e+00  6.564860e-01  1.915196e-03  1.920716e-03  1.920717e-03  3.658922e-03  9.466468e+10  1.375784e+03  2.634781e+03  1.129087e+55  5.695628e+52  6.711981e-06  2.697806e+105  1.000000e+00  1.000000e+00  0.000000e+00
6.723400e+00  1.076573e+02  8.265146e+02  1.133400e+00  6.723400e+00  3.171800e-02  1.426100e-02  1.745700e-02  2.552497e+01  2.552497e+01  1.822158e+00  5.503870e-01  1.835366e-03  1.840434e-03  1.840436e-03  5.524329e-03  1.768380e+11  2.127890e+03  2.612446e+03  1.740364e+55  5.651724e+52  6.707670e-06  2.685300e+105  1.000000e+00  1.000000e+00  0.000000e+00
6.723400e+00  1.131115e+02  8.265146e+02  1.284600e+00  6.723400e+00  3.728000e-02  1.998100e-02  1.729900e-02  2.837555e+01  2.837555e+01  1.816587e+00  4.640240e-01  1.940508e-03  1.946175e-03  1.946175e-03  6.936165e-03  1.680554e+11  2.981423e+03  2.588743e+03  2.435409e+55  5.602741e+52  6.685642e-06  2.371886e+105  1.000000e+00  1.000000e+00  0.000000e+00
6.723400e+00  1.191072e+02  8.265146e+02  1.456000e+00  6.723400e+00  4.206100e-02  2.492800e-02  1.713400e-02  2.824155e+01  2.824155e+01  1.810764e+00  4.073480e-01  2.199768e-03  2.207053e-03  2.207053e-03  7.121594e-03  9.217229e+10  3.722895e+03  2.564000e+03  3.044042e+55  5.549937e+52  6.651345e-06  2.014235e+105  1.000000e+00  1.000000e+00  0.000000e+00
6.723400e+00  1.250167e+02  8.265146e+02  1.650300e+00  6.723400e+00  4.649900e-02  2.954000e-02  1.695900e-02  2.585643e+01  2.585643e+01  1.804582e+00  3.647140e-01  2.656155e-03  2.666785e-03  2.666786e-03  6.383477e-03  3.218849e+10  4.418040e+03  2.537809e+03  3.621389e+55  5.492928e+52  6.627022e-06  2.069689e+105  1.000000e+00  1.000000e+00  0.000000e+00
6.723400e+00  1.316026e+02  8.265146e+02  1.870400e+00  6.723400e+00  5.207500e-02  3.530400e-02  1.677100e-02  2.268338e+01  2.268338e+01  1.797911e+00  3.220520e-01  3.390780e-03  3.408124e-03  3.408126e-03  5.612698e-03  8.347944e+09  5.288520e+03  2.509700e+03  4.348535e+55  5.431620e+52  6.616933e-06  2.649172e+105  1.000000e+00  1.000000e+00  0.000000e+00
6.723400e+00  1.379494e+02  8.265146e+02  2.120000e+00  6.723400e+00  5.963500e-02  4.306500e-02  1.657000e-02  1.976919e+01  1.976919e+01  1.790677e+00  2.778540e-01  4.455455e-03  4.485454e-03  4.485455e-03  5.514376e-03  2.093837e+09  6.461743e+03  2.479583e+03  5.329878e+55  5.367276e+52  6.609702e-06  2.612710e+105  1.000000e+00  1.000000e+00  0.000000e+00
6.723400e+00  1.527256e+02  8.265146e+02  2.402800e+00  6.723400e+00  6.900300e-02  5.270900e-02  1.629400e-02  1.757220e+01  1.757220e+01  1.780758e+00  2.361390e-01  5.799962e-03  5.850914e-03  5.850916e-03  6.499402e-03  6.601587e+08  7.921472e+03  2.438307e+03  6.549710e+55  5.273792e+52  6.596671e-06  4.761515e+105  1.000000e+00  1.000000e+00  0.000000e+00
6.723400e+00  1.576382e+02  8.265146e+02  2.723400e+00  6.723400e+00  8.035400e-02  6.431700e-02  1.603700e-02  1.589683e+01  1.589683e+01  1.771337e+00  1.995830e-01  7.465866e-03  7.550529e-03  7.550531e-03  8.852992e-03  2.544467e+08  9.683186e+03  2.399881e+03  8.018568e+55  5.192309e+52  6.576714e-06  6.190349e+105  1.000000e+00  1.000000e+00  0.000000e+00
6.723400e+00  1.627167e+02  8.265146e+02  3.086700e+00  6.723400e+00  9.395200e-02  7.813400e-02  1.581800e-02  1.463637e+01  1.463637e+01  1.763146e+00  1.683630e-01  9.481048e-03  9.618050e-03  9.618053e-03  1.291140e-02  1.123578e+08  1.178745e+04  2.367085e+03  9.764559e+55  5.126336e+52  6.552527e-06  7.055829e+105  1.000000e+00  1.000000e+00  0.000000e+00
6.723400e+00  1.679681e+02  8.265146e+02  3.498500e+00  6.723400e+00  1.099790e-01  9.434700e-02  1.563300e-02  1.370510e+01  1.370510e+01  1.756156e+00  1.421420e-01  1.185253e-02  1.206751e-02  1.206751e-02  1.887248e-02  5.378743e+07  1.426641e+04  2.339351e+03  1.180526e+56  5.070295e+52  6.524447e-06  7.877868e+105  1.000000e+00  1.000000e+00  0.000000e+00
6.723400e+00  1.734000e+02  8.265146e+02  3.965200e+00  6.723400e+00  1.286050e-01  1.131390e-01  1.546500e-02  1.302463e+01  1.302463e+01  1.749845e+00  1.202530e-01  1.458387e-02  1.491086e-02  1.491086e-02  2.674387e-02  2.702515e+07  1.715328e+04  2.314263e+03  1.415754e+56  5.016767e+52  6.492275e-06  8.650099e+105  1.000000e+00  1.000000e+00  0.000000e+00
6.723400e+00  1.790190e+02  8.265146e+02  4.494300e+00  6.723400e+00  1.499500e-01  1.346560e-01  1.529300e-02  1.252966e+01  1.252966e+01  1.743323e+00  1.019890e-01  1.767615e-02  1.815907e-02  1.815907e-02  3.627609e-02  1.401488e+07  2.047613e+04  2.288508e+03  1.683494e+56  4.961637e+52  6.455735e-06  9.389904e+105  1.000000e+00  1.000000e+00  0.000000e+00
6.723400e+00  1.848335e+02  8.265146e+02  5.093900e+00  6.723400e+00  1.741920e-01  1.590760e-01  1.511600e-02  1.216911e+01  1.216911e+01  1.736551e+00  8.677800e-02  2.114221e-02  2.183723e-02  2.183724e-02  4.706296e-02  7.427416e+06  2.426992e+04  2.261957e+03  1.985917e+56  4.904732e+52  6.414746e-06  1.015772e+106  1.000000e+00  1.000000e+00  0.000000e+00
6.723400e+00  1.908524e+02  8.265146e+02  5.773400e+00  6.723400e+00  2.017120e-01  1.867790e-01  1.493300e-02  1.190760e+01  1.190760e+01  1.729505e+00  7.403100e-02  2.502013e-02  2.600009e-02  2.600009e-02  5.868293e-02  3.990021e+06  2.860304e+04  2.234544e+03  2.328100e+56  4.845916e+52  6.369655e-06  1.102318e+106  1.000000e+00  1.000000e+00  0.000000e+00
6.723400e+00  1.970844e+02  8.265146e+02  6.543700e+00  6.723400e+00  2.330740e-01  2.183300e-01  1.474400e-02  1.172444e+01  1.172444e+01  1.722171e+00  6.325800e-02  2.936185e-02  3.072174e-02  3.072175e-02  7.078958e-02  2.162531e+06  3.357456e+04  2.206228e+03  2.717645e+56  4.785051e+52  6.320226e-06  1.200321e+106  1.000000e+00  1.000000e+00  0.000000e+00
6.723400e+00  2.035396e+02  8.265146e+02  7.416700e+00  6.723400e+00  2.688370e-01  2.542890e-01  1.454800e-02  1.160769e+01  1.160769e+01  1.714492e+00  5.411500e-02  3.420777e-02  3.606948e-02  3.606948e-02  8.303352e-02  1.181780e+06  3.928745e+04  2.176855e+03  3.162421e+56  4.721964e+52  6.266171e-06  1.305666e+106  1.000000e+00  1.000000e+00  0.000000e+00
6.723400e+00  2.102287e+02  8.265146e+02  8.406200e+00  6.723400e+00  3.094340e-01  2.950890e-01  1.434500e-02  1.154806e+01  1.154806e+01  1.706470e+00  4.635900e-02  3.957681e-02  4.209283e-02  4.209283e-02  9.500053e-02  6.522764e+05  4.582787e+04  2.146429e+03  3.668795e+56  4.656516e+52  6.207049e-06  1.412137e+106  1.000000e+00  1.000000e+00  0.000000e+00
6.723400e+00  2.171631e+02  8.265146e+02  9.527700e+00  6.723400e+00  3.551700e-01  3.410360e-01  1.413400e-02  1.153658e+01  1.153658e+01  1.698069e+00  3.979600e-02  4.547167e-02  4.882861e-02  4.882861e-02  1.062584e-01  3.643900e+05  5.326734e+04  2.114861e+03  4.241782e+56  4.588542e+52  6.141758e-06  1.515002e+106  1.000000e+00  1.000000e+00  0.000000e+00
6.723400e+00  2.243537e+02  8.265146e+02  1.079880e+01  6.723400e+00  4.062510e-01  3.923360e-01  1.391500e-02  1.153963e+01  1.153963e+01  1.689248e+00  3.425300e-02  5.199776e-02  5.644018e-02  5.644018e-02  1.176347e-01  2.063104e+05  6.166672e+04  2.082050e+03  4.885397e+56  4.517870e+52  6.070435e-06  1.611154e+106  1.000000e+00  1.000000e+00  0.000000e+00
6.723400e+00  2.318138e+02  8.265146e+02  1.223950e+01  6.723400e+00  4.628180e-01  4.491300e-01  1.368800e-02  1.156601e+01  1.156601e+01  1.679986e+00  2.957500e-02  5.910283e-02  6.491844e-02  6.491844e-02  1.281738e-01  1.184860e+05  7.107978e+04  2.047946e+03  5.602832e+56  4.444330e+52  5.993403e-06  1.697869e+106  1.000000e+00  1.000000e+00  0.000000e+00
6.723400e+00  2.395612e+02  8.265146e+02  1.387240e+01  6.723400e+00  5.249520e-01  5.115010e-01  1.345100e-02  1.162433e+01  1.162433e+01  1.670217e+00  2.562300e-02  6.670110e-02  7.421499e-02  7.421500e-02  1.367275e-01  6.903953e+04  8.155570e+04  2.012398e+03  6.396736e+56  4.367718e+52  5.909880e-06  1.773960e+106  1.000000e+00  1.000000e+00  0.000000e+00
6.723400e+00  2.476067e+02  8.265146e+02  1.572320e+01  6.723400e+00  5.926740e-01  5.794700e-01  1.320400e-02  1.170720e+01  1.170720e+01  1.659930e+00  2.227900e-02  7.477289e-02  8.436260e-02  8.436260e-02  1.430894e-01  4.081273e+04  9.314132e+04  1.975392e+03  7.269335e+56  4.287885e+52  5.819666e-06  1.838221e+106  1.000000e+00  1.000000e+00  0.000000e+00
6.723400e+00  2.559695e+02  8.265146e+02  1.782080e+01  6.723400e+00  6.659410e-01  6.529940e-01  1.294700e-02  1.180811e+01  1.180811e+01  1.649074e+00  1.944100e-02  8.329850e-02  9.539933e-02  9.539933e-02  1.472096e-01  2.447129e+04  1.058760e+05  1.936828e+03  8.221920e+56  4.204642e+52  5.722136e-06  1.889292e+106  1.000000e+00  1.000000e+00  0.000000e+00
6.723400e+00  2.646662e+02  8.265146e+02  2.019840e+01  6.723400e+00  7.446420e-01  7.319630e-01  1.267900e-02  1.192174e+01  1.192174e+01  1.637600e+00  1.702700e-02  9.225491e-02  1.073646e-01  1.073646e-01  1.491232e-01  1.487670e+04  1.197992e+05  1.896613e+03  9.255782e+56  4.117810e+52  5.618513e-06  1.925187e+106  1.000000e+00  1.000000e+00  0.000000e+00
6.723400e+00  2.737197e+02  8.265146e+02  2.289310e+01  6.723400e+00  8.285840e-01  8.161850e-01  1.239900e-02  1.204342e+01  1.204342e+01  1.625463e+00  1.496400e-02  1.016175e-01  1.203014e-01  1.203014e-01  1.489845e-01  9.166581e+03  1.349284e+05  1.854678e+03  1.036991e+57  4.027217e+52  5.507868e-06  1.945646e+106  1.000000e+00  1.000000e+00  0.000000e+00
6.723400e+00  2.831505e+02  8.265146e+02  2.594730e+01  6.723400e+00  9.174930e-01  9.053850e-01  1.210700e-02  1.216913e+01  1.216913e+01  1.612612e+00  1.319600e-02  1.113589e-01  1.342548e-01  1.342548e-01  1.470036e-01  5.722827e+03  1.512935e+05  1.810947e+03  1.156424e+57  3.932714e+52  5.388732e-06  1.950121e+106  1.000000e+00  1.000000e+00  0.000000e+00
6.723400e+00  2.929826e+02  8.265146e+02  2.940900e+01  6.723400e+00  1.011002e+00  9.991980e-01  1.180400e-02  1.229583e+01  1.229583e+01  1.598993e+00  1.167500e-02  1.214439e-01  1.492642e-01  1.492642e-01  1.433906e-01  3.618691e+03  1.688974e+05  1.765355e+03  1.283599e+57  3.834154e+52  5.263927e-06  1.937117e+106  1.000000e+00  1.000000e+00  0.000000e+00
6.723400e+00  3.032418e+02  8.265146e+02  3.333260e+01  6.723400e+00  1.108652e+00  1.097165e+00  1.148700e-02  1.242107e+01  1.242107e+01  1.584552e+00  1.036100e-02  1.318311e-01  1.653635e-01  1.653635e-01  1.383907e-01  2.317009e+03  1.877313e+05  1.717849e+03  1.418161e+57  3.731426e+52  5.132078e-06  1.907010e+106  1.000000e+00  1.000000e+00  0.000000e+00
6.723400e+00  3.139580e+02  8.265146e+02  3.777960e+01  6.723400e+00  1.209894e+00  1.198737e+00  1.115700e-02  1.254265e+01  1.254265e+01  1.569235e+00  9.222000e-03  1.424753e-01  1.825840e-01  1.825840e-01  1.322652e-01  1.501957e+03  2.077811e+05  1.668394e+03  1.559639e+57  3.624447e+52  4.992718e-06  1.859721e+106  1.000000e+00  1.000000e+00  0.000000e+00
6.723400e+00  3.251628e+02  8.265146e+02  4.281980e+01  6.723400e+00  1.314090e+00  1.303275e+00  1.081400e-02  1.265851e+01  1.265851e+01  1.552994e+00  8.229000e-03  1.533288e-01  2.009533e-01  2.009534e-01  1.252742e-01  9.854884e+02  2.290133e+05  1.616991e+03  1.707410e+57  3.513180e+52  4.846693e-06  1.795752e+106  1.000000e+00  1.000000e+00  0.000000e+00
6.723400e+00  3.368911e+02  8.265146e+02  4.853260e+01  6.723400e+00  1.420523e+00  1.410065e+00  1.045800e-02  1.276702e+01  1.276702e+01  1.535746e+00  7.362000e-03  1.643389e-01  2.204908e-01  2.204908e-01  1.176794e-01  6.544942e+02  2.513790e+05  1.563582e+03  1.860674e+57  3.397612e+52  4.694349e-06  1.716074e+106  1.000000e+00  1.000000e+00  0.000000e+00
6.723400e+00  3.491847e+02  8.265146e+02  5.500740e+01  6.723400e+00  1.528408e+00  1.518319e+00  1.008900e-02  1.286675e+01  1.286675e+01  1.517462e+00  6.601000e-03  1.754495e-01  2.412060e-01  2.412060e-01  1.096908e-01  4.398639e+02  2.748119e+05  1.508251e+03  2.018552e+57  3.277812e+52  4.534676e-06  1.622782e+106  1.000000e+00  1.000000e+00  0.000000e+00
6.723400e+00  3.620840e+02  8.265146e+02  6.234610e+01  6.723400e+00  1.636907e+00  1.627199e+00  9.708000e-03  1.295668e+01  1.295668e+01  1.498081e+00  5.931000e-03  1.866000e-01  2.630935e-01  2.630935e-01  1.015196e-01  2.991575e+02  2.992453e+05  1.451040e+03  2.180057e+57  3.153904e+52  4.367863e-06  1.517859e+106  1.000000e+00  1.000000e+00  0.000000e+00
6.723400e+00  3.756397e+02  8.265146e+02  7.066390e+01  6.723400e+00  1.745144e+00  1.735830e+00  9.314000e-03  1.303573e+01  1.303573e+01  1.477559e+00  5.337000e-03  1.977323e-01  2.861426e-01  2.861426e-01  9.335581e-02  2.059027e+02  3.245838e+05  1.392054e+03  2.344073e+57  3.026093e+52  4.196475e-06  1.402546e+106  1.000000e+00  1.000000e+00  0.000000e+00
6.723400e+00  3.899028e+02  8.265146e+02  8.009140e+01  6.723400e+00  1.852233e+00  1.843323e+00  8.910000e-03  1.310304e+01  1.310304e+01  1.455836e+00  4.810000e-03  2.087877e-01  3.103285e-01  3.103285e-01  8.534841e-02  1.434103e+02  3.507085e+05  1.331389e+03  2.509182e+57  2.894651e+52  4.016925e-06  1.281104e+106  1.000000e+00  1.000000e+00  0.000000e+00
6.723400e+00  4.049358e+02  8.265146e+02  9.077660e+01  6.723400e+00  1.957290e+00  1.948794e+00  8.495000e-03  1.315798e+01  1.315798e+01  1.432889e+00  4.340000e-03  2.197089e-01  3.356121e-01  3.356121e-01  7.762866e-02  1.010866e+02  3.775527e+05  1.269245e+03  2.674524e+57  2.759945e+52  3.832908e-06  1.154979e+106  1.000000e+00  1.000000e+00  0.000000e+00
6.723400e+00  4.208056e+02  8.265146e+02  1.028874e+02  6.723400e+00  2.059459e+00  2.051387e+00  8.072000e-03  1.320009e+01  1.320009e+01  1.408686e+00  3.920000e-03  2.304400e-01  3.619377e-01  3.619377e-01  7.028228e-02  7.210508e+01  4.049239e+05  1.205828e+03  2.838169e+57  2.622440e+52  3.646185e-06  1.026452e+106  1.000000e+00  1.000000e+00  0.000000e+00
6.723400e+00  4.375827e+02  8.265146e+02  1.166139e+02  6.723400e+00  2.157934e+00  2.150292e+00  7.642000e-03  1.322911e+01  1.322911e+01  1.383207e+00  3.541000e-03  2.409290e-01  3.892346e-01  3.892346e-01  6.338200e-02  5.205167e+01  4.327321e+05  1.141393e+03  2.999046e+57  2.482685e+52  3.403623e-06  9.125123e+105  1.000000e+00  1.000000e+00  0.000000e+00
6.723400e+00  1.053723e+03  8.265146e+02  1.321717e+02  6.723400e+00  2.196265e+00  2.191706e+00  4.559000e-03  1.322547e+01  1.322547e+01  1.164385e+00  2.076000e-03  2.452761e-01  4.010387e-01  4.010387e-01  6.056628e-02  4.548452e+01  4.446571e+05  6.813244e+02  3.064976e+57  1.483584e+52  5.902275e-06  -1.187359e+105  1.000000e+00  -1.000000e+00  1.000000e+00
6.723400e+00  1.071356e+03  8.265146e+02  1.498051e+02  6.723400e+00  2.175681e+00  2.171324e+00  4.356000e-03  1.314301e+01  1.314301e+01  1.146826e+00  2.002000e-03  2.445018e-01  3.989143e-01  3.989143e-01  5.996429e-02  4.574972e+01  4.405537e+05  6.508585e+02  3.030547e+57  1.417365e+52  5.020331e-06  -1.384117e+105  1.000000e+00  -1.000000e+00  1.000000e+00
6.723400e+00  1.091342e+03  8.265146e+02  1.697911e+02  6.723400e+00  2.140992e+00  2.136848e+00  4.144000e-03  1.300976e+01  1.300976e+01  1.127858e+00  1.935000e-03  2.430678e-01  3.950048e-01  3.950048e-01  5.899392e-02  4.635304e+01  4.337671e+05  6.189878e+02  2.973631e+57  1.348072e+52  5.288316e-06  -1.568895e+105  1.000000e+00  -1.000000e+00  1.000000e+00
6.723400e+00  1.113993e+03  8.265146e+02  1.924434e+02  6.723400e+00  2.101469e+00  2.097546e+00  3.923000e-03  1.283838e+01  1.283838e+01  1.107458e+00  1.867000e-03  2.417656e-01  3.914831e-01  3.914831e-01  5.737955e-02  4.631206e+01  4.266142e+05  5.858959e+02  2.908971e+57  1.276112e+52  5.715750e-06  -1.425773e+105  1.000000e+00  -1.000000e+00  1.000000e+00
6.723400e+00  1.139669e+03  8.265146e+02  2.181178e+02  6.723400e+00  2.061144e+00  2.057449e+00  3.696000e-03  1.263680e+01  1.263680e+01  1.085629e+00  1.793000e-03  2.409090e-01  3.891811e-01  3.891811e-01  5.512647e-02  4.529015e+01  4.198370e+05  5.518188e+02  2.841921e+57  1.201988e+52  6.570482e-06  -1.176068e+105  1.000000e+00  -1.000000e+00  1.000000e+00
6.723400e+00  1.168770e+03  8.265146e+02  2.472176e+02  6.723400e+00  2.022622e+00  2.019159e+00  3.463000e-03  1.241183e+01  1.241183e+01  1.062375e+00  1.712000e-03  2.406914e-01  3.885980e-01  3.885980e-01  5.231200e-02  4.317173e+01  4.144379e+05  5.170101e+02  2.778963e+57  1.126276e+52  7.602148e-06  -9.173985e+104  1.000000e+00  -1.000000e+00  1.000000e+00
6.723400e+00  1.201752e+03  8.265146e+02  2.801996e+02  6.723400e+00  1.987722e+00  1.984495e+00  3.228000e-03  1.216978e+01  1.216978e+01  1.037747e+00  1.624000e-03  2.412429e-01  3.900770e-01  3.900770e-01  4.905811e-02  4.002648e+01  4.101179e+05  4.817801e+02  2.719076e+57  1.049629e+52  1.297719e-05  -6.751578e+104  1.000000e+00  -1.000000e+00  1.000000e+00
6.723400e+00  1.239133e+03  8.265146e+02  3.175819e+02  6.723400e+00  1.957616e+00  1.954624e+00  2.992000e-03  1.191732e+01  1.191732e+01  1.011795e+00  1.528000e-03  2.426221e-01  3.937964e-01  3.937964e-01  4.552610e-02  3.610089e+01  4.081764e+05  4.464380e+02  2.670408e+57  9.727395e+51  1.142145e-04  -4.531777e+104  1.000000e+00  -1.000000e+00  1.000000e+00
6.723400e+00  1.281502e+03  8.265146e+02  3.599514e+02  6.723400e+00  1.932855e+00  1.930098e+00  2.757000e-03  1.166034e+01  1.166034e+01  9.846170e-01  1.426000e-03  2.448328e-01  3.998214e-01  3.998214e-01  4.186145e-02  3.172270e+01  4.080122e+05  4.113304e+02  2.629743e+57  8.963359e+51  1.443090e-04  -3.036273e+104  1.000000e+00  -1.000000e+00  1.000000e+00
6.723400e+00  1.329526e+03  8.265146e+02  4.079736e+02  6.723400e+00  1.913453e+00  1.910927e+00  2.526000e-03  1.140410e+01  1.140410e+01  9.563130e-01  1.320000e-03  2.478212e-01  4.080910e-01  4.080910e-01  3.821487e-02  2.725513e+01  4.096010e+05  3.767843e+02  2.597314e+57  8.211401e+51  -9.880818e-06  -1.949722e+104  -1.000000e+00  -1.000000e+00  1.000000e+00
6.723400e+00  1.383956e+03  8.265146e+02  4.624025e+02  6.723400e+00  1.898928e+00  1.896627e+00  2.301000e-03  1.115273e+01  1.115273e+01  9.270100e-01  1.212000e-03  2.514833e-01  4.184277e-01  4.184277e-01  3.469921e-02  2.299749e+01  4.127566e+05  3.431213e+02  2.572152e+57  7.478507e+51  -3.696362e-06  -1.214757e+104  -1.000000e+00  -1.000000e+00  1.000000e+00
6.723400e+00  1.445646e+03  8.265146e+02  5.240930e+02  6.723400e+00  1.888517e+00  1.886434e+00  2.084000e-03  1.090937e+01  1.090937e+01  8.968410e-01  1.103000e-03  2.556836e-01  4.305688e-01  4.305688e-01  3.138980e-02  1.915061e+01  4.172667e+05  3.106320e+02  2.553198e+57  6.771129e+51  -1.830818e-06  -6.183133e+103  -1.000000e+00  -1.000000e+00  1.000000e+00
6.723400e+00  1.515564e+03  8.265146e+02  5.940138e+02  6.723400e+00  1.881249e+00  1.879373e+00  1.876000e-03  1.067598e+01  1.067598e+01  8.659720e-01  9.970000e-04  2.602677e-01  4.441812e-01  4.441812e-01  2.834215e-02  1.582096e+01  4.238807e+05  2.795865e+02  2.544661e+57  6.095026e+51  -9.493801e-07  -3.303662e+103  -1.000000e+00  -1.000000e+00  1.000000e+00
6.723400e+00  1.594815e+03  8.265146e+02  6.732629e+02  6.723400e+00  1.876107e+00  1.874428e+00  1.679000e-03  1.045354e+01  1.045354e+01  8.345650e-01  8.950000e-04  2.650793e-01  4.588962e-01  4.588962e-01  2.557972e-02  1.302942e+01  4.303538e+05  2.502031e+02  2.533740e+57  5.455011e+51  -6.895772e-07  -2.792027e+103  -1.000000e+00  -1.000000e+00  1.000000e+00
6.723400e+00  1.684639e+03  8.265146e+02  7.630849e+02  6.723400e+00  1.872108e+00  1.870613e+00  1.495000e-03  1.024239e+01  1.024239e+01  8.027930e-01  7.980000e-04  2.699674e-01  4.743152e-01  4.743152e-01  2.310258e-02  1.074018e+01  4.373733e+05  2.226548e+02  2.524534e+57  4.854863e+51  -5.143593e-07  -1.433253e+103  -1.000000e+00  -1.000000e+00  1.000000e+00
6.723400e+00  1.786445e+03  8.265146e+02  8.648903e+02  6.723400e+00  1.868383e+00  1.867060e+00  1.323000e-03  1.004217e+01  1.004217e+01  7.708280e-01  7.080000e-04  2.748020e-01  4.900566e-01  4.900566e-01  2.089970e-02  8.890971e+00  4.457609e+05  1.970635e+02  2.521758e+57  4.297263e+51  -5.151476e-07  -1.073396e+103  -1.000000e+00  -1.000000e+00  1.000000e+00
6.723400e+00  1.901831e+03  8.265146e+02  9.802778e+02  6.723400e+00  1.864211e+00  1.863046e+00  1.165000e-03  9.852410e+00  9.852410e+00  7.388410e-01  6.250000e-04  2.794694e-01  5.057419e-01  5.057419e-01  1.895721e-02  7.413321e+00  4.530332e+05  1.735012e+02  2.511367e+57  3.783793e+51  -6.035484e-07  -1.166254e+103  -1.000000e+00  -1.000000e+00  1.000000e+00
6.723400e+00  2.032610e+03  8.265146e+02  1.111060e+03  6.723400e+00  1.859042e+00  1.858021e+00  1.021000e-03  9.672309e+00  9.672309e+00  7.070000e-01  5.490000e-04  2.838838e-01  5.210424e-01  5.210424e-01  1.727759e-02  6.247253e+00  4.611964e+05  1.519938e+02  2.505159e+57  3.314996e+51  -7.531640e-07  -7.649642e+102  -1.000000e+00  -1.000000e+00  1.000000e+00
6.723400e+00  2.180844e+03  8.265146e+02  1.259289e+03  6.723400e+00  1.852455e+00  1.851565e+00  8.900000e-04  9.501035e+00  9.501035e+00  6.754470e-01  4.810000e-04  2.879774e-01  5.356560e-01  5.356560e-01  1.581235e-02  5.322432e+00  4.688400e+05  1.325157e+02  2.495166e+57  2.890447e+51  -1.190146e-06  -1.170002e+103  -1.000000e+00  -1.000000e+00  1.000000e+00
6.723400e+00  2.348852e+03  8.265146e+02  1.427295e+03  6.723400e+00  1.844193e+00  1.843420e+00  7.730000e-04  9.337924e+00  9.337924e+00  6.443370e-01  4.190000e-04  2.917009e-01  5.493205e-01  5.493205e-01  1.453470e-02  4.588029e+00  4.746097e+05  1.150166e+02  2.474186e+57  2.508945e+51  -1.417658e-06  -1.052319e+103  -1.000000e+00  -1.000000e+00  1.000000e+00
6.723400e+00  2.539271e+03  8.265146e+02  1.617714e+03  6.723400e+00  1.834121e+00  1.833453e+00  6.680000e-04  9.182393e+00  9.182393e+00  6.137950e-01  3.640000e-04  2.950215e-01  5.618196e-01  5.618196e-01  1.342387e-02  4.004246e+00  4.818495e+05  9.940857e+01  2.461502e+57  2.168610e+51  -1.977987e-06  -8.321169e+102  -1.000000e+00  -1.000000e+00  1.000000e+00
6.723400e+00  2.755091e+03  8.265146e+02  1.833538e+03  6.723400e+00  1.822194e+00  1.821619e+00  5.750000e-04  9.033934e+00  9.033934e+00  5.839260e-01  3.160000e-04  2.979198e-01  5.729797e-01  5.729797e-01  1.245900e-02  3.539120e+00  4.868694e+05  8.557875e+01  2.436508e+57  1.867054e+51  -2.548420e-06  -8.272160e+102  -1.000000e+00  -1.000000e+00  1.000000e+00
6.723400e+00  2.999709e+03  8.265146e+02  2.078156e+03  6.723400e+00  1.808459e+00  1.807966e+00  4.930000e-04  8.892195e+00  8.892195e+00  5.548340e-01  2.730000e-04  3.003872e-01  5.826716e-01  5.826716e-01  1.162575e-02  3.168992e+00  4.919384e+05  7.340478e+01  2.412525e+57  1.601554e+51  -3.479128e-06  -6.803942e+102  -1.000000e+00  -1.000000e+00  1.000000e+00
6.723400e+00  3.276966e+03  8.265146e+02  2.355409e+03  6.723400e+00  1.793024e+00  1.792602e+00  4.220000e-04  8.756884e+00  8.756884e+00  5.265960e-01  2.350000e-04  3.024254e-01  5.908140e-01  5.908140e-01  1.090734e-02  2.874349e+00  4.957567e+05  6.275013e+01  2.382437e+57  1.369167e+51  -5.577758e-06  -6.270801e+102  -1.000000e+00  -1.000000e+00  1.000000e+00
6.723400e+00  3.591209e+03  8.265146e+02  2.669651e+03  6.723400e+00  1.776034e+00  1.775675e+00  3.600000e-04  8.627831e+00  8.627831e+00  4.992790e-01  2.020000e-04  3.040405e-01  5.973563e-01  5.973563e-01  1.028902e-02  2.640159e+00  4.983375e+05  5.347615e+01  2.346776e+57  1.166864e+51  -6.056273e-06  -4.747725e+102  -1.000000e+00  -1.000000e+00  1.000000e+00
6.723400e+00  3.947373e+03  8.265146e+02  3.025817e+03  6.723400e+00  1.757678e+00  1.757372e+00  3.060000e-04  8.504933e+00  8.504933e+00  4.729230e-01  1.740000e-04  3.052460e-01  6.022926e-01  6.022926e-01  9.758472e-03  2.454935e+00  5.017981e+05  4.544214e+01  2.317808e+57  9.916169e+50  -1.570919e-05  -3.796364e+102  -1.000000e+00  -1.000000e+00  1.000000e+00
6.723400e+00  4.351050e+03  8.265146e+02  3.429500e+03  6.723400e+00  1.738160e+00  1.737901e+00  2.590000e-04  8.388194e+00  8.388194e+00  4.475730e-01  1.490000e-04  3.060574e-01  6.056406e-01  6.056406e-01  9.307845e-03  2.310701e+00  5.028416e+05  3.851579e+01  2.277053e+57  8.405032e+50  -2.239160e-05  -3.284967e+102  -1.000000e+00  -1.000000e+00  1.000000e+00
6.723400e+00  4.808596e+03  8.265146e+02  3.887040e+03  6.723400e+00  1.717703e+00  1.717484e+00  2.190000e-04  8.277676e+00  8.277676e+00  4.232470e-01  1.280000e-04  3.064934e-01  6.074487e-01  6.074487e-01  8.926620e-03  2.200341e+00  5.036599e+05  3.256795e+01  2.237282e+57  7.107340e+50  -3.268831e-05  -2.390619e+102  -1.000000e+00  -1.000000e+00  1.000000e+00
6.723400e+00  5.327181e+03  8.265146e+02  4.405622e+03  6.723400e+00  1.696509e+00  1.696324e+00  1.850000e-04  8.173325e+00  8.173325e+00  3.999530e-01  1.090000e-04  3.065766e-01  6.077944e-01  6.077944e-01  8.606272e-03  2.118486e+00  5.042247e+05  2.747937e+01  2.198545e+57  5.997123e+50  -3.449018e-04  -1.843175e+102  -1.000000e+00  -1.000000e+00  1.000000e+00
6.723400e+00  5.914947e+03  8.265146e+02  4.993389e+03  6.723400e+00  1.674809e+00  1.674654e+00  1.560000e-04  8.075293e+00  8.075293e+00  3.777000e-01  9.300000e-05  3.063294e-01  6.067680e-01  6.067680e-01  8.340863e-03  2.061453e+00  5.035426e+05  2.314130e+01  2.155330e+57  5.050540e+50  2.834014e-05  -1.434633e+102  1.000000e+00  -1.000000e+00  1.000000e+00
6.723400e+00  6.581126e+03  8.265146e+02  5.659571e+03  6.723400e+00  1.652816e+00  1.652686e+00  1.310000e-04  7.983732e+00  7.983732e+00  3.564780e-01  7.900000e-05  3.057738e-01  6.044683e-01  6.044683e-01  8.125767e-03  2.026607e+00  5.026287e+05  1.945441e+01  2.113499e+57  4.245952e+50  2.194578e-05  -1.027949e+102  1.000000e+00  -1.000000e+00  1.000000e+00
6.723400e+00  7.336183e+03  8.265146e+02  6.414631e+03  6.723400e+00  1.630733e+00  1.630623e+00  1.100000e-04  7.898700e+00  7.898700e+00  3.362680e-01  6.700000e-05  3.049362e-01  6.010195e-01  6.010195e-01  7.953584e-03  2.011031e+00  5.014961e+05  1.632882e+01  2.073231e+57  3.563923e+50  1.800797e-05  -7.321985e+101  1.000000e+00  -1.000000e+00  1.000000e+00
6.723400e+00  8.191984e+03  8.265146e+02  7.270426e+03  6.723400e+00  1.608749e+00  1.608657e+00  9.200000e-05  7.820273e+00  7.820273e+00  3.170570e-01  5.700000e-05  3.038422e-01  5.965487e-01  5.965487e-01  7.820346e-03  2.013248e+00  5.001502e+05  1.368631e+01  2.034572e+57  2.987240e+50  1.369291e-05  -5.478757e+101  1.000000e+00  -1.000000e+00  1.000000e+00
6.723400e+00  9.161955e+03  8.265146e+02  8.240395e+03  6.723400e+00  1.587044e+00  1.586966e+00  7.700000e-05  7.748521e+00  7.748521e+00  2.988170e-01  4.900000e-05  3.025183e-01  5.911883e-01  5.911883e-01  7.722741e-03  2.031992e+00  4.977548e+05  1.145701e+01  1.992812e+57  2.500711e+50  8.780760e-06  -4.124907e+101  1.000000e+00  -1.000000e+00  1.000000e+00
6.723400e+00  1.026133e+04  8.265146e+02  9.339770e+03  6.723400e+00  1.565806e+00  1.565741e+00  6.400000e-05  7.683683e+00  7.683683e+00  2.815210e-01  4.100000e-05  3.009886e-01  5.850612e-01  5.850612e-01  7.654616e-03  2.065770e+00  4.952573e+05  9.580056e+00  1.953307e+57  2.091060e+50  8.233382e-06  -2.875620e+101  1.000000e+00  -1.000000e+00  1.000000e+00
6.723400e+00  1.150737e+04  8.265146e+02  1.058582e+04  6.723400e+00  1.545173e+00  1.545119e+00  5.400000e-05  7.625644e+00  7.625644e+00  2.651350e-01  3.500000e-05  2.992831e-01  5.783126e-01  5.783126e-01  7.614806e-03  2.114269e+00  4.926667e+05  8.002472e+00  1.916048e+57  1.746753e+50  7.023958e-06  -2.101514e+101  1.000000e+00  -1.000000e+00  1.000000e+00
6.723400e+00  1.291966e+04  8.265146e+02  1.199810e+04  6.723400e+00  1.525293e+00  1.525248e+00  4.500000e-05  7.574430e+00  7.574430e+00  2.496280e-01  2.900000e-05  2.974301e-01  5.710775e-01  5.710775e-01  7.597555e-03  2.176012e+00  4.892304e+05  6.678689e+00  1.876669e+57  1.457826e+50  5.663707e-06  -1.548958e+101  1.000000e+00  -1.000000e+00  1.000000e+00
6.723400e+00  1.452036e+04  8.265146e+02  1.359880e+04  6.723400e+00  1.506292e+00  1.506255e+00  3.700000e-05  7.530054e+00  7.530054e+00  2.349660e-01  2.500000e-05  2.954560e-01  5.634774e-01  5.634774e-01  7.603682e-03  2.251484e+00  4.858047e+05  5.569460e+00  1.839949e+57  1.215716e+50  6.231147e-06  -1.006489e+101  1.000000e+00  -1.000000e+00  1.000000e+00
6.723400e+00  1.633462e+04  8.265146e+02  1.541306e+04  6.723400e+00  1.488277e+00  1.488246e+00  3.100000e-05  7.492351e+00  7.492351e+00  2.211120e-01  2.100000e-05  2.933914e-01  5.556462e-01  5.556462e-01  7.621721e-03  2.337415e+00  4.831425e+05  4.641137e+00  1.810034e+57  1.013093e+50  5.999542e-06  -6.719503e+100  1.000000e+00  -1.000000e+00  1.000000e+00
6.723400e+00  1.839092e+04  8.265146e+02  1.746936e+04  6.723400e+00  1.471359e+00  1.471333e+00  2.600000e-05  7.461268e+00  7.461268e+00  2.080330e-01  1.800000e-05  2.912646e-01  5.477007e-01  5.477007e-01  7.653451e-03  2.434051e+00  4.797826e+05  3.865159e+00  1.778474e+57  8.437077e+49  4.914865e-06  -4.897911e+100  1.000000e+00  -1.000000e+00  1.000000e+00
6.723400e+00  2.071233e+04  8.265146e+02  1.979078e+04  6.723400e+00  1.455668e+00  1.455646e+00  2.200000e-05  7.436695e+00  7.436695e+00  1.957330e-01  1.500000e-05  2.891106e-01  5.397761e-01  5.397761e-01  7.693962e-03  2.539443e+00  4.765134e+05  3.219266e+00  1.749688e+57  7.027262e+49  4.798839e-06  -3.623643e+100  1.000000e+00  -1.000000e+00  1.000000e+00
9.236700e+00  1.030404e+02  8.424026e+02  1.000000e+00  9.236700e+00  3.075400e-02  3.519000e-03  2.723500e-02  5.543999e+00  5.543999e+00  2.101587e+00  8.855790e-01  8.193376e-03  8.295468e-03  8.295494e-03  1.940810e-03  3.504115e+07  5.293799e+02  4.093606e+03  4.428945e+54  1.020471e+53  6.609240e-06  8.264332e+104  1.000000e+00  1.000000e+00  0.000000e+00
9.236700e+00  1.076573e+02  8.424026e+02  1.133400e+00  9.236700e+00  3.136900e-02  4.389000e-03  2.698000e-02  6.304381e+00  6.304381e+00  2.094917e+00  8.600810e-01  7.349172e-03  7.431193e-03  7.431200e-03  1.604943e-03  4.990901e+07  6.607015e+02  4.055290e+03  5.510395e+54  1.011725e+53  6.612896e-06  8.474175e+104  1.000000e+00  1.000000e+00  0.000000e+00
9.236700e+00  1.131115e+02  8.424026e+02  1.284600e+00  9.236700e+00  3.229500e-02  5.578000e-03  2.671700e-02  7.282585e+00  7.282585e+00  2.088034e+00  8.272770e-01  6.549818e-03  6.614879e-03  6.614881e-03  1.481324e-03  8.192276e+07  8.400716e+02  4.015825e+03  6.979653e+54  1.002435e+53  6.622348e-06  1.011348e+105  1.000000e+00  1.000000e+00  0.000000e+00
9.236700e+00  1.191072e+02  8.424026e+02  1.456000e+00  9.236700e+00  3.370100e-02  7.254000e-03  2.644800e-02  8.521358e+00  8.521358e+00  2.080951e+00  7.847680e-01  5.841426e-03  5.893113e-03  5.893113e-03  1.535977e-03  1.505553e+08  1.092698e+03  3.975380e+03  9.045619e+54  9.927392e+52  6.630119e-06  1.399859e+105  1.000000e+00  1.000000e+00  0.000000e+00
9.236700e+00  1.250167e+02  8.424026e+02  1.650300e+00  9.236700e+00  3.582800e-02  9.657000e-03  2.617100e-02  1.001026e+01  1.001026e+01  2.073650e+00  7.304550e-01  5.286413e-03  5.328705e-03  5.328711e-03  1.758029e-03  2.838771e+08  1.454911e+03  3.933837e+03  1.200840e+55  9.825874e+52  6.634890e-06  1.883857e+105  1.000000e+00  1.000000e+00  0.000000e+00
9.236700e+00  1.316026e+02  8.424026e+02  1.870400e+00  9.236700e+00  3.899300e-02  1.310900e-02  2.588500e-02  1.161096e+01  1.161096e+01  2.066036e+00  6.638210e-01  4.960259e-03  4.997474e-03  4.997479e-03  2.142424e-03  4.756554e+08  1.974831e+03  3.890745e+03  1.626708e+55  9.719244e+52  6.636873e-06  2.637805e+105  1.000000e+00  1.000000e+00  0.000000e+00
9.236700e+00  1.379494e+02  8.424026e+02  2.120000e+00  9.236700e+00  4.353800e-02  1.795200e-02  2.558600e-02  1.301297e+01  1.301297e+01  2.058061e+00  5.876730e-01  4.941684e-03  4.978619e-03  4.978623e-03  2.675989e-03  6.053653e+08  2.704656e+03  3.845857e+03  2.226038e+55  9.607358e+52  6.633296e-06  2.661674e+105  1.000000e+00  1.000000e+00  0.000000e+00
9.236700e+00  1.527256e+02  8.424026e+02  2.402800e+00  9.236700e+00  4.944400e-02  2.424900e-02  2.519500e-02  1.390817e+01  1.390817e+01  2.047591e+00  5.095650e-01  5.250831e-03  5.292553e-03  5.292554e-03  3.341230e-03  5.580484e+08  3.654259e+03  3.786985e+03  3.008356e+55  9.453633e+52  6.625115e-06  5.394821e+105  1.000000e+00  1.000000e+00  0.000000e+00
9.236700e+00  1.576382e+02  8.424026e+02  2.723400e+00  9.236700e+00  5.716800e-02  3.235800e-02  2.481000e-02  1.415523e+01  1.415523e+01  2.037094e+00  4.339860e-01  5.965083e-03  6.018992e-03  6.018995e-03  4.279684e-03  3.777775e+08  4.879261e+03  3.729077e+03  4.020107e+55  9.310253e+52  6.610199e-06  7.279539e+105  1.000000e+00  1.000000e+00  0.000000e+00
9.236700e+00  1.627167e+02  8.424026e+02  3.086700e+00  9.236700e+00  6.709700e-02  4.263700e-02  2.446000e-02  1.390176e+01  1.390176e+01  2.027421e+00  3.645500e-01  7.128753e-03  7.205899e-03  7.205902e-03  5.845173e-03  2.116601e+08  6.436046e+03  3.676573e+03  5.307123e+55  9.185618e+52  6.591401e-06  8.829674e+105  1.000000e+00  1.000000e+00  0.000000e+00
9.236700e+00  1.679681e+02  8.424026e+02  3.498500e+00  9.236700e+00  7.954700e-02  5.540300e-02  2.414400e-02  1.340822e+01  1.340822e+01  2.018552e+00  3.035180e-01  8.762641e-03  8.879525e-03  8.879528e-03  8.551001e-03  1.103439e+08  8.375686e+03  3.629074e+03  6.909308e+55  9.075424e+52  6.568589e-06  1.045576e+106  1.000000e+00  1.000000e+00  0.000000e+00
9.236700e+00  1.734000e+02  8.424026e+02  3.965200e+00  9.236700e+00  9.482500e-02  7.096600e-02  2.386000e-02  1.287541e+01  1.287541e+01  2.010532e+00  2.516170e-01  1.087789e-02  1.105866e-02  1.105867e-02  1.292929e-02  5.659220e+07  1.074930e+04  3.586402e+03  8.863145e+55  8.974982e+52  6.541396e-06  1.210849e+106  1.000000e+00  1.000000e+00  0.000000e+00
9.236700e+00  1.790190e+02  8.424026e+02  4.494300e+00  9.236700e+00  1.132140e-01  8.962000e-02  2.359400e-02  1.240615e+01  1.240615e+01  2.003001e+00  2.084000e-01  1.347860e-02  1.375738e-02  1.375738e-02  1.935962e-02  2.901207e+07  1.360731e+04  3.546352e+03  1.120063e+56  8.876781e+52  6.509504e-06  1.374091e+106  1.000000e+00  1.000000e+00  0.000000e+00
9.236700e+00  1.848335e+02  8.424026e+02  5.093900e+00  9.236700e+00  1.349540e-01  1.116320e-01  2.332200e-02  1.203309e+01  1.203309e+01  1.995263e+00  1.728120e-01  1.656490e-02  1.698820e-02  1.698820e-02  2.793799e-02  1.493352e+07  1.699771e+04  3.505431e+03  1.394892e+56  8.775751e+52  6.472305e-06  1.533077e+106  1.000000e+00  1.000000e+00  0.000000e+00
9.236700e+00  1.908524e+02  8.424026e+02  5.773400e+00  9.236700e+00  1.602750e-01  1.372340e-01  2.304100e-02  1.175445e+01  1.175445e+01  1.987211e+00  1.437600e-01  2.013931e-02  2.076886e-02  2.076886e-02  3.842138e-02  7.731482e+06  2.096507e+04  3.463191e+03  1.713233e+56  8.671464e+52  6.430282e-06  1.690020e+106  1.000000e+00  1.000000e+00  0.000000e+00
9.236700e+00  1.970844e+02  8.424026e+02  6.543700e+00  9.236700e+00  1.894920e-01  1.667410e-01  2.275200e-02  1.155713e+01  1.155713e+01  1.978831e+00  1.200660e-01  2.421717e-02  2.513396e-02  2.513396e-02  5.034173e-02  4.029255e+06  2.556956e+04  3.419584e+03  2.079009e+56  8.563666e+52  6.382520e-06  1.852225e+106  1.000000e+00  1.000000e+00  0.000000e+00
9.236700e+00  2.035396e+02  8.424026e+02  7.416700e+00  9.236700e+00  2.230640e-01  2.006120e-01  2.245200e-02  1.142841e+01  1.142841e+01  1.970117e+00  1.006540e-01  2.882876e-02  3.013850e-02  3.013850e-02  6.315944e-02  2.114530e+06  3.089720e+04  3.374578e+03  2.498435e+56  8.452103e+52  6.329461e-06  2.025526e+106  1.000000e+00  1.000000e+00  0.000000e+00
9.236700e+00  2.102287e+02  8.424026e+02  8.406200e+00  9.236700e+00  2.615200e-01  2.393770e-01  2.214300e-02  1.135907e+01  1.135907e+01  1.960986e+00  8.466900e-02  3.400506e-02  3.584411e-02  3.584412e-02  7.633184e-02  1.119176e+06  3.704818e+04  3.327870e+03  2.978932e+56  8.336420e+52  6.271243e-06  2.207907e+106  1.000000e+00  1.000000e+00  0.000000e+00
9.236700e+00  2.171631e+02  8.424026e+02  9.527700e+00  9.236700e+00  3.053240e-01  2.835020e-01  2.182100e-02  1.134142e+01  1.134142e+01  1.951444e+00  7.146900e-02  3.976261e-02  4.230315e-02  4.230315e-02  8.930377e-02  5.989659e+05  4.411816e+04  3.279488e+03  3.527499e+56  8.216360e+52  6.207141e-06  2.391790e+106  1.000000e+00  1.000000e+00  0.000000e+00
9.236700e+00  2.243537e+02  8.424026e+02  1.079880e+01  9.236700e+00  3.548110e-01  3.333230e-01  2.148800e-02  1.133976e+01  1.133976e+01  1.941441e+00  6.056100e-02  4.621406e-02  4.968620e-02  4.968620e-02  1.027526e-01  3.249603e+05  5.218713e+04  3.229256e+03  4.149774e+56  8.091603e+52  6.136723e-06  2.569289e+106  1.000000e+00  1.000000e+00  0.000000e+00
9.236700e+00  2.318138e+02  8.424026e+02  1.223950e+01  9.236700e+00  4.101940e-01  3.890530e-01  2.114100e-02  1.136579e+01  1.136579e+01  1.930936e+00  5.154000e-02  5.330544e-02  5.798539e-02  5.798539e-02  1.156114e-01  1.790815e+05  6.132242e+04  3.177047e+03  4.850123e+56  7.961821e+52  6.059772e-06  2.733011e+106  1.000000e+00  1.000000e+00  0.000000e+00
9.236700e+00  2.395612e+02  8.424026e+02  1.387240e+01  9.236700e+00  4.715870e-01  4.508060e-01  2.078100e-02  1.142895e+01  1.142895e+01  1.919885e+00  4.406600e-02  6.094485e-02  6.714999e-02  6.715000e-02  1.265728e-01  1.003600e+05  7.157922e+04  3.122718e+03  5.631685e+56  7.826676e+52  5.976287e-06  2.878758e+106  1.000000e+00  1.000000e+00  0.000000e+00
9.236700e+00  2.476067e+02  8.424026e+02  1.572320e+01  9.236700e+00  5.390170e-01  5.186110e-01  2.040500e-02  1.152046e+01  1.152046e+01  1.908238e+00  3.785600e-02  6.910567e-02  7.720811e-02  7.720811e-02  1.352455e-01  5.720887e+04  8.300594e+04  3.066129e+03  6.496836e+56  7.685847e+52  5.885773e-06  3.004057e+106  1.000000e+00  1.000000e+00  0.000000e+00
9.236700e+00  2.559695e+02  8.424026e+02  1.782080e+01  9.236700e+00  6.124290e-01  5.924140e-01  2.001400e-02  1.163250e+01  1.163250e+01  1.895966e+00  3.268000e-02  7.776137e-02  8.819324e-02  8.819324e-02  1.414802e-01  3.317295e+04  9.564318e+04  3.007209e+03  7.447160e+56  7.539015e+52  5.788177e-06  3.105455e+106  1.000000e+00  1.000000e+00  0.000000e+00
9.236700e+00  2.646662e+02  8.424026e+02  2.019840e+01  9.236700e+00  6.916930e-01  6.720860e-01  1.960600e-02  1.175875e+01  1.175875e+01  1.882985e+00  2.834500e-02  8.688272e-02  1.001409e-01  1.001409e-01  1.452307e-01  1.955693e+04  1.095253e+05  2.945721e+03  8.483317e+56  7.385824e+52  5.683085e-06  3.180621e+106  1.000000e+00  1.000000e+00  0.000000e+00
9.236700e+00  2.737197e+02  8.424026e+02  2.289310e+01  9.236700e+00  7.765920e-01  7.574110e-01  1.918100e-02  1.189381e+01  1.189381e+01  1.869260e+00  2.469900e-02  9.643921e-02  1.130906e-01  1.130906e-01  1.466325e-01  1.171845e+04  1.246795e+05  2.881607e+03  9.605231e+56  7.225969e+52  5.571106e-06  3.228011e+106  1.000000e+00  1.000000e+00  0.000000e+00
9.236700e+00  2.831505e+02  8.424026e+02  2.594730e+01  9.236700e+00  8.668210e-01  8.480840e-01  1.873700e-02  1.203307e+01  1.203307e+01  1.854715e+00  2.161600e-02  1.063983e-01  1.270846e-01  1.270846e-01  1.458893e-01  7.132773e+03  1.411178e+05  2.814689e+03  1.081123e+57  7.059149e+52  5.451555e-06  3.246340e+106  1.000000e+00  1.000000e+00  0.000000e+00
9.236700e+00  2.929826e+02  8.424026e+02  2.940900e+01  9.236700e+00  9.619800e-01  9.437050e-01  1.827500e-02  1.217312e+01  1.217312e+01  1.839326e+00  1.899700e-02  1.167201e-01  1.421601e-01  1.421601e-01  1.432297e-01  4.407720e+03  1.588519e+05  2.744983e+03  1.209926e+57  6.885128e+52  5.325352e-06  3.234269e+106  1.000000e+00  1.000000e+00  0.000000e+00
9.236700e+00  3.032418e+02  8.424026e+02  3.333260e+01  9.236700e+00  1.061573e+00  1.043780e+00  1.779200e-02  1.231128e+01  1.231128e+01  1.822989e+00  1.676000e-02  1.273585e-01  1.583489e-01  1.583489e-01  1.389295e-01  2.764159e+03  1.778615e+05  2.672268e+03  1.346471e+57  6.703646e+52  5.192005e-06  3.192363e+106  1.000000e+00  1.000000e+00  0.000000e+00
9.236700e+00  3.139580e+02  8.424026e+02  3.777960e+01  9.236700e+00  1.165010e+00  1.147720e+00  1.729000e-02  1.244512e+01  1.244512e+01  1.805665e+00  1.484100e-02  1.382650e-01  1.756816e-01  1.756816e-01  1.332877e-01  1.758483e+03  1.981386e+05  2.596552e+03  1.490357e+57  6.514556e+52  5.050273e-06  3.120508e+106  1.000000e+00  1.000000e+00  0.000000e+00
9.236700e+00  3.251628e+02  8.424026e+02  4.281980e+01  9.236700e+00  1.271612e+00  1.254844e+00  1.676800e-02  1.257252e+01  1.257252e+01  1.787278e+00  1.318600e-02  1.493873e-01  1.941839e-01  1.941839e-01  1.266092e-01  1.134504e+03  2.196406e+05  2.517764e+03  1.640836e+57  6.317748e+52  4.901784e-06  3.019733e+106  1.000000e+00  1.000000e+00  0.000000e+00
9.236700e+00  3.368911e+02  8.424026e+02  4.853260e+01  9.236700e+00  1.380618e+00  1.364393e+00  1.622500e-02  1.269172e+01  1.269172e+01  1.767761e+00  1.175200e-02  1.606700e-01  2.138747e-01  2.138747e-01  1.191814e-01  7.420700e+02  2.423215e+05  2.435898e+03  1.797199e+57  6.113207e+52  4.746717e-06  2.891447e+106  1.000000e+00  1.000000e+00  0.000000e+00
9.236700e+00  3.491847e+02  8.424026e+02  5.500740e+01  9.236700e+00  1.491197e+00  1.475535e+00  1.566200e-02  1.280133e+01  1.280133e+01  1.747072e+00  1.050300e-02  1.720528e-01  2.347613e-01  2.347613e-01  1.112474e-01  4.919153e+02  2.661041e+05  2.351044e+03  1.958396e+57  5.901017e+52  4.585018e-06  2.738411e+106  1.000000e+00  1.000000e+00  0.000000e+00
9.236700e+00  3.620840e+02  8.424026e+02  6.234610e+01  9.236700e+00  1.602466e+00  1.587387e+00  1.507900e-02  1.290021e+01  1.290021e+01  1.725113e+00  9.410000e-03  1.834737e-01  2.568402e-01  2.568402e-01  1.030509e-01  3.304392e+02  2.909167e+05  2.263182e+03  2.123443e+57  5.681345e+52  4.417402e-06  2.563910e+106  1.000000e+00  1.000000e+00  0.000000e+00
9.236700e+00  3.756397e+02  8.424026e+02  7.066390e+01  9.236700e+00  1.713506e+00  1.699029e+00  1.447800e-02  1.298739e+01  1.298739e+01  1.701860e+00  8.449000e-03  1.948702e-01  2.800964e-01  2.800964e-01  9.480342e-02  2.249083e+02  3.166432e+05  2.172537e+03  2.291003e+57  5.454553e+52  4.243504e-06  2.372231e+106  1.000000e+00  1.000000e+00  0.000000e+00
9.236700e+00  3.899028e+02  8.424026e+02  8.009140e+01  9.236700e+00  1.823388e+00  1.809529e+00  1.385900e-02  1.306198e+01  1.306198e+01  1.677229e+00  7.600000e-03  2.061825e-01  3.045062e-01  3.045062e-01  8.668515e-02  1.550937e+02  3.431967e+05  2.079213e+03  2.459945e+57  5.221084e+52  4.063331e-06  2.167978e+106  1.000000e+00  1.000000e+00  0.000000e+00
9.236700e+00  4.049358e+02  8.424026e+02  9.077660e+01  9.236700e+00  1.931190e+00  1.917967e+00  1.322400e-02  1.312339e+01  1.312339e+01  1.651198e+00  6.847000e-03  2.173505e-01  3.300284e-01  3.300284e-01  7.882904e-02  1.083409e+02  3.704355e+05  1.983523e+03  2.628730e+57  4.981569e+52  3.878022e-06  1.955515e+106  1.000000e+00  1.000000e+00  0.000000e+00
9.236700e+00  4.208056e+02  8.424026e+02  1.028874e+02  9.236700e+00  2.036023e+00  2.023448e+00  1.257500e-02  1.317123e+01  1.317123e+01  1.623729e+00  6.176000e-03  2.283169e-01  3.566059e-01  3.566060e-01  7.134564e-02  7.666332e+01  3.982489e+05  1.885780e+03  2.796158e+57  4.736808e+52  3.686935e-06  1.741193e+106  1.000000e+00  1.000000e+00  0.000000e+00
9.236700e+00  4.375827e+02  8.424026e+02  1.166139e+02  9.236700e+00  2.137051e+00  2.125136e+00  1.191400e-02  1.320531e+01  1.320531e+01  1.594783e+00  5.575000e-03  2.390275e-01  3.841641e-01  3.841641e-01  6.430843e-02  5.494616e+01  4.264900e+05  1.786328e+03  2.960687e+57  4.487741e+52  3.482127e-06  1.549252e+106  1.000000e+00  1.000000e+00  0.000000e+00
9.236700e+00  1.053723e+03  8.424026e+02  1.321717e+02  9.236700e+00  2.182917e+00  2.175744e+00  7.172000e-03  1.321219e+01  1.321219e+01  1.346702e+00  3.286000e-03  2.440304e-01  3.976254e-01  3.976254e-01  6.119543e-02  4.714175e+01  4.405688e+05  1.076025e+03  3.040445e+57  2.700665e+52  6.948943e-06  -1.346210e+105  1.000000e+00  -1.000000e+00  1.000000e+00
9.236700e+00  1.071356e+03  8.424026e+02  1.498051e+02  9.236700e+00  2.169722e+00  2.162887e+00  6.835000e-03  1.314027e+01  1.314027e+01  1.325053e+00  3.150000e-03  2.438829e-01  3.972231e-01  3.972231e-01  6.033867e-02  4.662273e+01  4.385603e+05  1.025253e+03  3.019189e+57  2.578786e+52  6.077037e-06  -1.863452e+105  1.000000e+00  -1.000000e+00  1.000000e+00
9.236700e+00  1.091342e+03  8.424026e+02  1.697911e+02  9.236700e+00  2.138596e+00  2.132091e+00  6.505000e-03  1.301491e+01  1.301491e+01  1.303372e+00  3.042000e-03  2.426996e-01  3.940065e-01  3.940065e-01  5.931586e-02  4.696097e+01  4.325054e+05  9.755130e+02  2.967462e+57  2.453885e+52  5.268814e-06  -2.494730e+105  1.000000e+00  -1.000000e+00  1.000000e+00
9.236700e+00  1.113993e+03  8.424026e+02  1.924434e+02  9.236700e+00  2.100711e+00  2.094549e+00  6.162000e-03  1.284866e+01  1.284866e+01  1.280040e+00  2.933000e-03  2.414849e-01  3.907276e-01  3.907276e-01  5.770822e-02  4.684841e+01  4.256209e+05  9.238249e+02  2.905046e+57  2.324071e+52  5.817584e-06  -2.328743e+105  1.000000e+00  -1.000000e+00  1.000000e+00
9.236700e+00  1.139669e+03  8.424026e+02  2.181178e+02  9.236700e+00  2.061052e+00  2.055244e+00  5.808000e-03  1.265024e+01  1.265024e+01  1.255021e+00  2.818000e-03  2.406422e-01  3.884663e-01  3.884690e-01  5.547053e-02  4.582538e+01  4.192239e+05  8.704960e+02  2.840627e+57  2.190219e+52  6.570364e-06  -1.949497e+105  1.000000e+00  -1.000000e+00  1.000000e+00
9.236700e+00  1.168770e+03  8.424026e+02  2.472176e+02  9.236700e+00  2.022690e+00  2.017243e+00  5.446000e-03  1.242674e+01  1.242674e+01  1.228428e+00  2.693000e-03  2.404107e-01  3.878471e-01  3.878471e-01  5.266158e-02  4.371531e+01  4.137445e+05  8.160831e+02  2.777507e+57  2.053412e+52  8.041676e-06  -1.533736e+105  1.000000e+00  -1.000000e+00  1.000000e+00
9.236700e+00  1.201752e+03  8.424026e+02  2.801996e+02  9.236700e+00  1.987668e+00  1.982589e+00  5.080000e-03  1.218524e+01  1.218524e+01  1.200208e+00  2.556000e-03  2.409303e-01  3.892380e-01  3.892380e-01  4.940339e-02  4.057031e+01  4.098363e+05  7.609066e+02  2.720084e+57  1.914767e+52  1.227928e-05  -1.123538e+105  1.000000e+00  -1.000000e+00  1.000000e+00
9.236700e+00  1.239133e+03  8.424026e+02  3.175819e+02  9.236700e+00  1.957316e+00  1.952605e+00  4.711000e-03  1.193238e+01  1.193238e+01  1.170459e+00  2.407000e-03  2.422788e-01  3.928680e-01  3.928680e-01  4.584931e-02  3.661531e+01  4.077457e+05  7.055119e+02  2.670554e+57  1.775554e+52  5.971185e-05  -7.847940e+104  1.000000e+00  -1.000000e+00  1.000000e+00
9.236700e+00  1.281502e+03  8.424026e+02  3.599514e+02  9.236700e+00  1.932298e+00  1.927953e+00  4.345000e-03  1.167444e+01  1.167444e+01  1.139286e+00  2.248000e-03  2.444667e-01  3.988183e-01  3.988183e-01  4.215718e-02  3.218706e+01  4.074305e+05  6.504307e+02  2.629015e+57  1.637082e+52  9.735639e-05  -5.295392e+104  1.000000e+00  -1.000000e+00  1.000000e+00
9.236700e+00  1.329526e+03  8.424026e+02  4.079736e+02  9.236700e+00  1.912671e+00  1.908688e+00  3.984000e-03  1.141686e+01  1.141686e+01  1.106782e+00  2.083000e-03  2.474431e-01  4.070366e-01  4.070366e-01  3.847188e-02  2.764876e+01  4.088710e+05  5.961567e+02  2.595668e+57  1.500656e+52  -1.122314e-05  -3.433669e+104  -1.000000e+00  -1.000000e+00  1.000000e+00
9.236700e+00  1.383956e+03  8.424026e+02  4.624025e+02  9.236700e+00  1.898006e+00  1.894375e+00  3.631000e-03  1.116405e+01  1.116405e+01  1.073119e+00  1.913000e-03  2.511062e-01  4.173527e-01  4.173527e-01  3.491976e-02  2.331809e+01  4.118891e+05  5.432299e+02  2.569648e+57  1.367557e+52  -3.881344e-06  -1.919525e+104  -1.000000e+00  -1.000000e+00  1.000000e+00
9.236700e+00  1.445646e+03  8.424026e+02  5.240930e+02  9.236700e+00  1.887521e+00  1.884230e+00  3.290000e-03  1.091927e+01  1.091927e+01  1.038432e+00  1.743000e-03  2.553171e-01  4.294968e-01  4.294968e-01  3.157304e-02  1.940053e+01  4.172220e+05  4.920908e+02  2.555266e+57  1.238959e+52  -1.659819e-06  -1.080467e+104  -1.000000e+00  -1.000000e+00  1.000000e+00
9.236700e+00  1.515564e+03  8.424026e+02  5.940138e+02  9.236700e+00  1.880250e+00  1.877286e+00  2.964000e-03  1.068446e+01  1.068446e+01  1.002922e+00  1.576000e-03  2.599230e-01  4.431441e-01  4.431441e-01  2.849444e-02  1.601192e+01  4.227767e+05  4.431801e+02  2.540577e+57  1.115924e+52  -1.079795e-06  -8.023967e+103  -1.000000e+00  -1.000000e+00  1.000000e+00
9.236700e+00  1.594815e+03  8.424026e+02  6.732629e+02  9.236700e+00  1.875158e+00  1.872504e+00  2.655000e-03  1.046081e+01  1.046081e+01  9.667600e-01  1.416000e-03  2.647611e-01  4.579091e-01  4.579091e-01  2.570173e-02  1.317020e+01  4.291695e+05  3.968347e+02  2.529091e+57  9.993370e+51  -6.638857e-07  -3.790824e+103  -1.000000e+00  -1.000000e+00  1.000000e+00
9.236700e+00  1.684639e+03  8.424026e+02  7.630849e+02  9.236700e+00  1.871245e+00  1.868880e+00  2.365000e-03  1.024853e+01  1.024853e+01  9.301580e-01  1.264000e-03  2.696812e-01  4.733989e-01  4.733989e-01  2.320000e-02  1.084284e+01  4.372065e+05  3.533449e+02  2.525557e+57  8.899069e+51  -4.950840e-07  -2.287441e+103  -1.000000e+00  -1.000000e+00  1.000000e+00
9.236700e+00  1.786445e+03  8.424026e+02  8.648903e+02  9.236700e+00  1.867634e+00  1.865540e+00  2.095000e-03  1.004743e+01  1.004743e+01  8.933160e-01  1.122000e-03  2.745482e-01  4.892175e-01  4.892175e-01  2.097842e-02  8.965729e+00  4.444676e+05  3.129116e+02  2.516250e+57  7.881400e+51  -4.930914e-07  -2.118961e+103  -1.000000e+00  -1.000000e+00  1.000000e+00
9.236700e+00  1.901831e+03  8.424026e+02  9.802778e+02  9.236700e+00  1.863586e+00  1.861740e+00  1.846000e-03  9.856882e+00  9.856882e+00  8.564150e-01  9.900000e-04  2.792489e-01  5.049898e-01  5.049898e-01  1.901818e-02  7.466559e+00  4.528510e+05  2.756419e+02  2.512053e+57  6.943391e+51  -5.546612e-07  -1.219591e+103  -1.000000e+00  -1.000000e+00  1.000000e+00
9.236700e+00  2.032610e+03  8.424026e+02  1.111060e+03  9.236700e+00  1.858527e+00  1.856908e+00  1.618000e-03  9.676089e+00  9.676089e+00  8.196600e-01  8.710000e-04  2.836943e-01  5.203760e-01  5.203760e-01  1.732662e-02  6.285933e+00  4.610130e+05  2.415925e+02  2.505719e+57  6.086239e+51  -8.344121e-07  -1.919595e+103  -1.000000e+00  -1.000000e+00  1.000000e+00
9.236700e+00  2.180844e+03  8.424026e+02  1.259289e+03  9.236700e+00  1.852053e+00  1.850641e+00  1.412000e-03  9.504285e+00  9.504285e+00  7.832270e-01  7.620000e-04  2.878165e-01  5.350735e-01  5.350735e-01  1.585164e-02  5.350632e+00  4.674994e+05  2.107370e+02  2.489006e+57  5.309365e+51  -1.087821e-06  -2.124780e+103  -1.000000e+00  -1.000000e+00  1.000000e+00
9.236700e+00  2.348852e+03  8.424026e+02  1.427295e+03  9.236700e+00  1.843893e+00  1.842666e+00  1.226000e-03  9.340715e+00  9.340715e+00  7.472810e-01  6.650000e-04  2.915662e-01  5.488199e-01  5.488199e-01  1.456603e-02  4.608583e+00  4.744487e+05  1.829917e+02  2.474612e+57  4.610705e+51  -1.428220e-06  -1.636974e+103  -1.000000e+00  -1.000000e+00  1.000000e+00
9.236700e+00  2.539271e+03  8.424026e+02  1.617714e+03  9.236700e+00  1.833905e+00  1.832844e+00  1.060000e-03  9.184802e+00  9.184802e+00  7.119720e-01  5.780000e-04  2.949094e-01  5.613927e-01  5.613927e-01  1.344779e-02  4.018986e+00  4.805391e+05  1.582255e+02  2.455270e+57  3.986972e+51  -1.781447e-06  -1.494103e+103  -1.000000e+00  -1.000000e+00  1.000000e+00
9.236700e+00  2.755091e+03  8.424026e+02  1.833538e+03  9.236700e+00  1.822050e+00  1.821136e+00  9.140000e-04  9.036037e+00  9.036037e+00  6.774300e-01  5.010000e-04  2.978269e-01  5.726182e-01  5.726182e-01  1.247763e-02  3.549886e+00  4.867394e+05  1.362685e+02  2.436868e+57  3.433936e+51  -2.347695e-06  -1.199255e+103  -1.000000e+00  -1.000000e+00  1.000000e+00
9.236700e+00  2.999709e+03  8.424026e+02  2.078156e+03  9.236700e+00  1.808375e+00  1.807591e+00  7.840000e-04  8.894005e+00  8.894005e+00  6.437730e-01  4.340000e-04  3.003120e-01  5.823736e-01  5.823736e-01  1.164176e-02  3.177330e+00  4.918248e+05  1.169281e+02  2.412865e+57  2.946716e+51  -3.463028e-06  -1.196534e+103  -1.000000e+00  -1.000000e+00  1.000000e+00
9.236700e+00  3.276966e+03  8.424026e+02  2.355409e+03  9.236700e+00  1.792981e+00  1.792311e+00  6.710000e-04  8.758414e+00  8.758414e+00  6.110830e-01  3.740000e-04  3.023653e-01  5.905721e-01  5.905721e-01  1.091878e-02  2.880210e+00  4.956542e+05  9.998857e+01  2.382725e+57  2.519998e+51  -5.541295e-06  -1.072841e+103  -1.000000e+00  -1.000000e+00  1.000000e+00
9.236700e+00  3.591209e+03  8.424026e+02  2.669651e+03  9.236700e+00  1.776032e+00  1.775460e+00  5.720000e-04  8.629189e+00  8.629189e+00  5.794510e-01  3.220000e-04  3.039922e-01  5.971597e-01  5.971597e-01  1.029816e-02  2.644569e+00  4.982525e+05  8.523772e+01  2.347061e+57  2.148322e+51  -7.161405e-06  -8.793073e+102  -1.000000e+00  -1.000000e+00  1.000000e+00
9.236700e+00  3.947373e+03  8.424026e+02  3.025817e+03  9.236700e+00  1.757698e+00  1.757212e+00  4.860000e-04  8.506080e+00  8.506080e+00  5.489230e-01  2.770000e-04  3.052084e-01  6.021377e-01  6.021377e-01  9.766347e-03  2.458435e+00  5.006419e+05  7.245291e+01  2.311908e+57  1.826198e+51  -8.473414e-06  -6.661038e+102  -1.000000e+00  -1.000000e+00  1.000000e+00
9.236700e+00  4.351050e+03  8.424026e+02  3.429500e+03  9.236700e+00  1.738204e+00  1.737791e+00  4.120000e-04  8.389209e+00  8.389209e+00  5.195480e-01  2.370000e-04  3.060281e-01  6.055194e-01  6.055194e-01  9.313291e-03  2.313190e+00  5.027827e+05  6.142460e+01  2.277305e+57  1.548301e+51  -2.067943e-05  -5.140578e+102  -1.000000e+00  -1.000000e+00  1.000000e+00
9.236700e+00  4.808596e+03  8.424026e+02  3.887040e+03  9.236700e+00  1.717754e+00  1.717405e+00  3.490000e-04  8.278510e+00  8.278510e+00  4.913550e-01  2.030000e-04  3.064717e-01  6.073587e-01  6.073587e-01  8.930771e-03  2.202143e+00  5.036072e+05  5.195172e+01  2.237489e+57  1.309562e+51  -3.237827e-05  -4.096135e+102  -1.000000e+00  -1.000000e+00  1.000000e+00
9.236700e+00  5.327181e+03  8.424026e+02  4.405622e+03  9.236700e+00  1.696569e+00  1.696275e+00  2.940000e-04  8.174030e+00  8.174030e+00  4.643520e-01  1.730000e-04  3.065610e-01  6.077295e-01  6.077295e-01  8.609907e-03  2.119937e+00  5.041811e+05  4.384411e+01  2.198732e+57  1.105237e+51  -3.939594e-04  -3.156465e+102  -1.000000e+00  -1.000000e+00  1.000000e+00
9.236700e+00  5.914947e+03  8.424026e+02  4.993389e+03  9.236700e+00  1.674878e+00  1.674630e+00  2.480000e-04  8.075948e+00  8.075948e+00  4.385460e-01  1.480000e-04  3.063172e-01  6.067172e-01  6.067172e-01  8.343711e-03  2.062568e+00  5.035119e+05  3.692945e+01  2.155529e+57  9.309657e+50  2.866670e-05  -2.457343e+102  1.000000e+00  -1.000000e+00  1.000000e+00
9.236700e+00  6.581126e+03  8.424026e+02  5.659571e+03  9.236700e+00  1.652883e+00  1.652675e+00  2.080000e-04  7.984288e+00  7.984288e+00  4.139320e-01  1.260000e-04  3.057649e-01  6.044312e-01  6.044312e-01  8.127232e-03  2.027226e+00  5.026034e+05  3.105107e+01  2.113673e+57  7.827916e+50  2.200722e-05  -1.762360e+102  1.000000e+00  -1.000000e+00  1.000000e+00
9.236700e+00  7.336183e+03  8.424026e+02  6.414631e+03  9.236700e+00  1.630796e+00  1.630621e+00  1.750000e-04  7.899145e+00  7.899145e+00  3.904890e-01  1.070000e-04  3.049308e-01  6.009975e-01  6.009975e-01  7.954955e-03  2.011592e+00  5.014738e+05  2.606650e+01  2.073371e+57  6.571547e+50  1.804168e-05  -1.255401e+102  1.000000e+00  -1.000000e+00  1.000000e+00
9.236700e+00  8.191984e+03  8.424026e+02  7.270426e+03  9.236700e+00  1.608810e+00  1.608663e+00  1.470000e-04  7.820658e+00  7.820658e+00  3.681990e-01  9.100000e-05  3.038387e-01  5.965346e-01  5.965346e-01  7.821611e-03  2.013675e+00  5.001335e+05  2.185121e+01  2.034702e+57  5.508970e+50  1.373435e-05  -9.389661e+101  1.000000e+00  -1.000000e+00  1.000000e+00
9.236700e+00  9.161955e+03  8.424026e+02  8.240395e+03  9.236700e+00  1.587108e+00  1.586985e+00  1.230000e-04  7.748889e+00  7.748889e+00  3.470330e-01  7.700000e-05  3.025162e-01  5.911797e-01  5.911797e-01  7.722469e-03  2.031992e+00  4.977463e+05  1.829420e+01  1.992954e+57  4.612306e+50  8.795260e-06  -7.069702e+101  1.000000e+00  -1.000000e+00  1.000000e+00
9.236700e+00  1.026133e+04  8.424026e+02  9.339770e+03  9.236700e+00  1.565862e+00  1.565760e+00  1.030000e-04  7.683979e+00  7.683979e+00  3.269590e-01  6.600000e-05  3.009879e-01  5.850583e-01  5.850583e-01  7.655264e-03  2.065986e+00  4.952498e+05  1.529877e+01  1.953422e+57  3.857177e+50  8.232962e-06  -4.933787e+101  1.000000e+00  -1.000000e+00  1.000000e+00
9.236700e+00  1.150737e+04  8.424026e+02  1.058582e+04  9.236700e+00  1.545221e+00  1.545135e+00  8.600000e-05  7.625845e+00  7.625845e+00  3.079410e-01  5.600000e-05  2.992844e-01  5.783178e-01  5.783178e-01  7.615158e-03  2.114320e+00  4.926578e+05  1.278079e+01  1.916126e+57  3.222388e+50  7.022494e-06  -3.606027e+101  1.000000e+00  -1.000000e+00  1.000000e+00
9.236700e+00  1.291966e+04  8.424026e+02  1.199810e+04  9.236700e+00  1.525334e+00  1.525262e+00  7.200000e-05  7.574589e+00  7.574589e+00  2.899410e-01  4.700000e-05  2.974319e-01  5.710841e-01  5.710841e-01  7.598643e-03  2.176301e+00  4.892229e+05  1.066754e+01  1.876732e+57  2.689620e+50  5.665701e-06  -2.657433e+101  1.000000e+00  -1.000000e+00  1.000000e+00
9.236700e+00  1.452036e+04  8.424026e+02  1.359880e+04  9.236700e+00  1.506326e+00  1.506266e+00  6.000000e-05  7.530163e+00  7.530163e+00  2.729190e-01  4.000000e-05  2.954583e-01  5.634863e-01  5.634863e-01  7.601453e-03  2.250759e+00  4.857972e+05  8.896505e+00  1.839992e+57  2.243117e+50  6.235964e-06  -1.726562e+101  1.000000e+00  -1.000000e+00  1.000000e+00
9.236700e+00  1.633462e+04  8.424026e+02  1.541306e+04  9.236700e+00  1.488311e+00  1.488261e+00  5.000000e-05  7.492448e+00  7.492448e+00  2.568340e-01  3.300000e-05  2.933941e-01  5.556564e-01  5.556564e-01  7.621244e-03  2.337128e+00  4.831383e+05  7.414151e+00  1.810080e+57  1.869388e+50  6.006391e-06  -1.152091e+101  1.000000e+00  -1.000000e+00  1.000000e+00
9.236700e+00  1.839092e+04  8.424026e+02  1.746936e+04  9.236700e+00  1.471391e+00  1.471349e+00  4.100000e-05  7.461404e+00  7.461404e+00  2.416460e-01  2.800000e-05  2.912655e-01  5.477040e-01  5.477040e-01  7.653616e-03  2.434032e+00  4.797830e+05  6.174849e+00  1.778535e+57  1.556929e+50  4.916608e-06  -8.403933e+100  1.000000e+00  -1.000000e+00  1.000000e+00
9.236700e+00  2.071233e+04  8.424026e+02  1.979078e+04  9.236700e+00  1.455691e+00  1.455657e+00  3.500000e-05  7.436744e+00  7.436744e+00  2.273640e-01  2.400000e-05  2.891133e-01  5.397860e-01  5.397860e-01  7.693258e-03  2.539095e+00  4.765101e+05  5.143286e+00  1.749715e+57  1.296843e+50  4.795360e-06  -6.223779e+100  1.000000e+00  -1.000000e+00  1.000000e+00
1.268960e+01  1.030404e+02  8.595406e+02  1.000000e+00  1.268960e+01  4.491900e-02  2.919000e-03  4.200100e-02  3.637134e+00  3.637134e+00  2.414202e+00  9.350250e-01  1.824131e-02  1.875610e-02  1.875617e-02  1.551874e-02  5.122489e+06  4.397174e+02  6.349658e+03  3.694050e+54  1.823258e+53  6.389837e-06  8.789143e+104  1.000000e+00  1.000000e+00  0.000000e+00
1.268960e+01  1.076573e+02  8.595406e+02  1.133400e+00  1.268960e+01  4.503000e-02  3.459000e-03  4.157000e-02  3.870756e+00  3.870756e+00  2.405836e+00  9.231770e-01  1.718239e-02  1.763832e-02  1.763838e-02  1.189936e-02  5.296722e+06  5.218354e+02  6.284784e+03  4.372166e+54  1.806084e+53  6.416152e-06  8.742072e+104  1.000000e+00  1.000000e+00  0.000000e+00
1.268960e+01  1.131115e+02  8.595406e+02  1.284600e+00  1.268960e+01  4.524900e-02  4.118000e-03  4.113100e-02  4.153028e+00  4.153028e+00  2.397249e+00  9.089920e-01  1.609260e-02  1.649178e-02  1.649185e-02  9.063936e-03  5.598765e+06  6.220175e+02  6.218535e+03  5.191364e+54  1.788314e+53  6.481563e-06  9.243967e+104  1.000000e+00  1.000000e+00  0.000000e+00
1.268960e+01  1.191072e+02  8.595406e+02  1.456000e+00  1.268960e+01  4.562700e-02  4.940000e-03  4.068700e-02  4.497467e+00  4.497467e+00  2.388520e+00  8.917320e-01  1.498429e-02  1.532973e-02  1.532979e-02  6.891312e-03  6.081730e+06  7.471147e+02  6.151554e+03  6.208805e+54  1.770142e+53  6.513272e-06  1.109133e+105  1.000000e+00  1.000000e+00  0.000000e+00
1.268960e+01  1.250167e+02  8.595406e+02  1.650300e+00  1.268960e+01  4.622800e-02  5.990000e-03  4.023800e-02  4.920138e+00  4.920138e+00  2.379637e+00  8.704290e-01  1.387740e-02  1.417312e-02  1.417317e-02  5.340523e-03  6.917512e+06  9.069808e+02  6.083739e+03  7.505571e+54  1.751496e+53  6.532794e-06  1.327653e+105  1.000000e+00  1.000000e+00  0.000000e+00
1.268960e+01  1.316026e+02  8.595406e+02  1.870400e+00  1.268960e+01  4.714900e-02  7.367000e-03  3.978100e-02  5.440227e+00  5.440227e+00  2.370553e+00  8.437440e-01  1.280073e-02  1.305188e-02  1.305195e-02  4.348172e-03  8.434246e+06  1.116719e+03  6.014760e+03  9.206046e+54  1.732297e+53  6.547075e-06  1.700659e+105  1.000000e+00  1.000000e+00  0.000000e+00
1.268960e+01  1.379494e+02  8.595406e+02  2.120000e+00  1.268960e+01  4.853700e-02  9.221000e-03  3.931600e-02  6.076622e+00  6.076622e+00  2.361227e+00  8.100210e-01  1.179749e-02  1.201046e-02  1.201050e-02  3.807304e-03  1.110623e+07  1.398886e+03  5.944361e+03  1.149659e+55  1.712503e+53  6.559497e-06  1.668824e+105  1.000000e+00  1.000000e+00  0.000000e+00
1.268960e+01  1.527256e+02  8.595406e+02  2.402800e+00  1.268960e+01  5.040700e-02  1.165000e-02  3.875700e-02  6.818021e+00  6.818021e+00  2.350025e+00  7.688780e-01  1.091977e-02  1.110195e-02  1.110199e-02  3.622140e-03  1.555257e+07  1.768393e+03  5.859659e+03  1.450332e+55  1.687300e+53  6.568613e-06  3.621723e+105  1.000000e+00  1.000000e+00  0.000000e+00
1.268960e+01  1.576382e+02  8.595406e+02  2.723400e+00  1.268960e+01  5.322600e-02  1.503100e-02  3.819500e-02  7.668081e+00  7.668081e+00  2.338630e+00  7.175990e-01  1.025230e-02  1.041271e-02  1.041274e-02  3.757090e-03  2.211323e+07  2.282395e+03  5.774685e+03  1.869770e+55  1.662706e+53  6.571928e-06  5.187500e+105  1.000000e+00  1.000000e+00  0.000000e+00
1.268960e+01  1.627167e+02  8.595406e+02  3.086700e+00  1.268960e+01  5.747900e-02  1.982400e-02  3.765500e-02  8.581097e+00  8.581097e+00  2.327515e+00  6.551100e-01  9.893496e-03  1.004278e-02  1.004281e-02  4.247814e-03  2.987588e+07  3.011045e+03  5.693109e+03  2.466334e+55  1.639977e+53  6.571491e-06  7.050007e+105  1.000000e+00  1.000000e+00  0.000000e+00
1.268960e+01  1.679681e+02  8.595406e+02  3.498500e+00  1.268960e+01  6.370300e-02  2.656100e-02  3.714300e-02  9.449734e+00  9.449734e+00  2.316821e+00  5.830570e-01  9.956898e-03  1.010812e-02  1.010814e-02  5.202367e-03  3.543943e+07  4.035778e+03  5.615736e+03  3.306556e+55  1.619003e+53  6.566684e-06  9.422446e+105  1.000000e+00  1.000000e+00  0.000000e+00
1.268960e+01  1.734000e+02  8.595406e+02  3.965200e+00  1.268960e+01  7.249600e-02  3.583400e-02  3.666300e-02  1.014838e+01  1.014838e+01  2.306700e+00  5.057190e-01  1.055118e-02  1.072116e-02  1.072119e-02  6.858110e-03  3.496313e+07  5.448197e+03  5.543288e+03  4.464691e+55  1.599547e+53  6.556161e-06  1.225949e+106  1.000000e+00  1.000000e+00  0.000000e+00
1.268960e+01  1.790190e+02  8.595406e+02  4.494300e+00  1.268960e+01  8.444800e-02  4.823400e-02  3.621500e-02  1.060511e+01  1.060511e+01  2.297172e+00  4.288380e-01  1.176136e-02  1.197300e-02  1.197302e-02  9.603127e-03  2.844697e+07  7.341179e+03  5.475566e+03  6.015119e+55  1.581175e+53  6.538822e-06  1.544143e+106  1.000000e+00  1.000000e+00  0.000000e+00
1.268960e+01  1.848335e+02  8.595406e+02  5.093900e+00  1.268960e+01  1.000860e-01  6.429500e-02  3.579100e-02  1.083872e+01  1.083872e+01  2.288128e+00  3.575980e-01  1.363883e-02  1.392436e-02  1.392438e-02  1.395170e-02  1.970839e+07  9.801334e+03  5.411392e+03  8.024364e+55  1.563167e+53  6.514165e-06  1.881699e+106  1.000000e+00  1.000000e+00  0.000000e+00
1.268960e+01  1.908524e+02  8.595406e+02  5.773400e+00  1.268960e+01  1.198590e-01  8.449800e-02  3.536100e-02  1.092399e+01  1.092399e+01  2.278915e+00  2.950230e-01  1.620582e-02  1.661072e-02  1.661074e-02  2.038537e-02  1.215835e+07  1.290916e+04  5.346363e+03  1.054935e+56  1.544715e+53  6.482407e-06  2.223710e+106  1.000000e+00  1.000000e+00  0.000000e+00
1.268960e+01  1.970844e+02  8.595406e+02  6.543700e+00  1.268960e+01  1.441390e-01  1.092200e-01  3.491900e-02  1.093744e+01  1.093744e+01  2.269360e+00  2.422600e-01  1.946475e-02  2.005215e-02  2.005217e-02  2.913864e-02  6.952410e+06  1.673304e+04  5.279424e+03  1.363288e+56  1.525682e+53  6.443081e-06  2.560140e+106  1.000000e+00  1.000000e+00  0.000000e+00
1.268960e+01  2.035396e+02  8.595406e+02  7.416700e+00  1.268960e+01  1.732650e-01  1.388010e-01  3.446400e-02  1.093189e+01  1.093189e+01  2.259423e+00  1.989070e-01  2.340974e-02  2.426520e-02  2.426522e-02  4.005865e-02  3.798569e+06  2.133926e+04  5.210376e+03  1.731419e+56  1.506014e+53  6.396317e-06  2.890120e+106  1.000000e+00  1.000000e+00  0.000000e+00
1.268960e+01  2.102287e+02  8.595406e+02  8.406200e+00  1.268960e+01  2.076080e-01  1.736150e-01  3.399300e-02  1.093617e+01  1.093617e+01  2.249065e+00  1.637350e-01  2.803884e-02  2.927606e-02  2.927609e-02  5.264712e-02  2.025277e+06  2.680279e+04  5.139013e+03  2.164021e+56  1.485655e+53  6.342821e-06  3.218315e+106  1.000000e+00  1.000000e+00  0.000000e+00
1.268960e+01  2.171631e+02  8.595406e+02  9.527700e+00  1.268960e+01  2.476060e-01  2.141010e-01  3.350500e-02  1.096402e+01  1.096402e+01  2.238245e+00  1.353170e-01  3.335589e-02  3.512336e-02  3.512338e-02  6.621323e-02  1.069029e+06  3.321355e+04  5.065126e+03  2.667184e+56  1.464546e+53  6.282437e-06  3.547316e+106  1.000000e+00  1.000000e+00  0.000000e+00
1.268960e+01  2.243537e+02  8.595406e+02  1.079880e+01  1.268960e+01  2.936960e-01  2.606960e-01  3.300000e-02  1.098869e+01  1.098869e+01  2.226918e+00  1.123610e-01  3.947602e-02  4.197879e-02  4.197881e-02  8.115613e-02  5.643721e+05  4.066683e+04  4.988511e+03  3.247560e+56  1.442632e+53  6.214940e-06  3.872867e+106  1.000000e+00  1.000000e+00  0.000000e+00
1.268960e+01  2.318138e+02  8.595406e+02  1.223950e+01  1.268960e+01  3.462300e-01  3.137540e-01  3.247500e-02  1.103411e+01  1.103411e+01  2.215038e+00  9.379700e-02  4.634559e-02  4.983835e-02  4.983836e-02  9.629769e-02  3.002478e+05  4.925149e+04  4.908952e+03  3.911196e+56  1.419850e+53  6.140395e-06  4.183112e+106  1.000000e+00  1.000000e+00  0.000000e+00
1.268960e+01  2.395612e+02  8.595406e+02  1.387240e+01  1.268960e+01  4.054180e-01  3.734880e-01  3.193000e-02  1.111645e+01  1.111645e+01  2.202552e+00  7.875800e-02  5.386651e-02  5.865045e-02  5.865049e-02  1.100915e-01  1.618330e+05  5.903900e+04  4.826230e+03  4.662647e+56  1.396140e+53  6.058142e-06  4.468096e+106  1.000000e+00  1.000000e+00  0.000000e+00
1.268960e+01  2.476067e+02  8.595406e+02  1.572320e+01  1.268960e+01  4.713390e-01  4.399760e-01  3.136200e-02  1.122817e+01  1.122817e+01  2.189410e+00  6.653900e-02  6.200201e-02  6.843706e-02  6.843708e-02  1.218289e-01  8.864034e+04  7.008976e+04  4.740133e+03  5.505338e+56  1.371441e+53  5.968250e-06  4.718941e+106  1.000000e+00  1.000000e+00  0.000000e+00
1.268960e+01  2.559695e+02  8.595406e+02  1.782080e+01  1.268960e+01  5.439440e-01  5.131720e-01  3.077100e-02  1.136145e+01  1.136145e+01  2.175554e+00  5.657100e-02  7.071343e-02  7.922339e-02  7.922341e-02  1.310685e-01  4.941945e+04  8.244543e+04  4.650445e+03  6.440837e+56  1.345691e+53  5.871186e-06  4.927463e+106  1.000000e+00  1.000000e+00  0.000000e+00
1.268960e+01  2.646662e+02  8.595406e+02  2.019840e+01  1.268960e+01  6.230810e-01  5.929260e-01  3.015500e-02  1.150955e+01  1.150955e+01  2.160923e+00  4.839700e-02  7.995904e-02  9.103625e-02  9.103628e-02  1.375974e-01  2.806635e+04  9.614122e+04  4.556950e+03  7.469968e+56  1.318829e+53  5.766314e-06  5.089255e+106  1.000000e+00  1.000000e+00  0.000000e+00
1.268960e+01  2.737197e+02  8.595406e+02  2.289310e+01  1.268960e+01  7.084990e-01  6.789860e-01  2.951300e-02  1.166656e+01  1.166656e+01  2.145454e+00  4.165600e-02  8.969702e-02  1.039075e-01  1.039075e-01  1.414205e-01  1.623792e+04  1.111993e+05  4.459443e+03  8.592263e+56  1.290796e+53  5.653250e-06  5.202230e+106  1.000000e+00  1.000000e+00  0.000000e+00
1.268960e+01  2.831505e+02  8.595406e+02  2.594730e+01  1.268960e+01  7.998440e-01  7.710010e-01  2.884300e-02  1.182736e+01  1.182736e+01  2.129080e+00  3.606100e-02  9.988476e-02  1.178730e-01  1.178730e-01  1.426937e-01  9.567913e+03  1.276366e+05  4.357733e+03  9.806386e+56  1.261538e+53  5.532567e-06  5.262952e+106  1.000000e+00  1.000000e+00  0.000000e+00
1.268960e+01  2.929826e+02  8.595406e+02  2.940900e+01  1.268960e+01  8.966630e-01  8.685190e-01  2.814400e-02  1.198818e+01  1.198818e+01  2.111731e+00  3.138800e-02  1.104734e-01  1.329648e-01  1.329648e-01  1.416565e-01  5.739297e+03  1.454479e+05  4.251641e+03  1.110904e+57  1.231002e+53  5.405437e-06  5.269391e+106  1.000000e+00  1.000000e+00  0.000000e+00
1.268960e+01  3.032418e+02  8.595406e+02  3.333260e+01  1.268960e+01  9.984020e-01  9.709860e-01  2.741600e-02  1.214612e+01  1.214612e+01  2.093335e+00  2.745900e-02  1.214085e-01  1.492105e-01  1.492106e-01  1.385946e-01  3.502794e+03  1.646191e+05  4.141018e+03  1.249598e+57  1.199146e+53  5.269323e-06  5.223646e+106  1.000000e+00  1.000000e+00  0.000000e+00
1.268960e+01  3.139580e+02  8.595406e+02  3.777960e+01  1.268960e+01  1.104408e+00  1.077752e+00  2.665600e-02  1.229858e+01  1.229858e+01  2.073817e+00  2.413600e-02  1.326344e-01  1.666371e-01  1.666371e-01  1.338455e-01  2.173855e+03  1.851352e+05  4.025745e+03  1.396212e+57  1.165935e+53  5.125973e-06  5.123699e+106  1.000000e+00  1.000000e+00  0.000000e+00
1.268960e+01  3.251628e+02  8.595406e+02  4.281980e+01  1.268960e+01  1.213935e+00  1.188069e+00  2.586600e-02  1.244328e+01  1.244328e+01  2.053103e+00  2.130800e-02  1.440928e-01  1.852682e-01  1.852682e-01  1.277764e-01  1.371358e+03  2.069379e+05  3.905746e+03  1.549936e+57  1.131348e+53  4.976563e-06  4.971971e+106  1.000000e+00  1.000000e+00  0.000000e+00
1.268960e+01  3.368911e+02  8.595406e+02  4.853260e+01  1.268960e+01  1.326156e+00  1.301111e+00  2.504400e-02  1.257846e+01  1.257846e+01  2.031116e+00  1.888500e-02  1.557215e-01  2.051193e-01  2.051194e-01  1.207250e-01  8.789489e+02  2.299764e+05  3.780995e+03  1.709943e+57  1.095375e+53  4.818408e-06  4.774045e+106  1.000000e+00  1.000000e+00  0.000000e+00
1.268960e+01  3.491847e+02  8.595406e+02  5.500740e+01  1.268960e+01  1.440171e+00  1.415979e+00  2.419100e-02  1.270270e+01  1.270270e+01  2.007780e+00  1.679800e-02  1.674556e-01  2.261968e-01  2.261968e-01  1.129933e-01  5.720871e+02  2.541837e+05  3.651513e+03  1.875319e+57  1.058023e+53  4.654498e-06  4.531191e+106  1.000000e+00  1.000000e+00  0.000000e+00
1.268960e+01  3.620840e+02  8.595406e+02  6.234610e+01  1.268960e+01  1.555028e+00  1.531721e+00  2.330800e-02  1.281491e+01  1.281491e+01  1.983023e+00  1.498900e-02  1.792274e-01  2.484937e-01  2.484937e-01  1.048616e-01  3.780103e+02  2.794497e+05  3.517404e+03  2.044697e+57  1.019322e+53  4.483401e-06  4.251899e+106  1.000000e+00  1.000000e+00  0.000000e+00
1.268960e+01  3.756397e+02  8.595406e+02  7.066390e+01  1.268960e+01  1.669745e+00  1.647350e+00  2.239500e-02  1.291409e+01  1.291409e+01  1.956777e+00  1.341200e-02  1.909713e-01  2.719955e-01  2.719955e-01  9.658263e-02  2.534938e+02  3.057004e+05  3.378852e+03  2.217120e+57  9.793241e+52  4.305744e-06  3.942245e+106  1.000000e+00  1.000000e+00  0.000000e+00
1.268960e+01  3.899028e+02  8.595406e+02  8.009140e+01  1.268960e+01  1.783329e+00  1.761875e+00  2.145500e-02  1.299944e+01  1.299944e+01  1.928978e+00  1.203100e-02  2.026228e-01  2.966752e-01  2.966752e-01  8.835940e-02  1.724719e+02  3.327878e+05  3.236125e+03  2.390921e+57  9.381059e+52  4.124040e-06  3.607531e+106  1.000000e+00  1.000000e+00  0.000000e+00
1.268960e+01  4.049358e+02  8.595406e+02  9.077660e+01  1.268960e+01  1.894801e+00  1.874312e+00  2.048900e-02  1.307043e+01  1.307043e+01  1.899572e+00  1.081300e-02  2.141191e-01  3.224901e-01  3.224901e-01  8.036549e-02  1.190423e+02  3.605933e+05  3.089581e+03  2.564784e+57  8.957703e+52  3.933759e-06  3.261459e+106  1.000000e+00  1.000000e+00  0.000000e+00
1.268960e+01  4.208056e+02  8.595406e+02  1.028874e+02  1.268960e+01  2.003218e+00  1.983718e+00  1.950000e-02  1.312675e+01  1.312675e+01  1.868513e+00  9.734000e-03  2.253993e-01  3.493798e-01  3.493798e-01  7.271951e-02  8.332922e+01  3.890124e+05  2.939689e+03  2.737470e+57  8.524526e+52  3.739366e-06  2.908223e+106  1.000000e+00  1.000000e+00  0.000000e+00
1.268960e+01  4.375827e+02  8.595406e+02  1.166139e+02  1.268960e+01  2.107702e+00  2.089209e+00  1.849300e-02  1.316819e+01  1.316819e+01  1.835770e+00  8.774000e-03  2.364094e-01  3.772730e-01  3.772730e-01  6.551754e-02  5.914865e+01  4.178527e+05  2.787015e+03  2.907130e+57  8.083164e+52  3.572503e-06  2.590446e+106  1.000000e+00  1.000000e+00  0.000000e+00
1.268960e+01  1.053723e+03  8.595406e+02  1.321717e+02  1.268960e+01  2.161699e+00  2.150078e+00  1.162100e-02  1.318855e+01  1.318855e+01  1.573842e+00  5.376000e-03  2.420916e-01  3.923623e-01  3.923623e-01  6.212929e-02  4.980906e+01  4.341612e+05  1.751603e+03  3.001509e+57  4.996828e+52  -9.955766e-06  -1.019535e+105  -1.000000e+00  -1.000000e+00  1.000000e+00
1.268960e+01  1.071356e+03  8.595406e+02  1.498051e+02  1.268960e+01  2.157929e+00  2.147243e+00  1.068700e-02  1.312948e+01  1.312948e+01  1.528958e+00  4.952000e-03  2.427568e-01  3.941613e-01  3.941613e-01  6.092232e-02  4.817544e+01  4.346680e+05  1.611473e+03  2.996070e+57  4.679450e+52  -1.166382e-05  -2.069400e+105  -1.000000e+00  -1.000000e+00  1.000000e+00
1.268960e+01  1.091342e+03  8.595406e+02  1.697911e+02  1.268960e+01  2.132588e+00  2.122411e+00  1.017700e-02  1.301550e+01  1.301550e+01  1.504258e+00  4.772000e-03  2.420070e-01  3.921339e-01  3.921339e-01  5.977951e-02  4.800900e+01  4.301834e+05  1.534136e+03  2.954766e+57  4.455252e+52  5.564667e-06  -3.597561e+105  1.000000e+00  -1.000000e+00  1.000000e+00
1.268960e+01  1.113993e+03  8.595406e+02  1.924434e+02  1.268960e+01  2.097695e+00  2.088048e+00  9.647000e-03  1.285725e+01  1.285725e+01  1.477659e+00  4.599000e-03  2.409771e-01  3.893635e-01  3.893635e-01  5.815593e-02  4.771158e+01  4.240084e+05  1.453692e+03  2.897495e+57  4.222017e+52  5.845315e-06  -3.658703e+105  1.000000e+00  -1.000000e+00  1.000000e+00
1.268960e+01  1.139669e+03  8.595406e+02  2.181178e+02  1.268960e+01  2.059494e+00  2.050395e+00  9.099000e-03  1.266399e+01  1.266399e+01  1.449154e+00  4.418000e-03  2.401992e-01  3.872821e-01  3.872821e-01  5.592612e-02  4.662975e+01  4.178416e+05  1.370687e+03  2.835129e+57  3.981315e+52  6.457875e-06  -3.188315e+105  1.000000e+00  -1.000000e+00  1.000000e+00
1.268960e+01  1.168770e+03  8.595406e+02  2.472176e+02  1.268960e+01  2.021697e+00  2.013159e+00  8.539000e-03  1.244362e+01  1.244362e+01  1.418758e+00  4.223000e-03  2.399667e-01  3.866616e-01  3.866616e-01  5.312490e-02  4.450814e+01  4.123408e+05  1.285755e+03  2.772415e+57  3.734986e+52  7.683752e-06  -2.560934e+105  1.000000e+00  -1.000000e+00  1.000000e+00
1.268960e+01  1.201752e+03  8.595406e+02  2.801996e+02  1.268960e+01  1.986760e+00  1.978790e+00  7.970000e-03  1.220338e+01  1.220338e+01  1.386516e+00  4.011000e-03  2.404623e-01  3.879850e-01  3.879850e-01  4.985912e-02  4.134410e+01  4.082524e+05  1.199614e+03  2.714245e+57  3.485106e+52  1.432655e-05  -1.862577e+105  1.000000e+00  -1.000000e+00  1.000000e+00
1.268960e+01  1.239133e+03  8.595406e+02  3.175819e+02  1.268960e+01  1.956263e+00  1.948865e+00  7.397000e-03  1.195057e+01  1.195057e+01  1.352504e+00  3.781000e-03  2.417799e-01  3.915217e-01  3.915217e-01  4.628034e-02  3.734259e+01  4.065346e+05  1.113037e+03  2.666915e+57  3.233922e+52  3.543199e-05  -1.296592e+105  1.000000e+00  -1.000000e+00  1.000000e+00
1.268960e+01  1.281502e+03  8.595406e+02  3.599514e+02  1.268960e+01  1.931019e+00  1.924192e+00  6.827000e-03  1.169178e+01  1.169178e+01  1.316824e+00  3.536000e-03  2.439425e-01  3.973856e-01  3.973856e-01  4.255121e-02  3.283882e+01  4.060148e+05  1.026836e+03  2.624255e+57  2.983784e+52  1.094924e-04  -9.151287e+104  1.000000e+00  -1.000000e+00  1.000000e+00
1.268960e+01  1.329526e+03  8.595406e+02  4.079736e+02  1.268960e+01  1.911187e+00  1.904922e+00  6.265000e-03  1.143280e+01  1.143280e+01  1.279609e+00  3.278000e-03  2.469064e-01  4.055439e-01  4.055439e-01  3.882077e-02  2.820427e+01  4.072341e+05  9.418291e+02  2.589587e+57  2.737064e+52  -1.428117e-05  -5.613143e+104  -1.000000e+00  -1.000000e+00  1.000000e+00
1.268960e+01  1.383956e+03  8.595406e+02  4.624025e+02  1.268960e+01  1.896381e+00  1.890666e+00  5.715000e-03  1.117832e+01  1.117832e+01  1.241019e+00  3.014000e-03  2.505710e-01  4.158313e-01  4.158313e-01  3.521465e-02  2.376734e+01  4.109195e+05  8.588090e+02  2.567298e+57  2.496068e+52  -3.374496e-06  -3.342154e+104  -1.000000e+00  -1.000000e+00  1.000000e+00
1.268960e+01  1.445646e+03  8.595406e+02  5.240930e+02  1.268960e+01  1.885847e+00  1.880664e+00  5.183000e-03  1.093186e+01  1.093186e+01  1.201238e+00  2.748000e-03  2.547969e-01  4.279798e-01  4.279798e-01  3.182245e-02  1.975339e+01  4.151773e+05  7.785194e+02  2.546700e+57  2.262955e+52  -1.973822e-06  -2.046216e+104  -1.000000e+00  -1.000000e+00  1.000000e+00
1.268960e+01  1.515564e+03  8.595406e+02  5.940138e+02  1.268960e+01  1.878614e+00  1.873942e+00  4.673000e-03  1.069529e+01  1.069529e+01  1.160468e+00  2.487000e-03  2.594339e-01  4.416765e-01  4.416765e-01  2.870047e-02  1.628056e+01  4.215622e+05  7.016246e+02  2.536589e+57  2.039658e+52  -9.332576e-07  -8.719450e+103  -1.000000e+00  -1.000000e+00  1.000000e+00
1.268960e+01  1.594815e+03  8.595406e+02  6.732629e+02  1.268960e+01  1.873616e+00  1.869428e+00  4.189000e-03  1.047008e+01  1.047008e+01  1.118927e+00  2.236000e-03  2.643092e-01  4.565108e-01  4.565108e-01  2.587023e-02  1.337046e+01  4.289064e+05  6.286897e+02  2.530381e+57  1.827824e+52  -6.155068e-07  -6.148185e+103  -1.000000e+00  -1.000000e+00  1.000000e+00
1.268960e+01  1.684639e+03  8.595406e+02  7.630849e+02  1.268960e+01  1.869858e+00  1.866124e+00  3.734000e-03  1.025642e+01  1.025642e+01  1.076841e+00  1.997000e-03  2.692738e-01  4.720976e-01  4.720976e-01  2.333417e-02  1.098855e+01  4.358381e+05  5.601657e+02  2.520439e+57  1.628766e+52  -4.878660e-07  -4.813664e+103  -1.000000e+00  -1.000000e+00  1.000000e+00
1.268960e+01  1.786445e+03  8.595406e+02  8.648903e+02  1.268960e+01  1.866421e+00  1.863111e+00  3.310000e-03  1.005419e+01  1.005419e+01  1.034440e+00  1.773000e-03  2.741854e-01  4.880207e-01  4.880207e-01  2.108513e-02  9.071143e+00  4.441668e+05  4.963798e+02  2.517041e+57  1.443441e+52  -4.807979e-07  -3.300585e+103  -1.000000e+00  -1.000000e+00  1.000000e+00
1.268960e+01  1.901831e+03  8.595406e+02  9.802778e+02  1.268960e+01  1.862557e+00  1.859638e+00  2.919000e-03  9.862676e+00  9.862676e+00  9.919530e-01  1.567000e-03  2.789307e-01  5.039065e-01  5.039065e-01  1.910445e-02  7.543269e+00  4.514169e+05  4.375356e+02  2.506252e+57  1.272446e+52  -5.675240e-07  -3.471086e+103  -1.000000e+00  -1.000000e+00  1.000000e+00
1.268960e+01  2.032610e+03  8.595406e+02  1.111060e+03  1.268960e+01  1.857684e+00  1.855123e+00  2.560000e-03  9.681070e+00  9.681070e+00  9.495990e-01  1.378000e-03  2.834197e-01  5.194118e-01  5.194118e-01  1.739618e-02  6.341808e+00  4.595717e+05  3.837167e+02  2.499718e+57  1.116030e+52  -7.194444e-07  -2.493163e+103  -1.000000e+00  -1.000000e+00  1.000000e+00
1.268960e+01  2.180844e+03  8.595406e+02  1.259289e+03  1.268960e+01  1.851376e+00  1.849141e+00  2.235000e-03  9.508527e+00  9.508527e+00  9.075880e-01  1.207000e-03  2.875829e-01  5.342292e-01  5.342292e-01  1.590604e-02  5.390837e+00  4.672196e+05  3.348983e+02  2.489435e+57  9.741256e+51  -1.000128e-06  -2.609689e+103  -1.000000e+00  -1.000000e+00  1.000000e+00
1.268960e+01  2.348852e+03  8.595406e+02  1.427295e+03  1.268960e+01  1.843369e+00  1.841426e+00  1.943000e-03  9.344383e+00  9.344383e+00  8.661120e-01  1.054000e-03  2.913690e-01  5.480877e-01  5.480877e-01  1.460813e-02  4.637533e+00  4.741944e+05  2.909606e+02  2.475030e+57  8.463911e+51  -1.404357e-06  -2.751576e+103  -1.000000e+00  -1.000000e+00  1.000000e+00
1.268960e+01  2.539271e+03  8.595406e+02  1.617714e+03  1.268960e+01  1.833514e+00  1.831833e+00  1.681000e-03  9.187956e+00  9.187956e+00  8.253460e-01  9.170000e-04  2.947453e-01  5.607685e-01  5.607685e-01  1.348231e-02  4.040553e+00  4.803072e+05  2.517063e+02  2.455649e+57  7.322571e+51  -1.759015e-06  -2.406433e+103  -1.000000e+00  -1.000000e+00  1.000000e+00
1.268960e+01  2.755091e+03  8.595406e+02  1.833538e+03  1.268960e+01  1.821769e+00  1.820320e+00  1.449000e-03  9.038755e+00  9.038755e+00  7.854440e-01  7.950000e-04  2.976914e-01  5.720914e-01  5.720914e-01  1.250629e-02  3.566148e+00  4.865304e+05  2.168776e+02  2.437217e+57  6.309786e+51  -2.848395e-06  -2.362857e+103  -1.000000e+00  -1.000000e+00  1.000000e+00
1.268960e+01  2.999709e+03  8.595406e+02  2.078156e+03  1.268960e+01  1.808183e+00  1.806938e+00  1.244000e-03  8.896337e+00  8.896337e+00  7.465400e-01  6.880000e-04  3.002014e-01  5.819354e-01  5.819354e-01  1.166305e-02  3.189029e+00  4.904960e+05  1.861740e+02  2.406692e+57  5.416853e+51  -3.286365e-06  -2.080125e+103  -1.000000e+00  -1.000000e+00  1.000000e+00
1.268960e+01  3.276966e+03  8.595406e+02  2.355409e+03  1.268960e+01  1.792874e+00  1.791809e+00  1.065000e-03  8.760522e+00  8.760522e+00  7.087440e-01  5.940000e-04  3.022744e-01  5.902064e-01  5.902064e-01  1.093565e-02  2.888965e+00  4.954999e+05  1.592680e+02  2.383083e+57  4.634281e+51  -5.344430e-06  -1.641791e+103  -1.000000e+00  -1.000000e+00  1.000000e+00
1.268960e+01  3.591209e+03  8.595406e+02  2.669651e+03  1.268960e+01  1.775976e+00  1.775068e+00  9.080000e-04  8.630961e+00  8.630961e+00  6.721470e-01  5.110000e-04  3.039202e-01  5.968665e-01  5.968665e-01  1.031136e-02  2.651081e+00  4.981131e+05  1.358194e+02  2.347355e+57  3.952206e+51  -7.091517e-06  -1.479375e+103  -1.000000e+00  -1.000000e+00  1.000000e+00
1.268960e+01  3.947373e+03  8.595406e+02  3.025817e+03  1.268960e+01  1.757699e+00  1.756926e+00  7.720000e-04  8.507698e+00  8.507698e+00  6.368200e-01  4.390000e-04  3.051504e-01  6.018995e-01  6.018995e-01  9.776739e-03  2.463399e+00  5.005331e+05  1.154872e+02  2.312250e+57  3.360728e+51  -8.408565e-06  -1.093207e+103  -1.000000e+00  -1.000000e+00  1.000000e+00
1.268960e+01  4.351050e+03  8.595406e+02  3.429500e+03  1.268960e+01  1.738231e+00  1.737576e+00  6.550000e-04  8.390566e+00  8.390566e+00  6.028120e-01  3.770000e-04  3.059833e-01  6.053343e-01  6.053343e-01  9.321726e-03  2.316948e+00  5.026868e+05  9.793869e+01  2.277599e+57  2.850188e+51  -2.042127e-05  -8.660226e+102  -1.000000e+00  -1.000000e+00  1.000000e+00
1.268960e+01  4.808596e+03  8.595406e+02  3.887040e+03  1.268960e+01  1.717801e+00  1.717247e+00  5.540000e-04  8.279677e+00  8.279677e+00  5.701590e-01  3.230000e-04  3.064370e-01  6.072144e-01  6.072144e-01  8.937351e-03  2.205028e+00  5.035261e+05  8.285649e+01  2.237756e+57  2.411369e+51  -3.168978e-05  -6.897644e+102  -1.000000e+00  -1.000000e+00  1.000000e+00
1.268960e+01  5.327181e+03  8.595406e+02  4.405622e+03  1.268960e+01  1.696637e+00  1.696169e+00  4.680000e-04  8.175081e+00  8.175081e+00  5.388790e-01  2.760000e-04  3.065338e-01  6.076166e-01  6.076166e-01  8.614479e-03  2.121975e+00  5.041182e+05  6.994363e+01  2.199004e+57  2.035643e+51  -4.556737e-04  -5.318148e+102  -1.000000e+00  -1.000000e+00  1.000000e+00
1.268960e+01  5.914947e+03  8.595406e+02  4.993389e+03  1.268960e+01  1.674947e+00  1.674553e+00  3.940000e-04  8.076795e+00  8.076795e+00  5.089760e-01  2.350000e-04  3.062977e-01  6.066363e-01  6.066363e-01  8.347927e-03  2.064280e+00  5.034551e+05  5.892649e+01  2.155744e+57  1.715057e+51  2.876533e-05  -4.144154e+102  1.000000e+00  -1.000000e+00  1.000000e+00
1.268960e+01  6.581126e+03  8.595406e+02  5.659571e+03  1.268960e+01  1.652956e+00  1.652625e+00  3.320000e-04  7.984975e+00  7.984975e+00  4.804450e-01  2.010000e-04  3.057521e-01  6.043784e-01  6.043784e-01  8.131126e-03  2.028696e+00  5.025545e+05  4.955616e+01  2.113852e+57  1.442377e+51  2.215218e-05  -2.970340e+102  1.000000e+00  -1.000000e+00  1.000000e+00
1.268960e+01  7.336183e+03  8.595406e+02  6.414631e+03  1.268960e+01  1.630875e+00  1.630597e+00  2.780000e-04  7.899796e+00  7.899796e+00  4.532690e-01  1.710000e-04  3.049204e-01  6.009549e-01  6.009549e-01  7.956933e-03  2.012418e+00  5.014397e+05  4.160900e+01  2.073568e+57  1.211101e+51  1.818662e-05  -2.115650e+102  1.000000e+00  -1.000000e+00  1.000000e+00
1.268960e+01  8.191984e+03  8.595406e+02  7.270426e+03  1.268960e+01  1.608889e+00  1.608656e+00  2.340000e-04  7.821215e+00  7.821215e+00  4.274220e-01  1.450000e-04  3.038320e-01  5.965075e-01  5.965075e-01  7.824076e-03  2.014514e+00  5.001074e+05  3.488595e+01  2.034884e+57  1.015440e+51  1.378780e-05  -1.583333e+102  1.000000e+00  -1.000000e+00  1.000000e+00
1.268960e+01  9.161955e+03  8.595406e+02  8.240395e+03  1.268960e+01  1.587185e+00  1.586989e+00  1.960000e-04  7.749394e+00  7.749394e+00  4.028750e-01  1.230000e-04  3.025112e-01  5.911595e-01  5.911595e-01  7.724960e-03  2.032798e+00  4.977285e+05  2.921141e+01  1.993130e+57  8.502876e+50  8.807303e-06  -1.192927e+102  1.000000e+00  -1.000000e+00  1.000000e+00
1.268960e+01  1.026133e+04  8.595406e+02  9.339770e+03  1.268960e+01  1.565931e+00  1.565768e+00  1.640000e-04  7.684353e+00  7.684353e+00  3.795900e-01  1.040000e-04  3.009865e-01  5.850527e-01  5.850527e-01  7.656270e-03  2.066273e+00  4.952324e+05  2.443163e+01  1.953552e+57  7.111715e+50  8.237820e-06  -8.327530e+101  1.000000e+00  -1.000000e+00  1.000000e+00
1.268960e+01  1.150737e+04  8.595406e+02  1.058582e+04  1.268960e+01  1.545285e+00  1.545148e+00  1.370000e-04  7.626165e+00  7.626165e+00  3.575260e-01  8.800000e-05  2.992844e-01  5.783176e-01  5.783176e-01  7.616130e-03  2.114594e+00  4.926452e+05  2.041287e+01  1.916245e+57  5.942012e+50  7.032691e-06  -6.082919e+101  1.000000e+00  -1.000000e+00  1.000000e+00
1.268960e+01  1.291966e+04  8.595406e+02  1.199810e+04  1.268960e+01  1.525395e+00  1.525281e+00  1.140000e-04  7.574886e+00  7.574886e+00  3.366410e-01  7.500000e-05  2.974321e-01  5.710851e-01  5.710851e-01  7.599395e-03  2.176455e+00  4.892156e+05  1.703946e+01  1.876850e+57  4.960118e+50  5.671964e-06  -4.483498e+101  1.000000e+00  -1.000000e+00  1.000000e+00
1.268960e+01  1.452036e+04  8.595406e+02  1.359880e+04  1.268960e+01  1.506384e+00  1.506289e+00  9.500000e-05  7.530414e+00  7.530414e+00  3.168890e-01  6.300000e-05  2.954598e-01  5.634921e-01  5.634921e-01  7.601772e-03  2.250757e+00  4.857932e+05  1.421187e+01  1.840100e+57  4.137074e+50  6.242351e-06  -2.913701e+101  1.000000e+00  -1.000000e+00  1.000000e+00
1.268960e+01  1.633462e+04  8.595406e+02  1.541306e+04  1.268960e+01  1.488363e+00  1.488284e+00  7.900000e-05  7.492680e+00  7.492680e+00  2.982220e-01  5.300000e-05  2.933954e-01  5.556611e-01  5.556611e-01  7.622460e-03  2.337425e+00  4.831374e+05  1.184485e+01  1.810183e+57  3.448078e+50  6.010338e-06  -1.945413e+101  1.000000e+00  -1.000000e+00  1.000000e+00
1.268960e+01  1.839092e+04  8.595406e+02  1.746936e+04  1.268960e+01  1.471432e+00  1.471366e+00  6.600000e-05  7.461535e+00  7.461535e+00  2.805940e-01  4.500000e-05  2.912686e-01  5.477154e-01  5.477154e-01  7.653262e-03  2.433819e+00  4.797787e+05  9.865651e+00  1.778597e+57  2.871958e+50  4.917673e-06  -1.419427e+101  1.000000e+00  -1.000000e+00  1.000000e+00
1.268960e+01  2.071233e+04  8.595406e+02  1.979078e+04  1.268960e+01  1.455729e+00  1.455674e+00  5.500000e-05  7.436882e+00  7.436882e+00  2.640170e-01  3.800000e-05  2.891155e-01  5.397943e-01  5.397943e-01  7.693749e-03  2.539144e+00  4.765094e+05  8.218041e+00  1.749782e+57  2.392351e+50  4.800581e-06  -1.050225e+101  1.000000e+00  -1.000000e+00  1.000000e+00
1.743330e+01  1.030404e+02  8.783173e+02  1.000000e+00  1.743330e+01  6.717000e-02  2.718000e-03  6.445200e-02  3.117863e+00  3.117863e+00  2.768297e+00  9.595360e-01  3.182000e-02  3.342407e-02  3.342441e-02  6.018892e-02  1.230049e+06  4.094946e+02  9.818258e+03  3.442392e+54  3.243017e+53  6.612096e-06  1.219258e+105  1.000000e+00  1.000000e+00  0.000000e+00
1.743330e+01  1.076573e+02  8.783173e+02  1.133400e+00  1.743330e+01  6.696500e-02  3.189000e-03  6.377600e-02  3.226368e+00  3.226368e+00  2.758523e+00  9.523850e-01  3.065583e-02  3.214162e-02  3.214188e-02  5.058272e-02  1.245511e+06  4.810798e+02  9.715608e+03  4.034335e+54  3.210841e+53  6.650386e-06  1.192538e+105  1.000000e+00  1.000000e+00  0.000000e+00
1.743330e+01  1.131115e+02  8.783173e+02  1.284600e+00  1.743330e+01  6.680900e-02  3.736000e-03  6.307300e-02  3.352606e+00  3.352606e+00  2.748271e+00  9.440790e-01  2.943292e-02  3.079958e-02  3.079981e-02  4.188538e-02  1.264179e+06  5.645690e+02  9.608803e+03  4.717215e+54  3.177463e+53  6.849322e-06  1.197630e+105  1.000000e+00  1.000000e+00  0.000000e+00
1.743330e+01  1.191072e+02  8.783173e+02  1.456000e+00  1.743330e+01  6.672900e-02  4.379000e-03  6.235000e-02  3.500717e+00  3.500717e+00  2.737646e+00  9.343810e-01  2.815388e-02  2.940152e-02  2.940174e-02  3.398612e-02  1.280925e+06  6.627833e+02  9.499042e+03  5.514704e+54  3.143261e+53  4.064575e-06  1.340415e+105  1.000000e+00  1.000000e+00  0.000000e+00
1.743330e+01  1.250167e+02  8.783173e+02  1.650300e+00  1.743330e+01  6.675200e-02  5.140000e-03  6.161300e-02  3.675474e+00  3.675474e+00  2.726714e+00  9.230060e-01  2.682467e-02  2.795465e-02  2.795486e-02  2.724050e-02  1.307506e+06  7.793315e+02  9.387011e+03  6.455769e+54  3.108345e+53  5.340789e-06  1.487989e+105  1.000000e+00  1.000000e+00  0.000000e+00
1.743330e+01  1.316026e+02  8.783173e+02  1.870400e+00  1.743330e+01  6.691700e-02  6.052000e-03  6.086600e-02  3.883060e+00  3.883060e+00  2.715550e+00  9.095650e-01  2.545338e-02  2.646834e-02  2.646854e-02  2.156067e-02  1.345378e+06  9.193158e+02  9.273460e+03  7.581233e+54  3.072809e+53  6.279053e-06  1.722669e+105  1.000000e+00  1.000000e+00  0.000000e+00
1.743330e+01  1.379494e+02  8.783173e+02  2.120000e+00  1.743330e+01  6.727600e-02  7.163000e-03  6.011200e-02  4.131134e+00  4.131134e+00  2.704211e+00  8.935220e-01  2.405308e-02  2.495722e-02  2.495745e-02  1.698771e-02  1.406665e+06  1.090221e+03  9.158911e+03  8.951486e+54  3.036689e+53  6.379271e-06  1.601829e+105  1.000000e+00  1.000000e+00  0.000000e+00
1.743330e+01  1.527256e+02  8.783173e+02  2.402800e+00  1.743330e+01  6.775000e-02  8.479000e-03  5.927200e-02  4.416419e+00  4.416419e+00  2.691537e+00  8.748550e-01  2.265804e-02  2.345841e-02  2.345856e-02  1.349473e-02  1.506472e+06  1.292544e+03  9.030701e+03  1.057171e+55  2.994076e+53  6.415300e-06  2.939415e+105  1.000000e+00  1.000000e+00  0.000000e+00
1.743330e+01  1.576382e+02  8.783173e+02  2.723400e+00  1.743330e+01  6.858700e-02  1.016100e-02  5.842600e-02  4.759081e+00  4.759081e+00  2.678654e+00  8.518530e-01  2.128645e-02  2.199116e-02  2.199133e-02  1.093660e-02  1.668309e+06  1.551436e+03  8.901880e+03  1.264600e+55  2.951789e+53  6.443852e-06  4.012116e+105  1.000000e+00  1.000000e+00  0.000000e+00
1.743330e+01  1.627167e+02  8.783173e+02  3.086700e+00  1.743330e+01  6.999200e-02  1.238700e-02  5.760500e-02  5.176186e+00  5.176186e+00  2.665990e+00  8.230200e-01  1.997205e-02  2.059101e-02  2.059114e-02  9.211667e-03  1.932558e+06  1.894056e+03  8.776856e+03  1.539736e+55  2.911530e+53  6.462217e-06  5.114731e+105  1.000000e+00  1.000000e+00  0.000000e+00
1.743330e+01  1.679681e+02  8.783173e+02  3.498500e+00  1.743330e+01  7.220300e-02  1.539500e-02  5.680900e-02  5.679299e+00  5.679299e+00  2.653570e+00  7.867880e-01  1.877777e-02  1.932379e-02  1.932391e-02  8.284004e-03  2.365532e+06  2.356896e+03  8.655687e+03  1.912756e+55  2.873100e+53  6.474994e-06  6.666936e+105  1.000000e+00  1.000000e+00  0.000000e+00
1.743330e+01  1.734000e+02  8.783173e+02  3.965200e+00  1.743330e+01  7.557500e-02  1.954100e-02  5.603500e-02  6.273121e+00  6.273121e+00  2.641365e+00  7.414410e-01  1.779421e-02  1.828370e-02  1.828381e-02  8.065689e-03  3.014097e+06  2.994871e+03  8.538004e+03  2.429208e+55  2.836339e+53  6.483806e-06  8.840647e+105  1.000000e+00  1.000000e+00  0.000000e+00
1.743330e+01  1.790190e+02  8.783173e+02  4.494300e+00  1.743330e+01  8.062100e-02  2.533200e-02  5.528800e-02  6.946011e+00  6.946011e+00  2.629462e+00  6.857850e-01  1.714320e-02  1.759702e-02  1.759712e-02  8.581619e-03  3.863841e+06  3.886032e+03  8.424502e+03  3.152316e+55  2.801214e+53  6.488076e-06  1.181271e+106  1.000000e+00  1.000000e+00  0.000000e+00
1.743330e+01  1.848335e+02  8.783173e+02  5.093900e+00  1.743330e+01  8.802700e-02  3.345200e-02  5.457600e-02  7.660471e+00  7.660471e+00  2.618000e+00  6.199860e-01  1.697240e-02  1.741709e-02  1.741720e-02  9.932137e-03  4.701497e+06  5.135953e+03  8.316031e+03  4.166760e+55  2.767429e+53  6.486802e-06  1.574887e+106  1.000000e+00  1.000000e+00  0.000000e+00
1.743330e+01  1.908524e+02  8.783173e+02  5.773400e+00  1.743330e+01  9.864600e-02  4.475300e-02  5.389300e-02  8.354166e+00  8.354166e+00  2.606957e+00  5.463300e-01  1.744045e-02  1.791038e-02  1.791048e-02  1.237133e-02  5.111371e+06  6.877704e+03  8.211985e+03  5.579392e+55  2.734325e+53  6.478422e-06  2.070230e+106  1.000000e+00  1.000000e+00  0.000000e+00
1.743330e+01  1.970844e+02  8.783173e+02  6.543700e+00  1.743330e+01  1.134090e-01  6.019000e-02  5.321900e-02  8.961447e+00  8.961447e+00  2.596002e+00  4.692650e-01  1.869184e-02  1.923279e-02  1.923287e-02  1.631453e-02  4.766774e+06  9.262153e+03  8.109055e+03  7.509144e+55  2.700809e+53  6.461324e-06  2.653787e+106  1.000000e+00  1.000000e+00  0.000000e+00
1.743330e+01  2.035396e+02  8.783173e+02  7.416700e+00  1.743330e+01  1.332190e-01  8.069200e-02  5.252700e-02  9.444607e+00  9.444607e+00  2.584666e+00  3.942900e-01  2.083354e-02  2.150806e-02  2.150813e-02  2.224787e-02  3.779031e+06  1.243981e+04  8.003349e+03  1.007074e+56  2.666281e+53  6.434383e-06  3.294955e+106  1.000000e+00  1.000000e+00  0.000000e+00
1.743330e+01  2.102287e+02  8.783173e+02  8.406200e+00  1.743330e+01  1.588340e-01  1.070190e-01  5.181400e-02  9.807720e+00  9.807720e+00  2.572892e+00  3.262170e-01  2.391970e-02  2.481364e-02  2.481372e-02  3.052793e-02  2.599126e+06  1.654102e+04  7.894453e+03  1.335725e+56  2.630626e+53  6.397155e-06  3.956562e+106  1.000000e+00  1.000000e+00  0.000000e+00
1.743330e+01  2.171631e+02  8.783173e+02  9.527700e+00  1.743330e+01  1.908480e-01  1.397690e-01  5.107800e-02  1.008206e+01  1.008206e+01  2.560628e+00  2.676400e-01  2.795886e-02  2.918886e-02  2.918893e-02  4.115584e-02  1.605984e+06  2.167655e+04  7.782007e+03  1.744197e+56  2.593731e+53  6.349839e-06  4.611531e+106  1.000000e+00  1.000000e+00  0.000000e+00
1.743330e+01  2.243537e+02  8.783173e+02  1.079880e+01  1.743330e+01  2.297370e-01  1.794190e-01  5.031800e-02  1.026713e+01  1.026713e+01  2.547822e+00  2.190230e-01  3.304934e-02  3.478353e-02  3.478359e-02  5.463221e-02  9.237282e+05  2.794529e+04  7.665656e+03  2.238641e+56  2.555487e+53  6.292447e-06  5.247369e+106  1.000000e+00  1.000000e+00  0.000000e+00
1.743330e+01  2.318138e+02  8.783173e+02  1.223950e+01  1.743330e+01  2.759110e-01  2.263820e-01  4.952900e-02  1.041765e+01  1.041765e+01  2.534417e+00  1.795110e-01  3.911832e-02  4.157435e-02  4.157442e-02  7.002038e-02  5.096005e+05  3.544395e+04  7.545041e+03  2.825132e+56  2.515779e+53  6.225635e-06  5.854469e+106  1.000000e+00  1.000000e+00  0.000000e+00
1.743330e+01  2.395612e+02  8.783173e+02  1.387240e+01  1.743330e+01  3.296940e-01  2.809840e-01  4.871000e-02  1.057448e+01  1.057448e+01  2.520354e+00  1.477440e-01  4.605049e-02  4.949706e-02  4.949712e-02  8.564973e-02  2.757159e+05  4.426199e+04  7.419804e+03  3.509240e+56  2.474491e+53  6.149633e-06  6.422877e+106  1.000000e+00  1.000000e+00  0.000000e+00
1.743330e+01  2.476067e+02  8.783173e+02  1.572320e+01  1.743330e+01  3.912750e-01  3.434160e-01  4.786000e-02  1.074370e+01  1.074370e+01  2.505571e+00  1.223170e-01  5.379108e-02  5.856098e-02  5.856104e-02  1.003591e-01  1.485644e+05  5.447737e+04  7.289591e+03  4.295604e+56  2.431511e+53  6.064311e-06  6.938592e+106  1.000000e+00  1.000000e+00  0.000000e+00
1.743330e+01  2.559695e+02  8.783173e+02  1.782080e+01  1.743330e+01  4.606730e-01  4.136990e-01  4.697400e-02  1.092517e+01  1.092517e+01  2.490003e+00  1.019690e-01  6.227970e-02  6.877591e-02  6.877597e-02  1.131970e-01  8.054010e+04  6.614745e+04  7.154049e+03  5.187059e+56  2.386724e+53  5.970338e-06  7.384653e+106  1.000000e+00  1.000000e+00  0.000000e+00
1.743330e+01  2.646662e+02  8.783173e+02  2.019840e+01  1.743330e+01  5.377450e-01  4.916930e-01  4.605200e-02  1.111611e+01  1.111611e+01  2.473580e+00  8.563900e-02  7.145053e-02  8.015112e-02  8.015117e-02  1.234905e-01  4.420942e+04  7.931163e+04  7.012831e+03  6.184806e+56  2.340016e+53  5.867403e-06  7.748172e+106  1.000000e+00  1.000000e+00  0.000000e+00
1.743330e+01  2.737197e+02  8.783173e+02  2.289310e+01  1.743330e+01  6.221990e-01  5.771080e-01  4.509100e-02  1.131234e+01  1.131234e+01  2.456227e+00  7.247000e-02  8.123785e-02  9.270088e-02  9.270094e-02  1.309120e-01  2.466580e+04  9.399283e+04  6.865598e+03  7.288268e+56  2.291275e+53  5.755575e-06  8.023050e+106  1.000000e+00  1.000000e+00  0.000000e+00
1.743330e+01  2.831505e+02  8.783173e+02  2.594730e+01  1.743330e+01  7.136150e-01  6.695270e-01  4.408800e-02  1.150952e+01  1.150952e+01  2.437869e+00  6.178100e-02  9.157740e-02  1.064457e-01  1.064458e-01  1.353745e-01  1.401211e+04  1.101994e+05  6.712031e+03  8.495610e+56  2.240398e+53  5.635505e-06  8.202985e+106  1.000000e+00  1.000000e+00  0.000000e+00
1.743330e+01  2.929826e+02  8.783173e+02  2.940900e+01  1.743330e+01  8.114510e-01  7.684080e-01  4.304300e-02  1.170421e+01  1.170421e+01  2.418425e+00  5.304400e-02  1.024004e-01  1.214039e-01  1.214040e-01  1.370210e-01  8.113110e+03  1.279219e+05  6.551839e+03  9.802976e+56  2.187288e+53  5.506768e-06  8.286862e+106  1.000000e+00  1.000000e+00  0.000000e+00
1.743330e+01  3.032418e+02  8.783173e+02  3.333260e+01  1.743330e+01  9.150570e-01  8.731050e-01  4.195200e-02  1.189360e+01  1.189360e+01  2.397811e+00  4.584600e-02  1.136361e-01  1.375925e-01  1.375926e-01  1.361087e-01  4.788641e+03  1.471437e+05  6.384762e+03  1.120590e+57  2.131860e+53  5.369964e-06  8.273849e+106  1.000000e+00  1.000000e+00  0.000000e+00
1.743330e+01  3.139580e+02  8.783173e+02  3.777960e+01  1.743330e+01  1.023674e+00  9.828590e-01  4.081600e-02  1.207511e+01  1.207511e+01  2.375941e+00  3.987200e-02  1.252138e-01  1.550298e-01  1.550299e-01  1.330114e-01  2.880956e+03  1.678212e+05  6.210596e+03  1.269710e+57  2.074045e+53  5.225380e-06  8.164086e+106  1.000000e+00  1.000000e+00  0.000000e+00
1.743330e+01  3.251628e+02  8.783173e+02  4.281980e+01  1.743330e+01  1.136449e+00  1.096817e+00  3.963200e-02  1.224656e+01  1.224656e+01  2.352729e+00  3.487300e-02  1.370622e-01  1.737318e-01  1.737319e-01  1.281375e-01  1.766027e+03  1.899080e+05  6.029190e+03  1.426900e+57  2.013793e+53  5.072278e-06  7.965392e+106  1.000000e+00  1.000000e+00  0.000000e+00
1.743330e+01  3.368911e+02  8.783173e+02  4.853260e+01  1.743330e+01  1.252445e+00  1.214045e+00  3.840000e-02  1.240616e+01  1.240616e+01  2.328085e+00  3.066000e-02  1.491087e-01  1.937097e-01  1.937098e-01  1.218974e-01  1.102527e+03  2.133347e+05  5.840470e+03  1.591204e+57  1.951081e+53  4.912121e-06  7.679576e+106  1.000000e+00  1.000000e+00  0.000000e+00
1.743330e+01  3.491847e+02  8.783173e+02  5.500740e+01  1.743330e+01  1.370651e+00  1.333531e+00  3.712100e-02  1.255255e+01  1.255255e+01  2.301923e+00  2.708300e-02  1.612786e-01  2.149647e-01  2.149648e-01  1.146711e-01  7.006172e+02  2.380125e+05  5.644437e+03  1.761456e+57  1.885906e+53  4.744741e-06  7.316461e+106  1.000000e+00  1.000000e+00  0.000000e+00
1.743330e+01  3.620840e+02  8.783173e+02  6.234610e+01  1.743330e+01  1.490012e+00  1.454218e+00  3.579400e-02  1.268484e+01  1.268484e+01  2.274155e+00  2.402300e-02  1.734947e-01  2.374848e-01  2.374849e-01  1.068047e-01  4.529678e+02  2.638448e+05  5.441212e+03  1.936449e+57  1.818309e+53  4.571223e-06  6.885755e+106  1.000000e+00  1.000000e+00  0.000000e+00
1.743330e+01  3.756397e+02  8.783173e+02  7.066390e+01  1.743330e+01  1.609438e+00  1.575016e+00  3.442200e-02  1.280206e+01  1.280206e+01  2.244703e+00  2.138800e-02  1.856847e-01  2.612530e-01  2.612531e-01  9.861900e-02  2.978424e+02  2.907019e+05  5.231033e+03  2.114701e+57  1.748369e+53  4.390017e-06  6.402330e+106  1.000000e+00  1.000000e+00  0.000000e+00
1.743330e+01  3.899028e+02  8.783173e+02  8.009140e+01  1.743330e+01  1.727839e+00  1.694832e+00  3.300700e-02  1.290351e+01  1.290351e+01  2.213490e+00  1.910300e-02  1.977776e-01  2.862390e-01  2.862391e-01  9.036757e-02  1.990835e+02  3.184854e+05  5.014271e+03  2.295007e+57  1.676208e+53  4.202529e-06  5.877407e+106  1.000000e+00  1.000000e+00  0.000000e+00
1.743330e+01  4.049358e+02  8.783173e+02  9.077660e+01  1.743330e+01  1.844148e+00  1.812597e+00  3.155100e-02  1.298880e+01  1.298880e+01  2.180449e+00  1.710900e-02  2.097048e-01  3.123965e-01  3.123965e-01  8.226868e-02  1.352413e+02  3.470248e+05  4.791433e+03  2.475543e+57  1.601995e+53  4.012247e-06  5.318350e+106  1.000000e+00  1.000000e+00  0.000000e+00
1.743330e+01  4.208056e+02  8.783173e+02  1.028874e+02  1.743330e+01  1.957343e+00  1.927283e+00  3.006000e-02  1.305771e+01  1.305771e+01  2.145525e+00  1.535700e-02  2.214020e-01  3.396644e-01  3.396644e-01  7.445650e-02  9.330488e+01  3.761659e+05  4.563194e+03  2.654677e+57  1.525954e+53  3.814614e-06  4.750589e+106  1.000000e+00  1.000000e+00  0.000000e+00
1.743330e+01  4.375827e+02  8.783173e+02  1.166139e+02  1.743330e+01  2.066473e+00  2.037935e+00  2.853800e-02  1.311028e+01  1.311028e+01  2.108676e+00  1.381000e-02  2.328087e-01  3.679615e-01  3.679615e-01  6.706867e-02  6.537805e+01  4.057938e+05  4.330384e+03  2.831174e+57  1.448360e+53  3.667473e-06  4.243355e+106  1.000000e+00  1.000000e+00  0.000000e+00
1.743330e+01  1.053723e+03  8.783173e+02  1.321717e+02  1.743330e+01  2.129019e+00  2.109846e+00  1.917300e-02  1.314762e+01  1.314762e+01  1.849813e+00  9.006000e-03  2.391741e-01  3.845532e-01  3.845532e-01  6.346140e-02  5.405649e+01  4.243946e+05  2.907184e+03  2.941280e+57  9.429050e+52  2.518025e-06  5.279859e+104  1.000000e+00  1.000000e+00  1.000000e+00
1.743330e+01  1.071356e+03  8.783173e+02  1.498051e+02  1.743330e+01  2.136562e+00  2.119933e+00  1.662900e-02  1.310440e+01  1.310440e+01  1.761148e+00  7.783000e-03  2.408132e-01  3.889242e-01  3.889243e-01  6.182743e-02  5.089658e+01  4.280504e+05  2.525493e+03  2.955812e+57  8.457442e+52  2.049587e-05  -1.540872e+105  1.000000e+00  -1.000000e+00  1.000000e+00
1.743330e+01  1.091342e+03  8.783173e+02  1.697911e+02  1.743330e+01  2.119888e+00  2.104039e+00  1.584800e-02  1.300588e+01  1.300588e+01  1.733131e+00  7.476000e-03  2.407436e-01  3.887378e-01  3.887378e-01  6.046104e-02  4.984376e+01  4.256927e+05  2.405835e+03  2.928567e+57  8.057417e+52  6.472289e-06  -4.580898e+105  1.000000e+00  -1.000000e+00  1.000000e+00
1.743330e+01  1.113993e+03  8.783173e+02  1.924434e+02  1.743330e+01  2.090207e+00  2.075172e+00  1.503400e-02  1.285988e+01  1.285988e+01  1.702937e+00  7.193000e-03  2.400678e-01  3.869312e-01  3.869313e-01  5.877116e-02  4.913644e+01  4.208304e+05  2.281234e+03  2.880436e+57  7.640808e+52  6.066845e-06  -5.320009e+105  1.000000e+00  -1.000000e+00  1.000000e+00
1.743330e+01  1.139669e+03  8.783173e+02  2.181178e+02  1.743330e+01  2.054869e+00  2.040676e+00  1.419300e-02  1.267518e+01  1.267518e+01  1.670552e+00  6.907000e-03  2.394482e-01  3.852812e-01  3.852813e-01  5.653833e-02  4.788496e+01  4.152580e+05  2.152516e+03  2.822657e+57  7.210362e+52  6.760461e-06  -4.859080e+105  1.000000e+00  -1.000000e+00  1.000000e+00
1.743330e+01  1.168770e+03  8.783173e+02  2.472176e+02  1.743330e+01  2.018500e+00  2.005170e+00  1.333000e-02  1.246023e+01  1.246023e+01  1.635990e+00  6.604000e-03  2.392679e-01  3.848022e-01  3.848022e-01  5.373863e-02  4.568563e+01  4.103767e+05  2.020649e+03  2.764285e+57  6.769316e+52  7.754363e-06  -4.002655e+105  1.000000e+00  -1.000000e+00  1.000000e+00
1.743330e+01  1.201752e+03  8.783173e+02  2.801996e+02  1.743330e+01  1.984146e+00  1.971693e+00  1.245300e-02  1.222308e+01  1.222308e+01  1.599296e+00  6.276000e-03  2.397590e-01  3.861081e-01  3.861081e-01  5.046088e-02  4.246084e+01  4.063075e+05  1.886734e+03  2.706832e+57  6.321343e+52  1.261573e-05  -3.045767e+105  1.000000e+00  -1.000000e+00  1.000000e+00
1.743330e+01  1.239133e+03  8.783173e+02  3.175819e+02  1.743330e+01  1.953771e+00  1.942201e+00  1.157000e-02  1.197136e+01  1.197136e+01  1.560551e+00  5.922000e-03  2.410527e-01  3.895664e-01  3.895664e-01  4.685225e-02  3.837783e+01  4.043880e+05  1.751967e+03  2.658598e+57  5.870439e+52  1.566518e-04  -2.096964e+105  1.000000e+00  -1.000000e+00  1.000000e+00
1.743330e+01  1.281502e+03  8.783173e+02  3.599514e+02  1.743330e+01  1.928438e+00  1.917749e+00  1.068900e-02  1.171225e+01  1.171225e+01  1.519868e+00  5.543000e-03  2.431907e-01  3.953387e-01  3.953388e-01  4.307401e-02  3.375880e+01  4.043708e+05  1.617605e+03  2.618979e+57  5.420808e+52  2.060572e-04  -1.465053e+105  1.000000e+00  -1.000000e+00  1.000000e+00
1.743330e+01  1.329526e+03  8.783173e+02  4.079736e+02  1.743330e+01  1.908477e+00  1.898660e+00  9.817000e-03  1.145203e+01  1.145203e+01  1.477394e+00  5.144000e-03  2.461422e-01  4.034267e-01  4.034268e-01  3.928630e-02  2.898793e+01  4.053931e+05  1.484920e+03  2.583192e+57  4.976710e+52  -1.866041e-05  -9.602472e+104  -1.000000e+00  -1.000000e+00  1.000000e+00
1.743330e+01  1.383956e+03  8.783173e+02  4.624025e+02  1.743330e+01  1.893595e+00  1.884631e+00  8.964000e-03  1.119578e+01  1.119578e+01  1.433308e+00  4.734000e-03  2.498126e-01  4.136838e-01  4.136838e-01  3.561812e-02  2.440657e+01  4.088699e+05  1.355159e+03  2.559698e+57  4.542315e+52  -3.514283e-06  -5.292081e+104  -1.000000e+00  -1.000000e+00  1.000000e+00
1.743330e+01  1.445646e+03  8.783173e+02  5.240930e+02  1.743330e+01  1.883078e+00  1.874941e+00  8.138000e-03  1.094725e+01  1.094725e+01  1.387815e+00  4.321000e-03  2.540651e-01  4.258537e-01  4.258537e-01  3.216185e-02  2.025450e+01  4.138725e+05  1.229490e+03  2.543250e+57  4.121542e+52  -1.715386e-06  -2.948513e+104  -1.000000e+00  -1.000000e+00  1.000000e+00
1.743330e+01  1.515564e+03  8.783173e+02  5.940138e+02  1.743330e+01  1.875950e+00  1.868606e+00  7.344000e-03  1.070881e+01  1.070881e+01  1.341147e+00  3.915000e-03  2.587388e-01  4.395982e-01  4.395982e-01  2.898108e-02  1.666154e+01  4.201431e+05  1.108968e+03  2.532346e+57  3.717930e+52  -9.336287e-07  -1.614009e+104  -1.000000e+00  -1.000000e+00  1.000000e+00
1.743330e+01  1.594815e+03  8.783173e+02  6.732629e+02  1.743330e+01  1.871150e+00  1.864560e+00  6.590000e-03  1.048177e+01  1.048177e+01  1.293549e+00  3.522000e-03  2.636669e-01  4.545301e-01  4.545301e-01  2.609871e-02  1.365365e+01  4.274047e+05  9.944978e+02  2.525555e+57  3.334511e+52  -5.936411e-07  -1.212376e+104  -1.000000e+00  -1.000000e+00  1.000000e+00
1.743330e+01  1.684639e+03  8.783173e+02  7.630849e+02  1.743330e+01  1.867633e+00  1.861754e+00  5.879000e-03  1.026646e+01  1.026646e+01  1.245282e+00  3.148000e-03  2.686907e-01  4.702407e-01  4.702407e-01  2.351902e-02  1.119635e+01  4.342776e+05  8.868056e+02  2.515130e+57  2.973733e+52  -4.595106e-07  -8.395466e+103  -1.000000e+00  -1.000000e+00  1.000000e+00
1.743330e+01  1.786445e+03  8.783173e+02  8.648903e+02  1.743330e+01  1.864469e+00  1.859253e+00  5.216000e-03  1.006277e+01  1.006277e+01  1.196610e+00  2.798000e-03  2.736650e-01  4.863091e-01  4.863092e-01  2.123453e-02  9.222698e+00  4.425643e+05  7.864298e+02  2.511306e+57  2.637407e+52  -4.091557e-07  -4.106778e+103  -1.000000e+00  -1.000000e+00  1.000000e+00
1.743330e+01  1.901831e+03  8.783173e+02  9.802778e+02  1.743330e+01  1.860894e+00  1.856290e+00  4.604000e-03  9.870015e+00  9.870015e+00  1.147794e+00  2.474000e-03  2.784745e-01  5.023570e-01  5.023570e-01  1.922313e-02  7.652544e+00  4.509312e+05  6.937136e+02  2.506682e+57  2.326695e+52  -5.010088e-07  -3.608157e+103  -1.000000e+00  -1.000000e+00  1.000000e+00
1.743330e+01  2.032610e+03  8.783173e+02  1.111060e+03  1.743330e+01  1.856296e+00  1.852254e+00  4.042000e-03  9.687390e+00  9.687390e+00  1.099091e+00  2.178000e-03  2.830233e-01  5.180233e-01  5.180233e-01  1.749198e-02  6.421512e+00  4.591053e+05  6.088137e+02  2.500063e+57  2.042131e+52  -6.859146e-07  -4.097681e+103  -1.000000e+00  -1.000000e+00  1.000000e+00
1.743330e+01  2.180844e+03  8.783173e+02  1.259289e+03  1.743330e+01  1.850249e+00  1.846718e+00  3.532000e-03  9.513971e+00  9.513971e+00  1.050742e+00  1.909000e-03  2.872434e-01  5.330048e-01  5.330048e-01  1.598256e-02  5.448863e+00  4.667763e+05  5.317135e+02  2.489696e+57  1.783671e+52  -9.644067e-07  -4.547642e+103  -1.000000e+00  -1.000000e+00  1.000000e+00
1.743330e+01  2.348852e+03  8.783173e+02  1.427295e+03  1.743330e+01  1.842480e+00  1.839408e+00  3.072000e-03  9.349120e+00  9.349120e+00  1.002973e+00  1.667000e-03  2.910809e-01  5.470199e-01  5.470200e-01  1.466917e-02  4.679984e+00  4.737937e+05  4.622463e+02  2.475333e+57  1.550766e+52  -1.366906e-06  -4.711411e+103  -1.000000e+00  -1.000000e+00  1.000000e+00
1.743330e+01  2.539271e+03  8.783173e+02  1.617714e+03  1.743330e+01  1.832830e+00  1.830170e+00  2.660000e-03  9.192097e+00  9.192097e+00  9.559870e-01  1.451000e-03  2.945026e-01  5.598464e-01  5.598464e-01  1.353065e-02  4.071707e+00  4.799450e+05  4.001203e+02  2.455957e+57  1.342447e+52  -1.968299e-06  -4.707777e+103  -1.000000e+00  -1.000000e+00  1.000000e+00
1.743330e+01  2.755091e+03  8.783173e+02  1.833538e+03  1.743330e+01  1.821268e+00  1.818974e+00  2.294000e-03  9.042371e+00  9.042371e+00  9.099670e-01  1.260000e-03  2.974905e-01  5.713114e-01  5.713115e-01  1.254507e-02  3.589357e+00  4.850563e+05  3.449462e+02  2.430989e+57  1.157414e+52  -2.457849e-06  -4.045084e+103  -1.000000e+00  -1.000000e+00  1.000000e+00
1.743330e+01  2.999709e+03  8.783173e+02  2.078156e+03  1.743330e+01  1.807826e+00  1.805855e+00  1.971000e-03  8.899505e+00  8.899505e+00  8.650680e-01  1.090000e-03  3.000353e-01  5.812783e-01  5.812783e-01  1.169343e-02  3.206186e+00  4.902145e+05  2.962634e+02  2.407038e+57  9.941330e+51  -3.367165e-06  -3.211066e+103  -1.000000e+00  -1.000000e+00  1.000000e+00
1.743330e+01  3.276966e+03  8.783173e+02  2.355409e+03  1.743330e+01  1.792633e+00  1.790945e+00  1.687000e-03  8.763271e+00  8.763271e+00  8.214240e-01  9.410000e-04  3.021390e-01  5.896622e-01  5.896622e-01  1.096099e-02  2.902167e+00  4.941280e+05  2.535671e+02  2.377025e+57  8.509145e+51  -4.217463e-06  -2.794825e+103  -1.000000e+00  -1.000000e+00  1.000000e+00
1.743330e+01  3.591209e+03  8.783173e+02  2.669651e+03  1.743330e+01  1.775829e+00  1.774389e+00  1.440000e-03  8.633388e+00  8.633388e+00  7.791420e-01  8.110000e-04  3.038097e-01  5.964164e-01  5.964164e-01  1.033128e-02  2.661046e+00  4.978996e+05  2.163291e+02  2.347687e+57  7.259930e+51  -6.337130e-06  -2.190808e+103  -1.000000e+00  -1.000000e+00  1.000000e+00
1.743330e+01  3.947373e+03  8.783173e+02  3.025817e+03  1.743330e+01  1.757624e+00  1.756399e+00  1.225000e-03  8.509795e+00  8.509795e+00  7.383070e-01  6.970000e-04  3.050623e-01  6.015374e-01  6.015374e-01  9.792499e-03  2.470925e+00  5.003505e+05  1.840177e+02  2.312579e+57  6.175889e+51  -8.303271e-06  -1.802669e+103  -1.000000e+00  -1.000000e+00  1.000000e+00
1.743330e+01  4.351050e+03  8.783173e+02  3.429500e+03  1.743330e+01  1.738216e+00  1.737176e+00  1.040000e-03  8.392430e+00  8.392430e+00  6.989790e-01  5.980000e-04  3.059128e-01  6.050424e-01  6.050424e-01  9.334491e-03  2.322804e+00  5.025360e+05  1.561124e+02  2.277943e+57  5.239593e+51  -2.002511e-05  -1.428573e+103  -1.000000e+00  -1.000000e+00  1.000000e+00
1.743330e+01  4.808596e+03  8.783173e+02  3.887040e+03  1.743330e+01  1.717827e+00  1.716947e+00  8.800000e-04  8.281283e+00  8.281283e+00  6.612020e-01  5.120000e-04  3.063821e-01  6.069865e-01  6.069865e-01  8.947450e-03  2.209493e+00  5.033986e+05  1.321152e+02  2.238077e+57  4.434364e+51  -3.094799e-05  -1.138816e+103  -1.000000e+00  -1.000000e+00  1.000000e+00
1.743330e+01  5.327181e+03  8.783173e+02  4.405622e+03  1.743330e+01  1.696691e+00  1.695948e+00  7.430000e-04  8.176476e+00  8.176476e+00  6.250000e-01  4.380000e-04  3.064913e-01  6.074401e-01  6.074401e-01  8.622890e-03  2.125534e+00  5.040122e+05  1.115588e+02  2.199308e+57  3.744548e+51  -6.634491e-04  -8.781184e+102  -1.000000e+00  -1.000000e+00  1.000000e+00
1.743330e+01  5.914947e+03  8.783173e+02  4.993389e+03  1.743330e+01  1.675026e+00  1.674399e+00  6.270000e-04  8.078039e+00  8.078039e+00  5.903810e-01  3.740000e-04  3.062649e-01  6.065003e-01  6.065003e-01  8.355274e-03  2.067190e+00  5.033720e+05  9.401199e+01  2.156054e+57  3.155686e+51  2.935575e-05  -6.843376e+102  1.000000e+00  -1.000000e+00  1.000000e+00
1.743330e+01  6.581126e+03  8.783173e+02  5.659571e+03  1.743330e+01  1.653049e+00  1.652522e+00  5.270000e-04  7.986063e+00  7.986063e+00  5.573400e-01  3.190000e-04  3.057275e-01  6.042770e-01  6.042771e-01  8.135910e-03  2.030704e+00  5.024887e+05  7.908166e+01  2.114149e+57  2.654605e+51  2.235350e-05  -4.909809e+102  1.000000e+00  -1.000000e+00  1.000000e+00
1.743330e+01  7.336183e+03  8.783173e+02  6.414631e+03  1.743330e+01  1.630966e+00  1.630524e+00  4.430000e-04  7.900673e+00  7.900673e+00  5.258590e-01  2.710000e-04  3.049036e-01  6.008859e-01  6.008859e-01  7.961837e-03  2.014227e+00  5.013814e+05  6.641407e+01  2.073806e+57  2.229444e+51  1.825762e-05  -3.499315e+102  1.000000e+00  -1.000000e+00  1.000000e+00
1.743330e+01  8.191984e+03  8.783173e+02  7.270426e+03  1.743330e+01  1.608984e+00  1.608613e+00  3.710000e-04  7.821970e+00  7.821970e+00  4.959120e-01  2.310000e-04  3.038207e-01  5.964613e-01  5.964613e-01  7.826708e-03  2.015589e+00  5.000618e+05  5.569400e+01  2.035107e+57  1.869631e+51  1.386893e-05  -2.618602e+102  1.000000e+00  -1.000000e+00  1.000000e+00
1.743330e+01  9.161955e+03  8.783173e+02  8.240395e+03  1.743330e+01  1.587274e+00  1.586963e+00  3.110000e-04  7.750003e+00  7.750003e+00  4.674630e-01  1.960000e-04  3.025043e-01  5.911319e-01  5.911319e-01  7.726738e-03  2.033514e+00  4.976891e+05  4.664301e+01  1.993312e+57  1.565827e+51  8.830508e-06  -1.973241e+102  1.000000e+00  -1.000000e+00  1.000000e+00
1.743330e+01  1.026133e+04  8.783173e+02  9.339770e+03  1.743330e+01  1.566020e+00  1.565760e+00  2.600000e-04  7.684933e+00  7.684933e+00  4.404720e-01  1.660000e-04  3.009809e-01  5.850305e-01  5.850305e-01  7.658252e-03  2.067000e+00  4.952059e+05  3.901706e+01  1.953744e+57  1.309847e+51  8.264953e-06  -1.376877e+102  1.000000e+00  -1.000000e+00  1.000000e+00
1.743330e+01  1.150737e+04  8.783173e+02  1.058582e+04  1.743330e+01  1.545372e+00  1.545155e+00  2.170000e-04  7.626675e+00  7.626675e+00  4.148930e-01  1.410000e-04  2.992812e-01  5.783053e-01  5.783053e-01  7.618134e-03  2.115233e+00  4.926271e+05  3.260372e+01  1.916429e+57  1.094563e+51  7.046005e-06  -1.006601e+102  1.000000e+00  -1.000000e+00  1.000000e+00
1.743330e+01  1.291966e+04  8.783173e+02  1.199810e+04  1.743330e+01  1.525472e+00  1.525291e+00  1.820000e-04  7.575279e+00  7.575279e+00  3.906760e-01  1.190000e-04  2.974317e-01  5.710836e-01  5.710836e-01  7.599663e-03  2.176530e+00  4.891993e+05  2.721904e+01  1.876993e+57  9.138053e+50  5.674110e-06  -7.425375e+101  1.000000e+00  -1.000000e+00  1.000000e+00
1.743330e+01  1.452036e+04  8.783173e+02  1.359880e+04  1.743330e+01  1.506449e+00  1.506298e+00  1.510000e-04  7.530702e+00  7.530702e+00  3.677690e-01  1.010000e-04  2.954613e-01  5.634977e-01  5.634977e-01  7.603596e-03  2.251260e+00  4.857775e+05  2.270474e+01  1.840205e+57  7.622606e+50  6.248279e-06  -4.824922e+101  1.000000e+00  -1.000000e+00  1.000000e+00
1.743330e+01  1.633462e+04  8.783173e+02  1.541306e+04  1.743330e+01  1.488424e+00  1.488297e+00  1.260000e-04  7.492913e+00  7.492913e+00  3.461190e-01  8.500000e-05  2.933982e-01  5.556718e-01  5.556718e-01  7.621071e-03  2.336889e+00  4.831257e+05  1.892507e+01  1.810276e+57  6.353751e+50  6.017649e-06  -3.220739e+101  1.000000e+00  -1.000000e+00  1.000000e+00
1.743330e+01  1.839092e+04  8.783173e+02  1.746936e+04  1.743330e+01  1.471487e+00  1.471381e+00  1.050000e-04  7.461740e+00  7.461740e+00  3.256700e-01  7.100000e-05  2.912714e-01  5.477257e-01  5.477257e-01  7.654251e-03  2.433975e+00  4.797709e+05  1.576420e+01  1.778684e+57  5.292605e+50  4.922029e-06  -2.350198e+101  1.000000e+00  -1.000000e+00  1.000000e+00
1.743330e+01  2.071233e+04  8.783173e+02  1.979078e+04  1.743330e+01  1.455777e+00  1.455690e+00  8.800000e-05  7.437039e+00  7.437039e+00  3.064390e-01  6.000000e-05  2.891189e-01  5.398067e-01  5.398067e-01  7.693459e-03  2.538916e+00  4.765031e+05  1.313253e+01  1.749853e+57  4.409103e+50  4.803427e-06  -1.739374e+101  1.000000e+00  -1.000000e+00  1.000000e+00
2.395030e+01  1.030404e+02  8.992709e+02  1.000000e+00  2.395030e+01  1.004710e-01  2.549000e-03  9.792200e-02  3.162852e+00  2.985825e+00  3.162852e+00  9.746250e-01  4.691846e-02  5.050185e-02  4.581770e-02  1.041832e-01  3.054829e+05  3.840320e+02  1.506513e+04  3.228585e+54  5.719980e+53  6.444483e-06  1.732154e+105  1.000000e+00  1.000000e+00  0.000000e+00
2.395030e+01  1.076573e+02  8.992709e+02  1.133400e+00  2.395030e+01  9.997200e-02  2.989000e-03  9.698300e-02  3.152740e+00  3.054799e+00  3.152740e+00  9.701020e-01  4.683533e-02  5.040548e-02  4.791318e-02  1.046693e-01  3.096418e+05  4.508665e+02  1.492091e+04  3.781230e+54  5.665134e+53  6.453879e-06  1.695407e+105  1.000000e+00  1.000000e+00  0.000000e+00
2.395030e+01  1.131115e+02  8.992709e+02  1.284600e+00  2.395030e+01  9.947900e-02  3.498000e-03  9.598100e-02  3.141837e+00  3.127267e+00  3.141837e+00  9.648340e-01  4.676584e-02  5.032496e-02  5.000866e-02  1.053619e-01  3.140132e+05  5.285277e+02  1.476689e+04  4.416365e+54  5.607182e+53  6.518459e-06  1.697150e+105  1.000000e+00  1.000000e+00  0.000000e+00
2.395030e+01  1.191072e+02  8.992709e+02  1.456000e+00  2.395030e+01  9.900800e-02  4.091000e-03  9.491700e-02  3.206158e+00  3.206158e+00  3.130166e+00  9.586760e-01  4.561092e-02  4.898930e-02  4.898980e-02  9.479071e-02  3.201326e+05  6.191884e+02  1.460463e+04  5.152379e+54  5.546589e+53  6.537299e-06  1.880977e+105  1.000000e+00  1.000000e+00  0.000000e+00
2.395030e+01  1.250167e+02  8.992709e+02  1.650300e+00  2.395030e+01  9.858000e-02  4.782000e-03  9.379700e-02  3.296903e+00  3.296903e+00  3.117757e+00  9.514870e-01  4.416343e-02  4.732246e-02  4.732300e-02  8.189151e-02  3.249613e+05  7.250785e+02  1.443284e+04  6.007050e+54  5.483542e+53  6.532741e-06  2.052148e+105  1.000000e+00  1.000000e+00  0.000000e+00
2.395030e+01  1.316026e+02  8.992709e+02  1.870400e+00  2.395030e+01  9.821700e-02  5.588000e-03  9.262900e-02  3.401987e+00  3.401987e+00  3.104681e+00  9.431080e-01  4.264183e-02  4.557883e-02  4.557929e-02  6.966850e-02  3.294298e+05  8.488709e+02  1.425373e+04  7.001286e+54  5.418496e+53  6.612318e-06  2.294202e+105  1.000000e+00  1.000000e+00  0.000000e+00
2.395030e+01  1.379494e+02  8.992709e+02  2.120000e+00  2.395030e+01  9.795100e-02  6.528000e-03  9.142300e-02  3.524380e+00  3.524380e+00  3.091044e+00  9.333560e-01  4.104964e-02  4.376359e-02  4.376404e-02  5.843608e-02  3.342258e+05  9.938083e+02  1.406886e+04  8.160352e+54  5.351890e+53  6.657561e-06  2.082932e+105  1.000000e+00  1.000000e+00  0.000000e+00
2.395030e+01  1.527256e+02  8.992709e+02  2.402800e+00  2.395030e+01  9.769600e-02  7.575000e-03  9.012200e-02  3.660313e+00  3.660313e+00  3.076241e+00  9.224680e-01  3.942230e-02  4.191802e-02  4.191852e-02  4.871994e-02  3.411250e+05  1.155635e+03  1.386876e+04  9.449381e+54  5.277507e+53  7.453143e-06  3.409245e+105  1.000000e+00  1.000000e+00  0.000000e+00
2.395030e+01  1.576382e+02  8.992709e+02  2.723400e+00  2.395030e+01  9.762100e-02  8.820000e-03  8.880100e-02  3.820181e+00  3.820181e+00  3.061052e+00  9.096480e-01  3.774352e-02  4.002433e-02  4.002475e-02  4.008308e-02  3.488650e+05  1.348700e+03  1.366589e+04  1.098202e+55  5.202892e+53  8.287135e-06  4.437877e+105  1.000000e+00  1.000000e+00  0.000000e+00
2.395030e+01  1.627167e+02  8.992709e+02  3.086700e+00  2.395030e+01  9.783600e-02  1.033500e-02  8.750000e-02  4.012309e+00  4.012309e+00  3.045910e+00  8.943590e-01  3.601507e-02  3.808535e-02  3.808575e-02  3.243702e-02  3.568861e+05  1.584192e+03  1.346622e+04  1.284704e+55  5.130487e+53  6.045557e-06  5.172716e+105  1.000000e+00  1.000000e+00  0.000000e+00
2.395030e+01  1.679681e+02  8.992709e+02  3.498500e+00  2.395030e+01  9.843600e-02  1.220500e-02  8.623100e-02  4.244088e+00  4.244088e+00  3.030975e+00  8.760100e-01  3.425711e-02  3.612436e-02  3.612472e-02  2.620462e-02  3.702790e+05  1.875464e+03  1.327148e+04  1.515152e+55  5.060434e+53  6.243377e-06  6.139225e+105  1.000000e+00  1.000000e+00  0.000000e+00
2.395030e+01  1.734000e+02  8.992709e+02  3.965200e+00  2.395030e+01  9.956000e-02  1.456300e-02  8.499700e-02  4.524294e+00  4.524294e+00  3.016311e+00  8.537270e-01  3.250245e-02  3.417809e-02  3.417843e-02  2.129944e-02  3.914677e+05  2.243454e+03  1.308223e+04  1.806556e+55  4.992701e+53  6.303768e-06  7.460011e+105  1.000000e+00  1.000000e+00  0.000000e+00
2.395030e+01  1.790190e+02  8.992709e+02  4.494300e+00  2.395030e+01  1.014100e-01  1.761000e-02  8.380000e-02  4.862896e+00  4.862896e+00  3.001935e+00  8.263500e-01  3.080107e-02  3.230135e-02  3.230166e-02  1.776156e-02  4.271327e+05  2.719487e+03  1.289852e+04  2.184552e+55  4.927137e+53  6.336667e-06  9.298184e+105  1.000000e+00  1.000000e+00  0.000000e+00
2.395030e+01  1.848335e+02  8.992709e+02  5.093900e+00  2.395030e+01  1.042810e-01  2.164600e-02  8.263600e-02  5.269840e+00  5.269840e+00  2.987821e+00  7.924280e-01  2.922747e-02  3.057463e-02  3.057491e-02  1.555094e-02  4.860819e+05  3.350353e+03  1.271980e+04  2.687684e+55  4.863446e+53  6.358370e-06  1.186945e+106  1.000000e+00  1.000000e+00  0.000000e+00
2.395030e+01  1.908524e+02  8.992709e+02  5.773400e+00  2.395030e+01  1.086150e-01  2.711400e-02  8.150100e-02  5.752330e+00  5.752330e+00  2.973930e+00  7.503660e-01  2.788861e-02  2.911229e-02  2.911252e-02  1.460351e-02  5.770667e+05  4.205048e+03  1.254552e+04  3.371933e+55  4.801360e+53  6.373293e-06  1.541379e+106  1.000000e+00  1.000000e+00  0.000000e+00
2.395030e+01  1.970844e+02  8.992709e+02  6.543700e+00  2.395030e+01  1.150410e-01  3.463800e-02  8.040300e-02  6.309749e+00  6.309749e+00  2.960380e+00  6.989080e-01  2.692906e-02  2.806806e-02  2.806827e-02  1.490566e-02  7.016972e+05  5.381142e+03  1.237661e+04  4.314219e+55  4.740449e+53  6.381682e-06  2.025259e+106  1.000000e+00  1.000000e+00  0.000000e+00
2.395030e+01  2.035396e+02  8.992709e+02  7.416700e+00  2.395030e+01  1.244290e-01  4.509500e-02  7.933400e-02  6.927116e+00  6.927116e+00  2.947113e+00  6.375850e-01  2.653075e-02  2.763554e-02  2.763572e-02  1.653679e-02  8.387119e+05  7.016485e+03  1.221181e+04  5.624426e+55  4.679678e+53  6.382735e-06  2.675224e+106  1.000000e+00  1.000000e+00  0.000000e+00
2.395030e+01  2.102287e+02  8.992709e+02  8.406200e+00  2.395030e+01  1.379030e-01  5.964500e-02  7.825800e-02  7.571300e+00  7.571300e+00  2.933676e+00  5.674850e-01  2.690198e-02  2.803863e-02  2.803882e-02  1.970347e-02  9.322454e+05  9.294203e+03  1.204571e+04  7.447253e+55  4.617553e+53  6.375638e-06  3.509094e+106  1.000000e+00  1.000000e+00  0.000000e+00
2.395030e+01  2.171631e+02  8.992709e+02  9.527700e+00  2.395030e+01  1.567740e-01  7.962200e-02  7.715300e-02  8.196611e+00  8.196611e+00  2.919754e+00  4.921260e-01  2.825024e-02  2.950666e-02  2.950682e-02  2.473308e-02  9.163764e+05  1.242830e+04  1.187502e+04  9.949109e+55  4.553493e+53  6.357289e-06  4.510584e+106  1.000000e+00  1.000000e+00  0.000000e+00
2.395030e+01  2.243537e+02  8.992709e+02  1.079880e+01  2.395030e+01  1.823570e-01  1.063430e-01  7.601400e-02  8.729393e+00  8.729393e+00  2.905277e+00  4.168420e-01  3.085462e-02  3.236027e-02  3.236041e-02  3.259465e-02  7.770585e+05  1.663784e+04  1.169906e+04  1.329541e+56  4.487274e+53  6.326419e-06  5.627722e+106  1.000000e+00  1.000000e+00  0.000000e+00
2.395030e+01  2.318138e+02  8.992709e+02  1.223950e+01  2.395030e+01  2.157820e-01  1.409440e-01  7.483800e-02  9.168412e+00  9.168412e+00  2.890177e+00  3.468220e-01  3.476187e-02  3.668628e-02  3.668644e-02  4.348340e-02  5.711023e+05  2.212075e+04  1.151722e+04  1.762843e+56  4.418671e+53  6.282924e-06  6.789662e+106  1.000000e+00  1.000000e+00  0.000000e+00
2.395030e+01  2.395612e+02  8.992709e+02  1.387240e+01  2.395030e+01  2.578930e-01  1.842720e-01  7.362000e-02  9.544401e+00  9.544401e+00  2.874381e+00  2.854690e-01  3.990909e-02  4.246906e-02  4.246920e-02  5.673595e-02  3.736008e+05  2.904200e+04  1.132885e+04  2.305943e+56  4.347462e+53  6.225508e-06  7.934262e+106  1.000000e+00  1.000000e+00  0.000000e+00
2.395030e+01  2.476067e+02  8.992709e+02  1.572320e+01  2.395030e+01  3.092310e-01  2.368740e-01  7.235700e-02  9.875878e+00  9.875878e+00  2.857814e+00  2.339910e-01  4.624760e-02  4.972498e-02  4.972510e-02  7.143121e-02  2.250880e+05  3.753146e+04  1.113336e+04  2.966890e+56  4.273430e+53  6.154978e-06  9.012592e+106  1.000000e+00  1.000000e+00  0.000000e+00
2.395030e+01  2.559695e+02  8.992709e+02  1.782080e+01  2.395030e+01  3.700640e-01  2.990190e-01  7.104500e-02  1.017927e+01  1.017927e+01  2.840401e+00  1.919800e-01  5.369600e-02  5.844822e-02  5.844835e-02  8.631634e-02  1.289107e+05  4.768588e+04  1.093016e+04  3.751084e+56  4.196357e+53  6.072475e-06  9.985107e+106  1.000000e+00  1.000000e+00  0.000000e+00
2.395030e+01  2.646662e+02  8.992709e+02  2.019840e+01  2.395030e+01  4.403960e-01  3.707160e-01  6.968000e-02  1.046562e+01  1.046562e+01  2.822058e+00  1.582210e-01  6.215272e-02  6.862092e-02  6.862104e-02  1.001141e-01  7.196256e+04  5.957111e+04  1.071867e+04  4.661363e+56  4.116031e+53  5.978388e-06  1.082136e+107  1.000000e+00  1.000000e+00  0.000000e+00
2.395030e+01  2.737197e+02  8.992709e+02  2.289310e+01  2.395030e+01  5.199800e-01  4.517220e-01  6.825800e-02  1.074019e+01  1.074019e+01  2.802702e+00  1.312700e-01  7.150827e-02  8.022390e-02  8.022402e-02  1.117866e-01  3.985776e+04  7.322342e+04  1.049833e+04  5.698138e+56  4.032241e+53  5.872744e-06  1.150244e+107  1.000000e+00  1.000000e+00  0.000000e+00
2.395030e+01  2.831505e+02  8.992709e+02  2.594730e+01  2.395030e+01  6.083500e-01  5.415750e-01  6.677600e-02  1.100429e+01  1.100429e+01  2.782243e+00  1.097650e-01  8.165320e-02  9.324318e-02  9.324329e-02  1.206676e-01  2.216328e+04  8.865364e+04  1.026861e+04  6.859528e+56  3.944792e+53  5.756268e-06  1.201169e+107  1.000000e+00  1.000000e+00  0.000000e+00
2.395030e+01  2.929826e+02  8.992709e+02  2.940900e+01  2.395030e+01  7.048540e-01  6.396240e-01  6.523000e-02  1.125775e+01  1.125775e+01  2.760588e+00  9.254400e-02  9.247608e-02  1.076650e-01  1.076652e-01  1.264351e-01  1.246326e+04  1.058467e+05  1.002902e+04  8.141168e+56  3.853496e+53  5.630400e-06  1.234009e+107  1.000000e+00  1.000000e+00  0.000000e+00
2.395030e+01  3.032418e+02  8.992709e+02  3.333260e+01  2.395030e+01  8.086880e-01  7.450690e-01  6.361900e-02  1.149962e+01  1.149962e+01  2.737640e+00  7.866900e-02  1.038673e-01  1.234783e-01  1.234784e-01  1.290897e-01  7.118758e+03  1.247641e+05  9.779117e+03  9.536560e+56  3.758188e+53  5.494878e-06  1.249023e+107  1.000000e+00  1.000000e+00  0.000000e+00
2.395030e+01  3.139580e+02  8.992709e+02  3.777960e+01  2.395030e+01  9.189180e-01  8.569790e-01  6.193900e-02  1.172832e+01  1.172832e+01  2.713301e+00  6.740400e-02  1.157237e-01  1.406783e-01  1.406784e-01  1.289032e-01  4.140584e+03  1.453567e+05  9.518532e+03  1.103821e+57  3.658730e+53  5.348956e-06  1.246613e+107  1.000000e+00  1.000000e+00  0.000000e+00
2.395030e+01  3.251628e+02  8.992709e+02  4.281980e+01  2.395030e+01  1.034504e+00  9.743160e-01  6.018800e-02  1.194234e+01  1.194234e+01  2.687471e+00  5.818000e-02  1.279453e-01  1.592620e-01  1.592622e-01  1.262750e-01  2.455307e+03  1.675581e+05  9.246984e+03  1.263650e+57  3.555013e+53  5.195019e-06  1.227184e+107  1.000000e+00  1.000000e+00  0.000000e+00
2.395030e+01  3.368911e+02  8.992709e+02  4.853260e+01  2.395030e+01  1.154319e+00  1.095954e+00  5.836500e-02  1.214027e+01  1.214027e+01  2.660045e+00  5.056200e-02  1.404362e-01  1.792260e-01  1.792261e-01  1.216867e-01  1.485103e+03  1.912690e+05  8.964300e+03  1.431919e+57  3.446974e+53  5.033225e-06  1.192002e+107  1.000000e+00  1.000000e+00  0.000000e+00
2.395030e+01  3.491847e+02  8.992709e+02  5.500740e+01  2.395030e+01  1.277168e+00  1.220698e+00  5.647000e-02  1.232113e+01  1.232113e+01  2.630923e+00  4.421500e-02  1.531013e-01  2.005595e-01  2.005596e-01  1.155895e-01  9.160843e+02  2.163936e+05  8.670422e+03  1.607426e+57  3.334588e+53  4.863234e-06  1.142757e+107  1.000000e+00  1.000000e+00  0.000000e+00
2.395030e+01  3.620840e+02  8.992709e+02  6.234610e+01  2.395030e+01  1.401811e+00  1.347307e+00  5.450400e-02  1.248434e+01  1.248434e+01  2.600002e+00  3.888100e-02  1.658462e-01  2.232403e-01  2.232404e-01  1.084428e-01  5.762113e+02  2.428036e+05  8.365457e+03  1.788639e+57  3.217897e+53  4.686064e-06  1.081246e+107  1.000000e+00  1.000000e+00  0.000000e+00
2.395030e+01  3.756397e+02  8.992709e+02  7.066390e+01  2.395030e+01  1.526988e+00  1.474521e+00  5.246700e-02  1.262915e+01  1.262915e+01  2.567188e+00  3.436000e-02  1.785842e-01  2.472440e-01  2.472441e-01  1.006557e-01  3.694283e+02  2.703700e+05  8.049696e+03  1.974091e+57  3.097012e+53  4.501632e-06  1.009630e+107  1.000000e+00  1.000000e+00  0.000000e+00
2.395030e+01  3.899028e+02  8.992709e+02  8.009140e+01  2.395030e+01  1.651448e+00  1.601084e+00  5.036400e-02  1.275515e+01  1.275515e+01  2.532392e+00  3.049700e-02  1.912322e-01  2.725328e-01  2.725329e-01  9.257123e-02  2.413128e+02  2.989415e+05  7.723627e+03  2.162059e+57  2.972119e+53  4.310691e-06  9.302657e+106  1.000000e+00  1.000000e+00  0.000000e+00
2.395030e+01  4.049358e+02  8.992709e+02  9.077660e+01  2.395030e+01  1.773973e+00  1.725776e+00  4.819700e-02  1.286215e+01  1.286215e+01  2.495531e+00  2.716900e-02  2.037113e-01  2.990547e-01  2.990548e-01  8.446698e-02  1.605156e+02  3.283655e+05  7.387946e+03  2.350965e+57  2.843483e+53  4.114297e-06  8.452699e+106  1.000000e+00  1.000000e+00  0.000000e+00
2.395030e+01  4.208056e+02  8.992709e+02  1.028874e+02  2.395030e+01  1.893411e+00  1.847437e+00  4.597400e-02  1.295019e+01  1.295019e+01  2.456536e+00  2.428100e-02  2.159487e-01  3.267423e-01  3.267424e-01  7.655560e-02  1.086754e+02  3.584639e+05  7.043599e+03  2.538886e+57  2.711467e+53  3.913560e-06  7.570421e+106  1.000000e+00  1.000000e+00  0.000000e+00
2.395030e+01  4.375827e+02  8.992709e+02  1.166139e+02  2.395030e+01  2.008695e+00  1.964994e+00  4.370100e-02  1.301949e+01  1.301949e+01  2.415352e+00  2.175600e-02  2.278776e-01  3.555103e-01  3.555104e-01  6.899584e-02  7.485603e+01  3.890638e+05  6.691774e+03  2.724111e+57  2.576526e+53  3.785852e-06  6.772693e+106  1.000000e+00  1.000000e+00  0.000000e+00
2.395030e+01  1.053723e+03  8.992709e+02  1.321717e+02  2.395030e+01  2.080113e+00  2.048554e+00  3.155800e-02  1.307824e+01  1.307824e+01  2.171158e+00  1.517200e-02  2.349196e-01  3.733974e-01  3.733975e-01  6.524448e-02  6.079351e+01  4.098761e+05  4.823587e+03  2.850262e+57  1.789187e+53  3.323619e-06  3.905589e+105  1.000000e+00  1.000000e+00  1.000000e+00
2.395030e+01  1.071356e+03  8.992709e+02  1.498051e+02  2.395030e+01  2.100783e+00  2.074975e+00  2.580800e-02  1.305608e+01  1.305608e+01  2.026634e+00  1.228500e-02  2.376567e-01  3.805433e-01  3.805434e-01  6.318616e-02  5.556219e+01  4.172642e+05  3.955958e+03  2.888865e+57  1.521571e+53  -8.478116e-06  4.843834e+104  -1.000000e+00  1.000000e+00  1.000000e+00
2.395030e+01  1.091342e+03  8.992709e+02  1.697911e+02  2.395030e+01  2.095595e+00  2.071064e+00  2.453000e-02  1.297670e+01  1.297670e+01  1.992281e+00  1.170600e-02  2.385199e-01  3.828201e-01  3.828202e-01  6.147196e-02  5.308369e+01  4.180101e+05  3.758584e+03  2.881982e+57  1.449152e+53  -1.327411e-05  -4.368579e+105  -1.000000e+00  -1.000000e+00  1.000000e+00
2.395030e+01  1.113993e+03  8.992709e+02  1.924434e+02  2.395030e+01  2.074377e+00  2.051084e+00  2.329300e-02  1.284852e+01  1.284852e+01  1.958201e+00  1.122900e-02  2.384603e-01  3.826626e-01  3.826627e-01  5.962584e-02  5.155455e+01  4.152579e+05  3.566814e+03  2.848234e+57  1.375341e+53  7.036457e-06  -6.776089e+105  1.000000e+00  -1.000000e+00  1.000000e+00
2.395030e+01  1.139669e+03  8.992709e+02  2.181178e+02  2.395030e+01  2.044330e+00  2.022319e+00  2.201200e-02  1.267776e+01  1.267776e+01  1.921611e+00  1.076700e-02  2.381717e-01  3.819004e-01  3.819005e-01  5.734712e-02  4.988503e+01  4.110242e+05  3.368431e+03  2.799973e+57  1.298971e+53  7.138745e-06  -6.873374e+105  1.000000e+00  -1.000000e+00  1.000000e+00
2.395030e+01  1.168770e+03  8.992709e+02  2.472176e+02  2.395030e+01  2.011005e+00  1.990309e+00  2.069500e-02  1.247243e+01  1.247243e+01  1.882521e+00  1.029100e-02  2.381461e-01  3.818329e-01  3.818329e-01  5.453111e-02  4.746069e+01  4.067837e+05  3.164902e+03  2.746571e+57  1.220607e+53  7.847635e-06  -6.040624e+105  1.000000e+00  -1.000000e+00  1.000000e+00
2.395030e+01  1.201752e+03  8.992709e+02  2.801996e+02  2.395030e+01  1.978247e+00  1.958892e+00  1.935500e-02  1.224129e+01  1.224129e+01  1.840975e+00  9.784000e-03  2.386904e-01  3.832711e-01  3.832712e-01  5.123968e-02  4.409069e+01  4.029776e+05  2.957897e+03  2.691668e+57  1.140891e+53  1.171592e-05  -4.763968e+105  1.000000e+00  -1.000000e+00  1.000000e+00
2.395030e+01  1.239133e+03  8.992709e+02  3.175819e+02  2.395030e+01  1.948606e+00  1.930603e+00  1.800300e-02  1.199277e+01  1.199277e+01  1.797056e+00  9.239000e-03  2.399861e-01  3.867134e-01  3.867135e-01  4.759737e-02  3.986186e+01  4.010132e+05  2.749248e+03  2.643809e+57  1.060527e+53  5.205180e-05  -3.378019e+105  1.000000e+00  -1.000000e+00  1.000000e+00
2.395030e+01  1.281502e+03  8.992709e+02  3.599514e+02  2.395030e+01  1.923563e+00  1.906912e+00  1.665100e-02  1.173464e+01  1.173464e+01  1.750888e+00  8.656000e-03  2.421130e-01  3.924200e-01  3.924201e-01  4.376283e-02  3.506895e+01  4.008006e+05  2.540890e+03  2.603449e+57  9.802607e+52  9.448007e-05  -2.325941e+105  1.000000e+00  -1.000000e+00  1.000000e+00
2.395030e+01  1.329526e+03  8.992709e+02  4.079736e+02  2.395030e+01  1.903707e+00  1.888395e+00  1.531100e-02  1.147390e+01  1.147390e+01  1.702630e+00  8.043000e-03  2.450589e-01  4.004419e-01  4.004419e-01  3.990151e-02  3.009852e+01  4.023246e+05  2.334796e+03  2.570692e+57  9.008514e+52  -1.221509e-05  -1.399140e+105  -1.000000e+00  -1.000000e+00  1.000000e+00
2.395030e+01  1.383956e+03  8.992709e+02  4.624025e+02  2.395030e+01  1.888913e+00  1.874915e+00  1.399800e-02  1.121617e+01  1.121617e+01  1.652481e+00  7.411000e-03  2.487419e-01  4.106684e-01  4.106685e-01  3.615114e-02  2.530947e+01  4.064167e+05  2.132906e+03  2.550762e+57  8.230471e+52  -3.087066e-06  -8.154339e+104  -1.000000e+00  -1.000000e+00  1.000000e+00
2.395030e+01  1.445646e+03  8.992709e+02  5.240930e+02  2.395030e+01  1.878548e+00  1.865826e+00  1.272200e-02  1.096565e+01  1.096565e+01  1.600670e+00  6.772000e-03  2.530285e-01  4.228581e-01  4.228581e-01  3.261598e-02  2.096474e+01  4.112548e+05  1.937057e+03  2.533337e+57  7.475568e+52  -1.761171e-06  -5.318649e+104  -1.000000e+00  -1.000000e+00  1.000000e+00
2.395030e+01  1.515564e+03  8.992709e+02  5.940138e+02  2.395030e+01  1.871668e+00  1.860173e+00  1.149500e-02  1.072508e+01  1.072508e+01  1.547456e+00  6.142000e-03  2.577567e-01  4.366770e-01  4.366771e-01  2.936096e-02  1.720408e+01  4.173879e+05  1.748917e+03  2.521609e+57  6.750240e+52  -9.191468e-07  -3.056053e+104  -1.000000e+00  -1.000000e+00  1.000000e+00
2.395030e+01  1.594815e+03  8.992709e+02  6.732629e+02  2.395030e+01  1.867207e+00  1.856881e+00  1.032600e-02  1.049596e+01  1.049596e+01  1.493119e+00  5.530000e-03  2.627554e-01  4.517333e-01  4.517333e-01  2.640964e-02  1.405778e+01  4.245378e+05  1.569929e+03  2.514120e+57  6.060065e+52  -5.287958e-07  -1.700050e+104  -1.000000e+00  -1.000000e+00  1.000000e+00
2.395030e+01  1.684639e+03  8.992709e+02  7.630849e+02  2.395030e+01  1.864084e+00  1.854861e+00  9.223000e-03  1.027877e+01  1.027877e+01  1.437953e+00  4.948000e-03  2.678589e-01  4.676044e-01  4.676045e-01  2.377329e-02  1.149389e+01  4.323954e+05  1.401267e+03  2.509146e+57  5.409592e+52  -3.719993e-07  -9.967332e+103  -1.000000e+00  -1.000000e+00  1.000000e+00
2.395030e+01  1.786445e+03  8.992709e+02  8.648903e+02  2.395030e+01  1.861360e+00  1.853168e+00  8.193000e-03  1.007339e+01  1.007339e+01  1.382261e+00  4.401000e-03  2.729207e-01  4.838713e-01  4.838714e-01  2.143998e-02  9.439576e+00  4.406589e+05  1.243816e+03  2.504985e+57  4.802248e+52  -3.591836e-07  -7.809303e+103  -1.000000e+00  -1.000000e+00  1.000000e+00
2.395030e+01  1.901831e+03  8.992709e+02  9.802778e+02  2.395030e+01  1.858216e+00  1.850978e+00  7.238000e-03  9.879135e+00  9.879135e+00  1.326345e+00  3.895000e-03  2.778171e-01  5.001326e-01  5.001327e-01  1.938752e-02  7.809754e+00  4.490213e+05  1.098159e+03  2.500131e+57  4.240303e+52  -4.504368e-07  -6.839385e+103  -1.000000e+00  -1.000000e+00  1.000000e+00
2.395030e+01  2.032610e+03  8.992709e+02  1.111060e+03  2.395030e+01  1.854053e+00  1.847691e+00  6.362000e-03  9.695301e+00  9.695301e+00  1.270498e+00  3.431000e-03  2.824506e-01  5.160240e-01  5.160240e-01  1.762366e-02  6.535670e+00  4.572088e+05  9.645868e+02  2.493330e+57  3.724894e+52  -6.331446e-07  -7.325716e+103  -1.000000e+00  -1.000000e+00  1.000000e+00
2.395030e+01  2.180844e+03  8.992709e+02  1.259289e+03  2.395030e+01  1.848411e+00  1.842847e+00  5.564000e-03  9.520883e+00  9.520883e+00  1.215003e+00  3.010000e-03  2.867497e-01  5.312290e-01  5.312290e-01  1.608830e-02  5.532252e+00  4.649264e+05  8.431171e+02  2.482986e+57  3.256113e+52  -9.102442e-07  -7.798722e+103  -1.000000e+00  -1.000000e+00  1.000000e+00
2.395030e+01  2.348852e+03  8.992709e+02  1.427295e+03  2.395030e+01  1.840999e+00  1.836156e+00  4.844000e-03  9.355131e+00  9.355131e+00  1.160120e+00  2.631000e-03  2.906601e-01  5.454644e-01  5.454644e-01  1.475476e-02  4.741482e+00  4.720027e+05  7.335288e+02  2.468706e+57  2.833124e+52  -1.309455e-06  -7.935570e+103  -1.000000e+00  -1.000000e+00  1.000000e+00
2.395030e+01  2.539271e+03  8.992709e+02  1.617714e+03  2.395030e+01  1.831668e+00  1.827470e+00  4.198000e-03  9.197360e+00  9.197360e+00  1.106090e+00  2.292000e-03  2.941475e-01  5.585005e-01  5.585006e-01  1.359846e-02  4.116917e+00  4.782192e+05  6.354000e+02  2.449429e+57  2.454313e+52  -1.667435e-06  -6.659413e+103  -1.000000e+00  -1.000000e+00  1.000000e+00
2.395030e+01  2.755091e+03  8.992709e+02  1.833538e+03  2.395030e+01  1.820365e+00  1.816741e+00  3.623000e-03  9.046943e+00  9.046943e+00  1.053126e+00  1.990000e-03  2.971927e-01  5.701576e-01  5.701576e-01  1.259987e-02  3.623196e+00  4.845429e+05  5.481504e+02  2.431069e+57  2.117457e+52  -2.223242e-06  -5.320836e+103  -1.000000e+00  -1.000000e+00  1.000000e+00
2.395030e+01  2.999709e+03  8.992709e+02  2.078156e+03  2.395030e+01  1.807165e+00  1.804050e+00  3.115000e-03  8.903599e+00  8.903599e+00  1.001414e+00  1.724000e-03  2.997878e-01  5.803007e-01  5.803007e-01  1.173742e-02  3.231555e+00  4.897708e+05  4.710831e+02  2.407248e+57  1.819877e+52  -3.297821e-06  -5.157442e+103  -1.000000e+00  -1.000000e+00  1.000000e+00
2.395030e+01  3.276966e+03  8.992709e+02  2.355409e+03  2.395030e+01  1.792152e+00  1.789483e+00  2.669000e-03  8.766822e+00  8.766822e+00  9.511090e-01  1.489000e-03  3.019356e-01  5.888459e-01  5.888459e-01  1.099502e-02  2.921034e+00  4.937341e+05  4.034248e+02  2.377237e+57  1.558600e+52  -4.139143e-06  -4.363698e+103  -1.000000e+00  -1.000000e+00  1.000000e+00
2.395030e+01  3.591209e+03  8.992709e+02  2.669651e+03  2.395030e+01  1.775510e+00  1.773231e+00  2.279000e-03  8.636553e+00  8.636553e+00  9.023430e-01  1.284000e-03  3.036437e-01  5.957418e-01  5.957418e-01  1.035935e-02  2.675625e+00  4.975625e+05  3.443616e+02  2.347961e+57  1.330491e+52  -6.212502e-06  -3.523585e+103  -1.000000e+00  -1.000000e+00  1.000000e+00
2.395030e+01  3.947373e+03  8.992709e+02  3.025817e+03  2.395030e+01  1.757425e+00  1.755484e+00  1.940000e-03  8.512591e+00  8.512591e+00  8.552150e-01  1.104000e-03  3.049275e-01  6.009839e-01  6.009839e-01  9.814956e-03  2.482062e+00  5.000641e+05  2.930691e+02  2.312898e+57  1.132375e+52  -8.147721e-06  -2.901281e+103  -1.000000e+00  -1.000000e+00  1.000000e+00
2.395030e+01  4.351050e+03  8.992709e+02  3.429500e+03  2.395030e+01  1.738112e+00  1.736465e+00  1.647000e-03  8.394906e+00  8.394906e+00  8.098040e-01  9.480000e-04  3.058043e-01  6.045940e-01  6.045940e-01  9.352005e-03  2.331265e+00  5.022951e+05  2.487368e+02  2.278292e+57  9.611284e+51  -1.939757e-05  -2.301809e+103  -1.000000e+00  -1.000000e+00  1.000000e+00
2.395030e+01  4.808596e+03  8.992709e+02  3.887040e+03  2.395030e+01  1.717794e+00  1.716399e+00  1.395000e-03  8.283444e+00  8.283444e+00  7.661600e-01  8.120000e-04  3.062964e-01  6.066309e-01  6.066309e-01  8.961836e-03  2.216158e+00  5.031955e+05  2.105863e+02  2.238427e+57  8.137492e+51  -2.979452e-05  -1.836135e+103  -1.000000e+00  -1.000000e+00  1.000000e+00
2.395030e+01  5.327181e+03  8.992709e+02  4.405622e+03  2.395030e+01  1.696714e+00  1.695535e+00  1.179000e-03  8.178376e+00  8.178376e+00  7.243170e-01  6.950000e-04  3.064242e-01  6.071614e-01  6.071614e-01  8.635276e-03  2.130957e+00  5.038438e+05  1.778852e+02  2.199659e+57  6.874128e+51  -1.713955e-03  -1.416797e+103  -1.000000e+00  -1.000000e+00  1.000000e+00
2.395030e+01  5.914947e+03  8.992709e+02  4.993389e+03  2.395030e+01  1.675082e+00  1.674088e+00  9.940000e-04  8.079692e+00  8.079692e+00  6.842870e-01  5.930000e-04  3.062125e-01  6.062830e-01  6.062831e-01  8.363969e-03  2.071117e+00  5.032312e+05  1.499555e+02  2.156385e+57  5.795029e+51  3.004318e-05  -1.104802e+103  1.000000e+00  -1.000000e+00  1.000000e+00
2.395030e+01  6.581126e+03  8.992709e+02  5.659571e+03  2.395030e+01  1.653132e+00  1.652295e+00  8.370000e-04  7.987494e+00  7.987494e+00  6.460670e-01  5.060000e-04  3.056881e-01  6.041142e-01  6.041142e-01  8.143275e-03  2.033860e+00  5.023740e+05  1.261780e+02  2.114471e+57  4.876307e+51  2.271371e-05  -7.928936e+102  1.000000e+00  -1.000000e+00  1.000000e+00
2.395030e+01  7.336183e+03  8.992709e+02  6.414631e+03  2.395030e+01  1.631065e+00  1.630362e+00  7.030000e-04  7.901910e+00  7.901910e+00  6.096390e-01  4.310000e-04  3.048742e-01  6.007655e-01  6.007655e-01  7.967297e-03  2.016584e+00  5.012879e+05  1.059947e+02  2.074108e+57  4.096416e+51  1.845854e-05  -5.652364e+102  1.000000e+00  -1.000000e+00  1.000000e+00
2.395030e+01  8.191984e+03  8.992709e+02  7.270426e+03  2.395030e+01  1.609092e+00  1.608502e+00  5.900000e-04  7.823058e+00  7.823058e+00  5.749760e-01  3.660000e-04  3.037987e-01  5.963718e-01  5.963718e-01  7.831190e-03  2.017470e+00  4.999882e+05  8.890712e+01  2.035400e+57  3.436116e+51  1.399562e-05  -4.231689e+102  1.000000e+00  -1.000000e+00  1.000000e+00
2.395030e+01  9.161955e+03  8.992709e+02  8.240395e+03  2.395030e+01  1.587385e+00  1.586891e+00  4.940000e-04  7.750922e+00  7.750922e+00  5.420380e-01  3.110000e-04  3.024896e-01  5.910725e-01  5.910725e-01  7.729988e-03  2.034865e+00  4.976296e+05  7.447456e+01  1.993575e+57  2.878389e+51  8.859297e-06  -3.190358e+102  1.000000e+00  -1.000000e+00  1.000000e+00
2.395030e+01  1.026133e+04  8.992709e+02  9.339770e+03  2.395030e+01  1.566130e+00  1.565717e+00  4.130000e-04  7.685699e+00  7.685699e+00  5.107800e-01  2.640000e-04  3.009720e-01  5.849950e-01  5.849950e-01  7.661008e-03  2.068027e+00  4.951581e+05  6.231023e+01  1.953979e+57  2.408296e+51  8.289819e-06  -2.226707e+102  1.000000e+00  -1.000000e+00  1.000000e+00
2.395030e+01  1.150737e+04  8.992709e+02  1.058582e+04  2.395030e+01  1.545479e+00  1.545133e+00  3.460000e-04  7.627343e+00  7.627343e+00  4.811510e-01  2.240000e-04  2.992757e-01  5.782834e-01  5.782834e-01  7.619424e-03  2.115760e+00  4.925907e+05  5.207703e+01  1.916647e+57  2.012820e+51  7.063752e-06  -1.653797e+102  1.000000e+00  -1.000000e+00  1.000000e+00
2.395030e+01  1.291966e+04  8.992709e+02  1.199810e+04  2.395030e+01  1.525567e+00  1.525278e+00  2.890000e-04  7.575795e+00  7.575795e+00  4.530940e-01  1.890000e-04  2.974299e-01  5.710766e-01  5.710766e-01  7.600963e-03  2.176985e+00  4.891670e+05  4.348288e+01  1.877163e+57  1.680677e+51  5.682779e-06  -1.201545e+102  1.000000e+00  -1.000000e+00  1.000000e+00
2.395030e+01  1.452036e+04  8.992709e+02  1.359880e+04  2.395030e+01  1.506542e+00  1.506302e+00  2.410000e-04  7.531164e+00  7.531164e+00  4.265510e-01  1.600000e-04  2.954615e-01  5.634983e-01  5.634983e-01  7.604162e-03  2.251447e+00  4.857554e+05  3.627613e+01  1.840373e+57  1.402146e+51  6.257057e-06  -7.805523e+101  1.000000e+00  -1.000000e+00  1.000000e+00
2.395030e+01  1.633462e+04  8.992709e+02  1.541306e+04  2.395030e+01  1.488504e+00  1.488303e+00  2.010000e-04  7.493276e+00  7.493276e+00  4.014590e-01  1.350000e-04  2.933999e-01  5.556780e-01  5.556780e-01  7.622144e-03  2.337165e+00  4.831067e+05  3.024091e+01  1.810410e+57  1.168888e+51  6.022838e-06  -5.215546e+101  1.000000e+00  -1.000000e+00  1.000000e+00
2.395030e+01  1.839092e+04  8.992709e+02  1.746936e+04  2.395030e+01  1.471555e+00  1.471387e+00  1.670000e-04  7.461995e+00  7.461995e+00  3.777580e-01  1.140000e-04  2.912749e-01  5.477388e-01  5.477388e-01  7.653450e-03  2.433606e+00  4.797530e+05  2.519278e+01  1.778780e+57  9.737761e+50  4.928230e-06  -3.804044e+101  1.000000e+00  -1.000000e+00  1.000000e+00
2.395030e+01  2.071233e+04  8.992709e+02  1.979078e+04  2.395030e+01  1.455844e+00  1.455705e+00  1.390000e-04  7.437293e+00  7.437293e+00  3.554650e-01  9.600000e-05  2.891223e-01  5.398190e-01  5.398190e-01  7.694365e-03  2.539056e+00  4.764933e+05  2.098910e+01  1.749960e+57  8.112998e+50  4.813413e-06  -2.813414e+101  1.000000e+00  -1.000000e+00  1.000000e+00
3.290340e+01  1.030404e+02  9.231382e+02  1.000000e+00  3.290340e+01  1.487010e-01  2.369000e-03  1.463310e-01  3.592348e+00  2.906378e+00  3.592348e+00  9.840670e-01  6.113869e-02  6.738564e-02  4.536721e-02  1.005563e-01  7.847603e+04  3.567742e+02  2.280794e+04  2.999544e+54  9.944487e+53  6.293793e-06  2.334007e+105  1.000000e+00  1.000000e+00  0.000000e+00
3.290340e+01  1.076573e+02  9.231382e+02  1.133400e+00  3.290340e+01  1.479390e-01  2.778000e-03  1.451610e-01  3.582850e+00  2.972784e+00  3.582850e+00  9.812250e-01  6.098669e-02  6.720084e-02  4.759874e-02  1.006522e-01  7.953462e+04  4.188487e+02  2.262481e+04  3.512798e+54  9.860130e+53  6.298574e-06  2.288809e+105  1.000000e+00  1.000000e+00  0.000000e+00
3.290340e+01  1.131115e+02  9.231382e+02  1.284600e+00  3.290340e+01  1.471390e-01  3.251000e-03  1.438880e-01  3.572441e+00  3.042172e+00  3.572441e+00  9.779070e-01  6.083370e-02  6.701493e-02  4.998723e-02  1.008164e-01  8.067119e+04  4.909620e+02  2.242581e+04  4.102488e+54  9.769449e+53  6.308995e-06  2.295087e+105  1.000000e+00  1.000000e+00  0.000000e+00
3.290340e+01  1.191072e+02  9.231382e+02  1.456000e+00  3.290340e+01  1.463110e-01  3.802000e-03  1.425100e-01  3.561075e+00  3.114851e+00  3.561075e+00  9.740170e-01  6.068452e-02  6.683376e-02  5.254808e-02  1.010661e-01  8.186988e+04  5.751125e+02  2.221057e+04  4.785534e+54  9.672626e+53  6.320899e-06  2.547682e+105  1.000000e+00  1.000000e+00  0.000000e+00
3.290340e+01  1.250167e+02  9.231382e+02  1.650300e+00  3.290340e+01  1.454660e-01  4.443000e-03  1.410230e-01  3.548709e+00  3.190906e+00  3.548709e+00  9.694580e-01  6.054419e-02  6.666340e-02  5.528633e-02  1.014353e-01  8.312571e+04  6.733279e+02  2.197876e+04  5.578088e+54  9.569756e+53  6.335907e-06  2.783643e+105  1.000000e+00  1.000000e+00  0.000000e+00
3.290340e+01  1.316026e+02  9.231382e+02  1.870400e+00  3.290340e+01  1.446190e-01  5.189000e-03  1.394290e-01  3.535321e+00  3.270517e+00  3.535321e+00  9.641170e-01  6.041946e-02  6.651207e-02  5.820429e-02  1.019658e-01  8.442643e+04  7.880158e+02  2.173053e+04  6.498945e+54  9.461122e+53  6.355304e-06  3.114503e+105  1.000000e+00  1.000000e+00  0.000000e+00
3.290340e+01  1.379494e+02  9.231382e+02  2.120000e+00  3.290340e+01  1.437900e-01  6.059000e-03  1.377310e-01  3.520907e+00  3.353902e+00  3.520907e+00  9.578630e-01  6.031910e-02  6.639034e-02  6.129102e-02  1.027203e-01  8.576115e+04  9.220186e+02  2.146631e+04  7.570195e+54  9.347151e+53  6.364882e-06  2.831992e+105  1.000000e+00  1.000000e+00  0.000000e+00
3.290340e+01  1.527256e+02  9.231382e+02  2.402800e+00  3.290340e+01  1.429060e-01  7.023000e-03  1.358840e-01  3.505111e+00  3.436577e+00  3.505111e+00  9.508570e-01  6.021874e-02  6.626866e-02  6.431086e-02  1.037166e-01  8.731688e+04  1.071006e+03  2.117853e+04  8.756388e+54  9.221745e+53  6.423995e-06  4.585718e+105  1.000000e+00  1.000000e+00  0.000000e+00
3.290340e+01  1.576382e+02  9.231382e+02  2.723400e+00  3.290340e+01  1.420960e-01  8.156000e-03  1.339400e-01  3.524251e+00  3.524251e+00  3.488283e+00  9.426000e-01  5.955222e-02  6.546157e-02  6.546246e-02  1.006270e-01  8.956444e+04  1.246730e+03  2.087777e+04  1.015023e+55  9.092615e+53  6.476540e-06  5.914143e+105  1.000000e+00  1.000000e+00  0.000000e+00
3.290340e+01  1.627167e+02  9.231382e+02  3.086700e+00  3.290340e+01  1.414410e-01  9.503000e-03  1.319380e-01  3.626168e+00  3.626168e+00  3.470711e+00  9.328150e-01  5.761155e-02  6.312201e-02  6.312289e-02  8.660700e-02  9.097349e+04  1.456236e+03  2.056707e+04  1.180665e+55  8.962862e+53  6.582673e-06  6.694803e+105  1.000000e+00  1.000000e+00  0.000000e+00
3.290340e+01  1.679681e+02  9.231382e+02  3.498500e+00  3.290340e+01  1.410050e-01  1.109700e-02  1.299080e-01  3.747408e+00  3.747408e+00  3.452637e+00  9.213000e-01  5.557567e-02  6.068417e-02  6.068499e-02  7.345195e-02  9.236024e+04  1.705408e+03  2.025231e+04  1.377064e+55  8.834024e+53  7.691516e-06  7.557806e+105  1.000000e+00  1.000000e+00  0.000000e+00
3.290340e+01  1.734000e+02  9.231382e+02  3.965200e+00  3.290340e+01  1.408680e-01  1.298500e-02  1.278830e-01  3.892176e+00  3.892176e+00  3.434381e+00  9.078240e-01  5.345655e-02  5.816439e-02  5.816508e-02  6.119634e-02  9.346224e+04  2.001766e+03  1.993875e+04  1.609977e+55  8.707497e+53  9.337088e-06  8.546138e+105  1.000000e+00  1.000000e+00  0.000000e+00
3.290340e+01  1.790190e+02  9.231382e+02  4.494300e+00  3.290340e+01  1.411310e-01  1.523200e-02  1.258980e-01  4.065660e+00  4.065660e+00  3.416267e+00  8.920680e-01  5.127106e-02  5.558440e-02  5.558515e-02  5.035256e-02  9.474668e+04  2.356403e+03  1.963133e+04  1.887963e+55  8.584308e+53  5.679672e-06  9.752610e+105  1.000000e+00  1.000000e+00  0.000000e+00
3.290340e+01  1.848335e+02  9.231382e+02  5.093900e+00  3.290340e+01  1.419240e-01  1.794800e-02  1.239760e-01  4.274026e+00  4.274026e+00  3.398539e+00  8.735370e-01  4.904576e-02  5.297671e-02  5.297743e-02  4.117953e-02  9.673490e+04  2.786743e+03  1.933345e+04  2.224735e+55  8.464859e+53  6.032114e-06  1.133568e+106  1.000000e+00  1.000000e+00  0.000000e+00
3.290340e+01  1.908524e+02  9.231382e+02  5.773400e+00  3.290340e+01  1.434280e-01  2.130600e-02  1.221210e-01  4.524727e+00  4.524727e+00  3.381271e+00  8.514490e-01  4.681899e-02  5.038654e-02  5.038710e-02  3.389883e-02  1.004576e+05  3.320639e+03  1.904568e+04  2.642671e+55  8.348834e+53  6.129766e-06  1.351161e+106  1.000000e+00  1.000000e+00  0.000000e+00
3.290340e+01  1.970844e+02  9.231382e+02  6.543700e+00  3.290340e+01  1.458990e-01  2.557400e-02  1.203250e-01  4.826237e+00  4.826237e+00  3.364399e+00  8.247160e-01  4.465037e-02  4.788231e-02  4.788284e-02  2.809231e-02  1.055278e+05  4.000477e+03  1.876663e+04  3.176241e+55  8.235512e+53  6.180127e-06  1.655326e+106  1.000000e+00  1.000000e+00  0.000000e+00
3.290340e+01  2.035396e+02  9.231382e+02  7.416700e+00  3.290340e+01  1.497190e-01  3.114600e-02  1.185730e-01  5.187496e+00  5.187496e+00  3.347791e+00  7.919690e-01  4.262858e-02  4.556369e-02  4.556416e-02  2.435769e-02  1.153535e+05  4.889098e+03  1.849399e+04  3.876717e+55  8.123999e+53  6.211917e-06  2.074771e+106  1.000000e+00  1.000000e+00  0.000000e+00
3.290340e+01  2.102287e+02  9.231382e+02  8.406200e+00  3.290340e+01  1.554460e-01  3.858400e-02  1.168620e-01  5.616026e+00  5.616026e+00  3.331440e+00  7.517840e-01  4.088202e-02  4.357304e-02  4.357347e-02  2.234601e-02  1.304493e+05  6.075554e+03  1.822722e+04  4.813640e+55  8.013482e+53  6.233630e-06  2.647274e+106  1.000000e+00  1.000000e+00  0.000000e+00
3.290340e+01  2.171631e+02  9.231382e+02  9.527700e+00  3.290340e+01  1.638790e-01  4.869700e-02  1.151820e-01  6.114868e+00  6.114868e+00  3.315284e+00  7.028450e-01  3.958388e-02  4.210082e-02  4.210120e-02  2.218506e-02  1.521868e+05  7.688964e+03  1.796460e+04  6.088193e+55  7.902422e+53  6.246241e-06  3.430351e+106  1.000000e+00  1.000000e+00  0.000000e+00
3.290340e+01  2.243537e+02  9.231382e+02  1.079880e+01  3.290340e+01  1.761340e-01  6.264900e-02  1.134850e-01  6.657986e+00  6.657986e+00  3.298852e+00  6.443120e-01  3.907343e-02  4.152364e-02  4.152398e-02  2.419551e-02  1.771061e+05  9.915092e+03  1.769896e+04  7.846338e+55  7.788671e+53  6.250110e-06  4.479069e+106  1.000000e+00  1.000000e+00  0.000000e+00
3.290340e+01  2.318138e+02  9.231382e+02  1.223950e+01  3.290340e+01  1.936760e-01  8.193300e-02  1.117440e-01  7.227921e+00  7.227921e+00  3.281823e+00  5.769610e-01  3.957713e-02  4.209319e-02  4.209353e-02  2.854569e-02  1.959870e+05  1.299521e+04  1.742600e+04  1.027586e+56  7.671311e+53  6.243162e-06  5.816316e+106  1.000000e+00  1.000000e+00  0.000000e+00
3.290340e+01  2.395612e+02  9.231382e+02  1.387240e+01  3.290340e+01  2.182220e-01  1.082730e-01  1.099490e-01  7.807030e+00  7.807030e+00  3.264100e+00  5.038410e-01  4.128511e-02  4.403145e-02  4.403176e-02  3.532477e-02  1.963438e+05  1.721353e+04  1.714452e+04  1.359444e+56  7.549880e+53  6.222729e-06  7.419210e+106  1.000000e+00  1.000000e+00  0.000000e+00
3.290340e+01  2.476067e+02  9.231382e+02  1.572320e+01  3.290340e+01  2.515070e-01  1.434120e-01  1.080950e-01  8.366065e+00  8.366065e+00  3.245590e+00  4.297880e-01  4.440277e-02  4.759752e-02  4.759777e-02  4.463074e-02  1.723818e+05  2.286782e+04  1.685341e+04  1.802449e+56  7.423942e+53  6.186777e-06  9.205660e+106  1.000000e+00  1.000000e+00  0.000000e+00
3.290340e+01  2.559695e+02  9.231382e+02  1.782080e+01  3.290340e+01  2.950060e-01  1.888320e-01  1.061730e-01  8.884944e+00  8.884944e+00  3.226198e+00  3.599020e-01  4.904077e-02  5.297089e-02  5.297115e-02  5.628683e-02  1.322904e+05  3.022981e+04  1.655161e+04  2.375978e+56  7.293073e+53  6.134335e-06  1.104888e+107  1.000000e+00  1.000000e+00  0.000000e+00
3.290340e+01  2.646662e+02  9.231382e+02  2.019840e+01  3.290340e+01  3.497150e-01  2.455360e-01  1.041790e-01  9.357302e+00  9.357302e+00  3.205825e+00  2.978970e-01  5.520071e-02  6.023701e-02  6.023726e-02  6.950625e-02  9.040876e+04  3.951156e+04  1.623812e+04  3.094112e+56  7.156860e+53  6.065375e-06  1.281599e+107  1.000000e+00  1.000000e+00  0.000000e+00
3.290340e+01  2.737197e+02  9.231382e+02  2.289310e+01  3.290340e+01  4.160740e-01  3.139690e-01  1.021050e-01  9.786170e+00  9.786170e+00  3.184370e+00  2.454020e-01  6.279709e-02  6.940812e-02  6.940834e-02  8.309094e-02  5.672395e+04  5.085629e+04  1.591199e+04  3.964984e+56  7.014904e+53  5.979703e-06  1.440163e+107  1.000000e+00  1.000000e+00  0.000000e+00
3.290340e+01  2.831505e+02  9.231382e+02  2.594730e+01  3.290340e+01  4.939950e-01  3.940480e-01  9.994700e-02  1.017777e+01  1.017777e+01  3.161731e+00  2.023230e-01  7.168884e-02  8.045158e-02  8.045182e-02  9.572291e-02  3.370282e+04  6.433904e+04  1.557232e+04  4.991204e+56  6.866826e+53  5.878781e-06  1.572665e+107  1.000000e+00  1.000000e+00  0.000000e+00
3.290340e+01  2.929826e+02  9.231382e+02  2.940900e+01  3.290340e+01  5.829470e-01  4.852490e-01  9.769700e-02  1.053819e+01  1.053819e+01  3.137799e+00  1.675920e-01  8.170425e-02  9.330989e-02  9.331009e-02  1.062079e-01  1.944657e+04  7.997487e+04  1.521826e+04  6.170397e+56  6.712268e+53  5.763845e-06  1.674467e+107  1.000000e+00  1.000000e+00  0.000000e+00
3.290340e+01  3.032418e+02  9.231382e+02  3.333260e+01  3.290340e+01  6.820450e-01  5.866920e-01  9.535300e-02  1.087158e+01  1.087158e+01  3.112461e+00  1.398040e-01  9.266208e-02  1.079179e-01  1.079181e-01  1.137918e-01  1.110474e+04  9.773265e+04  1.484904e+04  7.496240e+56  6.550905e+53  5.635539e-06  1.743529e+107  1.000000e+00  1.000000e+00  0.000000e+00
3.290340e+01  3.139580e+02  9.231382e+02  3.777960e+01  3.290340e+01  7.901500e-01  6.972410e-01  9.290900e-02  1.117991e+01  1.117991e+01  3.085604e+00  1.175840e-01  1.043885e-01  1.242180e-01  1.242182e-01  1.181763e-01  6.355923e+03  1.175449e+05  1.446403e+04  8.959241e+56  6.382458e+53  5.494827e-06  1.779510e+107  1.000000e+00  1.000000e+00  0.000000e+00
3.290340e+01  3.251628e+02  9.231382e+02  4.281980e+01  3.290340e+01  9.059390e-01  8.155780e-01  9.036100e-02  1.146395e+01  1.146395e+01  3.057111e+00  9.974300e-02  1.167203e-01  1.421604e-01  1.421606e-01  1.194365e-01  3.675491e+03  1.393171e+05  1.406267e+04  1.054754e+57  6.206699e+53  5.343285e-06  1.783599e+107  1.000000e+00  1.000000e+00  0.000000e+00
3.290340e+01  3.368911e+02  9.231382e+02  4.853260e+01  3.290340e+01  1.027968e+00  9.402600e-01  8.770800e-02  1.172384e+01  1.172384e+01  3.026863e+00  8.532100e-02  1.295064e-01  1.617017e-01  1.617019e-01  1.179462e-01  2.158427e+03  1.629253e+05  1.364461e+04  1.224655e+57  6.023468e+53  5.182241e-06  1.757434e+107  1.000000e+00  1.000000e+00  0.000000e+00
3.290340e+01  3.491847e+02  9.231382e+02  5.500740e+01  3.290340e+01  1.154711e+00  1.069764e+00  8.494700e-02  1.195965e+01  1.195965e+01  2.994739e+00  7.356500e-02  1.426056e-01  1.827995e-01  1.827998e-01  1.141771e-01  1.290636e+03  1.882285e+05  1.320963e+04  1.404006e+57  5.832676e+53  5.011484e-06  1.704550e+107  1.000000e+00  1.000000e+00  0.000000e+00
3.290340e+01  3.620840e+02  9.231382e+02  6.234610e+01  3.290340e+01  1.284609e+00  1.202530e+00  8.207900e-02  1.217157e+01  1.217157e+01  2.960624e+00  6.389400e-02  1.558856e-01  2.054067e-01  2.054069e-01  1.086667e-01  7.869985e+02  2.150763e+05  1.275778e+04  1.591101e+57  5.634341e+53  4.831772e-06  1.628545e+107  1.000000e+00  1.000000e+00  0.000000e+00
3.290340e+01  3.756397e+02  9.231382e+02  7.066390e+01  3.290340e+01  1.416092e+00  1.336988e+00  7.910500e-02  1.235952e+01  1.235952e+01  2.924403e+00  5.586100e-02  1.692278e-01  2.294772e-01  2.294774e-01  1.019545e-01  4.897289e+02  2.432966e+05  1.228934e+04  1.784078e+57  5.428597e+53  4.644485e-06  1.532759e+107  1.000000e+00  1.000000e+00  0.000000e+00
3.290340e+01  3.899028e+02  9.231382e+02  8.009140e+01  3.290340e+01  1.547625e+00  1.471597e+00  7.602800e-02  1.252363e+01  1.252363e+01  2.885969e+00  4.912600e-02  1.825229e-01  2.549568e-01  2.549570e-01  9.450260e-02  3.110036e+02  2.727071e+05  1.180493e+04  1.980947e+57  5.215704e+53  4.449930e-06  1.421594e+107  1.000000e+00  1.000000e+00  0.000000e+00
3.290340e+01  4.049358e+02  9.231382e+02  9.077660e+01  3.290340e+01  1.677729e+00  1.604875e+00  7.285500e-02  1.266417e+01  1.266417e+01  2.845224e+00  4.342500e-02  1.956711e-01  2.817797e-01  2.817799e-01  8.670966e-02  2.015322e+02  3.031201e+05  1.130544e+04  2.179755e+57  4.996061e+53  4.247873e-06  1.299401e+107  1.000000e+00  1.000000e+00  0.000000e+00
3.290340e+01  4.208056e+02  9.231382e+02  1.028874e+02  3.290340e+01  1.805020e+00  1.735428e+00  6.959200e-02  1.278166e+01  1.278166e+01  2.802079e+00  3.855500e-02  2.085818e-01  3.098653e-01  3.098655e-01  7.887897e-02  1.331948e+02  3.343526e+05  1.079216e+04  2.378550e+57  4.770229e+53  4.041970e-06  1.169487e+107  1.000000e+00  1.000000e+00  0.000000e+00
3.290340e+01  4.375827e+02  9.231382e+02  1.166139e+02  3.290340e+01  1.928229e+00  1.861979e+00  6.625000e-02  1.287671e+01  1.287671e+01  2.756466e+00  3.435800e-02  2.211746e-01  3.391179e-01  3.391181e-01  7.124659e-02  8.974196e+01  3.661622e+05  1.026672e+04  2.574982e+57  4.538934e+53  3.927462e-06  1.049176e+107  1.000000e+00  1.000000e+00  0.000000e+00
3.290340e+01  1.053723e+03  9.231382e+02  1.321717e+02  3.290340e+01  2.008750e+00  1.957605e+00  5.114400e-02  1.296283e+01  1.296283e+01  2.533700e+00  2.546100e-02  2.288799e-01  3.580137e-01  3.580139e-01  6.749178e-02  7.163419e+01  3.890654e+05  7.903046e+03  2.717211e+57  3.366114e+53  3.675307e-06  9.905648e+105  1.000000e+00  1.000000e+00  1.000000e+00
3.290340e+01  1.071356e+03  9.231382e+02  1.498051e+02  3.290340e+01  2.044109e+00  2.003077e+00  4.103100e-02  1.296950e+01  1.296950e+01  2.351972e+00  2.007300e-02  2.327890e-01  3.679111e-01  3.679112e-01  6.508198e-02  6.346840e+01  4.005516e+05  6.358242e+03  2.783334e+57  2.766616e+53  2.653346e-06  4.576759e+105  1.000000e+00  1.000000e+00  1.000000e+00
3.290340e+01  1.091342e+03  9.231382e+02  1.697911e+02  3.290340e+01  2.052864e+00  2.015200e+00  3.766400e-02  1.291373e+01  1.291373e+01  2.283295e+00  1.834700e-02  2.347957e-01  3.730765e-01  3.730766e-01  6.294615e-02  5.880686e+01  4.048598e+05  5.842384e+03  2.799905e+57  2.586604e+53  1.912942e-04  -2.032339e+105  1.000000e+00  -1.000000e+00  1.000000e+00
3.290340e+01  1.113993e+03  9.231382e+02  1.924434e+02  3.290340e+01  2.043921e+00  2.008114e+00  3.580600e-02  1.280965e+01  1.280965e+01  2.245117e+00  1.751800e-02  2.356723e-01  3.753513e-01  3.753514e-01  6.081971e-02  5.577078e+01  4.051051e+05  5.549734e+03  2.786543e+57  2.457268e+53  1.850394e-04  -6.672133e+105  1.000000e+00  -1.000000e+00  1.000000e+00
3.290340e+01  1.139669e+03  9.231382e+02  2.181178e+02  3.290340e+01  2.022880e+00  1.989002e+00  3.387800e-02  1.265996e+01  1.265996e+01  2.204079e+00  1.674800e-02  2.360042e-01  3.762156e-01  3.762157e-01  5.841252e-02  5.318863e+01  4.032802e+05  5.246484e+03  2.755004e+57  2.323226e+53  9.130618e-06  -8.454947e+105  1.000000e+00  -1.000000e+00  1.000000e+00
3.290340e+01  1.168770e+03  9.231382e+02  2.472176e+02  3.290340e+01  1.995430e+00  1.963536e+00  3.189400e-02  1.247105e+01  1.247105e+01  2.160179e+00  1.598300e-02  2.363280e-01  3.770604e-01  3.770605e-01  5.555496e-02  5.024068e+01  4.001149e+05  4.934819e+03  2.710113e+57  2.185440e+53  8.912069e-06  -8.240443e+105  1.000000e+00  -1.000000e+00  1.000000e+00
3.290340e+01  1.201752e+03  9.231382e+02  2.801996e+02  3.290340e+01  1.966232e+00  1.936364e+00  2.986900e-02  1.225138e+01  1.225138e+01  2.113459e+00  1.519100e-02  2.370453e-01  3.789373e-01  3.789374e-01  5.223370e-02  4.652693e+01  3.974485e+05  4.617249e+03  2.663263e+57  2.045019e+53  1.709828e-05  -6.525454e+105  1.000000e+00  -1.000000e+00  1.000000e+00
3.290340e+01  1.239133e+03  9.231382e+02  3.175819e+02  3.290340e+01  1.938619e+00  1.910798e+00  2.782000e-02  1.201004e+01  1.201004e+01  2.064003e+00  1.435100e-02  2.384129e-01  3.825372e-01  3.825373e-01  4.855090e-02  4.202035e+01  3.964165e+05  4.296547e+03  2.622097e+57  1.903186e+53  4.035632e-05  -4.895159e+105  1.000000e+00  -1.000000e+00  1.000000e+00
3.290340e+01  1.281502e+03  9.231382e+02  3.599514e+02  3.290340e+01  1.914682e+00  1.888915e+00  2.576800e-02  1.175569e+01  1.175569e+01  2.011939e+00  1.345800e-02  2.405637e-01  3.882563e-01  3.882564e-01  4.465200e-02  3.694853e+01  3.962361e+05  3.975663e+03  2.582590e+57  1.761246e+53  6.896254e-05  -3.460316e+105  1.000000e+00  -1.000000e+00  1.000000e+00
3.290340e+01  1.329526e+03  9.231382e+02  4.079736e+02  3.290340e+01  1.895467e+00  1.871737e+00  2.373000e-02  1.149622e+01  1.149622e+01  1.957440e+00  1.251900e-02  2.435245e-01  3.962463e-01  3.962464e-01  4.070587e-02  3.168491e+01  3.984263e+05  3.657630e+03  2.554197e+57  1.620540e+53  -8.196470e-06  -2.231761e+105  -1.000000e+00  -1.000000e+00  1.000000e+00
3.290340e+01  1.383956e+03  9.231382e+02  4.624025e+02  3.290340e+01  1.881136e+00  1.859410e+00  2.172600e-02  1.123806e+01  1.123806e+01  1.900720e+00  1.154900e-02  2.472353e-01  4.064581e-01  4.064582e-01  3.686049e-02  2.660257e+01  4.015587e+05  3.345451e+03  2.529124e+57  1.482398e+53  -3.965829e-06  -1.412887e+105  -1.000000e+00  -1.000000e+00  1.000000e+00
3.290340e+01  1.445646e+03  9.231382e+02  5.240930e+02  3.290340e+01  1.871211e+00  1.851436e+00  1.977500e-02  1.098609e+01  1.098609e+01  1.842035e+00  1.056800e-02  2.515713e-01  4.186790e-01  4.186791e-01  3.322079e-02  2.197888e+01  4.070770e+05  3.041995e+03  2.515674e+57  1.348089e+53  -1.528386e-06  -7.951215e+104  -1.000000e+00  -1.000000e+00  1.000000e+00
3.290340e+01  1.515564e+03  9.231382e+02  5.940138e+02  3.290340e+01  1.864836e+00  1.846942e+00  1.789400e-02  1.074357e+01  1.074357e+01  1.781671e+00  9.595000e-03  2.563739e-01  4.325937e-01  4.325938e-01  2.986837e-02  1.797848e+01  4.130667e+05  2.749889e+03  2.503232e+57  1.218778e+53  -8.570026e-07  -4.427556e+104  -1.000000e+00  -1.000000e+00  1.000000e+00
3.290340e+01  1.594815e+03  9.231382e+02  6.732629e+02  3.290340e+01  1.860953e+00  1.844856e+00  1.609700e-02  1.051236e+01  1.051236e+01  1.719942e+00  8.650000e-03  2.614670e-01  4.478074e-01  4.478075e-01  2.682868e-02  1.463600e+01  4.211060e+05  2.471431e+03  2.500804e+57  1.095485e+53  -4.134099e-07  -2.096363e+104  -1.000000e+00  -1.000000e+00  1.000000e+00
3.290340e+01  1.684639e+03  9.231382e+02  7.630849e+02  3.290340e+01  1.858471e+00  1.844072e+00  1.439900e-02  1.029313e+01  1.029313e+01  1.657181e+00  7.748000e-03  2.666797e-01  4.638911e-01  4.638912e-01  2.411610e-02  1.191973e+01  4.289162e+05  2.208517e+03  2.495453e+57  9.790534e+52  -2.934985e-07  -2.005959e+104  -1.000000e+00  -1.000000e+00  1.000000e+00
3.290340e+01  1.786445e+03  9.231382e+02  8.648903e+02  3.290340e+01  1.856424e+00  1.843616e+00  1.280700e-02  1.008591e+01  1.008591e+01  1.593733e+00  6.899000e-03  2.718589e-01  4.804141e-01  4.804142e-01  2.171798e-02  9.750126e+00  4.371614e+05  1.962605e+03  2.491034e+57  8.701308e+52  -2.601362e-07  -9.338730e+103  -1.000000e+00  -1.000000e+00  1.000000e+00
3.290340e+01  1.901831e+03  9.231382e+02  9.802778e+02  3.290340e+01  1.853968e+00  1.842638e+00  1.133000e-02  9.890119e+00  9.890119e+00  1.529942e+00  6.111000e-03  2.768742e-01  4.969597e-01  4.969597e-01  1.961268e-02  8.035864e+00  4.466532e+05  1.734688e+03  2.492418e+57  7.691609e+52  -3.574059e-07  -6.827223e+103  -1.000000e+00  -1.000000e+00  1.000000e+00
3.290340e+01  2.032610e+03  9.231382e+02  1.111060e+03  3.290340e+01  1.850457e+00  1.840486e+00  9.971000e-03  9.704871e+00  9.704871e+00  1.466146e+00  5.388000e-03  2.816248e-01  5.131549e-01  5.131549e-01  1.780547e-02  6.700552e+00  4.548889e+05  1.525303e+03  2.485596e+57  6.763855e+52  -5.528371e-07  -1.235230e+104  -1.000000e+00  -1.000000e+00  1.000000e+00
3.290340e+01  2.180844e+03  9.231382e+02  1.259289e+03  3.290340e+01  1.845418e+00  1.836687e+00  8.731000e-03  9.529261e+00  9.529261e+00  1.402673e+00  4.731000e-03  2.860336e-01  5.286647e-01  5.286648e-01  1.623543e-02  5.653194e+00  4.626897e+05  1.334563e+03  2.475456e+57  5.918578e+52  -8.274871e-07  -1.218456e+104  -1.000000e+00  -1.000000e+00  1.000000e+00
3.290340e+01  2.348852e+03  9.231382e+02  1.427295e+03  3.290340e+01  1.838561e+00  1.830951e+00  7.609000e-03  9.362537e+00  9.362537e+00  1.339827e+00  4.139000e-03  2.900454e-01  5.432005e-01  5.432005e-01  1.487261e-02  4.830233e+00  4.698626e+05  1.162199e+03  2.461412e+57  5.154623e+52  -1.092410e-06  -1.042497e+104  -1.000000e+00  -1.000000e+00  1.000000e+00
3.290340e+01  2.539271e+03  9.231382e+02  1.617714e+03  3.290340e+01  1.829715e+00  1.823113e+00  6.602000e-03  9.203901e+00  9.203901e+00  1.277888e+00  3.608000e-03  2.936251e-01  5.565266e-01  5.565266e-01  1.369482e-02  4.183178e+00  4.773259e+05  1.007623e+03  2.448871e+57  4.469408e+52  -1.488737e-06  -8.341714e+103  -1.000000e+00  -1.000000e+00  1.000000e+00
3.290340e+01  2.755091e+03  9.231382e+02  1.833538e+03  3.290340e+01  1.818840e+00  1.813136e+00  5.704000e-03  9.052797e+00  9.052797e+00  1.217107e+00  3.136000e-03  2.967517e-01  5.684533e-01  5.684533e-01  1.267620e-02  3.672276e+00  4.837555e+05  8.699863e+02  2.430770e+57  3.859201e+52  -2.136514e-06  -8.564786e+103  -1.000000e+00  -1.000000e+00  1.000000e+00
3.290340e+01  2.999709e+03  9.231382e+02  2.078156e+03  3.290340e+01  1.805989e+00  1.801080e+00  4.909000e-03  8.908770e+00  8.908770e+00  1.157704e+00  2.718000e-03  2.994188e-01  5.788464e-01  5.788465e-01  1.179931e-02  3.268662e+00  4.890725e+05  7.482493e+02  2.407102e+57  3.319419e+52  -3.182299e-06  -8.270182e+103  -1.000000e+00  -1.000000e+00  1.000000e+00
3.290340e+01  3.276966e+03  9.231382e+02  2.355409e+03  3.290340e+01  1.791284e+00  1.787075e+00  4.209000e-03  8.771504e+00  8.771504e+00  1.099867e+00  2.350000e-03  3.016283e-01  5.876149e-01  5.876149e-01  1.104394e-02  2.948961e+00  4.931310e+05  6.412423e+02  2.377265e+57  2.844895e+52  -4.019984e-06  -6.986976e+103  -1.000000e+00  -1.000000e+00  1.000000e+00
3.290340e+01  3.591209e+03  9.231382e+02  2.669651e+03  3.290340e+01  1.774879e+00  1.771282e+00  3.597000e-03  8.640679e+00  8.640679e+00  1.043750e+00  2.027000e-03  3.033909e-01  5.947154e-01  5.947154e-01  1.039914e-02  2.697093e+00  4.970328e+05  5.477221e+02  2.348051e+57  2.430136e+52  -6.018238e-06  -5.640603e+103  -1.000000e+00  -1.000000e+00  1.000000e+00
3.290340e+01  3.947373e+03  9.231382e+02  3.025817e+03  3.290340e+01  1.756997e+00  1.753932e+00  3.065000e-03  8.516306e+00  8.516306e+00  9.894790e-01  1.744000e-03  3.047203e-01  6.001343e-01  6.001343e-01  9.848127e-03  2.498927e+00  4.996177e+05  4.664207e+02  2.313136e+57  2.069531e+52  -7.920714e-06  -4.544203e+103  -1.000000e+00  -1.000000e+00  1.000000e+00
3.290340e+01  4.351050e+03  9.231382e+02  3.429500e+03  3.290340e+01  1.737835e+00  1.735232e+00  2.604000e-03  8.398185e+00  8.398185e+00  9.371470e-01  1.498000e-03  3.056362e-01  6.039002e-01  6.039003e-01  9.379513e-03  2.344570e+00  5.019130e+05  3.960837e+02  2.278580e+57  1.757530e+52  -1.832545e-05  -3.679034e+103  -1.000000e+00  -1.000000e+00  1.000000e+00
3.290340e+01  4.808596e+03  9.231382e+02  3.887040e+03  3.290340e+01  1.717647e+00  1.715440e+00  2.206000e-03  8.286411e+00  8.286411e+00  8.868200e-01  1.285000e-03  3.061604e-01  6.060675e-01  6.060675e-01  8.982623e-03  2.226202e+00  5.028796e+05  3.355016e+02  2.238798e+57  1.488779e+52  -2.836603e-05  -2.883016e+103  -1.000000e+00  -1.000000e+00  1.000000e+00
3.290340e+01  5.327181e+03  9.231382e+02  4.405622e+03  3.290340e+01  1.696651e+00  1.694786e+00  1.865000e-03  8.180955e+00  8.180955e+00  8.385410e-01  1.099000e-03  3.063164e-01  6.067138e-01  6.067139e-01  8.651364e-03  2.138659e+00  5.035740e+05  2.835319e+02  2.200017e+57  1.258217e+52  1.275827e-03  -2.227577e+103  1.000000e+00  -1.000000e+00  1.000000e+00
3.290340e+01  5.914947e+03  9.231382e+02  4.993389e+03  3.290340e+01  1.675091e+00  1.673517e+00  1.574000e-03  8.081988e+00  8.081988e+00  7.923300e-01  9.390000e-04  3.061271e-01  6.059295e-01  6.059295e-01  8.377806e-03  2.077381e+00  5.030094e+05  2.391127e+02  2.156768e+57  1.061139e+52  3.133796e-05  -1.736867e+103  1.000000e+00  -1.000000e+00  1.000000e+00
3.290340e+01  6.581126e+03  9.231382e+02  5.659571e+03  3.290340e+01  1.653191e+00  1.651866e+00  1.325000e-03  7.989513e+00  7.989513e+00  7.481870e-01  8.010000e-04  3.056218e-01  6.038406e-01  6.038406e-01  8.154862e-03  2.038943e+00  5.021931e+05  2.012728e+02  2.114866e+57  8.932425e+51  2.329444e-05  -1.247376e+103  1.000000e+00  -1.000000e+00  1.000000e+00
3.290340e+01  7.336183e+03  9.231382e+02  6.414631e+03  3.290340e+01  1.631161e+00  1.630047e+00  1.114000e-03  7.903665e+00  7.903665e+00  7.060970e-01  6.830000e-04  3.048245e-01  6.005613e-01  6.005613e-01  7.975858e-03  2.020387e+00  5.011410e+05  1.691337e+02  2.074496e+57  7.506329e+51  1.875213e-05  -8.900023e+102  1.000000e+00  -1.000000e+00  1.000000e+00
3.290340e+01  8.191984e+03  9.231382e+02  7.270426e+03  3.290340e+01  1.609205e+00  1.608270e+00  9.350000e-04  7.824565e+00  7.824565e+00  6.660300e-01  5.810000e-04  3.037615e-01  5.962205e-01  5.962205e-01  7.839189e-03  2.020777e+00  4.998670e+05  1.419098e+02  2.035757e+57  6.298276e+51  1.414561e-05  -6.771205e+102  1.000000e+00  -1.000000e+00  1.000000e+00
3.290340e+01  9.161955e+03  9.231382e+02  8.240395e+03  3.290340e+01  1.587510e+00  1.586726e+00  7.830000e-04  7.752227e+00  7.752227e+00  6.279440e-01  4.930000e-04  3.024625e-01  5.909635e-01  5.909635e-01  7.736013e-03  2.037395e+00  4.975320e+05  1.189051e+02  1.993910e+57  5.277401e+51  8.908623e-06  -5.027278e+102  1.000000e+00  -1.000000e+00  1.000000e+00
3.290340e+01  1.026133e+04  9.231382e+02  9.339770e+03  3.290340e+01  1.566262e+00  1.565606e+00  6.560000e-04  7.686836e+00  7.686836e+00  5.917900e-01  4.190000e-04  3.009528e-01  5.849187e-01  5.849187e-01  7.665514e-03  2.069931e+00  4.950816e+05  9.950749e+01  1.954297e+57  4.416569e+51  7.553525e-06  -3.693288e+102  1.000000e+00  -1.000000e+00  1.000000e+00
3.290340e+01  1.150737e+04  9.231382e+02  1.058582e+04  3.290340e+01  1.545606e+00  1.545058e+00  5.480000e-04  7.628283e+00  7.628283e+00  5.575100e-01  3.550000e-04  2.992634e-01  5.782352e-01  5.782352e-01  7.623012e-03  2.117224e+00  4.917226e+05  8.318322e+01  1.912345e+57  3.692099e+51  6.960946e-06  -2.660005e+102  1.000000e+00  -1.000000e+00  1.000000e+00
3.290340e+01  1.291966e+04  9.231382e+02  1.199810e+04  3.290340e+01  1.525695e+00  1.525237e+00  4.580000e-04  7.576638e+00  7.576638e+00  5.250410e-01  3.000000e-04  2.974219e-01  5.710454e-01  5.710454e-01  7.604056e-03  2.178152e+00  4.891209e+05  6.946897e+01  1.877433e+57  3.083443e+51  6.730461e-06  -1.766981e+102  1.000000e+00  -1.000000e+00  1.000000e+00
3.290340e+01  1.452036e+04  9.231382e+02  1.359880e+04  3.290340e+01  1.506664e+00  1.506282e+00  3.820000e-04  7.531913e+00  7.531913e+00  4.943170e-01  2.540000e-04  2.954559e-01  5.634772e-01  5.634772e-01  7.606334e-03  2.252195e+00  4.857217e+05  5.796521e+01  1.840628e+57  2.572878e+51  6.267426e-06  -1.232057e+102  1.000000e+00  -1.000000e+00  1.000000e+00
3.290340e+01  1.633462e+04  9.231382e+02  1.541306e+04  3.290340e+01  1.488615e+00  1.488296e+00  3.190000e-04  7.493856e+00  7.493856e+00  4.652680e-01  2.140000e-04  2.933990e-01  5.556747e-01  5.556747e-01  7.624770e-03  2.337993e+00  4.830779e+05  4.832889e+01  1.810615e+57  2.145184e+51  6.031837e-06  -8.233076e+101  1.000000e+00  -1.000000e+00  1.000000e+00
3.290340e+01  1.839092e+04  9.231382e+02  1.746936e+04  3.290340e+01  1.471661e+00  1.471395e+00  2.660000e-04  7.462521e+00  7.462521e+00  4.378230e-01  1.800000e-04  2.912754e-01  5.477405e-01  5.477405e-01  7.653951e-03  2.433708e+00  4.797344e+05  4.026676e+01  1.778980e+57  1.787350e+51  4.934639e-06  -6.006005e+101  1.000000e+00  -1.000000e+00  1.000000e+00
3.290340e+01  2.071233e+04  9.231382e+02  1.979078e+04  3.290340e+01  1.455932e+00  1.455711e+00  2.210000e-04  7.437648e+00  7.437648e+00  4.120050e-01  1.520000e-04  2.891260e-01  5.398325e-01  5.398325e-01  7.695184e-03  2.539192e+00  4.764738e+05  3.355182e+01  1.750099e+57  1.489305e+51  4.813734e-06  -4.448610e+101  1.000000e+00  -1.000000e+00  1.000000e+00
4.520350e+01  1.030404e+02  9.509272e+02  1.000000e+00  4.520350e+01  2.160920e-01  2.172000e-03  2.139200e-01  4.048443e+00  2.818812e+00  4.048443e+00  9.899490e-01  7.883750e-02  8.958259e-02  4.427043e-02  9.579875e-02  2.097021e+04  3.269431e+02  3.390706e+04  2.748824e+54  1.693753e+54  6.115957e-06  2.942057e+105  1.000000e+00  1.000000e+00  0.000000e+00
4.520350e+01  1.076573e+02  9.509272e+02  1.133400e+00  4.520350e+01  2.151230e-01  2.547000e-03  2.125760e-01  4.040112e+00  2.883174e+00  4.040112e+00  9.881610e-01  7.864565e-02  8.933450e-02  4.648525e-02  9.579113e-02  2.122560e+04  3.838800e+02  3.369161e+04  3.219576e+54  1.681877e+54  6.119609e-06  2.890330e+105  1.000000e+00  1.000000e+00  0.000000e+00
4.520350e+01  1.131115e+02  9.509272e+02  1.284600e+00  4.520350e+01  2.140780e-01  2.981000e-03  2.110960e-01  4.030885e+00  2.950356e+00  4.030885e+00  9.860740e-01  7.844267e-02  8.907222e-02  4.886409e-02  9.580692e-02  2.150518e+04  4.500306e+02  3.345477e+04  3.760470e+54  1.668943e+54  6.128643e-06  2.903900e+105  1.000000e+00  1.000000e+00  0.000000e+00
4.520350e+01  1.191072e+02  9.509272e+02  1.456000e+00  4.520350e+01  2.129590e-01  3.487000e-03  2.094720e-01  4.020686e+00  3.020684e+00  4.020686e+00  9.836270e-01  7.823064e-02  8.879844e-02  5.142819e-02  9.584346e-02  2.180651e+04  5.272287e+02  3.319516e+04  4.387019e+54  1.654922e+54  6.138868e-06  3.230275e+105  1.000000e+00  1.000000e+00  0.000000e+00
4.520350e+01  1.250167e+02  9.509272e+02  1.650300e+00  4.520350e+01  2.117690e-01  4.075000e-03  2.076930e-01  4.009431e+00  3.094192e+00  4.009431e+00  9.807550e-01  7.801180e-02  8.851608e-02  5.418943e-02  9.591025e-02  2.212951e+04  6.173351e+02  3.291134e+04  5.114046e+54  1.639773e+54  6.150091e-06  3.537370e+105  1.000000e+00  1.000000e+00  0.000000e+00
4.520350e+01  1.316026e+02  9.509272e+02  1.870400e+00  4.520350e+01  2.105130e-01  4.761000e-03  2.057520e-01  3.997050e+00  3.170995e+00  3.997050e+00  9.773850e-01  7.778949e-02  8.822946e-02  5.716286e-02  9.602379e-02  2.247412e+04  7.225543e+02  3.260219e+04  5.958758e+54  1.623476e+54  6.163098e-06  3.966780e+105  1.000000e+00  1.000000e+00  0.000000e+00
4.520350e+01  1.379494e+02  9.509272e+02  2.120000e+00  4.520350e+01  2.092010e-01  5.559000e-03  2.036420e-01  3.983469e+00  3.251247e+00  3.983469e+00  9.734270e-01  7.756835e-02  8.794459e-02  6.036533e-02  9.619854e-02  2.283779e+04  8.454787e+02  3.226666e+04  6.941262e+54  1.606024e+54  6.170165e-06  3.616357e+105  1.000000e+00  1.000000e+00  0.000000e+00
4.520350e+01  1.527256e+02  9.509272e+02  2.402800e+00  4.520350e+01  2.077750e-01  6.445000e-03  2.013300e-01  3.968485e+00  3.330523e+00  3.968485e+00  9.689830e-01  7.733033e-02  8.763822e-02  6.362247e-02  9.645339e-02  2.325284e+04  9.822125e+02  3.189877e+04  8.029671e+54  1.586832e+54  6.180399e-06  5.872131e+105  1.000000e+00  1.000000e+00  0.000000e+00
4.520350e+01  1.576382e+02  9.509272e+02  2.723400e+00  4.520350e+01  2.063190e-01  7.486000e-03  1.988330e-01  3.952123e+00  3.413518e+00  3.952123e+00  9.637190e-01  7.710638e-02  8.735020e-02  6.713503e-02  9.681404e-02  2.368072e+04  1.143438e+03  3.150235e+04  9.308211e+54  1.566516e+54  6.205575e-06  7.591571e+105  1.000000e+00  1.000000e+00  0.000000e+00
4.520350e+01  1.627167e+02  9.509272e+02  3.086700e+00  4.520350e+01  2.048900e-01  8.721000e-03  1.961700e-01  3.934444e+00  3.502155e+00  3.934444e+00  9.574360e-01  7.691658e-02  8.710626e-02  7.099005e-02  9.734072e-02  2.410478e+04  1.335496e+03  3.108064e+04  1.082623e+55  1.545385e+54  6.239736e-06  8.609307e+105  1.000000e+00  1.000000e+00  0.000000e+00
4.520350e+01  1.679681e+02  9.509272e+02  3.498500e+00  4.520350e+01  2.035350e-01  1.018200e-02  1.933530e-01  3.915502e+00  3.596655e+00  3.915502e+00  9.499750e-01  7.677729e-02  8.692735e-02  7.519933e-02  9.810854e-02  2.451610e+04  1.563597e+03  3.063591e+04  1.262352e+55  1.523598e+54  6.286663e-06  9.726559e+105  1.000000e+00  1.000000e+00  0.000000e+00
4.520350e+01  1.734000e+02  9.509272e+02  3.965200e+00  4.520350e+01  2.023110e-01  1.190500e-02  1.904060e-01  3.895404e+00  3.697376e+00  3.895404e+00  9.411530e-01  7.670957e-02  8.684041e-02  7.975815e-02  9.921967e-02  2.490338e+04  1.834017e+03  3.017169e+04  1.474772e+55  1.501360e+54  6.363303e-06  1.095835e+106  1.000000e+00  1.000000e+00  0.000000e+00
4.520350e+01  1.790190e+02  9.509272e+02  4.494300e+00  4.520350e+01  2.012960e-01  1.393600e-02  1.873600e-01  3.874330e+00  3.804729e+00  3.874330e+00  9.307680e-01  7.673989e-02  8.687933e-02  8.458106e-02  1.008138e-01  2.525355e+04  2.154319e+03  2.969292e+04  1.725619e+55  1.478920e+54  6.609848e-06  1.231875e+106  1.000000e+00  1.000000e+00  0.000000e+00
4.520350e+01  1.848335e+02  9.509272e+02  5.093900e+00  4.520350e+01  2.005850e-01  1.632600e-02  1.842590e-01  3.921098e+00  3.921098e+00  3.852551e+00  9.186090e-01  7.555652e-02  8.536315e-02  8.536441e-02  9.544078e-02  2.583922e+04  2.533510e+03  2.920824e+04  2.021681e+55  1.456569e+54  7.473622e-06  1.382036e+106  1.000000e+00  1.000000e+00  0.000000e+00
4.520350e+01  1.908524e+02  9.509272e+02  5.773400e+00  4.520350e+01  2.002930e-01  1.913600e-02  1.811570e-01  4.058290e+00  4.058290e+00  3.830451e+00  9.044590e-01  7.289620e-02  8.197764e-02  8.197883e-02  8.060359e-02  2.610587e+04  2.982350e+03  2.872170e+04  2.371044e+55  1.434539e+54  1.381662e-05  1.548599e+106  1.000000e+00  1.000000e+00  0.000000e+00
4.520350e+01  1.970844e+02  9.509272e+02  6.543700e+00  4.520350e+01  2.005640e-01  2.244500e-02  1.781190e-01  4.222534e+00  4.222534e+00  3.808518e+00  8.880890e-01  7.015539e-02  7.852262e-02  7.852371e-02  6.693325e-02  2.625776e+04  3.514466e+03  2.824489e+04  2.783944e+55  1.413074e+54  5.082497e-06  1.742132e+106  1.000000e+00  1.000000e+00  0.000000e+00
4.520350e+01  2.035396e+02  9.509272e+02  7.416700e+00  4.520350e+01  2.015720e-01  2.637900e-02  1.751920e-01  4.419540e+00  4.419540e+00  3.787165e+00  8.691320e-01  6.736497e-02  7.503885e-02  7.503986e-02  5.534621e-02  2.659657e+04  4.151469e+03  2.778490e+04  3.276951e+55  1.392246e+54  5.757724e-06  1.989682e+106  1.000000e+00  1.000000e+00  0.000000e+00
4.520350e+01  2.102287e+02  9.509272e+02  8.406200e+00  4.520350e+01  2.035500e-01  3.116300e-02  1.723860e-01  4.655919e+00  4.655919e+00  3.766507e+00  8.469010e-01  6.457230e-02  7.158586e-02  7.158691e-02  4.555119e-02  2.705075e+04  4.930194e+03  2.734262e+04  3.879191e+55  1.371947e+54  5.910802e-06  2.332152e+106  1.000000e+00  1.000000e+00  0.000000e+00
4.520350e+01  2.171631e+02  9.509272e+02  9.527700e+00  4.520350e+01  2.068310e-01  3.715900e-02  1.696720e-01  4.939327e+00  4.939327e+00  3.746356e+00  8.203390e-01  6.184855e-02  6.824993e-02  6.825074e-02  3.810216e-02  2.806804e+04  5.909568e+03  2.691351e+04  4.638159e+55  1.351963e+54  5.983874e-06  2.812851e+106  1.000000e+00  1.000000e+00  0.000000e+00
4.520350e+01  2.243537e+02  9.509272e+02  1.079880e+01  4.520350e+01  2.119090e-01  4.489400e-02  1.670140e-01  5.268220e+00  5.268220e+00  3.726463e+00  7.881440e-01  5.941091e-02  6.529070e-02  6.529143e-02  3.305935e-02  2.977622e+04  7.174894e+03  2.649231e+04  5.621898e+55  1.332076e+54  6.029279e-06  3.469957e+106  1.000000e+00  1.000000e+00  0.000000e+00
4.520350e+01  2.318138e+02  9.509272e+02  1.223950e+01  4.520350e+01  2.194990e-01  5.510000e-02  1.643990e-01  5.650159e+00  5.650159e+00  3.706739e+00  7.489750e-01  5.737895e-02  6.284265e-02  6.284343e-02  3.048909e-02  3.268037e+04  8.845359e+03  2.607633e+04  6.921407e+55  1.312062e+54  6.059365e-06  4.362764e+106  1.000000e+00  1.000000e+00  0.000000e+00
4.520350e+01  2.395612e+02  9.509272e+02  1.387240e+01  4.520350e+01  2.306290e-01  6.886000e-02  1.617690e-01  6.094311e+00  6.094311e+00  3.686755e+00  7.014250e-01  5.589468e-02  6.106506e-02  6.106568e-02  3.025216e-02  3.696687e+04  1.109759e+04  2.565694e+04  8.673626e+55  1.291585e+54  6.077421e-06  5.575363e+106  1.000000e+00  1.000000e+00  0.000000e+00
4.520350e+01  2.476067e+02  9.509272e+02  1.572320e+01  4.520350e+01  2.467360e-01  8.766400e-02  1.590720e-01  6.598403e+00  6.598403e+00  3.666057e+00  6.447050e-01  5.522994e-02  6.027185e-02  6.027248e-02  3.239856e-02  4.203012e+04  1.417550e+04  2.522631e+04  1.106735e+56  1.270453e+54  6.083942e-06  7.172247e+106  1.000000e+00  1.000000e+00  0.000000e+00
4.520350e+01  2.559695e+02  9.509272e+02  1.782080e+01  4.520350e+01  2.696710e-01  1.133770e-01  1.562940e-01  7.150629e+00  7.150629e+00  3.644509e+00  5.795740e-01  5.570202e-02  6.083498e-02  6.083551e-02  3.698830e-02  4.598478e+04  1.838967e+04  2.478222e+04  1.434037e+56  1.248574e+54  6.076702e-06  9.176436e+106  1.000000e+00  1.000000e+00  0.000000e+00
4.520350e+01  2.646662e+02  9.509272e+02  2.019840e+01  4.520350e+01  3.015680e-01  1.481450e-01  1.534230e-01  7.729661e+00  7.729661e+00  3.621982e+00  5.087520e-01  5.762441e-02  6.313746e-02  6.313796e-02  4.409731e-02  4.626885e+04  2.410637e+04  2.432276e+04  1.876863e+56  1.225864e+54  6.053172e-06  1.153982e+107  1.000000e+00  1.000000e+00  0.000000e+00
4.520350e+01  2.737197e+02  9.509272e+02  2.289310e+01  4.520350e+01  3.445460e-01  1.940980e-01  1.504480e-01  8.309350e+00  8.309350e+00  3.598352e+00  4.366570e-01  6.124380e-02  6.751348e-02  6.751394e-02  5.354613e-02  4.143091e+04  3.170567e+04  2.384616e+04  2.463076e+56  1.202241e+54  6.010783e-06  1.412605e+107  1.000000e+00  1.000000e+00  0.000000e+00
4.520350e+01  2.831505e+02  9.509272e+02  2.594730e+01  4.520350e+01  4.003060e-01  2.529470e-01  1.473590e-01  8.866616e+00  8.866616e+00  3.573491e+00  3.681160e-01  6.668312e-02  7.419271e-02  7.419314e-02  6.474824e-02  3.273837e+04  4.152478e+04  2.335079e+04  3.216220e+56  1.177632e+54  5.947812e-06  1.672234e+107  1.000000e+00  1.000000e+00  0.000000e+00
4.520350e+01  2.929826e+02  9.509272e+02  2.940900e+01  4.520350e+01  4.698050e-01  3.256590e-01  1.441460e-01  9.387603e+00  9.387603e+00  3.547270e+00  3.068200e-01  7.391706e-02  8.327302e-02  8.327341e-02  7.660239e-02  2.314363e+04  5.380658e+04  2.283518e+04  4.151501e+56  1.151967e+54  5.864550e-06  1.910553e+107  1.000000e+00  1.000000e+00  0.000000e+00
4.520350e+01  3.032418e+02  9.509272e+02  3.333260e+01  4.520350e+01  5.531360e-01  4.123360e-01  1.408000e-01  9.867286e+00  9.867286e+00  3.519560e+00  2.545490e-01  8.279720e-02  9.474103e-02  9.474141e-02  8.777722e-02  1.503880e+04  6.867844e+04  2.229797e+04  5.274433e+56  1.125180e+54  5.761704e-06  2.109467e+107  1.000000e+00  1.000000e+00  0.000000e+00
4.520350e+01  3.139580e+02  9.509272e+02  3.777960e+01  4.520350e+01  6.495990e-01  5.122850e-01  1.373140e-01  1.030545e+01  1.030545e+01  3.490225e+00  2.113830e-01  9.310227e-02  1.085170e-01  1.085174e-01  9.705897e-02  9.250109e+03  8.615928e+04  2.173797e+04  6.581668e+56  1.097216e+54  5.639864e-06  2.257520e+107  1.000000e+00  1.000000e+00  0.000000e+00
4.520350e+01  3.251628e+02  9.509272e+02  4.281980e+01  4.520350e+01  7.578840e-01  6.242030e-01  1.336810e-01  1.070378e+01  1.070378e+01  3.459129e+00  1.763880e-01  1.045796e-01  1.244896e-01  1.244900e-01  1.035659e-01  5.519457e+03  1.061846e+05  2.115417e+04  8.062785e+56  1.068026e+54  5.501962e-06  2.349444e+107  1.000000e+00  1.000000e+00  0.000000e+00
4.520350e+01  3.368911e+02  9.509272e+02  4.853260e+01  4.520350e+01  8.762630e-01  7.463660e-01  1.298970e-01  1.106421e+01  1.106421e+01  3.426135e+00  1.482400e-01  1.169757e-01  1.425412e-01  1.425415e-01  1.069811e-01  3.256390e+03  1.286105e+05  2.054583e+04  9.701067e+56  1.037574e+54  5.349755e-06  2.385248e+107  1.000000e+00  1.000000e+00  0.000000e+00
4.520350e+01  3.491847e+02  9.509272e+02  5.500740e+01  4.520350e+01  1.002770e+00  8.768130e-01  1.259570e-01  1.138851e+01  1.138851e+01  3.391104e+00  1.256090e-01  1.300517e-01  1.625576e-01  1.625579e-01  1.073551e-01  1.923773e+03  1.532674e+05  1.991241e+04  1.147737e+57  1.005834e+54  5.184282e-06  2.368697e+107  1.000000e+00  1.000000e+00  0.000000e+00
4.520350e+01  3.620840e+02  9.509272e+02  6.234610e+01  4.520350e+01  1.135314e+00  1.013454e+00  1.218600e-01  1.167832e+01  1.167832e+01  3.353896e+00  1.073360e-01  1.435877e-01  1.844279e-01  1.844283e-01  1.051034e-01  1.147994e+03  1.799362e+05  1.925373e+04  1.336840e+57  9.727976e+53  5.007369e-06  2.305705e+107  1.000000e+00  1.000000e+00  0.000000e+00
4.520350e+01  3.756397e+02  9.509272e+02  7.066390e+01  4.520350e+01  1.271793e+00  1.154187e+00  1.176060e-01  1.193479e+01  1.193479e+01  3.314379e+00  9.247300e-02  1.573921e-01  2.080540e-01  2.080543e-01  1.007786e-01  6.956077e+02  2.084000e+05  1.857000e+04  1.535130e+57  9.384757e+53  4.819629e-06  2.203510e+107  1.000000e+00  1.000000e+00  0.000000e+00
4.520350e+01  3.899028e+02  9.509272e+02  8.009140e+01  4.520350e+01  1.410147e+00  1.296948e+00  1.131990e-01  1.215908e+01  1.215908e+01  3.272424e+00  8.027400e-02  1.712952e-01  2.333377e-01  2.333380e-01  9.495734e-02  4.292554e+02  2.384124e+05  1.786183e+04  1.740083e+57  9.029002e+53  4.623510e-06  2.068825e+107  1.000000e+00  1.000000e+00  0.000000e+00
4.520350e+01  4.049358e+02  9.509272e+02  9.077660e+01  4.520350e+01  1.548417e+00  1.439772e+00  1.086440e-01  1.235234e+01  1.235234e+01  3.227910e+00  7.016500e-02  1.851486e-01  2.601788e-01  2.601792e-01  8.818736e-02  2.702185e+02  2.697246e+05  1.713031e+04  1.949141e+57  8.661261e+53  4.419200e-06  1.909759e+107  1.000000e+00  1.000000e+00  0.000000e+00
4.520350e+01  4.208056e+02  9.509272e+02  1.028874e+02  4.520350e+01  1.684786e+00  1.580834e+00  1.039520e-01  1.251585e+01  1.251585e+01  3.180730e+00  6.170000e-02  1.988228e-01  2.884688e-01  2.884692e-01  8.092950e-02  1.736540e+02  3.020925e+05  1.637708e+04  2.159888e+57  8.282354e+53  4.210042e-06  1.733078e+107  1.000000e+00  1.000000e+00  0.000000e+00
4.520350e+01  4.375827e+02  9.509272e+02  1.166139e+02  4.520350e+01  1.817609e+00  1.718475e+00  9.913400e-02  1.265101e+01  1.265101e+01  3.130791e+00  5.454100e-02  2.122057e-01  3.180865e-01  3.180869e-01  7.354181e-02  1.139335e+02  3.352285e+05  1.560432e+04  2.369523e+57  7.893384e+53  4.098343e-06  1.562488e+107  1.000000e+00  1.000000e+00  0.000000e+00
4.520350e+01  1.053723e+03  9.509272e+02  1.321717e+02  4.520350e+01  1.907127e+00  1.826107e+00  8.101900e-02  1.277312e+01  1.277312e+01  2.932732e+00  4.248200e-02  2.205282e-01  3.375685e-01  3.375688e-01  7.003759e-02  8.952026e+01  3.599913e+05  1.270474e+04  2.527354e+57  6.215891e+53  3.943336e-06  1.906259e+106  1.000000e+00  1.000000e+00  1.000000e+00
4.520350e+01  1.071356e+03  9.509272e+02  1.498051e+02  4.520350e+01  1.957718e+00  1.891821e+00  6.589800e-02  1.281815e+01  1.281815e+01  2.737272e+00  3.366000e-02  2.255831e-01  3.498316e-01  3.498319e-01  6.749248e-02  7.702483e+01  3.754773e+05  1.035062e+04  2.621652e+57  5.087347e+53  3.509664e-06  1.172622e+106  1.000000e+00  1.000000e+00  1.000000e+00
4.520350e+01  1.091342e+03  9.509272e+02  1.697911e+02  4.520350e+01  1.983268e+00  1.925441e+00  5.782700e-02  1.279583e+01  1.279583e+01  2.616809e+00  2.915800e-02  2.289258e-01  3.581285e-01  3.581288e-01  6.496331e-02  6.888129e+01  3.844423e+05  9.109410e+03  2.669494e+57  4.587964e+53  2.304965e-06  3.962155e+105  1.000000e+00  1.000000e+00  1.000000e+00
4.520350e+01  1.113993e+03  9.509272e+02  1.924434e+02  4.520350e+01  1.989866e+00  1.935386e+00  5.448000e-02  1.272168e+01  1.272168e+01  2.564165e+00  2.737900e-02  2.310261e-01  3.634209e-01  3.634212e-01  6.245861e-02  6.326994e+01  3.885600e+05  8.579220e+03  2.682437e+57  4.346637e+53  -5.570374e-06  -3.111369e+105  -1.000000e+00  -1.000000e+00  1.000000e+00
4.520350e+01  1.139669e+03  9.509272e+02  2.181178e+02  4.520350e+01  1.982453e+00  1.930829e+00  5.162500e-02  1.260202e+01  1.260202e+01  2.518578e+00  2.604100e-02  2.323510e-01  3.667912e-01  3.667914e-01  5.980956e-02  5.887817e+01  3.899954e+05  8.120693e+03  2.673662e+57  4.114737e+53  2.715507e-04  -7.600702e+105  1.000000e+00  -1.000000e+00  1.000000e+00
4.520350e+01  1.168770e+03  9.509272e+02  2.472176e+02  4.520350e+01  1.965268e+00  1.916590e+00  4.867800e-02  1.243917e+01  1.243917e+01  2.469736e+00  2.476900e-02  2.333523e-01  3.693552e-01  3.693553e-01  5.683827e-02  5.476314e+01  3.895855e+05  7.648425e+03  2.648144e+57  3.875847e+53  1.862324e-05  -8.995895e+105  1.000000e+00  -1.000000e+00  1.000000e+00
4.520350e+01  1.201752e+03  9.509272e+02  2.801996e+02  4.520350e+01  1.943079e+00  1.897416e+00  4.566400e-02  1.223982e+01  1.223982e+01  2.417670e+00  2.350100e-02  2.344754e-01  3.722480e-01  3.722482e-01  5.346752e-02  5.029404e+01  3.887912e+05  7.166125e+03  2.615007e+57  3.631837e+53  1.953290e-05  -8.352966e+105  1.000000e+00  -1.000000e+00  1.000000e+00
4.520350e+01  1.239133e+03  9.509272e+02  3.175819e+02  4.520350e+01  1.919966e+00  1.877360e+00  4.260600e-02  1.201291e+01  1.201291e+01  2.362461e+00  2.219100e-02  2.360624e-01  3.763675e-01  3.763677e-01  4.973435e-02  4.522995e+01  3.881972e+05  6.677928e+03  2.578430e+57  3.384796e+53  -9.639882e-05  -6.715248e+105  -1.000000e+00  -1.000000e+00  1.000000e+00
4.520350e+01  1.281502e+03  9.509272e+02  3.599514e+02  4.520350e+01  1.898840e+00  1.859308e+00  3.953200e-02  1.176787e+01  1.176787e+01  2.304236e+00  2.081900e-02  2.383263e-01  3.823085e-01  3.823086e-01  4.577089e-02  3.968644e+01  3.891754e+05  6.188275e+03  2.547266e+57  3.136970e+53  -3.628228e-05  -4.725800e+105  -1.000000e+00  -1.000000e+00  1.000000e+00
4.520350e+01  1.329526e+03  9.509272e+02  4.079736e+02  4.520350e+01  1.881401e+00  1.844930e+00  3.647100e-02  1.151357e+01  1.151357e+01  2.243178e+00  1.938500e-02  2.413531e-01  3.903732e-01  3.903734e-01  4.173053e-02  3.396998e+01  3.915687e+05  5.701774e+03  2.521226e+57  2.890690e+53  -7.241514e-06  -3.205104e+105  -1.000000e+00  -1.000000e+00  1.000000e+00
4.520350e+01  1.383956e+03  9.509272e+02  4.624025e+02  4.520350e+01  1.868302e+00  1.834850e+00  3.345300e-02  1.125759e+01  1.125759e+01  2.179515e+00  1.790500e-02  2.451225e-01  4.006166e-01  4.006168e-01  3.777106e-02  2.845426e+01  3.955008e+05  5.223031e+03  2.501381e+57  2.648289e+53  -2.970369e-06  -2.003529e+105  -1.000000e+00  -1.000000e+00  1.000000e+00
4.520350e+01  1.445646e+03  9.509272e+02  5.240930e+02  4.520350e+01  1.859408e+00  1.828903e+00  3.050500e-02  1.100585e+01  1.100585e+01  2.113522e+00  1.640600e-02  2.495358e-01  4.129023e-01  4.129025e-01  3.400946e-02  2.343364e+01  4.009657e+05  4.756488e+03  2.488203e+57  2.412017e+53  -1.369270e-06  -1.155526e+105  -1.000000e+00  -1.000000e+00  1.000000e+00
4.520350e+01  1.515564e+03  9.509272e+02  5.940138e+02  4.520350e+01  1.854011e+00  1.826358e+00  2.765300e-02  1.076239e+01  1.076239e+01  2.045516e+00  1.491500e-02  2.544400e-01  4.269416e-01  4.269417e-01  3.053648e-02  1.909001e+01  4.078017e+05  4.306260e+03  2.480884e+57  2.183963e+53  -6.334813e-07  -6.043338e+104  -1.000000e+00  -1.000000e+00  1.000000e+00
4.520350e+01  1.594815e+03  9.509272e+02  6.732629e+02  4.520350e+01  1.851118e+00  1.826196e+00  2.492200e-02  1.052960e+01  1.052960e+01  1.975844e+00  1.346300e-02  2.596593e-01  4.423523e-01  4.423525e-01  2.738910e-02  1.546944e+01  4.157739e+05  3.875992e+03  2.478214e+57  1.965975e+53  -2.885927e-07  -4.116819e+104  -1.000000e+00  -1.000000e+00  1.000000e+00
4.520350e+01  1.684639e+03  9.509272e+02  7.630849e+02  4.520350e+01  1.849674e+00  1.827342e+00  2.233200e-02  1.030871e+01  1.030871e+01  1.904880e+00  1.207400e-02  2.650163e-01  4.587006e-01  4.587008e-01  2.457787e-02  1.253385e+01  4.235597e+05  3.468742e+03  2.472691e+57  1.759608e+53  -1.578287e-07  -2.612105e+104  -1.000000e+00  -1.000000e+00  1.000000e+00
4.520350e+01  1.786445e+03  9.509272e+02  8.648903e+02  4.520350e+01  1.848673e+00  1.828775e+00  1.989800e-02  1.009977e+01  1.009977e+01  1.833010e+00  1.076400e-02  2.703525e-01  4.755508e-01  4.755510e-01  2.209516e-02  1.019882e+01  4.328867e+05  3.086908e+03  2.474370e+57  1.566085e+53  -1.332619e-07  -7.550800e+103  -1.000000e+00  -1.000000e+00  1.000000e+00
4.520350e+01  1.901831e+03  9.509272e+02  9.802778e+02  4.520350e+01  1.847246e+00  1.829613e+00  1.763300e-02  9.902363e+00  9.902363e+00  1.760628e+00  9.545000e-03  2.755291e-01  4.924678e-01  4.924679e-01  1.991918e-02  8.362614e+00  4.424379e+05  2.732187e+03  2.475978e+57  1.386270e+53  -2.399775e-07  -1.407028e+104  -1.000000e+00  -1.000000e+00  1.000000e+00
4.520350e+01  2.032610e+03  9.509272e+02  1.111060e+03  4.520350e+01  1.844730e+00  1.829188e+00  1.554200e-02  9.715789e+00  9.715789e+00  1.688121e+00  8.425000e-03  2.804378e-01  5.090589e-01  5.090590e-01  1.805460e-02  6.939261e+00  4.507792e+05  2.405577e+03  2.469491e+57  1.220676e+53  -3.872671e-07  -1.537450e+104  -1.000000e+00  -1.000000e+00  1.000000e+00
4.520350e+01  2.180844e+03  9.509272e+02  1.259289e+03  4.520350e+01  1.840621e+00  1.826990e+00  1.363100e-02  9.539038e+00  9.539038e+00  1.615866e+00  7.406000e-03  2.849977e-01  5.249777e-01  5.249778e-01  1.643622e-02  5.827751e+00  4.598629e+05  2.107410e+03  2.466377e+57  1.069478e+53  -6.833000e-07  -1.434353e+104  -1.000000e+00  -1.000000e+00  1.000000e+00
4.520350e+01  2.348852e+03  9.509272e+02  1.427295e+03  4.520350e+01  1.834592e+00  1.822696e+00  1.189700e-02  9.371229e+00  9.371229e+00  1.544217e+00  6.485000e-03  2.891510e-01  5.399237e-01  5.399238e-01  1.503204e-02  4.957939e+00  4.671750e+05  1.837419e+03  2.452746e+57  9.325463e+52  -9.755884e-07  -1.581704e+104  -1.000000e+00  -1.000000e+00  1.000000e+00
4.520350e+01  2.539271e+03  9.509272e+02  1.617714e+03  4.520350e+01  1.826493e+00  1.816157e+00  1.033600e-02  9.211736e+00  9.211736e+00  1.473502e+00  5.659000e-03  2.928587e-01  5.536445e-01  5.536446e-01  1.382678e-02  4.278958e+00  4.747775e+05  1.594823e+03  2.440563e+57  8.094903e+52  -1.368804e-06  -1.331550e+104  -1.000000e+00  -1.000000e+00  1.000000e+00
4.520350e+01  2.755091e+03  9.509272e+02  1.833538e+03  4.520350e+01  1.816271e+00  1.807329e+00  8.941000e-03  9.059883e+00  9.059883e+00  1.404017e+00  4.923000e-03  2.961009e-01  5.659479e-01  5.659480e-01  1.277599e-02  3.741982e+00  4.813767e+05  1.378422e+03  2.423008e+57  6.997063e+52  -1.999409e-06  -1.345394e+104  -1.000000e+00  -1.000000e+00  1.000000e+00
4.520350e+01  2.999709e+03  9.509272e+02  2.078156e+03  4.520350e+01  1.803978e+00  1.796273e+00  7.704000e-03  8.915201e+00  8.915201e+00  1.336023e+00  4.271000e-03  2.988695e-01  5.766891e-01  5.766891e-01  1.188780e-02  3.323528e+00  4.868478e+05  1.186697e+03  2.399757e+57  6.024281e+52  -3.006190e-06  -1.292956e+104  -1.000000e+00  -1.000000e+00  1.000000e+00
4.520350e+01  3.276966e+03  9.509272e+02  2.355409e+03  4.520350e+01  1.789727e+00  1.783114e+00  6.613000e-03  8.777306e+00  8.777306e+00  1.269725e+00  3.695000e-03  3.011669e-01  5.857716e-01  5.857757e-01  1.111577e-02  2.990963e+00  4.910593e+05  1.017872e+03  2.370341e+57  5.167752e+52  -3.819682e-06  -1.065789e+104  -1.000000e+00  -1.000000e+00  1.000000e+00
4.520350e+01  3.591209e+03  9.509272e+02  2.669651e+03  4.520350e+01  1.773724e+00  1.768066e+00  5.658000e-03  8.645944e+00  8.645944e+00  1.205371e+00  3.190000e-03  3.030088e-01  5.931680e-01  5.931681e-01  1.045703e-02  2.729235e+00  4.951065e+05  8.701757e+02  2.341471e+57  4.418034e+52  -4.454586e-06  -7.900922e+103  -1.000000e+00  -1.000000e+00  1.000000e+00
4.520350e+01  3.947373e+03  9.509272e+02  3.025817e+03  4.520350e+01  1.756151e+00  1.751326e+00  4.825000e-03  8.521001e+00  8.521001e+00  1.143052e+00  2.747000e-03  3.044058e-01  5.988473e-01  5.988474e-01  9.895320e-03  2.523929e+00  4.989077e+05  7.415761e+02  2.313032e+57  3.765328e+52  -1.265029e-05  -6.868303e+103  -1.000000e+00  -1.000000e+00  1.000000e+00
4.520350e+01  4.351050e+03  9.509272e+02  3.429500e+03  4.520350e+01  1.737248e+00  1.733145e+00  4.102000e-03  8.402432e+00  8.402432e+00  1.082905e+00  2.361000e-03  3.053785e-01  6.028378e-01  6.028378e-01  9.416629e-03  2.363799e+00  5.002548e+05  6.301844e+02  2.272659e+57  3.199907e+52  -1.325406e-05  -5.755814e+103  -1.000000e+00  -1.000000e+00  1.000000e+00
4.520350e+01  4.808596e+03  9.509272e+02  3.887040e+03  4.520350e+01  1.717255e+00  1.713776e+00  3.479000e-03  8.290191e+00  8.290191e+00  1.025017e+00  2.026000e-03  3.059511e-01  6.052008e-01  6.052009e-01  9.014732e-03  2.241857e+00  5.023655e+05  5.341349e+02  2.238978e+57  2.712322e+52  -2.481288e-05  -4.095284e+103  -1.000000e+00  -1.000000e+00  1.000000e+00
4.520350e+01  5.327181e+03  9.509272e+02  4.405622e+03  4.520350e+01  1.696423e+00  1.693480e+00  2.943000e-03  8.184360e+00  8.184360e+00  9.694430e-01  1.735000e-03  3.061478e-01  6.060150e-01  6.060150e-01  8.676811e-03  2.150880e+00  5.031434e+05  4.516563e+02  2.200295e+57  2.293597e+52  3.222695e-04  -3.455189e+103  1.000000e+00  -1.000000e+00  1.000000e+00
4.520350e+01  5.914947e+03  9.509272e+02  4.993389e+03  4.520350e+01  1.674989e+00  1.672504e+00  2.485000e-03  8.085034e+00  8.085034e+00  9.162130e-01  1.483000e-03  3.059931e-01  6.053748e-01  6.053748e-01  8.398678e-03  2.087186e+00  5.026531e+05  3.810966e+02  2.157125e+57  1.935357e+52  3.357160e-05  -2.653054e+103  1.000000e+00  -1.000000e+00  1.000000e+00
4.520350e+01  6.581126e+03  9.509272e+02  5.659571e+03  4.520350e+01  1.653177e+00  1.651084e+00  2.093000e-03  7.992245e+00  7.992245e+00  8.653350e-01  1.266000e-03  3.055149e-01  6.033997e-01  6.033997e-01  8.171614e-03  2.046709e+00  5.019008e+05  3.209384e+02  2.115277e+57  1.629907e+52  2.424945e-05  -1.907365e+103  1.000000e+00  -1.000000e+00  1.000000e+00
4.520350e+01  7.336183e+03  9.509272e+02  6.414631e+03  4.520350e+01  1.631211e+00  1.629451e+00  1.760000e-03  7.906070e+00  7.906070e+00  8.167960e-01  1.079000e-03  3.047412e-01  6.002199e-01  6.002199e-01  7.989070e-03  2.026507e+00  5.009004e+05  2.698053e+02  2.074919e+57  1.370268e+52  1.737196e-05  -1.437976e+103  1.000000e+00  -1.000000e+00  1.000000e+00
4.520350e+01  8.191984e+03  9.509272e+02  7.270426e+03  4.520350e+01  1.609304e+00  1.607826e+00  1.478000e-03  7.826696e+00  7.826696e+00  7.705660e-01  9.180000e-04  3.036975e-01  5.959601e-01  5.959601e-01  7.849174e-03  2.025460e+00  4.987878e+05  2.264633e+02  2.031162e+57  1.150178e+52  1.302410e-05  -1.059309e+103  1.000000e+00  -1.000000e+00  1.000000e+00
4.520350e+01  9.161955e+03  9.509272e+02  8.240395e+03  4.520350e+01  1.587639e+00  1.586400e+00  1.239000e-03  7.754086e+00  7.754086e+00  7.266040e-01  7.810000e-04  3.024146e-01  5.907707e-01  5.907707e-01  7.745816e-03  2.041584e+00  4.973751e+05  1.898164e+02  1.994334e+57  9.640773e+51  1.261185e-05  -7.170428e+102  1.000000e+00  -1.000000e+00  1.000000e+00
4.520350e+01  1.026133e+04  9.509272e+02  9.339770e+03  4.520350e+01  1.566407e+00  1.565369e+00  1.038000e-03  7.688428e+00  7.688428e+00  6.848550e-01  6.620000e-04  3.009183e-01  5.847813e-01  5.847813e-01  7.672687e-03  2.073064e+00  4.949538e+05  1.588992e+02  1.954689e+57  8.070673e+51  7.597630e-06  -5.665266e+102  1.000000e+00  -1.000000e+00  1.000000e+00
4.520350e+01  1.150737e+04  9.509272e+02  1.058582e+04  4.520350e+01  1.545756e+00  1.544888e+00  8.680000e-04  7.629637e+00  7.629637e+00  6.452560e-01  5.610000e-04  2.992394e-01  5.781407e-01  5.781408e-01  7.627636e-03  2.119330e+00  4.916186e+05  1.328678e+02  1.912699e+57  6.748645e+51  6.993830e-06  -4.000229e+102  1.000000e+00  -1.000000e+00  1.000000e+00
4.520350e+01  1.291966e+04  9.509272e+02  1.199810e+04  4.520350e+01  1.525848e+00  1.525123e+00  7.250000e-04  7.577801e+00  7.577801e+00  6.077380e-01  4.750000e-04  2.974061e-01  5.709840e-01  5.709840e-01  7.608510e-03  2.180054e+00  4.890388e+05  1.109891e+02  1.877763e+57  5.637480e+51  6.759188e-06  -2.713084e+102  1.000000e+00  -1.000000e+00  1.000000e+00
4.520350e+01  1.452036e+04  9.509272e+02  1.359880e+04  4.520350e+01  1.506809e+00  1.506203e+00  6.050000e-04  7.532823e+00  7.532823e+00  5.722250e-01  4.020000e-04  2.954486e-01  5.634492e-01  5.634492e-01  7.609276e-03  2.253473e+00  4.856515e+05  9.262987e+01  1.840894e+57  4.705033e+51  6.293908e-06  -1.892234e+102  1.000000e+00  -1.000000e+00  1.000000e+00
4.520350e+01  1.633462e+04  9.509272e+02  1.541306e+04  4.520350e+01  1.488757e+00  1.488252e+00  5.050000e-04  7.494690e+00  7.494690e+00  5.386400e-01  3.390000e-04  2.933944e-01  5.556572e-01  5.556572e-01  7.627185e-03  2.338913e+00  4.830274e+05  7.724567e+01  1.810886e+57  3.923666e+51  6.058428e-06  -1.263898e+102  1.000000e+00  -1.000000e+00  1.000000e+00
4.520350e+01  1.839092e+04  9.509272e+02  1.746936e+04  4.520350e+01  1.471792e+00  1.471371e+00  4.210000e-04  7.463189e+00  7.463189e+00  5.069030e-01  2.860000e-04  2.912752e-01  5.477400e-01  5.477400e-01  7.657438e-03  2.434869e+00  4.796932e+05  6.437070e+01  1.779208e+57  3.269727e+51  4.946501e-06  -9.229345e+101  1.000000e+00  -1.000000e+00  1.000000e+00
4.520350e+01  2.071233e+04  9.509272e+02  1.979078e+04  4.520350e+01  1.456054e+00  1.455703e+00  3.510000e-04  7.438239e+00  7.438239e+00  4.770410e-01  2.410000e-04  2.891272e-01  5.398369e-01  5.398369e-01  7.695920e-03  2.539362e+00  4.764438e+05  5.364432e+01  1.750313e+57  2.724909e+51  4.827523e-06  -6.831736e+101  1.000000e+00  -1.000000e+00  1.000000e+00
6.210170e+01  1.030404e+02  9.840242e+02  1.000000e+00  6.210170e+01  3.064600e-01  1.957000e-03  3.045040e-01  4.519444e+00  2.718955e+00  4.519444e+00  9.936160e-01  1.001546e-01  1.182501e-01  4.273050e-02  8.923258e-02  5.903088e+03  2.943575e+02  4.930203e+04  2.474916e+54  2.810103e+54  5.899621e-06  3.431919e+105  1.000000e+00  1.000000e+00  0.000000e+00
6.210170e+01  1.076573e+02  9.840242e+02  1.133400e+00  6.210170e+01  3.053630e-01  2.295000e-03  3.030680e-01  4.512539e+00  2.781209e+00  4.512539e+00  9.924850e-01  9.994859e-02  1.179621e-01  4.488594e-02  8.922372e-02  5.963559e+03  3.457036e+02  4.906466e+04  2.899435e+54  2.794651e+54  5.900515e-06  3.377022e+105  1.000000e+00  1.000000e+00  0.000000e+00
6.210170e+01  1.131115e+02  9.840242e+02  1.284600e+00  6.210170e+01  3.041600e-01  2.687000e-03  3.014730e-01  4.504823e+00  2.846223e+00  4.504823e+00  9.911660e-01  9.972544e-02  1.176505e-01  4.720508e-02  8.922211e-02  6.030475e+03  4.053821e+02  4.880117e+04  3.387388e+54  2.777639e+54  5.908318e-06  3.399396e+105  1.000000e+00  1.000000e+00  0.000000e+00
6.210170e+01  1.191072e+02  9.840242e+02  1.456000e+00  6.210170e+01  3.028490e-01  3.144000e-03  2.997060e-01  4.496230e+00  2.914227e+00  4.496230e+00  9.896200e-01  9.948548e-02  1.173156e-01  4.970706e-02  8.922089e-02  6.103470e+03  4.750493e+02  4.850996e+04  3.952784e+54  2.759002e+54  5.919701e-06  3.789204e+105  1.000000e+00  1.000000e+00  0.000000e+00
6.210170e+01  1.250167e+02  9.840242e+02  1.650300e+00  6.210170e+01  3.014250e-01  3.676000e-03  2.977490e-01  4.486657e+00  2.985323e+00  4.486657e+00  9.878060e-01  9.922878e-02  1.169577e-01  5.240715e-02  8.922242e-02  6.182933e+03  5.563900e+02  4.818813e+04  4.609044e+54  2.738608e+54  5.929790e-06  4.158437e+105  1.000000e+00  1.000000e+00  0.000000e+00
6.210170e+01  1.316026e+02  9.840242e+02  1.870400e+00  6.210170e+01  2.998840e-01  4.295000e-03  2.955880e-01  4.476013e+00  3.059581e+00  4.476013e+00  9.856780e-01  9.895618e-02  1.165780e-01  5.532101e-02  8.923654e-02  6.269557e+03  6.513991e+02  4.783349e+04  5.371715e+54  2.716367e+54  5.942159e-06  4.674170e+105  1.000000e+00  1.000000e+00  0.000000e+00
6.210170e+01  1.379494e+02  9.840242e+02  2.120000e+00  6.210170e+01  2.982250e-01  5.017000e-03  2.932080e-01  4.464200e+00  3.137137e+00  4.464200e+00  9.831780e-01  9.866926e-02  1.161789e-01  5.846775e-02  8.925884e-02  6.362836e+03  7.624229e+02  4.744365e+04  6.259009e+54  2.692189e+54  5.948486e-06  4.272667e+105  1.000000e+00  1.000000e+00  0.000000e+00
6.210170e+01  1.527256e+02  9.840242e+02  2.402800e+00  6.210170e+01  2.964030e-01  5.818000e-03  2.905850e-01  4.451105e+00  3.213767e+00  4.451105e+00  9.803700e-01  9.835506e-02  1.157422e-01  6.168321e-02  8.930760e-02  6.468652e+03  8.860598e+02  4.701376e+04  7.243061e+54  2.665523e+54  5.957143e-06  6.962797e+105  1.000000e+00  1.000000e+00  0.000000e+00
6.210170e+01  1.576382e+02  9.840242e+02  2.723400e+00  6.210170e+01  2.944640e-01  6.761000e-03  2.877030e-01  4.436587e+00  3.293937e+00  4.436587e+00  9.770400e-01  9.803119e-02  1.152926e-01  6.516670e-02  8.938058e-02  6.581583e+03  1.031869e+03  4.654288e+04  8.399228e+54  2.636736e+54  5.977639e-06  9.026034e+105  1.000000e+00  1.000000e+00  0.000000e+00
6.210170e+01  1.627167e+02  9.840242e+02  3.086700e+00  6.210170e+01  2.924370e-01  7.879000e-03  2.845580e-01  4.420578e+00  3.379432e+00  4.420578e+00  9.730560e-01  9.770925e-02  1.148463e-01  6.901273e-02  8.948678e-02  6.698682e+03  1.205543e+03  4.603089e+04  9.771760e+54  2.606009e+54  6.001047e-06  1.026306e+106  1.000000e+00  1.000000e+00  0.000000e+00
6.210170e+01  1.679681e+02  9.840242e+02  3.498500e+00  6.210170e+01  2.903490e-01  9.202000e-03  2.811470e-01  4.403010e+00  3.470426e+00  4.403010e+00  9.683070e-01  9.739847e-02  1.144159e-01  7.325276e-02  8.965343e-02  6.818910e+03  1.411765e+03  4.547734e+04  1.139639e+55  2.573412e+54  6.027296e-06  1.162687e+106  1.000000e+00  1.000000e+00  0.000000e+00
6.210170e+01  1.734000e+02  9.840242e+02  3.965200e+00  6.210170e+01  2.882330e-01  1.076200e-02  2.774710e-01  4.383843e+00  3.567167e+00  4.383843e+00  9.626610e-01  9.711148e-02  1.140189e-01  7.792356e-02  8.992068e-02  6.940895e+03  1.656199e+03  4.488270e+04  1.331610e+55  2.539080e+54  6.059697e-06  1.313540e+106  1.000000e+00  1.000000e+00  0.000000e+00
6.210170e+01  1.790190e+02  9.840242e+02  4.494300e+00  6.210170e+01  2.861390e-01  1.260000e-02  2.735390e-01  4.363073e+00  3.669875e+00  4.363073e+00  9.559660e-01  9.686483e-02  1.136780e-01  8.306162e-02  9.032591e-02  7.061394e+03  1.945607e+03  4.424872e+04  1.558214e+55  2.503218e+54  6.101293e-06  1.480260e+106  1.000000e+00  1.000000e+00  0.000000e+00
6.210170e+01  1.848335e+02  9.840242e+02  5.093900e+00  6.210170e+01  2.841310e-01  1.476100e-02  2.693700e-01  4.340735e+00  3.778723e+00  4.340735e+00  9.480490e-01  9.667991e-02  1.134227e-01  8.869982e-02  9.093622e-02  7.177354e+03  2.287956e+03  4.357840e+04  1.825432e+55  2.466092e+54  6.158326e-06  1.664324e+106  1.000000e+00  1.000000e+00  0.000000e+00
6.210170e+01  1.908524e+02  9.840242e+02  5.773400e+00  6.210170e+01  2.822920e-01  1.730000e-02  2.649930e-01  4.316935e+00  3.894000e+00  4.316935e+00  9.387180e-01  9.658390e-02  1.132902e-01  9.486805e-02  9.184814e-02  7.285432e+03  2.692716e+03  4.287662e+04  2.140373e+55  2.428051e+54  6.248938e-06  1.867021e+106  1.000000e+00  1.000000e+00  0.000000e+00
6.210170e+01  1.970844e+02  9.840242e+02  6.543700e+00  6.210170e+01  2.807310e-01  2.027800e-02  2.604530e-01  4.291865e+00  4.015995e+00  4.291865e+00  9.277660e-01  9.661080e-02  1.133273e-01  1.015724e-01  9.317712e-02  7.380567e+03  3.171043e+03  4.215041e+04  2.511332e+55  2.389507e+54  6.432772e-06  2.089392e+106  1.000000e+00  1.000000e+00  0.000000e+00
6.210170e+01  2.035396e+02  9.840242e+02  7.416700e+00  6.210170e+01  2.795810e-01  2.377000e-02  2.558110e-01  4.265823e+00  4.145095e+00  4.265823e+00  9.149810e-01  9.680241e-02  1.135918e-01  1.087389e-01  9.509881e-02  7.458522e+03  3.736075e+03  4.140922e+04  2.948048e+55  2.350927e+54  7.410801e-06  2.333587e+106  1.000000e+00  1.000000e+00  0.000000e+00
6.210170e+01  2.102287e+02  9.840242e+02  8.406200e+00  6.210170e+01  2.790070e-01  2.785900e-02  2.511480e-01  4.282648e+00  4.282648e+00  4.239243e+00  9.001490e-01  9.622415e-02  1.127941e-01  1.127961e-01  9.442111e-02  7.630587e+03  4.403506e+03  4.066801e+04  3.462068e+55  2.312825e+54  -9.845053e-06  2.601479e+106  -1.000000e+00  1.000000e+00  0.000000e+00
6.210170e+01  2.171631e+02  9.840242e+02  9.527700e+00  6.210170e+01  2.792070e-01  3.264700e-02  2.465610e-01  4.442540e+00  4.442540e+00  4.212714e+00  8.830740e-01  9.282762e-02  1.081431e-01  1.081450e-01  7.913421e-02  7.653895e+03  5.192237e+03  3.993544e+04  4.067290e+55  2.275532e+54  3.912651e-06  2.899633e+106  1.000000e+00  1.000000e+00  0.000000e+00
6.210170e+01  2.243537e+02  9.840242e+02  1.079880e+01  6.210170e+01  2.804200e-01  3.827200e-02  2.421490e-01  4.629020e+00  4.629020e+00  4.186896e+00  8.635200e-01  8.947507e-02  1.036090e-01  1.036106e-01  6.614096e-02  7.688964e+03  6.127896e+03  3.922866e+04  4.782600e+55  2.239272e+54  5.396672e-06  3.263719e+106  1.000000e+00  1.000000e+00  0.000000e+00
6.210170e+01  2.318138e+02  9.840242e+02  1.223950e+01  6.210170e+01  2.829460e-01  4.501000e-02  2.379370e-01  4.848455e+00  4.848455e+00  4.162037e+00  8.409250e-01  8.619508e-02  9.922646e-02  9.922792e-02  5.565177e-02  7.797932e+03  7.257792e+03  3.855077e+04  5.644599e+55  2.203806e+54  5.635091e-06  3.765490e+106  1.000000e+00  1.000000e+00  0.000000e+00
6.210170e+01  2.395612e+02  9.840242e+02  1.387240e+01  6.210170e+01  2.872130e-01  5.335300e-02  2.338600e-01  5.110737e+00  5.110737e+00  4.137790e+00  8.142410e-01  8.300458e-02  9.501321e-02  9.501450e-02  4.696557e-02  7.946892e+03  8.663860e+03  3.789164e+04  6.718516e+55  2.168627e+54  5.741145e-06  4.473009e+106  1.000000e+00  1.000000e+00  0.000000e+00
6.210170e+01  2.476067e+02  9.840242e+02  1.572320e+01  6.210170e+01  2.938530e-01  6.400000e-02  2.298540e-01  5.423061e+00  5.423061e+00  4.113759e+00  7.822050e-01  8.003275e-02  9.113199e-02  9.113323e-02  4.086333e-02  8.296700e+03  1.046235e+04  3.724084e+04  8.094500e+55  2.133264e+54  5.804715e-06  5.439355e+106  1.000000e+00  1.000000e+00  0.000000e+00
6.210170e+01  2.559695e+02  9.840242e+02  1.782080e+01  6.210170e+01  3.037860e-01  7.793000e-02  2.258560e-01  5.792160e+00  5.792160e+00  4.089599e+00  7.434710e-01  7.746562e-02  8.781233e-02  8.781350e-02  3.744888e-02  8.949580e+03  1.281721e+04  3.658893e+04  9.896158e+55  2.097208e+54  5.845274e-06  6.747957e+106  1.000000e+00  1.000000e+00  0.000000e+00
6.210170e+01  2.646662e+02  9.840242e+02  2.019840e+01  6.210170e+01  3.183310e-01  9.655800e-02  2.217730e-01  6.222540e+00  6.222540e+00  4.064665e+00  6.966750e-01  7.556010e-02  8.536772e-02  8.536874e-02  3.651775e-02  9.884424e+03  1.596511e+04  3.592152e+04  1.230445e+56  2.060021e+54  5.870828e-06  8.488235e+106  1.000000e+00  1.000000e+00  0.000000e+00
6.210170e+01  2.737197e+02  9.840242e+02  2.289310e+01  6.210170e+01  3.392870e-01  1.217140e-01  2.175720e-01  6.713380e+00  6.713380e+00  4.038719e+00  6.412640e-01  7.464614e-02  8.420102e-02  8.420200e-02  3.822777e-02  1.099641e+04  2.021623e+04  3.523363e+04  1.555515e+56  2.021506e+54  5.880694e-06  1.072595e+107  1.000000e+00  1.000000e+00  0.000000e+00
6.210170e+01  2.831505e+02  9.840242e+02  2.594730e+01  6.210170e+01  3.689120e-01  1.556790e-01  2.132330e-01  7.255622e+00  7.255622e+00  4.011584e+00  5.780050e-01  7.509832e-02  8.477777e-02  8.477860e-02  4.254645e-02  1.187463e+04  2.596630e+04  3.452193e+04  1.994557e+56  1.981503e+54  5.872787e-06  1.346814e+107  1.000000e+00  1.000000e+00  0.000000e+00
6.210170e+01  2.929826e+02  9.840242e+02  2.940900e+01  6.210170e+01  4.097340e-01  2.009970e-01  2.087370e-01  7.831544e+00  7.831544e+00  3.983096e+00  5.094460e-01  7.727443e-02  8.756631e-02  8.756707e-02  4.933713e-02  1.193729e+04  3.366747e+04  3.378350e+04  2.580911e+56  1.939866e+54  5.845457e-06  1.662042e+107  1.000000e+00  1.000000e+00  0.000000e+00
6.210170e+01  3.032418e+02  9.840242e+02  3.333260e+01  6.210170e+01  4.641350e-01  2.600670e-01  2.040680e-01  8.417842e+00  8.417842e+00  3.953092e+00  4.396740e-01  8.143759e-02  9.296157e-02  9.296230e-02  5.805461e-02  1.080489e+04  4.377898e+04  3.301577e+04  3.347373e+56  1.896464e+54  5.794482e-06  1.995657e+107  1.000000e+00  1.000000e+00  0.000000e+00
6.210170e+01  3.139580e+02  9.840242e+02  3.777960e+01  6.210170e+01  5.338330e-01  3.346200e-01  1.992120e-01  8.991211e+00  8.991211e+00  3.921411e+00  3.731730e-01  8.769374e-02  1.012224e-01  1.012230e-01  6.775164e-02  8.709355e+03  5.668146e+04  3.221653e+04  4.319333e+56  1.851179e+54  5.719453e-06  2.315303e+107  1.000000e+00  1.000000e+00  0.000000e+00
6.210170e+01  3.251628e+02  9.840242e+02  4.281980e+01  6.210170e+01  6.194640e-01  4.253070e-01  1.941570e-01  9.533973e+00  9.533973e+00  3.887891e+00  3.134270e-01  9.596746e-02  1.124406e-01  1.124412e-01  7.727086e-02  6.328575e+03  7.261517e+04  3.138385e+04  5.510031e+56  1.803911e+54  5.620134e-06  2.588820e+107  1.000000e+00  1.000000e+00  0.000000e+00
6.210170e+01  3.368911e+02  9.840242e+02  4.853260e+01  6.210170e+01  7.204700e-01  5.315780e-01  1.888920e-01  1.003554e+01  1.003554e+01  3.852370e+00  2.621790e-01  1.060369e-01  1.265676e-01  1.265681e-01  8.533985e-02  4.244024e+03  9.165123e+04  3.051617e+04  6.918535e+56  1.754576e+54  5.498093e-06  2.791513e+107  1.000000e+00  1.000000e+00  0.000000e+00
6.210170e+01  3.491847e+02  9.840242e+02  5.500740e+01  6.210170e+01  8.352640e-01  6.518540e-01  1.834100e-01  1.049137e+01  1.049137e+01  3.814683e+00  2.195840e-01  1.175907e-01  1.434595e-01  1.434601e-01  9.100219e-02  2.698334e+03  1.137087e+05  2.961232e+04  8.531651e+56  1.703110e+54  5.354682e-06  2.911899e+107  1.000000e+00  1.000000e+00  0.000000e+00
6.210170e+01  3.620840e+02  9.840242e+02  6.234610e+01  6.210170e+01  9.615400e-01  7.838350e-01  1.777060e-01  1.090056e+01  1.090056e+01  3.774670e+00  1.848140e-01  1.302867e-01  1.629271e-01  1.629276e-01  9.380888e-02  1.665909e+03  1.385963e+05  2.867158e+04  1.032717e+57  1.649477e+54  5.193265e-06  2.947614e+107  1.000000e+00  1.000000e+00  0.000000e+00
6.210170e+01  3.756397e+02  9.840242e+02  7.066390e+01  6.210170e+01  1.096600e+00  9.248240e-01  1.717760e-01  1.126372e+01  1.126372e+01  3.732171e+00  1.566440e-01  1.437964e-01  1.847749e-01  1.847754e-01  9.380489e-02  1.017171e+03  1.660306e+05  2.769379e+04  1.227548e+57  1.593670e+54  5.016580e-06  2.905010e+107  1.000000e+00  1.000000e+00  0.000000e+00
6.210170e+01  3.899028e+02  9.840242e+02  8.009140e+01  6.210170e+01  1.237610e+00  1.071987e+00  1.656240e-01  1.158239e+01  1.158239e+01  3.687031e+00  1.338250e-01  1.578219e-01  2.088123e-01  2.088129e-01  9.136399e-02  6.220933e+02  1.957007e+05  2.667939e+04  1.434516e+57  1.535715e+54  4.826126e-06  2.795358e+107  1.000000e+00  1.000000e+00  0.000000e+00
6.210170e+01  4.049358e+02  9.840242e+02  9.077660e+01  6.210170e+01  1.381786e+00  1.222533e+00  1.592530e-01  1.185861e+01  1.185861e+01  3.639107e+00  1.152510e-01  1.721031e-01  2.348562e-01  2.348567e-01  8.703517e-02  3.842899e+02  2.272623e+05  2.562950e+04  1.650182e+57  1.475679e+54  4.624368e-06  2.631445e+107  1.000000e+00  1.000000e+00  0.000000e+00
6.210170e+01  4.208056e+02  9.840242e+02  1.028874e+02  6.210170e+01  1.526513e+00  1.373839e+00  1.526740e-01  1.209461e+01  1.209461e+01  3.588263e+00  1.000150e-01  1.864190e-01  2.627289e-01  2.627295e-01  8.142282e-02  2.411037e+02  2.603760e+05  2.454600e+04  1.871284e+57  1.413669e+54  4.412885e-06  2.427674e+107  1.000000e+00  1.000000e+00  0.000000e+00
6.210170e+01  4.375827e+02  9.840242e+02  1.166139e+02  6.210170e+01  1.669424e+00  1.523522e+00  1.459020e-01  1.229285e+01  1.229285e+01  3.534381e+00  8.739700e-02  2.005838e-01  2.922523e-01  2.922529e-01  7.503504e-02  1.540614e+02  2.946990e+05  2.343160e+04  2.094466e+57  1.349842e+54  4.306224e-06  2.207805e+107  1.000000e+00  1.000000e+00  0.000000e+00
6.210170e+01  1.053723e+03  9.840242e+02  1.321717e+02  6.210170e+01  1.766740e+00  1.641817e+00  1.249230e-01  1.246353e+01  1.246353e+01  3.362075e+00  7.070800e-02  2.093694e-01  3.116391e-01  3.116397e-01  7.226837e-02  1.197541e+02  3.207472e+05  1.997231e+04  2.265035e+57  1.119032e+54  4.208733e-06  3.168200e+106  1.000000e+00  1.000000e+00  1.000000e+00
6.210170e+01  1.071356e+03  9.840242e+02  1.498051e+02  6.210170e+01  1.831667e+00  1.727062e+00  1.046040e-01  1.255898e+01  1.255898e+01  3.170517e+00  5.710900e-02  2.154139e-01  3.254952e-01  3.254957e-01  7.000399e-02  1.006151e+02  3.396787e+05  1.672467e+04  2.385443e+57  9.311150e+53  3.944441e-06  2.239847e+106  1.000000e+00  1.000000e+00  1.000000e+00
6.210170e+01  1.091342e+03  9.840242e+02  1.697911e+02  6.210170e+01  1.875978e+00  1.785493e+00  9.048600e-02  1.258529e+01  1.258529e+01  3.018200e+00  4.823400e-02  2.201639e-01  3.366974e-01  3.366978e-01  6.735262e-02  8.680253e+01  3.535568e+05  1.450980e+04  2.467929e+57  8.202194e+53  3.440689e-06  1.433147e+106  1.000000e+00  1.000000e+00  1.000000e+00
6.210170e+01  1.113993e+03  9.840242e+02  1.924434e+02  6.210170e+01  1.901422e+00  1.819266e+00  8.215600e-02  1.255285e+01  1.255285e+01  2.918908e+00  4.320800e-02  2.237266e-01  3.452886e-01  3.452889e-01  6.451645e-02  7.673498e+01  3.628257e+05  1.320206e+04  2.516092e+57  7.597871e+53  2.524366e-06  5.635896e+105  1.000000e+00  1.000000e+00  1.000000e+00
6.210170e+01  1.139669e+03  9.840242e+02  2.181178e+02  6.210170e+01  1.911794e+00  1.834140e+00  7.765400e-02  1.247236e+01  1.247236e+01  2.863929e+00  4.061800e-02  2.263989e-01  3.518425e-01  3.518428e-01  6.155423e-02  6.899126e+01  3.684787e+05  1.246606e+04  2.536817e+57  7.194179e+53  3.740646e-07  -2.077424e+105  1.000000e+00  -1.000000e+00  1.000000e+00
6.210170e+01  1.168770e+03  9.840242e+02  2.472176e+02  6.210170e+01  1.910316e+00  1.836949e+00  7.336700e-02  1.234785e+01  1.234785e+01  2.810247e+00  3.840600e-02  2.285049e-01  3.570755e-01  3.570758e-01  5.839721e-02  6.249178e+01  3.718282e+05  1.176027e+04  2.538136e+57  6.787599e+53  -4.919714e-06  -6.633600e+105  -1.000000e+00  -1.000000e+00  1.000000e+00
6.210170e+01  1.201752e+03  9.840242e+02  2.801996e+02  6.210170e+01  1.900392e+00  1.831427e+00  6.896500e-02  1.218179e+01  1.218179e+01  2.752905e+00  3.629000e-02  2.304164e-01  3.618783e-01  3.618786e-01  5.492760e-02  5.638220e+01  3.739304e+05  1.103749e+04  2.526237e+57  6.371148e+53  -1.162929e-05  -8.057767e+105  -1.000000e+00  -1.000000e+00  1.000000e+00
6.210170e+01  1.239133e+03  9.840242e+02  3.175819e+02  6.210170e+01  1.886071e+00  1.821586e+00  6.448400e-02  1.198129e+01  1.198129e+01  2.691970e+00  3.419000e-02  2.325069e-01  3.671896e-01  3.671899e-01  5.113931e-02  5.017654e+01  3.756350e+05  1.030375e+04  2.506661e+57  5.948302e+53  -1.452814e-05  -7.685252e+105  -1.000000e+00  -1.000000e+00  1.000000e+00
6.210170e+01  1.281502e+03  9.840242e+02  3.599514e+02  6.210170e+01  1.870934e+00  1.810970e+00  5.996400e-02  1.175553e+01  1.175553e+01  2.627565e+00  3.205000e-02  2.350704e-01  3.737882e-01  3.737885e-01  4.710996e-02  4.375511e+01  3.774327e+05  9.565633e+03  2.483131e+57  5.522843e+53  -1.174479e-05  -5.909582e+105  -1.000000e+00  -1.000000e+00  1.000000e+00
6.210170e+01  1.329526e+03  9.840242e+02  4.079736e+02  6.210170e+01  1.857535e+00  1.802089e+00  5.544600e-02  1.151417e+01  1.151417e+01  2.559872e+00  2.984900e-02  2.382791e-01  3.821839e-01  3.821842e-01  4.298507e-02  3.730742e+01  3.812569e+05  8.830015e+03  2.467436e+57  5.098739e+53  -3.640006e-06  -3.982365e+105  -1.000000e+00  -1.000000e+00  1.000000e+00
6.210170e+01  1.383956e+03  9.840242e+02  4.624025e+02  6.210170e+01  1.847269e+00  1.796296e+00  5.097400e-02  1.126611e+01  1.126611e+01  2.489128e+00  2.759400e-02  2.421797e-01  3.926002e-01  3.926004e-01  3.890723e-02  3.113518e+01  3.856287e+05  8.103871e+03  2.451823e+57  4.680010e+53  -2.178239e-06  -2.659635e+105  -1.000000e+00  -1.000000e+00  1.000000e+00
6.210170e+01  1.445646e+03  9.840242e+02  5.240930e+02  6.210170e+01  1.840524e+00  1.793935e+00  4.658900e-02  1.101855e+01  1.101855e+01  2.415624e+00  2.531300e-02  2.467168e-01  4.050177e-01  4.050179e-01  3.501521e-02  2.553732e+01  3.921124e+05  7.394005e+03  2.445656e+57  4.270581e+53  -8.813236e-07  -1.534933e+105  -1.000000e+00  -1.000000e+00  1.000000e+00
6.210170e+01  1.515564e+03  9.840242e+02  5.940138e+02  6.210170e+01  1.836953e+00  1.794621e+00  4.233100e-02  1.077686e+01  1.077686e+01  2.339701e+00  2.304400e-02  2.517604e-01  4.192192e-01  4.192195e-01  3.140276e-02  2.069851e+01  3.990665e+05  6.706800e+03  2.439855e+57  3.874139e+53  -3.861497e-07  -8.526137e+104  -1.000000e+00  -1.000000e+00  1.000000e+00
6.210170e+01  1.594815e+03  9.840242e+02  6.732629e+02  6.210170e+01  1.835770e+00  1.797532e+00  3.823800e-02  1.054437e+01  1.054437e+01  2.261737e+00  2.082900e-02  2.571457e-01  4.348685e-01  4.348687e-01  2.811958e-02  1.667334e+01  4.080515e+05  6.047999e+03  2.443494e+57  3.494005e+53  -5.755135e-08  -3.772694e+104  -1.000000e+00  -1.000000e+00  1.000000e+00
6.210170e+01  1.684639e+03  9.840242e+02  7.630849e+02  6.210170e+01  1.835987e+00  1.801646e+00  3.434100e-02  1.032292e+01  1.032292e+01  2.182144e+00  1.870400e-02  2.626931e-01  4.515427e-01  4.515429e-01  2.518786e-02  1.342322e+01  4.169371e+05  5.422512e+03  2.444570e+57  3.133021e+53  4.743366e-08  -2.897899e+104  1.000000e+00  -1.000000e+00  1.000000e+00
6.210170e+01  1.786445e+03  9.840242e+02  8.648903e+02  6.210170e+01  1.836608e+00  1.805943e+00  3.066500e-02  1.011307e+01  1.011307e+01  2.101354e+00  1.669700e-02  2.682349e-01  4.687942e-01  4.687944e-01  2.259759e-02  1.084919e+01  4.263776e+05  4.834285e+03  2.447088e+57  2.793472e+53  4.378717e-08  -1.810696e+104  1.000000e+00  -1.000000e+00  1.000000e+00
6.210170e+01  1.901831e+03  9.840242e+02  9.802778e+02  6.210170e+01  1.836759e+00  1.809528e+00  2.723100e-02  9.914686e+00  9.914686e+00  2.019811e+00  1.482600e-02  2.736245e-01  4.861761e-01  4.861763e-01  2.033208e-02  8.837184e+00  4.360648e+05  4.286216e+03  2.449436e+57  2.477045e+53  -4.839024e-08  -1.702674e+104  -1.000000e+00  -1.000000e+00  1.000000e+00
6.210170e+01  2.032610e+03  9.840242e+02  1.111060e+03  6.210170e+01  1.835727e+00  1.811675e+00  2.405200e-02  9.727072e+00  9.727072e+00  1.937955e+00  1.310200e-02  2.787453e-01  5.032762e-01  5.032764e-01  1.839242e-02  7.286279e+00  4.456895e+05  3.780145e+03  2.450073e+57  2.184811e+53  -2.125713e-07  -1.530241e+104  -1.000000e+00  -1.000000e+00  1.000000e+00
6.210170e+01  2.180844e+03  9.840242e+02  1.259289e+03  6.210170e+01  1.833003e+00  1.811868e+00  2.113500e-02  9.549363e+00  9.549363e+00  1.856219e+00  1.153000e-02  2.835113e-01  5.197333e-01  5.197335e-01  1.671312e-02  6.083006e+00  4.549770e+05  3.316889e+03  2.447882e+57  1.917255e+53  -4.467513e-07  -1.829820e+104  -1.000000e+00  -1.000000e+00  1.000000e+00
6.210170e+01  2.348852e+03  9.840242e+02  1.427295e+03  6.210170e+01  1.828245e+00  1.809765e+00  1.848000e-02  9.380795e+00  9.380795e+00  1.775013e+00  1.010800e-02  2.878567e-01  5.352191e-01  5.352193e-01  1.526256e-02  5.148162e+00  4.636580e+05  2.896323e+03  2.441615e+57  1.674314e+53  -7.661363e-07  -1.947356e+104  -1.000000e+00  -1.000000e+00  1.000000e+00
6.210170e+01  2.539271e+03  9.840242e+02  1.617714e+03  6.210170e+01  1.821269e+00  1.805185e+00  1.608400e-02  9.220535e+00  9.220535e+00  1.694719e+00  8.831000e-03  2.917424e-01  5.494750e-01  5.494751e-01  1.401257e-02  4.420136e+00  4.714787e+05  2.517505e+03  2.430200e+57  1.455455e+53  -1.193930e-06  -2.006864e+104  -1.000000e+00  -1.000000e+00  1.000000e+00
6.210170e+01  2.755091e+03  9.840242e+02  1.833538e+03  6.210170e+01  1.812035e+00  1.798098e+00  1.393700e-02  9.068020e+00  9.068020e+00  1.615687e+00  7.691000e-03  2.951452e-01  5.622908e-01  5.622910e-01  1.293458e-02  3.850206e+00  4.783279e+05  2.178812e+03  2.413557e+57  1.259750e+53  -1.803423e-06  -2.013441e+104  -1.000000e+00  -1.000000e+00  1.000000e+00
6.210170e+01  2.999709e+03  9.840242e+02  2.078156e+03  6.210170e+01  1.800594e+00  1.788567e+00  1.202700e-02  8.922712e+00  8.922712e+00  1.538228e+00  6.679000e-03  2.980578e-01  5.735172e-01  5.735173e-01  1.201094e-02  3.403947e+00  4.840194e+05  1.878095e+03  2.390969e+57  1.085964e+53  -2.339652e-06  -1.698504e+104  -1.000000e+00  -1.000000e+00  1.000000e+00
6.210170e+01  3.276966e+03  9.840242e+02  2.355409e+03  6.210170e+01  1.787072e+00  1.776733e+00  1.033800e-02  8.784205e+00  8.784205e+00  1.462612e+00  5.785000e-03  3.004839e-01  5.830550e-01  5.830551e-01  1.121767e-02  3.052851e+00  4.895808e+05  1.612821e+03  2.368655e+57  9.326423e+52  -3.291385e-06  -1.357232e+104  -1.000000e+00  -1.000000e+00  1.000000e+00
6.210170e+01  3.591209e+03  9.840242e+02  2.669651e+03  6.210170e+01  1.771671e+00  1.762815e+00  8.856000e-03  8.652331e+00  8.652331e+00  1.389066e+00  4.999000e-03  3.024347e-01  5.908514e-01  5.908515e-01  1.054030e-02  2.777240e+00  4.938146e+05  1.380217e+03  2.340249e+57  7.981874e+52  -5.313046e-06  -1.251629e+104  -1.000000e+00  -1.000000e+00  1.000000e+00
6.210170e+01  3.947373e+03  9.840242e+02  3.025817e+03  6.210170e+01  1.754604e+00  1.747043e+00  7.561000e-03  8.526913e+00  8.526913e+00  1.317779e+00  4.309000e-03  3.039268e-01  5.968933e-01  5.968934e-01  9.962549e-03  2.561159e+00  4.967249e+05  1.177390e+03  2.306171e+57  6.809324e+52  -7.026587e-06  -1.060652e+104  -1.000000e+00  -1.000000e+00  1.000000e+00
6.210170e+01  4.351050e+03  9.840242e+02  3.429500e+03  6.210170e+01  1.736114e+00  1.729677e+00  6.436000e-03  8.407853e+00  8.407853e+00  1.248898e+00  3.707000e-03  3.049823e-01  6.012089e-01  6.012090e-01  9.472709e-03  2.393388e+00  4.993115e+05  1.001429e+03  2.272284e+57  5.791990e+52  -1.499320e-05  -8.216743e+103  -1.000000e+00  -1.000000e+00  1.000000e+00
6.210170e+01  4.808596e+03  9.840242e+02  3.887040e+03  6.210170e+01  1.716459e+00  1.710995e+00  5.464000e-03  8.295161e+00  8.295161e+00  1.182533e+00  3.183000e-03  3.056259e-01  6.038577e-01  6.038577e-01  9.059311e-03  2.264933e+00  5.005397e+05  8.494880e+02  2.233035e+57  4.913449e+52  -2.255603e-05  -6.631442e+103  -1.000000e+00  -1.000000e+00  1.000000e+00
6.210170e+01  5.327181e+03  9.840242e+02  4.405622e+03  6.210170e+01  1.695889e+00  1.691263e+00  4.626000e-03  8.188895e+00  8.188895e+00  1.118759e+00  2.728000e-03  3.058819e-01  6.049150e-01  6.049151e-01  8.714251e-03  2.169563e+00  5.014694e+05  7.188457e+02  2.194697e+57  4.158001e+52  -3.585124e-05  -4.831482e+103  -1.000000e+00  -1.000000e+00  1.000000e+00
6.210170e+01  5.914947e+03  9.840242e+02  4.993389e+03  6.210170e+01  1.674653e+00  1.670745e+00  3.909000e-03  8.089085e+00  8.089085e+00  1.057622e+00  2.334000e-03  3.057786e-01  6.044881e-01  6.044882e-01  8.428783e-03  2.102045e+00  5.020843e+05  6.069509e+02  2.157336e+57  3.510915e+52  -1.868646e-04  -3.694641e+103  -1.000000e+00  -1.000000e+00  1.000000e+00
6.210170e+01  6.581126e+03  9.840242e+02  5.659571e+03  6.210170e+01  1.653002e+00  1.649707e+00  3.295000e-03  7.995872e+00  7.995872e+00  9.991400e-01  1.994000e-03  3.053439e-01  6.026953e-01  6.026954e-01  8.196078e-03  2.058601e+00  5.014296e+05  5.114496e+02  2.115610e+57  2.958595e+52  2.587816e-05  -2.827169e+103  1.000000e+00  -1.000000e+00  1.000000e+00
6.210170e+01  7.336183e+03  9.840242e+02  6.414631e+03  6.210170e+01  1.631158e+00  1.628385e+00  2.773000e-03  7.909346e+00  7.909346e+00  9.433070e-01  1.700000e-03  3.046051e-01  5.996625e-01  5.996626e-01  8.010847e-03  2.036572e+00  5.005142e+05  4.301978e+02  2.075341e+57  2.488659e+52  1.820163e-05  -2.134656e+103  1.000000e+00  -1.000000e+00  1.000000e+00
6.210170e+01  8.191984e+03  9.840242e+02  7.270426e+03  6.210170e+01  1.609336e+00  1.607006e+00  2.330000e-03  7.829566e+00  7.829566e+00  8.900970e-01  1.448000e-03  3.035923e-01  5.955327e-01  5.955327e-01  7.865661e-03  2.033248e+00  4.984681e+05  3.612669e+02  2.031604e+57  2.089962e+52  1.333289e-05  -1.541145e+103  1.000000e+00  -1.000000e+00  1.000000e+00
6.210170e+01  9.161955e+03  9.840242e+02  8.240395e+03  6.210170e+01  1.587735e+00  1.585781e+00  1.955000e-03  7.756672e+00  7.756672e+00  8.394680e-01  1.231000e-03  3.023321e-01  5.904387e-01  5.904387e-01  7.757448e-03  2.047408e+00  4.971183e+05  3.029387e+02  1.994817e+57  1.752575e+52  1.291611e-05  -1.083047e+103  1.000000e+00  -1.000000e+00  1.000000e+00
6.210170e+01  1.026133e+04  9.840242e+02  9.339770e+03  6.210170e+01  1.566542e+00  1.564905e+00  1.637000e-03  7.690667e+00  7.690667e+00  7.913620e-01  1.045000e-03  3.008567e-01  5.845360e-01  5.845360e-01  7.683255e-03  2.078032e+00  4.947437e+05  2.536958e+02  1.955154e+57  1.467728e+52  7.667035e-06  -8.553492e+102  1.000000e+00  -1.000000e+00  1.000000e+00
6.210170e+01  1.150737e+04  9.840242e+02  1.058582e+04  6.210170e+01  1.545922e+00  1.544552e+00  1.370000e-03  7.631621e+00  7.631621e+00  7.457130e-01  8.860000e-04  2.991937e-01  5.779612e-01  5.779612e-01  7.637469e-03  2.123762e+00  4.914524e+05  2.122091e+02  1.913166e+57  1.227737e+52  7.040981e-06  -5.957404e+102  1.000000e+00  -1.000000e+00  1.000000e+00
6.210170e+01  1.291966e+04  9.840242e+02  1.199810e+04  6.210170e+01  1.526024e+00  1.524879e+00  1.145000e-03  7.579495e+00  7.579495e+00  7.024440e-01  7.500000e-04  2.973738e-01  5.708590e-01  5.708590e-01  7.615245e-03  2.183118e+00  4.889041e+05  1.773213e+02  1.878192e+57  1.025913e+52  6.800349e-06  -4.044496e+102  1.000000e+00  -1.000000e+00  1.000000e+00
6.210170e+01  1.452036e+04  9.840242e+02  1.359880e+04  6.210170e+01  1.506987e+00  1.506031e+00  9.560000e-04  7.534273e+00  7.534273e+00  6.614730e-01  6.350000e-04  2.954267e-01  5.633657e-01  5.633657e-01  7.614889e-03  2.255950e+00  4.855437e+05  1.480310e+02  1.841287e+57  8.564655e+51  6.328200e-06  -2.820602e+102  1.000000e+00  -1.000000e+00  1.000000e+00
6.210170e+01  1.633462e+04  9.840242e+02  1.541306e+04  6.210170e+01  1.488936e+00  1.488138e+00  7.980000e-04  7.495947e+00  7.495947e+00  6.227140e-01  5.360000e-04  2.933805e-01  5.556050e-01  5.556051e-01  7.631298e-03  2.340727e+00  4.829443e+05  1.234764e+02  1.811259e+57  7.144103e+51  6.088987e-06  -1.885780e+102  1.000000e+00  -1.000000e+00  1.000000e+00
6.210170e+01  1.839092e+04  9.840242e+02  1.746936e+04  6.210170e+01  1.471957e+00  1.471292e+00  6.650000e-04  7.464209e+00  7.464209e+00  5.860770e-01  4.520000e-04  2.912681e-01  5.477134e-01  5.477134e-01  7.660830e-03  2.436265e+00  4.796242e+05  1.029187e+02  1.779520e+57  5.954754e+51  4.961884e-06  -1.377651e+102  1.000000e+00  -1.000000e+00  1.000000e+00
6.210170e+01  2.071233e+04  9.840242e+02  1.979078e+04  6.210170e+01  1.456213e+00  1.455658e+00  5.540000e-04  7.439107e+00  7.439107e+00  5.515950e-01  3.810000e-04  2.891251e-01  5.398290e-01  5.398290e-01  7.698632e-03  2.540351e+00  4.763915e+05  8.578567e+01  1.750602e+57  4.963516e+51  4.844472e-06  -1.019493e+102  1.000000e+00  -1.000000e+00  1.000000e+00
8.531680e+01  1.030404e+02  1.024339e+03  1.000000e+00  8.531680e+01  4.219800e-01  1.725000e-03  4.202560e-01  4.989883e+00  2.604233e+00  4.989883e+00  9.959130e-01  1.249061e-01  1.545559e-01  4.079695e-02  8.082617e-02  1.772323e+03  2.593022e+02  6.986024e+04  2.180226e+54  4.516951e+54  5.632886e-06  3.668043e+105  1.000000e+00  1.000000e+00  0.000000e+00
8.531680e+01  1.076573e+02  1.024339e+03  1.133400e+00  8.531680e+01  4.208480e-01  2.023000e-03  4.188250e-01  4.984440e+00  2.664171e+00  4.984440e+00  9.951920e-01  1.247069e-01  1.542496e-01  4.286600e-02  8.083309e-02  1.786673e+03  3.046336e+02  6.961391e+04  2.555012e+54  4.498272e+54  5.635872e-06  3.614371e+105  1.000000e+00  1.000000e+00  0.000000e+00
8.531680e+01  1.131115e+02  1.024339e+03  1.284600e+00  8.531680e+01  4.195960e-01  2.370000e-03  4.172260e-01  4.978333e+00  2.726769e+00  4.978333e+00  9.943510e-01  1.244885e-01  1.539138e-01  4.509329e-02  8.084292e-02  1.802622e+03  3.573512e+02  6.933919e+04  2.986038e+54  4.477580e+54  5.645250e-06  3.644762e+105  1.000000e+00  1.000000e+00  0.000000e+00
8.531680e+01  1.191072e+02  1.024339e+03  1.456000e+00  8.531680e+01  4.182150e-01  2.774000e-03  4.154410e-01  4.971487e+00  2.792289e+00  4.971487e+00  9.933660e-01  1.242496e-01  1.535470e-01  4.749889e-02  8.085689e-02  1.820327e+03  4.189207e+02  6.903328e+04  3.485704e+54  4.454704e+54  5.657158e-06  4.070262e+105  1.000000e+00  1.000000e+00  0.000000e+00
8.531680e+01  1.250167e+02  1.024339e+03  1.650300e+00  8.531680e+01  4.166950e-01  3.245000e-03  4.134490e-01  4.963810e+00  2.860759e+00  4.963810e+00  9.922120e-01  1.239893e-01  1.531476e-01  5.009566e-02  8.086113e-02  1.839617e+03  4.908428e+02  6.869283e+04  4.065949e+54  4.429449e+54  5.666803e-06  4.475873e+105  1.000000e+00  1.000000e+00  0.000000e+00
8.531680e+01  1.316026e+02  1.024339e+03  1.870400e+00  8.531680e+01  4.150230e-01  3.794000e-03  4.112290e-01  4.955200e+00  2.932310e+00  4.955200e+00  9.908590e-01  1.237065e-01  1.527142e-01  5.290134e-02  8.075703e-02  1.858339e+03  5.748955e+02  6.831403e+04  4.740654e+54  4.401592e+54  5.676998e-06  5.042228e+105  1.000000e+00  1.000000e+00  0.000000e+00
8.531680e+01  1.379494e+02  1.024339e+03  2.120000e+00  8.531680e+01  4.131930e-01  4.434000e-03  4.087590e-01  4.945564e+00  3.007023e+00  4.945564e+00  9.892700e-01  1.234009e-01  1.522464e-01  5.593365e-02  8.088280e-02  1.884400e+03  6.731632e+02  6.789371e+04  5.525978e+54  4.370965e+54  5.685077e-06  4.620170e+105  1.000000e+00  1.000000e+00  0.000000e+00
8.531680e+01  1.527256e+02  1.024339e+03  2.402800e+00  8.531680e+01  4.111710e-01  5.145000e-03  4.060260e-01  4.934857e+00  3.080951e+00  4.934857e+00  9.874870e-01  1.230636e-01  1.517308e-01  5.904046e-02  8.090328e-02  1.910849e+03  7.827462e+02  6.742867e+04  6.398119e+54  4.337096e+54  5.694347e-06  7.555722e+105  1.000000e+00  1.000000e+00  0.000000e+00
8.531680e+01  1.576382e+02  1.024339e+03  2.723400e+00  8.531680e+01  4.089680e-01  5.982000e-03  4.029860e-01  4.922855e+00  3.158254e+00  4.922855e+00  9.853730e-01  1.227027e-01  1.511798e-01  6.240918e-02  8.092144e-02  1.939556e+03  9.120341e+02  6.691306e+04  7.423208e+54  4.299988e+54  5.711400e-06  9.819153e+105  1.000000e+00  1.000000e+00  0.000000e+00
8.531680e+01  1.627167e+02  1.024339e+03  3.086700e+00  8.531680e+01  4.065920e-01  6.976000e-03  3.996160e-01  4.909430e+00  3.240656e+00  4.909430e+00  9.828440e-01  1.223234e-01  1.506015e-01  6.613311e-02  8.094757e-02  1.970454e+03  1.066063e+03  6.634369e+04  8.640425e+54  4.259618e+54  5.732177e-06  1.119479e+106  1.000000e+00  1.000000e+00  0.000000e+00
8.531680e+01  1.679681e+02  1.024339e+03  3.498500e+00  8.531680e+01  4.040490e-01  8.151000e-03  3.958980e-01  4.894477e+00  3.328365e+00  4.894477e+00  9.798270e-01  1.219295e-01  1.500021e-01  7.024778e-02  8.098089e-02  2.003302e+03  1.248991e+03  6.571797e+04  1.008143e+55  4.215922e+54  5.754970e-06  1.271936e+106  1.000000e+00  1.000000e+00  0.000000e+00
8.531680e+01  1.734000e+02  1.024339e+03  3.965200e+00  8.531680e+01  4.013490e-01  9.538000e-03  3.918120e-01  4.877872e+00  3.421550e+00  4.877872e+00  9.762360e-01  1.215273e-01  1.493908e-01  7.479114e-02  8.102612e-02  2.037817e+03  1.465858e+03  6.503300e+04  1.178452e+55  4.168853e+54  5.779289e-06  1.441404e+106  1.000000e+00  1.000000e+00  0.000000e+00
8.531680e+01  1.790190e+02  1.024339e+03  4.494300e+00  8.531680e+01  3.985140e-01  1.117100e-02  3.873430e-01  4.859508e+00  3.520367e+00  4.859508e+00  9.719680e-01  1.211248e-01  1.487802e-01  7.980461e-02  8.110361e-02  2.073874e+03  1.722654e+03  6.428680e+04  1.379496e+55  4.118433e+54  5.807677e-06  1.629713e+106  1.000000e+00  1.000000e+00  0.000000e+00
8.531680e+01  1.848335e+02  1.024339e+03  5.093900e+00  8.531680e+01  3.955760e-01  1.309300e-02  3.824830e-01  4.839293e+00  3.625035e+00  4.839293e+00  9.669010e-01  1.207340e-01  1.481881e-01  8.533605e-02  8.122942e-02  2.110930e+03  2.026469e+03  6.347839e+04  1.616617e+55  4.064774e+54  5.840827e-06  1.838554e+106  1.000000e+00  1.000000e+00  0.000000e+00
8.531680e+01  1.908524e+02  1.024339e+03  5.773400e+00  8.531680e+01  3.925800e-01  1.535100e-02  3.772290e-01  4.817157e+00  3.735731e+00  4.817157e+00  9.608970e-01  1.203704e-01  1.476381e-01  9.143552e-02  8.142979e-02  2.148296e+03  2.385650e+03  6.260792e+04  1.896046e+55  4.008067e+54  5.880123e-06  2.069393e+106  1.000000e+00  1.000000e+00  0.000000e+00
8.531680e+01  1.970844e+02  1.024339e+03  6.543700e+00  8.531680e+01  3.895920e-01  1.800100e-02  3.715910e-01  4.793061e+00  3.852633e+00  4.793061e+00  9.537960e-01  1.200545e-01  1.471610e-01  9.815618e-02  8.174127e-02  2.185028e+03  2.810085e+03  6.167706e+04  2.225157e+55  3.948604e+54  5.930272e-06  2.323357e+106  1.000000e+00  1.000000e+00  0.000000e+00
8.531680e+01  2.035396e+02  1.024339e+03  7.416700e+00  8.531680e+01  3.866980e-01  2.110600e-02  3.655920e-01  4.767039e+00  3.975879e+00  4.767039e+00  9.454190e-01  1.198132e-01  1.467969e-01  1.055508e-01  8.222177e-02  2.220094e+03  3.311307e+03  6.069011e+04  2.612460e+55  3.886821e+54  5.998754e-06  2.602524e+106  1.000000e+00  1.000000e+00  0.000000e+00
8.531680e+01  2.102287e+02  1.024339e+03  8.406200e+00  8.531680e+01  3.840120e-01  2.474200e-02  3.592700e-01  4.739180e+00  4.105724e+00  4.739180e+00  9.355700e-01  1.196805e-01  1.465968e-01  1.136752e-01  8.294867e-02  2.252169e+03  3.903032e+03  5.965344e+04  3.068042e+55  3.823250e+54  6.104927e-06  2.908589e+106  1.000000e+00  1.000000e+00  0.000000e+00
8.531680e+01  2.171631e+02  1.024339e+03  9.527700e+00  8.531680e+01  3.816810e-01  2.899300e-02  3.526880e-01  4.709690e+00  4.242296e+00  4.709690e+00  9.240390e-01  1.196989e-01  1.466245e-01  1.225671e-01  8.403153e-02  2.279818e+03  4.601384e+03  5.857690e+04  3.603698e+55  3.758561e+54  6.307646e-06  3.242144e+106  1.000000e+00  1.000000e+00  0.000000e+00
8.531680e+01  2.243537e+02  1.024339e+03  1.079880e+01  8.531680e+01  3.798880e-01  3.395800e-02  3.459310e-01  4.678891e+00  4.382052e+00  4.678891e+00  9.106110e-01  1.199209e-01  1.469593e-01  1.320343e-01  8.562309e-02  2.301578e+03  5.425141e+03  5.747364e+04  4.232928e+55  3.693500e+54  6.989591e-06  3.605571e+106  1.000000e+00  1.000000e+00  0.000000e+00
8.531680e+01  2.318138e+02  1.024339e+03  1.223950e+01  8.531680e+01  3.788590e-01  3.975000e-02  3.391090e-01  4.647269e+00  4.526955e+00  4.647269e+00  8.950800e-01  1.204097e-01  1.476975e-01  1.420348e-01  8.791257e-02  2.315540e+03  6.396788e+03  5.636061e+04  4.971980e+55  3.628850e+54  -3.560409e-06  3.999294e+106  -1.000000e+00  1.000000e+00  0.000000e+00
8.531680e+01  2.395612e+02  1.024339e+03  1.387240e+01  8.531680e+01  3.788640e-01  4.650100e-02  3.323630e-01  4.681623e+00  4.681623e+00  4.615494e+00  8.772630e-01  1.195277e-01  1.463665e-01  1.463691e-01  8.656381e-02  2.365261e+03  7.542804e+03  5.526237e+04  5.839635e+55  3.565369e+54  7.740374e-07  4.426521e+106  1.000000e+00  1.000000e+00  0.000000e+00
8.531680e+01  2.476067e+02  1.024339e+03  1.572320e+01  8.531680e+01  3.802230e-01  5.437200e-02  3.258510e-01  4.862732e+00  4.862732e+00  4.584419e+00  8.570000e-01  1.154888e-01  1.403298e-01  1.403323e-01  7.278393e-02  2.361872e+03  8.896255e+03  5.419370e+04  6.859481e+55  3.503303e+54  4.921591e-06  4.922770e+106  1.000000e+00  1.000000e+00  0.000000e+00
8.531680e+01  2.559695e+02  1.024339e+03  1.782080e+01  8.531680e+01  3.833230e-01  6.367500e-02  3.196480e-01  5.079833e+00  5.079833e+00  4.554564e+00  8.338870e-01  1.114544e-01  1.343943e-01  1.343964e-01  6.127063e-02  2.375058e+03  1.051417e+04  5.316830e+04  8.074055e+55  3.442334e+54  5.298156e-06  5.596808e+106  1.000000e+00  1.000000e+00  0.000000e+00
8.531680e+01  2.646662e+02  1.024339e+03  2.019840e+01  8.531680e+01  3.887020e-01  7.506400e-02  3.136380e-01  5.339230e+00  5.339230e+00  4.525416e+00  8.068840e-01  1.075276e-01  1.287050e-01  1.287070e-01  5.224807e-02  2.423139e+03  1.250924e+04  5.216770e+04  9.571866e+55  3.381423e+54  5.447921e-06  6.552153e+106  1.000000e+00  1.000000e+00  0.000000e+00
8.531680e+01  2.737197e+02  1.024339e+03  2.289310e+01  8.531680e+01  3.971610e-01  8.946700e-02  3.076950e-01  5.647717e+00  5.647717e+00  4.496357e+00  7.747340e-01  1.038666e-01  1.234772e-01  1.234789e-01  4.508795e-02  2.486512e+03  1.504043e+04  5.117225e+04  1.147241e+56  3.319625e+54  5.534111e-06  7.860471e+106  1.000000e+00  1.000000e+00  0.000000e+00
8.531680e+01  2.831505e+02  1.024339e+03  2.594730e+01  8.531680e+01  4.098670e-01  1.081860e-01  3.016810e-01  6.011599e+00  6.011599e+00  4.466661e+00  7.360460e-01  1.007011e-01  1.190151e-01  1.190169e-01  4.101804e-02  2.640654e+03  1.833196e+04  5.016074e+04  1.394337e+56  3.256053e+54  5.590257e-06  9.606293e+106  1.000000e+00  1.000000e+00  0.000000e+00
8.531680e+01  2.929826e+02  1.024339e+03  2.940900e+01  8.531680e+01  4.284680e-01  1.329600e-01  2.955080e-01  6.435311e+00  6.435311e+00  4.435812e+00  6.896850e-01  9.834003e-02  1.157213e-01  1.157228e-01  3.951469e-02  2.864292e+03  2.268514e+04  4.911964e+04  1.721044e+56  3.190225e+54  5.624903e-06  1.187207e+107  1.000000e+00  1.000000e+00  0.000000e+00
8.531680e+01  3.032418e+02  1.024339e+03  3.333260e+01  8.531680e+01  4.551440e-01  1.660040e-01  2.891390e-01  6.918706e+00  6.918706e+00  4.403566e+00  6.352700e-01  9.716400e-02  1.140915e-01  1.140929e-01  4.081425e-02  3.141905e+03  2.849370e+04  4.804304e+04  2.156661e+56  3.121836e+54  5.637642e-06  1.470768e+107  1.000000e+00  1.000000e+00  0.000000e+00
8.531680e+01  3.139580e+02  1.024339e+03  3.777960e+01  8.531680e+01  4.925370e-01  2.099920e-01  2.825450e-01  7.454178e+00  7.454178e+00  4.369703e+00  5.736520e-01  9.759354e-02  1.146860e-01  1.146872e-01  4.461382e-02  3.359601e+03  3.624303e+04  4.692617e+04  2.736842e+56  3.050628e+54  5.629110e-06  1.807467e+107  1.000000e+00  1.000000e+00  0.000000e+00
8.531680e+01  3.251628e+02  1.024339e+03  4.281980e+01  8.531680e+01  5.434650e-01  2.677640e-01  2.757010e-01  8.025648e+00  8.025648e+00  4.334018e+00  5.073020e-01  1.000168e-01  1.180574e-01  1.180585e-01  5.053417e-02  3.366119e+03  4.647072e+04  4.576508e+04  3.500103e+56  2.976378e+54  5.596807e-06  2.179709e+107  1.000000e+00  1.000000e+00  0.000000e+00
8.531680e+01  3.368911e+02  1.024339e+03  4.853260e+01  8.531680e+01  6.103690e-01  3.417840e-01  2.685850e-01  8.610564e+00  8.610564e+00  4.296309e+00  4.400370e-01  1.046989e-01  1.246594e-01  1.246605e-01  5.786318e-02  3.066185e+03  5.969067e+04  4.455652e+04  4.481644e+56  2.898900e+54  5.537215e-06  2.553835e+107  1.000000e+00  1.000000e+00  0.000000e+00
8.531680e+01  3.491847e+02  1.024339e+03  5.500740e+01  8.531680e+01  6.946800e-01  4.334990e-01  2.611820e-01  9.185330e+00  9.185330e+00  4.256381e+00  3.759740e-01  1.117048e-01  1.347599e-01  1.347609e-01  6.552126e-02  2.511495e+03  7.629189e+04  4.329789e+04  5.705315e+56  2.818043e+54  5.448703e-06  2.888161e+107  1.000000e+00  1.000000e+00  0.000000e+00
8.531680e+01  3.620840e+02  1.024339e+03  6.234610e+01  8.531680e+01  7.963730e-01  5.428960e-01  2.534780e-01  9.730448e+00  9.730448e+00  4.214040e+00  3.182900e-01  1.208831e-01  1.484138e-01  1.484147e-01  7.228406e-02  1.866910e+03  9.646432e+04  4.198732e+04  7.178009e+56  2.733697e+54  5.331903e-06  3.143280e+107  1.000000e+00  1.000000e+00  0.000000e+00
8.531680e+01  3.756397e+02  1.024339e+03  7.066390e+01  8.531680e+01  9.139260e-01  6.684610e-01  2.454650e-01  1.023248e+01  1.023248e+01  4.169095e+00  2.685830e-01  1.319204e-01  1.655049e-01  1.655058e-01  7.724382e-02  1.288882e+03  1.201706e+05  4.062370e+04  8.887902e+56  2.645801e+54  5.189799e-06  3.293913e+107  1.000000e+00  1.000000e+00  0.000000e+00
8.531680e+01  3.899028e+02  1.024339e+03  8.009140e+01  8.531680e+01  1.044645e+00  8.075060e-01  2.371390e-01  1.068423e+01  1.068423e+01  4.121363e+00  2.270050e-01  1.444134e-01  1.858023e-01  1.858031e-01  7.978102e-02  8.467870e+02  1.471794e+05  3.920680e+04  1.080792e+57  2.554347e+54  5.024942e-06  3.332540e+107  1.000000e+00  1.000000e+00  0.000000e+00
8.531680e+01  4.049358e+02  1.024339e+03  9.077660e+01  8.531680e+01  1.185145e+00  9.566420e-01  2.285030e-01  1.108310e+01  1.108310e+01  4.070666e+00  1.928060e-01  1.579398e-01  2.090208e-01  2.090216e-01  7.980012e-02  5.413192e+02  1.771323e+05  3.773736e+04  1.290060e+57  2.459386e+54  4.840428e-06  3.266152e+107  1.000000e+00  1.000000e+00  0.000000e+00
8.531680e+01  4.208056e+02  1.024339e+03  1.028874e+02  8.531680e+01  1.331796e+00  1.112232e+00  2.195640e-01  1.142943e+01  1.142943e+01  4.016838e+00  1.648630e-01  1.721054e-01  2.348605e-01  2.348613e-01  7.761646e-02  3.426812e+02  2.095899e+05  3.621718e+04  1.512322e+57  2.361041e+54  4.640053e-06  3.111574e+107  1.000000e+00  1.000000e+00  0.000000e+00
8.531680e+01  4.375827e+02  1.024339e+03  1.166139e+02  8.531680e+01  1.481062e+00  1.270726e+00  2.103360e-01  1.172524e+01  1.172524e+01  3.959729e+00  1.420170e-01  1.865662e-01  2.630255e-01  2.630263e-01  7.373004e-02  2.174642e+02  2.440836e+05  3.464925e+04  1.743086e+57  2.259508e+54  4.548117e-06  2.870011e+107  1.000000e+00  1.000000e+00  0.000000e+00
8.531680e+01  1.053723e+03  1.024339e+03  1.321717e+02  8.531680e+01  1.582122e+00  1.395242e+00  1.868800e-01  1.196172e+01  1.196172e+01  3.812822e+00  1.181200e-01  1.953565e-01  2.811178e-01  2.811186e-01  7.256025e-02  1.700086e+02  2.702726e+05  3.063226e+04  1.919279e+57  1.954107e+54  4.485955e-06  4.769890e+106  1.000000e+00  1.000000e+00  1.000000e+00
8.531680e+01  1.071356e+03  1.024339e+03  1.498051e+02  8.531680e+01  1.657801e+00  1.496082e+00  1.617190e-01  1.212331e+01  1.212331e+01  3.636574e+00  9.755000e-02  2.019728e-01  2.952602e-01  2.952610e-01  7.134091e-02  1.415088e+02  2.915191e+05  2.646726e+04  2.059422e+57  1.669412e+54  4.289263e-06  3.681284e+106  1.000000e+00  1.000000e+00  1.000000e+00
8.531680e+01  1.091342e+03  1.024339e+03  1.697911e+02  8.531680e+01  1.719861e+00  1.578817e+00  1.410440e-01  1.221762e+01  1.221762e+01  3.473593e+00  8.200900e-02  2.079162e-01  3.083720e-01  3.083727e-01  6.920987e-02  1.187505e+02  3.097594e+05  2.312318e+04  2.174868e+57  1.465276e+54  3.997572e-06  2.853878e+106  1.000000e+00  1.000000e+00  1.000000e+00
8.531680e+01  1.113993e+03  1.024339e+03  1.924434e+02  8.531680e+01  1.766553e+00  1.640900e+00  1.256530e-01  1.224876e+01  1.224876e+01  3.338911e+00  7.112900e-02  2.130179e-01  3.199504e-01  3.199511e-01  6.647628e-02  1.010393e+02  3.243161e+05  2.066078e+04  2.261285e+57  1.328212e+54  3.583498e-06  1.897570e+106  1.000000e+00  1.000000e+00  1.000000e+00
8.531680e+01  1.139669e+03  1.024339e+03  2.181178e+02  8.531680e+01  1.798272e+00  1.682902e+00  1.153700e-01  1.222374e+01  1.222374e+01  3.241640e+00  6.415600e-02  2.172866e-01  3.298779e-01  3.298784e-01  6.337058e-02  8.722295e+01  3.353948e+05  1.900071e+04  2.320467e+57  1.238357e+54  2.954952e-06  9.941855e+105  1.000000e+00  1.000000e+00  1.000000e+00
8.531680e+01  1.168770e+03  1.024339e+03  2.472176e+02  8.531680e+01  1.817240e+00  1.708431e+00  1.088090e-01  1.215117e+01  1.215117e+01  3.178250e+00  5.987600e-02  2.208899e-01  3.384349e-01  3.384354e-01  6.002329e-02  7.609364e+01  3.436849e+05  1.789500e+04  2.357005e+57  1.169302e+54  2.092396e-06  1.616999e+105  1.000000e+00  1.000000e+00  1.000000e+00
8.531680e+01  1.201752e+03  1.024339e+03  2.801996e+02  8.531680e+01  1.825748e+00  1.723208e+00  1.025400e-01  1.203529e+01  1.203529e+01  3.116052e+00  5.616300e-02  2.240609e-01  3.461032e-01  3.461037e-01  5.645432e-02  6.664644e+01  3.497135e+05  1.683054e+04  2.374368e+57  1.099875e+54  8.684977e-07  -3.546568e+105  1.000000e+00  -1.000000e+00  1.000000e+00
8.531680e+01  1.239133e+03  1.024339e+03  3.175819e+02  8.531680e+01  1.826403e+00  1.730271e+00  9.613100e-02  1.187894e+01  1.187894e+01  3.049780e+00  5.263400e-02  2.270914e-01  3.535565e-01  3.535570e-01  5.262752e-02  5.809239e+01  3.549774e+05  1.574610e+04  2.381251e+57  1.029129e+54  -4.863650e-07  -5.251581e+105  -1.000000e+00  -1.000000e+00  1.000000e+00
8.531680e+01  1.281502e+03  1.024339e+03  3.599514e+02  8.531680e+01  1.822547e+00  1.732910e+00  8.963700e-02  1.168896e+01  1.168896e+01  2.979542e+00  4.918200e-02  2.302950e-01  3.615715e-01  3.615720e-01  4.857334e-02  4.999016e+01  3.597412e+05  1.465113e+04  2.379792e+57  9.576823e+53  -1.082306e-06  -4.885150e+105  -1.000000e+00  -1.000000e+00  1.000000e+00
8.531680e+01  1.329526e+03  1.024339e+03  4.079736e+02  8.531680e+01  1.817275e+00  1.734159e+00  8.311600e-02  1.147462e+01  1.147462e+01  2.905509e+00  4.573700e-02  2.339181e-01  3.708103e-01  3.708108e-01  4.439808e-02  4.226232e+01  3.655331e+05  1.355573e+04  2.379434e+57  8.861913e+53  -1.042479e-06  -3.955224e+105  -1.000000e+00  -1.000000e+00  1.000000e+00
8.531680e+01  1.383956e+03  1.024339e+03  4.624025e+02  8.531680e+01  1.812828e+00  1.736198e+00  7.663000e-02  1.124565e+01  1.124565e+01  2.827915e+00  4.227100e-02  2.380969e-01  3.817028e-01  3.817032e-01  4.023629e-02  3.505554e+01  3.712325e+05  1.247024e+04  2.374532e+57  8.153316e+53  -7.203323e-07  -3.015090e+105  -1.000000e+00  -1.000000e+00  1.000000e+00
8.531680e+01  1.445646e+03  1.024339e+03  5.240930e+02  8.531680e+01  1.810391e+00  1.740151e+00  7.023900e-02  1.101075e+01  1.101075e+01  2.747060e+00  3.879800e-02  2.428495e-01  3.944127e-01  3.944131e-01  3.622606e-02  2.859167e+01  3.785026e+05  1.140490e+04  2.375257e+57  7.457724e+53  -2.210166e-07  -1.702384e+105  -1.000000e+00  -1.000000e+00  1.000000e+00
8.531680e+01  1.515564e+03  1.024339e+03  5.940138e+02  8.531680e+01  1.810249e+00  1.746244e+00  6.400500e-02  1.077692e+01  1.077692e+01  2.663295e+00  3.535700e-02  2.480992e-01  4.088677e-01  4.088680e-01  3.247161e-02  2.302973e+01  3.868184e+05  1.036950e+04  2.379027e+57  6.781528e+53  8.801108e-08  -9.212772e+104  1.000000e+00  -1.000000e+00  1.000000e+00
8.531680e+01  1.594815e+03  1.024339e+03  6.732629e+02  8.531680e+01  1.811993e+00  1.754011e+00  5.798200e-02  1.054908e+01  1.054908e+01  2.577025e+00  3.199900e-02  2.537019e-01  4.248020e-01  4.248040e-01  2.904320e-02  1.842189e+01  3.961052e+05  9.372968e+03  2.385688e+57  6.130584e+53  2.600966e-07  -4.406848e+104  1.000000e+00  -1.000000e+00  1.000000e+00
8.531680e+01  1.684639e+03  1.024339e+03  7.630849e+02  8.531680e+01  1.814885e+00  1.762666e+00  5.221900e-02  1.033013e+01  1.033013e+01  2.488701e+00  2.877300e-02  2.594927e-01  4.418528e-01  4.418531e-01  2.596944e-02  1.471449e+01  4.062307e+05  8.423167e+03  2.394790e+57  5.510014e+53  3.165942e-07  -1.474011e+104  1.000000e+00  -1.000000e+00  1.000000e+00
8.531680e+01  1.786445e+03  1.024339e+03  8.648903e+02  8.531680e+01  1.818016e+00  1.771256e+00  4.676000e-02  1.012154e+01  1.012154e+01  2.398791e+00  2.572000e-02  2.652971e-01  4.595728e-01  4.595731e-01  2.325373e-02  1.179613e+01  4.169686e+05  7.526510e+03  2.405293e+57  4.924053e+53  2.960476e-07  -1.508959e+104  1.000000e+00  -1.000000e+00  1.000000e+00
8.531680e+01  1.901831e+03  1.024339e+03  9.802778e+02  8.531680e+01  1.820536e+00  1.778901e+00  4.163500e-02  9.923701e+00  9.923701e+00  2.307789e+00  2.287000e-02  2.709613e-01  4.775106e-01  4.775109e-01  2.087635e-02  9.528550e+00  4.269549e+05  6.687950e+03  2.409629e+57  4.375948e+53  2.008238e-07  -1.603746e+104  1.000000e+00  -1.000000e+00  1.000000e+00
8.531680e+01  2.032610e+03  1.024339e+03  1.111060e+03  8.531680e+01  1.821736e+00  1.784865e+00  3.687100e-02  9.736230e+00  9.736230e+00  2.216193e+00  2.023900e-02  2.763607e-01  4.952400e-01  4.952403e-01  1.884433e-02  7.793065e+00  4.379631e+05  5.910854e+03  2.418229e+57  3.867920e+53  1.480457e-08  -1.438112e+104  1.000000e+00  -1.000000e+00  1.000000e+00
8.531680e+01  2.180844e+03  1.024339e+03  1.259289e+03  8.531680e+01  1.821074e+00  1.788595e+00  3.247900e-02  9.558477e+00  9.558477e+00  2.124494e+00  1.783500e-02  2.813977e-01  5.123685e-01  5.123688e-01  1.708584e-02  6.455712e+00  4.475792e+05  5.197035e+03  2.417791e+57  3.401172e+53  -2.137468e-07  -2.823327e+104  -1.000000e+00  -1.000000e+00  1.000000e+00
8.531680e+01  2.348852e+03  1.024339e+03  1.427295e+03  8.531680e+01  1.818196e+00  1.789730e+00  2.846700e-02  9.389698e+00  9.389698e+00  2.033165e+00  1.565700e-02  2.860032e-01  5.285559e-01  5.285561e-01  1.556844e-02  5.423813e+00  4.565816e+05  4.546854e+03  2.412966e+57  2.975962e+53  -4.712669e-07  -2.500092e+104  -1.000000e+00  -1.000000e+00  1.000000e+00
8.531680e+01  2.539271e+03  1.024339e+03  1.617714e+03  8.531680e+01  1.812911e+00  1.788080e+00  2.483100e-02  9.229264e+00  9.229264e+00  1.942652e+00  1.369700e-02  2.901290e-01  5.435075e-01  5.435077e-01  1.426404e-02  4.625866e+00  4.659190e+05  3.959380e+03  2.409819e+57  2.591697e+53  -9.186269e-07  -2.427359e+104  -1.000000e+00  -1.000000e+00  1.000000e+00
8.531680e+01  2.755091e+03  1.024339e+03  1.833538e+03  8.531680e+01  1.805167e+00  1.783606e+00  2.156100e-02  9.076468e+00  9.076468e+00  1.853365e+00  1.194400e-02  2.937529e-01  5.570088e-01  5.570090e-01  1.314403e-02  4.006143e+00  4.731282e+05  3.432582e+03  2.394619e+57  2.247068e+53  -1.337724e-06  -2.586442e+104  -1.000000e+00  -1.000000e+00  1.000000e+00
8.531680e+01  2.999709e+03  1.024339e+03  2.078156e+03  8.531680e+01  1.795027e+00  1.776384e+00  1.864300e-02  8.930872e+00  8.930872e+00  1.765675e+00  1.038600e-02  2.968648e-01  5.688897e-01  5.688899e-01  1.218166e-02  3.522245e+00  4.802832e+05  2.963557e+03  2.379670e+57  1.940189e+53  -1.923217e-06  -2.090682e+104  -1.000000e+00  -1.000000e+00  1.000000e+00
8.531680e+01  3.276966e+03  1.024339e+03  2.355409e+03  8.531680e+01  1.782624e+00  1.766568e+00  1.605500e-02  8.792067e+00  8.792067e+00  1.679906e+00  9.007000e-03  2.994679e-01  5.790397e-01  5.790399e-01  1.136000e-02  3.144347e+00  4.861926e+05  2.548749e+03  2.358662e+57  1.668747e+53  -2.941178e-06  -2.022010e+104  -1.000000e+00  -1.000000e+00  1.000000e+00
8.531680e+01  3.591209e+03  1.024339e+03  2.669651e+03  8.531680e+01  1.768165e+00  1.754389e+00  1.377600e-02  8.659816e+00  8.659816e+00  1.596338e+00  7.791000e-03  3.015753e-01  5.874030e-01  5.874031e-01  1.065618e-02  2.847920e+00  4.907346e+05  2.184160e+03  2.331257e+57  1.430139e+53  -4.757600e-06  -1.858683e+104  -1.000000e+00  -1.000000e+00  1.000000e+00
8.531680e+01  3.947373e+03  1.024339e+03  3.025817e+03  8.531680e+01  1.751888e+00  1.740107e+00  1.178000e-02  8.533980e+00  8.533980e+00  1.515204e+00  6.724000e-03  3.032049e-01  5.939618e-01  5.939619e-01  1.005914e-02  2.616891e+00  4.939334e+05  1.865546e+03  2.298063e+57  1.221596e+53  -6.314908e-06  -1.500542e+104  -1.000000e+00  -1.000000e+00  1.000000e+00
8.531680e+01  4.351050e+03  1.024339e+03  3.429500e+03  8.531680e+01  1.734052e+00  1.724010e+00  1.004200e-02  8.414497e+00  8.414497e+00  1.436689e+00  5.791000e-03  3.043796e-01  5.987404e-01  5.987405e-01  9.552434e-03  2.437517e+00  4.967917e+05  1.588577e+03  2.264995e+57  1.040292e+53  -7.751886e-06  -1.116170e+104  -1.000000e+00  -1.000000e+00  1.000000e+00
8.531680e+01  4.808596e+03  1.024339e+03  3.887040e+03  8.531680e+01  1.714927e+00  1.706391e+00  8.536000e-03  8.301347e+00  8.301347e+00  1.360938e+00  4.977000e-03  3.051256e-01  6.017976e-01  6.017977e-01  9.125877e-03  2.300329e+00  4.992847e+05  1.348974e+03  2.232201e+57  8.834331e+52  -1.812650e-05  -8.591483e+103  -1.000000e+00  -1.000000e+00  1.000000e+00
8.531680e+01  5.327181e+03  1.024339e+03  4.405622e+03  8.531680e+01  1.694792e+00  1.687556e+00  7.236000e-03  8.194642e+00  8.194642e+00  1.288055e+00  4.270000e-03  3.054697e-01  6.032137e-01  6.032138e-01  8.768915e-03  2.197929e+00  5.004048e+05  1.142613e+03  2.194247e+57  7.483245e+52  1.099690e-04  -7.284634e+103  1.000000e+00  -1.000000e+00  1.000000e+00
8.531680e+01  5.914947e+03  1.024339e+03  4.993389e+03  8.531680e+01  1.673898e+00  1.667778e+00  6.120000e-03  8.094339e+00  8.094339e+00  1.218105e+00  3.656000e-03  3.054424e-01  6.031010e-01  6.031010e-01  8.473651e-03  2.124904e+00  5.002163e+05  9.655948e+02  2.151671e+57  6.324189e+52  -9.302654e-04  -5.428988e+103  -1.000000e+00  -1.000000e+00  1.000000e+00
8.531680e+01  6.581126e+03  1.024339e+03  5.659571e+03  8.531680e+01  1.652521e+00  1.647356e+00  5.165000e-03  8.000722e+00  8.000722e+00  1.151123e+00  3.126000e-03  3.050700e-01  6.015690e-01  6.015691e-01  8.231099e-03  2.076709e+00  5.006872e+05  8.143022e+02  2.115753e+57  5.333505e+52  -1.150231e-04  -3.810688e+103  -1.000000e+00  -1.000000e+00  1.000000e+00
8.531680e+01  7.336183e+03  1.024339e+03  6.414631e+03  8.531680e+01  1.630884e+00  1.626534e+00  4.350000e-03  7.913724e+00  7.913724e+00  1.087117e+00  2.667000e-03  3.043854e-01  5.987639e-01  5.987640e-01  8.040246e-03  2.051450e+00  4.998962e+05  6.854237e+02  2.075638e+57  4.489537e+52  1.950975e-05  -3.115619e+103  1.000000e+00  -1.000000e+00  1.000000e+00
8.531680e+01  8.191984e+03  1.024339e+03  7.270426e+03  8.531680e+01  1.609220e+00  1.605563e+00  3.658000e-03  7.833503e+00  7.833503e+00  1.026066e+00  2.273000e-03  3.034179e-01  5.948248e-01  5.948248e-01  7.888977e-03  2.045142e+00  4.979582e+05  5.759651e+02  2.032014e+57  3.772702e+52  1.016732e-05  -2.336419e+103  1.000000e+00  -1.000000e+00  1.000000e+00
8.531680e+01  9.161955e+03  1.024339e+03  8.240395e+03  8.531680e+01  1.587733e+00  1.584662e+00  3.071000e-03  7.760172e+00  7.760172e+00  9.679310e-01  1.934000e-03  3.021953e-01  5.898887e-01  5.898887e-01  7.778368e-03  2.057554e+00  4.958404e+05  4.832493e+02  1.990408e+57  3.165483e+52  9.370024e-06  -1.682822e+103  1.000000e+00  -1.000000e+00  1.000000e+00
8.531680e+01  1.026133e+04  1.024339e+03  9.339770e+03  8.531680e+01  1.566629e+00  1.564055e+00  2.574000e-03  7.693807e+00  7.693807e+00  9.126580e-01  1.643000e-03  3.007506e-01  5.841141e-01  5.841141e-01  7.700607e-03  2.086421e+00  4.935734e+05  4.049044e+02  1.950957e+57  2.652360e+52  8.681693e-06  -1.178879e+103  1.000000e+00  -1.000000e+00  1.000000e+00
8.531680e+01  1.150737e+04  1.024339e+03  1.058582e+04  8.531680e+01  1.546066e+00  1.543911e+00  2.155000e-03  7.634378e+00  7.634378e+00  8.601750e-01  1.394000e-03  2.991135e-01  5.776461e-01  5.776461e-01  7.650558e-03  2.130176e+00  4.911767e+05  3.388461e+02  1.913697e+57  2.219689e+52  8.074568e-06  -8.017465e+102  1.000000e+00  -1.000000e+00  1.000000e+00
8.531680e+01  1.291966e+04  1.024339e+03  1.199810e+04  8.531680e+01  1.526207e+00  1.524405e+00  1.802000e-03  7.581912e+00  7.581912e+00  8.104020e-01  1.181000e-03  2.973146e-01  5.706297e-01  5.706297e-01  7.627446e-03  2.188807e+00  4.886830e+05  2.832547e+02  1.878722e+57  1.855563e+52  6.870592e-06  -5.846082e+102  1.000000e+00  -1.000000e+00  1.000000e+00
8.531680e+01  1.452036e+04  1.024339e+03  1.359880e+04  8.531680e+01  1.507193e+00  1.505688e+00  1.505000e-03  7.536415e+00  7.536415e+00  7.632510e-01  9.990000e-04  2.953832e-01  5.631991e-01  5.631992e-01  7.623776e-03  2.260187e+00  4.853696e+05  2.365527e+02  1.841812e+57  1.549653e+52  6.369927e-06  -4.081311e+102  1.000000e+00  -1.000000e+00  1.000000e+00
8.531680e+01  1.633462e+04  1.024339e+03  1.541306e+04  8.531680e+01  1.489145e+00  1.487888e+00  1.257000e-03  7.497726e+00  7.497726e+00  7.186250e-01  8.440000e-04  2.933520e-01  5.554978e-01  5.554978e-01  7.638395e-03  2.344079e+00  4.828013e+05  1.973787e+02  1.811721e+57  1.293046e+52  6.126595e-06  -2.730697e+102  1.000000e+00  -1.000000e+00  1.000000e+00
8.531680e+01  1.839092e+04  1.024339e+03  1.746936e+04  8.531680e+01  1.472174e+00  1.471126e+00  1.048000e-03  7.465785e+00  7.465785e+00  6.764260e-01  7.120000e-04  2.912496e-01  5.476451e-01  5.476451e-01  7.665433e-03  2.438475e+00  4.795161e+05  1.645646e+02  1.779978e+57  1.078093e+52  4.987501e-06  -1.994865e+102  1.000000e+00  -1.000000e+00  1.000000e+00
8.531680e+01  2.071233e+04  1.024339e+03  1.979078e+04  8.531680e+01  1.456417e+00  1.455543e+00  8.740000e-04  7.440412e+00  7.440412e+00  6.366960e-01  6.000000e-04  2.891149e-01  5.397920e-01  5.397920e-01  7.702340e-03  2.541975e+00  4.763035e+05  1.372044e+02  1.750997e+57  8.988625e+51  4.863391e-06  -1.478630e+102  1.000000e+00  -1.000000e+00  1.000000e+00
1.172102e+02  1.030404e+02  1.074476e+03  1.000000e+00  1.172102e+02  5.617360e-01  1.481000e-03  5.602540e-01  5.441027e+00  2.473243e+00  5.441027e+00  9.973630e-01  1.524870e-01  1.994978e-01  3.851302e-02  7.098217e-02  5.739785e+02  2.225808e+02  9.614601e+04  1.871512e+54  6.998222e+54  5.320926e-06  3.558087e+105  1.000000e+00  1.000000e+00  0.000000e+00
1.172102e+02  1.076573e+02  1.074476e+03  1.133400e+00  1.172102e+02  5.606650e-01  1.739000e-03  5.589260e-01  5.436959e+00  2.530567e+00  5.436959e+00  9.968990e-01  1.523103e-01  1.991930e-01  4.047434e-02  7.099986e-02  5.774573e+02  2.615987e+02  9.590583e+04  2.194097e+54  6.977299e+54  5.327320e-06  3.510011e+105  1.000000e+00  1.000000e+00  0.000000e+00
1.172102e+02  1.131115e+02  1.074476e+03  1.284600e+00  1.172102e+02  5.594740e-01  2.038000e-03  5.574360e-01  5.432381e+00  2.590454e+00  5.432381e+00  9.963570e-01  1.521147e-01  1.988558e-01  4.258644e-02  7.102314e-02  5.813701e+02  3.070016e+02  9.563706e+04  2.565316e+54  6.953999e+54  5.337846e-06  3.545041e+105  1.000000e+00  1.000000e+00  0.000000e+00
1.172102e+02  1.191072e+02  1.074476e+03  1.456000e+00  1.172102e+02  5.581470e-01  2.387000e-03  5.557600e-01  5.427211e+00  2.653118e+00  5.427211e+00  9.957240e-01  1.518985e-01  1.984834e-01  4.486717e-02  7.104474e-02  5.856966e+02  3.600614e+02  9.533559e+04  2.995917e+54  6.928035e+54  5.346058e-06  3.965531e+105  1.000000e+00  1.000000e+00  0.000000e+00
1.172102e+02  1.250167e+02  1.074476e+03  1.650300e+00  1.172102e+02  5.566710e-01  2.793000e-03  5.538780e-01  5.421378e+00  2.718662e+00  5.421378e+00  9.949830e-01  1.516599e-01  1.980730e-01  4.733146e-02  7.106707e-02  5.905045e+02  4.220819e+02  9.499780e+04  3.496278e+54  6.899136e+54  5.358025e-06  4.368361e+105  1.000000e+00  1.000000e+00  0.000000e+00
1.172102e+02  1.316026e+02  1.074476e+03  1.870400e+00  1.172102e+02  5.550350e-01  3.267000e-03  5.517670e-01  5.414810e+00  2.787179e+00  5.414810e+00  9.941130e-01  1.513975e-01  1.976219e-01  4.999527e-02  7.109225e-02  5.958520e+02  4.946092e+02  9.462028e+04  4.078455e+54  6.867057e+54  5.369545e-06  4.930917e+105  1.000000e+00  1.000000e+00  0.000000e+00
1.172102e+02  1.379494e+02  1.074476e+03  2.120000e+00  1.172102e+02  5.532200e-01  3.820000e-03  5.493990e-01  5.407397e+00  2.858740e+00  5.407397e+00  9.930940e-01  1.511093e-01  1.971272e-01  5.287537e-02  7.111696e-02  6.017634e+02  5.794611e+02  9.419770e+04  4.756550e+54  6.831431e+54  5.375807e-06  4.527737e+105  1.000000e+00  1.000000e+00  0.000000e+00
1.172102e+02  1.527256e+02  1.074476e+03  2.402800e+00  1.172102e+02  5.512080e-01  4.437000e-03  5.467710e-01  5.399146e+00  2.929590e+00  5.399146e+00  9.919510e-01  1.507899e-01  1.965796e-01  5.582919e-02  7.114631e-02  6.084158e+02  6.742397e+02  9.372885e+04  5.510861e+54  6.791932e+54  5.385959e-06  7.430911e+105  1.000000e+00  1.000000e+00  0.000000e+00
1.172102e+02  1.576382e+02  1.074476e+03  2.723400e+00  1.172102e+02  5.489820e-01  5.162000e-03  5.438200e-01  5.389821e+00  3.003779e+00  5.389821e+00  9.905960e-01  1.504407e-01  1.959819e-01  5.903682e-02  7.117835e-02  6.157854e+02  7.861328e+02  9.320432e+04  6.398037e+54  6.748161e+54  5.402953e-06  9.676610e+105  1.000000e+00  1.000000e+00  0.000000e+00
1.172102e+02  1.627167e+02  1.074476e+03  3.086700e+00  1.172102e+02  5.465340e-01  6.024000e-03  5.405100e-01  5.379283e+00  3.082823e+00  5.379283e+00  9.889770e-01  1.500634e-01  1.953368e-01  6.258231e-02  7.120491e-02  6.238004e+02  9.194792e+02  9.261873e+04  7.451776e+54  6.699885e+54  5.421784e-06  1.105783e+106  1.000000e+00  1.000000e+00  0.000000e+00
1.172102e+02  1.679681e+02  1.074476e+03  3.498500e+00  1.172102e+02  5.438550e-01  7.044000e-03  5.368110e-01  5.367410e+00  3.166942e+00  5.367410e+00  9.870480e-01  1.496582e-01  1.946454e-01  6.650115e-02  7.123259e-02  6.325364e+02  1.077905e+03  9.196715e+04  8.699759e+54  6.646829e+54  5.443138e-06  1.259631e+106  1.000000e+00  1.000000e+00  0.000000e+00
1.172102e+02  1.734000e+02  1.074476e+03  3.965200e+00  1.172102e+02  5.409390e-01  8.248000e-03  5.326910e-01  5.354068e+00  3.256295e+00  5.354068e+00  9.847520e-01  1.492265e-01  1.939101e-01  7.083063e-02  7.125752e-02  6.419629e+02  1.265797e+03  9.124458e+04  1.017525e+55  6.588746e+54  5.465751e-06  1.431518e+106  1.000000e+00  1.000000e+00  0.000000e+00
1.172102e+02  1.790190e+02  1.074476e+03  4.494300e+00  1.172102e+02  5.377800e-01  9.668000e-03  5.281120e-01  5.339102e+00  3.351081e+00  5.339102e+00  9.820230e-01  1.487710e-01  1.931356e-01  7.561393e-02  7.128741e-02  6.521253e+02  1.488372e+03  9.044532e+04  1.191775e+55  6.525370e+54  5.489309e-06  1.623508e+106  1.000000e+00  1.000000e+00  0.000000e+00
1.172102e+02  1.848335e+02  1.074476e+03  5.093900e+00  1.172102e+02  5.343850e-01  1.133900e-02  5.230460e-01  5.322367e+00  3.451446e+00  5.322367e+00  9.787820e-01  1.482964e-01  1.923304e-01  8.089697e-02  7.131709e-02  6.629021e+02  1.751798e+03  8.956474e+04  1.397354e+55  6.456551e+54  5.516793e-06  1.837892e+106  1.000000e+00  1.000000e+00  0.000000e+00
1.172102e+02  1.908524e+02  1.074476e+03  5.773400e+00  1.172102e+02  5.307640e-01  1.330300e-02  5.174610e-01  5.303720e+00  3.557561e+00  5.303720e+00  9.749360e-01  1.478096e-01  1.915061e-01  8.673160e-02  7.136195e-02  6.743128e+02  2.063408e+03  8.859875e+04  1.639763e+55  6.382194e+54  5.547574e-06  2.076205e+106  1.000000e+00  1.000000e+00  0.000000e+00
1.172102e+02  1.970844e+02  1.074476e+03  6.543700e+00  1.172102e+02  5.269430e-01  1.560900e-02  5.113330e-01  5.283009e+00  3.669587e+00  5.283009e+00  9.703770e-01  1.473207e-01  1.906798e-01  9.317502e-02  7.142635e-02  6.861971e+02  2.431712e+03  8.754355e+04  1.925325e+55  6.302277e+54  5.582137e-06  2.340116e+106  1.000000e+00  1.000000e+00  0.000000e+00
1.172102e+02  2.035396e+02  1.074476e+03  7.416700e+00  1.172102e+02  5.229590e-01  1.831500e-02  5.046440e-01  5.260109e+00  3.787674e+00  5.260109e+00  9.649790e-01  1.468434e-01  1.898749e-01  1.002897e-01  7.152106e-02  6.983469e+02  2.866895e+03  8.639713e+04  2.261576e+55  6.216916e+54  5.622724e-06  2.632066e+106  1.000000e+00  1.000000e+00  0.000000e+00
1.172102e+02  2.102287e+02  1.074476e+03  8.406200e+00  1.172102e+02  5.188710e-01  2.148300e-02  4.973870e-01  5.234916e+00  3.911965e+00  5.234916e+00  9.585960e-01  1.463966e-01  1.891230e-01  1.081438e-01  7.047750e-02  6.986384e+02  3.380772e+03  8.515898e+04  2.657187e+55  6.126367e+54  5.670541e-06  2.953437e+106  1.000000e+00  1.000000e+00  0.000000e+00
1.172102e+02  2.171631e+02  1.074476e+03  9.527700e+00  1.172102e+02  5.147600e-01  2.519000e-02  4.895700e-01  5.207364e+00  4.042591e+00  5.207364e+00  9.510640e-01  1.460054e-01  1.884658e-01  1.168108e-01  7.191031e-02  7.225293e+02  3.987395e+03  8.383084e+04  3.122377e+55  6.031046e+54  5.730366e-06  3.305547e+106  1.000000e+00  1.000000e+00  0.000000e+00
1.172102e+02  2.243537e+02  1.074476e+03  1.079880e+01  1.172102e+02  5.107410e-01  2.952200e-02  4.812200e-01  5.177455e+00  4.176040e+00  5.177455e+00  9.421980e-01  1.457023e-01  1.879573e-01  1.261666e-01  7.227873e-02  7.338160e+02  4.703068e+03  8.241780e+04  3.668982e+55  5.931580e+54  5.811748e-06  3.689987e+106  1.000000e+00  1.000000e+00  0.000000e+00
1.172102e+02  2.318138e+02  1.074476e+03  1.223950e+01  1.172102e+02  5.069630e-01  3.457600e-02  4.723870e-01  5.145282e+00  4.314010e+00  5.145282e+00  9.317980e-01  1.455289e-01  1.876666e-01  1.363591e-01  7.284412e-02  7.439741e+02  5.547136e+03  8.092866e+04  4.310822e+55  5.828796e+54  5.934851e-06  4.106457e+106  1.000000e+00  1.000000e+00  0.000000e+00
1.172102e+02  2.395612e+02  1.074476e+03  1.387240e+01  1.172102e+02  5.036190e-01  4.046500e-02  4.631540e-01  5.111047e+00  4.458903e+00  5.111047e+00  9.196520e-01  1.455372e-01  1.876806e-01  1.475859e-01  7.369794e-02  7.524773e+02  6.542128e+03  7.937651e+04  5.063865e+55  5.723703e+54  6.159018e-06  4.556761e+106  1.000000e+00  1.000000e+00  0.000000e+00
1.172102e+02  2.476067e+02  1.074476e+03  1.572320e+01  1.172102e+02  5.009510e-01  4.731600e-02  4.536350e-01  5.075098e+00  4.610947e+00  5.075098e+00  9.055480e-01  1.457916e-01  1.881070e-01  1.599085e-01  7.497058e-02  7.588175e+02  7.714633e+03  7.777903e+04  5.946834e+55  5.617448e+54  6.800918e-06  5.042358e+106  1.000000e+00  1.000000e+00  0.000000e+00
1.172102e+02  2.559695e+02  1.074476e+03  1.782080e+01  1.172102e+02  4.992570e-01  5.527500e-02  4.439820e-01  5.037975e+00  4.770350e+00  5.037975e+00  8.892850e-01  1.463693e-01  1.890771e-01  1.733146e-01  7.683128e-02  7.624251e+02  9.095388e+03  7.615951e+04  6.981094e+55  5.511251e+54  -2.913701e-05  5.563909e+106  -1.000000e+00  1.000000e+00  0.000000e+00
1.172102e+02  2.646662e+02  1.074476e+03  2.019840e+01  1.172102e+02  4.988950e-01  6.450800e-02  4.343870e-01  5.000433e+00  4.937398e+00  5.000433e+00  8.706970e-01  1.473613e-01  1.907484e-01  1.874570e-01  7.950281e-02  7.627369e+02  1.072206e+04  7.454618e+04  8.192569e+55  5.406222e+54  -2.595227e-05  6.118146e+106  -1.000000e+00  1.000000e+00  0.000000e+00
1.172102e+02  2.737197e+02  1.074476e+03  2.289310e+01  1.172102e+02  5.002840e-01  7.521000e-02  4.250740e-01  5.119330e+00  5.119330e+00  4.963472e+00  8.496660e-01  1.443395e-01  1.856791e-01  1.856825e-01  7.310787e-02  7.779412e+02  1.263757e+04  7.297602e+04  9.610571e+55  5.303088e+54  4.264628e-06  6.733371e+106  1.000000e+00  1.000000e+00  0.000000e+00
1.172102e+02  2.831505e+02  1.074476e+03  2.594730e+01  1.172102e+02  5.039150e-01  8.771800e-02  4.161970e-01  5.336243e+00  5.336243e+00  4.927931e+00  8.259270e-01  1.394772e-01  1.776566e-01  1.776599e-01  6.158106e-02  7.777552e+02  1.491185e+04  7.145870e+04  1.128496e+56  5.201121e+54  4.890101e-06  7.549360e+106  1.000000e+00  1.000000e+00  0.000000e+00
1.172102e+02  2.929826e+02  1.074476e+03  2.940900e+01  1.172102e+02  5.104510e-01  1.028750e-01  4.075760e-01  5.595122e+00  5.595122e+00  4.893161e+00  7.984630e-01  1.347491e-01  1.700093e-01  1.700122e-01  5.223565e-02  7.838954e+02  1.769425e+04  6.997054e+04  1.333042e+56  5.098526e+54  5.103277e-06  8.715622e+106  1.000000e+00  1.000000e+00  0.000000e+00
1.172102e+02  3.032418e+02  1.074476e+03  3.333260e+01  1.172102e+02  5.208850e-01  1.219030e-01  3.989810e-01  5.902549e+00  5.902549e+00  4.858186e+00  7.659690e-01  1.303418e-01  1.630137e-01  1.630163e-01  4.538216e-02  8.042205e+02  2.120076e+04  6.847582e+04  1.590588e+56  4.993582e+54  5.221266e-06  1.031029e+107  1.000000e+00  1.000000e+00  0.000000e+00
1.172102e+02  3.139580e+02  1.074476e+03  3.777960e+01  1.172102e+02  5.366650e-01  1.464530e-01  3.902110e-01  6.264671e+00  6.264671e+00  4.822065e+00  7.271050e-01  1.265279e-01  1.570601e-01  1.570625e-01  4.135961e-02  8.502630e+02  2.572562e+04  6.694362e+04  1.922748e+56  4.885052e+54  5.294959e-06  1.239768e+107  1.000000e+00  1.000000e+00  0.000000e+00
1.172102e+02  3.251628e+02  1.074476e+03  4.281980e+01  1.172102e+02  5.597790e-01  1.785950e-01  3.811840e-01  6.685589e+00  6.685589e+00  4.784373e+00  6.809540e-01  1.236684e-01  1.526558e-01  1.526579e-01  3.946537e-02  9.095571e+02  3.164715e+04  6.536116e+04  2.357226e+56  4.772323e+54  5.339143e-06  1.502828e+107  1.000000e+00  1.000000e+00  0.000000e+00
1.172102e+02  3.368911e+02  1.074476e+03  4.853260e+01  1.172102e+02  5.927670e-01  2.209180e-01  3.718490e-01  7.164649e+00  7.164649e+00  4.744816e+00  6.273110e-01  1.221999e-01  1.504135e-01  1.504153e-01  4.022964e-02  9.842388e+02  3.944660e+04  6.372047e+04  2.928949e+56  4.654940e+54  5.357859e-06  1.820247e+107  1.000000e+00  1.000000e+00  0.000000e+00
1.172102e+02  3.491847e+02  1.074476e+03  5.500740e+01  1.172102e+02  6.385570e-01  2.763870e-01  3.621700e-01  7.693983e+00  7.693983e+00  4.703127e+00  5.671690e-01  1.225829e-01  1.509971e-01  1.510039e-01  4.332291e-02  1.043479e+03  4.969445e+04  6.201542e+04  3.678446e+56  4.532536e+54  5.349229e-06  2.183150e+107  1.000000e+00  1.000000e+00  0.000000e+00
1.172102e+02  3.620840e+02  1.074476e+03  6.234610e+01  1.172102e+02  7.001020e-01  3.479870e-01  3.521150e-01  8.258278e+00  8.258278e+00  4.659067e+00  5.029480e-01  1.252142e-01  1.550304e-01  1.550321e-01  4.813595e-02  1.042584e+03  6.300517e+04  6.024153e+04  4.648168e+56  4.404825e+54  5.310622e-06  2.564080e+107  1.000000e+00  1.000000e+00  0.000000e+00
1.172102e+02  3.756397e+02  1.074476e+03  7.066390e+01  1.172102e+02  7.795750e-01  4.379130e-01  3.416620e-01  8.834640e+00  8.834640e+00  4.612393e+00  4.382670e-01  1.303319e-01  1.629981e-01  1.629996e-01  5.375722e-02  9.529907e+02  7.990521e+04  5.839532e+04  5.871735e+56  4.271603e+54  5.240383e-06  2.920010e+107  1.000000e+00  1.000000e+00  0.000000e+00
1.172102e+02  3.899028e+02  1.074476e+03  8.009140e+01  1.172102e+02  8.777710e-01  5.469740e-01  3.307970e-01  9.399071e+00  9.399071e+00  4.562882e+00  3.768600e-01  1.379361e-01  1.751476e-01  1.751489e-01  5.921553e-02  7.905947e+02  1.007403e+05  5.647488e+04  7.366775e+56  4.132751e+54  5.137592e-06  3.204171e+107  1.000000e+00  1.000000e+00  0.000000e+00
1.172102e+02  4.049358e+02  1.074476e+03  9.077660e+01  1.172102e+02  9.936640e-01  6.741530e-01  3.195120e-01  9.930879e+00  9.930879e+00  4.510317e+00  3.215490e-01  1.477861e-01  1.914664e-01  1.914676e-01  6.349792e-02  6.004816e+02  1.255833e+05  5.447961e+04  9.128414e+56  3.988245e+54  5.004097e-06  3.377442e+107  1.000000e+00  1.000000e+00  0.000000e+00
1.172102e+02  4.208056e+02  1.074476e+03  1.028874e+02  1.172102e+02  1.124551e+00  8.167450e-01  3.078070e-01  1.041566e+01  1.041566e+01  4.454492e+00  2.737150e-01  1.594682e-01  2.117308e-01  2.117320e-01  6.592446e-02  4.261733e+02  1.542305e+05  5.241043e+04  1.112913e+57  3.838166e+54  4.842566e-06  3.423335e+107  1.000000e+00  1.000000e+00  0.000000e+00
1.172102e+02  4.375827e+02  1.074476e+03  1.166139e+02  1.172102e+02  1.266578e+00  9.708870e-01  2.956910e-01  1.084552e+01  1.084552e+01  4.395218e+00  2.334570e-01  1.724896e-01  2.355846e-01  2.355858e-01  6.624548e-02  2.892342e+02  1.862698e+05  5.026992e+04  1.332599e+57  3.682711e+54  4.787047e-06  3.239228e+107  1.000000e+00  1.000000e+00  0.000000e+00
1.172102e+02  1.053723e+03  1.074476e+03  1.321717e+02  1.172102e+02  1.361313e+00  1.090901e+00  2.704130e-01  1.116420e+01  1.116420e+01  4.272421e+00  1.986410e-01  1.800994e-01  2.501941e-01  2.501953e-01  6.767287e-02  2.381022e+02  2.104970e+05  4.573297e+04  1.499595e+57  3.294920e+54  4.766009e-06  6.411651e+106  1.000000e+00  1.000000e+00  1.000000e+00
1.172102e+02  1.071356e+03  1.074476e+03  1.498051e+02  1.172102e+02  1.438700e+00  1.197359e+00  2.413410e-01  1.140817e+01  1.140817e+01  4.117884e+00  1.677500e-01  1.862670e-01  2.624230e-01  2.624241e-01  6.855064e-02  2.038183e+02  2.318958e+05  4.070060e+04  1.645057e+57  2.896741e+54  4.634392e-06  5.136611e+106  1.000000e+00  1.000000e+00  1.000000e+00
1.172102e+02  1.091342e+03  1.074476e+03  1.697911e+02  1.172102e+02  1.511756e+00  1.297229e+00  2.145260e-01  1.159306e+01  1.159306e+01  3.960330e+00  1.419050e-01  1.926039e-01  2.753690e-01  2.753701e-01  6.809578e-02  1.712773e+02  2.525000e+05  3.618090e+04  1.781316e+57  2.569136e+54  4.410412e-06  4.470504e+106  1.000000e+00  1.000000e+00  1.000000e+00
1.172102e+02  1.113993e+03  1.074476e+03  1.924434e+02  1.172102e+02  1.576760e+00  1.385282e+00  1.914780e-01  1.171580e+01  1.171580e+01  3.811182e+00  1.214380e-01  1.987812e-01  2.883800e-01  2.883810e-01  6.650171e-02  1.428438e+02  2.714853e+05  3.236112e+04  1.902214e+57  2.312829e+54  4.111245e-06  3.660882e+106  1.000000e+00  1.000000e+00  1.000000e+00
1.172102e+02  1.139669e+03  1.074476e+03  2.181178e+02  1.172102e+02  1.630980e+00  1.457964e+00  1.730160e-01  1.177692e+01  1.177692e+01  3.680822e+00  1.060810e-01  2.045495e-01  3.008961e-01  3.008970e-01  6.403213e-02  1.192110e+02  2.882430e+05  2.931977e+04  2.003566e+57  2.120357e+54  3.801495e-06  2.657942e+106  1.000000e+00  1.000000e+00  1.000000e+00
1.172102e+02  1.168770e+03  1.074476e+03  2.472176e+02  1.172102e+02  1.673466e+00  1.514229e+00  1.592370e-01  1.178111e+01  1.178111e+01  3.576636e+00  9.515400e-02  2.098034e-01  3.126196e-01  3.126204e-01  6.095342e-02  9.996401e+01  3.021033e+05  2.702411e+04  2.081264e+57  1.976786e+54  3.364493e-06  1.691320e+106  1.000000e+00  1.000000e+00  1.000000e+00
1.172102e+02  1.201752e+03  1.074476e+03  2.801996e+02  1.172102e+02  1.704980e+00  1.555494e+00  1.494860e-01  1.173569e+01  1.173569e+01  3.500758e+00  8.767600e-02  2.145815e-01  3.235609e-01  3.235616e-01  5.749267e-02  8.424792e+01  3.139880e+05  2.533192e+04  2.140970e+57  1.860093e+54  2.840408e-06  8.828928e+105  1.000000e+00  1.000000e+00  1.000000e+00
1.172102e+02  1.239133e+03  1.074476e+03  3.175819e+02  1.172102e+02  1.726998e+00  1.586402e+00  1.405960e-01  1.164640e+01  1.164640e+01  3.430020e+00  8.141100e-02  2.190189e-01  3.339712e-01  3.339719e-01  5.377580e-02  7.113531e+01  3.239149e+05  2.376351e+04  2.183144e+57  1.745143e+54  2.284837e-06  2.269055e+105  1.000000e+00  1.000000e+00  1.000000e+00
1.172102e+02  1.281502e+03  1.074476e+03  3.599514e+02  1.172102e+02  1.741275e+00  1.609738e+00  1.315370e-01  1.151627e+01  1.151627e+01  3.354794e+00  7.554100e-02  2.233249e-01  3.443117e-01  3.443123e-01  4.982969e-02  5.980043e+01  3.327014e+05  2.217266e+04  2.212539e+57  1.628524e+54  1.606937e-06  -2.784803e+104  1.000000e+00  -1.000000e+00  1.000000e+00
1.172102e+02  1.329526e+03  1.074476e+03  4.079736e+02  1.172102e+02  1.750360e+00  1.627971e+00  1.223890e-01  1.135174e+01  1.135174e+01  3.275225e+00  6.992200e-02  2.277438e-01  3.551773e-01  3.551779e-01  4.573029e-02  4.975992e+01  3.417777e+05  2.057370e+04  2.237772e+57  1.511282e+54  1.062493e-06  -1.208853e+105  1.000000e+00  -1.000000e+00  1.000000e+00
1.172102e+02  1.383956e+03  1.074476e+03  4.624025e+02  1.172102e+02  1.756780e+00  1.643545e+00  1.132350e-01  1.116164e+01  1.116164e+01  3.191531e+00  6.445600e-02  2.324722e-01  3.671007e-01  3.671014e-01  4.158721e-02  4.083337e+01  3.503464e+05  1.898157e+04  2.254841e+57  1.394514e+54  8.359475e-07  -1.556503e+105  1.000000e+00  -1.000000e+00  1.000000e+00
1.172102e+02  1.445646e+03  1.074476e+03  5.240930e+02  1.172102e+02  1.762504e+00  1.658341e+00  1.041630e-01  1.095554e+01  1.095554e+01  3.103999e+00  5.910000e-02  2.376173e-01  3.804397e-01  3.804402e-01  3.753375e-02  3.303253e+01  3.596221e+05  1.741136e+04  2.271423e+57  1.279327e+54  7.451612e-07  -1.078718e+105  1.000000e+00  -1.000000e+00  1.000000e+00
1.172102e+02  1.515564e+03  1.074476e+03  5.940138e+02  1.172102e+02  1.768635e+00  1.673376e+00  9.525900e-02  1.074217e+01  1.074217e+01  3.012984e+00  5.386000e-02  2.431800e-01  3.953096e-01  3.953102e-01  3.368830e-02  2.640849e+01  3.693568e+05  1.587773e+04  2.286769e+57  1.166797e+54  7.292525e-07  -4.611658e+104  1.000000e+00  -1.000000e+00  1.000000e+00
1.172102e+02  1.594815e+03  1.074476e+03  6.732629e+02  1.172102e+02  1.775458e+00  1.688854e+00  8.660500e-02  1.052824e+01  1.052824e+01  2.918904e+00  4.877900e-02  2.490785e-01  4.116143e-01  4.116149e-01  3.013531e-02  2.095544e+01  3.804811e+05  1.439441e+04  2.306528e+57  1.057932e+54  7.351167e-07  -9.147730e+103  1.000000e+00  -1.000000e+00  1.000000e+00
1.172102e+02  1.684639e+03  1.074476e+03  7.630849e+02  1.172102e+02  1.782692e+00  1.704417e+00  7.827500e-02  1.031870e+01  1.031870e+01  2.822225e+00  4.390800e-02  2.551720e-01  4.290733e-01  4.290738e-01  2.692678e-02  1.659322e+01  3.913947e+05  1.297366e+04  2.322137e+57  9.536370e+53  7.054342e-07  4.081360e+103  1.000000e+00  1.000000e+00  1.000000e+00
1.172102e+02  1.786445e+03  1.074476e+03  8.648903e+02  1.172102e+02  1.789706e+00  1.719370e+00  7.033600e-02  1.011637e+01  1.011637e+01  2.723458e+00  3.930000e-02  2.612996e-01  4.472996e-01  4.473001e-01  2.407533e-02  1.317608e+01  4.037010e+05  1.162594e+04  2.342995e+57  8.546804e+53  6.140262e-07  1.456946e+104  1.000000e+00  1.000000e+00  1.000000e+00
1.172102e+02  1.901831e+03  1.074476e+03  9.802778e+02  1.172102e+02  1.795792e+00  1.732950e+00  6.284200e-02  9.922738e+00  9.922738e+00  2.623139e+00  3.499400e-02  2.673044e-01  4.658547e-01  4.658552e-01  2.157232e-02  1.053835e+01  4.152903e+05  1.035959e+04  2.357452e+57  7.616781e+53  5.117213e-07  -4.762911e+103  1.000000e+00  -1.000000e+00  1.000000e+00
1.172102e+02  2.032610e+03  1.074476e+03  1.111060e+03  1.172102e+02  1.800290e+00  1.744456e+00  5.583400e-02  9.738126e+00  9.738126e+00  2.521819e+00  3.101400e-02  2.730541e-01  4.843073e-01  4.843078e-01  1.943023e-02  8.533927e+00  4.268443e+05  9.180677e+03  2.369779e+57  6.750791e+53  3.322077e-07  -1.378078e+104  1.000000e+00  -1.000000e+00  1.000000e+00
1.172102e+02  2.180844e+03  1.074476e+03  1.259289e+03  1.172102e+02  1.802656e+00  1.753316e+00  4.934000e-02  9.562327e+00  9.562327e+00  2.420050e+00  2.737100e-02  2.784396e-01  5.022386e-01  5.022390e-01  1.757555e-02  7.001033e+00  4.380860e+05  8.092970e+03  2.378728e+57  5.951641e+53  1.004461e-07  -2.745167e+104  1.000000e+00  -1.000000e+00  1.000000e+00
1.172102e+02  2.348852e+03  1.074476e+03  1.427295e+03  1.172102e+02  1.802554e+00  1.759179e+00  4.337600e-02  9.395017e+00  9.395017e+00  2.318372e+00  2.406300e-02  2.833821e-01  5.192801e-01  5.192806e-01  1.597928e-02  5.829151e+00  4.476792e+05  7.098043e+03  2.377251e+57  5.220520e+53  -1.583538e-07  -3.349002e+104  -1.000000e+00  -1.000000e+00  1.000000e+00
1.172102e+02  2.539271e+03  1.074476e+03  1.617714e+03  1.172102e+02  1.799763e+00  1.761819e+00  3.794400e-02  9.235570e+00  9.235570e+00  2.217298e+00  2.108300e-02  2.878282e-01  5.351158e-01  5.351161e-01  1.460654e-02  4.929329e+00  4.575510e+05  6.195455e+03  2.376817e+57  4.557136e+53  -5.099684e-07  -2.930140e+104  -1.000000e+00  -1.000000e+00  1.000000e+00
1.172102e+02  2.755091e+03  1.074476e+03  1.833538e+03  1.172102e+02  1.794237e+00  1.761200e+00  3.303700e-02  9.083472e+00  9.083472e+00  2.117311e+00  1.841300e-02  2.917491e-01  5.495000e-01  5.495004e-01  1.342781e-02  4.235095e+00  4.663959e+05  5.383018e+03  2.370361e+57  3.959912e+53  -9.511489e-07  -2.925950e+104  -1.000000e+00  -1.000000e+00  1.000000e+00
1.172102e+02  2.999709e+03  1.074476e+03  2.078156e+03  1.172102e+02  1.786035e+00  1.757398e+00  2.863800e-02  8.938287e+00  8.938287e+00  2.018850e+00  1.603400e-02  2.951327e-01  5.622434e-01  5.622437e-01  1.241897e-02  3.697484e+00  4.740781e+05  4.657100e+03  2.357751e+57  3.426205e+53  -1.549627e-06  -2.988335e+104  -1.000000e+00  -1.000000e+00  1.000000e+00
1.172102e+02  3.276966e+03  1.074476e+03  2.355409e+03  1.172102e+02  1.775326e+00  1.750604e+00  2.472100e-02  8.799775e+00  8.799775e+00  1.922307e+00  1.392500e-02  2.979807e-01  5.732168e-01  5.732170e-01  1.155721e-02  3.279626e+00  4.804897e+05  4.012959e+03  2.338815e+57  2.952554e+53  -2.459121e-06  -2.816333e+104  -1.000000e+00  -1.000000e+00  1.000000e+00
1.172102e+02  3.591209e+03  1.074476e+03  2.669651e+03  1.172102e+02  1.762313e+00  1.741054e+00  2.125800e-02  8.667641e+00  8.667641e+00  1.828024e+00  1.206300e-02  3.003058e-01  5.823491e-01  5.823493e-01  1.082103e-02  2.953650e+00  4.855082e+05  3.445051e+03  2.313221e+57  2.534904e+53  -3.264985e-06  -2.390021e+104  -1.000000e+00  -1.000000e+00  1.000000e+00
1.172102e+02  3.947373e+03  1.074476e+03  3.025817e+03  1.172102e+02  1.747257e+00  1.729041e+00  1.821500e-02  8.541750e+00  8.541750e+00  1.736291e+00  1.042500e-02  3.021283e-01  5.896195e-01  5.896197e-01  1.019511e-02  2.699880e+00  4.902037e+05  2.947340e+03  2.287576e+57  2.168832e+53  -4.999013e-06  -1.879714e+104  -1.000000e+00  -1.000000e+00  1.000000e+00
1.172102e+02  4.351050e+03  1.074476e+03  3.429500e+03  1.172102e+02  1.730441e+00  1.714885e+00  1.555600e-02  8.422088e+00  8.422088e+00  1.647347e+00  8.990000e-03  3.034721e-01  5.950447e-01  5.950449e-01  9.665325e-03  2.503423e+00  4.934637e+05  2.513547e+03  2.255877e+57  1.849737e+53  -6.719207e-06  -1.520873e+104  -1.000000e+00  -1.000000e+00  1.000000e+00
1.172102e+02  4.808596e+03  1.074476e+03  3.887040e+03  1.172102e+02  1.712169e+00  1.698923e+00  1.324500e-02  8.308720e+00  8.308720e+00  1.561378e+00  7.736000e-03  3.043645e-01  5.986788e-01  5.986789e-01  9.219624e-03  2.353163e+00  4.963117e+05  2.137375e+03  2.224165e+57  1.573000e+53  -1.442665e-05  -1.211040e+104  -1.000000e+00  -1.000000e+00  1.000000e+00
1.172102e+02  5.327181e+03  1.074476e+03  4.405622e+03  1.172102e+02  1.692721e+00  1.681474e+00  1.124600e-02  8.201620e+00  8.201620e+00  1.478528e+00  6.644000e-03  3.048367e-01  6.006115e-01  6.006116e-01  8.847978e-03  2.240874e+00  4.977430e+05  1.812679e+03  2.187062e+57  1.334110e+53  -2.227405e-05  -9.676259e+103  -1.000000e+00  -1.000000e+00  1.000000e+00
1.172102e+02  5.914947e+03  1.074476e+03  4.993389e+03  1.172102e+02  1.672400e+00  1.662875e+00  9.525000e-03  8.101009e+00  8.101009e+00  1.398894e+00  5.695000e-03  3.049177e-01  6.009438e-01  6.009439e-01  8.539455e-03  2.159847e+00  4.988146e+05  1.533598e+03  2.150777e+57  1.128763e+53  1.517831e-04  -7.286188e+103  1.000000e+00  -1.000000e+00  1.000000e+00
1.172102e+02  6.581126e+03  1.074476e+03  5.659571e+03  1.172102e+02  1.651466e+00  1.643417e+00  8.049000e-03  8.006895e+00  8.006895e+00  1.322536e+00  4.874000e-03  3.046401e-01  5.998059e-01  5.998060e-01  8.288891e-03  2.106110e+00  4.985682e+05  1.294643e+03  2.109971e+57  9.529272e+52  3.715512e-05  -5.742333e+103  1.000000e+00  -1.000000e+00  1.000000e+00
1.172102e+02  7.336183e+03  1.074476e+03  6.414631e+03  1.172102e+02  1.630186e+00  1.623399e+00  6.787000e-03  7.919462e+00  7.919462e+00  1.249480e+00  4.163000e-03  3.040347e-01  5.973326e-01  5.973327e-01  8.086112e-03  2.075047e+00  4.980037e+05  1.090756e+03  2.070389e+57  8.028861e+52  2.469494e-05  -4.126536e+103  1.000000e+00  -1.000000e+00  1.000000e+00
1.172102e+02  8.191984e+03  1.074476e+03  7.270426e+03  1.172102e+02  1.608793e+00  1.603080e+00  5.712000e-03  7.838702e+00  7.838702e+00  1.179720e+00  3.551000e-03  3.031361e-01  5.936829e-01  5.936830e-01  7.928501e-03  2.065014e+00  4.971412e+05  9.173359e+02  2.032187e+57  6.752581e+52  1.716711e-05  -3.076805e+103  1.000000e+00  -1.000000e+00  1.000000e+00
1.172102e+02  9.161955e+03  1.074476e+03  8.240395e+03  1.172102e+02  1.587528e+00  1.582729e+00  4.800000e-03  7.764967e+00  7.764967e+00  1.113228e+00  3.023000e-03  3.019698e-01  5.889832e-01  5.889833e-01  7.810326e-03  2.073756e+00  4.951736e+05  7.702476e+02  1.990801e+57  5.670028e+52  9.645546e-06  -2.296095e+103  1.000000e+00  -1.000000e+00  1.000000e+00
1.172102e+02  1.026133e+04  1.074476e+03  9.339770e+03  1.172102e+02  1.566573e+00  1.562546e+00  4.027000e-03  7.698070e+00  7.698070e+00  1.049952e+00  2.571000e-03  3.005733e-01  5.834099e-01  5.834099e-01  7.725022e-03  2.099212e+00  4.930212e+05  6.458103e+02  1.951431e+57  4.754139e+52  8.873424e-06  -1.610953e+103  1.000000e+00  -1.000000e+00  1.000000e+00
1.172102e+02  1.150737e+04  1.074476e+03  1.058582e+04  1.172102e+02  1.546127e+00  1.542754e+00  3.374000e-03  7.638204e+00  7.638204e+00  9.898220e-01  2.182000e-03  2.989755e-01  5.771048e-01  5.771048e-01  7.671577e-03  2.141010e+00  4.907281e+05  5.407758e+02  1.914255e+57  3.981025e+52  8.227780e-06  -1.121706e+103  1.000000e+00  -1.000000e+00  1.000000e+00
1.172102e+02  1.291966e+04  1.074476e+03  1.199810e+04  1.172102e+02  1.526348e+00  1.523524e+00  2.823000e-03  7.585286e+00  7.585286e+00  9.327560e-01  1.850000e-03  2.972098e-01  5.702237e-01  5.702238e-01  7.643035e-03  2.197154e+00  4.883184e+05  4.522997e+02  1.879308e+57  3.329765e+52  6.972628e-06  -8.189999e+102  1.000000e+00  -1.000000e+00  1.000000e+00
1.172102e+02  1.452036e+04  1.074476e+03  1.359880e+04  1.172102e+02  1.507391e+00  1.505031e+00  2.360000e-03  7.539408e+00  7.539408e+00  8.786610e-01  1.566000e-03  2.953047e-01  5.628997e-01  5.628997e-01  7.638156e-03  2.267480e+00  4.850780e+05  3.779081e+02  1.842419e+57  2.782159e+52  6.443720e-06  -5.722910e+102  1.000000e+00  -1.000000e+00  1.000000e+00
1.172102e+02  1.633462e+04  1.074476e+03  1.541306e+04  1.172102e+02  1.489376e+00  1.487405e+00  1.971000e-03  7.500350e+00  7.500350e+00  8.274350e-01  1.323000e-03  2.932949e-01  5.552830e-01  5.552830e-01  7.648412e-03  2.349368e+00  4.825691e+05  3.154605e+02  1.812322e+57  2.322461e+52  6.192899e-06  -3.897829e+102  1.000000e+00  -1.000000e+00  1.000000e+00
1.172102e+02  1.839092e+04  1.074476e+03  1.746936e+04  1.172102e+02  1.472420e+00  1.470776e+00  1.644000e-03  7.468040e+00  7.468040e+00  7.789700e-01  1.117000e-03  2.912103e-01  5.474994e-01  5.474994e-01  7.674253e-03  2.442896e+00  4.793303e+05  2.631158e+02  1.780542e+57  1.937123e+52  5.021101e-06  -2.804216e+102  1.000000e+00  -1.000000e+00  1.000000e+00
1.172102e+02  2.071233e+04  1.074476e+03  1.979078e+04  1.172102e+02  1.456664e+00  1.455292e+00  1.372000e-03  7.442318e+00  7.442318e+00  7.333200e-01  9.420000e-04  2.890899e-01  5.397007e-01  5.397007e-01  7.709398e-03  2.545451e+00  4.761539e+05  2.194449e+02  1.751508e+57  1.615629e+52  4.893044e-06  -2.079783e+102  1.000000e+00  -1.000000e+00  1.000000e+00
1.610262e+02  1.030404e+02  1.138030e+03  1.000000e+00  1.610262e+02  7.205970e-01  1.236000e-03  7.193620e-01  5.852553e+00  2.326047e+00  5.852553e+00  9.982850e-01  1.818565e-01  2.536418e-01  3.594845e-02  6.039229e-02  2.024171e+02  1.854920e+02  1.281570e+05  1.559693e+54  1.040272e+55  4.966211e-06  3.105117e+105  1.000000e+00  1.000000e+00  0.000000e+00
1.610262e+02  1.076573e+02  1.138030e+03  1.133400e+00  1.610262e+02  7.196660e-01  1.451000e-03  7.182150e-01  5.849671e+00  2.380367e+00  5.849671e+00  9.979840e-01  1.817110e-01  2.533553e-01  3.778393e-02  6.041387e-02  2.033010e+02  2.181066e+02  1.279369e+05  1.829338e+54  1.038101e+55  4.973329e-06  3.066145e+105  1.000000e+00  1.000000e+00  0.000000e+00
1.610262e+02  1.131115e+02  1.138030e+03  1.284600e+00  1.610262e+02  7.186250e-01  1.701000e-03  7.169230e-01  5.846418e+00  2.437175e+00  5.846418e+00  9.976320e-01  1.815490e-01  2.530364e-01  3.976217e-02  6.044031e-02  2.042990e+02  2.560868e+02  1.276898e+05  2.139872e+54  1.035673e+55  4.984982e-06  3.101111e+105  1.000000e+00  1.000000e+00  0.000000e+00
1.610262e+02  1.191072e+02  1.138030e+03  1.456000e+00  1.610262e+02  7.174550e-01  1.994000e-03  7.154610e-01  5.842721e+00  2.496639e+00  5.842721e+00  9.972210e-01  1.813682e-01  2.526808e-01  4.189869e-02  6.046615e-02  2.054062e+02  3.005030e+02  1.274110e+05  2.500329e+54  1.032948e+55  4.994453e-06  3.474187e+105  1.000000e+00  1.000000e+00  0.000000e+00
1.610262e+02  1.250167e+02  1.138030e+03  1.650300e+00  1.610262e+02  7.161470e-01  2.335000e-03  7.138120e-01  5.838535e+00  2.558837e+00  5.838535e+00  9.967400e-01  1.811673e-01  2.522862e-01  4.420683e-02  6.049681e-02  2.066528e+02  3.524596e+02  1.270975e+05  2.919503e+54  1.029902e+55  5.004822e-06  3.832985e+105  1.000000e+00  1.000000e+00  0.000000e+00
1.610262e+02  1.316026e+02  1.138030e+03  1.870400e+00  1.610262e+02  7.146830e-01  2.733000e-03  7.119500e-01  5.833785e+00  2.623880e+00  5.833785e+00  9.961760e-01  1.809442e-01  2.518481e-01  4.670225e-02  6.053005e-02  2.080447e+02  4.132608e+02  1.267444e+05  3.407557e+54  1.026492e+55  5.018584e-06  4.334100e+105  1.000000e+00  1.000000e+00  0.000000e+00
1.610262e+02  1.379494e+02  1.138030e+03  2.120000e+00  1.610262e+02  7.130490e-01  3.198000e-03  7.098510e-01  5.828414e+00  2.691878e+00  5.828414e+00  9.955150e-01  1.806968e-01  2.513632e-01  4.940218e-02  6.056208e-02  2.095842e+02  4.844500e+02  1.263482e+05  3.976470e+54  1.022687e+55  5.027632e-06  3.987002e+105  1.000000e+00  1.000000e+00  0.000000e+00
1.610262e+02  1.527256e+02  1.138030e+03  2.402800e+00  1.610262e+02  7.112290e-01  3.717000e-03  7.075120e-01  5.822410e+00  2.759283e+00  5.822410e+00  9.947740e-01  1.804215e-01  2.508241e-01  5.217423e-02  6.060045e-02  2.113221e+02  5.641198e+02  1.259066e+05  4.610549e+54  1.018451e+55  5.034493e-06  6.565246e+105  1.000000e+00  1.000000e+00  0.000000e+00
1.610262e+02  1.576382e+02  1.138030e+03  2.723400e+00  1.610262e+02  7.091950e-01  4.329000e-03  7.048660e-01  5.815579e+00  2.829899e+00  5.815579e+00  9.938970e-01  1.801168e-01  2.502282e-01  5.518519e-02  6.063836e-02  2.132482e+02  6.582397e+02  1.254091e+05  5.356801e+54  1.013717e+55  5.052330e-06  8.563565e+105  1.000000e+00  1.000000e+00  0.000000e+00
1.610262e+02  1.627167e+02  1.138030e+03  3.086700e+00  1.610262e+02  7.069280e-01  5.055000e-03  7.018730e-01  5.807798e+00  2.905123e+00  5.807798e+00  9.928490e-01  1.797816e-01  2.495737e-01  5.851212e-02  6.068331e-02  2.154035e+02  7.704539e+02  1.248491e+05  6.243555e+54  1.008440e+55  5.071466e-06  9.804945e+105  1.000000e+00  1.000000e+00  0.000000e+00
1.610262e+02  1.679681e+02  1.138030e+03  3.498500e+00  1.610262e+02  7.044090e-01  5.916000e-03  6.984930e-01  5.798948e+00  2.985219e+00  5.798948e+00  9.916020e-01  1.794145e-01  2.488580e-01  6.219056e-02  6.071679e-02  2.177360e+02  9.038412e+02  1.242201e+05  7.294302e+54  1.002571e+55  5.090656e-06  1.119343e+106  1.000000e+00  1.000000e+00  0.000000e+00
1.610262e+02  1.734000e+02  1.138030e+03  3.965200e+00  1.610262e+02  7.016200e-01  6.933000e-03  6.946870e-01  5.788900e+00  3.070320e+00  5.788900e+00  9.901190e-01  1.790141e-01  2.480789e-01  6.625488e-02  6.075733e-02  2.203286e+02  1.062123e+03  1.235149e+05  8.537284e+54  9.960625e+54  5.111769e-06  1.275185e+106  1.000000e+00  1.000000e+00  0.000000e+00
1.610262e+02  1.790190e+02  1.138030e+03  4.494300e+00  1.610262e+02  6.985430e-01  8.133000e-03  6.904100e-01  5.777518e+00  3.160567e+00  5.777518e+00  9.883580e-01  1.785802e-01  2.472361e-01  7.074403e-02  6.079723e-02  2.231653e+02  1.249736e+03  1.227267e+05  1.000602e+55  9.888676e+54  5.136277e-06  1.450279e+106  1.000000e+00  1.000000e+00  0.000000e+00
1.610262e+02  1.848335e+02  1.138030e+03  5.093900e+00  1.610262e+02  6.951630e-01  9.546000e-03  6.856170e-01  5.764654e+00  3.256155e+00  5.764654e+00  9.862680e-01  1.781128e-01  2.463303e-01  7.570357e-02  6.083449e-02  2.262469e+02  1.471943e+03  1.218483e+05  1.174020e+55  9.809406e+54  5.161524e-06  1.646618e+106  1.000000e+00  1.000000e+00  0.000000e+00
1.610262e+02  1.908524e+02  1.138030e+03  5.773400e+00  1.610262e+02  6.914660e-01  1.120900e-02  6.802570e-01  5.750125e+00  3.357245e+00  5.750125e+00  9.837890e-01  1.776133e-01  2.453644e-01  8.118311e-02  6.087127e-02  2.295846e+02  1.734903e+03  1.208709e+05  1.378579e+55  9.722295e+54  5.187834e-06  1.866298e+106  1.000000e+00  1.000000e+00  0.000000e+00
1.610262e+02  1.970844e+02  1.138030e+03  6.543700e+00  1.610262e+02  6.874470e-01  1.316400e-02  6.742820e-01  5.733761e+00  3.463999e+00  5.733761e+00  9.808510e-01  1.770847e-01  2.443446e-01  8.723796e-02  6.090809e-02  2.331736e+02  2.046004e+03  1.197871e+05  1.619788e+55  9.626959e+54  5.218095e-06  2.111217e+106  1.000000e+00  1.000000e+00  0.000000e+00
1.610262e+02  2.035396e+02  1.138030e+03  7.416700e+00  1.610262e+02  6.831040e-01  1.545900e-02  6.676450e-01  5.715380e+00  3.576545e+00  5.715380e+00  9.773690e-01  1.765320e-01  2.432811e-01  9.392830e-02  6.094720e-02  2.369983e+02  2.413772e+03  1.185898e+05  1.903936e+55  9.523074e+54  5.251380e-06  2.383866e+106  1.000000e+00  1.000000e+00  0.000000e+00
1.610262e+02  2.102287e+02  1.138030e+03  8.406200e+00  1.610262e+02  6.784500e-01  1.815100e-02  6.603000e-01  5.694794e+00  3.695018e+00  5.694794e+00  9.732470e-01  1.759631e-01  2.421893e-01  1.013215e-01  6.099768e-02  2.410536e+02  2.848422e+03  1.172720e+05  2.238533e+55  9.410403e+54  5.288224e-06  2.686553e+106  1.000000e+00  1.000000e+00  0.000000e+00
1.610262e+02  2.171631e+02  1.138030e+03  9.527700e+00  1.610262e+02  6.735100e-01  2.130300e-02  6.522080e-01  5.671815e+00  3.819534e+00  5.671815e+00  9.683710e-01  1.753896e-01  2.410914e-01  1.094919e-01  6.104996e-02  2.452312e+02  3.361838e+03  1.158279e+05  2.632261e+55  9.288839e+54  5.329995e-06  3.020451e+106  1.000000e+00  1.000000e+00  0.000000e+00
1.610262e+02  2.243537e+02  1.138030e+03  1.079880e+01  1.610262e+02  6.683290e-01  2.499000e-02  6.433390e-01  5.646277e+00  3.946859e+00  5.646277e+00  9.626090e-01  1.748275e-01  2.400183e-01  1.183346e-01  6.112544e-02  2.495066e+02  3.968034e+03  1.142537e+05  3.095191e+55  9.158472e+54  5.378823e-06  3.387672e+106  1.000000e+00  1.000000e+00  0.000000e+00
1.610262e+02  2.318138e+02  1.138030e+03  1.223950e+01  1.610262e+02  6.629770e-01  2.929700e-02  6.336800e-01  5.618041e+00  4.078516e+00  5.618041e+00  9.558100e-01  1.742992e-01  2.390122e-01  1.279999e-01  6.124188e-02  2.537936e+02  4.683419e+03  1.125483e+05  3.639118e+55  9.019631e+54  5.436335e-06  3.788599e+106  1.000000e+00  1.000000e+00  0.000000e+00
1.610262e+02  2.395612e+02  1.138030e+03  1.387240e+01  1.610262e+02  6.575550e-01  3.432100e-02  6.232340e-01  5.587001e+00  4.216707e+00  5.587001e+00  9.478050e-01  1.738341e-01  2.381285e-01  1.386994e-01  6.141666e-02  2.579406e+02  5.527265e+03  1.107127e+05  4.277718e+55  8.872848e+54  5.507831e-06  4.224904e+106  1.000000e+00  1.000000e+00  0.000000e+00
1.610262e+02  2.476067e+02  1.138030e+03  1.572320e+01  1.610262e+02  6.522040e-01  4.017200e-02  6.120320e-01  5.553134e+00  4.361610e+00  5.553134e+00  9.384050e-01  1.734711e-01  2.374401e-01  1.505459e-01  6.169090e-02  2.618149e+02  6.522248e+03  1.087531e+05  5.026908e+55  8.719013e+54  5.603889e-06  4.697759e+106  1.000000e+00  1.000000e+00  0.000000e+00
1.610262e+02  2.559695e+02  1.138030e+03  1.782080e+01  1.610262e+02  6.471140e-01  4.697600e-02  6.001370e-01  5.516512e+00  4.513224e+00  5.516512e+00  9.274060e-01  1.732597e-01  2.370397e-01  1.636482e-01  6.211329e-02  2.652198e+02  7.694894e+03  1.066805e+05  5.905078e+55  8.559285e+54  5.744009e-06  5.204810e+106  1.000000e+00  1.000000e+00  0.000000e+00
1.610262e+02  2.646662e+02  1.138030e+03  2.019840e+01  1.610262e+02  6.425280e-01  5.487400e-02  5.876550e-01  5.477341e+00  4.671605e+00  5.477341e+00  9.145980e-01  1.732623e-01  2.370446e-01  1.781193e-01  6.277145e-02  2.680100e+02  9.075628e+03  1.045120e+05  6.933074e+55  8.395147e+54  5.992978e-06  5.746378e+106  1.000000e+00  1.000000e+00  0.000000e+00
1.610262e+02  2.737197e+02  1.138030e+03  2.289310e+01  1.610262e+02  6.387580e-01  6.402300e-02  5.747350e-01  5.435999e+00  4.836699e+00  5.435999e+00  8.997700e-01  1.735556e-01  2.376002e-01  1.940503e-01  6.374597e-02  2.698786e+02  1.070129e+04  1.022710e+05  8.135969e+55  8.228298e+54  6.638855e-06  6.322452e+106  1.000000e+00  1.000000e+00  0.000000e+00
1.610262e+02  2.831505e+02  1.138030e+03  2.594730e+01  1.610262e+02  6.361840e-01  7.460200e-02  5.615810e-01  5.393078e+00  5.008456e+00  5.393078e+00  8.827340e-01  1.742318e-01  2.388840e-01  2.114748e-01  6.520437e-02  2.707377e+02  1.261345e+04  9.998830e+04  9.541268e+55  8.060530e+54  2.246320e-05  6.931472e+106  1.000000e+00  1.000000e+00  0.000000e+00
1.610262e+02  2.929826e+02  1.138030e+03  2.940900e+01  1.610262e+02  6.352610e-01  8.681300e-02  5.484480e-01  5.349434e+00  5.187057e+00  5.349434e+00  8.633430e-01  1.753986e-01  2.411086e-01  2.302207e-01  6.733860e-02  2.704226e+02  1.486222e+04  9.770119e+04  1.118228e+56  7.893487e+54  2.628075e-05  7.567865e+106  1.000000e+00  1.000000e+00  0.000000e+00
1.610262e+02  3.032418e+02  1.138030e+03  3.333260e+01  1.610262e+02  6.365210e-01  1.008820e-01  5.356380e-01  5.374446e+00  5.374446e+00  5.306208e+00  8.415100e-01  1.749285e-01  2.402109e-01  2.402162e-01  6.849653e-02  2.787870e+02  1.750562e+04  9.545861e+04  1.309627e+56  7.728317e+54  3.486309e-06  8.248671e+106  1.000000e+00  1.000000e+00  0.000000e+00
1.610262e+02  3.139580e+02  1.138030e+03  3.777960e+01  1.610262e+02  6.405720e-01  1.171790e-01  5.233930e-01  5.592062e+00  5.592062e+00  5.264519e+00  8.170710e-01  1.691910e-01  2.294089e-01  2.294141e-01  5.779725e-02  2.779258e+02  2.062929e+04  9.327826e+04  1.534186e+56  7.563921e+54  4.421335e-06  9.130485e+106  1.000000e+00  1.000000e+00  0.000000e+00
1.610262e+02  3.251628e+02  1.138030e+03  4.281980e+01  1.610262e+02  6.482140e-01  1.367580e-01  5.114550e-01  5.851852e+00  5.851852e+00  5.223587e+00  7.890230e-01  1.636087e-01  2.191654e-01  2.191697e-01  4.872576e-02  2.771008e+02  2.442829e+04  9.112515e+04  1.806443e+56  7.397332e+54  4.714458e-06  1.039961e+107  1.000000e+00  1.000000e+00  0.000000e+00
1.610262e+02  3.368911e+02  1.138030e+03  4.853260e+01  1.610262e+02  6.606550e-01  1.612050e-01  4.994500e-01  6.160010e+00  6.160010e+00  5.181990e+00  7.559920e-01  1.584072e-01  2.098476e-01  2.098513e-01  4.232300e-02  2.828849e+02  2.918991e+04  8.894137e+04  2.147093e+56  7.225784e+54  4.871309e-06  1.211886e+107  1.000000e+00  1.000000e+00  0.000000e+00
1.610262e+02  3.491847e+02  1.138030e+03  5.500740e+01  1.610262e+02  6.796350e-01  1.924900e-01  4.871450e-01  6.522252e+00  6.522252e+00  5.138760e+00  7.167740e-01  1.539074e-01  2.019568e-01  2.019605e-01  3.830635e-02  2.957208e+02  3.528307e+04  8.669144e+04  2.582605e+56  7.047748e+54  4.967180e-06  1.431277e+107  1.000000e+00  1.000000e+00  0.000000e+00
1.610262e+02  3.620840e+02  1.138030e+03  6.234610e+01  1.610262e+02  7.074630e-01  2.330130e-01  4.744500e-01  6.941993e+00  6.941993e+00  5.093470e+00  6.706360e-01  1.505223e-01  1.961215e-01  1.961246e-01  3.653450e-02  3.152156e+02  4.316909e+04  8.436130e+04  3.145853e+56  6.862405e+54  5.023884e-06  1.698534e+107  1.000000e+00  1.000000e+00  0.000000e+00
1.610262e+02  3.756397e+02  1.138030e+03  7.066390e+01  1.610262e+02  7.469690e-01  2.856640e-01  4.613040e-01  7.417663e+00  7.417663e+00  5.045779e+00  6.175690e-01  1.487363e-01  1.930767e-01  1.930794e-01  3.707425e-02  3.395432e+02  5.341936e+04  8.194146e+04  3.876868e+56  6.669164e+54  5.047096e-06  2.009185e+107  1.000000e+00  1.000000e+00  0.000000e+00
1.610262e+02  3.899028e+02  1.138030e+03  8.009140e+01  1.610262e+02  8.012330e-01  3.535680e-01  4.476650e-01  7.940346e+00  7.940346e+00  4.995380e+00  5.587210e-01  1.490394e-01  1.935917e-01  1.935944e-01  3.948893e-02  3.579962e+02  6.668152e+04  7.942536e+04  4.820048e+56  6.467603e+54  5.037362e-06  2.345319e+107  1.000000e+00  1.000000e+00  0.000000e+00
1.610262e+02  4.049358e+02  1.138030e+03  9.077660e+01  1.610262e+02  8.730120e-01  4.395090e-01  4.335030e-01  8.493172e+00  8.493172e+00  4.941997e+00  4.965600e-01  1.518210e-01  1.983500e-01  1.983522e-01  4.316333e-02  3.567513e+02  8.359377e+04  7.680892e+04  6.016709e+56  6.257464e+54  4.992728e-06  2.673085e+107  1.000000e+00  1.000000e+00  0.000000e+00
1.610262e+02  4.208056e+02  1.138030e+03  1.028874e+02  1.610262e+02  9.639240e-01  5.451250e-01  4.187990e-01  9.053174e+00  9.053174e+00  4.885367e+00  4.344730e-01  1.572620e-01  2.078245e-01  2.078267e-01  4.725830e-02  3.275432e+02  1.046544e+05  7.409038e+04  7.495292e+56  6.038656e+54  4.911688e-06  2.948015e+107  1.000000e+00  1.000000e+00  0.000000e+00
1.610262e+02  4.375827e+02  1.138030e+03  1.166139e+02  1.610262e+02  1.073764e+00  6.702150e-01  4.035480e-01  9.596198e+00  9.596198e+00  4.825247e+00  3.758260e-01  1.652689e-01  2.221850e-01  2.221871e-01  5.084475e-02  2.749121e+02  1.300918e+05  7.127033e+04  9.261043e+56  5.811263e+54  4.957494e-06  2.886869e+107  1.000000e+00  1.000000e+00  0.000000e+00
1.610262e+02  1.053723e+03  1.138030e+03  1.321717e+02  1.610262e+02  1.144980e+00  7.676500e-01  3.773310e-01  9.981603e+00  9.981603e+00  4.724571e+00  3.295520e-01  1.694258e-01  2.298453e-01  2.298471e-01  5.441385e-02  2.598494e+02  1.492523e+05  6.629390e+04  1.060084e+57  5.340210e+54  5.017226e-06  6.886160e+106  1.000000e+00  1.000000e+00  1.000000e+00
1.610262e+02  1.071356e+03  1.138030e+03  1.498051e+02  1.610262e+02  1.207166e+00  8.613650e-01  3.458010e-01  1.030225e+01  1.030225e+01  4.594449e+00  2.864570e-01  1.730679e-01  2.366768e-01  2.366785e-01  5.760844e-02  2.473488e+02  1.674206e+05  6.052797e+04  1.186021e+57  4.822588e+54  4.929433e-06  5.722838e+106  1.000000e+00  1.000000e+00  1.000000e+00
1.610262e+02  1.091342e+03  1.138030e+03  1.697911e+02  1.610262e+02  1.274786e+00  9.605980e-01  3.141880e-01  1.058759e+01  1.058759e+01  4.452558e+00  2.464630e-01  1.778368e-01  2.457963e-01  2.457980e-01  5.977043e-02  2.240245e+02  1.870226e+05  5.491430e+04  1.319339e+57  4.351521e+54  4.731438e-06  5.593117e+106  1.000000e+00  1.000000e+00  1.000000e+00
1.610262e+02  1.113993e+03  1.138030e+03  1.924434e+02  1.610262e+02  1.344607e+00  1.060394e+00  2.842120e-01  1.082545e+01  1.082545e+01  4.306178e+00  2.113720e-01  1.834556e-01  2.568044e-01  2.568059e-01  6.069747e-02  1.947259e+02  2.073461e+05  4.970141e+04  1.454308e+57  3.939958e+54  4.512513e-06  5.149587e+106  1.000000e+00  1.000000e+00  1.000000e+00
1.610262e+02  1.139669e+03  1.138030e+03  2.181178e+02  1.610262e+02  1.412651e+00  1.155408e+00  2.572430e-01  1.100670e+01  1.100670e+01  4.163097e+00  1.821000e-01  1.895656e-01  2.691124e-01  2.691138e-01  6.033547e-02  1.643175e+02  2.274324e+05  4.507309e+04  1.583698e+57  3.593593e+54  4.306869e-06  4.331046e+106  1.000000e+00  1.000000e+00  1.000000e+00
1.610262e+02  1.168770e+03  1.138030e+03  2.472176e+02  1.610262e+02  1.475306e+00  1.241102e+00  2.342040e-01  1.112739e+01  1.112739e+01  4.031055e+00  1.587500e-01  1.958262e-01  2.821064e-01  2.821076e-01  5.882892e-02  1.361902e+02  2.462344e+05  4.113419e+04  1.700216e+57  3.310185e+54  4.014062e-06  3.448959e+106  1.000000e+00  1.000000e+00  1.000000e+00
1.610262e+02  1.201752e+03  1.138030e+03  2.801996e+02  1.610262e+02  1.530159e+00  1.314684e+00  2.154760e-01  1.118882e+01  1.118882e+01  3.916499e+00  1.408190e-01  2.019920e-01  2.953019e-01  2.953030e-01  5.642411e-02  1.118672e+02  2.638303e+05  3.789978e+04  1.803449e+57  3.079813e+54  3.670761e-06  2.555730e+106  1.000000e+00  1.000000e+00  1.000000e+00
1.610262e+02  1.239133e+03  1.138030e+03  3.175819e+02  1.610262e+02  1.576263e+00  1.375371e+00  2.008920e-01  1.119626e+01  1.119626e+01  3.823503e+00  1.274480e-01  2.079397e-01  3.084247e-01  3.084258e-01  5.339030e-02  9.155523e+01  2.794689e+05  3.530034e+04  1.888859e+57  2.885600e+54  3.364064e-06  1.637428e+106  1.000000e+00  1.000000e+00  1.000000e+00
1.610262e+02  1.281502e+03  1.138030e+03  3.599514e+02  1.610262e+02  1.613898e+00  1.425247e+00  1.886510e-01  1.115653e+01  1.115653e+01  3.744246e+00  1.168910e-01  2.136626e-01  3.214355e-01  3.214365e-01  4.997896e-02  7.482611e+01  2.934534e+05  3.304136e+04  1.958434e+57  2.701827e+54  2.951770e-06  9.668582e+105  1.000000e+00  1.000000e+00  1.000000e+00
1.610262e+02  1.329526e+03  1.138030e+03  4.079736e+02  1.610262e+02  1.643893e+00  1.467630e+00  1.762630e-01  1.107377e+01  1.107377e+01  3.660574e+00  1.072230e-01  2.192600e-01  3.345439e-01  3.345449e-01  4.629725e-02  6.090675e+01  3.068043e+05  3.076622e+04  2.017880e+57  2.516136e+54  2.540069e-06  5.037816e+105  1.000000e+00  1.000000e+00  1.000000e+00
1.610262e+02  1.383956e+03  1.138030e+03  4.624025e+02  1.610262e+02  1.667760e+00  1.503980e+00  1.637800e-01  1.095332e+01  1.095332e+01  3.572177e+00  9.820300e-02  2.248895e-01  3.481289e-01  3.481298e-01  4.245890e-02  4.920757e+01  3.190759e+05  2.848742e+04  2.064838e+57  2.330099e+54  2.162683e-06  2.360826e+105  1.000000e+00  1.000000e+00  1.000000e+00
1.610262e+02  1.445646e+03  1.138030e+03  5.240930e+02  1.610262e+02  1.687382e+00  1.536065e+00  1.513170e-01  1.080350e+01  1.080350e+01  3.479311e+00  8.967600e-02  2.306909e-01  3.625721e-01  3.625730e-01  3.859261e-02  3.937871e+01  3.314861e+05  2.622644e+04  2.106793e+57  2.145469e+54  1.791736e-06  1.481431e+105  1.000000e+00  1.000000e+00  1.000000e+00
1.610262e+02  1.515564e+03  1.138030e+03  5.940138e+02  1.610262e+02  1.704387e+00  1.565394e+00  1.389940e-01  1.063338e+01  1.063338e+01  3.382311e+00  8.155100e-02  2.367437e-01  3.781472e-01  3.781482e-01  3.481922e-02  3.121300e+01  3.440287e+05  2.400463e+04  2.144209e+57  1.963992e+54  1.526362e-06  1.153545e+105  1.000000e+00  1.000000e+00  1.000000e+00
1.610262e+02  1.594815e+03  1.138030e+03  6.732629e+02  1.610262e+02  1.719830e+00  1.592904e+00  1.269270e-01  1.045168e+01  1.045168e+01  3.281584e+00  7.380200e-02  2.430417e-01  3.949342e-01  3.949350e-01  3.125547e-02  2.457109e+01  3.572498e+05  2.184249e+04  2.180887e+57  1.787344e+54  1.332945e-06  9.841395e+104  1.000000e+00  1.000000e+00  1.000000e+00
1.610262e+02  1.684639e+03  1.138030e+03  7.630849e+02  1.610262e+02  1.734129e+00  1.618904e+00  1.152250e-01  1.026548e+01  1.026548e+01  3.177603e+00  6.644600e-02  2.495075e-01  4.128227e-01  4.128234e-01  2.797654e-02  1.928765e+01  3.706081e+05  1.975888e+04  2.214225e+57  1.617070e+54  1.199708e-06  7.100201e+104  1.000000e+00  1.000000e+00  1.000000e+00
1.610262e+02  1.786445e+03  1.138030e+03  8.648903e+02  1.610262e+02  1.747180e+00  1.643190e+00  1.039900e-01  1.007990e+01  1.007990e+01  3.070895e+00  5.951900e-02  2.560136e-01  4.315357e-01  4.315364e-01  2.502596e-02  1.516993e+01  3.841516e+05  1.777037e+04  2.245077e+57  1.454528e+54  1.053254e-06  4.647338e+104  1.000000e+00  1.000000e+00  1.000000e+00
1.610262e+02  1.901831e+03  1.138030e+03  9.802778e+02  1.610262e+02  1.758614e+00  1.665307e+00  9.330700e-02  9.898304e+00  9.898304e+00  2.962029e+00  5.305700e-02  2.624167e-01  4.506980e-01  4.506988e-01  2.240600e-02  1.200369e+01  3.977466e+05  1.589079e+04  2.273072e+57  1.300854e+54  9.197119e-07  1.078945e+104  1.000000e+00  1.000000e+00  1.000000e+00
1.610262e+02  2.032610e+03  1.138030e+03  1.111060e+03  1.610262e+02  1.767937e+00  1.684691e+00  8.324700e-02  9.722407e+00  9.722407e+00  2.851600e+00  4.708700e-02  2.685806e-01  4.698911e-01  4.698917e-01  2.015231e-02  9.612983e+00  4.102459e+05  1.413082e+04  2.292245e+57  1.156926e+54  7.334929e-07  -7.356174e+103  1.000000e+00  -1.000000e+00  1.000000e+00
1.610262e+02  2.180844e+03  1.138030e+03  1.259289e+03  1.610262e+02  1.774722e+00  1.700862e+00  7.386000e-02  9.553081e+00  9.553081e+00  2.740216e+00  4.161800e-02  2.743901e-01  4.886958e-01  4.886964e-01  1.819744e-02  7.799683e+00  4.233954e+05  1.249788e+04  2.313053e+57  1.023358e+54  4.819836e-07  -1.235540e+104  1.000000e+00  -1.000000e+00  1.000000e+00
1.610262e+02  2.348852e+03  1.138030e+03  1.427295e+03  1.610262e+02  1.778617e+00  1.713435e+00  6.518200e-02  9.390514e+00  9.390514e+00  2.628483e+00  3.664700e-02  2.797529e-01  5.067109e-01  5.067116e-01  1.650704e-02  6.422506e+00  4.349153e+05  1.099617e+04  2.323042e+57  9.004988e+53  2.336361e-07  -3.260144e+104  1.000000e+00  -1.000000e+00  1.000000e+00
1.610262e+02  2.539271e+03  1.138030e+03  1.617714e+03  1.610262e+02  1.779450e+00  1.722222e+00  5.722800e-02  9.234682e+00  9.234682e+00  2.516987e+00  3.216100e-02  2.846070e-01  5.235938e-01  5.235944e-01  1.505589e-02  5.375146e+00  4.455841e+05  9.626823e+03  2.327087e+57  7.884461e+53  -7.369671e-08  -3.206572e+104  -1.000000e+00  -1.000000e+00  1.000000e+00
1.610262e+02  2.755091e+03  1.138030e+03  1.833538e+03  1.610262e+02  1.777165e+00  1.727165e+00  5.000000e-02  9.085334e+00  9.085334e+00  2.406288e+00  2.813500e-02  2.889140e-01  5.390590e-01  5.390595e-01  1.380712e-02  4.572673e+00  4.563222e+05  8.388225e+03  2.331184e+57  6.870743e+53  -5.139204e-07  -3.295910e+104  -1.000000e+00  -1.000000e+00  1.000000e+00
1.610262e+02  2.999709e+03  1.138030e+03  2.078156e+03  1.610262e+02  1.771832e+00  1.728348e+00  4.348300e-02  8.942276e+00  8.942276e+00  2.296904e+00  2.454100e-02  2.926551e-01  5.528814e-01  5.528818e-01  1.273914e-02  3.956070e+00  4.647856e+05  7.276443e+03  2.322413e+57  5.960661e+53  -9.344778e-07  -3.591473e+104  -1.000000e+00  -1.000000e+00  1.000000e+00
1.610262e+02  3.276966e+03  1.138030e+03  2.355409e+03  1.610262e+02  1.763626e+00  1.725975e+00  3.765100e-02  8.805266e+00  8.805266e+00  2.189307e+00  2.134900e-02  2.958324e-01  5.649180e-01  5.649184e-01  1.182562e-02  3.479407e+00  4.729791e+05  6.285657e+03  2.312759e+57  5.149494e+53  -1.792231e-06  -3.307047e+104  -1.000000e+00  -1.000000e+00  1.000000e+00
1.610262e+02  3.591209e+03  1.138030e+03  2.669651e+03  1.610262e+02  1.752784e+00  1.720315e+00  3.246900e-02  8.674253e+00  8.674253e+00  2.083913e+00  1.852400e-02  2.984543e-01  5.750642e-01  5.750646e-01  1.104825e-02  3.110404e+00  4.787127e+05  5.408627e+03  2.290302e+57  4.431357e+53  -2.581150e-06  -3.071611e+104  -1.000000e+00  -1.000000e+00  1.000000e+00
1.610262e+02  3.947373e+03  1.138030e+03  3.025817e+03  1.610262e+02  1.739581e+00  1.711687e+00  2.789400e-02  8.549104e+00  8.549104e+00  1.981085e+00  1.603500e-02  3.005423e-01  5.832870e-01  5.832874e-01  1.038602e-02  2.823771e+00  4.840257e+05  4.637145e+03  2.267061e+57  3.799559e+53  -3.271461e-06  -2.320640e+104  -1.000000e+00  -1.000000e+00  1.000000e+00
1.610262e+02  4.351050e+03  1.138030e+03  3.429500e+03  1.610262e+02  1.724342e+00  1.700463e+00  2.388000e-02  8.429919e+00  8.429919e+00  1.881126e+00  1.384900e-02  3.021216e-01  5.895923e-01  5.895926e-01  9.826786e-03  2.602628e+00  4.889215e+05  3.962437e+03  2.243538e+57  3.246946e+53  -5.117732e-06  -1.828361e+104  -1.000000e+00  -1.000000e+00  1.000000e+00
1.610262e+02  4.808596e+03  1.138030e+03  3.887040e+03  1.610262e+02  1.707388e+00  1.687011e+00  2.037700e-02  8.316754e+00  8.316754e+00  1.784286e+00  1.193500e-02  3.032215e-01  5.940287e-01  5.940290e-01  9.354967e-03  2.433071e+00  4.922838e+05  3.375509e+03  2.213585e+57  2.766173e+53  -1.081879e-05  -1.621241e+104  -1.000000e+00  -1.000000e+00  1.000000e+00
1.610262e+02  5.327181e+03  1.138030e+03  4.405622e+03  1.610262e+02  1.689039e+00  1.671702e+00  1.733700e-02  8.209690e+00  8.209690e+00  1.690757e+00  1.026400e-02  3.038747e-01  5.966810e-01  5.966812e-01  8.960973e-03  2.305634e+00  4.941840e+05  2.867440e+03  2.177978e+57  2.349954e+53  -1.634351e-05  -1.280039e+104  -1.000000e+00  -1.000000e+00  1.000000e+00
1.610262e+02  5.914947e+03  1.138030e+03  4.993389e+03  1.610262e+02  1.669616e+00  1.654906e+00  1.471000e-02  8.108904e+00  8.108904e+00  1.600682e+00  8.811000e-03  3.041137e-01  5.976550e-01  5.976552e-01  8.634698e-03  2.212966e+00  4.956603e+05  2.429602e+03  2.142840e+57  1.991236e+53  -2.509867e-05  -9.357895e+103  -1.000000e+00  -1.000000e+00  1.000000e+00
1.610262e+02  6.581126e+03  1.138030e+03  5.659571e+03  1.610262e+02  1.649417e+00  1.636966e+00  1.245100e-02  8.014532e+00  8.014532e+00  1.514160e+00  7.549000e-03  3.039722e-01  5.970783e-01  5.970785e-01  8.367604e-03  2.149513e+00  4.967245e+05  2.053823e+03  2.108404e+57  1.683338e+53  3.936378e-04  -7.144474e+103  1.000000e+00  -1.000000e+00  1.000000e+00
1.610262e+02  7.336183e+03  1.138030e+03  6.414631e+03  1.610262e+02  1.628723e+00  1.618208e+00  1.051500e-02  7.926705e+00  7.926705e+00  1.431245e+00  6.456000e-03  3.034843e-01  5.950943e-01  5.950944e-01  8.152968e-03  2.111279e+00  4.964629e+05  1.732501e+03  2.069535e+57  1.420038e+53  2.961997e-05  -5.782206e+103  1.000000e+00  -1.000000e+00  1.000000e+00
1.610262e+02  8.191984e+03  1.138030e+03  7.270426e+03  1.610262e+02  1.607803e+00  1.598941e+00  8.862000e-03  7.845600e+00  7.845600e+00  1.351958e+00  5.512000e-03  3.026833e-01  5.918533e-01  5.918534e-01  7.984748e-03  2.095185e+00  4.949821e+05  1.458662e+03  2.026877e+57  1.195633e+53  1.622808e-05  -4.242797e+103  1.000000e+00  -1.000000e+00  1.000000e+00
1.610262e+02  9.161955e+03  1.138030e+03  8.240395e+03  1.610262e+02  1.586901e+00  1.579445e+00  7.456000e-03  7.771281e+00  7.771281e+00  1.276284e+00  4.698000e-03  3.016052e-01  5.875223e-01  5.875224e-01  7.856721e-03  2.098759e+00  4.941110e+05  1.225996e+03  1.990842e+57  1.004956e+53  1.576828e-05  -2.926946e+103  1.000000e+00  -1.000000e+00  1.000000e+00
1.610262e+02  1.026133e+04  1.138030e+03  9.339770e+03  1.610262e+02  1.566226e+00  1.559964e+00  6.262000e-03  7.703874e+00  7.703874e+00  1.204185e+00  3.998000e-03  3.002804e-01  5.822482e-01  5.822483e-01  7.764124e-03  2.120130e+00  4.921459e+05  1.028848e+03  1.951743e+57  8.433791e+52  9.190880e-06  -2.209013e+103  1.000000e+00  -1.000000e+00  1.000000e+00
1.610262e+02  1.150737e+04  1.138030e+03  1.058582e+04  1.610262e+02  1.545996e+00  1.540744e+00  5.252000e-03  7.643496e+00  7.643496e+00  1.135599e+00  3.397000e-03  2.987432e-01  5.761941e-01  5.761942e-01  7.704488e-03  2.158522e+00  4.900127e+05  8.622063e+02  1.914763e+57  7.067968e+52  8.464068e-06  -1.542138e+103  1.000000e+00  -1.000000e+00  1.000000e+00
1.610262e+02  1.291966e+04  1.138030e+03  1.199810e+04  1.610262e+02  1.526372e+00  1.521973e+00  4.399000e-03  7.590033e+00  7.590033e+00  1.070447e+00  2.882000e-03  2.970286e-01  5.695227e-01  5.695228e-01  7.669598e-03  2.211526e+00  4.877349e+05  7.216575e+02  1.879929e+57  5.915959e+52  7.126305e-06  -1.128006e+103  1.000000e+00  -1.000000e+00  1.000000e+00
1.610262e+02  1.452036e+04  1.138030e+03  1.359880e+04  1.610262e+02  1.507525e+00  1.503845e+00  3.680000e-03  7.543607e+00  7.543607e+00  1.008634e+00  2.441000e-03  2.951665e-01  5.623724e-01  5.623724e-01  7.659040e-03  2.278989e+00  4.846026e+05  6.033490e+02  1.843085e+57  4.946205e+52  5.653577e-06  -8.201996e+102  1.000000e+00  -1.000000e+00  1.000000e+00
1.610262e+02  1.633462e+04  1.138030e+03  1.541306e+04  1.610262e+02  1.489582e+00  1.486507e+00  3.075000e-03  7.504008e+00  7.504008e+00  9.500550e-01  2.064000e-03  2.931924e-01  5.548976e-01  5.548976e-01  7.664577e-03  2.358484e+00  4.814449e+05  5.039355e+02  1.808803e+57  4.131302e+52  6.207531e-06  -5.449516e+102  1.000000e+00  -1.000000e+00  1.000000e+00
1.610262e+02  1.839092e+04  1.138030e+03  1.746936e+04  1.610262e+02  1.472677e+00  1.470110e+00  2.567000e-03  7.471274e+00  7.471274e+00  8.945970e-01  1.743000e-03  2.911350e-01  5.472205e-01  5.472205e-01  7.689084e-03  2.450798e+00  4.790221e+05  4.205304e+02  1.781227e+57  3.447601e+52  5.950065e-06  -3.522114e+102  1.000000e+00  -1.000000e+00  1.000000e+00
1.610262e+02  2.071233e+04  1.138030e+03  1.979078e+04  1.610262e+02  1.456948e+00  1.454805e+00  2.143000e-03  7.445128e+00  7.445128e+00  8.423290e-01  1.471000e-03  2.890370e-01  5.395075e-01  5.395075e-01  7.720885e-03  2.551571e+00  4.759077e+05  3.508904e+02  1.752167e+57  2.876721e+52  4.940160e-06  -2.833886e+102  1.000000e+00  -1.000000e+00  1.000000e+00
2.212216e+02  1.030404e+02  1.219933e+03  1.000000e+00  2.212216e+02  8.891430e-01  9.980000e-04  8.881460e-01  6.205069e+00  2.164277e+00  6.205069e+00  9.988780e-01  2.116444e-01  3.168030e-01  3.320345e-02  4.987233e-02  7.829503e+01  1.496545e+02  1.651171e+05  1.258382e+54  1.478086e+55  4.587908e-06  2.421307e+105  1.000000e+00  1.000000e+00  0.000000e+00
2.212216e+02  1.076573e+02  1.219933e+03  1.133400e+00  2.212216e+02  8.884000e-01  1.172000e-03  8.872270e-01  6.203153e+00  2.215259e+00  6.203153e+00  9.986800e-01  2.115327e-01  3.165481e-01  3.490254e-02  4.989492e-02  7.853757e+01  1.760514e+02  1.649286e+05  1.476623e+54  1.476012e+55  4.590373e-06  2.392838e+105  1.000000e+00  1.000000e+00  0.000000e+00
2.212216e+02  1.131115e+02  1.219933e+03  1.284600e+00  2.212216e+02  8.875600e-01  1.375000e-03  8.861840e-01  6.200966e+00  2.268574e+00  6.200966e+00  9.984500e-01  2.114073e-01  3.162619e-01  3.673313e-02  4.991750e-02  7.880650e+01  2.068166e+02  1.647150e+05  1.728168e+54  1.473671e+55  4.595239e-06  2.423254e+105  1.000000e+00  1.000000e+00  0.000000e+00
2.212216e+02  1.191072e+02  1.219933e+03  1.456000e+00  2.212216e+02  8.866130e-01  1.613000e-03  8.850000e-01  6.198469e+00  2.324426e+00  6.198469e+00  9.981810e-01  2.112669e-01  3.159418e-01  3.871098e-02  4.994164e-02  7.910690e+01  2.428234e+02  1.644731e+05  2.020386e+54  1.471035e+55  4.606923e-06  2.718401e+105  1.000000e+00  1.000000e+00  0.000000e+00
2.212216e+02  1.250167e+02  1.219933e+03  1.650300e+00  2.212216e+02  8.855480e-01  1.890000e-03  8.836580e-01  6.195634e+00  2.382878e+00  6.195634e+00  9.978660e-01  2.111096e-01  3.155837e-01  4.084798e-02  4.997121e-02  7.944902e+01  2.849743e+02  1.642003e+05  2.360452e+54  1.468073e+55  4.619273e-06  3.003170e+105  1.000000e+00  1.000000e+00  0.000000e+00
2.212216e+02  1.316026e+02  1.219933e+03  1.870400e+00  2.212216e+02  8.843480e-01  2.214000e-03  8.821340e-01  6.192394e+00  2.444023e+00  6.192394e+00  9.974970e-01  2.109338e-01  3.151835e-01  4.315817e-02  5.000083e-02  7.982798e+01  3.343423e+02  1.638912e+05  2.756744e+54  1.464736e+55  4.631845e-06  3.401152e+105  1.000000e+00  1.000000e+00  0.000000e+00
2.212216e+02  1.379494e+02  1.219933e+03  2.120000e+00  2.212216e+02  8.830000e-01  2.592000e-03  8.804080e-01  6.188716e+00  2.507985e+00  6.188716e+00  9.970640e-01  2.107375e-01  3.147372e-01  4.565808e-02  5.003349e-02  8.025287e+01  3.921932e+02  1.635431e+05  3.219079e+54  1.460995e+55  4.639052e-06  3.133476e+105  1.000000e+00  1.000000e+00  0.000000e+00
2.212216e+02  1.527256e+02  1.219933e+03  2.402800e+00  2.212216e+02  8.814930e-01  3.016000e-03  8.784770e-01  6.184581e+00  2.571525e+00  6.184581e+00  9.965790e-01  2.105184e-01  3.142394e-01  4.822909e-02  5.006948e-02  8.072956e+01  4.570649e+02  1.631529e+05  3.735382e+54  1.456809e+55  4.648352e-06  5.176145e+105  1.000000e+00  1.000000e+00  0.000000e+00
2.212216e+02  1.576382e+02  1.219933e+03  2.723400e+00  2.212216e+02  8.797970e-01  3.515000e-03  8.762820e-01  6.179873e+00  2.638082e+00  6.179873e+00  9.960050e-01  2.102735e-01  3.136840e-01  5.101987e-02  5.010728e-02  8.126164e+01  5.337608e+02  1.627127e+05  4.343500e+54  1.452112e+55  4.669756e-06  6.760549e+105  1.000000e+00  1.000000e+00  0.000000e+00
2.212216e+02  1.627167e+02  1.219933e+03  3.086700e+00  2.212216e+02  8.778890e-01  4.109000e-03  8.737800e-01  6.174457e+00  2.709019e+00  6.174457e+00  9.953190e-01  2.100014e-01  3.130676e-01  5.410342e-02  5.014957e-02  8.185877e+01  6.252468e+02  1.622131e+05  5.066496e+54  1.446828e+55  4.684536e-06  7.752431e+105  1.000000e+00  1.000000e+00  0.000000e+00
2.212216e+02  1.679681e+02  1.219933e+03  3.498500e+00  2.212216e+02  8.757420e-01  4.813000e-03  8.709290e-01  6.168241e+00  2.784537e+00  6.168241e+00  9.945040e-01  2.096990e-01  3.123834e-01  5.751052e-02  5.019266e-02  8.252204e+01  7.340570e+02  1.616469e+05  5.923649e+54  1.440891e+55  4.705010e-06  8.866003e+105  1.000000e+00  1.000000e+00  0.000000e+00
2.212216e+02  1.734000e+02  1.219933e+03  3.965200e+00  2.212216e+02  8.733370e-01  5.645000e-03  8.676920e-01  6.161134e+00  2.864814e+00  6.161134e+00  9.935360e-01  2.093644e-01  3.116278e-01  6.127484e-02  5.023568e-02  8.325409e+01  8.632593e+02  1.610079e+05  6.938274e+54  1.434247e+55  4.726302e-06  1.012132e+106  1.000000e+00  1.000000e+00  0.000000e+00
2.212216e+02  1.790190e+02  1.219933e+03  4.494300e+00  2.212216e+02  8.706480e-01  6.628000e-03  8.640200e-01  6.153005e+00  2.949967e+00  6.153005e+00  9.923870e-01  2.089956e-01  3.107964e-01  6.543134e-02  5.028374e-02  8.407194e+01  1.016514e+03  1.602871e+05  8.138102e+54  1.426820e+55  4.749941e-06  1.153676e+106  1.000000e+00  1.000000e+00  0.000000e+00
2.212216e+02  1.848335e+02  1.219933e+03  5.093900e+00  2.212216e+02  8.676530e-01  7.787000e-03  8.598660e-01  6.143741e+00  3.040164e+00  6.143741e+00  9.910250e-01  2.085907e-01  3.098853e-01  7.002131e-02  5.032908e-02  8.496760e+01  1.198150e+03  1.594768e+05  9.555632e+54  1.418548e+55  4.774049e-06  1.313214e+106  1.000000e+00  1.000000e+00  0.000000e+00
2.212216e+02  1.908524e+02  1.219933e+03  5.773400e+00  2.212216e+02  8.643180e-01  9.153000e-03  8.551650e-01  6.133155e+00  3.135656e+00  6.133155e+00  9.894100e-01  2.081476e-01  3.088906e-01  7.509454e-02  5.037610e-02  8.595578e+01  1.413306e+03  1.585646e+05  1.122940e+55  1.409332e+55  4.799959e-06  1.492589e+106  1.000000e+00  1.000000e+00  0.000000e+00
2.212216e+02  1.970844e+02  1.219933e+03  6.543700e+00  2.212216e+02  8.606310e-01  1.076000e-02  8.498710e-01  6.121134e+00  3.236527e+00  6.121134e+00  9.874980e-01  2.076666e-01  3.078133e-01  8.069901e-02  5.042108e-02  8.703387e+01  1.668008e+03  1.575444e+05  1.320418e+55  1.399129e+55  4.828965e-06  1.693669e+106  1.000000e+00  1.000000e+00  0.000000e+00
2.212216e+02  2.035396e+02  1.219933e+03  7.416700e+00  2.212216e+02  8.565530e-01  1.264900e-02  8.439050e-01  6.107441e+00  3.342882e+00  6.107441e+00  9.852330e-01  2.071461e-01  3.066507e-01  8.688929e-02  5.046962e-02  8.821745e+01  1.969417e+03  1.564009e+05  1.553305e+55  1.387823e+55  4.858005e-06  1.919075e+106  1.000000e+00  1.000000e+00  0.000000e+00
2.212216e+02  2.102287e+02  1.219933e+03  8.406200e+00  2.212216e+02  8.520770e-01  1.486600e-02  8.372110e-01  6.091917e+00  3.454912e+00  6.091917e+00  9.825530e-01  2.065887e-01  3.054089e-01  9.373083e-02  5.051354e-02  8.949198e+01  2.325953e+03  1.551262e+05  1.827776e+55  1.375366e+55  4.892141e-06  2.170695e+106  1.000000e+00  1.000000e+00  0.000000e+00
2.212216e+02  2.171631e+02  1.219933e+03  9.527700e+00  2.212216e+02  8.471850e-01  1.746700e-02  8.297170e-01  6.074343e+00  3.572798e+00  6.074343e+00  9.793820e-01  2.059968e-01  3.040943e-01  1.012966e-01  5.056147e-02  9.087117e+01  2.747464e+03  1.537084e+05  2.151004e+55  1.361682e+55  4.928145e-06  2.450657e+106  1.000000e+00  1.000000e+00  0.000000e+00
2.212216e+02  2.243537e+02  1.219933e+03  1.079880e+01  2.212216e+02  8.418710e-01  2.051500e-02  8.213560e-01  6.054484e+00  3.693426e+00  6.054484e+00  9.756320e-01  2.053761e-01  3.027198e-01  1.094853e-01  5.060539e-02  9.233279e+01  3.245717e+03  1.521360e+05  2.531512e+55  1.346706e+55  4.966961e-06  2.761276e+106  1.000000e+00  1.000000e+00  0.000000e+00
2.212216e+02  2.318138e+02  1.219933e+03  1.223950e+01  2.212216e+02  8.361430e-01  2.408000e-02  8.120630e-01  6.032116e+00  3.818163e+00  6.032116e+00  9.712010e-01  2.047353e-01  3.013053e-01  1.184344e-01  5.065038e-02  9.387025e+01  3.834324e+03  1.503991e+05  2.979040e+55  1.330395e+55  5.011234e-06  3.103333e+106  1.000000e+00  1.000000e+00  0.000000e+00
2.212216e+02  2.395612e+02  1.219933e+03  1.387240e+01  2.212216e+02  8.300300e-01  2.824600e-02  8.017840e-01  6.007021e+00  3.949284e+00  6.007021e+00  9.659700e-01  2.040874e-01  2.998800e-01  1.283565e-01  5.070195e-02  9.546696e+01  4.529438e+03  1.484900e+05  3.505087e+55  1.312727e+55  5.061546e-06  3.479324e+106  1.000000e+00  1.000000e+00  0.000000e+00
2.212216e+02  2.476067e+02  1.219933e+03  1.572320e+01  2.212216e+02  8.235770e-01  3.310600e-02  7.904710e-01  5.978972e+00  4.086849e+00  5.978972e+00  9.598020e-01  2.034508e-01  2.984840e-01  1.393576e-01  5.076583e-02  9.709204e+01  5.350024e+03  1.464013e+05  4.122950e+55  1.293697e+55  5.118916e-06  3.889546e+106  1.000000e+00  1.000000e+00  0.000000e+00
2.212216e+02  2.559695e+02  1.219933e+03  1.782080e+01  2.212216e+02  8.168680e-01  3.876800e-02  7.781000e-01  5.947795e+00  4.230850e+00  5.947795e+00  9.525410e-01  2.028511e-01  2.971732e-01  1.515517e-01  5.085533e-02  9.870926e+01  6.317866e+03  1.441308e+05  4.847685e+55  1.273342e+55  5.188029e-06  4.334856e+106  1.000000e+00  1.000000e+00  0.000000e+00
2.212216e+02  2.646662e+02  1.219933e+03  2.019840e+01  2.212216e+02  8.100220e-01  4.535100e-02  7.646700e-01  5.913351e+00  4.381336e+00  5.913351e+00  9.440120e-01  2.023228e-01  2.960214e-01  1.650697e-01  5.097858e-02  1.002473e+02  7.459421e+03  1.416793e+05  5.697531e+55  1.251733e+55  5.272022e-06  4.814462e+106  1.000000e+00  1.000000e+00  0.000000e+00
2.212216e+02  2.737197e+02  1.219933e+03  2.289310e+01  2.212216e+02  8.032060e-01  5.299300e-02  7.502130e-01  5.875562e+00  4.538224e+00  5.875562e+00  9.340230e-01  2.019106e-01  2.951252e-01  1.800464e-01  5.117467e-02  1.016642e+02  8.804469e+03  1.390523e+05  6.692620e+55  1.228974e+55  5.381884e-06  5.326686e+106  1.000000e+00  1.000000e+00  0.000000e+00
2.212216e+02  2.831505e+02  1.219933e+03  2.594730e+01  2.212216e+02  7.966530e-01  6.184600e-02  7.348070e-01  5.834499e+00  4.701333e+00  5.834499e+00  9.223680e-01  2.016727e-01  2.946087e-01  1.966192e-01  5.147645e-02  1.028682e+02  1.038839e+04  1.362644e+05  7.856534e+55  1.205234e+55  5.543640e-06  5.870836e+106  1.000000e+00  1.000000e+00  0.000000e+00
2.212216e+02  2.929826e+02  1.219933e+03  2.940900e+01  2.212216e+02  7.906630e-01  7.207800e-02  7.185850e-01  5.790364e+00  4.870663e+00  5.790364e+00  9.088380e-01  2.016821e-01  2.946291e-01  2.149435e-01  5.195307e-02  1.037966e+02  1.225265e+04  1.333368e+05  9.216459e+55  1.180715e+55  5.821496e-06  6.445141e+106  1.000000e+00  1.000000e+00  0.000000e+00
2.212216e+02  3.032418e+02  1.219933e+03  3.333260e+01  2.212216e+02  7.856190e-01  8.387900e-02  7.017400e-01  5.743567e+00  5.046061e+00  5.743567e+00  8.932320e-01  2.020283e-01  2.953809e-01  2.351517e-01  5.269008e-02  1.043702e+02  1.444510e+04  1.302996e+05  1.080356e+56  1.155656e+55  6.499905e-06  7.045274e+106  1.000000e+00  1.000000e+00  0.000000e+00
2.212216e+02  3.139580e+02  1.219933e+03  3.777960e+01  2.212216e+02  7.819920e-01  9.745600e-02  6.845360e-01  5.694772e+00  5.227538e+00  5.694772e+00  8.753750e-01  2.028185e-01  2.971020e-01  2.573355e-01  5.380437e-02  1.045174e+02  1.702120e+04  1.271926e+05  1.265256e+56  1.130311e+55  1.430025e-05  7.667664e+106  1.000000e+00  1.000000e+00  0.000000e+00
2.212216e+02  3.251628e+02  1.219933e+03  4.281980e+01  2.212216e+02  7.803420e-01  1.130380e-01  6.673040e-01  5.644945e+00  5.415082e+00  5.644945e+00  8.551430e-01  2.041770e-01  3.000770e-01  2.813792e-01  5.545695e-02  1.041910e+02  2.004580e+04  1.240634e+05  1.480429e+56  1.104910e+55  1.978723e-05  8.304201e+106  1.000000e+00  1.000000e+00  0.000000e+00
2.212216e+02  3.368911e+02  1.219933e+03  4.853260e+01  2.212216e+02  7.813180e-01  1.308850e-01  6.504330e-01  5.609215e+00  5.609215e+00  5.595389e+00  8.324820e-01  2.057346e-01  3.035130e-01  3.035206e-01  5.932511e-02  1.073021e+02  2.359548e+04  1.209740e+05  1.730562e+56  1.079613e+55  2.583418e-06  8.959303e+106  1.000000e+00  1.000000e+00  0.000000e+00
2.212216e+02  3.491847e+02  1.219933e+03  5.500740e+01  2.212216e+02  7.856510e-01  1.514030e-01  6.342480e-01  5.828261e+00  5.828261e+00  5.547443e+00  8.072890e-01  1.991005e-01  2.890634e-01  2.890701e-01  5.053995e-02  1.076913e+02  2.777732e+04  1.179483e+05  2.022525e+56  1.054248e+55  3.914895e-06  9.795560e+106  1.000000e+00  1.000000e+00  0.000000e+00
2.212216e+02  3.620840e+02  1.219933e+03  6.234610e+01  2.212216e+02  7.942920e-01  1.759160e-01  6.183760e-01  6.089934e+00  6.089934e+00  5.500084e+00  7.785250e-01  1.926412e-01  2.754464e-01  2.754520e-01  4.271406e-02  1.073337e+02  3.284380e+04  1.149340e+05  2.374619e+56  1.028359e+55  4.300785e-06  1.101200e+107  1.000000e+00  1.000000e+00  0.000000e+00
2.212216e+02  3.756397e+02  1.219933e+03  7.066390e+01  2.212216e+02  8.086800e-01  2.063950e-01  6.022850e-01  6.400072e+00  6.400072e+00  5.451477e+00  7.447760e-01  1.866265e-01  2.631469e-01  2.631521e-01  3.697120e-02  1.088675e+02  3.916553e+04  1.118504e+05  2.812939e+56  1.001563e+55  4.499427e-06  1.263691e+107  1.000000e+00  1.000000e+00  0.000000e+00
2.212216e+02  3.899028e+02  1.219933e+03  8.009140e+01  2.212216e+02  8.308360e-01  2.450900e-01  5.857470e-01  6.763708e+00  6.763708e+00  5.400741e+00  7.050090e-01  1.814313e-01  2.528048e-01  2.528093e-01  3.342038e-02  1.133339e+02  4.718697e+04  1.086629e+05  3.368437e+56  9.736843e+54  4.619513e-06  1.463726e+107  1.000000e+00  1.000000e+00  0.000000e+00
2.212216e+02  4.049358e+02  1.219933e+03  9.077660e+01  2.212216e+02  8.633430e-01  2.946850e-01  5.686580e-01  7.182930e+00  7.182930e+00  5.347408e+00  6.586700e-01  1.775266e-01  2.451970e-01  2.452010e-01  3.222294e-02  1.218347e+02  5.745289e+04  1.053559e+05  4.078519e+56  9.446266e+54  4.689876e-06  1.698025e+107  1.000000e+00  1.000000e+00  0.000000e+00
2.212216e+02  4.208056e+02  1.219933e+03  1.028874e+02  2.212216e+02  9.092020e-01  3.582480e-01  5.509540e-01  7.654605e+00  7.654605e+00  5.291098e+00  6.059750e-01  1.754363e-01  2.411807e-01  2.411843e-01  3.241455e-02  1.300325e+02  7.061362e+04  1.019197e+05  4.987054e+56  9.143277e+54  4.717885e-06  1.957314e+107  1.000000e+00  1.000000e+00  0.000000e+00
2.212216e+02  4.375827e+02  1.219933e+03  1.166139e+02  2.212216e+02  9.714170e-01  4.388240e-01  5.325930e-01  8.168022e+00  8.168022e+00  5.231477e+00  5.482640e-01  1.756590e-01  2.416067e-01  2.416100e-01  3.434304e-02  1.368972e+02  8.736273e+04  9.834955e+04  6.138874e+56  8.827574e+54  4.965971e-06  1.947153e+107  1.000000e+00  1.000000e+00  0.000000e+00
2.212216e+02  1.053723e+03  1.219933e+03  1.321717e+02  2.212216e+02  1.007334e+00  5.009140e-01  5.064200e-01  8.529409e+00  8.529409e+00  5.150337e+00  5.027330e-01  1.744360e-01  2.392724e-01  2.392758e-01  3.700186e-02  1.527398e+02  9.970312e+04  9.305573e+04  6.996548e+56  8.281973e+54  5.166791e-06  5.244019e+106  1.000000e+00  1.000000e+00  1.000000e+00
2.212216e+02  1.071356e+03  1.219933e+03  1.498051e+02  2.212216e+02  1.038586e+00  5.643950e-01  4.741910e-01  8.851932e+00  8.851932e+00  5.044605e+00  4.565740e-01  1.732950e-01  2.371065e-01  2.371096e-01  4.000660e-02  1.706496e+02  1.119682e+05  8.677082e+04  7.844614e+56  7.654829e+54  5.150525e-06  4.441216e+106  1.000000e+00  1.000000e+00  1.000000e+00
2.212216e+02  1.091342e+03  1.219933e+03  1.697911e+02  2.212216e+02  1.079181e+00  6.393570e-01  4.398240e-01  9.181659e+00  9.181659e+00  4.923583e+00  4.075530e-01  1.736020e-01  2.376882e-01  2.376909e-01  4.317378e-02  1.825410e+02  1.265037e+05  8.027534e+04  8.838302e+56  7.039064e+54  4.964063e-06  4.783789e+106  1.000000e+00  1.000000e+00  1.000000e+00
2.212216e+02  1.113993e+03  1.219933e+03  1.924434e+02  2.212216e+02  1.129372e+00  7.244940e-01  4.048790e-01  9.504405e+00  9.504405e+00  4.791341e+00  3.584990e-01  1.755068e-01  2.413155e-01  2.413180e-01  4.609857e-02  1.845487e+02  1.432940e+05  7.382381e+04  9.970415e+56  6.455434e+54  4.787109e-06  4.977332e+106  1.000000e+00  1.000000e+00  1.000000e+00
2.212216e+02  1.139669e+03  1.219933e+03  2.181178e+02  2.212216e+02  1.187727e+00  8.169370e-01  3.707910e-01  9.802664e+00  9.802664e+00  4.652486e+00  3.121850e-01  1.789593e-01  2.479724e-01  2.479746e-01  4.837725e-02  1.756982e+02  1.618780e+05  6.763982e+04  1.120273e+57  5.919761e+54  4.607788e-06  4.893280e+106  1.000000e+00  1.000000e+00  1.000000e+00
2.212216e+02  1.168770e+03  1.219933e+03  2.472176e+02  2.212216e+02  1.251346e+00  9.124860e-01  3.388600e-01  1.006028e+01  1.006028e+01  4.512470e+00  2.707970e-01  1.837169e-01  2.573234e-01  2.573255e-01  4.967415e-02  1.582320e+02  1.817570e+05  6.191213e+04  1.249072e+57  5.442185e+54  4.400861e-06  4.518047e+106  1.000000e+00  1.000000e+00  1.000000e+00
2.212216e+02  1.201752e+03  1.219933e+03  2.801996e+02  2.212216e+02  1.316540e+00  1.006417e+00  3.101230e-01  1.026562e+01  1.026562e+01  4.377208e+00  2.355590e-01  1.894221e-01  2.688192e-01  2.688210e-01  4.983677e-02  1.362402e+02  2.020579e+05  5.677507e+04  1.376804e+57  5.025927e+54  4.206825e-06  3.823769e+106  1.000000e+00  1.000000e+00  1.000000e+00
2.212216e+02  1.239133e+03  1.219933e+03  3.175819e+02  2.212216e+02  1.379721e+00  1.094497e+00  2.852240e-01  1.041297e+01  1.041297e+01  4.252307e+00  2.067260e-01  1.957032e-01  2.818474e-01  2.818492e-01  4.890769e-02  1.135779e+02  2.219018e+05  5.229170e+04  1.497060e+57  4.666752e+54  3.934006e-06  3.078489e+106  1.000000e+00  1.000000e+00  1.000000e+00
2.212216e+02  1.281502e+03  1.219933e+03  3.599514e+02  2.212216e+02  1.438170e+00  1.173821e+00  2.643490e-01  1.050261e+01  1.050261e+01  4.142222e+00  1.838090e-01  2.022528e-01  2.958691e-01  2.958705e-01  4.707100e-02  9.272373e+01  2.413209e+05  4.844923e+04  1.608984e+57  4.353302e+54  3.652864e-06  2.320763e+106  1.000000e+00  1.000000e+00  1.000000e+00
2.212216e+02  1.329526e+03  1.219933e+03  4.079736e+02  2.212216e+02  1.490333e+00  1.243197e+00  2.471360e-01  1.053909e+01  1.053909e+01  4.049160e+00  1.658260e-01  2.088631e-01  3.104981e-01  3.104994e-01  4.459101e-02  7.479030e+01  2.592732e+05  4.515261e+04  1.706292e+57  4.066547e+54  3.405822e-06  1.554036e+106  1.000000e+00  1.000000e+00  1.000000e+00
2.212216e+02  1.383956e+03  1.219933e+03  4.624025e+02  2.212216e+02  1.535726e+00  1.304921e+00  2.308050e-01  1.052796e+01  1.052796e+01  3.958170e+00  1.502910e-01  2.154522e-01  3.255844e-01  3.255858e-01  4.170319e-02  5.988479e+01  2.763596e+05  4.199017e+04  1.792111e+57  3.782302e+54  3.042283e-06  1.050696e+106  1.000000e+00  1.000000e+00  1.000000e+00
2.212216e+02  1.445646e+03  1.219933e+03  5.240930e+02  2.212216e+02  1.574635e+00  1.360277e+00  2.143580e-01  1.047359e+01  1.047359e+01  3.862063e+00  1.361320e-01  2.220577e-01  3.412438e-01  3.412451e-01  3.853901e-02  4.758602e+01  2.932837e+05  3.882950e+04  1.870385e+57  3.498136e+54  2.697870e-06  6.928593e+105  1.000000e+00  1.000000e+00  1.000000e+00
2.212216e+02  1.515564e+03  1.219933e+03  5.940138e+02  2.212216e+02  1.607983e+00  1.410034e+00  1.979490e-01  1.038302e+01  1.038302e+01  3.761125e+00  1.231040e-01  2.287385e-01  3.576598e-01  3.576611e-01  3.525500e-02  3.753466e+01  3.093562e+05  3.570044e+04  1.937312e+57  3.216735e+54  2.381294e-06  4.497896e+105  1.000000e+00  1.000000e+00  1.000000e+00
2.212216e+02  1.594815e+03  1.219933e+03  6.732629e+02  2.212216e+02  1.636870e+00  1.455135e+00  1.817350e-01  1.026474e+01  1.026474e+01  3.655722e+00  1.110260e-01  2.355309e-01  3.749836e-01  3.749850e-01  3.198114e-02  2.941450e+01  3.256648e+05  3.263247e+04  1.999544e+57  2.940750e+54  2.090943e-06  2.979391e+105  1.000000e+00  1.000000e+00  1.000000e+00
2.212216e+02  1.684639e+03  1.219933e+03  7.630849e+02  2.212216e+02  1.662193e+00  1.496323e+00  1.658700e-01  1.012749e+01  1.012749e+01  3.546306e+00  9.979000e-02  2.424159e-01  3.932386e-01  3.932398e-01  2.884206e-02  2.296840e+01  3.412777e+05  2.965358e+04  2.052355e+57  2.672705e+54  1.859815e-06  1.807395e+105  1.000000e+00  1.000000e+00  1.000000e+00
2.212216e+02  1.786445e+03  1.219933e+03  8.648903e+02  2.212216e+02  1.684464e+00  1.533966e+00  1.504980e-01  9.978864e+00  9.978864e+00  3.433393e+00  8.934500e-02  2.493229e-01  4.123024e-01  4.123035e-01  2.592499e-02  1.793966e+01  3.571590e+05  2.678928e+04  2.101814e+57  2.414902e+54  1.612551e-06  1.232245e+105  1.000000e+00  1.000000e+00  1.000000e+00
2.212216e+02  1.901831e+03  1.219933e+03  9.802778e+02  2.212216e+02  1.703819e+00  1.568069e+00  1.357500e-01  9.824795e+00  9.824795e+00  3.317561e+00  7.967400e-02  2.561424e-01  4.319138e-01  4.319149e-01  2.327811e-02  1.407516e+01  3.726529e+05  2.406177e+04  2.144816e+57  2.169346e+54  1.409735e-06  6.491127e+104  1.000000e+00  1.000000e+00  1.000000e+00
2.212216e+02  2.032610e+03  1.219933e+03  1.111060e+03  2.212216e+02  1.720129e+00  1.598391e+00  1.217380e-01  9.669391e+00  9.669391e+00  3.199431e+00  7.077300e-02  2.627505e-01  4.517182e-01  4.517193e-01  2.096187e-02  1.115899e+01  3.877172e+05  2.148924e+04  2.181741e+57  1.937684e+54  1.154494e-06  4.821083e+104  1.000000e+00  1.000000e+00  1.000000e+00
2.212216e+02  2.180844e+03  1.219933e+03  1.259289e+03  2.212216e+02  1.733182e+00  1.624629e+00  1.085530e-01  9.515379e+00  9.515379e+00  3.079654e+00  6.263200e-02  2.690294e-01  4.713183e-01  4.713193e-01  1.892520e-02  8.952654e+00  4.032283e+05  1.908550e+04  2.218223e+57  1.721170e+54  9.042414e-07  2.061025e+104  1.000000e+00  1.000000e+00  1.000000e+00
2.212216e+02  2.348852e+03  1.219933e+03  1.427295e+03  2.212216e+02  1.742760e+00  1.646498e+00  9.626200e-02  9.364432e+00  9.364432e+00  2.958890e+00  5.523500e-02  2.748766e-01  4.903035e-01  4.903044e-01  1.715219e-02  7.286920e+00  4.170939e+05  1.685982e+04  2.242999e+57  1.520648e+54  7.040173e-07  -2.461648e+104  1.000000e+00  -1.000000e+00  1.000000e+00
2.212216e+02  2.539271e+03  1.219933e+03  1.617714e+03  2.212216e+02  1.748727e+00  1.663819e+00  8.490800e-02  9.217440e+00  9.217440e+00  2.837796e+00  4.855400e-02  2.802163e-01  5.082982e-01  5.082991e-01  1.561688e-02  6.026087e+00  4.290321e+05  1.481701e+04  2.255165e+57  1.336562e+54  4.196926e-07  -3.881716e+104  1.000000e+00  -1.000000e+00  1.000000e+00
2.212216e+02  2.755091e+03  1.219933e+03  1.833538e+03  2.212216e+02  1.751072e+00  1.676562e+00  7.451000e-02  9.074977e+00  9.074977e+00  2.717008e+00  4.255100e-02  2.849968e-01  5.249745e-01  5.249753e-01  1.429203e-02  5.067595e+00  4.408913e+05  1.295773e+04  2.265815e+57  1.168979e+54  3.948235e-08  -3.572610e+104  1.000000e+00  -1.000000e+00  1.000000e+00
2.212216e+02  2.999709e+03  1.219933e+03  2.078156e+03  2.212216e+02  1.749868e+00  1.684800e+00  6.506800e-02  8.937201e+00  8.937201e+00  2.597132e+00  3.718500e-02  2.891914e-01  5.400712e-01  5.400720e-01  1.315629e-02  4.336292e+00  4.515056e+05  1.127896e+04  2.269016e+57  1.017638e+54  -3.778679e-07  -3.818045e+104  -1.000000e+00  -1.000000e+00  1.000000e+00
2.212216e+02  3.276966e+03  1.219933e+03  2.355409e+03  2.212216e+02  1.745301e+00  1.688740e+00  5.656100e-02  8.804264e+00  8.804264e+00  2.478725e+00  3.240800e-02  2.927917e-01  5.533933e-01  5.533940e-01  1.218268e-02  3.774484e+00  4.607655e+05  9.774586e+03  2.264868e+57  8.819945e+53  -8.097673e-07  -3.413917e+104  -1.000000e+00  -1.000000e+00  1.000000e+00
2.212216e+02  3.591209e+03  1.219933e+03  2.669651e+03  2.212216e+02  1.737645e+00  1.688692e+00  4.895400e-02  8.676385e+00  8.676385e+00  2.362296e+00  2.817200e-02  2.958039e-01  5.648089e-01  5.648095e-01  1.135199e-02  3.341617e+00  4.695878e+05  8.436024e+03  2.259063e+57  7.612816e+53  -1.644807e-06  -3.035759e+104  -1.000000e+00  -1.000000e+00  1.000000e+00
2.212216e+02  3.947373e+03  1.219933e+03  3.025817e+03  2.212216e+02  1.727209e+00  1.685011e+00  4.219800e-02  8.553609e+00  8.553609e+00  2.248292e+00  2.443100e-02  2.982477e-01  5.742574e-01  5.742579e-01  1.064633e-02  3.007635e+00  4.758253e+05  7.252874e+03  2.239939e+57  6.545675e+53  -2.427536e-06  -2.920109e+104  -1.000000e+00  -1.000000e+00  1.000000e+00
2.212216e+02  4.351050e+03  1.219933e+03  3.429500e+03  2.212216e+02  1.714335e+00  1.678096e+00  3.623800e-02  8.436129e+00  8.436129e+00  2.137102e+00  2.113900e-02  3.001470e-01  5.817204e-01  5.817208e-01  1.004891e-02  2.750203e+00  4.815258e+05  6.213514e+03  2.219648e+57  5.608096e+53  -3.845119e-06  -2.401800e+104  -1.000000e+00  -1.000000e+00  1.000000e+00
2.212216e+02  4.808596e+03  1.219933e+03  3.887040e+03  2.212216e+02  1.699393e+00  1.668381e+00  3.101200e-02  8.324176e+00  8.324176e+00  2.029049e+00  1.824900e-02  3.015325e-01  5.872317e-01  5.872321e-01  9.543745e-03  2.552470e+00  4.856820e+05  5.305658e+03  2.192894e+57  4.789038e+53  -5.334588e-06  -1.951080e+104  -1.000000e+00  -1.000000e+00  1.000000e+00
2.212216e+02  5.327181e+03  1.219933e+03  4.405622e+03  2.212216e+02  1.682735e+00  1.656280e+00  2.645500e-02  8.217921e+00  8.217921e+00  1.924398e+00  1.572100e-02  3.024373e-01  5.908622e-01  5.908625e-01  9.121650e-03  2.403284e+00  4.892629e+05  4.516816e+03  2.165389e+57  4.077271e+53  -1.062336e-05  -1.513237e+104  -1.000000e+00  -1.000000e+00  1.000000e+00
2.212216e+02  5.914947e+03  1.219933e+03  4.993389e+03  2.212216e+02  1.664717e+00  1.642216e+00  2.250100e-02  8.117527e+00  8.117527e+00  1.823354e+00  1.351600e-02  3.028993e-01  5.927256e-01  5.927259e-01  8.769978e-03  2.293042e+00  4.913369e+05  3.834674e+03  2.132204e+57  3.461713e+53  -2.517109e-04  -1.288899e+104  -1.000000e+00  -1.000000e+00  1.000000e+00
2.212216e+02  6.581126e+03  1.219933e+03  5.659571e+03  2.212216e+02  1.645678e+00  1.626591e+00  1.908700e-02  8.023285e+00  8.023285e+00  1.726067e+00  1.159800e-02  3.029523e-01  5.929395e-01  5.929397e-01  8.482593e-03  2.215947e+00  4.919963e+05  3.247384e+03  2.094048e+57  2.931699e+53  -2.406425e-04  -9.677065e+103  -1.000000e+00  -1.000000e+00  1.000000e+00
2.212216e+02  7.336183e+03  1.219933e+03  6.414631e+03  2.212216e+02  1.625933e+00  1.609781e+00  1.615100e-02  7.935360e+00  7.935360e+00  1.632640e+00  9.933000e-03  3.026339e-01  5.916542e-01  5.916545e-01  8.250277e-03  2.166646e+00  4.931462e+05  2.743772e+03  2.061867e+57  2.477163e+53  1.080684e-03  -6.801020e+103  1.000000e+00  -1.000000e+00  1.000000e+00
2.212216e+02  8.191984e+03  1.219933e+03  7.270426e+03  2.212216e+02  1.605778e+00  1.592141e+00  1.363700e-02  7.853970e+00  7.853970e+00  1.543127e+00  8.492000e-03  3.019798e-01  5.890233e-01  5.890235e-01  8.066818e-03  2.141502e+00  4.929672e+05  2.313477e+03  2.025358e+57  2.088770e+53  2.753451e-05  -5.343024e+103  1.000000e+00  -1.000000e+00  1.000000e+00
2.212216e+02  9.161955e+03  1.219933e+03  8.240395e+03  2.212216e+02  1.585488e+00  1.573997e+00  1.149100e-02  7.779284e+00  7.779284e+00  1.457546e+00  7.248000e-03  3.010266e-01  5.852126e-01  5.852128e-01  7.926685e-03  2.137861e+00  4.915768e+05  1.947029e+03  1.985182e+57  1.757983e+53  1.096402e-05  -4.176060e+103  1.000000e+00  -1.000000e+00  1.000000e+00
2.212216e+02  1.026133e+04  1.219933e+03  9.339770e+03  2.212216e+02  1.565306e+00  1.555641e+00  9.665000e-03  7.711446e+00  7.711446e+00  1.375882e+00  6.175000e-03  2.998093e-01  5.803857e-01  5.803858e-01  7.823953e-03  2.153338e+00  4.899309e+05  1.635875e+03  1.946813e+57  1.477091e+53  9.827900e-06  -2.902999e+103  1.000000e+00  -1.000000e+00  1.000000e+00
2.212216e+02  1.150737e+04  1.219933e+03  1.058582e+04  2.212216e+02  1.545439e+00  1.537323e+00  8.116000e-03  7.650428e+00  7.650428e+00  1.298088e+00  5.252000e-03  2.983650e-01  5.747154e-01  5.747155e-01  7.753346e-03  2.186079e+00  4.880579e+05  1.372372e+03  1.910317e+57  1.239204e+53  8.932086e-06  -2.032982e+103  1.000000e+00  -1.000000e+00  1.000000e+00
2.212216e+02  1.291966e+04  1.219933e+03  1.199810e+04  2.212216e+02  1.526113e+00  1.519307e+00  6.806000e-03  7.596484e+00  7.596484e+00  1.224095e+00  4.460000e-03  2.967261e-01  5.683543e-01  5.683544e-01  7.710628e-03  2.234702e+00  4.860186e+05  1.149755e+03  1.875947e+57  1.038218e+53  8.214412e-06  -1.411656e+103  1.000000e+00  -1.000000e+00  1.000000e+00
2.212216e+02  1.452036e+04  1.219933e+03  1.359880e+04  2.212216e+02  1.507476e+00  1.501777e+00  5.699000e-03  7.549426e+00  7.549426e+00  1.153817e+00  3.781000e-03  2.949295e-01  5.614690e-01  5.614691e-01  7.691850e-03  2.297989e+00  4.838379e+05  9.620836e+02  1.843715e+57  8.687736e+52  6.904559e-06  -1.018274e+103  1.000000e+00  -1.000000e+00  1.000000e+00
2.212216e+02  1.633462e+04  1.219933e+03  1.541306e+04  2.212216e+02  1.489694e+00  1.484926e+00  4.767000e-03  7.509269e+00  7.509269e+00  1.087148e+00  3.200000e-03  2.930090e-01  5.542086e-01  5.542086e-01  7.693871e-03  2.374899e+00  4.808285e+05  8.041732e+02  1.809568e+57  7.261946e+52  6.331499e-06  -6.980798e+102  1.000000e+00  -1.000000e+00  1.000000e+00
2.212216e+02  1.839092e+04  1.219933e+03  1.746936e+04  2.212216e+02  1.472888e+00  1.468904e+00  3.984000e-03  7.475885e+00  7.475885e+00  1.023974e+00  2.705000e-03  2.909971e-01  5.467099e-01  5.467100e-01  7.710744e-03  2.463529e+00  4.785199e+05  6.715314e+02  1.782014e+57  6.064267e+52  6.061130e-06  -4.731847e+102  1.000000e+00  -1.000000e+00  1.000000e+00
2.212216e+02  2.071233e+04  1.219933e+03  1.979078e+04  2.212216e+02  1.457232e+00  1.453904e+00  3.328000e-03  7.449174e+00  7.449174e+00  9.643870e-01  2.284000e-03  2.889363e-01  5.391403e-01  5.391403e-01  7.739796e-03  2.562320e+00  4.755037e+05  5.606627e+02  1.752964e+57  5.063155e+52  5.006650e-06  -3.741122e+102  1.000000e+00  -1.000000e+00  1.000000e+00
3.039195e+02  1.030404e+02  1.326952e+03  1.000000e+00  3.039195e+02  1.055093e+00  7.790000e-04  1.054314e+00  6.483122e+00  1.991225e+00  6.483122e+00  9.992620e-01  2.403744e-01  3.877500e-01  3.040261e-02  4.016405e-02  3.336607e+01  1.167068e+02  2.054487e+05  9.813573e+53  2.002601e+55  4.167664e-06  1.678995e+105  1.000000e+00  1.000000e+00  0.000000e+00
3.039195e+02  1.076573e+02  1.326952e+03  1.133400e+00  3.039195e+02  1.054542e+00  9.150000e-04  1.053627e+00  6.481914e+00  2.038531e+00  6.481914e+00  9.991320e-01  2.402937e-01  3.875345e-01  3.195991e-02  4.017947e-02  3.343507e+01  1.373585e+02  2.052959e+05  1.152101e+54  2.000762e+55  4.171165e-06  1.660398e+105  1.000000e+00  1.000000e+00  0.000000e+00
3.039195e+02  1.131115e+02  1.326952e+03  1.284600e+00  3.039195e+02  1.053918e+00  1.075000e-03  1.052843e+00  6.480529e+00  2.088039e+00  6.480529e+00  9.989800e-01  2.402028e-01  3.872916e-01  3.363824e-02  4.019641e-02  3.351242e+01  1.614489e+02  2.051223e+05  1.349073e+54  1.998681e+55  4.182702e-06  1.683414e+105  1.000000e+00  1.000000e+00  0.000000e+00
3.039195e+02  1.191072e+02  1.326952e+03  1.456000e+00  3.039195e+02  1.053212e+00  1.261000e-03  1.051951e+00  6.478947e+00  2.139912e+00  6.478947e+00  9.988030e-01  2.401004e-01  3.870182e-01  3.545101e-02  4.021474e-02  3.359941e+01  1.896633e+02  2.049255e+05  1.578055e+54  1.996329e+55  4.201288e-06  1.890670e+105  1.000000e+00  1.000000e+00  0.000000e+00
3.039195e+02  1.250167e+02  1.326952e+03  1.650300e+00  3.039195e+02  1.052413e+00  1.479000e-03  1.050935e+00  6.477144e+00  2.194221e+00  6.477144e+00  9.985950e-01  2.399852e-01  3.867111e-01  3.740943e-02  4.023593e-02  3.369769e+01  2.227197e+02  2.047030e+05  1.844756e+54  1.993678e+55  4.210237e-06  2.091248e+105  1.000000e+00  1.000000e+00  0.000000e+00
3.039195e+02  1.316026e+02  1.326952e+03  1.870400e+00  3.039195e+02  1.051507e+00  1.733000e-03  1.049774e+00  6.475060e+00  2.251136e+00  6.475060e+00  9.983520e-01  2.398557e-01  3.863657e-01  3.952902e-02  4.026151e-02  3.381028e+01  2.614708e+02  2.044488e+05  2.155830e+54  1.990668e+55  4.217389e-06  2.371416e+105  1.000000e+00  1.000000e+00  0.000000e+00
3.039195e+02  1.379494e+02  1.326952e+03  2.120000e+00  3.039195e+02  1.050483e+00  2.031000e-03  1.048452e+00  6.472681e+00  2.310595e+00  6.472681e+00  9.980660e-01  2.397102e-01  3.859783e-01  4.181863e-02  4.028635e-02  3.393391e+01  3.069131e+02  2.041612e+05  2.519007e+54  1.987277e+55  4.229508e-06  2.187508e+105  1.000000e+00  1.000000e+00  0.000000e+00
3.039195e+02  1.527256e+02  1.326952e+03  2.402800e+00  3.039195e+02  1.049338e+00  2.365000e-03  1.046973e+00  6.470015e+00  2.369805e+00  6.470015e+00  9.977460e-01  2.395476e-01  3.855455e-01  4.417740e-02  4.031478e-02  3.407334e+01  3.579798e+02  2.038395e+05  2.925455e+54  1.983484e+55  4.239753e-06  3.624568e+105  1.000000e+00  1.000000e+00  0.000000e+00
3.039195e+02  1.576382e+02  1.326952e+03  2.723400e+00  3.039195e+02  1.048039e+00  2.760000e-03  1.045279e+00  6.466945e+00  2.431871e+00  6.466945e+00  9.973670e-01  2.393645e-01  3.850588e-01  4.673770e-02  4.034863e-02  3.423238e+01  4.183996e+02  2.034733e+05  3.404552e+54  1.979191e+55  4.256297e-06  4.738499e+105  1.000000e+00  1.000000e+00  0.000000e+00
3.039195e+02  1.627167e+02  1.326952e+03  3.086700e+00  3.039195e+02  1.046560e+00  3.229000e-03  1.043332e+00  6.463381e+00  2.498050e+00  6.463381e+00  9.969150e-01  2.391587e-01  3.845123e-01  4.956570e-02  4.038035e-02  3.440704e+01  4.905090e+02  2.030545e+05  3.974420e+54  1.974318e+55  4.276722e-06  5.440740e+105  1.000000e+00  1.000000e+00  0.000000e+00
3.039195e+02  1.679681e+02  1.326952e+03  3.498500e+00  3.039195e+02  1.044891e+00  3.785000e-03  1.041105e+00  6.459285e+00  2.568504e+00  6.459285e+00  9.963770e-01  2.389285e-01  3.839019e-01  5.268827e-02  4.041685e-02  3.460442e+01  5.763282e+02  2.025796e+05  4.650495e+54  1.968826e+55  4.297740e-06  6.231772e+105  1.000000e+00  1.000000e+00  0.000000e+00
3.039195e+02  1.734000e+02  1.326952e+03  3.965200e+00  3.039195e+02  1.042997e+00  4.444000e-03  1.038553e+00  6.454538e+00  2.643455e+00  6.454538e+00  9.957390e-01  2.386709e-01  3.832196e-01  5.613795e-02  4.045591e-02  3.482516e+01  6.783041e+02  2.020377e+05  5.451362e+54  1.962610e+55  4.316766e-06  7.125298e+105  1.000000e+00  1.000000e+00  0.000000e+00
3.039195e+02  1.790190e+02  1.326952e+03  4.494300e+00  3.039195e+02  1.040861e+00  5.223000e-03  1.035638e+00  6.449081e+00  2.722917e+00  6.449081e+00  9.949820e-01  2.383838e-01  3.824602e-01  5.994232e-02  4.049649e-02  3.507058e+01  7.993427e+02  2.014235e+05  6.398978e+54  1.955614e+55  4.342891e-06  8.136525e+105  1.000000e+00  1.000000e+00  0.000000e+00
3.039195e+02  1.848335e+02  1.326952e+03  5.093900e+00  3.039195e+02  1.038454e+00  6.142000e-03  1.032312e+00  6.442805e+00  2.807183e+00  6.442805e+00  9.940850e-01  2.380642e-01  3.816167e-01  6.414404e-02  4.054051e-02  3.534486e+01  9.429176e+02  2.007275e+05  7.519503e+54  1.947746e+55  4.369005e-06  9.281373e+105  1.000000e+00  1.000000e+00  0.000000e+00
3.039195e+02  1.908524e+02  1.326952e+03  5.773400e+00  3.039195e+02  1.035749e+00  7.227000e-03  1.028522e+00  6.435592e+00  2.896383e+00  6.435592e+00  9.930230e-01  2.377100e-01  3.806835e-01  6.878356e-02  4.058717e-02  3.565018e+01  1.113138e+03  1.999399e+05  8.843731e+54  1.938914e+55  4.392717e-06  1.057275e+106  1.000000e+00  1.000000e+00  0.000000e+00
3.039195e+02  1.970844e+02  1.326952e+03  6.543700e+00  3.039195e+02  1.032703e+00  8.504000e-03  1.024199e+00  6.427280e+00  2.990666e+00  6.427280e+00  9.917650e-01  2.373177e-01  3.796520e-01  7.390682e-02  4.063498e-02  3.598808e+01  1.314807e+03  1.990468e+05  1.040739e+55  1.928988e+55  4.417811e-06  1.202749e+106  1.000000e+00  1.000000e+00  0.000000e+00
3.039195e+02  2.035396e+02  1.326952e+03  7.416700e+00  3.039195e+02  1.029295e+00  1.000800e-02  1.019287e+00  6.417743e+00  3.090201e+00  6.417743e+00  9.902770e-01  2.368858e-01  3.785194e-01  7.956603e-02  4.068337e-02  3.636054e+01  1.553728e+03  1.980389e+05  1.225348e+55  1.917886e+55  4.448843e-06  1.366739e+106  1.000000e+00  1.000000e+00  0.000000e+00
3.039195e+02  2.102287e+02  1.326952e+03  8.406200e+00  3.039195e+02  1.025490e+00  1.177600e-02  1.013714e+00  6.406823e+00  3.195067e+00  6.406823e+00  9.885170e-01  2.364125e-01  3.772812e-01  8.581513e-02  4.073473e-02  3.677245e+01  1.836590e+03  1.969043e+05  1.443110e+55  1.905503e+55  4.479656e-06  1.550815e+106  1.000000e+00  1.000000e+00  0.000000e+00
3.039195e+02  2.171631e+02  1.326952e+03  9.527700e+00  3.039195e+02  1.021247e+00  1.385300e-02  1.007394e+00  6.394290e+00  3.305434e+00  6.394290e+00  9.864350e-01  2.358958e-01  3.759333e-01  9.271939e-02  4.078787e-02  3.722532e+01  2.171444e+03  1.956253e+05  1.699889e+55  1.891688e+55  4.511899e-06  1.756935e+106  1.000000e+00  1.000000e+00  0.000000e+00
3.039195e+02  2.243537e+02  1.326952e+03  1.079880e+01  3.039195e+02  1.016545e+00  1.629000e-02  1.000255e+00  6.379977e+00  3.418608e+00  6.379977e+00  9.839750e-01  2.353364e-01  3.744783e-01  1.001942e-01  4.070809e-02  3.759597e+01  2.567629e+03  1.941914e+05  2.002465e+55  1.876359e+55  4.548611e-06  1.987339e+106  1.000000e+00  1.000000e+00  0.000000e+00
3.039195e+02  2.318138e+02  1.326952e+03  1.223950e+01  3.039195e+02  1.011347e+00  1.914700e-02  9.922000e-01  6.363626e+00  3.535829e+00  6.363626e+00  9.810680e-01  2.347346e-01  3.729183e-01  1.083631e-01  4.088659e-02  3.824754e+01  3.036318e+03  1.925846e+05  2.358836e+55  1.859375e+55  4.588590e-06  2.243180e+106  1.000000e+00  1.000000e+00  0.000000e+00
3.039195e+02  2.395612e+02  1.326952e+03  1.387240e+01  3.039195e+02  1.005640e+00  2.249100e-02  9.831490e-01  6.345026e+00  3.659104e+00  6.345026e+00  9.776350e-01  2.340943e-01  3.712643e-01  1.174140e-01  4.093524e-02  3.881969e+01  3.590508e+03  1.907929e+05  2.778229e+55  1.840654e+55  4.631810e-06  2.526619e+106  1.000000e+00  1.000000e+00  0.000000e+00
3.039195e+02  2.476067e+02  1.326952e+03  1.572320e+01  3.039195e+02  9.994050e-01  2.640100e-02  9.730030e-01  6.323876e+00  3.788503e+00  6.323876e+00  9.735830e-01  2.334209e-01  3.695312e-01  1.274431e-01  4.098166e-02  3.942750e+01  4.245596e+03  1.887980e+05  3.271476e+55  1.820072e+55  4.676628e-06  2.839217e+106  1.000000e+00  1.000000e+00  0.000000e+00
3.039195e+02  2.559695e+02  1.326952e+03  1.782080e+01  3.039195e+02  9.926450e-01  3.096600e-02  9.616790e-01  6.299911e+00  3.924203e+00  6.299911e+00  9.688040e-01  2.327241e-01  3.677449e-01  1.385658e-01  4.102835e-02  4.006686e+01  5.019431e+03  1.865864e+05  3.850976e+55  1.797554e+55  4.729255e-06  3.182333e+106  1.000000e+00  1.000000e+00  0.000000e+00
3.039195e+02  2.646662e+02  1.326952e+03  2.019840e+01  3.039195e+02  9.853910e-01  3.628700e-02  9.491040e-01  6.272884e+00  4.066162e+00  6.272884e+00  9.631750e-01  2.320186e-01  3.659434e-01  1.508983e-01  4.107246e-02  4.072353e+01  5.933505e+03  1.841479e+05  4.531509e+55  1.773067e+55  4.788893e-06  3.555849e+106  1.000000e+00  1.000000e+00  0.000000e+00
3.039195e+02  2.737197e+02  1.326952e+03  2.289310e+01  3.039195e+02  9.776880e-01  4.247800e-02  9.352100e-01  6.242507e+00  4.214345e+00  6.242507e+00  9.565530e-01  2.313250e-01  3.641791e-01  1.645713e-01  4.112424e-02  4.138989e+01  7.012347e+03  1.814710e+05  5.329647e+55  1.746575e+55  4.855846e-06  3.960272e+106  1.000000e+00  1.000000e+00  0.000000e+00
3.039195e+02  2.831505e+02  1.326952e+03  2.594730e+01  3.039195e+02  9.696260e-01  4.966900e-02  9.199570e-01  6.208552e+00  4.368584e+00  6.208552e+00  9.487750e-01  2.306723e-01  3.625249e-01  1.797222e-01  4.118573e-02  4.204151e+01  8.285168e+03  1.785504e+05  6.264957e+55  1.718108e+55  4.936165e-06  4.394561e+106  1.000000e+00  1.000000e+00  0.000000e+00
3.039195e+02  2.929826e+02  1.326952e+03  2.940900e+01  3.039195e+02  9.613450e-01  5.800400e-02  9.033410e-01  6.170852e+00  4.528889e+00  6.170852e+00  9.396640e-01  2.300995e-01  3.610784e-01  1.965177e-01  4.127375e-02  4.265834e+01  9.785544e+03  1.753872e+05  7.359433e+55  1.687757e+55  5.034679e-06  4.857481e+106  1.000000e+00  1.000000e+00  0.000000e+00
3.039195e+02  3.032418e+02  1.326952e+03  3.333260e+01  3.039195e+02  9.530410e-01  6.764400e-02  8.853970e-01  6.129299e+00  4.695173e+00  6.129299e+00  9.290230e-01  2.296584e-01  3.599675e-01  2.151354e-01  4.140636e-02  4.320797e+01  1.155335e+04  1.719874e+05  8.638974e+55  1.655653e+55  5.161411e-06  5.346254e+106  1.000000e+00  1.000000e+00  0.000000e+00
3.039195e+02  3.139580e+02  1.326952e+03  3.777960e+01  3.039195e+02  9.449840e-01  7.876600e-02  8.662180e-01  6.083921e+00  4.867274e+00  6.083921e+00  9.166480e-01  2.294154e-01  3.593569e-01  2.357615e-01  4.161685e-02  4.365809e+01  1.363408e+04  1.683663e+05  1.013237e+56  1.622001e+55  5.346953e-06  5.856834e+106  1.000000e+00  1.000000e+00  0.000000e+00
3.039195e+02  3.251628e+02  1.326952e+03  4.281980e+01  3.039195e+02  9.375380e-01  9.156600e-02  8.459720e-01  6.034959e+00  5.045063e+00  6.034959e+00  9.023330e-01  2.294543e-01  3.594545e-01  2.585940e-01  4.195412e-02  4.397460e+01  1.608176e+04  1.645525e+05  1.187331e+56  1.587086e+55  5.661451e-06  6.386362e+106  1.000000e+00  1.000000e+00  0.000000e+00
3.039195e+02  3.368911e+02  1.326952e+03  4.853260e+01  3.039195e+02  9.311580e-01  1.062570e-01  8.249010e-01  5.982851e+00  5.228306e+00  5.982851e+00  8.858870e-01  2.298777e-01  3.605196e-01  2.838111e-01  4.249180e-02  4.412950e+01  1.895772e+04  1.605823e+05  1.389928e+56  1.551220e+55  6.402997e-06  6.926237e+106  1.000000e+00  1.000000e+00  0.000000e+00
3.039195e+02  3.491847e+02  1.326952e+03  5.500740e+01  3.039195e+02  9.264090e-01  1.230690e-01  8.033400e-01  5.928358e+00  5.416776e+00  5.928358e+00  8.671540e-01  2.308075e-01  3.628673e-01  3.115292e-01  4.332882e-02  4.409963e+01  2.233255e+04  1.565060e+05  1.625196e+56  1.514749e+55  1.339817e-05  7.478530e+106  1.000000e+00  1.000000e+00  0.000000e+00
3.039195e+02  3.620840e+02  1.326952e+03  6.234610e+01  3.039195e+02  9.239590e-01  1.422540e-01  7.817050e-01  5.872577e+00  5.610516e+00  5.872577e+00  8.460390e-01  2.323837e-01  3.668746e-01  3.416562e-01  4.459995e-02  4.387481e+01  2.629222e+04  1.523824e+05  1.898261e+56  1.477973e+55  2.105278e-05  8.023851e+106  1.000000e+00  1.000000e+00  0.000000e+00
3.039195e+02  3.756397e+02  1.326952e+03  7.066390e+01  3.039195e+02  9.245730e-01  1.640880e-01  7.604850e-01  5.817008e+00  5.809765e+00  5.817008e+00  8.225250e-01  2.347596e-01  3.729830e-01  3.725157e-01  4.646775e-02  4.344538e+01  3.092957e+04  1.482794e+05  2.214325e+56  1.441076e+55  1.708036e-06  8.561920e+106  1.000000e+00  1.000000e+00  0.000000e+00
3.039195e+02  3.899028e+02  1.326952e+03  8.009140e+01  3.039195e+02  9.291070e-01  1.890520e-01  7.400540e-01  6.031403e+00  6.031403e+00  5.763117e+00  7.965220e-01  2.275249e-01  3.546327e-01  3.546416e-01  4.188721e-02  4.579793e+01  3.638411e+04  1.442452e+05  2.581995e+56  1.403832e+55  3.403132e-06  9.255804e+106  1.000000e+00  1.000000e+00  0.000000e+00
3.039195e+02  4.049358e+02  1.326952e+03  9.077660e+01  3.039195e+02  9.386740e-01  2.188360e-01  7.198380e-01  6.296099e+00  6.296099e+00  5.709373e+00  7.668670e-01  2.202039e-01  3.367930e-01  3.368012e-01  3.588343e-02  4.620370e+01  4.298522e+04  1.401752e+05  3.024387e+56  1.365530e+55  3.890000e-06  1.026925e+107  1.000000e+00  1.000000e+00  0.000000e+00
3.039195e+02  4.208056e+02  1.326952e+03  1.028874e+02  3.039195e+02  9.549610e-01  2.557460e-01  6.992150e-01  6.609375e+00  6.609375e+00  5.653765e+00  7.321920e-01  2.134062e-01  3.208443e-01  3.208516e-01  3.081707e-02  4.641557e+01  5.118292e+04  1.359850e+05  3.572266e+56  1.325741e+55  4.131516e-06  1.159051e+107  1.000000e+00  1.000000e+00  0.000000e+00
3.039195e+02  4.375827e+02  1.326952e+03  1.166139e+02  3.039195e+02  9.802460e-01  3.022730e-01  6.779730e-01  6.975271e+00  6.975271e+00  5.595503e+00  6.916360e-01  2.075657e-01  3.075877e-01  3.075938e-01  2.786934e-02  4.822320e+01  6.149937e+04  1.316433e+05  4.260730e+56  1.284287e+55  4.932382e-06  1.141773e+107  1.000000e+00  1.000000e+00  0.000000e+00
3.039195e+02  1.053723e+03  1.326952e+03  1.321717e+02  3.039195e+02  9.890690e-01  3.363630e-01  6.527060e-01  7.226446e+00  7.226446e+00  5.530750e+00  6.599190e-01  2.021545e-01  2.956553e-01  2.956609e-01  2.739364e-02  5.409248e+01  6.868116e+04  1.261801e+05  4.744236e+56  1.224140e+55  6.664327e-06  3.306754e+106  1.000000e+00  1.000000e+00  1.000000e+00
3.039195e+02  1.071356e+03  1.326952e+03  1.498051e+02  3.039195e+02  9.932310e-01  3.717460e-01  6.214850e-01  7.455216e+00  7.455216e+00  5.447327e+00  6.257200e-01  1.967758e-01  2.841126e-01  2.841180e-01  2.767269e-02  6.253182e+01  7.579516e+04  1.196458e+05  5.220197e+56  1.153216e+55  6.734264e-06  2.876884e+106  1.000000e+00  1.000000e+00  1.000000e+00
3.039195e+02  1.091342e+03  1.326952e+03  1.697911e+02  3.039195e+02  1.002660e+00  4.160030e-01  5.866580e-01  7.713222e+00  7.713222e+00  5.348439e+00  5.851010e-01  1.919993e-01  2.741165e-01  2.741212e-01  2.862474e-02  7.313917e+01  8.460551e+04  1.125858e+05  5.805600e+56  1.079429e+55  5.214795e-06  3.087644e+106  1.000000e+00  1.000000e+00  1.000000e+00
3.039195e+02  1.113993e+03  1.326952e+03  1.924434e+02  3.039195e+02  1.019649e+00  4.702250e-01  5.494240e-01  7.999556e+00  7.999556e+00  5.236040e+00  5.388370e-01  1.882636e-01  2.664592e-01  2.664636e-01  3.010720e-02  8.486749e+01  9.545638e+04  1.052216e+05  6.521888e+56  1.005089e+55  4.770307e-06  3.407644e+106  1.000000e+00  1.000000e+00  1.000000e+00
3.039195e+02  1.139669e+03  1.326952e+03  2.181178e+02  3.039195e+02  1.046053e+00  5.351020e-01  5.109510e-01  8.307523e+00  8.307523e+00  5.112284e+00  4.884560e-01  1.859790e-01  2.618440e-01  2.618483e-01  3.197381e-02  9.580407e+01  1.086539e+05  9.776135e+04  7.386281e+56  9.322384e+54  4.601619e-06  3.645307e+106  1.000000e+00  1.000000e+00  1.000000e+00
3.039195e+02  1.168770e+03  1.326952e+03  2.472176e+02  3.039195e+02  1.082865e+00  6.104020e-01  4.724640e-01  8.624444e+00  8.624444e+00  4.980065e+00  4.363090e-01  1.854492e-01  2.607809e-01  2.607846e-01  3.416528e-02  1.038415e+02  1.240053e+05  9.041151e+04  8.383572e+56  8.626763e+54  4.523350e-06  3.751046e+106  1.000000e+00  1.000000e+00  1.000000e+00
3.039195e+02  1.201752e+03  1.326952e+03  2.801996e+02  3.039195e+02  1.129732e+00  6.945480e-01  4.351830e-01  8.933119e+00  8.933119e+00  4.843132e+00  3.852100e-01  1.867901e-01  2.634768e-01  2.634801e-01  3.621954e-02  1.061913e+02  1.416522e+05  8.336537e+04  9.513394e+56  7.978277e+54  4.394261e-06  3.694780e+106  1.000000e+00  1.000000e+00  1.000000e+00
3.039195e+02  1.239133e+03  1.326952e+03  3.175819e+02  3.039195e+02  1.184779e+00  7.845620e-01  4.002170e-01  9.215349e+00  9.215349e+00  4.705920e+00  3.377990e-01  1.898923e-01  2.697806e-01  2.697836e-01  3.776702e-02  1.019729e+02  1.608526e+05  7.678364e+04  1.072095e+57  7.385749e+54  4.269856e-06  3.406599e+106  1.000000e+00  1.000000e+00  1.000000e+00
3.039195e+02  1.281502e+03  1.326952e+03  3.599514e+02  3.039195e+02  1.244942e+00  8.765190e-01  3.684230e-01  9.455690e+00  9.455690e+00  4.573120e+00  2.959360e-01  1.944632e-01  2.792436e-01  2.792463e-01  3.851630e-02  9.233532e+01  1.813097e+05  7.077506e+04  1.197388e+57  6.851352e+54  4.065570e-06  2.981351e+106  1.000000e+00  1.000000e+00  1.000000e+00
3.039195e+02  1.329526e+03  1.326952e+03  4.079736e+02  3.039195e+02  1.306700e+00  9.663920e-01  3.403070e-01  9.644618e+00  9.644618e+00  4.449089e+00  2.604330e-01  2.001117e-01  2.912348e-01  2.912371e-01  3.836976e-02  7.971388e+01  2.022985e+05  6.538415e+04  1.321571e+57  6.370217e+54  3.853175e-06  2.445461e+106  1.000000e+00  1.000000e+00  1.000000e+00
3.039195e+02  1.383956e+03  1.326952e+03  4.624025e+02  3.039195e+02  1.366883e+00  1.050901e+00  3.159820e-01  9.778939e+00  9.778939e+00  4.337271e+00  2.311700e-01  2.064530e-01  3.051072e-01  3.051091e-01  3.739120e-02  6.646204e+01  2.231688e+05  6.058964e+04  1.439873e+57  5.930662e+54  3.640622e-06  1.859937e+106  1.000000e+00  1.000000e+00  1.000000e+00
3.039195e+02  1.445646e+03  1.326952e+03  5.240930e+02  3.039195e+02  1.423152e+00  1.128378e+00  2.947740e-01  9.860645e+00  9.860645e+00  4.237673e+00  2.071280e-01  2.131708e-01  3.203020e-01  3.203040e-01  3.579547e-02  5.421256e+01  2.433995e+05  5.626024e+04  1.548512e+57  5.512380e+54  3.367110e-06  1.342121e+106  1.000000e+00  1.000000e+00  1.000000e+00
3.039195e+02  1.515564e+03  1.326952e+03  5.940138e+02  3.039195e+02  1.474225e+00  1.200317e+00  2.739070e-01  9.893312e+00  9.893312e+00  4.135603e+00  1.857980e-01  2.200917e-01  3.365250e-01  3.365270e-01  3.373826e-02  4.355327e+01  2.636406e+05  5.200610e+04  1.650757e+57  5.096414e+54  3.054433e-06  9.607952e+105  1.000000e+00  1.000000e+00  1.000000e+00
3.039195e+02  1.594815e+03  1.326952e+03  6.732629e+02  3.039195e+02  1.519711e+00  1.266644e+00  2.530680e-01  9.881632e+00  9.881632e+00  4.028314e+00  1.665240e-01  2.271507e-01  3.537036e-01  3.537054e-01  3.135907e-02  3.456955e+01  2.834393e+05  4.779729e+04  1.743746e+57  4.684751e+54  2.809327e-06  6.285631e+105  1.000000e+00  1.000000e+00  1.000000e+00
3.039195e+02  1.684639e+03  1.326952e+03  7.630849e+02  3.039195e+02  1.559788e+00  1.327333e+00  2.324550e-01  9.832720e+00  9.832720e+00  3.916191e+00  1.490300e-01  2.343007e-01  3.717969e-01  3.717987e-01  2.885104e-02  2.723966e+01  3.023716e+05  4.367334e+04  1.825188e+57  4.281263e+54  2.521618e-06  4.186909e+105  1.000000e+00  1.000000e+00  1.000000e+00
3.039195e+02  1.786445e+03  1.326952e+03  8.648903e+02  3.039195e+02  1.594859e+00  1.382593e+00  2.122660e-01  9.754779e+00  9.754779e+00  3.799708e+00  1.330940e-01  2.414829e-01  3.907221e-01  3.907237e-01  2.631410e-02  2.136302e+01  3.213980e+05  3.967172e+04  1.900935e+57  3.889626e+54  2.188703e-06  2.951981e+105  1.000000e+00  1.000000e+00  1.000000e+00
3.039195e+02  1.901831e+03  1.326952e+03  9.802778e+02  3.039195e+02  1.625292e+00  1.432607e+00  1.926850e-01  9.655839e+00  9.655839e+00  3.679414e+00  1.185540e-01  2.486126e-01  4.103056e-01  4.103072e-01  2.388348e-02  1.676456e+01  3.401281e+05  3.582652e+04  1.969330e+57  3.513186e+54  1.940831e-06  1.855899e+105  1.000000e+00  1.000000e+00  1.000000e+00
3.039195e+02  2.032610e+03  1.326952e+03  1.111060e+03  3.039195e+02  1.651321e+00  1.477438e+00  1.738830e-01  9.542815e+00  9.542815e+00  3.555924e+00  1.052990e-01  2.555857e-01  4.302821e-01  4.302838e-01  2.166447e-02  1.324260e+01  3.579154e+05  3.216724e+04  2.027356e+57  3.154845e+54  1.727625e-06  9.456563e+104  1.000000e+00  1.000000e+00  1.000000e+00
3.039195e+02  2.180844e+03  1.326952e+03  1.259289e+03  3.039195e+02  1.673032e+00  1.517028e+00  1.560040e-01  9.421176e+00  9.421176e+00  3.429900e+00  9.324600e-02  2.622894e-01  4.503096e-01  4.503111e-01  1.964212e-02  1.054849e+01  3.747771e+05  2.871802e+04  2.075903e+57  2.816981e+54  1.450212e-06  4.329929e+104  1.000000e+00  1.000000e+00  1.000000e+00
3.039195e+02  2.348852e+03  1.326952e+03  1.427295e+03  3.039195e+02  1.690408e+00  1.551243e+00  1.391650e-01  9.294925e+00  9.294925e+00  3.302037e+00  8.232700e-02  2.686132e-01  4.699945e-01  4.699958e-01  1.784088e-02  8.505204e+00  3.915774e+05  2.549702e+04  2.120620e+57  2.501389e+54  1.185559e-06  1.068821e+104  1.000000e+00  1.000000e+00  1.000000e+00
3.039195e+02  2.539271e+03  1.326952e+03  1.617714e+03  3.039195e+02  1.703438e+00  1.579981e+00  1.234570e-01  9.166876e+00  9.166876e+00  3.173046e+00  7.247500e-02  2.744647e-01  4.889420e-01  4.889433e-01  1.625542e-02  6.957846e+00  4.063626e+05  2.251632e+04  2.151150e+57  2.209269e+54  9.217826e-07  -1.503135e+104  1.000000e+00  -1.000000e+00  1.000000e+00
3.039195e+02  2.755091e+03  1.326952e+03  1.833538e+03  3.039195e+02  1.712173e+00  1.603239e+00  1.089350e-01  9.039027e+00  9.039027e+00  3.043631e+00  6.362400e-02  2.797742e-01  5.067838e-01  5.067850e-01  1.486955e-02  5.783261e+00  4.209069e+05  1.978200e+04  2.178437e+57  1.941232e+54  5.906828e-07  -2.661682e+104  1.000000e+00  -1.000000e+00  1.000000e+00
3.039195e+02  2.999709e+03  1.326952e+03  2.078156e+03  3.039195e+02  1.716728e+00  1.621100e+00  9.562800e-02  8.912674e+00  8.912674e+00  2.914480e+00  5.570400e-02  2.844953e-01  5.231990e-01  5.232000e-01  1.367053e-02  4.890104e+00  4.331286e+05  1.729462e+04  2.191427e+57  1.697347e+54  2.622413e-07  -3.741778e+104  1.000000e+00  -1.000000e+00  1.000000e+00
3.039195e+02  3.276966e+03  1.326952e+03  2.355409e+03  3.039195e+02  1.717314e+00  1.633778e+00  8.353600e-02  8.788673e+00  8.788673e+00  2.786243e+00  4.864400e-02  2.886078e-01  5.379440e-01  5.379450e-01  1.263199e-02  4.205656e+00  4.448642e+05  1.504982e+04  2.201212e+57  1.477203e+54  -1.749787e-07  -3.325711e+104  -1.000000e+00  -1.000000e+00  1.000000e+00
3.039195e+02  3.591209e+03  1.326952e+03  2.669651e+03  3.039195e+02  1.714208e+00  1.641572e+00  7.263600e-02  8.667669e+00  8.667669e+00  2.659526e+00  4.237300e-02  2.921076e-01  5.508353e-01  5.508362e-01  1.174906e-02  3.682982e+00  4.550646e+05  1.303912e+04  2.202706e+57  1.279979e+54  -6.910026e-07  -3.450978e+104  -1.000000e+00  -1.000000e+00  1.000000e+00
3.039195e+02  3.947373e+03  1.326952e+03  3.025817e+03  3.039195e+02  1.707772e+00  1.644888e+00  6.288400e-02  8.550319e+00  8.550319e+00  2.534877e+00  3.682200e-02  2.950049e-01  5.617562e-01  5.617570e-01  1.099082e-02  3.279390e+00  4.636340e+05  1.125080e+04  2.195867e+57  1.104536e+54  -1.407014e-06  -3.260428e+104  -1.000000e+00  -1.000000e+00  1.000000e+00
3.039195e+02  4.351050e+03  1.326952e+03  3.429500e+03  3.039195e+02  1.698371e+00  1.644152e+00  5.422000e-02  8.436991e+00  8.436991e+00  2.412782e+00  3.192500e-02  2.973218e-01  5.706574e-01  5.706581e-01  1.034552e-02  2.968431e+00  4.705360e+05  9.670729e+03  2.181119e+57  9.494990e+53  -2.135893e-06  -2.754500e+104  -1.000000e+00  -1.000000e+00  1.000000e+00
3.039195e+02  4.808596e+03  1.326952e+03  3.887040e+03  3.039195e+02  1.686411e+00  1.639838e+00  4.657300e-02  8.328121e+00  8.328121e+00  2.293663e+00  2.761600e-02  2.990874e-01  5.775436e-01  5.775442e-01  9.801120e-03  2.730207e+00  4.767621e+05  8.283183e+03  2.164589e+57  8.133324e+53  -3.482579e-06  -2.191351e+104  -1.000000e+00  -1.000000e+00  1.000000e+00
3.039195e+02  5.327181e+03  1.326952e+03  4.405622e+03  3.039195e+02  1.672294e+00  1.632430e+00  3.986400e-02  8.224111e+00  8.224111e+00  2.177872e+00  2.383800e-02  3.003346e-01  5.824632e-01  5.824637e-01  9.342849e-03  2.548941e+00  4.813453e+05  7.071600e+03  2.141189e+57  6.944178e+53  -6.785924e-06  -1.909636e+104  -1.000000e+00  -1.000000e+00  1.000000e+00
3.039195e+02  5.914947e+03  1.326952e+03  4.993389e+03  3.039195e+02  1.656431e+00  1.622418e+00  3.401200e-02  8.125356e+00  8.125356e+00  2.065698e+00  2.053400e-02  3.011012e-01  5.855098e-01  5.855104e-01  8.960950e-03  2.413791e+00  4.843171e+05  6.019164e+03  2.111372e+57  5.911107e+53  -1.021215e-05  -1.544191e+104  -1.000000e+00  -1.000000e+00  1.000000e+00
3.039195e+02  6.581126e+03  1.326952e+03  5.659571e+03  3.039195e+02  1.639191e+00  1.610257e+00  2.893400e-02  8.032154e+00  8.032154e+00  1.957366e+00  1.765100e-02  3.014249e-01  5.868015e-01  5.868019e-01  8.646467e-03  2.316582e+00  4.866996e+05  5.109334e+03  2.081257e+57  5.017919e+53  -1.170626e-04  -1.152095e+104  -1.000000e+00  -1.000000e+00  1.000000e+00
3.039195e+02  7.336183e+03  1.326952e+03  6.414631e+03  3.039195e+02  1.620934e+00  1.596386e+00  2.454700e-02  7.944780e+00  7.944780e+00  1.853041e+00  1.514400e-02  3.013457e-01  5.864852e-01  5.864855e-01  8.391610e-03  2.251325e+00  4.876262e+05  4.326211e+03  2.046087e+57  4.249044e+53  -1.097174e-04  -8.650394e+103  -1.000000e+00  -1.000000e+00  1.000000e+00
3.039195e+02  8.191984e+03  1.326952e+03  7.270426e+03  3.039195e+02  1.601976e+00  1.581202e+00  2.077500e-02  7.863697e+00  7.863697e+00  1.752805e+00  1.296800e-02  3.008922e-01  5.846774e-01  5.846917e-01  8.186914e-03  2.212969e+00  4.889573e+05  3.654706e+03  2.016563e+57  3.589805e+53  -6.555017e-05  -6.415576e+103  -1.000000e+00  -1.000000e+00  1.000000e+00
3.039195e+02  9.161955e+03  1.326952e+03  8.240395e+03  3.039195e+02  1.582714e+00  1.565171e+00  1.754300e-02  7.788950e+00  7.788950e+00  1.656813e+00  1.108400e-02  3.001271e-01  5.816415e-01  5.816418e-01  8.028293e-03  2.197856e+00  4.881127e+05  3.081294e+03  1.977915e+57  3.026620e+53  1.935330e-05  -4.950929e+103  1.000000e+00  -1.000000e+00  1.000000e+00
3.039195e+02  1.026133e+04  1.326952e+03  9.339770e+03  3.039195e+02  1.563331e+00  1.548547e+00  1.478400e-02  7.720832e+00  7.720832e+00  1.564995e+00  9.457000e-03  2.990670e-01  5.774636e-01  5.774638e-01  7.909210e-03  2.203944e+00  4.877513e+05  2.592954e+03  1.945379e+57  2.547049e+53  1.888592e-05  -3.353614e+103  1.000000e+00  -1.000000e+00  1.000000e+00
3.039195e+02  1.150737e+04  1.326952e+03  1.058582e+04  3.039195e+02  1.544110e+00  1.531673e+00  1.243600e-02  7.659443e+00  7.659443e+00  1.477368e+00  8.054000e-03  2.977574e-01  5.723480e-01  5.723482e-01  7.826173e-03  2.229177e+00  4.862564e+05  2.178371e+03  1.909688e+57  2.139882e+53  9.587188e-06  -2.536541e+103  1.000000e+00  -1.000000e+00  1.000000e+00
3.039195e+02  1.291966e+04  1.326952e+03  1.199810e+04  3.039195e+02  1.525277e+00  1.514833e+00  1.044400e-02  7.604912e+00  7.604912e+00  1.393884e+00  6.847000e-03  2.962349e-01  5.664628e-01  5.664629e-01  7.771979e-03  2.271214e+00  4.845301e+05  1.827330e+03  1.875867e+57  1.795102e+53  7.864922e-06  -1.866912e+103  1.000000e+00  -1.000000e+00  1.000000e+00
3.039195e+02  1.452036e+04  1.326952e+03  1.359880e+04  3.039195e+02  1.507025e+00  1.498266e+00  8.759000e-03  7.557215e+00  7.557215e+00  1.314472e+00  5.812000e-03  2.945373e-01  5.599780e-01  5.599781e-01  7.744102e-03  2.329054e+00  4.818585e+05  1.530799e+03  1.839733e+57  1.503844e+53  7.018493e-06  -1.329866e+103  1.000000e+00  -1.000000e+00  1.000000e+00
3.039195e+02  1.633462e+04  1.326952e+03  1.541306e+04  3.039195e+02  1.489530e+00  1.482194e+00  7.335000e-03  7.516398e+00  7.516398e+00  1.239038e+00  4.924000e-03  2.926988e-01  5.530452e-01  5.530454e-01  7.736997e-03  2.400906e+00  4.798319e+05  1.280844e+03  1.810180e+57  1.258323e+53  6.726886e-06  -8.852644e+102  1.000000e+00  -1.000000e+00  1.000000e+00
3.039195e+02  1.839092e+04  1.326952e+03  1.746936e+04  3.039195e+02  1.472946e+00  1.466810e+00  6.136000e-03  7.482354e+00  7.482354e+00  1.167474e+00  4.166000e-03  2.907571e-01  5.458224e-01  5.458225e-01  7.747334e-03  2.485460e+00  4.769966e+05  1.070550e+03  1.778744e+57  1.051751e+53  6.149004e-06  -6.221999e+102  1.000000e+00  -1.000000e+00  1.000000e+00
3.039195e+02  2.071233e+04  1.326952e+03  1.979078e+04  3.039195e+02  1.457438e+00  1.452307e+00  5.131000e-03  7.454981e+00  7.454981e+00  1.099902e+00  3.520000e-03  2.887521e-01  5.384694e-01  5.384694e-01  7.769429e-03  2.580283e+00  4.748529e+05  8.945246e+02  1.753873e+57  8.788343e+52  6.685274e-06  -4.188054e+102  1.000000e+00  -1.000000e+00  1.000000e+00
4.175319e+02  1.030404e+02  1.468377e+03  1.000000e+00  4.175319e+02  1.205873e+00  5.870000e-04  1.205286e+00  6.677492e+00  1.811438e+00  6.677492e+00  9.995130e-01  2.667289e-01  4.640452e-01  2.767534e-02  3.186240e-02  1.573390e+01  8.796633e+01  2.469651e+05  7.396996e+53  2.585022e+55  3.754219e-06  1.032501e+105  1.000000e+00  1.000000e+00  0.000000e+00
4.175319e+02  1.076573e+02  1.468377e+03  1.133400e+00  4.175319e+02  1.205498e+00  6.910000e-04  1.204807e+00  6.676791e+00  1.854817e+00  6.676791e+00  9.994270e-01  2.666739e-01  4.638727e-01  2.909264e-02  3.187307e-02  1.575541e+01  1.035811e+02  2.468496e+05  8.688005e+53  2.583527e+55  3.746679e-06  1.021576e+105  1.000000e+00  1.000000e+00  0.000000e+00
4.175319e+02  1.131115e+02  1.468377e+03  1.284600e+00  4.175319e+02  1.205065e+00  8.120000e-04  1.204254e+00  6.675962e+00  1.900272e+00  6.675962e+00  9.993260e-01  2.666112e-01  4.636761e-01  3.062111e-02  3.188583e-02  1.578027e+01  1.218094e+02  2.467155e+05  1.017845e+54  2.581804e+55  3.748547e-06  1.036738e+105  1.000000e+00  1.000000e+00  0.000000e+00
4.175319e+02  1.191072e+02  1.468377e+03  1.456000e+00  4.175319e+02  1.204578e+00  9.530000e-04  1.203625e+00  6.675021e+00  1.947905e+00  6.675021e+00  9.992090e-01  2.665409e-01  4.634558e-01  3.227143e-02  3.153738e-02  1.562686e+01  1.431747e+02  2.465645e+05  1.191244e+54  2.579869e+55  3.770914e-06  1.165632e+105  1.000000e+00  1.000000e+00  0.000000e+00
4.175319e+02  1.250167e+02  1.468377e+03  1.650300e+00  4.175319e+02  1.204023e+00  1.118000e-03  1.202905e+00  6.673940e+00  1.997797e+00  6.673940e+00  9.990710e-01  2.664612e-01  4.632060e-01  3.405394e-02  3.191629e-02  1.583989e+01  1.682263e+02  2.463927e+05  1.393370e+54  2.577671e+55  3.783059e-06  1.290536e+105  1.000000e+00  1.000000e+00  0.000000e+00
4.175319e+02  1.316026e+02  1.468377e+03  1.870400e+00  4.175319e+02  1.203388e+00  1.312000e-03  1.202077e+00  6.672682e+00  2.050075e+00  6.672682e+00  9.989100e-01  2.663710e-01  4.629236e-01  3.598168e-02  3.192965e-02  1.587330e+01  1.976164e+02  2.461956e+05  1.629305e+54  2.575164e+55  3.794138e-06  1.465173e+105  1.000000e+00  1.000000e+00  0.000000e+00
4.175319e+02  1.379494e+02  1.468377e+03  2.120000e+00  4.175319e+02  1.202669e+00  1.538000e-03  1.201131e+00  6.671240e+00  2.104788e+00  6.671240e+00  9.987210e-01  2.662694e-01  4.626055e-01  3.806611e-02  3.194800e-02  1.591280e+01  2.321129e+02  2.459722e+05  1.905008e+54  2.572330e+55  3.805902e-06  1.353063e+105  1.000000e+00  1.000000e+00  0.000000e+00
4.175319e+02  1.527256e+02  1.468377e+03  2.402800e+00  4.175319e+02  1.201863e+00  1.793000e-03  1.200070e+00  6.669619e+00  2.159340e+00  6.669619e+00  9.985080e-01  2.661556e-01  4.622495e-01  4.021460e-02  3.196777e-02  1.595672e+01  2.709540e+02  2.457215e+05  2.214168e+54  2.569152e+55  3.816367e-06  2.247830e+105  1.000000e+00  1.000000e+00  0.000000e+00
4.175319e+02  1.576382e+02  1.468377e+03  2.723400e+00  4.175319e+02  1.200943e+00  2.094000e-03  1.198849e+00  6.667742e+00  2.216545e+00  6.667742e+00  9.982570e-01  2.660266e-01  4.618465e-01  4.254558e-02  3.199023e-02  1.600658e+01  3.169444e+02  2.454351e+05  2.578856e+54  2.565537e+55  3.835219e-06  2.941035e+105  1.000000e+00  1.000000e+00  0.000000e+00
4.175319e+02  1.627167e+02  1.468377e+03  3.086700e+00  4.175319e+02  1.199890e+00  2.452000e-03  1.197438e+00  6.665545e+00  2.277566e+00  6.665545e+00  9.979570e-01  2.658811e-01  4.613920e-01  4.511905e-02  3.201521e-02  1.606309e+01  3.718623e+02  2.451063e+05  3.012882e+54  2.561414e+55  3.856033e-06  3.380336e+105  1.000000e+00  1.000000e+00  0.000000e+00
4.175319e+02  1.679681e+02  1.468377e+03  3.498500e+00  4.175319e+02  1.198686e+00  2.877000e-03  1.195809e+00  6.662990e+00  2.342535e+00  6.662990e+00  9.976000e-01  2.657161e-01  4.608775e-01  4.795841e-02  3.204612e-02  1.612844e+01  4.372608e+02  2.447299e+05  3.528105e+54  2.556718e+55  3.877628e-06  3.876167e+105  1.000000e+00  1.000000e+00  0.000000e+00
4.175319e+02  1.734000e+02  1.468377e+03  3.965200e+00  4.175319e+02  1.197315e+00  3.381000e-03  1.193934e+00  6.660012e+00  2.411621e+00  6.660012e+00  9.971760e-01  2.655309e-01  4.603004e-01  5.109111e-02  3.207143e-02  1.619761e+01  5.150232e+02  2.442993e+05  4.138833e+54  2.551384e+55  3.899312e-06  4.437981e+105  1.000000e+00  1.000000e+00  0.000000e+00
4.175319e+02  1.790190e+02  1.468377e+03  4.494300e+00  4.175319e+02  1.195754e+00  3.977000e-03  1.191777e+00  6.656562e+00  2.485008e+00  6.656562e+00  9.966740e-01  2.653221e-01  4.596507e-01  5.454850e-02  3.210321e-02  1.627754e+01  6.073954e+02  2.438082e+05  4.862038e+54  2.545333e+55  3.926923e-06  5.075573e+105  1.000000e+00  1.000000e+00  0.000000e+00
4.175319e+02  1.848335e+02  1.468377e+03  5.093900e+00  4.175319e+02  1.193981e+00  4.681000e-03  1.189300e+00  6.652562e+00  2.562800e+00  6.652562e+00  9.960790e-01  2.650880e-01  4.589232e-01  5.836180e-02  3.213726e-02  1.636690e+01  7.170570e+02  2.432485e+05  5.717941e+54  2.538482e+55  3.952482e-06  5.798902e+105  1.000000e+00  1.000000e+00  0.000000e+00
4.175319e+02  1.908524e+02  1.468377e+03  5.773400e+00  4.175319e+02  1.191966e+00  5.513000e-03  1.186453e+00  6.647923e+00  2.645200e+00  6.647923e+00  9.953750e-01  2.648254e-01  4.581083e-01  6.257005e-02  3.217403e-02  1.646706e+01  8.471646e+02  2.426105e+05  6.730143e+54  2.530721e+55  3.976892e-06  6.617950e+105  1.000000e+00  1.000000e+00  0.000000e+00
4.175319e+02  1.970844e+02  1.468377e+03  6.543700e+00  4.175319e+02  1.189677e+00  6.495000e-03  1.183182e+00  6.642528e+00  2.732337e+00  6.642528e+00  9.945410e-01  2.645314e-01  4.571977e-01  6.721339e-02  3.221465e-02  1.657967e+01  1.001481e+03  2.418821e+05  7.926704e+54  2.521926e+55  4.001270e-06  7.544162e+105  1.000000e+00  1.000000e+00  0.000000e+00
4.175319e+02  2.035396e+02  1.468377e+03  7.416700e+00  4.175319e+02  1.187084e+00  7.651000e-03  1.179432e+00  6.636278e+00  2.824377e+00  6.636278e+00  9.935550e-01  2.642034e-01  4.561839e-01  7.233833e-02  3.225807e-02  1.670532e+01  1.184456e+03  2.410535e+05  9.340537e+54  2.511994e+55  4.031402e-06  8.591732e+105  1.000000e+00  1.000000e+00  0.000000e+00
4.175319e+02  2.102287e+02  1.468377e+03  8.406200e+00  4.175319e+02  1.184152e+00  9.013000e-03  1.175139e+00  6.629050e+00  2.921449e+00  6.629050e+00  9.923880e-01  2.638383e-01  4.550579e-01  7.799485e-02  3.230157e-02  1.684390e+01  1.401325e+03  2.401126e+05  1.101014e+55  2.500797e+55  4.062708e-06  9.774310e+105  1.000000e+00  1.000000e+00  0.000000e+00
4.175319e+02  2.171631e+02  1.468377e+03  9.527700e+00  4.175319e+02  1.180843e+00  1.061600e-02  1.170227e+00  6.620684e+00  3.023715e+00  6.620684e+00  9.910100e-01  2.634334e-01  4.538120e-01  8.424046e-02  3.234780e-02  1.699808e+01  1.658355e+03  2.390440e+05  1.298129e+55  2.488184e+55  4.094625e-06  1.110509e+106  1.000000e+00  1.000000e+00  0.000000e+00
4.175319e+02  2.243537e+02  1.468377e+03  1.079880e+01  4.175319e+02  1.177118e+00  1.250000e-02  1.164618e+00  6.611024e+00  3.128662e+00  6.611024e+00  9.893810e-01  2.629862e-01  4.524400e-01  9.099335e-02  3.239644e-02  1.716899e+01  1.962800e+03  2.378340e+05  1.530652e+55  2.474020e+55  4.129531e-06  1.260027e+106  1.000000e+00  1.000000e+00  0.000000e+00
4.175319e+02  2.318138e+02  1.468377e+03  1.223950e+01  4.175319e+02  1.172932e+00  1.471200e-02  1.158220e+00  6.599868e+00  3.237534e+00  6.599868e+00  9.874570e-01  2.624938e-01  4.509336e-01  9.836907e-02  3.244689e-02  1.735746e+01  2.323424e+03  2.364641e+05  1.804872e+55  2.458123e+55  4.166107e-06  1.427243e+106  1.000000e+00  1.000000e+00  0.000000e+00
4.175319e+02  2.395612e+02  1.468377e+03  1.387240e+01  4.175319e+02  1.168246e+00  1.730700e-02  1.150939e+00  6.587011e+00  3.352162e+00  6.587011e+00  9.851860e-01  2.619555e-01  4.492923e-01  1.065349e-01  3.249845e-02  1.756441e+01  2.750446e+03  2.349177e+05  2.128036e+55  2.440346e+55  4.203965e-06  1.613679e+106  1.000000e+00  1.000000e+00  0.000000e+00
4.175319e+02  2.476067e+02  1.468377e+03  1.572320e+01  4.175319e+02  1.163015e+00  2.034700e-02  1.142669e+00  6.572200e+00  3.472713e+00  6.572200e+00  9.825050e-01  2.613704e-01  4.475142e-01  1.155810e-01  3.254820e-02  1.778907e+01  3.255870e+03  2.331740e+05  2.508607e+55  2.420498e+55  4.246188e-06  1.821481e+106  1.000000e+00  1.000000e+00  0.000000e+00
4.175319e+02  2.559695e+02  1.468377e+03  1.782080e+01  4.175319e+02  1.157211e+00  2.390500e-02  1.133306e+00  6.555207e+00  3.599145e+00  6.555207e+00  9.793430e-01  2.607400e-01  4.456062e-01  1.255956e-01  3.259750e-02  1.803244e+01  3.854008e+03  2.312166e+05  2.956574e+55  2.398445e+55  4.290482e-06  2.051526e+106  1.000000e+00  1.000000e+00  0.000000e+00
4.175319e+02  2.646662e+02  1.468377e+03  2.019840e+01  4.175319e+02  1.150793e+00  2.806200e-02  1.122732e+00  6.535698e+00  3.731650e+00  6.535698e+00  9.756150e-01  2.600680e-01  4.435803e-01  1.366936e-01  3.264530e-02  1.829367e+01  4.561579e+03  2.290209e+05  3.483408e+55  2.373993e+55  4.341182e-06  2.304349e+106  1.000000e+00  1.000000e+00  0.000000e+00
4.175319e+02  2.737197e+02  1.468377e+03  2.289310e+01  4.175319e+02  1.143749e+00  3.291200e-02  1.110837e+00  6.513451e+00  3.870174e+00  6.513451e+00  9.712240e-01  2.593589e-01  4.414516e-01  1.489884e-01  3.268988e-02  1.857021e+01  5.398257e+03  2.265730e+05  4.102427e+55  2.347016e+55  4.399060e-06  2.581905e+106  1.000000e+00  1.000000e+00  0.000000e+00
4.175319e+02  2.831505e+02  1.468377e+03  2.594730e+01  4.175319e+02  1.136073e+00  3.856200e-02  1.097511e+00  6.488092e+00  4.014679e+00  6.488092e+00  9.660570e-01  2.586251e-01  4.392591e-01  1.626084e-01  3.273061e-02  1.885857e+01  6.387387e+03  2.238503e+05  4.829331e+55  2.317388e+55  4.457656e-06  2.883547e+106  1.000000e+00  1.000000e+00  0.000000e+00
4.175319e+02  2.929826e+02  1.468377e+03  2.940900e+01  4.175319e+02  1.127781e+00  4.513100e-02  1.082649e+00  6.459297e+00  4.165123e+00  6.459297e+00  9.599820e-01  2.578820e-01  4.370487e-01  1.776993e-01  3.276986e-02  1.915479e+01  7.555643e+03  2.208351e+05  5.681628e+55  2.284998e+55  4.524936e-06  3.209106e+106  1.000000e+00  1.000000e+00  0.000000e+00
4.175319e+02  3.032418e+02  1.468377e+03  3.333260e+01  4.175319e+02  1.118932e+00  5.275500e-02  1.066177e+00  6.426777e+00  4.321444e+00  6.426777e+00  9.528520e-01  2.571532e-01  4.348907e-01  1.944232e-01  3.280876e-02  1.945083e+01  8.935017e+03  2.175161e+05  6.680071e+55  2.249823e+55  4.602673e-06  3.558666e+106  1.000000e+00  1.000000e+00  0.000000e+00
4.175319e+02  3.139580e+02  1.468377e+03  3.777960e+01  4.175319e+02  1.109618e+00  6.158300e-02  1.048035e+00  6.390233e+00  4.483581e+00  6.390233e+00  9.445010e-01  2.564710e-01  4.328795e-01  2.129639e-01  3.285115e-02  1.973642e+01  1.056257e+04  2.138831e+05  7.848344e+55  2.211859e+55  4.694678e-06  3.929666e+106  1.000000e+00  1.000000e+00  0.000000e+00
4.175319e+02  3.251628e+02  1.468377e+03  4.281980e+01  4.175319e+02  1.099996e+00  7.178100e-02  1.028215e+00  6.349461e+00  4.651472e+00  6.349461e+00  9.347450e-01  2.558797e-01  4.311431e-01  2.335270e-01  3.290615e-02  1.999895e+01  1.248178e+04  2.099363e+05  9.213518e+55  2.171207e+55  4.808638e-06  4.319576e+106  1.000000e+00  1.000000e+00  0.000000e+00
4.175319e+02  3.368911e+02  1.468377e+03  4.853260e+01  4.175319e+02  1.090293e+00  8.353200e-02  1.006761e+00  6.304341e+00  4.824837e+00  6.304341e+00  9.233860e-01  2.554378e-01  4.298494e-01  2.563214e-01  3.298862e-02  2.022311e+01  1.474266e+04  2.056833e+05  1.080628e+56  2.128037e+55  4.955956e-06  4.722895e+106  1.000000e+00  1.000000e+00  0.000000e+00
4.175319e+02  3.491847e+02  1.468377e+03  5.500740e+01  4.175319e+02  1.080823e+00  9.703500e-02  9.837880e-01  6.254899e+00  5.003498e+00  6.254899e+00  9.102210e-01  2.552207e-01  4.292152e-01  2.815835e-01  3.312725e-02  2.039457e+01  1.740279e+04  2.011429e+05  1.266090e+56  2.082608e+55  5.169473e-06  5.137638e+106  1.000000e+00  1.000000e+00  0.000000e+00
4.175319e+02  3.620840e+02  1.468377e+03  6.234610e+01  4.175319e+02  1.072005e+00  1.125060e-01  9.594990e-01  6.201377e+00  5.187246e+00  6.201377e+00  8.950510e-01  2.553233e-01  4.295149e-01  3.095569e-01  3.335922e-02  2.049616e+01  2.053099e+04  1.963471e+05  1.481801e+56  2.035268e+55  5.530900e-06  5.556983e+106  1.000000e+00  1.000000e+00  0.000000e+00
4.175319e+02  3.756397e+02  1.468377e+03  7.066390e+01  4.175319e+02  1.064376e+00  1.301750e-01  9.342000e-01  6.144295e+00  5.375777e+00  6.144295e+00  8.776980e-01  2.558612e-01  4.310890e-01  3.404608e-01  3.374640e-02  2.051699e+01  2.420324e+04  1.913422e+05  1.732015e+56  1.986430e+55  6.409385e-06  5.977320e+106  1.000000e+00  1.000000e+00  0.000000e+00
4.175319e+02  3.899028e+02  1.468377e+03  8.009140e+01  4.175319e+02  1.058592e+00  1.502890e-01  9.083030e-01  6.084526e+00  5.568818e+00  6.084526e+00  8.580300e-01  2.569706e-01  4.343514e-01  3.744339e-01  3.437607e-02  2.045258e+01  2.851159e+04  1.861887e+05  2.021933e+56  1.936532e+55  1.498107e-05  6.391004e+106  1.000000e+00  1.000000e+00  0.000000e+00
4.175319e+02  4.049358e+02  1.468377e+03  9.077660e+01  4.175319e+02  1.055429e+00  1.731080e-01  8.823210e-01  6.023354e+00  5.766112e+00  6.023354e+00  8.359830e-01  2.588049e-01  4.397953e-01  4.112957e-01  3.535564e-02  2.030043e+01  3.355371e+04  1.809582e+05  2.356725e+56  1.885952e+55  2.299704e-05  6.781358e+106  1.000000e+00  1.000000e+00  0.000000e+00
4.175319e+02  4.208056e+02  1.468377e+03  1.028874e+02  4.175319e+02  1.055766e+00  1.989210e-01  8.568450e-01  5.967979e+00  5.967979e+00  5.962510e+00  8.115860e-01  2.612895e-01  4.472689e-01  4.472832e-01  3.862790e-02  2.114462e+01  3.945588e+04  1.757392e+05  2.743292e+56  1.834906e+55  1.124054e-06  7.160802e+106  1.000000e+00  1.000000e+00  0.000000e+00
4.175319e+02  4.375827e+02  1.468377e+03  1.166139e+02  4.175319e+02  1.060573e+00  2.283670e-01  8.322060e-01  6.193735e+00  6.193735e+00  5.903364e+00  7.846760e-01  2.529120e-01  4.225226e-01  4.225349e-01  3.273504e-02  2.108996e+01  4.640322e+04  1.705436e+05  3.192600e+56  1.782914e+55  6.007683e-06  6.864384e+106  1.000000e+00  1.000000e+00  0.000000e+00
4.175319e+02  1.053723e+03  1.468377e+03  1.321717e+02  4.175319e+02  1.056508e+00  2.483130e-01  8.081950e-01  6.341697e+00  6.341697e+00  5.850947e+00  7.649690e-01  2.460644e-01  4.032117e-01  4.032233e-01  3.021099e-02  2.232711e+01  5.094544e+04  1.650353e+05  3.485717e+56  1.719627e+55  4.166432e-06  2.225765e+106  1.000000e+00  1.000000e+00  1.000000e+00
4.175319e+02  1.071356e+03  1.468377e+03  1.498051e+02  4.175319e+02  1.047871e+00  2.687160e-01  7.791540e-01  6.471488e+00  6.471488e+00  5.786054e+00  7.435600e-01  2.391581e-01  3.845108e-01  3.845213e-01  2.781233e-02  2.369874e+01  5.534415e+04  1.585175e+05  3.765410e+56  1.644501e+55  4.177624e-06  2.109296e+106  1.000000e+00  1.000000e+00  1.000000e+00
4.175319e+02  1.091342e+03  1.468377e+03  1.697911e+02  4.175319e+02  1.040037e+00  2.942470e-01  7.457900e-01  6.622548e+00  6.622548e+00  5.707498e+00  7.170800e-01  2.319559e-01  3.657836e-01  3.657931e-01  2.596568e-02  2.577941e+01  6.077422e+04  1.512512e+05  4.107900e+56  1.562867e+55  4.539700e-06  2.184654e+106  1.000000e+00  1.000000e+00  1.000000e+00
4.175319e+02  1.113993e+03  1.468377e+03  1.924434e+02  4.175319e+02  1.034658e+00  3.257700e-01  7.088880e-01  6.800188e+00  6.800188e+00  5.615964e+00  6.851420e-01  2.247282e-01  3.477338e-01  3.477424e-01  2.449319e-02  2.848774e+01  6.748101e+04  1.434023e+05  4.528427e+56  1.476785e+55  8.711651e-06  2.253150e+106  1.000000e+00  1.000000e+00  1.000000e+00
4.175319e+02  1.139669e+03  1.468377e+03  2.181178e+02  4.175319e+02  1.033563e+00  3.643530e-01  6.692090e-01  7.008375e+00  7.008375e+00  5.512067e+00  6.474780e-01  2.178217e-01  3.311384e-01  3.311460e-01  2.382275e-02  3.239149e+01  7.563466e+04  1.351287e+05  5.038555e+56  1.388171e+55  9.634159e-06  2.306913e+106  1.000000e+00  1.000000e+00  1.000000e+00
4.175319e+02  1.168770e+03  1.468377e+03  2.472176e+02  4.175319e+02  1.038766e+00  4.111340e-01  6.276320e-01  7.248665e+00  7.248665e+00  5.396830e+00  6.042090e-01  2.116613e-01  3.168416e-01  3.168486e-01  2.333382e-02  3.661723e+01  8.559353e+04  1.266027e+05  5.659696e+56  1.298961e+55  3.729545e-06  2.400100e+106  1.000000e+00  1.000000e+00  1.000000e+00
4.175319e+02  1.201752e+03  1.468377e+03  2.801996e+02  4.175319e+02  1.052259e+00  4.670950e-01  5.851640e-01  7.518672e+00  7.518672e+00  5.271913e+00  5.561030e-01  2.067109e-01  3.056808e-01  3.056867e-01  2.377236e-02  4.199180e+01  9.759083e+04  1.180106e+05  6.405638e+56  1.211067e+55  4.032409e-06  2.431688e+106  1.000000e+00  1.000000e+00  1.000000e+00
4.175319e+02  1.239133e+03  1.468377e+03  3.175819e+02  4.175319e+02  1.075610e+00  5.327070e-01  5.429030e-01  7.810692e+00  7.810692e+00  5.139736e+00  5.047400e-01  2.033982e-01  2.983689e-01  2.983747e-01  2.480146e-02  4.749409e+01  1.116878e+05  1.095429e+05  7.277613e+56  1.126226e+55  4.110864e-06  2.462419e+106  1.000000e+00  1.000000e+00  1.000000e+00
4.175319e+02  1.281502e+03  1.468377e+03  3.599514e+02  4.175319e+02  1.109468e+00  6.075210e-01  5.019470e-01  8.111303e+00  8.111303e+00  5.003449e+00  4.524220e-01  2.020253e-01  2.953744e-01  2.953794e-01  2.615378e-02  5.180980e+01  1.282018e+05  1.013773e+05  8.289041e+56  1.045828e+55  4.028759e-06  2.449675e+106  1.000000e+00  1.000000e+00  1.000000e+00
4.175319e+02  1.329526e+03  1.468377e+03  4.079736e+02  4.175319e+02  1.153145e+00  6.898630e-01  4.632820e-01  8.403481e+00  8.403481e+00  4.866737e+00  4.017550e-01  2.026779e-01  2.967952e-01  2.967993e-01  2.749790e-02  5.360143e+01  1.468554e+05  9.366046e+04  9.414866e+56  9.707465e+54  3.972300e-06  2.281637e+106  1.000000e+00  1.000000e+00  1.000000e+00
4.175319e+02  1.383956e+03  1.468377e+03  4.624025e+02  4.175319e+02  1.204578e+00  7.769120e-01  4.276650e-01  8.669869e+00  8.669869e+00  4.733464e+00  3.550330e-01  2.052125e-01  3.023583e-01  3.023620e-01  2.851379e-02  5.223295e+01  1.670563e+05  8.649070e+04  1.060880e+57  9.012237e+54  3.880193e-06  2.003156e+106  1.000000e+00  1.000000e+00  1.000000e+00
4.175319e+02  1.445646e+03  1.468377e+03  5.240930e+02  4.175319e+02  1.260739e+00  8.651950e-01  3.955440e-01  8.896763e+00  8.896763e+00  4.607220e+00  3.137400e-01  2.093028e-01  3.114887e-01  3.114918e-01  2.892987e-02  4.801566e+01  1.883996e+05  7.990877e+04  1.183448e+57  8.368373e+54  3.735395e-06  1.665478e+106  1.000000e+00  1.000000e+00  1.000000e+00
4.175319e+02  1.515564e+03  1.468377e+03  5.940138e+02  4.175319e+02  1.318341e+00  9.513260e-01  3.670150e-01  9.076137e+00  9.076137e+00  4.490892e+00  2.783920e-01  2.145401e-01  3.234648e-01  3.234678e-01  2.875731e-02  4.218094e+01  2.101424e+05  7.389727e+04  1.303673e+57  7.765117e+54  3.540512e-06  1.298205e+106  1.000000e+00  1.000000e+00  1.000000e+00
4.175319e+02  1.594815e+03  1.468377e+03  6.732629e+02  4.175319e+02  1.374506e+00  1.033239e+00  3.412680e-01  9.205803e+00  9.205803e+00  4.383448e+00  2.482840e-01  2.205295e-01  3.375716e-01  3.375742e-01  2.800007e-02  3.578705e+01  2.321758e+05  6.831590e+04  1.420052e+57  7.182909e+54  3.270790e-06  9.876924e+105  1.000000e+00  1.000000e+00  1.000000e+00
4.175319e+02  1.684639e+03  1.468377e+03  7.630849e+02  4.175319e+02  1.427271e+00  1.111487e+00  3.157840e-01  9.286545e+00  9.286545e+00  4.272074e+00  2.212500e-01  2.270042e-01  3.533402e-01  3.533427e-01  2.680122e-02  2.964113e+01  2.545540e+05  6.282837e+04  1.532171e+57  6.607151e+54  3.063402e-06  6.940848e+105  1.000000e+00  1.000000e+00  1.000000e+00
4.175319e+02  1.786445e+03  1.468377e+03  8.648903e+02  4.175319e+02  1.475511e+00  1.185002e+00  2.905090e-01  9.321841e+00  9.321841e+00  4.155458e+00  1.968870e-01  2.337880e-01  3.704753e-01  3.704777e-01  2.526645e-02  2.411823e+01  2.759848e+05  5.744574e+04  1.632277e+57  6.042207e+54  2.808264e-06  4.695486e+105  1.000000e+00  1.000000e+00  1.000000e+00
4.175319e+02  1.901831e+03  1.468377e+03  9.802778e+02  4.175319e+02  1.518682e+00  1.252998e+00  2.656840e-01  9.317899e+00  9.317899e+00  4.034078e+00  1.749440e-01  2.407301e-01  3.887017e-01  3.887040e-01  2.352878e-02  1.940235e+01  2.977918e+05  5.221718e+04  1.727962e+57  5.493247e+54  2.483879e-06  3.309178e+105  1.000000e+00  1.000000e+00  1.000000e+00
4.175319e+02  2.032610e+03  1.468377e+03  1.111060e+03  4.175319e+02  1.556587e+00  1.315044e+00  2.415420e-01  9.281951e+00  9.281951e+00  3.908492e+00  1.551740e-01  2.476941e-01  4.077364e-01  4.077385e-01  2.176872e-02  1.556558e+01  3.188298e+05  4.718754e+04  1.813052e+57  4.964998e+54  2.284913e-06  1.868683e+105  1.000000e+00  1.000000e+00  1.000000e+00
4.175319e+02  2.180844e+03  1.468377e+03  1.259289e+03  4.175319e+02  1.589217e+00  1.370919e+00  2.182980e-01  9.221493e+00  9.221493e+00  3.779334e+00  1.373620e-01  2.545445e-01  4.272452e-01  4.272473e-01  2.001987e-02  1.248976e+01  3.383972e+05  4.239593e+04  1.884124e+57  4.461589e+54  2.005693e-06  1.076575e+105  1.000000e+00  1.000000e+00  1.000000e+00
4.175319e+02  2.348852e+03  1.468377e+03  1.427295e+03  4.175319e+02  1.616606e+00  1.420469e+00  1.961370e-01  9.143152e+00  9.143152e+00  3.647294e+00  1.213270e-01  2.611499e-01  4.468458e-01  4.468478e-01  1.836808e-02  1.008156e+01  3.581633e+05  3.787454e+04  1.951465e+57  3.986426e+54  1.728568e-06  5.359993e+104  1.000000e+00  1.000000e+00  1.000000e+00
4.175319e+02  2.539271e+03  1.468377e+03  1.617714e+03  4.175319e+02  1.638826e+00  1.463612e+00  1.752140e-01  9.052412e+00  9.052412e+00  3.513100e+00  1.069150e-01  2.673931e-01  4.661341e-01  4.661362e-01  1.683908e-02  8.212514e+00  3.757021e+05  3.364789e+04  2.002120e+57  3.542109e+54  1.491194e-06  6.002774e+103  1.000000e+00  1.000000e+00  1.000000e+00
4.175319e+02  2.755091e+03  1.468377e+03  1.833538e+03  4.175319e+02  1.655985e+00  1.500337e+00  1.556480e-01  8.953620e+00  8.953620e+00  3.377501e+00  9.399100e-02  2.731740e-01  4.846995e-01  4.847012e-01  1.546333e-02  6.776638e+00  3.926460e+05  2.973257e+04  2.046220e+57  3.130406e+54  1.169496e-06  -1.325298e+104  1.000000e+00  -1.000000e+00  1.000000e+00
4.175319e+02  2.999709e+03  1.468377e+03  2.078156e+03  4.175319e+02  1.668233e+00  1.530716e+00  1.375170e-01  8.849905e+00  8.849905e+00  3.241248e+00  8.243300e-02  2.784196e-01  5.021708e-01  5.021723e-01  1.423828e-02  5.673695e+00  4.080686e+05  2.613734e+04  2.079449e+57  2.752265e+54  8.673378e-07  -2.786853e+104  1.000000e+00  -1.000000e+00  1.000000e+00
4.175319e+02  3.276966e+03  1.468377e+03  2.355409e+03  4.175319e+02  1.675789e+00  1.554921e+00  1.208680e-01  8.743576e+00  8.743576e+00  3.105075e+00  7.212600e-02  2.830817e-01  5.182278e-01  5.182294e-01  1.316344e-02  4.827469e+00  4.218723e+05  2.286371e+04  2.102162e+57  2.407865e+54  5.117615e-07  -3.083051e+104  1.000000e+00  -1.000000e+00  1.000000e+00
4.175319e+02  3.591209e+03  1.468377e+03  2.669651e+03  4.175319e+02  1.678965e+00  1.573258e+00  1.057070e-01  8.636553e+00  8.636553e+00  2.969681e+00  6.296000e-02  2.871328e-01  5.326065e-01  5.326080e-01  1.222972e-02  4.177493e+00  4.349374e+05  1.990667e+04  2.120115e+57  2.096704e+54  7.325625e-08  -3.389221e+104  1.000000e+00  -1.000000e+00  1.000000e+00
4.175319e+02  3.947373e+03  1.468377e+03  3.025817e+03  4.175319e+02  1.678106e+00  1.586092e+00  9.201400e-02  8.530085e+00  8.530085e+00  2.835719e+00  5.483200e-02  2.905679e-01  5.451243e-01  5.451256e-01  1.142097e-02  3.675961e+00  4.453210e+05  1.725575e+04  2.123222e+57  1.817697e+54  -3.754779e-07  -3.444343e+104  -1.000000e+00  -1.000000e+00  1.000000e+00
4.175319e+02  4.351050e+03  1.468377e+03  3.429500e+03  4.175319e+02  1.673637e+00  1.593896e+00  7.974100e-02  8.425321e+00  8.425321e+00  2.703789e+00  4.764500e-02  2.933976e-01  5.556693e-01  5.556704e-01  1.072977e-02  3.290163e+00  4.548726e+05  1.489613e+04  2.122537e+57  1.569301e+54  -1.030178e-06  -2.867882e+104  -1.000000e+00  -1.000000e+00  1.000000e+00
4.175319e+02  4.808596e+03  1.468377e+03  3.887040e+03  4.175319e+02  1.665970e+00  1.597151e+00  6.881900e-02  8.323011e+00  8.323011e+00  2.574420e+00  4.130900e-02  2.956435e-01  5.641946e-01  5.641957e-01  1.013860e-02  2.992642e+00  4.626281e+05  1.280971e+04  2.113308e+57  1.349627e+54  -1.711599e-06  -2.486216e+104  -1.000000e+00  -1.000000e+00  1.000000e+00
4.175319e+02  5.327181e+03  1.468377e+03  4.405622e+03  4.175319e+02  1.655589e+00  1.596424e+00  5.916400e-02  8.224173e+00  8.224173e+00  2.448077e+00  3.573600e-02  2.973321e-01  5.706975e-01  5.706983e-01  9.639244e-03  2.765300e+00  4.695635e+05  1.097624e+04  2.101563e+57  1.156555e+54  -3.811177e-06  -2.125775e+104  -1.000000e+00  -1.000000e+00  1.000000e+00
4.175319e+02  5.914947e+03  1.468377e+03  4.993389e+03  4.175319e+02  1.642911e+00  1.592229e+00  5.068300e-02  8.129211e+00  8.129211e+00  2.325151e+00  3.084900e-02  2.985021e-01  5.752507e-01  5.752515e-01  9.219468e-03  2.593452e+00  4.738389e+05  9.374251e+03  2.077283e+57  9.878334e+53  -4.752730e-06  -1.720336e+104  -1.000000e+00  -1.000000e+00  1.000000e+00
4.175319e+02  6.581126e+03  1.468377e+03  5.659571e+03  4.175319e+02  1.628380e+00  1.585106e+00  4.327400e-02  8.038836e+00  8.038836e+00  2.205964e+00  2.657500e-02  2.991881e-01  5.779393e-01  5.779400e-01  8.871363e-03  2.467002e+00  4.782808e+05  7.981864e+03  2.056848e+57  8.411685e+53  -8.058544e-06  -1.216981e+104  -1.000000e+00  -1.000000e+00  1.000000e+00
4.175319e+02  7.336183e+03  1.468377e+03  6.414631e+03  4.175319e+02  1.612409e+00  1.575572e+00  3.683700e-02  7.953486e+00  7.953486e+00  2.090770e+00  2.284600e-02  2.994329e-01  5.789017e-01  5.789023e-01  8.586385e-03  2.378021e+00  4.811122e+05  6.777490e+03  2.030425e+57  7.142924e+53  -5.127165e-05  -1.004646e+104  -1.000000e+00  -1.000000e+00  1.000000e+00
4.175319e+02  8.191984e+03  1.468377e+03  7.270426e+03  4.175319e+02  1.595380e+00  1.564108e+00  3.127100e-02  7.873575e+00  7.873575e+00  1.979760e+00  1.960100e-02  2.992773e-01  5.782898e-01  5.782903e-01  8.355149e-03  2.320057e+00  4.824397e+05  5.740326e+03  1.998775e+57  6.050197e+53  3.171236e-04  -7.983954e+103  1.000000e+00  -1.000000e+00  1.000000e+00
4.175319e+02  9.161955e+03  1.468377e+03  8.240395e+03  4.175319e+02  1.577662e+00  1.551182e+00  2.648000e-02  7.799623e+00  7.799623e+00  1.873067e+00  1.678400e-02  2.987597e-01  5.762588e-01  5.762593e-01  8.172596e-03  2.289038e+00  4.832430e+05  4.850738e+03  1.967570e+57  5.112861e+53  1.788254e-04  -5.581348e+103  1.000000e+00  -1.000000e+00  1.000000e+00
4.175319e+02  1.026133e+04  1.468377e+03  9.339770e+03  4.175319e+02  1.559565e+00  1.537194e+00  2.237200e-02  7.731796e+00  7.731796e+00  1.770769e+00  1.434500e-02  2.979235e-01  5.729941e-01  5.729945e-01  8.035323e-03  2.282371e+00  4.835564e+05  4.090504e+03  1.936971e+57  4.311754e+53  3.408135e-05  -4.222357e+103  1.000000e+00  -1.000000e+00  1.000000e+00
4.175319e+02  1.150737e+04  1.468377e+03  1.058582e+04  4.175319e+02  1.541380e+00  1.522518e+00  1.886200e-02  7.670342e+00  7.670342e+00  1.672902e+00  1.223700e-02  2.968086e-01  5.686729e-01  5.686732e-01  7.933096e-03  2.295979e+00  4.826418e+05  3.442951e+03  1.902791e+57  3.629331e+53  1.093994e-05  -3.207497e+103  1.000000e+00  -1.000000e+00  1.000000e+00
4.175319e+02  1.291966e+04  1.468377e+03  1.199810e+04  4.175319e+02  1.523383e+00  1.507510e+00  1.587300e-02  7.615495e+00  7.615495e+00  1.579458e+00  1.041900e-02  2.954559e-01  5.634770e-01  5.634772e-01  7.863851e-03  2.328524e+00  4.814176e+05  2.893015e+03  1.870173e+57  3.049743e+53  9.610755e-06  -2.211780e+103  1.000000e+00  -1.000000e+00  1.000000e+00
4.175319e+02  1.452036e+04  1.468377e+03  1.359880e+04  4.175319e+02  1.505789e+00  1.492454e+00  1.333500e-02  7.567313e+00  7.567313e+00  1.490395e+00  8.856000e-03  2.939031e-01  5.575761e-01  5.575763e-01  7.822655e-03  2.378210e+00  4.799339e+05  2.427227e+03  1.839280e+57  2.558810e+53  7.803328e-06  -1.577430e+103  1.000000e+00  -1.000000e+00  1.000000e+00
4.175319e+02  1.633462e+04  1.468377e+03  1.541306e+04  4.175319e+02  1.488813e+00  1.477627e+00  1.118600e-02  7.525869e+00  7.525869e+00  1.405645e+00  7.514000e-03  2.921898e-01  5.511422e-01  5.511424e-01  7.804102e-03  2.442932e+00  4.775181e+05  2.033661e+03  1.806144e+57  2.143974e+53  6.903964e-06  -1.140147e+103  1.000000e+00  -1.000000e+00  1.000000e+00
4.175319e+02  1.839092e+04  1.468377e+03  1.746936e+04  4.175319e+02  1.472615e+00  1.463244e+00  9.371000e-03  7.491086e+00  7.491086e+00  1.325115e+00  6.364000e-03  2.903528e-01  5.443314e-01  5.443315e-01  7.801280e-03  2.520270e+00  4.757075e+05  1.701830e+03  1.779302e+57  1.794193e+53  6.588379e-06  -7.413359e+102  1.000000e+00  -1.000000e+00  1.000000e+00
4.175319e+02  2.071233e+04  1.468377e+03  1.979078e+04  4.175319e+02  1.457402e+00  1.449556e+00  7.846000e-03  7.462936e+00  7.462936e+00  1.248970e+00  5.384000e-03  2.884373e-01  5.373240e-01  5.373241e-01  7.813927e-03  2.609292e+00  4.731051e+05  1.423543e+03  1.750721e+57  1.500839e+53  5.280908e-06  -6.083553e+102  1.000000e+00  -1.000000e+00  1.000000e+00
5.736153e+02  1.030404e+02  1.657016e+03  1.000000e+00  5.736153e+02  1.331323e+00  4.290000e-04  1.330894e+00  6.786274e+00  1.630223e+00  6.786274e+00  9.996780e-01  2.897568e-01  5.421409e-01  2.513865e-02  2.513030e-02  8.202321e+00  6.417746e+01  2.872463e+05  5.396701e+53  3.181747e+55  3.292570e-06  5.621876e+104  1.000000e+00  1.000000e+00  0.000000e+00
5.736153e+02  1.076573e+02  1.657016e+03  1.133400e+00  5.736153e+02  1.331082e+00  5.050000e-04  1.330577e+00  6.785884e+00  1.669562e+00  6.785884e+00  9.996210e-01  2.897210e-01  5.420093e-01  2.642498e-02  2.513633e-02  8.209384e+00  7.560215e+01  2.871616e+05  6.341284e+53  3.180602e+55  3.300660e-06  5.564924e+104  1.000000e+00  1.000000e+00  0.000000e+00
5.736153e+02  1.131115e+02  1.657016e+03  1.284600e+00  5.736153e+02  1.330805e+00  5.930000e-04  1.330211e+00  6.785431e+00  1.710763e+00  6.785431e+00  9.995540e-01  2.896800e-01  5.418592e-01  2.781077e-02  2.514421e-02  8.217775e+00  8.894849e+01  2.870645e+05  7.432577e+53  3.179293e+55  3.330847e-06  5.652755e+104  1.000000e+00  1.000000e+00  0.000000e+00
5.736153e+02  1.191072e+02  1.657016e+03  1.456000e+00  5.736153e+02  1.330493e+00  6.970000e-04  1.329796e+00  6.784923e+00  1.753990e+00  6.784923e+00  9.994760e-01  2.896338e-01  5.416900e-01  2.930776e-02  2.515402e-02  8.227530e+00  1.046027e+02  2.869560e+05  8.703098e+53  3.177826e+55  3.343647e-06  6.361155e+104  1.000000e+00  1.000000e+00  0.000000e+00
5.736153e+02  1.250167e+02  1.657016e+03  1.650300e+00  5.736153e+02  1.330132e+00  8.180000e-04  1.329314e+00  6.784312e+00  1.799315e+00  6.784312e+00  9.993850e-01  2.895814e-01  5.414978e-01  3.092526e-02  2.516169e-02  8.237525e+00  1.229718e+02  2.868293e+05  1.018524e+54  3.176130e+55  3.346296e-06  7.048530e+104  1.000000e+00  1.000000e+00  0.000000e+00
5.736153e+02  1.316026e+02  1.657016e+03  1.870400e+00  5.736153e+02  1.329720e+00  9.600000e-04  1.328759e+00  6.783608e+00  1.846800e+00  6.783608e+00  9.992780e-01  2.895216e-01  5.412789e-01  3.267306e-02  2.517339e-02  8.249836e+00  1.445370e+02  2.866850e+05  1.191647e+54  3.174199e+55  3.371784e-06  8.010733e+104  1.000000e+00  1.000000e+00  0.000000e+00
5.736153e+02  1.379494e+02  1.657016e+03  2.120000e+00  5.736153e+02  1.329251e+00  1.127000e-03  1.328124e+00  6.782796e+00  1.896542e+00  6.782796e+00  9.991520e-01  2.894541e-01  5.410320e-01  3.456310e-02  2.518413e-02  8.262996e+00  1.698707e+02  2.865210e+05  1.394127e+54  3.172012e+55  3.376188e-06  7.404550e+104  1.000000e+00  1.000000e+00  0.000000e+00
5.736153e+02  1.527256e+02  1.657016e+03  2.402800e+00  5.736153e+02  1.328719e+00  1.315000e-03  1.327404e+00  6.781866e+00  1.946207e+00  6.781866e+00  9.990100e-01  2.893780e-01  5.407535e-01  3.651234e-02  2.519745e-02  8.278210e+00  1.984454e+02  2.863347e+05  1.621578e+54  3.169531e+55  3.387911e-06  1.233013e+105  1.000000e+00  1.000000e+00  0.000000e+00
5.736153e+02  1.576382e+02  1.657016e+03  2.723400e+00  5.736153e+02  1.328114e+00  1.537000e-03  1.326578e+00  6.780800e+00  1.998321e+00  6.780800e+00  9.988430e-01  2.892919e-01  5.404384e-01  3.862642e-02  2.521122e-02  8.295097e+00  2.323047e+02  2.861234e+05  1.890079e+54  3.166723e+55  3.413706e-06  1.614292e+105  1.000000e+00  1.000000e+00  0.000000e+00
5.736153e+02  1.627167e+02  1.657016e+03  3.086700e+00  5.736153e+02  1.327416e+00  1.801000e-03  1.325615e+00  6.779530e+00  2.053911e+00  6.779530e+00  9.986430e-01  2.891938e-01  5.400801e-01  4.095832e-02  2.522803e-02  8.314713e+00  2.727574e+02  2.858787e+05  2.209807e+54  3.163491e+55  3.433489e-06  1.856867e+105  1.000000e+00  1.000000e+00  0.000000e+00
5.736153e+02  1.679681e+02  1.657016e+03  3.498500e+00  5.736153e+02  1.326614e+00  2.115000e-03  1.324498e+00  6.778043e+00  2.113100e+00  6.778043e+00  9.984060e-01  2.890825e-01  5.396737e-01  4.352869e-02  2.524552e-02  8.336516e+00  3.209584e+02  2.855979e+05  2.589554e+54  3.159799e+55  3.461293e-06  2.131198e+105  1.000000e+00  1.000000e+00  0.000000e+00
5.736153e+02  1.734000e+02  1.657016e+03  3.965200e+00  5.736153e+02  1.325689e+00  2.488000e-03  1.323202e+00  6.776295e+00  2.176137e+00  6.776295e+00  9.981230e-01  2.889556e-01  5.392107e-01  4.636583e-02  2.526522e-02  8.361310e+00  3.783065e+02  2.852746e+05  3.039962e+54  3.155566e+55  3.484181e-06  2.442660e+105  1.000000e+00  1.000000e+00  0.000000e+00
5.736153e+02  1.790190e+02  1.657016e+03  4.494300e+00  5.736153e+02  1.324632e+00  2.929000e-03  1.321703e+00  6.774242e+00  2.243013e+00  6.774242e+00  9.977890e-01  2.888125e-01  5.386893e-01  4.949000e-02  2.528758e-02  8.389468e+00  4.464809e+02  2.849037e+05  3.573750e+54  3.150740e+55  3.508058e-06  2.796942e+105  1.000000e+00  1.000000e+00  0.000000e+00
5.736153e+02  1.848335e+02  1.657016e+03  5.093900e+00  5.736153e+02  1.323418e+00  3.451000e-03  1.319967e+00  6.771840e+00  2.314008e+00  6.771840e+00  9.973920e-01  2.886502e-01  5.380982e-01  5.293633e-02  2.531218e-02  8.421280e+00  5.274757e+02  2.844782e+05  4.205936e+54  3.145227e+55  3.539609e-06  3.199679e+105  1.000000e+00  1.000000e+00  0.000000e+00
5.736153e+02  1.908524e+02  1.657016e+03  5.773400e+00  5.736153e+02  1.322035e+00  4.068000e-03  1.317967e+00  6.769047e+00  2.389242e+00  6.769047e+00  9.969230e-01  2.884676e-01  5.374341e-01  5.673639e-02  2.533717e-02  8.456409e+00  6.236489e+02  2.839933e+05  4.954164e+54  3.138976e+55  3.565286e-06  3.657112e+105  1.000000e+00  1.000000e+00  0.000000e+00
5.736153e+02  1.970844e+02  1.657016e+03  6.543700e+00  5.736153e+02  1.320438e+00  4.797000e-03  1.315642e+00  6.765742e+00  2.468831e+00  6.765742e+00  9.963670e-01  2.882600e-01  5.366803e-01  6.092522e-02  2.536842e-02  8.497284e+00  7.378277e+02  2.834326e+05  5.839542e+54  3.131792e+55  3.588311e-06  4.175383e+105  1.000000e+00  1.000000e+00  0.000000e+00
5.736153e+02  2.035396e+02  1.657016e+03  7.416700e+00  5.736153e+02  1.318620e+00  5.657000e-03  1.312963e+00  6.761886e+00  2.553010e+00  6.761886e+00  9.957100e-01  2.880272e-01  5.358363e-01  6.554725e-02  2.539775e-02  8.541556e+00  8.733204e+02  2.827925e+05  6.886519e+54  3.123641e+55  3.617272e-06  4.763561e+105  1.000000e+00  1.000000e+00  0.000000e+00
5.736153e+02  2.102287e+02  1.657016e+03  8.406200e+00  5.736153e+02  1.316537e+00  6.671000e-03  1.309866e+00  6.757371e+00  2.641800e+00  6.757371e+00  9.949330e-01  2.877644e-01  5.348851e-01  7.064121e-02  2.543149e-02  8.591989e+00  1.034084e+03  2.820584e+05  8.124228e+54  3.114346e+55  3.650280e-06  5.430301e+105  1.000000e+00  1.000000e+00  0.000000e+00
5.736153e+02  2.171631e+02  1.657016e+03  9.527700e+00  5.736153e+02  1.314167e+00  7.866000e-03  1.306301e+00  6.752116e+00  2.735393e+00  6.752116e+00  9.940140e-01  2.874700e-01  5.338216e-01  7.625889e-02  2.546795e-02  8.648511e+00  1.224814e+03  2.812219e+05  9.587041e+54  3.103815e+55  3.683841e-06  6.183761e+105  1.000000e+00  1.000000e+00  0.000000e+00
5.736153e+02  2.243537e+02  1.657016e+03  1.079880e+01  5.736153e+02  1.311466e+00  9.274000e-03  1.302193e+00  6.745972e+00  2.831588e+00  6.745972e+00  9.929290e-01  2.871404e-01  5.326336e-01  8.232743e-02  2.550687e-02  8.711539e+00  1.451023e+03  2.802657e+05  1.131477e+55  3.091859e+55  3.716729e-06  7.033464e+105  1.000000e+00  1.000000e+00  0.000000e+00
5.736153e+02  2.318138e+02  1.657016e+03  1.223950e+01  5.736153e+02  1.308393e+00  1.092900e-02  1.297464e+00  6.738808e+00  2.931536e+00  6.738808e+00  9.916470e-01  2.867720e-01  5.313092e-01  8.895018e-02  2.554810e-02  8.781781e+00  1.719265e+03  2.791747e+05  1.335461e+55  3.078308e+55  3.750626e-06  7.988768e+105  1.000000e+00  1.000000e+00  0.000000e+00
5.736153e+02  2.395612e+02  1.657016e+03  1.387240e+01  5.736153e+02  1.304904e+00  1.287500e-02  1.292029e+00  6.730446e+00  3.036824e+00  6.730446e+00  9.901340e-01  2.863625e-01  5.298410e-01  9.627069e-02  2.559230e-02  8.860076e+00  2.037337e+03  2.779305e+05  1.576188e+55  3.062972e+55  3.788984e-06  9.060731e+105  1.000000e+00  1.000000e+00  0.000000e+00
5.736153e+02  2.476067e+02  1.657016e+03  1.572320e+01  5.736153e+02  1.300958e+00  1.515900e-02  1.285799e+00  6.720747e+00  3.147684e+00  6.720747e+00  9.883480e-01  2.859088e-01  5.282189e-01  1.043707e-01  2.563688e-02  8.946181e+00  2.414317e+03  2.765187e+05  1.860059e+55  3.045691e+55  3.828805e-06  1.026377e+106  1.000000e+00  1.000000e+00  0.000000e+00
5.736153e+02  2.559695e+02  1.657016e+03  1.782080e+01  5.736153e+02  1.296489e+00  1.783800e-02  1.278651e+00  6.709426e+00  3.264221e+00  6.709426e+00  9.862410e-01  2.854073e-01  5.264324e-01  1.133338e-01  2.568285e-02  9.041181e+00  2.861216e+03  2.749100e+05  2.194788e+55  3.026163e+55  3.871363e-06  1.160532e+106  1.000000e+00  1.000000e+00  0.000000e+00
5.736153e+02  2.646662e+02  1.657016e+03  2.019840e+01  5.736153e+02  1.291473e+00  2.097700e-02  1.270496e+00  6.696347e+00  3.386436e+00  6.696347e+00  9.837580e-01  2.848584e-01  5.244837e-01  1.232471e-01  2.573075e-02  9.145679e+00  3.390684e+03  2.730939e+05  2.589050e+55  3.004292e+55  3.919552e-06  1.309298e+106  1.000000e+00  1.000000e+00  0.000000e+00
5.736153e+02  2.737197e+02  1.657016e+03  2.289310e+01  5.736153e+02  1.285841e+00  2.464800e-02  1.261193e+00  6.681175e+00  3.514458e+00  6.681175e+00  9.808310e-01  2.842601e-01  5.223686e-01  1.342175e-01  2.577797e-02  9.259295e+00  4.017907e+03  2.710382e+05  3.053143e+55  2.979757e+55  3.966214e-06  1.474061e+106  1.000000e+00  1.000000e+00  0.000000e+00
5.736153e+02  2.831505e+02  1.657016e+03  2.594730e+01  5.736153e+02  1.279549e+00  2.893700e-02  1.250612e+00  6.663628e+00  3.648202e+00  6.663628e+00  9.773850e-01  2.836141e-01  5.200944e-01  1.463499e-01  2.582369e-02  9.381852e+00  4.760848e+03  2.687192e+05  3.599183e+55  2.952342e+55  4.017432e-06  1.655123e+106  1.000000e+00  1.000000e+00  0.000000e+00
5.736153e+02  2.929826e+02  1.657016e+03  2.940900e+01  5.736153e+02  1.272556e+00  3.394000e-02  1.238616e+00  6.643384e+00  3.787763e+00  6.643384e+00  9.733290e-01  2.829237e-01  5.176749e-01  1.597764e-01  2.586690e-02  9.512751e+00  5.640130e+03  2.661113e+05  4.240743e+55  2.921816e+55  4.074264e-06  1.853196e+106  1.000000e+00  1.000000e+00  0.000000e+00
5.736153e+02  3.032418e+02  1.657016e+03  3.333260e+01  5.736153e+02  1.264841e+00  3.976600e-02  1.225075e+00  6.620122e+00  3.933087e+00  6.620122e+00  9.685600e-01  2.821964e-01  5.151390e-01  1.746343e-01  2.590832e-02  9.651442e+00  6.680718e+03  2.631915e+05  4.994067e+55  2.887996e+55  4.137949e-06  2.068939e+106  1.000000e+00  1.000000e+00  0.000000e+00
5.736153e+02  3.139580e+02  1.657016e+03  3.777960e+01  5.736153e+02  1.256391e+00  4.653700e-02  1.209854e+00  6.593482e+00  4.084226e+00  6.593482e+00  9.629600e-01  2.814438e-01  5.125281e-01  1.910882e-01  2.594282e-02  9.794161e+00  7.911508e+03  2.599357e+05  5.877686e+55  2.850698e+55  4.206926e-06  2.301326e+106  1.000000e+00  1.000000e+00  0.000000e+00
5.736153e+02  3.251628e+02  1.657016e+03  4.281980e+01  5.736153e+02  1.247219e+00  5.439000e-02  1.192829e+00  6.563066e+00  4.241059e+00  6.563066e+00  9.563910e-01  2.806839e-01  5.099053e-01  2.093095e-01  2.597285e-02  9.938969e+00  9.366604e+03  2.563191e+05  6.912913e+55  2.809754e+55  4.284792e-06  2.549787e+106  1.000000e+00  1.000000e+00  0.000000e+00
5.736153e+02  3.368911e+02  1.657016e+03  4.853260e+01  5.736153e+02  1.237385e+00  6.347900e-02  1.173907e+00  6.528556e+00  4.403511e+00  6.528556e+00  9.486990e-01  2.799429e-01  5.073610e-01  2.294959e-01  2.599901e-02  1.008134e+01  1.108563e+04  2.523281e+05  8.124201e+55  2.765120e+55  4.373348e-06  2.811730e+106  1.000000e+00  1.000000e+00  0.000000e+00
5.736153e+02  3.491847e+02  1.657016e+03  5.500740e+01  5.736153e+02  1.226989e+00  7.397100e-02  1.153018e+00  6.489590e+00  4.571412e+00  6.489590e+00  9.397130e-01  2.792575e-01  5.050193e-01  2.518613e-01  2.602331e-02  1.021521e+01  1.311430e+04  2.479474e+05  9.538907e+55  2.716755e+55  4.478363e-06  3.086343e+106  1.000000e+00  1.000000e+00  0.000000e+00
5.736153e+02  3.620840e+02  1.657016e+03  6.234610e+01  5.736153e+02  1.216207e+00  8.605200e-02  1.130155e+00  6.445949e+00  4.744651e+00  6.445949e+00  9.292460e-01  2.786778e-01  5.030467e-01  2.766519e-01  2.605129e-02  1.033300e+01  1.550786e+04  2.431775e+05  1.118985e+56  2.664780e+55  4.608709e-06  3.369324e+106  1.000000e+00  1.000000e+00  0.000000e+00
5.736153e+02  3.756397e+02  1.657016e+03  7.066390e+01  5.736153e+02  1.205297e+00  9.992200e-02  1.105376e+00  6.397491e+00  4.922928e+00  6.397491e+00  9.170980e-01  2.782699e-01  5.016635e-01  3.041197e-01  2.609728e-02  1.042733e+01  1.832694e+04  2.380268e+05  1.311115e+56  2.609392e+55  4.780301e-06  3.657483e+106  1.000000e+00  1.000000e+00  0.000000e+00
5.736153e+02  3.899028e+02  1.657016e+03  8.009140e+01  5.736153e+02  1.194620e+00  1.157970e-01  1.078823e+00  6.344257e+00  5.105971e+00  6.344257e+00  9.030680e-01  2.781190e-01  5.011529e-01  3.345398e-01  2.618099e-02  1.048918e+01  2.164625e+04  2.325175e+05  1.534532e+56  2.550908e+55  5.026340e-06  3.944778e+106  1.000000e+00  1.000000e+00  0.000000e+00
5.736153e+02  4.049358e+02  1.657016e+03  9.077660e+01  5.736153e+02  1.184658e+00  1.339060e-01  1.050752e+00  6.286542e+00  5.293419e+00  6.286542e+00  8.869670e-01  2.783317e-01  5.018730e-01  3.681832e-01  2.633721e-02  1.051151e+01  2.554437e+04  2.266884e+05  1.793396e+56  2.489760e+55  5.466323e-06  4.229952e+106  1.000000e+00  1.000000e+00  0.000000e+00
5.736153e+02  4.208056e+02  1.657016e+03  1.028874e+02  5.736153e+02  1.176027e+00  1.544910e-01  1.021537e+00  6.224975e+00  5.484914e+00  6.224975e+00  8.686330e-01  2.790368e-01  5.042672e-01  4.052903e-01  2.661674e-02  1.048953e+01  3.012455e+04  2.205959e+05  2.093402e+56  2.426467e+55  6.586343e-06  4.507705e+106  1.000000e+00  1.000000e+00  0.000000e+00
5.736153e+02  4.375827e+02  1.657016e+03  1.166139e+02  5.736153e+02  1.169482e+00  1.778050e-01  9.916770e-01  6.160592e+00  5.680091e+00  6.160592e+00  8.479630e-01  2.803837e-01  5.088732e-01  4.459662e-01  2.709722e-02  1.042483e+01  3.548958e+04  2.143117e+05  2.439485e+56  2.361560e+55  6.249133e-06  4.379448e+106  1.000000e+00  1.000000e+00  0.000000e+00
5.736153e+02  1.053723e+03  1.657016e+03  1.321717e+02  5.736153e+02  1.160272e+00  1.930770e-01  9.671950e-01  6.112509e+00  5.789554e+00  6.112509e+00  8.335940e-01  2.803637e-01  5.088044e-01  4.681127e-01  2.780190e-02  1.069976e+01  3.895833e+04  2.086171e+05  2.660598e+56  2.295944e+55  4.080508e-06  1.651553e+106  1.000000e+00  1.000000e+00  1.000000e+00
5.736153e+02  1.071356e+03  1.657016e+03  1.498051e+02  5.736153e+02  1.147645e+00  2.081840e-01  9.394610e-01  6.058178e+00  5.872574e+00  6.058178e+00  8.185990e-01  2.797997e-01  5.068708e-01  4.850578e-01  2.863529e-02  1.113203e+01  4.227408e+04  2.021440e+05  2.866688e+56  2.219786e+55  4.065893e-06  1.638495e+106  1.000000e+00  1.000000e+00  1.000000e+00
5.736153e+02  1.091342e+03  1.657016e+03  1.697911e+02  5.736153e+02  1.133808e+00  2.262430e-01  9.075650e-01  5.993183e+00  5.958089e+00  5.993183e+00  8.004570e-01  2.794240e-01  5.055869e-01  5.023011e-01  2.965781e-02  1.160726e+01  4.623201e+04  1.948411e+05  3.108731e+56  2.134884e+55  4.251162e-06  1.635533e+106  1.000000e+00  1.000000e+00  1.000000e+00
5.736153e+02  1.113993e+03  1.657016e+03  1.924434e+02  5.736153e+02  1.119594e+00  2.474060e-01  8.721870e-01  6.051273e+00  6.051273e+00  5.918334e+00  7.790210e-01  2.732721e-01  4.850209e-01  4.850376e-01  2.954770e-02  1.292572e+01  5.095699e+04  1.868580e+05  3.392907e+56  2.042840e+55  4.407107e-06  1.599263e+106  1.000000e+00  1.000000e+00  1.000000e+00
5.736153e+02  1.139669e+03  1.657016e+03  2.181178e+02  5.736153e+02  1.105920e+00  2.722760e-01  8.336440e-01  6.163270e+00  6.163270e+00  5.833383e+00  7.538010e-01  2.650295e-01  4.587416e-01  4.587566e-01  2.656502e-02  1.354367e+01  5.648347e+04  1.782581e+05  3.721963e+56  1.944824e+55  4.701567e-06  1.578805e+106  1.000000e+00  1.000000e+00  1.000000e+00
5.736153e+02  1.168770e+03  1.657016e+03  2.472176e+02  5.736153e+02  1.093963e+00  3.017760e-01  7.921870e-01  6.298804e+00  6.298804e+00  5.737648e+00  7.241440e-01  2.565230e-01  4.330324e-01  4.330461e-01  2.385674e-02  1.431832e+01  6.316886e+04  1.691335e+05  4.117291e+56  1.842270e+55  5.148395e-06  1.567053e+106  1.000000e+00  1.000000e+00  1.000000e+00
5.736153e+02  1.201752e+03  1.657016e+03  2.801996e+02  5.736153e+02  1.085205e+00  3.368520e-01  7.483530e-01  6.462210e+00  6.462210e+00  5.631170e+00  6.895960e-01  2.480345e-01  4.086870e-01  4.086988e-01  2.161455e-02  1.534950e+01  7.104598e+04  1.596084e+05  4.581518e+56  1.736849e+55  1.382441e-05  1.540442e+106  1.000000e+00  1.000000e+00  1.000000e+00
5.736153e+02  1.239133e+03  1.657016e+03  3.175819e+02  5.736153e+02  1.081391e+00  3.785000e-01  7.028910e-01  6.656736e+00  6.656736e+00  5.514641e+00  6.499880e-01  2.399401e-01  3.865909e-01  3.866017e-01  2.017246e-02  1.691051e+01  8.056414e+04  1.498381e+05  5.140813e+56  1.630395e+55  1.789088e-05  1.540699e+106  1.000000e+00  1.000000e+00  1.000000e+00
5.736153e+02  1.281502e+03  1.657016e+03  3.599514e+02  5.736153e+02  1.084399e+00  4.276980e-01  6.567010e-01  6.883195e+00  6.883195e+00  5.389391e+00  6.055900e-01  2.326916e-01  3.676618e-01  3.676709e-01  1.903193e-02  1.859866e+01  9.184703e+04  1.399966e+05  5.802358e+56  1.524779e+55  2.384348e-06  1.515578e+106  1.000000e+00  1.000000e+00  1.000000e+00
5.736153e+02  1.329526e+03  1.657016e+03  4.079736e+02  5.736153e+02  1.095966e+00  4.851910e-01  6.107750e-01  7.138271e+00  7.138271e+00  5.257430e+00  5.572940e-01  2.267700e-01  3.527601e-01  3.527781e-01  1.882322e-02  2.092546e+01  1.052605e+05  1.302636e+05  6.586078e+56  1.421741e+55  3.263580e-06  1.491356e+106  1.000000e+00  1.000000e+00  1.000000e+00
5.736153e+02  1.383956e+03  1.657016e+03  4.624025e+02  5.736153e+02  1.117320e+00  5.512120e-01  5.661080e-01  7.413894e+00  7.413894e+00  5.121396e+00  5.066660e-01  2.225937e-01  3.425387e-01  3.425459e-01  1.938473e-02  2.364855e+01  1.208771e+05  1.208082e+05  7.492807e+56  1.322713e+55  3.543688e-06  1.416440e+106  1.000000e+00  1.000000e+00  1.000000e+00
5.736153e+02  1.445646e+03  1.657016e+03  5.240930e+02  5.736153e+02  1.148668e+00  6.250700e-01  5.235980e-01  7.696681e+00  7.696681e+00  4.984380e+00  4.558300e-01  2.204310e-01  3.373358e-01  3.373424e-01  2.008412e-02  2.572761e+01  1.384980e+05  1.117709e+05  8.505580e+56  1.228651e+55  3.669874e-06  1.288942e+106  1.000000e+00  1.000000e+00  1.000000e+00
5.736153e+02  1.515564e+03  1.657016e+03  5.940138e+02  5.736153e+02  1.189011e+00  7.050660e-01  4.839450e-01  7.970553e+00  7.970553e+00  4.849647e+00  4.070140e-01  2.203328e-01  3.371010e-01  3.371063e-01  2.088429e-02  2.681237e+01  1.579443e+05  1.032501e+05  9.605084e+56  1.139932e+55  3.605791e-06  1.167882e+106  1.000000e+00  1.000000e+00  1.000000e+00
5.736153e+02  1.594815e+03  1.657016e+03  6.732629e+02  5.736153e+02  1.236161e+00  7.885830e-01  4.475780e-01  8.219900e+00  8.219900e+00  4.720272e+00  3.620710e-01  2.221213e-01  3.413970e-01  3.414018e-01  2.154231e-02  2.656136e+01  1.793781e+05  9.529261e+04  1.078915e+57  1.056311e+55  3.507799e-06  9.918083e+105  1.000000e+00  1.000000e+00  1.000000e+00
5.736153e+02  1.684639e+03  1.657016e+03  7.630849e+02  5.736153e+02  1.287218e+00  8.725990e-01  4.146190e-01  8.432819e+00  8.432819e+00  4.598816e+00  3.221050e-01  2.254555e-01  3.495178e-01  3.495218e-01  2.184712e-02  2.500335e+01  2.012914e+05  8.789400e+04  1.196076e+57  9.769310e+54  3.375975e-06  7.777128e+105  1.000000e+00  1.000000e+00  1.000000e+00
5.736153e+02  1.786445e+03  1.657016e+03  8.648903e+02  5.736153e+02  1.339191e+00  9.548360e-01  3.843550e-01  8.602543e+00  8.602543e+00  4.484467e+00  2.870060e-01  2.299309e-01  3.606536e-01  3.606571e-01  2.170973e-02  2.252044e+01  2.243954e+05  8.093876e+04  1.315044e+57  9.000938e+54  3.153033e-06  6.061029e+105  1.000000e+00  1.000000e+00  1.000000e+00
5.736153e+02  1.901831e+03  1.657016e+03  9.802778e+02  5.736153e+02  1.389712e+00  1.035224e+00  3.544880e-01  8.726506e+00  8.726506e+00  4.365963e+00  2.550800e-01  2.352156e-01  3.741647e-01  3.741684e-01  2.122336e-02  1.965140e+01  2.475674e+05  7.413380e+04  1.428663e+57  8.245831e+54  2.998014e-06  4.154628e+105  1.000000e+00  1.000000e+00  1.000000e+00
5.736153e+02  2.032610e+03  1.657016e+03  1.111060e+03  5.736153e+02  1.437097e+00  1.112074e+00  3.250230e-01  8.805574e+00  8.805574e+00  4.242248e+00  2.261660e-01  2.410516e-01  3.895635e-01  3.895669e-01  2.041716e-02  1.672455e+01  2.704816e+05  6.750461e+04  1.534589e+57  7.509951e+54  2.786169e-06  2.700480e+105  1.000000e+00  1.000000e+00  1.000000e+00
5.736153e+02  2.180844e+03  1.657016e+03  1.259289e+03  5.736153e+02  1.480185e+00  1.183944e+00  2.962410e-01  8.843894e+00  8.843894e+00  4.113867e+00  2.001380e-01  2.472032e-01  4.063687e-01  4.063717e-01  1.939253e-02  1.400475e+01  2.930544e+05  6.110927e+04  1.632349e+57  6.799768e+54  2.513080e-06  1.806189e+105  1.000000e+00  1.000000e+00  1.000000e+00
5.736153e+02  2.348852e+03  1.657016e+03  1.427295e+03  5.736153e+02  1.518264e+00  1.249857e+00  2.684070e-01  8.847562e+00  8.847562e+00  3.981449e+00  1.767850e-01  2.534576e-01  4.240958e-01  4.240988e-01  1.823218e-02  1.162051e+01  3.152771e+05  5.499913e+04  1.722118e+57  6.121016e+54  2.237471e-06  1.068169e+105  1.000000e+00  1.000000e+00  1.000000e+00
5.736153e+02  2.539271e+03  1.657016e+03  1.617714e+03  5.736153e+02  1.550993e+00  1.309238e+00  2.417550e-01  8.823417e+00  8.823417e+00  3.845690e+00  1.558710e-01  2.596300e-01  4.422642e-01  4.422669e-01  1.702271e-02  9.619675e+00  3.365216e+05  4.921728e+04  1.800979e+57  5.478513e+54  2.022553e-06  4.726750e+104  1.000000e+00  1.000000e+00  1.000000e+00
5.736153e+02  2.755091e+03  1.657016e+03  1.833538e+03  5.736153e+02  1.578222e+00  1.361736e+00  2.164860e-01  8.777747e+00  8.777747e+00  3.707334e+00  1.371710e-01  2.655624e-01  4.603985e-01  4.604011e-01  1.583554e-02  7.992950e+00  3.559987e+05  4.379735e+04  1.865248e+57  4.876036e+54  1.774008e-06  4.989570e+103  1.000000e+00  1.000000e+00  1.000000e+00
5.736153e+02  2.999709e+03  1.657016e+03  2.078156e+03  5.736153e+02  1.599981e+00  1.407223e+00  1.927580e-01  8.716177e+00  8.716177e+00  3.567157e+00  1.204750e-01  2.711256e-01  4.780406e-01  4.780430e-01  1.470976e-02  6.693607e+00  3.744802e+05  3.876311e+04  1.920189e+57  4.316263e+54  1.443145e-06  -7.807536e+103  1.000000e+00  -1.000000e+00  1.000000e+00
5.736153e+02  3.276966e+03  1.657016e+03  2.355409e+03  5.736153e+02  1.616407e+00  1.445721e+00  1.706870e-01  8.643194e+00  8.643194e+00  3.425943e+00  1.055960e-01  2.762220e-01  4.947765e-01  4.947788e-01  1.367337e-02  5.668793e+00  3.919922e+05  3.412844e+04  1.966963e+57  3.800773e+54  1.166201e-06  -2.261680e+104  1.000000e+00  -1.000000e+00  1.000000e+00
5.736153e+02  3.591209e+03  1.657016e+03  2.669651e+03  5.736153e+02  1.627748e+00  1.477406e+00  1.503410e-01  8.562428e+00  8.562428e+00  3.284468e+00  9.236200e-02  2.807836e-01  5.102488e-01  5.102509e-01  1.273961e-02  4.866343e+00  4.067550e+05  2.989783e+04  1.996432e+57  3.330098e+54  8.457793e-07  -2.976733e+104  1.000000e+00  -1.000000e+00  1.000000e+00
5.736153e+02  3.947373e+03  1.657016e+03  3.025817e+03  5.736153e+02  1.634328e+00  1.502578e+00  1.317500e-01  8.476734e+00  8.476734e+00  3.143480e+00  8.061400e-02  2.847688e-01  5.241663e-01  5.241682e-01  1.191280e-02  4.240898e+00  4.213961e+05  2.606730e+04  2.024424e+57  2.903830e+54  4.146035e-07  -2.590010e+104  1.000000e+00  -1.000000e+00  1.000000e+00
5.736153e+02  4.351050e+03  1.657016e+03  3.429500e+03  5.736153e+02  1.636541e+00  1.521639e+00  1.149020e-01  8.388284e+00  8.388284e+00  3.003683e+00  7.021000e-02  2.881612e-01  5.363218e-01  5.363235e-01  1.118680e-02  3.753518e+00  4.332127e+05  2.262564e+04  2.036549e+57  2.520748e+54  -2.000737e-08  -3.081336e+104  -1.000000e+00  -1.000000e+00  1.000000e+00
5.736153e+02  4.808596e+03  1.657016e+03  3.887040e+03  5.736153e+02  1.634846e+00  1.535092e+00  9.975300e-02  8.298958e+00  8.298958e+00  2.865727e+00  6.101700e-02  2.909610e-01  5.465763e-01  5.465778e-01  1.055677e-02  3.374943e+00  4.430623e+05  1.955570e+04  2.038311e+57  2.178970e+54  -5.590269e-07  -2.683657e+104  -1.000000e+00  -1.000000e+00  1.000000e+00
5.736153e+02  5.327181e+03  1.657016e+03  4.405622e+03  5.736153e+02  1.629696e+00  1.543463e+00  8.623300e-02  8.210139e+00  8.210139e+00  2.730197e+00  5.291400e-02  2.931823e-01  5.548596e-01  5.548610e-01  1.001661e-02  3.082724e+00  4.519213e+05  1.683588e+04  2.036109e+57  1.876113e+54  -1.180486e-06  -2.096730e+104  -1.000000e+00  -1.000000e+00  1.000000e+00
5.736153e+02  5.914947e+03  1.657016e+03  4.993389e+03  5.736153e+02  1.621595e+00  1.547345e+00  7.424900e-02  8.123021e+00  8.123021e+00  2.597607e+00  4.578800e-02  2.948536e-01  5.611802e-01  5.611814e-01  9.556927e-03  2.858849e+00  4.597739e+05  1.444142e+04  2.030303e+57  1.609439e+54  -2.184507e-06  -1.614082e+104  -1.000000e+00  -1.000000e+00  1.000000e+00
5.736153e+02  6.581126e+03  1.657016e+03  5.659571e+03  5.736153e+02  1.611013e+00  1.547317e+00  6.369500e-02  8.038618e+00  8.038618e+00  2.468397e+00  3.953800e-02  2.960051e-01  5.655803e-01  5.655814e-01  9.172598e-03  2.690947e+00  4.658044e+05  1.234573e+04  2.016770e+57  1.376002e+54  -4.212770e-06  -1.435093e+104  -1.000000e+00  -1.000000e+00  1.000000e+00
5.736153e+02  7.336183e+03  1.657016e+03  6.414631e+03  5.736153e+02  1.598417e+00  1.543961e+00  5.445600e-02  7.957732e+00  7.957732e+00  2.342934e+00  3.406900e-02  2.966760e-01  5.681611e-01  5.681620e-01  8.850853e-03  2.567331e+00  4.700707e+05  1.052140e+04  1.996183e+57  1.172763e+54  -6.464642e-06  -1.142527e+104  -1.000000e+00  -1.000000e+00  1.000000e+00
5.736153e+02  8.191984e+03  1.657016e+03  7.270426e+03  5.736153e+02  1.584256e+00  1.537845e+00  4.641100e-02  7.881152e+00  7.881152e+00  2.221512e+00  2.929500e-02  2.969048e-01  5.690443e-01  5.690451e-01  8.588806e-03  2.481731e+00  4.735447e+05  8.941167e+03  1.974323e+57  9.966942e+53  -2.316625e-05  -8.649121e+103  -1.000000e+00  -1.000000e+00  1.000000e+00
5.736153e+02  9.161955e+03  1.657016e+03  8.240395e+03  5.736153e+02  1.568938e+00  1.529496e+00  3.944100e-02  7.809457e+00  7.809457e+00  2.104358e+00  2.513900e-02  2.967334e-01  5.683827e-01  5.683834e-01  8.378139e-03  2.427848e+00  4.754595e+05  7.578549e+03  1.946992e+57  8.448545e+53  -1.058196e-04  -6.679649e+103  -1.000000e+00  -1.000000e+00  1.000000e+00
5.736153e+02  1.026133e+04  1.657016e+03  9.339770e+03  5.736153e+02  1.552834e+00  1.519403e+00  3.343100e-02  7.743040e+00  7.743040e+00  1.991635e+00  2.152900e-02  2.962069e-01  5.663552e-01  5.663558e-01  8.212375e-03  2.401033e+00  4.767593e+05  6.408432e+03  1.919644e+57  7.144516e+53  -1.443895e-04  -5.076630e+103  -1.000000e+00  -1.000000e+00  1.000000e+00
5.736153e+02  1.150737e+04  1.657016e+03  1.058582e+04  5.736153e+02  1.536307e+00  1.508038e+00  2.826900e-02  7.682499e+00  7.682499e+00  1.883448e+00  1.840100e-02  2.953637e-01  5.631249e-01  5.631254e-01  8.087046e-03  2.398320e+00  4.767316e+05  5.407384e+03  1.888242e+57  6.028801e+53  2.526758e-05  -3.620279e+103  1.000000e+00  -1.000000e+00  1.000000e+00
5.736153e+02  1.291966e+04  1.657016e+03  1.199810e+04  5.736153e+02  1.519650e+00  1.495797e+00  2.385300e-02  7.627933e+00  7.627933e+00  1.779854e+00  1.569600e-02  2.942512e-01  5.588932e-01  5.588936e-01  7.996436e-03  2.416616e+00  4.770336e+05  4.553882e+03  1.862150e+57  5.077452e+53  2.509106e-05  -2.433800e+103  1.000000e+00  -1.000000e+00  1.000000e+00
5.736153e+02  1.452036e+04  1.657016e+03  1.359880e+04  5.736153e+02  1.503138e+00  1.483051e+00  2.008800e-02  7.579623e+00  7.579623e+00  1.680861e+00  1.336400e-02  2.929092e-01  5.538339e-01  5.538343e-01  7.936040e-03  2.453849e+00  4.761784e+05  3.828409e+03  1.832822e+57  4.268749e+53  8.904120e-06  -1.942084e+103  1.000000e+00  -1.000000e+00  1.000000e+00
5.736153e+02  1.633462e+04  1.657016e+03  1.541306e+04  5.736153e+02  1.487023e+00  1.470136e+00  1.688700e-02  7.537810e+00  7.537810e+00  1.586441e+00  1.135600e-02  2.913763e-01  5.481150e-01  5.481152e-01  7.899826e-03  2.507579e+00  4.743053e+05  3.213460e+03  1.800929e+57  3.583203e+53  7.515054e-06  -1.346513e+103  1.000000e+00  -1.000000e+00  1.000000e+00
5.736153e+02  1.839092e+04  1.657016e+03  1.746936e+04  5.736153e+02  1.471506e+00  1.457331e+00  1.417500e-02  7.502420e+00  7.502420e+00  1.496534e+00  9.633000e-03  2.896958e-01  5.419171e-01  5.419173e-01  7.884367e-03  2.576115e+00  4.729546e+05  2.693488e+03  1.775026e+57  3.003504e+53  7.918230e-06  -8.527396e+102  1.000000e+00  -1.000000e+00  1.000000e+00
5.736153e+02  2.071233e+04  1.657016e+03  1.979078e+04  5.736153e+02  1.456816e+00  1.444927e+00  1.188900e-02  7.473511e+00  7.473511e+00  1.411365e+00  8.161000e-03  2.879132e-01  5.354234e-01  5.354236e-01  7.883648e-03  2.656633e+00  4.714395e+05  2.256302e+03  1.751112e+57  2.516074e+53  7.524421e-06  -6.123932e+102  1.000000e+00  -1.000000e+00  1.000000e+00
7.880463e+02  1.030404e+02  1.910406e+03  1.000000e+00  7.880463e+02  1.425422e+00  3.040000e-04  1.425118e+00  6.814409e+00  1.452661e+00  6.814409e+00  9.997870e-01  3.089563e-01  6.177768e-01  2.287337e-02  1.986158e-02  4.703680e+00  4.544321e+01  3.240533e+05  3.821386e+53  3.742924e+55  2.862457e-06  2.706296e+104  1.000000e+00  1.000000e+00  0.000000e+00
7.880463e+02  1.076573e+02  1.910406e+03  1.133400e+00  7.880463e+02  1.425279e+00  3.580000e-04  1.424921e+00  6.814219e+00  1.487951e+00  6.814219e+00  9.997490e-01  3.089338e-01  6.176817e-01  2.404176e-02  1.986558e-02  4.706322e+00  5.355325e+01  3.239951e+05  4.491921e+53  3.742120e+55  2.866481e-06  2.679878e+104  1.000000e+00  1.000000e+00  0.000000e+00
7.880463e+02  1.131115e+02  1.910406e+03  1.284600e+00  7.880463e+02  1.425112e+00  4.210000e-04  1.424691e+00  6.813989e+00  1.524944e+00  6.813989e+00  9.997050e-01  3.089079e-01  6.175722e-01  2.530081e-02  1.987043e-02  4.709431e+00  6.303347e+01  3.239273e+05  5.267108e+53  3.741184e+55  2.893267e-06  2.724137e+104  1.000000e+00  1.000000e+00  0.000000e+00
7.880463e+02  1.191072e+02  1.910406e+03  1.456000e+00  7.880463e+02  1.424924e+00  4.940000e-04  1.424430e+00  6.813737e+00  1.563737e+00  6.813737e+00  9.996530e-01  3.088787e-01  6.174487e-01  2.665941e-02  1.987547e-02  4.712870e+00  7.416004e+01  3.238519e+05  6.170179e+53  3.740141e+55  2.916393e-06  3.067778e+104  1.000000e+00  1.000000e+00  0.000000e+00
7.880463e+02  1.250167e+02  1.910406e+03  1.650300e+00  7.880463e+02  1.424707e+00  5.810000e-04  1.424126e+00  6.813431e+00  1.604448e+00  6.813431e+00  9.995920e-01  3.088455e-01  6.173081e-01  2.812758e-02  1.988215e-02  4.716995e+00  8.722438e+01  3.237643e+05  7.224311e+53  3.738936e+55  2.922267e-06  3.401899e+104  1.000000e+00  1.000000e+00  0.000000e+00
7.880463e+02  1.316026e+02  1.910406e+03  1.870400e+00  7.880463e+02  1.424458e+00  6.820000e-04  1.423776e+00  6.813070e+00  1.647112e+00  6.813070e+00  9.995210e-01  3.088079e-01  6.171489e-01  2.971327e-02  1.988746e-02  4.721146e+00  1.025728e+02  3.236640e+05  8.456522e+53  3.737561e+55  2.941964e-06  3.869531e+104  1.000000e+00  1.000000e+00  0.000000e+00
7.880463e+02  1.379494e+02  1.910406e+03  2.120000e+00  7.880463e+02  1.424170e+00  8.010000e-04  1.423369e+00  6.812648e+00  1.691843e+00  6.812648e+00  9.994370e-01  3.087646e-01  6.169658e-01  3.142809e-02  1.989375e-02  4.725940e+00  1.206161e+02  3.235485e+05  9.898685e+53  3.735979e+55  2.954783e-06  3.579230e+104  1.000000e+00  1.000000e+00  0.000000e+00
7.880463e+02  1.527256e+02  1.910406e+03  2.402800e+00  7.880463e+02  1.423846e+00  9.350000e-04  1.422910e+00  6.812169e+00  1.736545e+00  6.812169e+00  9.993430e-01  3.087160e-01  6.167606e-01  3.319673e-02  1.990224e-02  4.731673e+00  1.409995e+02  3.234184e+05  1.152121e+54  3.734199e+55  2.969433e-06  5.973424e+104  1.000000e+00  1.000000e+00  0.000000e+00
7.880463e+02  1.576382e+02  1.910406e+03  2.723400e+00  7.880463e+02  1.423480e+00  1.094000e-03  1.422386e+00  6.811618e+00  1.783492e+00  6.811618e+00  9.992310e-01  3.086617e-01  6.165311e-01  3.511462e-02  1.991128e-02  4.738268e+00  1.651687e+02  3.232718e+05  1.343789e+54  3.732201e+55  2.992373e-06  7.822810e+104  1.000000e+00  1.000000e+00  0.000000e+00
7.880463e+02  1.627167e+02  1.910406e+03  3.086700e+00  7.880463e+02  1.423039e+00  1.283000e-03  1.421756e+00  6.810928e+00  1.833564e+00  6.810928e+00  9.990980e-01  3.085973e-01  6.162591e-01  3.722780e-02  1.992177e-02  4.745437e+00  1.940572e+02  3.230959e+05  1.572125e+54  3.729810e+55  3.021699e-06  9.003941e+104  1.000000e+00  1.000000e+00  0.000000e+00
7.880463e+02  1.679681e+02  1.910406e+03  3.498500e+00  7.880463e+02  1.422543e+00  1.508000e-03  1.421035e+00  6.810141e+00  1.886935e+00  6.810141e+00  9.989400e-01  3.085254e-01  6.159555e-01  3.955717e-02  1.993301e-02  4.753661e+00  2.284967e+02  3.228985e+05  1.843465e+54  3.727134e+55  3.049566e-06  1.034237e+105  1.000000e+00  1.000000e+00  0.000000e+00
7.880463e+02  1.734000e+02  1.910406e+03  3.965200e+00  7.880463e+02  1.421958e+00  1.775000e-03  1.420183e+00  6.809173e+00  1.943751e+00  6.809173e+00  9.987520e-01  3.084423e-01  6.156052e-01  4.212453e-02  1.994561e-02  4.763065e+00  2.694964e+02  3.226660e+05  2.165484e+54  3.724000e+55  3.072419e-06  1.186358e+105  1.000000e+00  1.000000e+00  0.000000e+00
7.880463e+02  1.790190e+02  1.910406e+03  4.494300e+00  7.880463e+02  1.421288e+00  2.091000e-03  1.419196e+00  6.808044e+00  2.004043e+00  6.808044e+00  9.985280e-01  3.083482e-01  6.152081e-01  4.494916e-02  1.995996e-02  4.773797e+00  3.182684e+02  3.224006e+05  2.547375e+54  3.720433e+55  3.100211e-06  1.359673e+105  1.000000e+00  1.000000e+00  0.000000e+00
7.880463e+02  1.848335e+02  1.910406e+03  5.093900e+00  7.880463e+02  1.420508e+00  2.466000e-03  1.418042e+00  6.806683e+00  2.068045e+00  6.806683e+00  9.982640e-01  3.082406e-01  6.147553e-01  4.806106e-02  1.997507e-02  4.785722e+00  3.762488e+02  3.220918e+05  2.999935e+54  3.716306e+55  3.128807e-06  1.557055e+105  1.000000e+00  1.000000e+00  0.000000e+00
7.880463e+02  1.908524e+02  1.910406e+03  5.773400e+00  7.880463e+02  1.419617e+00  2.910000e-03  1.416708e+00  6.805104e+00  2.135984e+00  6.805104e+00  9.979500e-01  3.081188e-01  6.142425e-01  5.149334e-02  1.999217e-02  4.799308e+00  4.451502e+02  3.217402e+05  3.536018e+54  3.711617e+55  3.160427e-06  1.781722e+105  1.000000e+00  1.000000e+00  0.000000e+00
7.880463e+02  1.970844e+02  1.910406e+03  6.543700e+00  7.880463e+02  1.418580e+00  3.434000e-03  1.415146e+00  6.803204e+00  2.207852e+00  6.803204e+00  9.975790e-01  3.079796e-01  6.136575e-01  5.527125e-02  2.001158e-02  4.814807e+00  5.270152e+02  3.213312e+05  4.170840e+54  3.706192e+55  3.187199e-06  2.036871e+105  1.000000e+00  1.000000e+00  0.000000e+00
7.880463e+02  2.035396e+02  1.910406e+03  7.416700e+00  7.880463e+02  1.417389e+00  4.053000e-03  1.413336e+00  6.800975e+00  2.283865e+00  6.800975e+00  9.971400e-01  3.078219e-01  6.129953e-01  5.943358e-02  2.003273e-02  4.832259e+00  6.242426e+02  3.208626e+05  4.922173e+54  3.699999e+55  3.221192e-06  2.327230e+105  1.000000e+00  1.000000e+00  0.000000e+00
7.880463e+02  2.102287e+02  1.910406e+03  8.406200e+00  7.880463e+02  1.416016e+00  4.785000e-03  1.411231e+00  6.798339e+00  2.364170e+00  6.798339e+00  9.966210e-01  3.076430e-01  6.122450e-01  6.401991e-02  2.005665e-02  4.852130e+00  7.397148e+02  3.203231e+05  5.811229e+54  3.692901e+55  3.251739e-06  2.657104e+105  1.000000e+00  1.000000e+00  0.000000e+00
7.880463e+02  2.171631e+02  1.910406e+03  9.527700e+00  7.880463e+02  1.414433e+00  5.648000e-03  1.408785e+00  6.795217e+00  2.448870e+00  6.795217e+00  9.960070e-01  3.074403e-01  6.113959e-01  6.907157e-02  2.008098e-02  4.874053e+00  8.768349e+02  3.197015e+05  6.862939e+54  3.684763e+55  3.284516e-06  3.030899e+105  1.000000e+00  1.000000e+00  0.000000e+00
7.880463e+02  2.243537e+02  1.910406e+03  1.079880e+01  7.880463e+02  1.412613e+00  6.666000e-03  1.405947e+00  6.791538e+00  2.536037e+00  6.791538e+00  9.952810e-01  3.072109e-01  6.104369e-01  7.452222e-02  2.010863e-02  4.899012e+00  1.039655e+03  3.189876e+05  8.106552e+54  3.675459e+55  3.320239e-06  3.454204e+105  1.000000e+00  1.000000e+00  0.000000e+00
7.880463e+02  2.318138e+02  1.910406e+03  1.223950e+01  7.880463e+02  1.410523e+00  7.865000e-03  1.402658e+00  6.787206e+00  2.626682e+00  6.787206e+00  9.944240e-01  3.069523e-01  6.093582e-01  8.046140e-02  2.013910e-02  4.927141e+00  1.232917e+03  3.181687e+05  9.576269e+54  3.664840e+55  3.355384e-06  3.931964e+105  1.000000e+00  1.000000e+00  0.000000e+00
7.880463e+02  2.395612e+02  1.910406e+03  1.387240e+01  7.880463e+02  1.408121e+00  9.277000e-03  1.398844e+00  6.782092e+00  2.722265e+00  6.782092e+00  9.934110e-01  3.066606e-01  6.081434e-01  8.701784e-02  2.017151e-02  4.958568e+00  1.462381e+03  3.172271e+05  1.131305e+55  3.652696e+55  3.392737e-06  4.470711e+105  1.000000e+00  1.000000e+00  0.000000e+00
7.880463e+02  2.476067e+02  1.910406e+03  1.572320e+01  7.880463e+02  1.405375e+00  1.093900e-02  1.394436e+00  6.776089e+00  2.823086e+00  6.776089e+00  9.922170e-01  3.063336e-01  6.067855e-01  9.426650e-02  2.020618e-02  4.993652e+00  1.734706e+03  3.161504e+05  1.336384e+55  3.638885e+55  3.432825e-06  5.078256e+105  1.000000e+00  1.000000e+00  0.000000e+00
7.880463e+02  2.559695e+02  1.910406e+03  1.782080e+01  7.880463e+02  1.402229e+00  1.289100e-02  1.389338e+00  6.769028e+00  2.929110e+00  6.769028e+00  9.908070e-01  3.059668e-01  6.052659e-01  1.022699e-01  2.024273e-02  5.032781e+00  2.057996e+03  3.149164e+05  1.578548e+55  3.623146e+55  3.472656e-06  5.759590e+105  1.000000e+00  1.000000e+00  0.000000e+00
7.880463e+02  2.646662e+02  1.910406e+03  2.019840e+01  7.880463e+02  1.398634e+00  1.518300e-02  1.383450e+00  6.760723e+00  3.040535e+00  6.760723e+00  9.891440e-01  3.055572e-01  6.035740e-01  1.111131e-01  2.028228e-02  5.076488e+00  2.441603e+03  3.135036e+05  1.864223e+55  3.605240e+55  3.514695e-06  6.519221e+105  1.000000e+00  1.000000e+00  0.000000e+00
7.880463e+02  2.737197e+02  1.910406e+03  2.289310e+01  7.880463e+02  1.394541e+00  1.787100e-02  1.376670e+00  6.750992e+00  3.157331e+00  6.750992e+00  9.871850e-01  3.051022e-01  6.017014e-01  1.208758e-01  2.032287e-02  5.124682e+00  2.896795e+03  3.118919e+05  2.201060e+55  3.584944e+55  3.561193e-06  7.368611e+105  1.000000e+00  1.000000e+00  0.000000e+00
7.880463e+02  2.831505e+02  1.910406e+03  2.594730e+01  7.880463e+02  1.389893e+00  2.102100e-02  1.368873e+00  6.739609e+00  3.279656e+00  6.739609e+00  9.848760e-01  3.045990e-01  5.996376e-01  1.316602e-01  2.036471e-02  5.177790e+00  3.436951e+03  3.100559e+05  2.598105e+55  3.561981e+55  3.610253e-06  8.310374e+105  1.000000e+00  1.000000e+00  0.000000e+00
7.880463e+02  2.929826e+02  1.910406e+03  2.940900e+01  7.880463e+02  1.384633e+00  2.470400e-02  1.359928e+00  6.726311e+00  3.407489e+00  6.726311e+00  9.821580e-01  3.040460e-01  5.973790e-01  1.435679e-01  2.040734e-02  5.235990e+00  4.077467e+03  3.079688e+05  3.065514e+55  3.536065e+55  3.661366e-06  9.350399e+105  1.000000e+00  1.000000e+00  0.000000e+00
7.880463e+02  3.032418e+02  1.910406e+03  3.333260e+01  7.880463e+02  1.378698e+00  2.900800e-02  1.349690e+00  6.710798e+00  3.540952e+00  6.710798e+00  9.789600e-01  3.034427e-01  5.949254e-01  1.567245e-01  2.044957e-02  5.299206e+00  4.837120e+03  3.056004e+05  3.615544e+55  3.506884e+55  3.716897e-06  1.049540e+106  1.000000e+00  1.000000e+00  0.000000e+00
7.880463e+02  3.139580e+02  1.910406e+03  3.777960e+01  7.880463e+02  1.372038e+00  3.402700e-02  1.338011e+00  6.692765e+00  3.680017e+00  6.692765e+00  9.751990e-01  3.027905e-01  5.922859e-01  1.712589e-01  2.048986e-02  5.367067e+00  5.737659e+03  3.029227e+05  4.262183e+55  3.474160e+55  3.775996e-06  1.174541e+106  1.000000e+00  1.000000e+00  0.000000e+00
7.880463e+02  3.251628e+02  1.910406e+03  4.281980e+01  7.880463e+02  1.364597e+00  3.987100e-02  1.324726e+00  6.671824e+00  3.824733e+00  6.671824e+00  9.707820e-01  3.020936e-01  5.894801e-01  1.873232e-01  2.052767e-02  5.439265e+00  6.805038e+03  2.999009e+05  5.021737e+55  3.437558e+55  3.839858e-06  1.310192e+106  1.000000e+00  1.000000e+00  0.000000e+00
7.880463e+02  3.368911e+02  1.910406e+03  4.853260e+01  7.880463e+02  1.356350e+00  4.666300e-02  1.309687e+00  6.647626e+00  3.975033e+00  6.647626e+00  9.655970e-01  3.013609e-01  5.865457e-01  2.050792e-01  2.056093e-02  5.514643e+00  8.069398e+03  2.965085e+05  5.912875e+55  3.396849e+55  3.910935e-06  1.455652e+106  1.000000e+00  1.000000e+00  0.000000e+00
7.880463e+02  3.491847e+02  1.910406e+03  5.500740e+01  7.880463e+02  1.347275e+00  5.453900e-02  1.292736e+00  6.619757e+00  4.130881e+00  6.619757e+00  9.595190e-01  3.006048e-01  5.835349e-01  2.247120e-01  2.058854e-02  5.591839e+00  9.565981e+03  2.927140e+05  6.956803e+55  3.351761e+55  3.989555e-06  1.611266e+106  1.000000e+00  1.000000e+00  0.000000e+00
7.880463e+02  3.620840e+02  1.910406e+03  6.234610e+01  7.880463e+02  1.337389e+00  6.365200e-02  1.273737e+00  6.587801e+00  4.292205e+00  6.587801e+00  9.524060e-01  2.998465e-01  5.805323e-01  2.464278e-01  2.060999e-02  5.668805e+00  1.133769e+04  2.884908e+05  8.179257e+55  3.302105e+55  4.077599e-06  1.774945e+106  1.000000e+00  1.000000e+00  0.000000e+00
7.880463e+02  3.756397e+02  1.910406e+03  7.066390e+01  7.880463e+02  1.326753e+00  7.417100e-02  1.252581e+00  6.551370e+00  4.458850e+00  6.551370e+00  9.440960e-01  2.991158e-01  5.776554e-01  2.704505e-01  2.062297e-02  5.741995e+00  1.343150e+04  2.838184e+05  9.606867e+55  3.247771e+55  4.178669e-06  1.944812e+106  1.000000e+00  1.000000e+00  0.000000e+00
7.880463e+02  3.899028e+02  1.910406e+03  8.009140e+01  7.880463e+02  1.315482e+00  8.628000e-02  1.229201e+00  6.510106e+00  4.630614e+00  6.510106e+00  9.344120e-01  2.984546e-01  5.750654e-01  2.970262e-01  2.063130e-02  5.808228e+00  1.590537e+04  2.786826e+05  1.127259e+56  3.188732e+55  4.297518e-06  2.118864e+106  1.000000e+00  1.000000e+00  0.000000e+00
7.880463e+02  4.049358e+02  1.910406e+03  9.077660e+01  7.880463e+02  1.303770e+00  1.001790e-01  1.203591e+00  6.463726e+00  4.807236e+00  6.463726e+00  9.231620e-01  2.979199e-01  5.729802e-01  3.264218e-01  2.063797e-02  5.862420e+00  1.882360e+04  2.730790e+05  1.321153e+56  3.125076e+55  4.447795e-06  2.295844e+106  1.000000e+00  1.000000e+00  0.000000e+00
7.880463e+02  4.208056e+02  1.910406e+03  1.028874e+02  7.880463e+02  1.291917e+00  1.160820e-01  1.175834e+00  6.412122e+00  4.988456e+00  6.412122e+00  9.101470e-01  2.975872e-01  5.716869e-01  3.589290e-01  2.065457e-02  5.900021e+00  2.226614e+04  2.670210e+05  1.546752e+56  3.057071e+55  4.649883e-06  2.471205e+106  1.000000e+00  1.000000e+00  0.000000e+00
7.880463e+02  4.375827e+02  1.910406e+03  1.166139e+02  7.880463e+02  1.280336e+00  1.342170e-01  1.146119e+00  6.355389e+00  5.173867e+00  6.355389e+00  8.951700e-01  2.975524e-01  5.715519e-01  3.948380e-01  2.069930e-02  5.916254e+00  2.631753e+04  2.605366e+05  1.808232e+56  2.985104e+55  4.329312e-06  2.419371e+106  1.000000e+00  1.000000e+00  0.000000e+00
7.880463e+02  1.053723e+03  1.910406e+03  1.321717e+02  7.880463e+02  1.269683e+00  1.463480e-01  1.123335e+00  6.315650e+00  5.278888e+00  6.315650e+00  8.847370e-01  2.969332e-01  5.691539e-01  4.153026e-01  2.090697e-02  6.038172e+00  2.899563e+04  2.550829e+05  1.978737e+56  2.920399e+55  3.784020e-06  1.034045e+106  1.000000e+00  1.000000e+00  1.000000e+00
7.880463e+02  1.071356e+03  1.910406e+03  1.498051e+02  7.880463e+02  1.256734e+00  1.585600e-01  1.098174e+00  6.272293e+00  5.360312e+00  6.272293e+00  8.738310e-01  2.959366e-01  5.653175e-01  4.320596e-01  2.118017e-02  6.220786e+00  3.160160e+04  2.489922e+05  2.140588e+56  2.846825e+55  3.779621e-06  1.059087e+106  1.000000e+00  1.000000e+00  1.000000e+00
7.880463e+02  1.091342e+03  1.910406e+03  1.697911e+02  7.880463e+02  1.241771e+00  1.732480e-01  1.068523e+00  6.219181e+00  5.444707e+00  6.219181e+00  8.604830e-01  2.949103e-01  5.613959e-01  4.507482e-01  2.149207e-02  6.422994e+00  3.475569e+04  2.419524e+05  2.333258e+56  2.762664e+55  3.911421e-06  1.090662e+106  1.000000e+00  1.000000e+00  1.000000e+00
7.880463e+02  1.113993e+03  1.910406e+03  1.924434e+02  7.880463e+02  1.225222e+00  1.905200e-01  1.034702e+00  6.156228e+00  5.532496e+00  6.156228e+00  8.445020e-01  2.939556e-01  5.577744e-01  4.714631e-01  2.186022e-02  6.639803e+00  3.850831e+04  2.340379e+05  2.558845e+56  2.669025e+55  4.047176e-06  1.108581e+106  1.000000e+00  1.000000e+00  1.000000e+00
7.880463e+02  1.139669e+03  1.910406e+03  2.181178e+02  7.880463e+02  1.207564e+00  2.105300e-01  9.970340e-01  6.083331e+00  5.623738e+00  6.083331e+00  8.256570e-01  2.931909e-01  5.548918e-01  4.941966e-01  2.231420e-02  6.866538e+00  4.293885e+04  2.253217e+05  2.821120e+56  2.566935e+55  4.179783e-06  1.108438e+106  1.000000e+00  1.000000e+00  1.000000e+00
7.880463e+02  1.168770e+03  1.910406e+03  2.472176e+02  7.880463e+02  1.189408e+00  2.334390e-01  9.559690e-01  6.000627e+00  5.718300e+00  6.000627e+00  8.037350e-01  2.927628e-01  5.532850e-01  5.187184e-01  2.289618e-02  7.097285e+00  4.808060e+04  2.158972e+05  3.120903e+56  2.457572e+55  4.329180e-06  1.075763e+106  1.000000e+00  1.000000e+00  1.000000e+00
7.880463e+02  1.201752e+03  1.910406e+03  2.801996e+02  7.880463e+02  1.171533e+00  2.593950e-01  9.121380e-01  5.908705e+00  5.816195e+00  5.908705e+00  7.785850e-01  2.928490e-01  5.536080e-01  5.441022e-01  2.367559e-02  7.328095e+00  5.403947e+04  2.058887e+05  3.463112e+56  2.342321e+55  4.613457e-06  1.041992e+106  1.000000e+00  1.000000e+00  1.000000e+00
7.880463e+02  1.239133e+03  1.910406e+03  3.175819e+02  7.880463e+02  1.154886e+00  2.885660e-01  8.663200e-01  5.920655e+00  5.920655e+00  5.808689e+00  7.501350e-01  2.881052e-01  5.361189e-01  5.361417e-01  2.400861e-02  8.063415e+00  6.099300e+04  1.954561e+05  3.855875e+56  2.222683e+55  4.974851e-06  9.834738e+105  1.000000e+00  1.000000e+00  1.000000e+00
7.880463e+02  1.281502e+03  1.910406e+03  3.599514e+02  7.880463e+02  1.140606e+00  3.216940e-01  8.189120e-01  6.047804e+00  6.047804e+00  5.700597e+00  7.179620e-01  2.785605e-01  5.026488e-01  5.026687e-01  2.100432e-02  8.348668e+00  6.898544e+04  1.846783e+05  4.302274e+56  2.099857e+55  6.071593e-06  9.280746e+105  1.000000e+00  1.000000e+00  1.000000e+00
7.880463e+02  1.329526e+03  1.910406e+03  4.079736e+02  7.880463e+02  1.130121e+00  3.599370e-01  7.701850e-01  6.203263e+00  6.203263e+00  5.583799e+00  6.815060e-01  2.690832e-01  4.714896e-01  4.715067e-01  1.846848e-02  8.727821e+00  7.841997e+04  1.736575e+05  4.826008e+56  1.975417e+55  3.510873e-05  8.850008e+105  1.000000e+00  1.000000e+00  1.000000e+00
7.880463e+02  1.383956e+03  1.910406e+03  4.624025e+02  7.880463e+02  1.125080e+00  4.042420e-01  7.208380e-01  6.389498e+00  6.389498e+00  5.459052e+00  6.407000e-01  2.600747e-01  4.436004e-01  4.436148e-01  1.675270e-02  9.386549e+00  8.939934e+04  1.625438e+05  5.432873e+56  1.851147e+55  4.073061e-05  8.201821e+105  1.000000e+00  1.000000e+00  1.000000e+00
7.880463e+02  1.445646e+03  1.910406e+03  5.240930e+02  7.880463e+02  1.127147e+00  4.554180e-01  6.717290e-01  6.606318e+00  6.606318e+00  5.327905e+00  5.959550e-01  2.520013e-01  4.199083e-01  4.199204e-01  1.542529e-02  1.011874e+01  1.020924e+05  1.515044e+05  6.131791e+56  1.728795e+55  1.681851e-06  7.638518e+105  1.000000e+00  1.000000e+00  1.000000e+00
7.880463e+02  1.515564e+03  1.910406e+03  5.940138e+02  7.880463e+02  1.137724e+00  5.139760e-01  6.237480e-01  6.849556e+00  6.849556e+00  5.192508e+00  5.482420e-01  2.453331e-01  4.011955e-01  4.012063e-01  1.500982e-02  1.125870e+01  1.168084e+05  1.407016e+05  6.938172e+56  1.609867e+55  2.819082e-06  7.285973e+105  1.000000e+00  1.000000e+00  1.000000e+00
7.880463e+02  1.594815e+03  1.910406e+03  6.732629e+02  7.880463e+02  1.157578e+00  5.798650e-01  5.777130e-01  7.110377e+00  7.110377e+00  5.055449e+00  4.990700e-01  2.404579e-01  3.879733e-01  3.879824e-01  1.514051e-02  1.255608e+01  1.338207e+05  1.302751e+05  7.863825e+56  1.495464e+55  3.139213e-06  6.604349e+105  1.000000e+00  1.000000e+00  1.000000e+00
7.880463e+02  1.684639e+03  1.910406e+03  7.630849e+02  7.880463e+02  1.186513e+00  6.522270e-01  5.342860e-01  7.375856e+00  7.375856e+00  4.919517e+00  4.503000e-01  2.375974e-01  3.803871e-01  3.803948e-01  1.570475e-02  1.382713e+01  1.525221e+05  1.203289e+05  8.868078e+56  1.386172e+55  3.296207e-06  5.787719e+105  1.000000e+00  1.000000e+00  1.000000e+00
7.880463e+02  1.786445e+03  1.910406e+03  8.648903e+02  7.880463e+02  1.223228e+00  7.293260e-01  4.939030e-01  7.631301e+00  7.631301e+00  4.787412e+00  4.037700e-01  2.367503e-01  3.781646e-01  3.781713e-01  1.622129e-02  1.453915e+01  1.731046e+05  1.109230e+05  9.953613e+56  1.282014e+55  3.216673e-06  5.066252e+105  1.000000e+00  1.000000e+00  1.000000e+00
7.880463e+02  1.901831e+03  1.910406e+03  9.802778e+02  7.880463e+02  1.265516e+00  8.087820e-01  4.567340e-01  7.863070e+00  7.863070e+00  4.661472e+00  3.609070e-01  2.377152e-01  3.806972e-01  3.807027e-01  1.666583e-02  1.463698e+01  1.954482e+05  1.020718e+05  1.110428e+57  1.182444e+55  3.177089e-06  3.980373e+105  1.000000e+00  1.000000e+00  1.000000e+00
7.880463e+02  2.032610e+03  1.910406e+03  1.111060e+03  7.880463e+02  1.310668e+00  8.883400e-01  4.223280e-01  8.060921e+00  8.060921e+00  4.541821e+00  3.222230e-01  2.401540e-01  3.871614e-01  3.871664e-01  1.699512e-02  1.418357e+01  2.178290e+05  9.370617e+04  1.221306e+57  1.086161e+55  3.079171e-06  2.889897e+105  1.000000e+00  1.000000e+00  1.000000e+00
7.880463e+02  2.180844e+03  1.910406e+03  1.259289e+03  7.880463e+02  1.356235e+00  9.676650e-01  3.885700e-01  8.218840e+00  8.218840e+00  4.418499e+00  2.865070e-01  2.437284e-01  3.968016e-01  3.968065e-01  1.698821e-02  1.316827e+01  2.415694e+05  8.556827e+04  1.334816e+57  9.920458e+54  2.857349e-06  2.172273e+105  1.000000e+00  1.000000e+00  1.000000e+00
7.880463e+02  2.348852e+03  1.910406e+03  1.427295e+03  7.880463e+02  1.400231e+00  1.044833e+00  3.553980e-01  8.334845e+00  8.334845e+00  4.290020e+00  2.538140e-01  2.481326e-01  4.089611e-01  4.089656e-01  1.670933e-02  1.184259e+01  2.652055e+05  7.768080e+04  1.442078e+57  9.007898e+54  2.696780e-06  1.367280e+105  1.000000e+00  1.000000e+00  1.000000e+00
7.880463e+02  2.539271e+03  1.910406e+03  1.617714e+03  7.880463e+02  1.441065e+00  1.117941e+00  3.231240e-01  8.410499e+00  8.410499e+00  4.156980e+00  2.242260e-01  2.530716e-01  4.229823e-01  4.229864e-01  1.619883e-02  1.040340e+01  2.884804e+05  7.011005e+04  1.541587e+57  8.131637e+54  2.525732e-06  7.194018e+104  1.000000e+00  1.000000e+00  1.000000e+00
7.880463e+02  2.755091e+03  1.910406e+03  1.833538e+03  7.880463e+02  1.477640e+00  1.185602e+00  2.920390e-01  8.450254e+00  8.450254e+00  4.020055e+00  1.976390e-01  2.582740e-01  4.382132e-01  4.382173e-01  1.551975e-02  9.003063e+00  3.105753e+05  6.291307e+04  1.628926e+57  7.298324e+54  2.297555e-06  3.044555e+104  1.000000e+00  1.000000e+00  1.000000e+00
7.880463e+02  2.999709e+03  1.910406e+03  2.078156e+03  7.880463e+02  1.509264e+00  1.246870e+00  2.623940e-01  8.459639e+00  8.459639e+00  3.879982e+00  1.738560e-01  2.635088e-01  4.540438e-01  4.540472e-01  1.473387e-02  7.731245e+00  3.321200e+05  5.613614e+04  1.708254e+57  6.513367e+54  2.011029e-06  9.112844e+103  1.000000e+00  1.000000e+00  1.000000e+00
7.880463e+02  3.276966e+03  1.910406e+03  2.355409e+03  7.880463e+02  1.535600e+00  1.301200e+00  2.344000e-01  8.444552e+00  8.444552e+00  3.737544e+00  1.526440e-01  2.685858e-01  4.699074e-01  4.699107e-01  1.392159e-02  6.640245e+00  3.523921e+05  4.981378e+04  1.776236e+57  5.780815e+54  1.736600e-06  -8.169636e+103  1.000000e+00  -1.000000e+00  1.000000e+00
7.880463e+02  3.591209e+03  1.910406e+03  2.669651e+03  7.880463e+02  1.556573e+00  1.348357e+00  2.082160e-01  8.410510e+00  8.410510e+00  3.593544e+00  1.337660e-01  2.733562e-01  4.852961e-01  4.852992e-01  1.312032e-02  5.730709e+00  3.713961e+05  4.396844e+04  1.833908e+57  5.103322e+54  1.469382e-06  -1.731704e+104  1.000000e+00  -1.000000e+00  1.000000e+00
7.880463e+02  3.947373e+03  1.910406e+03  3.025817e+03  7.880463e+02  1.572294e+00  1.388341e+00  1.839530e-01  8.362211e+00  8.362211e+00  3.448789e+00  1.169970e-01  2.777118e-01  4.997772e-01  4.997801e-01  1.235449e-02  4.986110e+00  3.883131e+05  3.861091e+04  1.877585e+57  4.482185e+54  1.171764e-06  -2.411396e+104  1.000000e+00  -1.000000e+00  1.000000e+00
7.880463e+02  4.351050e+03  1.910406e+03  3.429500e+03  7.880463e+02  1.583020e+00  1.421349e+00  1.616710e-01  8.303657e+00  8.303657e+00  3.304066e+00  1.021280e-01  2.815779e-01  5.129924e-01  5.129951e-01  1.165702e-02  4.390371e+00  4.039465e+05  3.374114e+04  1.912807e+57  3.917442e+54  8.184678e-07  -2.371880e+104  1.000000e+00  -1.000000e+00  1.000000e+00
7.880463e+02  4.808596e+03  1.910406e+03  3.887040e+03  7.880463e+02  1.589108e+00  1.447727e+00  1.413820e-01  8.238010e+00  8.238010e+00  3.160130e+00  8.896900e-02  2.849133e-01  5.246784e-01  5.246807e-01  1.102046e-02  3.913346e+00  4.174569e+05  2.934957e+04  1.935787e+57  3.408029e+54  4.395294e-07  -2.386984e+104  1.000000e+00  -1.000000e+00  1.000000e+00
7.880463e+02  5.327181e+03  1.910406e+03  4.405622e+03  7.880463e+02  1.590995e+00  1.467938e+00  1.230570e-01  8.167975e+00  8.167975e+00  3.017683e+00  7.734600e-02  2.876975e-01  5.346435e-01  5.346457e-01  1.046081e-02  3.538289e+00  4.288565e+05  2.541873e+04  1.947398e+57  2.951952e+54  -2.467743e-08  -2.109233e+104  -1.000000e+00  -1.000000e+00  1.000000e+00
7.880463e+02  5.914947e+03  1.910406e+03  4.993389e+03  7.880463e+02  1.589160e+00  1.482527e+00  1.066340e-01  8.095659e+00  8.095659e+00  2.877367e+00  6.710100e-02  2.899326e-01  5.427861e-01  5.427880e-01  9.970877e-03  3.244560e+00  4.390557e+05  2.192485e+04  1.953629e+57  2.546489e+54  -6.825924e-07  -1.794688e+104  -1.000000e+00  -1.000000e+00  1.000000e+00
7.880463e+02  6.581126e+03  1.910406e+03  5.659571e+03  7.880463e+02  1.584102e+00  1.492083e+00  9.202000e-02  8.022852e+00  8.022852e+00  2.739754e+00  5.808900e-02  2.916325e-01  5.490665e-01  5.490682e-01  9.551078e-03  3.018431e+00  4.472339e+05  1.883962e+04  1.950412e+57  2.188380e+54  -1.413378e-06  -1.491967e+104  -1.000000e+00  -1.000000e+00  1.000000e+00
7.880463e+02  7.336183e+03  1.910406e+03  6.414631e+03  7.880463e+02  1.576324e+00  1.497221e+00  7.910200e-02  7.950970e+00  7.950970e+00  2.605341e+00  5.018200e-02  2.928242e-01  5.535151e-01  5.535165e-01  9.194570e-03  2.847104e+00  4.543239e+05  1.613177e+04  1.943540e+57  1.874020e+54  -2.783839e-06  -1.165031e+104  -1.000000e+00  -1.000000e+00  1.000000e+00
7.880463e+02  8.191984e+03  1.910406e+03  7.270426e+03  7.880463e+02  1.566317e+00  1.498560e+00  6.775600e-02  7.881228e+00  7.881228e+00  2.474550e+00  4.325800e-02  2.935400e-01  5.562059e-01  5.562071e-01  8.897055e-03  2.721564e+00  4.595868e+05  1.376847e+04  1.929292e+57  1.599614e+54  -4.418902e-06  -9.271730e+103  -1.000000e+00  -1.000000e+00  1.000000e+00
7.880463e+02  9.161955e+03  1.910406e+03  8.240395e+03  7.880463e+02  1.554541e+00  1.496694e+00  5.784700e-02  7.814553e+00  7.814553e+00  2.347728e+00  3.721200e-02  2.938188e-01  5.572578e-01  5.572589e-01  8.652700e-03  2.634282e+00  4.639130e+05  1.171650e+04  1.912925e+57  1.361324e+54  -1.147907e-05  -7.038096e+103  -1.000000e+00  -1.000000e+00  1.000000e+00
7.880463e+02  1.026133e+04  1.910406e+03  9.339770e+03  7.880463e+02  1.541450e+00  1.492212e+00  4.923800e-02  7.751895e+00  7.751895e+00  2.225147e+00  3.194300e-02  2.936996e-01  5.568075e-01  5.568084e-01  8.456130e-03  2.579700e+00  4.666173e+05  9.943284e+03  1.890766e+57  1.155379e+54  -2.464914e-05  -5.430374e+103  -1.000000e+00  -1.000000e+00  1.000000e+00
7.880463e+02  1.150737e+04  1.910406e+03  1.058582e+04  7.880463e+02  1.527441e+00  1.485645e+00  4.179500e-02  7.693826e+00  7.693826e+00  2.107013e+00  2.736300e-02  2.932268e-01  5.550267e-01  5.550275e-01  8.301467e-03  2.553002e+00  4.686106e+05  8.417561e+03  1.868050e+57  9.781569e+53  -1.787015e-04  -3.781156e+103  -1.000000e+00  -1.000000e+00  1.000000e+00
7.880463e+02  1.291966e+04  1.910406e+03  1.199810e+04  7.880463e+02  1.512876e+00  1.477488e+00  3.538800e-02  7.640907e+00  7.640907e+00  1.993467e+00  2.339200e-02  2.924422e-01  5.520850e-01  5.520856e-01  8.185103e-03  2.551156e+00  4.699904e+05  7.109948e+03  1.845411e+57  8.262541e+53  -2.180005e-04  -2.852815e+103  -1.000000e+00  -1.000000e+00  1.000000e+00
7.880463e+02  1.452036e+04  1.910406e+03  1.359880e+04  7.880463e+02  1.498085e+00  1.468190e+00  2.989600e-02  7.593485e+00  7.593485e+00  1.884598e+00  1.995600e-02  2.913916e-01  5.481717e-01  5.481723e-01  8.098788e-03  2.570092e+00  4.700790e+05  5.993256e+03  1.818902e+57  6.965182e+53  1.309654e-05  -2.131359e+103  1.000000e+00  -1.000000e+00  1.000000e+00
7.880463e+02  1.633462e+04  1.910406e+03  1.541306e+04  7.880463e+02  1.483371e+00  1.458168e+00  2.520400e-02  7.551962e+00  7.551962e+00  1.780441e+00  1.699100e-02  2.901160e-01  5.434599e-01  5.434603e-01  8.039744e-03  2.607916e+00  4.697489e+05  5.042682e+03  1.793377e+57  5.860722e+53  1.066407e-05  -1.437167e+103  1.000000e+00  -1.000000e+00  1.000000e+00
7.880463e+02  1.839092e+04  1.910406e+03  1.746936e+04  7.880463e+02  1.468973e+00  1.447765e+00  2.120800e-02  7.516377e+00  7.516377e+00  1.680989e+00  1.443800e-02  2.886602e-01  5.381346e-01  5.381350e-01  8.004568e-03  2.662613e+00  4.690726e+05  4.235860e+03  1.769095e+57  4.923219e+53  9.132665e-06  -9.924164e+102  1.000000e+00  -1.000000e+00  1.000000e+00
7.880463e+02  2.071233e+04  1.910406e+03  1.979078e+04  7.880463e+02  1.455170e+00  1.437341e+00  1.782800e-02  7.486962e+00  7.486962e+00  1.586545e+00  1.225200e-02  2.870712e-01  5.323848e-01  5.323851e-01  7.986378e-03  2.730937e+00  4.681299e+05  3.555177e+03  1.746397e+57  4.132232e+53  8.502812e-06  -7.458212e+102  1.000000e+00  -1.000000e+00  1.000000e+00
1.082637e+03  1.030404e+02  2.252635e+03  1.000000e+00  1.082637e+03  1.486619e+00  2.100000e-04  1.486410e+00  6.772129e+00  1.283189e+00  6.772129e+00  9.998590e-01  3.242322e-01  6.866128e-01  2.092417e-02  1.585237e-02  2.949329e+00  3.134140e+01  3.556549e+05  2.635575e+53  4.223164e+55  2.469875e-06  1.144540e+104  1.000000e+00  1.000000e+00  0.000000e+00
1.082637e+03  1.076573e+02  2.252635e+03  1.133400e+00  1.082637e+03  1.486540e+00  2.470000e-04  1.486293e+00  6.772061e+00  1.314535e+00  6.772061e+00  9.998340e-01  3.242183e-01  6.865457e-01  2.199029e-02  1.585433e-02  2.950314e+00  3.694671e+01  3.556174e+05  3.099023e+53  4.222640e+55  2.457502e-06  1.133726e+104  1.000000e+00  1.000000e+00  0.000000e+00
1.082637e+03  1.131115e+02  2.252635e+03  1.284600e+00  1.082637e+03  1.486449e+00  2.910000e-04  1.486158e+00  6.771967e+00  1.347413e+00  6.771967e+00  9.998050e-01  3.242027e-01  6.864713e-01  2.313913e-02  1.585741e-02  2.951604e+00  4.350263e+01  3.555732e+05  3.635101e+53  4.222031e+55  2.443838e-06  1.153126e+104  1.000000e+00  1.000000e+00  0.000000e+00
1.082637e+03  1.191072e+02  2.252635e+03  1.456000e+00  1.082637e+03  1.486340e+00  3.420000e-04  1.485999e+00  6.771847e+00  1.381914e+00  6.771847e+00  9.997700e-01  3.241848e-01  6.863854e-01  2.437877e-02  1.586023e-02  2.952933e+00  5.120129e+01  3.555212e+05  4.259965e+53  4.221319e+55  2.468549e-06  1.299321e+104  1.000000e+00  1.000000e+00  0.000000e+00
1.082637e+03  1.250167e+02  2.252635e+03  1.650300e+00  1.082637e+03  1.486217e+00  4.020000e-04  1.485815e+00  6.771713e+00  1.418083e+00  6.771713e+00  9.997300e-01  3.241643e-01  6.862871e-01  2.571613e-02  1.586363e-02  2.954502e+00  6.024552e+01  3.554627e+05  4.989737e+53  4.220514e+55  2.498789e-06  1.441698e+104  1.000000e+00  1.000000e+00  0.000000e+00
1.082637e+03  1.316026e+02  2.252635e+03  1.870400e+00  1.082637e+03  1.486074e+00  4.720000e-04  1.485602e+00  6.771551e+00  1.456044e+00  6.771551e+00  9.996820e-01  3.241410e-01  6.861753e-01  2.716156e-02  1.586718e-02  2.956232e+00  7.087689e+01  3.553951e+05  5.843271e+53  4.219588e+55  2.521394e-06  1.641179e+104  1.000000e+00  1.000000e+00  0.000000e+00
1.082637e+03  1.379494e+02  2.252635e+03  2.120000e+00  1.082637e+03  1.485913e+00  5.540000e-04  1.485359e+00  6.771367e+00  1.495893e+00  6.771367e+00  9.996270e-01  3.241146e-01  6.860488e-01  2.872532e-02  1.587152e-02  2.958252e+00  8.338270e+01  3.553191e+05  6.842874e+53  4.218546e+55  2.540989e-06  1.519092e+104  1.000000e+00  1.000000e+00  0.000000e+00
1.082637e+03  1.527256e+02  2.252635e+03  2.402800e+00  1.082637e+03  1.485726e+00  6.480000e-04  1.485079e+00  6.771147e+00  1.535709e+00  6.771147e+00  9.995640e-01  3.240844e-01  6.859041e-01  3.033653e-02  1.587612e-02  2.960469e+00  9.753033e+01  3.552314e+05  7.969055e+53  4.217345e+55  2.553162e-06  2.538653e+104  1.000000e+00  1.000000e+00  0.000000e+00
1.082637e+03  1.576382e+02  2.252635e+03  2.723400e+00  1.082637e+03  1.485508e+00  7.580000e-04  1.484750e+00  6.770884e+00  1.577571e+00  6.770884e+00  9.994900e-01  3.240493e-01  6.857359e-01  3.208385e-02  1.588162e-02  2.963112e+00  1.143140e+02  3.551296e+05  9.300109e+53  4.215951e+55  2.578963e-06  3.326241e+104  1.000000e+00  1.000000e+00  0.000000e+00
1.082637e+03  1.627167e+02  2.252635e+03  3.086700e+00  1.082637e+03  1.485258e+00  8.900000e-04  1.484368e+00  6.770561e+00  1.622210e+00  6.770561e+00  9.994010e-01  3.240103e-01  6.855491e-01  3.400689e-02  1.588788e-02  2.966066e+00  1.343829e+02  3.550131e+05  1.088638e+54  4.214366e+55  2.609921e-06  3.831225e+104  1.000000e+00  1.000000e+00  0.000000e+00
1.082637e+03  1.679681e+02  2.252635e+03  3.498500e+00  1.082637e+03  1.484965e+00  1.046000e-03  1.483919e+00  6.770176e+00  1.669800e+00  6.770176e+00  9.992950e-01  3.239650e-01  6.853320e-01  3.612497e-02  1.589503e-02  2.969478e+00  1.583186e+02  3.548781e+05  1.277231e+54  4.212530e+55  2.641288e-06  4.402910e+104  1.000000e+00  1.000000e+00  0.000000e+00
1.082637e+03  1.734000e+02  2.252635e+03  3.965200e+00  1.082637e+03  1.484621e+00  1.232000e-03  1.483388e+00  6.769695e+00  1.720451e+00  6.769695e+00  9.991700e-01  3.239127e-01  6.850820e-01  3.845661e-02  1.590155e-02  2.973078e+00  1.868304e+02  3.547195e+05  1.501178e+54  4.210382e+55  2.677273e-06  5.054340e+104  1.000000e+00  1.000000e+00  0.000000e+00
1.082637e+03  1.790190e+02  2.252635e+03  4.494300e+00  1.082637e+03  1.484224e+00  1.453000e-03  1.482771e+00  6.769138e+00  1.774297e+00  6.769138e+00  9.990210e-01  3.238529e-01  6.847957e-01  4.102317e-02  1.591077e-02  2.977560e+00  2.207631e+02  3.545391e+05  1.766882e+54  4.207935e+55  2.708810e-06  5.796598e+104  1.000000e+00  1.000000e+00  0.000000e+00
1.082637e+03  1.848335e+02  2.252635e+03  5.093900e+00  1.082637e+03  1.483756e+00  1.714000e-03  1.482041e+00  6.768437e+00  1.831472e+00  6.768437e+00  9.988450e-01  3.237842e-01  6.844674e-01  4.384823e-02  1.592043e-02  2.982519e+00  2.611263e+02  3.543261e+05  2.081940e+54  4.205067e+55  2.730393e-06  6.643338e+104  1.000000e+00  1.000000e+00  0.000000e+00
1.082637e+03  1.908524e+02  2.252635e+03  5.773400e+00  1.082637e+03  1.483213e+00  2.024000e-03  1.481188e+00  6.767599e+00  1.892099e+00  6.767599e+00  9.986350e-01  3.237057e-01  6.840924e-01  4.695709e-02  1.593061e-02  2.988052e+00  3.091261e+02  3.540805e+05  2.455412e+54  4.201765e+55  2.767877e-06  7.609369e+104  1.000000e+00  1.000000e+00  0.000000e+00
1.082637e+03  1.970844e+02  2.252635e+03  6.543700e+00  1.082637e+03  1.482583e+00  2.391000e-03  1.480193e+00  6.766604e+00  1.956334e+00  6.766604e+00  9.983870e-01  3.236160e-01  6.836639e-01  5.037919e-02  1.594295e-02  2.994519e+00  3.661921e+02  3.537978e+05  2.897945e+54  4.197971e+55  2.804283e-06  8.708806e+104  1.000000e+00  1.000000e+00  0.000000e+00
1.082637e+03  2.035396e+02  2.252635e+03  7.416700e+00  1.082637e+03  1.481851e+00  2.824000e-03  1.479026e+00  6.765407e+00  2.024279e+00  6.765407e+00  9.980940e-01  3.235133e-01  6.831739e-01  5.414423e-02  1.595612e-02  3.001759e+00  4.340232e+02  3.534703e+05  3.422138e+54  4.193590e+55  2.836233e-06  9.960974e+104  1.000000e+00  1.000000e+00  0.000000e+00
1.082637e+03  2.102287e+02  2.252635e+03  8.406200e+00  1.082637e+03  1.480998e+00  3.337000e-03  1.477661e+00  6.763966e+00  2.096089e+00  6.763966e+00  9.977470e-01  3.233959e-01  6.826146e-01  5.828751e-02  1.597166e-02  3.010145e+00  5.146465e+02  3.530907e+05  4.042910e+54  4.188527e+55  2.868246e-06  1.138578e+105  1.000000e+00  1.000000e+00  0.000000e+00
1.082637e+03  2.171631e+02  2.252635e+03  9.527700e+00  1.082637e+03  1.480004e+00  3.942000e-03  1.476062e+00  6.762236e+00  2.171934e+00  6.762236e+00  9.973360e-01  3.232617e-01  6.819755e-01  6.284893e-02  1.598815e-02  3.019496e+00  6.104596e+02  3.526507e+05  4.777816e+54  4.182678e+55  2.904180e-06  1.300606e+105  1.000000e+00  1.000000e+00  0.000000e+00
1.082637e+03  2.243537e+02  2.252635e+03  1.079880e+01  1.082637e+03  1.478854e+00  4.658000e-03  1.474197e+00  6.760175e+00  2.250028e+00  6.760175e+00  9.968510e-01  3.231090e-01  6.812494e-01  6.776142e-02  1.600665e-02  3.030154e+00  7.243410e+02  3.521436e+05  5.647677e+54  4.175957e+55  2.943786e-06  1.484672e+105  1.000000e+00  1.000000e+00  0.000000e+00
1.082637e+03  2.318138e+02  2.252635e+03  1.223950e+01  1.082637e+03  1.477522e+00  5.501000e-03  1.472021e+00  6.757725e+00  2.331347e+00  6.757725e+00  9.962770e-01  3.229351e-01  6.804234e-01  7.310838e-02  1.602636e-02  3.042058e+00  8.596538e+02  3.515593e+05  6.676743e+54  4.168232e+55  2.980515e-06  1.692761e+105  1.000000e+00  1.000000e+00  0.000000e+00
1.082637e+03  2.395612e+02  2.252635e+03  1.387240e+01  1.082637e+03  1.475972e+00  6.496000e-03  1.469476e+00  6.754780e+00  2.417169e+00  6.754780e+00  9.955990e-01  3.227369e-01  6.794840e-01  7.900276e-02  1.604947e-02  3.055811e+00  1.020469e+03  3.508813e+05  7.894006e+54  4.159307e+55  3.014311e-06  1.928209e+105  1.000000e+00  1.000000e+00  0.000000e+00
1.082637e+03  2.476067e+02  2.252635e+03  1.572320e+01  1.082637e+03  1.474177e+00  7.669000e-03  1.466509e+00  6.751265e+00  2.507764e+00  6.751265e+00  9.947980e-01  3.225123e-01  6.784207e-01  8.550878e-02  1.607312e-02  3.070973e+00  1.211562e+03  3.500985e+05  9.333164e+54  4.149043e+55  3.055975e-06  2.195029e+105  1.000000e+00  1.000000e+00  0.000000e+00
1.082637e+03  2.559695e+02  2.252635e+03  1.782080e+01  1.082637e+03  1.472107e+00  9.049000e-03  1.463058e+00  6.747107e+00  2.603129e+00  6.747107e+00  9.938530e-01  3.222578e-01  6.772189e-01  9.268010e-02  1.609953e-02  3.088197e+00  1.438695e+03  3.491994e+05  1.103465e+55  4.137290e+55  3.098851e-06  2.495695e+105  1.000000e+00  1.000000e+00  0.000000e+00
1.082637e+03  2.646662e+02  2.252635e+03  2.019840e+01  1.082637e+03  1.469714e+00  1.067300e-02  1.459041e+00  6.742152e+00  2.703501e+00  6.742152e+00  9.927380e-01  3.219704e-01  6.758643e-01  1.005923e-01  1.612872e-02  3.107629e+00  1.708578e+03  3.481624e+05  1.304465e+55  4.123794e+55  3.139815e-06  2.832644e+105  1.000000e+00  1.000000e+00  0.000000e+00
1.082637e+03  2.737197e+02  2.252635e+03  2.289310e+01  1.082637e+03  1.466953e+00  1.258200e-02  1.454371e+00  6.736270e+00  2.808902e+00  6.736270e+00  9.914230e-01  3.216461e-01  6.743400e-01  1.093141e-01  1.615897e-02  3.129191e+00  2.029292e+03  3.469687e+05  1.541812e+55  4.108324e+55  3.186107e-06  3.211507e+105  1.000000e+00  1.000000e+00  0.000000e+00
1.082637e+03  2.831505e+02  2.252635e+03  2.594730e+01  1.082637e+03  1.463782e+00  1.482300e-02  1.448958e+00  6.729317e+00  2.919392e+00  6.729317e+00  9.898730e-01  3.212824e-01  6.726356e-01  1.189249e-01  1.619205e-02  3.153382e+00  2.410451e+03  3.456003e+05  1.822016e+55  4.090670e+55  3.232037e-06  3.634244e+105  1.000000e+00  1.000000e+00  0.000000e+00
1.082637e+03  2.929826e+02  2.252635e+03  2.940900e+01  1.082637e+03  1.460132e+00  1.745200e-02  1.442680e+00  6.721062e+00  3.035104e+00  6.721062e+00  9.880470e-01  3.208750e-01  6.707323e-01  1.295180e-01  1.622683e-02  3.180273e+00  2.863263e+03  3.440261e+05  2.152490e+55  4.070465e+55  3.278237e-06  4.104354e+105  1.000000e+00  1.000000e+00  0.000000e+00
1.082637e+03  3.032418e+02  2.252635e+03  3.333260e+01  1.082637e+03  1.455950e+00  2.053200e-02  1.435417e+00  6.711310e+00  3.156101e+00  6.711310e+00  9.858980e-01  3.204208e-01  6.686182e-01  1.411926e-01  1.626350e-02  3.210101e+00  3.401297e+03  3.422226e+05  2.542119e+55  4.047435e+55  3.332574e-06  4.627353e+105  1.000000e+00  1.000000e+00  0.000000e+00
1.082637e+03  3.139580e+02  2.252635e+03  3.777960e+01  1.082637e+03  1.451182e+00  2.413600e-02  1.427046e+00  6.699852e+00  3.282475e+00  6.699852e+00  9.833680e-01  3.199178e-01  6.662861e-01  1.540613e-01  1.629961e-02  3.242605e+00  4.040446e+03  3.401661e+05  3.001144e+55  4.021310e+55  3.387440e-06  5.203852e+105  1.000000e+00  1.000000e+00  0.000000e+00
1.082637e+03  3.251628e+02  2.252635e+03  4.281980e+01  1.082637e+03  1.445749e+00  2.834600e-02  1.417403e+00  6.686333e+00  3.414203e+00  6.686333e+00  9.803940e-01  3.193644e-01  6.637317e-01  1.682404e-01  1.633631e-02  3.278158e+00  4.799688e+03  3.378155e+05  3.541538e+55  3.991641e+55  3.443484e-06  5.836438e+105  1.000000e+00  1.000000e+00  0.000000e+00
1.082637e+03  3.368911e+02  2.252635e+03  4.853260e+01  1.082637e+03  1.439592e+00  3.325700e-02  1.406335e+00  6.670480e+00  3.551540e+00  6.670480e+00  9.768980e-01  3.187601e-01  6.609558e-01  1.838857e-01  1.637101e-02  3.316378e+00  5.701287e+03  3.351426e+05  4.177158e+55  3.958118e+55  3.506049e-06  6.524332e+105  1.000000e+00  1.000000e+00  0.000000e+00
1.082637e+03  3.491847e+02  2.252635e+03  5.500740e+01  1.082637e+03  1.432649e+00  3.897600e-02  1.393672e+00  6.651927e+00  3.694270e+00  6.651927e+00  9.727940e-01  3.181075e-01  6.579734e-01  2.011277e-01  1.640789e-02  3.358087e+00  6.771363e+03  3.321108e+05  4.923773e+55  3.920359e+55  3.573073e-06  7.271367e+105  1.000000e+00  1.000000e+00  0.000000e+00
1.082637e+03  3.620840e+02  2.252635e+03  6.234610e+01  1.082637e+03  1.424864e+00  4.562400e-02  1.379241e+00  6.630286e+00  3.842474e+00  6.630286e+00  9.679800e-01  3.174116e-01  6.548111e-01  2.201417e-01  1.643125e-02  3.399890e+00  8.041856e+03  3.286840e+05  5.800683e+55  3.877999e+55  3.646268e-06  8.072961e+105  1.000000e+00  1.000000e+00  0.000000e+00
1.082637e+03  3.756397e+02  2.252635e+03  7.066390e+01  1.082637e+03  1.416196e+00  5.333400e-02  1.362862e+00  6.605135e+00  3.996110e+00  6.605135e+00  9.623400e-01  3.166820e-01  6.515149e-01  2.411129e-01  1.646498e-02  3.446288e+00  9.548571e+03  3.248256e+05  6.828436e+55  3.830685e+55  3.724684e-06  8.918451e+105  1.000000e+00  1.000000e+00  0.000000e+00
1.082637e+03  3.899028e+02  2.252635e+03  8.009140e+01  1.082637e+03  1.406629e+00  6.225800e-02  1.344371e+00  6.576017e+00  4.155075e+00  6.576017e+00  9.557400e-01  3.159353e-01  6.481615e-01  2.642428e-01  1.648362e-02  3.491160e+00  1.133421e+04  3.204999e+05  8.031280e+55  3.778105e+55  3.811933e-06  9.807371e+105  1.000000e+00  1.000000e+00  0.000000e+00
1.082637e+03  4.049358e+02  2.252635e+03  9.077660e+01  1.082637e+03  1.396180e+00  7.256100e-02  1.323619e+00  6.542497e+00  4.319206e+00  6.542497e+00  9.480290e-01  3.151951e-01  6.448576e-01  2.897506e-01  1.649440e-02  3.534665e+00  1.344972e+04  3.156775e+05  9.437694e+55  3.720027e+55  3.912277e-06  1.073266e+106  1.000000e+00  1.000000e+00  0.000000e+00
1.082637e+03  4.208056e+02  2.252635e+03  1.028874e+02  1.082637e+03  1.384919e+00  8.442500e-02  1.300494e+00  6.504145e+00  4.488381e+00  6.504145e+00  9.390390e-01  3.144965e-01  6.417573e-01  3.178870e-01  1.649644e-02  3.574534e+00  1.595441e+04  3.103342e+05  1.107995e+56  3.656304e+55  4.027267e-06  1.167279e+106  1.000000e+00  1.000000e+00  0.000000e+00
1.082637e+03  4.375827e+02  2.252635e+03  1.166139e+02  1.082637e+03  1.372982e+00  9.804800e-02  1.274933e+00  6.460569e+00  4.662317e+00  6.460569e+00  9.285870e-01  3.138886e-01  6.390739e-01  3.489100e-01  1.648960e-02  3.607788e+00  1.891630e+04  3.044530e+05  1.299303e+56  3.586892e+55  3.790181e-06  1.154720e+106  1.000000e+00  1.000000e+00  0.000000e+00
1.082637e+03  1.053723e+03  2.252635e+03  1.321717e+02  1.082637e+03  1.363386e+00  1.073640e-01  1.256022e+00  6.431365e+00  4.762376e+00  6.431365e+00  9.212520e-01  3.131102e-01  6.356567e-01  3.670152e-01  1.657538e-02  3.671862e+00  2.092397e+04  2.997116e+05  1.427018e+56  3.528838e+55  3.460630e-06  5.510536e+105  1.000000e+00  1.000000e+00  1.000000e+00
1.082637e+03  1.071356e+03  2.252635e+03  1.498051e+02  1.082637e+03  1.352327e+00  1.169030e-01  1.235424e+00  6.400253e+00  4.841853e+00  6.400253e+00  9.135540e-01  3.120801e-01  6.311679e-01  3.822356e-01  1.669933e-02  3.760772e+00  2.291540e+04  2.944692e+05  1.550671e+56  3.463779e+55  3.453517e-06  5.696940e+105  1.000000e+00  1.000000e+00  1.000000e+00
1.082637e+03  1.091342e+03  2.252635e+03  1.697911e+02  1.082637e+03  1.339130e+00  1.284480e-01  1.210683e+00  6.361413e+00  4.925127e+00  6.361413e+00  9.040810e-01  3.109216e-01  6.261630e-01  3.993281e-01  1.683058e-02  3.861475e+00  2.533626e+04  2.882923e+05  1.698609e+56  3.387627e+55  3.562357e-06  5.887109e+105  1.000000e+00  1.000000e+00  1.000000e+00
1.082637e+03  1.113993e+03  2.252635e+03  1.924434e+02  1.082637e+03  1.323925e+00  1.421140e-01  1.181811e+00  6.314342e+00  5.012518e+00  6.314342e+00  8.926570e-01  3.096827e-01  6.208614e-01  4.184422e-01  1.696915e-02  3.971767e+00  2.823140e+04  2.811936e+05  1.872836e+56  3.300773e+55  3.672165e-06  6.023521e+105  1.000000e+00  1.000000e+00  1.000000e+00
1.082637e+03  1.139669e+03  2.252635e+03  2.181178e+02  1.082637e+03  1.306848e+00  1.580590e-01  1.148789e+00  6.258414e+00  5.103995e+00  6.258414e+00  8.790530e-01  3.084199e-01  6.155106e-01  4.397030e-01  1.711835e-02  4.089392e+00  3.167002e+04  2.731791e+05  2.076652e+56  3.203518e+55  3.775216e-06  6.057609e+105  1.000000e+00  1.000000e+00  1.000000e+00
1.082637e+03  1.168770e+03  2.252635e+03  2.472176e+02  1.082637e+03  1.288117e+00  1.764520e-01  1.111664e+00  6.193014e+00  5.199412e+00  6.193014e+00  8.630150e-01  3.072097e-01  6.104319e-01  4.632131e-01  1.728266e-02  4.210606e+00  3.568174e+04  2.642659e+05  2.310938e+56  3.096309e+55  3.905036e-06  6.085581e+105  1.000000e+00  1.000000e+00  1.000000e+00
1.082637e+03  1.201752e+03  2.252635e+03  2.801996e+02  1.082637e+03  1.268079e+00  1.974590e-01  1.070620e+00  6.117691e+00  5.298401e+00  6.117691e+00  8.442850e-01  3.061543e-01  6.060420e-01  4.890102e-01  1.747474e-02  4.331300e+00  4.042872e+04  2.544975e+05  2.583783e+56  2.979881e+55  4.057312e-06  6.111875e+105  1.000000e+00  1.000000e+00  1.000000e+00
1.082637e+03  1.239133e+03  2.252635e+03  3.175819e+02  1.082637e+03  1.247248e+00  2.212300e-01  1.026018e+00  6.032305e+00  5.400556e+00  6.032305e+00  8.226250e-01  3.053873e-01  6.028742e-01  5.170488e-01  1.771813e-02  4.447047e+00  4.592386e+04  2.439517e+05  2.894715e+56  2.855317e+55  4.187866e-06  5.891570e+105  1.000000e+00  1.000000e+00  1.000000e+00
1.082637e+03  1.281502e+03  2.252635e+03  3.599514e+02  1.082637e+03  1.226322e+00  2.478900e-01  9.784320e-01  5.937164e+00  5.505477e+00  5.937164e+00  7.978590e-01  3.050754e-01  6.015912e-01  5.471115e-01  1.805071e-02  4.553729e+00  5.220756e+04  2.327440e+05  3.244068e+56  2.724040e+55  4.380277e-06  5.618507e+105  1.000000e+00  1.000000e+00  1.000000e+00
1.082637e+03  1.329526e+03  2.252635e+03  4.079736e+02  1.082637e+03  1.206189e+00  2.775350e-01  9.286540e-01  5.833183e+00  5.612592e+00  5.833183e+00  7.699070e-01  3.054157e-01  6.029911e-01  5.785188e-01  1.853069e-02  4.648822e+00  5.944865e+04  2.210279e+05  3.639694e+56  2.587739e+55  4.721044e-06  5.302766e+105  1.000000e+00  1.000000e+00  1.000000e+00
1.082637e+03  1.383956e+03  2.252635e+03  4.624025e+02  1.082637e+03  1.187886e+00  3.102310e-01  8.776550e-01  5.721993e+00  5.721988e+00  5.721993e+00  7.388380e-01  3.066261e-01  6.080002e-01  6.080001e-01  1.925635e-02  4.736281e+00  6.774991e+04  2.089961e+05  4.085255e+56  2.448238e+55  5.242658e-06  4.833267e+105  1.000000e+00  1.000000e+00  1.000000e+00
1.082637e+03  1.445646e+03  2.252635e+03  5.240930e+02  1.082637e+03  1.172552e+00  3.463140e-01  8.262380e-01  5.846177e+00  5.846177e+00  5.605092e+00  7.046490e-01  2.962387e-01  5.664775e-01  5.665041e-01  1.764716e-02  5.156944e+00  7.716837e+04  1.967867e+05  4.582083e+56  2.306899e+55  6.446910e-06  4.299224e+105  1.000000e+00  1.000000e+00  1.000000e+00
1.082637e+03  1.515564e+03  2.252635e+03  5.940138e+02  1.082637e+03  1.161506e+00  3.870160e-01  7.744890e-01  5.998691e+00  5.998691e+00  5.481615e+00  6.667980e-01  2.859871e-01  5.284986e-01  5.285212e-01  1.523066e-02  5.307952e+00  8.789440e+04  1.844796e+05  5.142371e+56  2.165068e+55  -3.430647e-05  3.917703e+105  -1.000000e+00  1.000000e+00  1.000000e+00
1.082637e+03  1.594815e+03  2.252635e+03  6.732629e+02  1.082637e+03  1.156229e+00  4.332860e-01  7.229430e-01  6.181282e+00  6.181282e+00  5.352095e+00  6.252600e-01  2.762783e-01  4.949648e-01  4.949845e-01  1.356312e-02  5.617638e+00  1.003476e+05  1.722043e+05  5.789307e+56  2.024376e+55  -2.747125e-05  3.653158e+105  -1.000000e+00  1.000000e+00  1.000000e+00
1.082637e+03  1.684639e+03  2.252635e+03  7.630849e+02  1.082637e+03  1.158112e+00  4.857660e-01  6.723470e-01  6.392348e+00  6.392348e+00  5.218139e+00  5.805540e-01  2.675913e-01  4.667592e-01  4.667747e-01  1.241151e-02  6.030684e+00  1.147386e+05  1.601129e+05  6.533859e+56  1.886389e+55  1.358427e-06  3.275100e+105  1.000000e+00  1.000000e+00  1.000000e+00
1.082637e+03  1.786445e+03  2.252635e+03  8.648903e+02  1.082637e+03  1.168177e+00  5.447390e-01  6.234370e-01  6.626801e+00  6.626801e+00  5.081860e+00  5.336840e-01  2.603672e-01  4.444810e-01  4.444945e-01  1.214681e-02  6.767726e+00  1.307724e+05  1.483456e+05  7.356431e+56  1.752370e+55  2.511459e-06  2.824362e+105  1.000000e+00  1.000000e+00  1.000000e+00
1.082637e+03  1.901831e+03  2.252635e+03  9.802778e+02  1.082637e+03  1.186756e+00  6.099140e-01  5.768430e-01  6.875353e+00  6.875353e+00  4.945635e+00  4.860670e-01  2.549460e-01  4.284140e-01  4.284256e-01  1.211347e-02  7.497840e+00  1.488521e+05  1.370152e+05  8.276393e+56  1.623152e+55  2.846277e-06  2.425558e+105  1.000000e+00  1.000000e+00  1.000000e+00
1.082637e+03  2.032610e+03  2.252635e+03  1.111060e+03  1.082637e+03  1.213291e+00  6.802780e-01  5.330130e-01  7.125560e+00  7.125560e+00  4.811865e+00  4.393110e-01  2.514940e-01  4.184583e-01  4.184675e-01  1.250296e-02  8.284779e+00  1.686035e+05  1.261982e+05  9.266352e+56  1.499071e+55  2.985391e-06  2.045383e+105  1.000000e+00  1.000000e+00  1.000000e+00
1.082637e+03  2.180844e+03  2.252635e+03  1.259289e+03  1.082637e+03  1.246292e+00  7.541140e-01  4.921780e-01  7.363986e+00  7.363986e+00  4.682714e+00  3.949140e-01  2.499703e-01  4.141297e-01  4.141377e-01  1.301566e-02  8.890677e+00  1.898551e+05  1.159309e+05  1.031011e+57  1.379945e+55  2.956904e-06  1.637522e+105  1.000000e+00  1.000000e+00  1.000000e+00
1.082637e+03  2.348852e+03  2.252635e+03  1.427295e+03  1.082637e+03  1.283590e+00  8.294030e-01  4.541880e-01  7.578896e+00  7.578896e+00  4.559309e+00  3.538420e-01  2.501509e-01  4.146405e-01  4.146476e-01  1.351800e-02  9.200474e+00  2.124459e+05  1.061954e+05  1.139179e+57  1.264954e+55  2.885326e-06  1.206742e+105  1.000000e+00  1.000000e+00  1.000000e+00
1.082637e+03  2.539271e+03  2.252635e+03  1.617714e+03  1.082637e+03  1.322901e+00  9.056970e-01  4.172040e-01  7.761792e+00  7.761792e+00  4.433379e+00  3.153710e-01  2.517369e-01  4.191520e-01  4.191584e-01  1.381463e-02  9.109913e+00  2.355690e+05  9.677803e+04  1.245890e+57  1.153036e+55  2.836730e-06  7.337190e+104  1.000000e+00  1.000000e+00  1.000000e+00
1.082637e+03  2.755091e+03  2.252635e+03  1.833538e+03  1.082637e+03  1.362182e+00  9.812240e-01  3.809580e-01  7.907719e+00  7.907719e+00  4.302355e+00  2.796680e-01  2.544284e-01  4.269080e-01  4.269137e-01  1.387440e-02  8.675458e+00  2.586719e+05  8.768136e+04  1.347587e+57  1.044884e+55  2.684063e-06  4.202052e+104  1.000000e+00  1.000000e+00  1.000000e+00
1.082637e+03  2.999709e+03  2.252635e+03  2.078156e+03  1.082637e+03  1.399646e+00  1.053856e+00  3.457900e-01  8.015723e+00  8.015723e+00  4.166863e+00  2.470550e-01  2.579034e-01  4.371120e-01  4.371172e-01  1.374653e-02  8.031844e+00  2.820192e+05  7.897924e+04  1.445619e+57  9.413791e+54  2.454378e-06  2.239546e+104  1.000000e+00  1.000000e+00  1.000000e+00
1.082637e+03  3.276966e+03  2.252635e+03  2.355409e+03  1.082637e+03  1.433877e+00  1.121869e+00  3.120080e-01  8.087880e+00  8.087880e+00  4.027607e+00  2.175970e-01  2.618538e-01  4.489826e-01  4.489876e-01  1.344000e-02  7.278044e+00  3.048228e+05  7.073407e+04  1.535763e+57  8.432713e+54  2.269383e-06  2.933165e+103  1.000000e+00  1.000000e+00  1.000000e+00
1.082637e+03  3.591209e+03  2.252635e+03  2.669651e+03  1.082637e+03  1.463919e+00  1.184041e+00  2.798790e-01  8.128379e+00  8.128379e+00  3.885349e+00  1.911850e-01  2.660081e-01  4.617885e-01  4.617931e-01  1.301148e-02  6.512708e+00  3.262654e+05  6.299516e+04  1.613851e+57  7.511534e+54  2.031243e-06  -9.114448e+103  1.000000e+00  -1.000000e+00  1.000000e+00
1.082637e+03  3.947373e+03  2.252635e+03  3.025817e+03  1.082637e+03  1.489209e+00  1.239590e+00  2.496190e-01  8.142213e+00  8.142213e+00  3.740892e+00  1.676180e-01  2.701437e-01  4.748805e-01  4.748845e-01  1.249196e-02  5.788514e+00  3.469684e+05  5.579792e+04  1.684274e+57  6.654533e+54  1.788777e-06  -1.555787e+104  1.000000e+00  -1.000000e+00  1.000000e+00
1.082637e+03  4.351050e+03  2.252635e+03  3.429500e+03  1.082637e+03  1.509516e+00  1.288126e+00  2.213900e-01  8.134563e+00  8.134563e+00  3.595053e+00  1.466630e-01  2.740849e-01  4.876898e-01  4.876936e-01  1.194815e-02  5.149773e+00  3.654408e+05  4.916375e+04  1.739383e+57  5.864325e+54  1.556785e-06  -2.142419e+104  1.000000e+00  -1.000000e+00  1.000000e+00
1.082637e+03  4.808596e+03  2.252635e+03  3.887040e+03  1.082637e+03  1.524879e+00  1.329581e+00  1.952980e-01  8.110289e+00  8.110289e+00  3.448648e+00  1.280740e-01  2.777030e-01  4.997477e-01  4.997511e-01  1.140588e-02  4.603997e+00  3.823920e+05  4.310073e+04  1.784234e+57  5.141931e+54  1.231005e-06  -1.995606e+104  1.000000e+00  -1.000000e+00  1.000000e+00
1.082637e+03  5.327181e+03  2.252635e+03  4.405622e+03  1.082637e+03  1.535508e+00  1.364114e+00  1.713940e-01  8.073580e+00  8.073580e+00  3.302469e+00  1.116200e-01  2.809102e-01  5.106850e-01  5.106882e-01  1.088966e-02  4.150360e+00  3.978566e+05  3.760478e+04  1.819991e+57  4.486920e+54  8.939701e-07  -1.818760e+104  1.000000e+00  -1.000000e+00  1.000000e+00
1.082637e+03  5.914947e+03  2.252635e+03  4.993389e+03  1.082637e+03  1.541730e+00  1.392051e+00  1.496790e-01  8.027872e+00  8.027872e+00  3.157268e+00  9.708500e-02  2.836544e-01  5.202358e-01  5.202387e-01  1.041208e-02  3.780033e+00  4.110883e+05  3.266135e+04  1.843383e+57  3.897608e+54  5.153226e-07  -1.658242e+104  1.000000e+00  -1.000000e+00  1.000000e+00
1.082637e+03  6.581126e+03  2.252635e+03  5.659571e+03  1.082637e+03  1.543987e+00  1.413876e+00  1.301110e-01  7.976217e+00  7.976217e+00  3.013743e+00  8.426900e-02  2.859093e-01  5.282208e-01  5.282233e-01  9.986076e-03  3.484669e+00  4.228905e+05  2.824725e+04  1.859669e+57  3.371277e+54  1.318003e-08  -1.366683e+104  1.000000e+00  -1.000000e+00  1.000000e+00
1.082637e+03  7.336183e+03  2.252635e+03  6.414631e+03  1.082637e+03  1.542742e+00  1.430134e+00  1.126090e-01  7.921011e+00  7.921011e+00  2.872528e+00  7.299300e-02  2.876699e-01  5.345435e-01  5.345457e-01  9.608402e-03  3.251558e+00  4.325830e+05  2.433275e+04  1.865860e+57  2.904416e+54  -5.570120e-07  -1.136408e+104  -1.000000e+00  -1.000000e+00  1.000000e+00
1.082637e+03  8.191984e+03  2.252635e+03  7.270426e+03  1.082637e+03  1.538511e+00  1.441445e+00  9.706500e-02  7.864367e+00  7.864367e+00  2.734182e+00  6.309100e-02  2.889471e-01  5.391797e-01  5.391816e-01  9.282471e-03  3.072427e+00  4.410051e+05  2.088336e+04  1.867150e+57  2.492949e+54  -1.500120e-06  -8.952714e+103  -1.000000e+00  -1.000000e+00  1.000000e+00
1.082637e+03  9.161955e+03  2.252635e+03  8.240395e+03  1.082637e+03  1.531775e+00  1.448423e+00  8.335200e-02  7.807810e+00  7.807810e+00  2.599190e+00  5.441500e-02  2.897659e-01  5.421743e-01  5.421760e-01  9.006681e-03  2.939256e+00  4.474794e+05  1.786178e+04  1.860224e+57  2.132451e+54  -2.598888e-06  -7.134450e+103  -1.000000e+00  -1.000000e+00  1.000000e+00
1.082637e+03  1.026133e+04  2.252635e+03  9.339770e+03  1.082637e+03  1.523029e+00  1.451702e+00  7.132700e-02  7.752802e+00  7.752802e+00  2.467959e+00  4.683200e-02  2.901556e-01  5.436056e-01  5.436071e-01  8.777223e-03  2.845188e+00  4.529112e+05  1.522938e+04  1.850570e+57  1.818335e+54  -5.884297e-06  -5.410977e+103  -1.000000e+00  -1.000000e+00  1.000000e+00
1.082637e+03  1.150737e+04  2.252635e+03  1.058582e+04  1.082637e+03  1.512723e+00  1.451882e+00  6.084100e-02  7.700329e+00  7.700329e+00  2.340820e+00  4.021900e-02  2.901561e-01  5.436074e-01  5.436087e-01  8.589760e-03  2.784424e+00  4.566086e+05  1.294752e+04  1.834414e+57  1.546009e+54  -1.047083e-05  -4.194300e+103  -1.000000e+00  -1.000000e+00  1.000000e+00
1.082637e+03  1.291966e+04  2.252635e+03  1.199810e+04  1.082637e+03  1.501306e+00  1.449562e+00  5.174400e-02  7.651502e+00  7.651502e+00  2.218031e+00  3.446600e-02  2.898038e-01  5.423131e-01  5.423142e-01  8.440324e-03  2.752632e+00  4.594891e+05  1.097860e+04  1.817079e+57  1.311000e+54  -2.118018e-05  -3.019591e+103  -1.000000e+00  -1.000000e+00  1.000000e+00
1.082637e+03  1.452036e+04  2.252635e+03  1.359880e+04  1.082637e+03  1.489148e+00  1.445258e+00  4.388900e-02  7.606850e+00  7.606850e+00  2.099783e+00  2.947300e-02  2.891442e-01  5.398991e-01  5.399000e-01  8.325192e-03  2.746173e+00  4.616544e+05  9.286793e+03  1.799257e+57  1.109044e+54  -1.719455e-04  -2.200034e+103  -1.000000e+00  -1.000000e+00  1.000000e+00
1.082637e+03  1.633462e+04  2.252635e+03  1.541306e+04  1.082637e+03  1.476607e+00  1.439471e+00  3.713600e-02  7.566949e+00  7.566949e+00  1.986204e+00  2.515000e-02  2.882211e-01  5.365393e-01  5.365401e-01  8.239174e-03  2.761596e+00  4.624807e+05  7.838635e+03  1.777326e+57  9.361554e+53  1.757948e-05  -1.645400e+103  1.000000e+00  -1.000000e+00  1.000000e+00
1.082637e+03  1.839092e+04  2.252635e+03  1.746936e+04  1.082637e+03  1.463992e+00  1.432639e+00  3.135300e-02  7.532182e+00  7.532182e+00  1.877368e+00  2.141600e-02  2.870777e-01  5.324081e-01  5.324088e-01  8.176983e-03  2.795792e+00  4.628000e+05  6.603294e+03  1.755883e+57  7.886607e+53  1.247476e-05  -1.125860e+103  1.000000e+00  -1.000000e+00  1.000000e+00
1.082637e+03  2.071233e+04  2.252635e+03  1.979078e+04  1.082637e+03  1.451631e+00  1.425197e+00  2.643400e-02  7.502988e+00  7.502988e+00  1.773679e+00  1.821000e-02  2.857614e-01  5.276933e-01  5.276938e-01  8.134210e-03  2.845798e+00  4.627090e+05  5.556379e+03  1.735375e+57  6.636528e+53  1.086248e-05  -8.518453e+102  1.000000e+00  -1.000000e+00  1.000000e+00
1.487352e+03  1.030404e+02  2.716857e+03  1.000000e+00  1.487352e+03  1.517010e+00  1.420000e-04  1.516868e+00  6.672942e+00  1.125167e+00  6.672942e+00  9.999070e-01  3.357783e-01  7.448970e-01  1.930147e-02  1.286177e-02  2.008848e+00  2.113685e+01  3.809904e+05  1.777466e+53  4.590280e+55  1.981722e-06  4.168762e+103  1.000000e+00  1.000000e+00  0.000000e+00
1.487352e+03  1.076573e+02  2.716857e+03  1.133400e+00  1.487352e+03  1.516969e+00  1.670000e-04  1.516803e+00  6.672924e+00  1.152728e+00  6.672924e+00  9.998900e-01  3.357703e-01  7.448541e-01  2.028031e-02  1.286282e-02  2.009252e+00  2.492365e+01  3.809662e+05  2.090562e+53  4.589956e+55  2.006566e-06  4.130735e+103  1.000000e+00  1.000000e+00  0.000000e+00
1.487352e+03  1.131115e+02  2.716857e+03  1.284600e+00  1.487352e+03  1.516923e+00  1.960000e-04  1.516727e+00  6.672908e+00  1.181696e+00  6.672908e+00  9.998710e-01  3.357610e-01  7.448046e-01  2.133661e-02  1.286433e-02  2.009756e+00  2.935473e+01  3.809392e+05  2.452895e+53  4.589592e+55  2.017801e-06  4.203506e+103  1.000000e+00  1.000000e+00  0.000000e+00
1.487352e+03  1.191072e+02  2.716857e+03  1.456000e+00  1.487352e+03  1.516868e+00  2.310000e-04  1.516637e+00  6.672870e+00  1.212098e+00  6.672870e+00  9.998480e-01  3.357505e-01  7.447493e-01  2.247582e-02  1.286607e-02  2.010350e+00  3.456058e+01  3.809062e+05  2.875439e+53  4.589155e+55  2.027055e-06  4.738786e+103  1.000000e+00  1.000000e+00  0.000000e+00
1.487352e+03  1.250167e+02  2.716857e+03  1.650300e+00  1.487352e+03  1.516803e+00  2.710000e-04  1.516531e+00  6.672828e+00  1.244033e+00  6.672828e+00  9.998210e-01  3.357382e-01  7.446839e-01  2.370638e-02  1.286763e-02  2.010962e+00  4.067895e+01  3.808684e+05  3.369131e+53  4.588650e+55  2.070574e-06  5.261454e+103  1.000000e+00  1.000000e+00  0.000000e+00
1.487352e+03  1.316026e+02  2.716857e+03  1.870400e+00  1.487352e+03  1.516734e+00  3.190000e-04  1.516415e+00  6.672789e+00  1.277548e+00  6.672789e+00  9.997900e-01  3.357250e-01  7.446136e-01  2.503538e-02  1.287017e-02  2.011764e+00  4.787463e+01  3.808282e+05  3.946846e+53  4.588113e+55  2.101039e-06  5.992356e+103  1.000000e+00  1.000000e+00  0.000000e+00
1.487352e+03  1.379494e+02  2.716857e+03  2.120000e+00  1.487352e+03  1.516644e+00  3.750000e-04  1.516269e+00  6.672722e+00  1.312614e+00  6.672722e+00  9.997530e-01  3.357084e-01  7.445254e-01  2.646757e-02  1.287265e-02  2.012639e+00  5.634275e+01  3.807774e+05  4.623724e+53  4.587433e+55  2.116814e-06  5.547795e+103  1.000000e+00  1.000000e+00  0.000000e+00
1.487352e+03  1.527256e+02  2.716857e+03  2.402800e+00  1.487352e+03  1.516544e+00  4.380000e-04  1.516105e+00  6.672638e+00  1.347823e+00  6.672638e+00  9.997110e-01  3.356904e-01  7.444300e-01  2.794894e-02  1.287508e-02  2.013555e+00  6.593413e+01  3.807202e+05  5.387243e+53  4.586673e+55  2.128016e-06  9.287466e+103  1.000000e+00  1.000000e+00  0.000000e+00
1.487352e+03  1.576382e+02  2.716857e+03  2.723400e+00  1.487352e+03  1.516427e+00  5.130000e-04  1.515914e+00  6.672544e+00  1.384797e+00  6.672544e+00  9.996620e-01  3.356694e-01  7.443183e-01  2.955214e-02  1.287826e-02  2.014687e+00  7.731782e+01  3.806546e+05  6.290078e+53  4.585798e+55  2.168420e-06  1.217276e+104  1.000000e+00  1.000000e+00  0.000000e+00
1.487352e+03  1.627167e+02  2.716857e+03  3.086700e+00  1.487352e+03  1.516291e+00  6.030000e-04  1.515689e+00  6.672424e+00  1.424266e+00  6.672424e+00  9.996030e-01  3.356453e-01  7.441907e-01  3.131678e-02  1.288232e-02  2.016040e+00  9.093325e+01  3.805789e+05  7.366275e+53  4.584790e+55  2.198218e-06  1.402478e+104  1.000000e+00  1.000000e+00  0.000000e+00
1.487352e+03  1.679681e+02  2.716857e+03  3.498500e+00  1.487352e+03  1.516132e+00  7.090000e-04  1.515422e+00  6.672273e+00  1.466303e+00  6.672273e+00  9.995320e-01  3.356176e-01  7.440436e-01  3.325676e-02  1.288625e-02  2.017491e+00  1.071788e+02  3.804905e+05  8.646318e+53  4.583616e+55  2.231629e-06  1.612555e+104  1.000000e+00  1.000000e+00  0.000000e+00
1.487352e+03  1.734000e+02  2.716857e+03  3.965200e+00  1.487352e+03  1.515938e+00  8.360000e-04  1.515102e+00  6.672056e+00  1.511079e+00  6.672056e+00  9.994490e-01  3.355856e-01  7.438741e-01  3.539173e-02  1.289046e-02  2.019110e+00  1.265378e+02  3.803853e+05  1.016694e+54  4.582222e+55  2.276081e-06  1.852142e+104  1.000000e+00  1.000000e+00  0.000000e+00
1.487352e+03  1.790190e+02  2.716857e+03  4.494300e+00  1.487352e+03  1.515714e+00  9.860000e-04  1.514729e+00  6.671809e+00  1.558715e+00  6.671809e+00  9.993500e-01  3.355486e-01  7.436775e-01  3.774104e-02  1.289597e-02  2.021089e+00  1.495899e+02  3.802650e+05  1.197204e+54  4.580625e+55  2.316188e-06  2.125384e+104  1.000000e+00  1.000000e+00  0.000000e+00
1.487352e+03  1.848335e+02  2.716857e+03  5.093900e+00  1.487352e+03  1.515451e+00  1.164000e-03  1.514287e+00  6.671497e+00  1.609270e+00  6.671497e+00  9.992320e-01  3.355059e-01  7.434514e-01  4.032282e-02  1.290171e-02  2.023268e+00  1.770215e+02  3.801247e+05  1.411328e+54  4.578764e+55  2.356418e-06  2.437977e+104  1.000000e+00  1.000000e+00  0.000000e+00
1.487352e+03  1.908524e+02  2.716857e+03  5.773400e+00  1.487352e+03  1.515145e+00  1.375000e-03  1.513770e+00  6.671128e+00  1.662875e+00  6.671128e+00  9.990930e-01  3.354568e-01  7.431914e-01  4.316030e-02  1.290795e-02  2.025733e+00  2.096631e+02  3.799637e+05  1.665310e+54  4.576628e+55  2.391039e-06  2.794653e+104  1.000000e+00  1.000000e+00  0.000000e+00
1.487352e+03  1.970844e+02  2.716857e+03  6.543700e+00  1.487352e+03  1.514781e+00  1.625000e-03  1.513156e+00  6.670647e+00  1.719771e+00  6.670647e+00  9.989270e-01  3.354004e-01  7.428924e-01  4.628473e-02  1.291503e-02  2.028544e+00  2.484924e+02  3.797733e+05  1.966430e+54  4.574112e+55  2.422159e-06  3.200370e+104  1.000000e+00  1.000000e+00  0.000000e+00
1.487352e+03  2.035396e+02  2.716857e+03  7.416700e+00  1.487352e+03  1.514353e+00  1.921000e-03  1.512432e+00  6.670060e+00  1.779912e+00  6.670060e+00  9.987310e-01  3.353351e-01  7.425469e-01  4.971526e-02  1.292371e-02  2.031860e+00  2.946753e+02  3.795521e+05  2.323342e+54  4.571188e+55  2.460454e-06  3.663958e+104  1.000000e+00  1.000000e+00  0.000000e+00
1.487352e+03  2.102287e+02  2.716857e+03  8.406200e+00  1.487352e+03  1.513854e+00  2.271000e-03  1.511582e+00  6.669342e+00  1.843468e+00  6.669342e+00  9.985000e-01  3.352606e-01  7.421529e-01  5.348428e-02  1.293300e-02  2.035612e+00  3.496025e+02  3.792956e+05  2.746278e+54  4.567806e+55  2.499560e-06  4.193003e+104  1.000000e+00  1.000000e+00  0.000000e+00
1.487352e+03  2.171631e+02  2.716857e+03  9.527700e+00  1.487352e+03  1.513269e+00  2.686000e-03  1.510583e+00  6.668475e+00  1.910784e+00  6.668475e+00  9.982250e-01  3.351747e-01  7.416986e-01  5.763740e-02  1.294329e-02  2.039849e+00  4.149268e+02  3.789986e+05  3.247338e+54  4.563891e+55  2.541892e-06  4.794811e+104  1.000000e+00  1.000000e+00  0.000000e+00
1.487352e+03  2.243537e+02  2.716857e+03  1.079880e+01  1.487352e+03  1.512579e+00  3.175000e-03  1.509404e+00  6.667408e+00  1.980094e+00  6.667408e+00  9.979010e-01  3.350755e-01  7.411752e-01  6.210023e-02  1.295505e-02  2.044677e+00  4.926279e+02  3.786518e+05  3.840869e+54  4.559324e+55  2.577772e-06  5.479406e+104  1.000000e+00  1.000000e+00  0.000000e+00
1.487352e+03  2.318138e+02  2.716857e+03  1.223950e+01  1.487352e+03  1.511774e+00  3.754000e-03  1.508020e+00  6.666104e+00  2.052303e+00  6.666104e+00  9.975170e-01  3.349626e-01  7.405792e-01  6.694963e-02  1.296798e-02  2.050220e+00  5.850320e+02  3.782490e+05  4.543635e+54  4.554034e+55  2.619114e-06  6.257200e+104  1.000000e+00  1.000000e+00  0.000000e+00
1.487352e+03  2.395612e+02  2.716857e+03  1.387240e+01  1.487352e+03  1.510833e+00  4.437000e-03  1.506396e+00  6.664544e+00  2.128592e+00  6.664544e+00  9.970630e-01  3.348326e-01  7.398940e-01  7.228951e-02  1.298259e-02  2.056499e+00  6.949550e+02  3.777836e+05  5.375727e+54  4.547924e+55  2.662249e-06  7.139847e+104  1.000000e+00  1.000000e+00  0.000000e+00
1.487352e+03  2.476067e+02  2.716857e+03  1.572320e+01  1.487352e+03  1.509731e+00  5.243000e-03  1.504488e+00  6.662638e+00  2.209294e+00  6.662638e+00  9.965270e-01  3.346840e-01  7.391121e-01  7.818167e-02  1.299867e-02  2.063636e+00  8.256959e+02  3.772418e+05  6.360413e+54  4.540827e+55  2.700950e-06  8.141570e+104  1.000000e+00  1.000000e+00  0.000000e+00
1.487352e+03  2.559695e+02  2.716857e+03  1.782080e+01  1.487352e+03  1.508444e+00  6.193000e-03  1.502251e+00  6.660338e+00  2.294122e+00  6.660338e+00  9.958940e-01  3.345142e-01  7.382198e-01  8.465233e-02  1.301633e-02  2.071675e+00  9.812608e+02  3.766138e+05  7.525842e+54  4.532616e+55  2.746364e-06  9.274943e+104  1.000000e+00  1.000000e+00  0.000000e+00
1.487352e+03  2.646662e+02  2.716857e+03  2.019840e+01  1.487352e+03  1.506944e+00  7.314000e-03  1.499631e+00  6.657578e+00  2.383518e+00  6.657578e+00  9.951470e-01  3.343202e-01  7.372014e-01  9.178049e-02  1.303611e-02  2.080869e+00  1.166317e+03  3.758878e+05  8.904181e+54  4.523137e+55  2.791625e-06  1.055082e+105  1.000000e+00  1.000000e+00  0.000000e+00
1.487352e+03  2.737197e+02  2.716857e+03  2.289310e+01  1.487352e+03  1.505195e+00  8.633000e-03  1.496562e+00  6.654239e+00  2.477588e+00  6.654239e+00  9.942650e-01  3.340996e-01  7.360460e-01  9.962970e-02  1.305740e-02  2.091155e+00  1.386503e+03  3.750458e+05  1.053382e+55  4.512172e+55  2.833077e-06  1.198844e+105  1.000000e+00  1.000000e+00  0.000000e+00
1.487352e+03  2.831505e+02  2.716857e+03  2.594730e+01  1.487352e+03  1.503151e+00  1.018500e-02  1.492966e+00  6.650212e+00  2.576359e+00  6.650212e+00  9.932240e-01  3.338481e-01  7.347317e-01  1.082638e-01  1.308107e-02  2.102855e+00  1.648530e+03  3.740681e+05  1.246025e+55  4.499473e+55  2.880622e-06  1.360342e+105  1.000000e+00  1.000000e+00  0.000000e+00
1.487352e+03  2.929826e+02  2.716857e+03  2.940900e+01  1.487352e+03  1.500784e+00  1.201000e-02  1.488774e+00  6.645408e+00  2.679881e+00  6.645408e+00  9.919980e-01  3.335632e-01  7.332463e-01  1.177546e-01  1.310674e-02  2.115987e+00  1.960296e+03  3.729425e+05  1.473584e+55  4.484882e+55  2.929855e-06  1.541621e+105  1.000000e+00  1.000000e+00  0.000000e+00
1.487352e+03  3.032418e+02  2.716857e+03  3.333260e+01  1.487352e+03  1.498032e+00  1.415300e-02  1.483880e+00  6.639630e+00  2.788409e+00  6.639630e+00  9.905530e-01  3.332414e-01  7.315733e-01  1.281981e-01  1.313362e-02  2.130584e+00  2.331361e+03  3.716398e+05  1.742342e+55  4.468054e+55  2.977778e-06  1.743779e+105  1.000000e+00  1.000000e+00  0.000000e+00
1.487352e+03  3.139580e+02  2.716857e+03  3.777960e+01  1.487352e+03  1.494845e+00  1.666700e-02  1.478179e+00  6.632728e+00  2.901811e+00  6.632728e+00  9.888510e-01  3.328785e-01  7.296922e-01  1.396680e-01  1.316239e-02  2.146913e+00  2.772904e+03  3.701380e+05  2.059494e+55  4.448709e+55  3.032199e-06  1.968617e+105  1.000000e+00  1.000000e+00  0.000000e+00
1.487352e+03  3.251628e+02  2.716857e+03  4.281980e+01  1.487352e+03  1.491170e+00  1.961200e-02  1.471558e+00  6.624515e+00  3.020409e+00  6.624515e+00  9.868480e-01  3.324718e-01  7.275915e-01  1.522852e-01  1.319397e-02  2.165263e+00  3.298442e+03  3.684124e+05  2.433619e+55  4.426553e+55  3.087818e-06  2.218193e+105  1.000000e+00  1.000000e+00  0.000000e+00
1.487352e+03  3.368911e+02  2.716857e+03  4.853260e+01  1.487352e+03  1.486936e+00  2.306000e-02  1.463876e+00  6.614729e+00  3.144183e+00  6.614729e+00  9.844920e-01  3.320181e-01  7.252570e-01  1.661531e-01  1.322484e-02  2.185190e+00  3.923844e+03  3.664283e+05  2.874622e+55  4.401181e+55  3.143596e-06  2.491458e+105  1.000000e+00  1.000000e+00  0.000000e+00
1.487352e+03  3.491847e+02  2.716857e+03  5.500740e+01  1.487352e+03  1.482070e+00  2.708900e-02  1.454981e+00  6.603094e+00  3.273211e+00  6.603094e+00  9.817220e-01  3.315147e-01  7.226775e-01  1.813957e-01  1.325716e-02  2.207213e+00  4.667791e+03  3.641512e+05  3.393806e+55  4.372185e+55  3.205824e-06  2.792531e+105  1.000000e+00  1.000000e+00  0.000000e+00
1.487352e+03  3.620840e+02  2.716857e+03  6.234610e+01  1.487352e+03  1.476514e+00  3.179000e-02  1.444723e+00  6.589350e+00  3.407573e+00  6.589350e+00  9.784690e-01  3.309608e-01  7.198526e-01  1.981510e-01  1.328948e-02  2.231185e+00  5.553441e+03  3.615515e+05  4.005281e+55  4.339229e+55  3.271213e-06  3.119946e+105  1.000000e+00  1.000000e+00  0.000000e+00
1.487352e+03  3.756397e+02  2.716857e+03  7.066390e+01  1.487352e+03  1.470180e+00  3.726700e-02  1.432913e+00  6.573084e+00  3.547276e+00  6.573084e+00  9.746510e-01  3.303565e-01  7.167869e-01  2.165651e-01  1.332048e-02  2.256908e+00  6.606599e+03  3.585815e+05  4.723910e+55  4.301776e+55  3.338819e-06  3.470251e+105  1.000000e+00  1.000000e+00  0.000000e+00
1.487352e+03  3.899028e+02  2.716857e+03  8.009140e+01  1.487352e+03  1.463011e+00  4.363600e-02  1.419376e+00  6.553950e+00  3.692318e+00  6.553950e+00  9.701740e-01  3.297055e-01  7.135023e-01  2.368001e-01  1.334886e-02  2.284143e+00  7.858664e+03  3.552067e+05  5.567693e+55  4.259460e+55  3.414142e-06  3.847382e+105  1.000000e+00  1.000000e+00  0.000000e+00
1.487352e+03  4.049358e+02  2.716857e+03  9.077660e+01  1.487352e+03  1.454943e+00  5.102700e-02  1.403916e+00  6.531502e+00  3.842644e+00  6.531502e+00  9.649290e-01  3.290140e-01  7.100341e-01  2.590303e-01  1.337333e-02  2.312461e+00  9.347564e+03  3.513825e+05  6.558092e+55  4.211802e+55  3.494588e-06  4.244814e+105  1.000000e+00  1.000000e+00  0.000000e+00
1.487352e+03  4.208056e+02  2.716857e+03  1.028874e+02  1.487352e+03  1.445935e+00  5.958600e-02  1.386349e+00  6.505275e+00  3.998203e+00  6.505275e+00  9.587900e-01  3.282954e-01  7.064517e-01  2.834505e-01  1.339162e-02  2.341090e+00  1.111592e+04  3.470679e+05  7.718110e+55  4.158408e+55  3.582858e-06  4.658732e+105  1.000000e+00  1.000000e+00  0.000000e+00
1.487352e+03  4.375827e+02  2.716857e+03  1.166139e+02  1.487352e+03  1.435974e+00  6.947600e-02  1.366498e+00  6.474795e+00  4.158858e+00  6.474795e+00  9.516180e-01  3.275685e-01  7.028513e-01  3.102677e-01  1.340180e-02  2.368979e+00  1.321590e+04  3.422250e+05  9.075492e+55  4.098923e+55  3.386748e-06  4.654508e+105  1.000000e+00  1.000000e+00  0.000000e+00
1.487352e+03  1.053723e+03  2.716857e+03  1.321717e+02  1.487352e+03  1.428510e+00  7.638100e-02  1.352129e+00  6.455144e+00  4.252870e+00  6.455144e+00  9.465310e-01  3.268579e-01  6.993531e-01  3.262215e-01  1.345719e-02  2.404737e+00  1.466988e+04  3.384217e+05  1.000020e+56  4.051514e+55  3.133598e-06  2.441815e+105  1.000000e+00  1.000000e+00  1.000000e+00
1.487352e+03  1.071356e+03  2.716857e+03  1.498051e+02  1.487352e+03  1.420161e+00  8.356100e-02  1.336600e+00  6.434599e+00  4.329121e+00  6.434599e+00  9.411610e-01  3.259851e-01  6.950861e-01  3.398608e-01  1.353512e-02  2.451224e+00  1.614436e+04  3.342395e+05  1.091562e+56  3.998922e+55  3.126733e-06  2.538020e+105  1.000000e+00  1.000000e+00  1.000000e+00
1.487352e+03  1.091342e+03  2.716857e+03  1.697911e+02  1.487352e+03  1.409978e+00  9.229900e-02  1.317679e+00  6.408540e+00  4.409819e+00  6.408540e+00  9.345390e-01  3.249638e-01  6.901336e-01  3.551990e-01  1.361852e-02  2.505324e+00  1.793936e+04  3.292404e+05  1.201327e+56  3.936207e+55  3.221163e-06  2.632507e+105  1.000000e+00  1.000000e+00  1.000000e+00
1.487352e+03  1.113993e+03  2.716857e+03  1.924434e+02  1.487352e+03  1.397935e+00  1.027070e-01  1.295228e+00  6.376408e+00  4.495177e+00  6.376408e+00  9.265290e-01  3.238116e-01  6.845985e-01  3.723659e-01  1.370508e-02  2.566421e+00  2.009648e+04  3.234012e+05  1.331285e+56  3.863233e+55  3.317042e-06  2.713878e+105  1.000000e+00  1.000000e+00  1.000000e+00
1.487352e+03  1.139669e+03  2.716857e+03  2.181178e+02  1.487352e+03  1.383971e+00  1.149340e-01  1.269036e+00  6.337445e+00  4.585204e+00  6.337445e+00  9.169530e-01  3.225480e-01  6.785898e-01  3.914934e-01  1.379217e-02  2.633717e+00  2.267293e+04  3.166800e+05  1.484214e+56  3.779650e+55  3.407262e-06  2.753978e+105  1.000000e+00  1.000000e+00  1.000000e+00
1.487352e+03  1.168770e+03  2.716857e+03  2.472176e+02  1.487352e+03  1.368065e+00  1.291470e-01  1.238918e+00  6.290869e+00  4.679804e+00  6.290869e+00  9.055990e-01  3.212017e-01  6.722579e-01  4.127093e-01  1.387812e-02  2.706137e+00  2.569840e+04  3.090439e+05  1.661243e+56  3.685240e+55  3.512534e-06  2.794436e+105  1.000000e+00  1.000000e+00  1.000000e+00
1.487352e+03  1.201752e+03  2.716857e+03  2.801996e+02  1.487352e+03  1.350249e+00  1.455170e-01  1.204732e+00  6.235846e+00  4.778680e+00  6.235846e+00  8.922300e-01  3.198159e-01  6.658149e-01  4.361142e-01  1.396028e-02  2.781651e+00  2.929860e+04  3.004674e+05  1.868549e+56  3.579904e+55  3.630068e-06  2.822855e+105  1.000000e+00  1.000000e+00  1.000000e+00
1.487352e+03  1.239133e+03  2.716857e+03  3.175819e+02  1.487352e+03  1.330648e+00  1.642120e-01  1.166436e+00  6.171593e+00  4.881372e+00  6.171593e+00  8.765920e-01  3.184547e-01  6.595583e-01  4.617719e-01  1.403935e-02  2.857708e+00  3.349836e+04  2.909462e+05  2.106695e+56  3.463833e+55  3.729521e-06  2.753677e+105  1.000000e+00  1.000000e+00  1.000000e+00
1.487352e+03  1.281502e+03  2.716857e+03  3.599514e+02  1.487352e+03  1.309528e+00  1.853910e-01  1.124137e+00  6.097529e+00  4.987552e+00  6.097529e+00  8.584300e-01  3.172068e-01  6.538840e-01  4.897345e-01  1.411867e-02  2.930824e+00  3.834414e+04  2.805102e+05  2.376811e+56  3.337612e+55  3.850201e-06  2.671753e+105  1.000000e+00  1.000000e+00  1.000000e+00
1.487352e+03  1.329526e+03  2.716857e+03  4.079736e+02  1.487352e+03  1.287302e+00  2.091910e-01  1.078111e+00  6.013281e+00  5.096564e+00  6.013281e+00  8.374970e-01  3.161918e-01  6.493112e-01  5.199514e-01  1.420737e-02  2.996880e+00  4.397065e+04  2.692186e+05  2.685026e+56  3.202167e+55  4.010182e-06  2.599037e+105  1.000000e+00  1.000000e+00  1.000000e+00
1.487352e+03  1.383956e+03  2.716857e+03  4.624025e+02  1.487352e+03  1.264577e+00  2.357250e-01  1.028851e+00  5.918913e+00  5.207789e+00  5.918913e+00  8.135930e-01  3.155621e-01  6.464930e-01  5.522750e-01  1.432728e-02  3.052448e+00  5.046528e+04  2.571748e+05  3.034301e+56  3.058870e+55  4.207204e-06  2.490154e+105  1.000000e+00  1.000000e+00  1.000000e+00
1.487352e+03  1.445646e+03  2.716857e+03  5.240930e+02  1.487352e+03  1.242146e+00  2.650720e-01  9.770740e-01  5.815033e+00  5.320674e+00  5.815033e+00  7.866010e-01  3.155020e-01  6.462250e-01  5.863748e-01  1.451300e-02  3.094955e+00  5.791671e+04  2.445216e+05  3.427633e+56  2.909432e+55  4.463841e-06  2.349688e+105  1.000000e+00  1.000000e+00  1.000000e+00
1.487352e+03  1.515564e+03  2.716857e+03  5.940138e+02  1.487352e+03  1.220978e+00  2.972710e-01  9.237070e-01  5.702957e+00  5.434697e+00  5.702957e+00  7.565310e-01  3.162200e-01  6.494375e-01  6.214828e-01  1.482863e-02  3.126534e+00  6.639487e+04  2.314397e+05  3.866268e+56  2.755815e+55  4.858332e-06  2.156290e+105  1.000000e+00  1.000000e+00  1.000000e+00
1.487352e+03  1.594815e+03  2.716857e+03  6.732629e+02  1.487352e+03  1.202146e+00  3.323240e-01  8.698210e-01  5.584754e+00  5.549534e+00  5.584754e+00  7.235580e-01  3.179323e-01  6.571757e-01  6.549949e-01  1.536123e-02  3.152547e+00  7.598716e+04  2.181318e+05  4.352660e+56  2.599970e+55  5.511637e-06  1.858328e+105  1.000000e+00  1.000000e+00  1.000000e+00
1.487352e+03  1.684639e+03  2.716857e+03  7.630849e+02  1.487352e+03  1.186756e+00  3.704470e-01  8.163090e-01  5.675482e+00  5.675482e+00  5.462509e+00  6.878490e-01  3.088449e-01  6.173056e-01  6.173402e-01  1.440153e-02  3.417005e+00  8.669470e+04  2.047832e+05  4.884657e+56  2.443443e+55  7.327298e-06  1.503809e+105  1.000000e+00  1.000000e+00  1.000000e+00
1.487352e+03  1.786445e+03  2.716857e+03  8.648903e+02  1.487352e+03  1.176005e+00  4.128390e-01  7.631660e-01  5.829334e+00  5.829334e+00  5.335347e+00  6.489480e-01  2.979695e-01  5.731731e-01  5.732011e-01  1.225998e-02  3.479670e+00  9.871274e+04  1.914349e+05  5.474340e+56  2.287278e+55  -2.036257e-05  1.283626e+105  -1.000000e+00  1.000000e+00  1.000000e+00
1.487352e+03  1.901831e+03  2.716857e+03  9.802778e+02  1.487352e+03  1.171172e+00  4.603740e-01  7.107980e-01  6.011856e+00  6.011856e+00  5.203707e+00  6.069120e-01  2.877358e-01  5.347817e-01  5.348063e-01  1.098105e-02  3.711886e+00  1.124379e+05  1.782124e+05  6.143521e+56  2.133006e+55  -7.912140e-06  1.133603e+105  -1.000000e+00  1.000000e+00  1.000000e+00
1.487352e+03  2.032610e+03  2.716857e+03  1.111060e+03  1.487352e+03  1.173364e+00  5.135300e-01  6.598340e-01  6.220584e+00  6.220584e+00  5.069187e+00  5.623440e-01  2.786014e-01  5.027873e-01  5.028074e-01  1.009704e-02  4.010394e+00  1.279821e+05  1.652529e+05  6.897611e+56  1.982022e+55  1.296386e-06  9.647504e+104  1.000000e+00  1.000000e+00  1.000000e+00
1.487352e+03  2.180844e+03  2.716857e+03  1.259289e+03  1.487352e+03  1.183233e+00  5.723700e-01  6.108630e-01  6.449247e+00  6.449247e+00  4.933781e+00  5.162660e-01  2.709835e-01  4.775822e-01  4.775983e-01  9.870590e-03  4.503366e+00  1.452376e+05  1.526780e+05  7.728020e+56  1.835399e+55  2.281512e-06  7.917680e+104  1.000000e+00  1.000000e+00  1.000000e+00
1.487352e+03  2.348852e+03  2.716857e+03  1.427295e+03  1.487352e+03  1.200755e+00  6.364060e-01  5.643490e-01  6.688294e+00  6.688294e+00  4.799616e+00  4.699950e-01  2.651676e-01  4.591705e-01  4.591840e-01  1.000479e-02  5.087612e+00  1.642417e+05  1.405809e+05  8.633009e+56  1.693789e+55  2.588587e-06  6.552313e+104  1.000000e+00  1.000000e+00  1.000000e+00
1.487352e+03  2.539271e+03  2.716857e+03  1.617714e+03  1.487352e+03  1.225084e+00  7.045020e-01  5.205820e-01  6.925853e+00  6.925853e+00  4.668714e+00  4.249360e-01  2.612608e-01  4.471820e-01  4.471933e-01  1.042418e-02  5.709251e+00  1.849573e+05  1.290211e+05  9.606780e+56  1.557386e+55  2.755569e-06  4.601762e+104  1.000000e+00  1.000000e+00  1.000000e+00
1.487352e+03  2.755091e+03  2.716857e+03  1.833538e+03  1.487352e+03  1.254659e+00  7.750240e-01  4.796340e-01  7.150092e+00  7.150092e+00  4.542769e+00  3.822830e-01  2.591765e-01  4.409056e-01  4.409148e-01  1.093677e-02  6.234762e+00  2.062741e+05  1.180221e+05  1.058079e+57  1.425859e+55  2.808363e-06  2.731048e+104  1.000000e+00  1.000000e+00  1.000000e+00
1.487352e+03  2.999709e+03  2.716857e+03  2.078156e+03  1.487352e+03  1.287503e+00  8.473380e-01  4.401650e-01  7.350857e+00  7.350857e+00  4.416163e+00  3.418750e-01  2.586973e-01  4.394743e-01  4.394826e-01  1.140592e-02  6.562650e+00  2.288397e+05  1.074391e+05  1.158771e+57  1.298297e+55  2.682045e-06  1.837217e+104  1.000000e+00  1.000000e+00  1.000000e+00
1.487352e+03  3.276966e+03  2.716857e+03  2.355409e+03  1.487352e+03  1.321724e+00  9.201810e-01  4.015430e-01  7.521100e+00  7.521100e+00  4.284528e+00  3.038030e-01  2.595620e-01  4.420604e-01  4.420680e-01  1.174447e-02  6.645511e+00  2.521163e+05  9.723547e+04  1.259347e+57  1.175253e+55  2.578038e-06  6.538935e+103  1.000000e+00  1.000000e+00  1.000000e+00
1.487352e+03  3.591209e+03  2.716857e+03  2.669651e+03  1.487352e+03  1.355477e+00  9.913480e-01  3.641290e-01  7.657112e+00  7.657112e+00  4.148503e+00  2.686350e-01  2.614621e-01  4.477924e-01  4.477994e-01  1.189624e-02  6.490562e+00  2.751601e+05  8.749218e+04  1.354310e+57  1.057712e+55  2.521756e-06  -6.577858e+103  1.000000e+00  -1.000000e+00  1.000000e+00
1.487352e+03  3.947373e+03  2.716857e+03  3.025817e+03  1.487352e+03  1.387182e+00  1.058936e+00  3.282460e-01  7.758747e+00  7.758747e+00  4.008804e+00  2.366280e-01  2.640727e-01  4.557804e-01  4.557868e-01  1.187387e-02  6.164260e+00  2.970239e+05  7.827704e+04  1.438426e+57  9.464977e+54  2.344183e-06  -1.419249e+104  1.000000e+00  -1.000000e+00  1.000000e+00
1.487352e+03  4.351050e+03  2.716857e+03  3.429500e+03  1.487352e+03  1.415649e+00  1.121477e+00  2.941720e-01  7.828415e+00  7.828415e+00  3.866200e+00  2.078000e-01  2.670936e-01  4.651911e-01  4.651968e-01  1.171100e-02  5.743596e+00  3.187394e+05  6.964269e+04  1.518118e+57  8.422544e+54  2.092147e-06  -1.362592e+104  1.000000e+00  -1.000000e+00  1.000000e+00
1.487352e+03  4.808596e+03  2.716857e+03  3.887040e+03  1.487352e+03  1.440104e+00  1.177974e+00  2.621300e-01  7.870047e+00  7.870047e+00  3.721499e+00  1.820220e-01  2.702702e-01  4.752863e-01  4.752916e-01  1.144380e-02  5.290497e+00  3.388975e+05  6.162614e+04  1.585938e+57  7.454360e+54  1.899648e-06  -1.616461e+104  1.000000e+00  -1.000000e+00  1.000000e+00
1.487352e+03  5.327181e+03  2.716857e+03  4.405622e+03  1.487352e+03  1.460147e+00  1.227864e+00  2.322830e-01  7.888314e+00  7.888314e+00  3.575522e+00  1.590820e-01  2.733971e-01  4.854303e-01  4.854351e-01  1.111249e-02  4.850083e+00  3.574451e+05  5.424862e+04  1.642597e+57  6.563068e+54  1.654046e-06  -1.626434e+104  1.000000e+00  -1.000000e+00  1.000000e+00
1.487352e+03  5.914947e+03  2.716857e+03  4.993389e+03  1.487352e+03  1.475671e+00  1.270936e+00  2.047350e-01  7.887810e+00  7.887810e+00  3.429083e+00  1.387400e-01  2.763215e-01  4.951091e-01  4.951132e-01  1.074965e-02  4.448658e+00  3.743482e+05  4.751655e+04  1.688733e+57  5.749509e+54  1.362146e-06  -1.431762e+104  1.000000e+00  -1.000000e+00  1.000000e+00
1.487352e+03  6.581126e+03  2.716857e+03  5.659571e+03  1.487352e+03  1.486808e+00  1.307277e+00  1.795320e-01  7.872844e+00  7.872844e+00  3.282972e+00  1.207500e-01  2.789362e-01  5.039251e-01  5.039288e-01  1.038667e-02  4.100736e+00  3.896153e+05  4.142296e+04  1.725367e+57  5.012907e+54  1.024023e-06  -1.210540e+104  1.000000e+00  -1.000000e+00  1.000000e+00
1.487352e+03  7.336183e+03  2.716857e+03  6.414631e+03  1.487352e+03  1.493836e+00  1.337170e+00  1.566660e-01  7.847162e+00  7.847162e+00  3.137936e+00  1.048750e-01  2.811719e-01  5.115882e-01  5.115918e-01  1.003965e-02  3.808633e+00  4.033242e+05  3.594942e+04  1.753781e+57  4.351092e+54  6.589941e-07  -1.021510e+104  1.000000e+00  -1.000000e+00  1.000000e+00
1.487352e+03  8.191984e+03  2.716857e+03  7.270426e+03  1.487352e+03  1.497146e+00  1.361060e+00  1.360870e-01  7.813976e+00  7.813976e+00  2.994665e+00  9.089700e-02  2.829918e-01  5.179131e-01  5.179161e-01  9.714787e-03  3.568386e+00  4.147737e+05  3.106821e+04  1.770798e+57  3.760760e+54  2.379975e-07  -8.700770e+103  1.000000e+00  -1.000000e+00  1.000000e+00
1.487352e+03  9.161955e+03  2.716857e+03  8.240395e+03  1.487352e+03  1.497183e+00  1.379481e+00  1.177020e-01  7.775959e+00  7.775959e+00  2.853784e+00  7.861600e-02  2.843823e-01  5.227997e-01  5.228023e-01  9.425394e-03  3.378304e+00  4.248172e+05  2.674458e+04  1.781927e+57  3.237752e+54  -3.798544e-07  -6.843127e+103  -1.000000e+00  -1.000000e+00  1.000000e+00
1.487352e+03  1.026133e+04  2.716857e+03  9.339770e+03  1.487352e+03  1.494436e+00  1.393044e+00  1.013920e-01  7.735452e+00  7.735452e+00  2.715842e+00  6.784700e-02  2.853470e-01  5.262177e-01  5.262201e-01  9.173323e-03  3.232728e+00  4.327808e+05  2.293886e+04  1.783774e+57  2.777307e+54  -1.102317e-06  -5.486632e+103  -1.000000e+00  -1.000000e+00  1.000000e+00
1.487352e+03  1.150737e+04  2.716857e+03  1.058582e+04  1.487352e+03  1.489379e+00  1.402361e+00  8.701700e-02  7.694204e+00  7.694204e+00  2.581317e+00  5.842500e-02  2.859059e-01  5.282085e-01  5.282106e-01  8.957651e-03  3.125982e+00  4.395557e+05  1.960853e+04  1.781920e+57  2.374309e+54  -2.650353e-06  -4.152083e+103  -1.000000e+00  -1.000000e+00  1.000000e+00
1.487352e+03  1.291966e+04  2.716857e+03  1.199810e+04  1.487352e+03  1.482478e+00  1.408054e+00  7.442400e-02  7.653692e+00  7.653692e+00  2.450603e+00  5.020200e-02  2.860875e-01  5.288571e-01  5.288588e-01  8.776824e-03  3.053196e+00  4.445106e+05  1.670983e+04  1.772991e+57  2.023488e+54  -4.662960e-06  -3.222012e+103  -1.000000e+00  -1.000000e+00  1.000000e+00
1.487352e+03  1.452036e+04  2.716857e+03  1.359880e+04  1.487352e+03  1.474190e+00  1.410739e+00  6.345100e-02  7.615229e+00  7.615229e+00  2.324022e+00  4.304100e-02  2.859251e-01  5.282771e-01  5.282786e-01  8.629164e-03  3.010320e+00  4.485003e+05  1.419929e+04  1.761944e+57  1.719601e+54  -7.852628e-06  -2.285946e+103  -1.000000e+00  -1.000000e+00  1.000000e+00
1.487352e+03  1.633462e+04  2.716857e+03  1.541306e+04  1.487352e+03  1.464919e+00  1.410979e+00  5.394000e-02  7.579683e+00  7.579683e+00  2.201823e+00  3.682100e-02  2.854593e-01  5.266172e-01  5.266185e-01  8.510604e-03  2.993289e+00  4.516555e+05  1.203470e+04  1.749686e+57  1.457558e+54  -1.407663e-05  -1.560603e+103  -1.000000e+00  -1.000000e+00  1.000000e+00
1.487352e+03  1.839092e+04  2.716857e+03  1.746936e+04  1.487352e+03  1.455040e+00  1.409306e+00  4.573300e-02  7.547806e+00  7.547806e+00  2.084186e+00  3.143100e-02  2.847317e-01  5.240349e-01  5.240360e-01  8.415274e-03  2.997769e+00  4.540999e+05  1.017608e+04  1.736900e+57  1.232531e+54  1.598846e-04  -1.124084e+103  1.000000e+00  -1.000000e+00  1.000000e+00
1.487352e+03  2.071233e+04  2.716857e+03  1.979078e+04  1.487352e+03  1.444930e+00  1.406223e+00  3.870700e-02  7.520272e+00  7.520272e+00  1.971646e+00  2.678800e-02  2.837885e-01  5.207074e-01  5.207083e-01  8.344301e-03  3.022206e+00  4.552279e+05  8.591600e+03  1.720057e+57  1.040674e+54  2.214832e-05  -9.129648e+102  1.000000e+00  -1.000000e+00  1.000000e+00
2.043360e+03  1.030404e+02  3.348584e+03  1.000000e+00  2.043360e+03  1.521034e+00  9.400000e-05  1.520940e+00  6.531653e+00  9.804940e-01  6.531653e+00  9.999380e-01  3.439517e-01  7.900100e-01  1.798135e-02  1.066426e-02  1.476906e+00  1.399349e+01  3.996741e+05  1.176766e+53  4.829518e+55  1.360735e-06  1.230243e+103  1.000000e+00  1.000000e+00  0.000000e+00
2.043360e+03  1.076573e+02  3.348584e+03  1.133400e+00  2.043360e+03  1.521021e+00  1.100000e-04  1.520911e+00  6.531669e+00  1.004654e+00  6.531669e+00  9.999270e-01  3.439480e-01  7.899888e-01  1.889249e-02  1.066565e-02  1.477185e+00  1.650401e+01  3.996624e+05  1.384339e+53  4.829373e+55  1.438885e-06  1.218683e+103  1.000000e+00  1.000000e+00  0.000000e+00
2.043360e+03  1.131115e+02  3.348584e+03  1.284600e+00  2.043360e+03  1.520993e+00  1.300000e-04  1.520863e+00  6.531663e+00  1.029973e+00  6.531663e+00  9.999150e-01  3.439418e-01  7.899534e-01  1.987247e-02  1.066643e-02  1.477414e+00  1.944276e+01  3.996414e+05  1.624646e+53  4.829110e+55  1.569056e-06  1.240089e+103  1.000000e+00  1.000000e+00  0.000000e+00
2.043360e+03  1.191072e+02  3.348584e+03  1.456000e+00  2.043360e+03  1.520967e+00  1.530000e-04  1.520814e+00  6.531666e+00  1.056601e+00  6.531666e+00  9.998990e-01  3.439358e-01  7.899189e-01  2.093094e-02  1.066713e-02  1.477641e+00  2.289662e+01  3.996211e+05  1.904989e+53  4.828858e+55  1.580202e-06  1.399385e+103  1.000000e+00  1.000000e+00  0.000000e+00
2.043360e+03  1.250167e+02  3.348584e+03  1.650300e+00  2.043360e+03  1.520938e+00  1.800000e-04  1.520758e+00  6.531673e+00  1.084482e+00  6.531673e+00  9.998820e-01  3.439289e-01  7.898794e-01  2.207002e-02  1.066854e-02  1.477989e+00  2.695732e+01  3.995992e+05  2.232654e+53  4.828582e+55  1.620626e-06  1.554224e+103  1.000000e+00  1.000000e+00  0.000000e+00
2.043360e+03  1.316026e+02  3.348584e+03  1.870400e+00  2.043360e+03  1.520901e+00  2.120000e-04  1.520690e+00  6.531675e+00  1.113863e+00  6.531675e+00  9.998610e-01  3.439206e-01  7.898315e-01  2.330437e-02  1.066975e-02  1.478328e+00  3.173484e+01  3.995720e+05  2.616230e+53  4.828240e+55  1.639829e-06  1.771071e+103  1.000000e+00  1.000000e+00  0.000000e+00
2.043360e+03  1.379494e+02  3.348584e+03  2.120000e+00  2.043360e+03  1.520865e+00  2.490000e-04  1.520616e+00  6.531685e+00  1.144627e+00  6.531685e+00  9.998360e-01  3.439118e-01  7.897816e-01  2.463456e-02  1.067113e-02  1.478710e+00  3.735950e+01  3.995445e+05  3.065829e+53  4.827893e+55  1.654068e-06  1.641316e+103  1.000000e+00  1.000000e+00  0.000000e+00
2.043360e+03  1.527256e+02  3.348584e+03  2.402800e+00  2.043360e+03  1.520814e+00  2.910000e-04  1.520524e+00  6.531672e+00  1.175456e+00  6.531672e+00  9.998090e-01  3.439010e-01  7.897196e-01  2.600684e-02  1.067257e-02  1.479147e+00  4.373593e+01  3.995075e+05  3.573435e+53  4.827430e+55  1.689286e-06  2.749058e+103  1.000000e+00  1.000000e+00  0.000000e+00
2.043360e+03  1.576382e+02  3.348584e+03  2.723400e+00  2.043360e+03  1.520756e+00  3.410000e-04  1.520415e+00  6.531660e+00  1.207862e+00  6.531660e+00  9.997760e-01  3.438885e-01  7.896477e-01  2.749212e-02  1.067430e-02  1.479651e+00  5.130685e+01  3.994661e+05  4.173891e+53  4.826908e+55  1.741866e-06  3.604204e+103  1.000000e+00  1.000000e+00  0.000000e+00
2.043360e+03  1.627167e+02  3.348584e+03  3.086700e+00  2.043360e+03  1.520687e+00  4.000000e-04  1.520286e+00  6.531635e+00  1.242515e+00  6.531635e+00  9.997370e-01  3.438741e-01  7.895650e-01  2.912830e-02  1.067627e-02  1.480226e+00  6.036463e+01  3.994176e+05  4.889861e+53  4.826295e+55  1.775252e-06  4.154865e+103  1.000000e+00  1.000000e+00  0.000000e+00
2.043360e+03  1.679681e+02  3.348584e+03  3.498500e+00  2.043360e+03  1.520607e+00  4.710000e-04  1.520135e+00  6.531596e+00  1.279340e+00  6.531596e+00  9.996900e-01  3.438581e-01  7.894733e-01  3.092167e-02  1.067912e-02  1.480981e+00  7.117506e+01  3.993621e+05  5.741669e+53  4.825598e+55  1.827637e-06  4.780508e+103  1.000000e+00  1.000000e+00  0.000000e+00
2.043360e+03  1.734000e+02  3.348584e+03  3.965200e+00  2.043360e+03  1.520511e+00  5.560000e-04  1.519956e+00  6.531556e+00  1.318656e+00  6.531556e+00  9.996350e-01  3.438386e-01  7.893617e-01  3.289796e-02  1.068125e-02  1.481697e+00  8.406197e+01  3.992983e+05  6.753956e+53  4.824787e+55  1.881854e-06  5.492524e+103  1.000000e+00  1.000000e+00  0.000000e+00
2.043360e+03  1.790190e+02  3.348584e+03  4.494300e+00  2.043360e+03  1.520390e+00  6.560000e-04  1.519734e+00  6.531464e+00  1.360459e+00  6.531464e+00  9.995690e-01  3.438159e-01  7.892319e-01  3.506931e-02  1.068462e-02  1.482643e+00  9.941278e+01  3.992187e+05  7.956005e+53  4.823780e+55  1.914089e-06  6.305791e+103  1.000000e+00  1.000000e+00  0.000000e+00
2.043360e+03  1.848335e+02  3.348584e+03  5.093900e+00  2.043360e+03  1.520253e+00  7.750000e-04  1.519478e+00  6.531362e+00  1.404782e+00  6.531362e+00  9.994900e-01  3.437904e-01  7.890857e-01  3.745092e-02  1.068805e-02  1.483674e+00  1.176877e+02  3.991298e+05  9.382555e+53  4.822655e+55  1.959756e-06  7.239752e+103  1.000000e+00  1.000000e+00  0.000000e+00
2.043360e+03  1.908524e+02  3.348584e+03  5.773400e+00  2.043360e+03  1.520089e+00  9.160000e-04  1.519174e+00  6.531225e+00  1.451881e+00  6.531225e+00  9.993980e-01  3.437606e-01  7.889150e-01  4.007085e-02  1.069157e-02  1.484804e+00  1.394432e+02  3.990256e+05  1.107536e+54  4.821332e+55  2.007969e-06  8.303427e+103  1.000000e+00  1.000000e+00  0.000000e+00
2.043360e+03  1.970844e+02  3.348584e+03  6.543700e+00  2.043360e+03  1.519893e+00  1.083000e-03  1.518810e+00  6.531044e+00  1.501802e+00  6.531044e+00  9.992880e-01  3.437257e-01  7.887151e-01  4.294854e-02  1.069576e-02  1.486146e+00  1.653332e+02  3.989031e+05  1.308318e+54  4.819773e+55  2.050217e-06  9.516938e+103  1.000000e+00  1.000000e+00  0.000000e+00
2.043360e+03  2.035396e+02  3.348584e+03  7.416700e+00  2.043360e+03  1.519658e+00  1.281000e-03  1.518378e+00  6.530798e+00  1.554665e+00  6.530798e+00  9.991570e-01  3.436856e-01  7.884857e-01  4.610930e-02  1.070149e-02  1.487806e+00  1.961432e+02  3.987590e+05  1.546431e+54  4.817941e+55  2.095284e-06  1.090882e+104  1.000000e+00  1.000000e+00  0.000000e+00
2.043360e+03  2.102287e+02  3.348584e+03  8.406200e+00  2.043360e+03  1.519388e+00  1.515000e-03  1.517873e+00  6.530513e+00  1.610588e+00  6.530513e+00  9.990030e-01  3.436394e-01  7.882216e-01  4.958049e-02  1.070716e-02  1.489601e+00  2.328081e+02  3.985951e+05  1.828756e+54  4.815851e+55  2.137196e-06  1.249321e+104  1.000000e+00  1.000000e+00  0.000000e+00
2.043360e+03  2.171631e+02  3.348584e+03  9.527700e+00  2.043360e+03  1.519056e+00  1.792000e-03  1.517264e+00  6.530113e+00  1.669702e+00  6.530113e+00  9.988200e-01  3.435854e-01  7.879131e-01  5.339279e-02  1.071355e-02  1.491653e+00  2.764367e+02  3.983973e+05  2.163411e+54  4.813333e+55  2.177261e-06  1.429832e+104  1.000000e+00  1.000000e+00  0.000000e+00
2.043360e+03  2.243537e+02  3.348584e+03  1.079880e+01  2.043360e+03  1.518669e+00  2.121000e-03  1.516548e+00  6.529629e+00  1.730730e+00  6.529629e+00  9.986040e-01  3.435234e-01  7.875585e-01  5.749122e-02  1.072084e-02  1.494022e+00  3.283662e+02  3.981699e+05  2.560095e+54  4.810433e+55  2.228512e-06  1.636903e+104  1.000000e+00  1.000000e+00  0.000000e+00
2.043360e+03  2.318138e+02  3.348584e+03  1.223950e+01  2.043360e+03  1.518214e+00  2.509000e-03  1.515705e+00  6.529039e+00  1.794313e+00  6.529039e+00  9.983480e-01  3.434514e-01  7.871476e-01  6.193577e-02  1.072861e-02  1.496671e+00  3.901654e+02  3.979062e+05  3.030116e+54  4.807064e+55  2.277135e-06  1.871896e+104  1.000000e+00  1.000000e+00  0.000000e+00
2.043360e+03  2.395612e+02  3.348584e+03  1.387240e+01  2.043360e+03  1.517673e+00  2.968000e-03  1.514705e+00  6.528293e+00  1.861571e+00  6.528293e+00  9.980450e-01  3.433683e-01  7.866731e-01  6.682633e-02  1.073818e-02  1.499812e+00  4.637313e+02  3.975977e+05  3.587017e+54  4.803118e+55  2.319871e-06  2.138555e+104  1.000000e+00  1.000000e+00  0.000000e+00
2.043360e+03  2.476067e+02  3.348584e+03  1.572320e+01  2.043360e+03  1.517031e+00  3.510000e-03  1.513521e+00  6.527351e+00  1.932478e+00  6.527351e+00  9.976860e-01  3.432725e-01  7.861275e-01  7.219504e-02  1.074819e-02  1.503307e+00  5.513016e+02  3.972357e+05  4.246596e+54  4.798492e+55  2.361740e-06  2.442374e+104  1.000000e+00  1.000000e+00  0.000000e+00
2.043360e+03  2.559695e+02  3.348584e+03  1.782080e+01  2.043360e+03  1.516273e+00  4.150000e-03  1.512124e+00  6.526191e+00  2.007442e+00  6.526191e+00  9.972630e-01  3.431622e-01  7.854989e-01  7.810809e-02  1.075964e-02  1.507333e+00  6.555864e+02  3.968142e+05  5.027888e+54  4.793102e+55  2.405735e-06  2.786903e+104  1.000000e+00  1.000000e+00  0.000000e+00
2.043360e+03  2.646662e+02  3.348584e+03  2.019840e+01  2.043360e+03  1.515377e+00  4.905000e-03  1.510472e+00  6.524742e+00  2.086425e+00  6.524742e+00  9.967630e-01  3.430354e-01  7.847776e-01  8.460514e-02  1.077324e-02  1.512034e+00  7.797624e+02  3.963206e+05  5.952833e+54  4.786792e+55  2.453555e-06  3.176701e+104  1.000000e+00  1.000000e+00  0.000000e+00
2.043360e+03  2.737197e+02  3.348584e+03  2.289310e+01  2.043360e+03  1.514325e+00  5.796000e-03  1.508529e+00  6.522994e+00  2.169578e+00  6.522994e+00  9.961730e-01  3.428891e-01  7.839463e-01  9.174375e-02  1.078666e-02  1.517148e+00  9.276607e+02  3.957491e+05  7.047530e+54  4.779478e+55  2.506429e-06  3.619307e+104  1.000000e+00  1.000000e+00  0.000000e+00
2.043360e+03  2.831505e+02  3.348584e+03  2.594730e+01  2.043360e+03  1.513088e+00  6.846000e-03  1.506242e+00  6.520856e+00  2.256973e+00  6.520856e+00  9.954750e-01  3.427214e-01  7.829953e-01  9.958026e-02  1.080265e-02  1.523116e+00  1.103857e+03  3.950846e+05  8.343033e+54  4.770975e+55  2.553323e-06  4.118090e+104  1.000000e+00  1.000000e+00  0.000000e+00
2.043360e+03  2.929826e+02  3.348584e+03  2.940900e+01  2.043360e+03  1.511630e+00  8.083000e-03  1.503547e+00  6.518223e+00  2.348716e+00  6.518223e+00  9.946530e-01  3.425294e-01  7.819078e-01  1.081789e-01  1.081971e-02  1.529798e+00  1.313770e+03  3.943089e+05  9.875343e+54  4.761055e+55  2.601945e-06  4.678887e+104  1.000000e+00  1.000000e+00  0.000000e+00
2.043360e+03  3.032418e+02  3.348584e+03  3.333260e+01  2.043360e+03  1.509920e+00  9.538000e-03  1.500382e+00  6.515028e+00  2.444919e+00  6.515028e+00  9.936830e-01  3.423097e-01  7.806664e-01  1.176104e-01  1.083962e-02  1.537541e+00  1.563930e+03  3.934087e+05  1.168743e+55  4.749545e+55  2.652981e-06  5.309782e+104  1.000000e+00  1.000000e+00  0.000000e+00
2.043360e+03  3.139580e+02  3.348584e+03  3.777960e+01  2.043360e+03  1.507913e+00  1.124900e-02  1.496664e+00  6.511131e+00  2.545796e+00  6.511131e+00  9.925400e-01  3.420593e-01  7.792542e-01  1.279612e-01  1.086073e-02  1.546179e+00  1.862047e+03  3.923615e+05  1.382903e+55  4.736166e+55  2.703534e-06  6.014929e+104  1.000000e+00  1.000000e+00  0.000000e+00
2.043360e+03  3.251628e+02  3.348584e+03  4.281980e+01  2.043360e+03  1.505567e+00  1.325900e-02  1.492308e+00  6.506408e+00  2.651350e+00  6.506408e+00  9.911930e-01  3.417750e-01  7.776549e-01  1.393061e-01  1.088334e-02  1.555864e+00  2.217430e+03  3.911471e+05  1.635936e+55  4.720671e+55  2.759534e-06  6.804769e+104  1.000000e+00  1.000000e+00  0.000000e+00
2.043360e+03  3.368911e+02  3.348584e+03  4.853260e+01  2.043360e+03  1.502832e+00  1.561700e-02  1.487214e+00  6.500726e+00  2.761727e+00  6.500726e+00  9.896080e-01  3.414524e-01  7.758452e-01  1.517410e-01  1.090766e-02  1.566714e+00  2.641105e+03  3.897437e+05  1.934749e+55  4.702777e+55  2.817390e-06  7.678347e+104  1.000000e+00  1.000000e+00  0.000000e+00
2.043360e+03  3.491847e+02  3.348584e+03  5.500740e+01  2.043360e+03  1.499643e+00  1.838200e-02  1.481261e+00  6.493862e+00  2.877042e+00  6.493862e+00  9.877420e-01  3.410880e-01  7.738082e-01  1.653675e-01  1.093380e-02  1.578875e+00  3.146097e+03  3.881186e+05  2.287242e+55  4.682090e+55  2.875558e-06  8.647206e+104  1.000000e+00  1.000000e+00  0.000000e+00
2.043360e+03  3.620840e+02  3.348584e+03  6.234610e+01  2.043360e+03  1.495942e+00  2.161800e-02  1.474324e+00  6.485614e+00  2.997371e+00  6.485614e+00  9.855490e-01  3.406790e-01  7.715300e-01  1.802934e-01  1.096074e-02  1.592290e+00  3.748457e+03  3.862438e+05  2.703228e+55  4.658268e+55  2.936201e-06  9.711299e+104  1.000000e+00  1.000000e+00  0.000000e+00
2.043360e+03  3.756397e+02  3.348584e+03  7.066390e+01  2.043360e+03  1.491654e+00  2.540200e-02  1.466251e+00  6.475701e+00  3.122810e+00  6.475701e+00  9.829700e-01  3.402224e-01  7.689966e-01  1.966387e-01  1.098900e-02  1.607135e+00  4.466507e+03  3.840808e+05  3.193346e+55  4.630852e+55  2.999141e-06  1.086799e+105  1.000000e+00  1.000000e+00  0.000000e+00
2.043360e+03  3.899028e+02  3.348584e+03  8.009140e+01  2.043360e+03  1.486709e+00  2.982000e-02  1.456889e+00  6.463853e+00  3.253402e+00  6.463853e+00  9.799420e-01  3.397161e-01  7.662008e-01  2.145295e-01  1.101717e-02  1.623302e+00  5.322395e+03  3.815953e+05  3.770354e+55  4.599437e+55  3.067739e-06  1.213003e+105  1.000000e+00  1.000000e+00  0.000000e+00
2.043360e+03  4.049358e+02  3.348584e+03  9.077660e+01  2.043360e+03  1.481026e+00  3.496900e-02  1.446057e+00  6.449723e+00  3.389196e+00  6.449723e+00  9.763880e-01  3.391591e-01  7.631396e-01  2.341050e-01  1.104490e-02  1.640795e+00  6.343309e+03  3.787444e+05  4.449779e+55  4.563516e+55  3.140891e-06  1.348146e+105  1.000000e+00  1.000000e+00  0.000000e+00
2.043360e+03  4.208056e+02  3.348584e+03  1.028874e+02  2.043360e+03  1.474536e+00  4.096200e-02  1.433575e+00  6.432948e+00  3.530199e+00  6.432948e+00  9.722210e-01  3.385533e-01  7.598290e-01  2.555134e-01  1.107083e-02  1.659398e+00  7.559391e+03  3.754878e+05  5.247868e+55  4.522635e+55  3.217835e-06  1.491362e+105  1.000000e+00  1.000000e+00  0.000000e+00
2.043360e+03  4.375827e+02  3.348584e+03  1.166139e+02  2.043360e+03  1.467160e+00  4.792200e-02  1.419238e+00  6.413068e+00  3.676404e+00  6.413068e+00  9.673370e-01  3.379039e-01  7.563002e-01  2.789158e-01  1.109312e-02  1.678780e+00  9.008746e+03  3.717751e+05  6.185354e+55  4.476239e+55  3.040651e-06  1.501402e+105  1.000000e+00  1.000000e+00  0.000000e+00
2.043360e+03  1.053723e+03  3.348584e+03  1.321717e+02  2.043360e+03  1.461894e+00  5.287300e-02  1.409021e+00  6.400755e+00  3.763238e+00  6.400755e+00  9.638320e-01  3.373389e-01  7.532471e-01  2.930473e-01  1.113471e-02  1.699247e+00  1.003312e+04  3.689116e+05  6.836474e+55  4.440574e+55  2.816752e-06  8.320765e+104  1.000000e+00  1.000000e+00  1.000000e+00
2.043360e+03  1.071356e+03  3.348584e+03  1.498051e+02  2.043360e+03  1.456127e+00  5.808800e-02  1.398040e+00  6.388153e+00  3.835055e+00  6.388153e+00  9.601080e-01  3.366710e-01  7.496589e-01  3.052865e-01  1.119023e-02  1.724722e+00  1.108113e+04  3.657773e+05  7.487645e+55  4.401359e+55  2.811274e-06  8.780812e+104  1.000000e+00  1.000000e+00  1.000000e+00
2.043360e+03  1.091342e+03  3.348584e+03  1.697911e+02  2.043360e+03  1.448980e+00  6.446600e-02  1.384514e+00  6.371914e+00  3.911609e+00  6.371914e+00  9.555090e-01  3.358723e-01  7.453963e-01  3.190258e-01  1.125176e-02  1.754926e+00  1.237575e+04  3.619903e+05  8.279544e+55  4.353905e+55  2.902678e-06  9.201341e+104  1.000000e+00  1.000000e+00  1.000000e+00
2.043360e+03  1.113993e+03  3.348584e+03  1.924434e+02  2.043360e+03  1.440353e+00  7.210400e-02  1.368249e+00  6.351519e+00  3.993099e+00  6.351519e+00  9.499400e-01  3.349447e-01  7.404847e-01  3.343762e-01  1.131791e-02  1.789819e+00  1.393040e+04  3.575053e+05  9.217102e+55  4.297711e+55  2.985721e-06  9.488835e+104  1.000000e+00  1.000000e+00  1.000000e+00
2.043360e+03  1.139669e+03  3.348584e+03  2.181178e+02  2.043360e+03  1.430136e+00  8.113300e-02  1.349003e+00  6.326378e+00  4.079667e+00  6.326378e+00  9.432690e-01  3.338904e-01  7.349526e-01  3.514666e-01  1.138690e-02  1.829343e+00  1.579615e+04  3.522717e+05  1.032590e+56  4.232220e+55  3.068962e-06  9.711886e+104  1.000000e+00  1.000000e+00  1.000000e+00
2.043360e+03  1.168770e+03  3.348584e+03  2.472176e+02  2.043360e+03  1.418198e+00  9.170100e-02  1.326496e+00  6.295759e+00  4.171156e+00  6.295759e+00  9.353390e-01  3.327135e-01  7.288390e-01  3.703982e-01  1.145670e-02  1.873337e+00  1.800110e+04  3.462270e+05  1.161825e+56  4.156746e+55  3.162042e-06  9.975682e+104  1.000000e+00  1.000000e+00  1.000000e+00
2.043360e+03  1.201752e+03  3.348584e+03  2.801996e+02  2.043360e+03  1.404433e+00  1.039690e-01  1.300464e+00  6.258875e+00  4.267416e+00  6.258875e+00  9.259710e-01  3.314258e-01  7.222230e-01  3.912781e-01  1.152506e-02  1.921415e+00  2.063941e+04  3.393149e+05  1.314013e+56  4.070716e+55  3.263072e-06  1.018180e+105  1.000000e+00  1.000000e+00  1.000000e+00
2.043360e+03  1.239133e+03  3.348584e+03  3.175819e+02  2.043360e+03  1.388753e+00  1.181000e-01  1.270653e+00  6.214833e+00  4.368150e+00  6.214833e+00  9.149590e-01  3.300481e-01  7.152286e-01  4.141931e-01  1.158835e-02  1.972629e+00  2.373833e+04  3.314788e+05  1.490075e+56  3.973590e+55  3.349764e-06  1.003393e+105  1.000000e+00  1.000000e+00  1.000000e+00
2.043360e+03  1.281502e+03  3.348584e+03  3.599514e+02  2.043360e+03  1.371148e+00  1.342630e-01  1.236885e+00  6.162804e+00  4.472992e+00  6.162804e+00  9.020800e-01  3.286151e-01  7.080426e-01  4.392115e-01  1.164384e-02  2.025663e+00  2.734284e+04  3.226862e+05  1.691455e+56  3.865150e+55  3.449533e-06  9.891480e+104  1.000000e+00  1.000000e+00  1.000000e+00
2.043360e+03  1.329526e+03  3.348584e+03  4.079736e+02  2.043360e+03  1.351671e+00  1.526160e-01  1.199054e+00  6.101899e+00  4.581501e+00  6.101899e+00  8.870900e-01  3.271806e-01  7.009389e-01  4.663732e-01  1.168827e-02  2.078366e+00  3.156560e+04  3.129137e+05  1.923429e+56  3.745337e+55  3.568983e-06  9.754408e+104  1.000000e+00  1.000000e+00  1.000000e+00
2.043360e+03  1.383956e+03  3.348584e+03  4.624025e+02  2.043360e+03  1.330504e+00  1.733120e-01  1.157192e+00  6.031390e+00  4.693092e+00  6.031390e+00  8.697400e-01  3.258220e-01  6.942922e-01  4.956657e-01  1.172054e-02  2.127965e+00  3.647824e+04  3.021723e+05  2.188328e+56  3.614533e+55  3.702457e-06  9.467522e+104  1.000000e+00  1.000000e+00  1.000000e+00
2.043360e+03  1.445646e+03  3.348584e+03  5.240930e+02  2.043360e+03  1.307971e+00  1.964800e-01  1.111491e+00  5.950835e+00  4.807212e+00  5.950835e+00  8.497830e-01  3.246400e-01  6.885724e-01  5.270310e-01  1.174312e-02  2.171116e+00  4.217092e+04  2.905110e+05  2.489773e+56  3.473501e+55  3.851724e-06  9.034109e+104  1.000000e+00  1.000000e+00  1.000000e+00
2.043360e+03  1.515564e+03  3.348584e+03  5.940138e+02  2.043360e+03  1.284571e+00  2.222280e-01  1.062343e+00  5.859976e+00  4.923259e+00  5.859976e+00  8.270020e-01  3.237754e-01  6.844253e-01  5.603230e-01  1.176583e-02  2.204507e+00  4.871644e+04  2.780083e+05  2.829629e+56  3.323437e+55  4.019331e-06  8.403731e+104  1.000000e+00  1.000000e+00  1.000000e+00
2.043360e+03  1.594815e+03  3.348584e+03  6.732629e+02  2.043360e+03  1.260991e+00  2.506300e-01  1.010361e+00  5.759163e+00  5.040532e+00  5.759163e+00  8.012440e-01  3.233957e-01  6.826135e-01  5.952554e-01  1.181087e-02  2.225974e+00  5.619014e+04  2.647936e+05  3.209831e+56  3.165974e+55  4.223001e-06  7.562507e+104  1.000000e+00  1.000000e+00  1.000000e+00
2.043360e+03  1.684639e+03  3.348584e+03  7.630849e+02  2.043360e+03  1.238099e+00  2.817230e-01  9.563760e-01  5.649375e+00  5.158451e+00  5.649375e+00  7.724550e-01  3.236956e-01  6.840439e-01  6.313273e-01  1.191655e-02  2.235502e+00  6.466058e+04  2.510359e+05  3.631698e+56  3.003082e+55  4.492378e-06  6.711559e+104  1.000000e+00  1.000000e+00  1.000000e+00
2.043360e+03  1.786445e+03  3.348584e+03  8.648903e+02  2.043360e+03  1.216898e+00  3.155050e-01  9.013940e-01  5.532302e+00  5.276610e+00  5.532302e+00  7.407310e-01  3.248853e-01  6.897546e-01  6.675433e-01  1.214876e-02  2.237644e+00  7.418802e+04  2.369326e+05  4.095925e+56  2.836862e+55  4.900785e-06  5.649020e+104  1.000000e+00  1.000000e+00  1.000000e+00
2.043360e+03  1.901831e+03  3.348584e+03  9.802778e+02  2.043360e+03  1.198446e+00  3.519380e-01  8.465080e-01  5.410417e+00  5.394855e+00  5.410417e+00  7.063380e-01  3.271668e-01  7.008712e-01  7.004436e-01  1.259954e-02  2.240873e+00  8.481454e+04  2.226963e+05  4.601901e+56  2.669314e+55  5.643930e-06  4.213658e+104  1.000000e+00  1.000000e+00  1.000000e+00
2.043360e+03  2.032610e+03  3.348584e+03  1.111060e+03  2.043360e+03  1.183766e+00  3.912950e-01  7.924710e-01  5.525688e+00  5.525688e+00  5.285719e+00  6.694490e-01  3.164181e-01  6.503271e-01  6.503697e-01  1.166018e-02  2.450853e+00  9.657069e+04  2.084953e+05  5.149841e+56  2.501821e+55  1.038758e-05  2.952998e+104  1.000000e+00  1.000000e+00  1.000000e+00
2.043360e+03  2.180844e+03  3.348584e+03  1.259289e+03  2.043360e+03  1.173945e+00  4.347740e-01  7.391710e-01  5.684269e+00  5.684269e+00  5.157091e+00  6.296470e-01  3.050385e-01  6.014396e-01  6.014751e-01  9.980372e-03  2.519319e+00  1.098730e+05  1.943657e+05  5.764576e+56  2.335389e+55  6.865522e-05  2.405507e+104  1.000000e+00  1.000000e+00  1.000000e+00
2.043360e+03  2.348852e+03  3.348584e+03  1.427295e+03  2.043360e+03  1.170069e+00  4.830690e-01  6.870000e-01  5.870052e+00  5.870052e+00  5.025201e+00  5.871450e-01  2.944090e-01  5.594913e-01  5.595193e-01  8.760604e-03  2.640510e+00  1.248603e+05  1.804322e+05  6.453432e+56  2.171462e+55  -2.345379e-06  1.523037e+104  -1.000000e+00  1.000000e+00  1.000000e+00
2.043360e+03  2.539271e+03  3.348584e+03  1.617714e+03  2.043360e+03  1.172970e+00  5.364790e-01  6.364900e-01  6.079427e+00  6.079427e+00  4.891638e+00  5.426320e-01  2.849743e-01  5.248946e-01  5.249174e-01  8.281094e-03  2.937464e+00  1.411748e+05  1.668221e+05  7.195098e+56  2.011309e+55  1.423285e-06  5.722881e+103  1.000000e+00  1.000000e+00  1.000000e+00
2.043360e+03  2.755091e+03  3.348584e+03  1.833538e+03  2.043360e+03  1.182989e+00  5.948760e-01  5.881130e-01  6.305480e+00  6.305480e+00  4.758264e+00  4.971420e-01  2.771048e-01  4.977339e-01  4.977531e-01  8.280871e-03  3.378891e+00  1.592277e+05  1.536437e+05  8.011456e+56  1.855868e+55  2.171793e-06  5.407180e+103  1.000000e+00  1.000000e+00  1.000000e+00
2.043360e+03  2.999709e+03  3.348584e+03  2.078156e+03  2.043360e+03  1.199819e+00  6.576070e-01  5.422120e-01  6.538528e+00  6.538528e+00  4.626971e+00  4.519110e-01  2.710301e-01  4.777323e-01  4.777478e-01  8.591864e-03  3.916573e+00  1.790757e+05  1.409782e+05  8.903081e+56  1.705680e+55  2.475767e-06  1.555769e+103  1.000000e+00  1.000000e+00  1.000000e+00
2.043360e+03  3.276966e+03  3.348584e+03  2.355409e+03  2.043360e+03  1.222441e+00  7.234760e-01  4.989650e-01  6.767341e+00  6.767341e+00  4.499477e+00  4.081710e-01  2.668036e-01  4.642798e-01  4.642925e-01  9.089098e-03  4.481996e+00  1.997658e+05  1.288760e+05  9.812992e+56  1.560838e+55  2.644045e-06  -6.022911e+103  1.000000e+00  -1.000000e+00  1.000000e+00
2.043360e+03  3.591209e+03  3.348584e+03  2.669651e+03  2.043360e+03  1.249306e+00  7.915960e-01  4.577090e-01  6.981312e+00  6.981312e+00  4.373560e+00  3.663710e-01  2.643099e-01  4.565128e-01  4.565243e-01  9.649309e-03  4.986948e+00  2.214751e+05  1.172827e+05  1.074890e+57  1.420779e+55  2.683122e-06  -1.023656e+104  1.000000e+00  -1.000000e+00  1.000000e+00
2.043360e+03  3.947373e+03  3.348584e+03  3.025817e+03  2.043360e+03  1.278726e+00  8.613260e-01  4.174000e-01  7.171640e+00  7.171640e+00  4.242874e+00  3.264180e-01  2.633544e-01  4.535695e-01  4.535801e-01  1.016090e-02  5.347365e+00  2.434889e+05  1.061148e+05  1.166741e+57  1.285760e+55  2.593901e-06  -1.028746e+104  1.000000e+00  -1.000000e+00  1.000000e+00
2.043360e+03  4.351050e+03  3.348584e+03  3.429500e+03  2.043360e+03  1.308967e+00  9.305910e-01  3.783750e-01  7.332608e+00  7.332608e+00  4.107863e+00  2.890640e-01  2.636645e-01  4.545229e-01  4.545318e-01  1.049945e-02  5.492973e+00  2.664436e+05  9.545605e+04  1.260399e+57  1.156846e+55  2.469029e-06  -1.099426e+104  1.000000e+00  -1.000000e+00  1.000000e+00
2.043360e+03  4.808596e+03  3.348584e+03  3.887040e+03  2.043360e+03  1.338362e+00  9.973900e-01  3.409720e-01  7.461581e+00  7.461581e+00  3.969237e+00  2.547680e-01  2.649260e-01  4.584202e-01  4.584282e-01  1.070352e-02  5.467770e+00  2.883809e+05  8.537993e+04  1.344885e+57  1.034932e+55  2.400541e-06  -1.367076e+104  1.000000e+00  -1.000000e+00  1.000000e+00
2.043360e+03  5.327181e+03  3.348584e+03  4.405622e+03  2.043360e+03  1.365573e+00  1.060097e+00  3.054760e-01  7.559202e+00  7.559202e+00  3.827763e+00  2.236980e-01  2.668213e-01  4.643356e-01  4.643427e-01  1.076037e-02  5.304363e+00  3.095273e+05  7.594326e+04  1.421805e+57  9.207126e+54  2.209182e-06  -1.261948e+104  1.000000e+00  -1.000000e+00  1.000000e+00
2.043360e+03  5.914947e+03  3.348584e+03  4.993389e+03  2.043360e+03  1.389617e+00  1.117502e+00  2.721150e-01  7.628071e+00  7.628071e+00  3.684241e+00  1.958200e-01  2.690680e-01  4.714414e-01  4.714478e-01  1.069635e-02  5.056357e+00  3.297510e+05  6.718560e+04  1.491172e+57  8.146763e+54  2.012852e-06  -1.149919e+104  1.000000e+00  -1.000000e+00  1.000000e+00
2.043360e+03  6.581126e+03  3.348584e+03  5.659571e+03  2.043360e+03  1.409905e+00  1.168847e+00  2.410580e-01  7.671982e+00  7.671982e+00  3.539485e+00  1.709740e-01  2.714338e-01  4.790368e-01  4.790427e-01  1.054129e-02  4.769577e+00  3.482867e+05  5.912934e+04  1.549245e+57  7.171023e+54  1.819791e-06  -1.100279e+104  1.000000e+00  -1.000000e+00  1.000000e+00
2.043360e+03  7.336183e+03  3.348584e+03  6.414631e+03  2.043360e+03  1.426183e+00  1.213776e+00  2.124070e-01  7.695284e+00  7.695284e+00  3.394302e+00  1.489340e-01  2.737363e-01  4.865431e-01  4.865485e-01  1.033514e-02  4.482978e+00  3.651296e+05  5.178073e+04  1.597019e+57  6.280736e+54  1.574416e-06  -9.654593e+103  1.000000e+00  -1.000000e+00  1.000000e+00
2.043360e+03  8.191984e+03  3.348584e+03  7.270426e+03  2.043360e+03  1.438466e+00  1.252258e+00  1.862090e-01  7.702223e+00  7.702223e+00  3.249474e+00  1.294500e-01  2.758451e-01  4.935194e-01  4.935241e-01  1.009656e-02  4.214593e+00  3.802540e+05  4.513146e+04  1.635087e+57  5.474962e+54  1.279337e-06  -7.916596e+103  1.000000e+00  -1.000000e+00  1.000000e+00
2.043360e+03  9.161955e+03  3.348584e+03  8.240395e+03  2.043360e+03  1.446943e+00  1.284492e+00  1.624520e-01  7.696621e+00  7.696621e+00  3.105737e+00  1.122720e-01  2.776726e-01  4.996453e-01  4.996495e-01  9.847966e-03  3.977348e+00  3.937350e+05  3.916074e+04  1.664763e+57  4.751243e+54  9.328552e-07  -6.214244e+103  1.000000e+00  -1.000000e+00  1.000000e+00
2.043360e+03  1.026133e+04  3.348584e+03  9.339770e+03  2.043360e+03  1.451954e+00  1.310876e+00  1.410790e-01  7.682001e+00  7.682001e+00  2.963775e+00  9.716500e-02  2.791645e-01  5.047022e-01  5.047059e-01  9.608384e-03  3.777947e+00  4.056409e+05  3.383781e+04  1.687125e+57  4.105902e+54  5.475108e-07  -4.983283e+103  1.000000e+00  -1.000000e+00  1.000000e+00
2.043360e+03  1.150737e+04  3.348584e+03  1.058582e+04  2.043360e+03  1.453886e+00  1.331894e+00  1.219920e-01  7.661124e+00  7.661124e+00  2.824203e+00  8.390800e-02  2.802977e-01  5.085777e-01  5.085810e-01  9.388973e-03  3.617794e+00  4.153808e+05  2.912422e+04  1.699393e+57  3.534323e+54  8.699476e-08  -3.995297e+103  1.000000e+00  -1.000000e+00  1.000000e+00
2.043360e+03  1.291966e+04  3.348584e+03  1.199810e+04  2.043360e+03  1.453198e+00  1.348132e+00  1.050670e-01  7.636539e+00  7.636539e+00  2.687566e+00  7.230000e-02  2.810671e-01  5.112262e-01  5.112290e-01  9.189081e-03  3.492457e+00  4.237516e+05  2.497635e+04  1.706606e+57  3.031253e+54  -5.150798e-07  -2.851628e+103  -1.000000e+00  -1.000000e+00  1.000000e+00
2.043360e+03  1.452036e+04  3.348584e+03  1.359880e+04  2.043360e+03  1.450352e+00  1.360198e+00  9.015400e-02  7.610245e+00  7.610245e+00  2.554330e+00  6.216000e-02  2.814857e-01  5.126732e-01  5.126756e-01  9.013983e-03  3.400486e+00  4.309006e+05  2.134743e+04  1.709951e+57  2.591054e+54  -1.603442e-06  -2.130752e+103  -1.000000e+00  -1.000000e+00  1.000000e+00
2.043360e+03  1.633462e+04  3.348584e+03  1.541306e+04  2.043360e+03  1.445781e+00  1.368688e+00  7.709300e-02  7.583786e+00  7.583786e+00  2.424887e+00  5.332300e-02  2.815775e-01  5.129910e-01  5.129931e-01  8.863577e-03  3.338320e+00  4.362395e+05  1.818952e+04  1.706249e+57  2.207935e+54  -2.955310e-06  -1.640534e+103  -1.000000e+00  -1.000000e+00  1.000000e+00
2.043360e+03  1.839092e+04  3.348584e+03  1.746936e+04  2.043360e+03  1.439921e+00  1.374205e+00  6.571700e-02  7.558521e+00  7.558521e+00  2.299550e+00  4.563900e-02  2.813738e-01  5.122858e-01  5.122876e-01  8.737211e-03  3.302655e+00  4.406029e+05  1.545498e+04  1.700427e+57  1.876135e+54  -4.879387e-06  -1.142919e+103  -1.000000e+00  -1.000000e+00  1.000000e+00
2.043360e+03  2.071233e+04  3.348584e+03  1.979078e+04  2.043360e+03  1.433192e+00  1.377300e+00  5.589200e-02  7.535549e+00  7.535549e+00  2.179006e+00  3.899800e-02  2.809125e-01  5.106928e-01  5.106944e-01  8.633365e-03  3.290353e+00  4.441136e+05  1.310582e+04  1.693284e+57  1.591063e+54  -5.793770e-06  -8.302251e+102  -1.000000e+00  -1.000000e+00  1.000000e+00
2.807216e+03  1.030404e+02  4.210283e+03  1.000000e+00  2.807216e+03  1.504209e+00  6.100000e-05  1.504148e+00  6.362865e+00  8.502490e-01  6.362865e+00  9.999590e-01  3.491702e-01  8.207126e-01  1.693356e-02  9.072978e-03  1.165392e+00  9.127253e+00  4.118960e+05  7.675500e+52  4.942887e+55  9.737507e-07  2.246645e+102  1.000000e+00  1.000000e+00  0.000000e+00
2.807216e+03  1.076573e+02  4.210283e+03  1.133400e+00  2.807216e+03  1.504202e+00  7.200000e-05  1.504130e+00  6.362875e+00  8.711910e-01  6.362875e+00  9.999520e-01  3.491679e-01  8.206987e-01  1.778636e-02  9.073458e-03  1.165496e+00  1.076654e+01  4.118866e+05  9.030891e+52  4.942783e+55  9.464368e-07  2.226925e+102  1.000000e+00  1.000000e+00  0.000000e+00
2.807216e+03  1.131115e+02  4.210283e+03  1.284600e+00  2.807216e+03  1.504195e+00  8.500000e-05  1.504110e+00  6.362896e+00  8.932940e-01  6.362896e+00  9.999440e-01  3.491651e-01  8.206818e-01  1.870953e-02  9.074083e-03  1.165621e+00  1.268606e+01  4.118770e+05  1.060053e+53  4.942677e+55  9.829948e-07  2.269904e+102  1.000000e+00  1.000000e+00  0.000000e+00
2.807216e+03  1.191072e+02  4.210283e+03  1.456000e+00  2.807216e+03  1.504184e+00  1.000000e-04  1.504085e+00  6.362921e+00  9.165210e-01  6.362921e+00  9.999340e-01  3.491614e-01  8.206595e-01  1.970547e-02  9.074621e-03  1.165742e+00  1.494249e+01  4.118653e+05  1.243205e+53  4.942544e+55  1.004028e-06  2.562506e+102  1.000000e+00  1.000000e+00  0.000000e+00
2.807216e+03  1.250167e+02  4.210283e+03  1.650300e+00  2.807216e+03  1.504176e+00  1.170000e-04  1.504058e+00  6.362948e+00  9.407270e-01  6.362948e+00  9.999220e-01  3.491578e-01  8.206382e-01  2.077175e-02  9.075247e-03  1.165932e+00  1.759633e+01  4.118534e+05  1.457351e+53  4.942412e+55  1.051480e-06  2.846562e+102  1.000000e+00  1.000000e+00  0.000000e+00
2.807216e+03  1.316026e+02  4.210283e+03  1.870400e+00  2.807216e+03  1.504157e+00  1.380000e-04  1.504019e+00  6.362956e+00  9.663240e-01  6.362956e+00  9.999080e-01  3.491532e-01  8.206100e-01  2.193048e-02  9.075924e-03  1.166061e+00  2.071988e+01  4.118353e+05  1.708136e+53  4.942205e+55  1.212932e-06  3.242617e+102  1.000000e+00  1.000000e+00  0.000000e+00
2.807216e+03  1.379494e+02  4.210283e+03  2.120000e+00  2.807216e+03  1.504138e+00  1.630000e-04  1.503976e+00  6.362977e+00  9.930740e-01  6.362977e+00  9.998920e-01  3.491476e-01  8.205766e-01  2.317607e-02  9.076309e-03  1.166192e+00  2.439755e+01  4.118158e+05  2.002110e+53  4.941982e+55  1.169217e-06  3.005401e+102  1.000000e+00  1.000000e+00  0.000000e+00
2.807216e+03  1.527256e+02  4.210283e+03  2.402800e+00  2.807216e+03  1.504120e+00  1.900000e-04  1.503930e+00  6.363010e+00  1.019920e+00  6.363010e+00  9.998740e-01  3.491416e-01  8.205401e-01  2.446202e-02  9.077644e-03  1.166474e+00  2.857041e+01  4.117955e+05  2.334304e+53  4.941751e+55  1.164458e-06  5.051717e+102  1.000000e+00  1.000000e+00  0.000000e+00
2.807216e+03  1.576382e+02  4.210283e+03  2.723400e+00  2.807216e+03  1.504099e+00  2.230000e-04  1.503877e+00  6.363048e+00  1.048191e+00  6.363048e+00  9.998520e-01  3.491347e-01  8.204982e-01  2.585526e-02  9.078256e-03  1.166639e+00  3.352626e+01  4.117732e+05  2.727362e+53  4.941496e+55  1.232160e-06  6.630563e+102  1.000000e+00  1.000000e+00  0.000000e+00
2.807216e+03  1.627167e+02  4.210283e+03  3.086700e+00  2.807216e+03  1.504074e+00  2.620000e-04  1.503812e+00  6.363079e+00  1.078362e+00  6.363079e+00  9.998260e-01  3.491271e-01  8.204526e-01  2.738603e-02  9.079895e-03  1.167019e+00  3.945662e+01  4.117474e+05  3.196134e+53  4.941200e+55  1.305188e-06  7.639000e+102  1.000000e+00  1.000000e+00  0.000000e+00
2.807216e+03  1.679681e+02  4.210283e+03  3.498500e+00  2.807216e+03  1.504031e+00  3.080000e-04  1.503723e+00  6.363081e+00  1.110464e+00  6.363081e+00  9.997950e-01  3.491171e-01  8.203923e-01  2.906453e-02  9.081190e-03  1.167339e+00  4.653628e+01  4.117090e+05  3.753987e+53  4.940756e+55  1.392028e-06  8.786565e+102  1.000000e+00  1.000000e+00  0.000000e+00
2.807216e+03  1.734000e+02  4.210283e+03  3.965200e+00  2.807216e+03  1.503987e+00  3.640000e-04  1.503624e+00  6.363097e+00  1.144728e+00  6.363097e+00  9.997580e-01  3.491059e-01  8.203250e-01  3.091227e-02  9.082974e-03  1.167759e+00  5.497767e+01  4.116695e+05  4.417078e+53  4.940295e+55  1.451979e-06  1.011385e+103  1.000000e+00  1.000000e+00  0.000000e+00
2.807216e+03  1.790190e+02  4.210283e+03  4.494300e+00  2.807216e+03  1.503931e+00  4.290000e-04  1.503502e+00  6.363106e+00  1.181011e+00  6.363106e+00  9.997140e-01  3.490924e-01  8.202435e-01  3.293269e-02  9.084656e-03  1.168192e+00  6.503512e+01  4.116217e+05  5.204635e+53  4.939734e+55  1.496937e-06  1.162800e+103  1.000000e+00  1.000000e+00  0.000000e+00
2.807216e+03  1.848335e+02  4.210283e+03  5.093900e+00  2.807216e+03  1.503866e+00  5.070000e-04  1.503359e+00  6.363106e+00  1.219816e+00  6.363106e+00  9.996630e-01  3.490774e-01  8.201530e-01  3.516505e-02  9.086715e-03  1.168710e+00  7.701436e+01  4.115667e+05  6.139770e+53  4.939091e+55  1.537846e-06  1.337163e+103  1.000000e+00  1.000000e+00  0.000000e+00
2.807216e+03  1.908524e+02  4.210283e+03  5.773400e+00  2.807216e+03  1.503790e+00  6.000000e-04  1.503190e+00  6.363120e+00  1.260885e+00  6.363120e+00  9.996010e-01  3.490590e-01  8.200416e-01  3.760910e-02  9.088823e-03  1.169279e+00  9.127986e+01  4.115040e+05  7.249798e+53  4.938349e+55  1.607905e-06  1.535222e+103  1.000000e+00  1.000000e+00  0.000000e+00
2.807216e+03  1.970844e+02  4.210283e+03  6.543700e+00  2.807216e+03  1.503691e+00  7.100000e-04  1.502982e+00  6.363069e+00  1.304429e+00  6.363069e+00  9.995280e-01  3.490388e-01  8.199200e-01  4.029162e-02  9.091339e-03  1.169951e+00  1.082610e+02  4.114272e+05  8.566736e+53  4.937436e+55  1.666265e-06  1.761902e+103  1.000000e+00  1.000000e+00  0.000000e+00
2.807216e+03  2.035396e+02  4.210283e+03  7.416700e+00  2.807216e+03  1.503575e+00  8.400000e-04  1.502735e+00  6.363011e+00  1.350515e+00  6.363011e+00  9.994410e-01  3.490150e-01  8.197767e-01  4.323308e-02  9.094339e-03  1.170743e+00  1.284798e+02  4.113380e+05  1.012938e+54  4.936376e+55  1.708372e-06  2.021991e+103  1.000000e+00  1.000000e+00  0.000000e+00
2.807216e+03  2.102287e+02  4.210283e+03  8.406200e+00  2.807216e+03  1.503429e+00  9.940000e-04  1.502435e+00  6.362916e+00  1.399427e+00  6.362916e+00  9.993390e-01  3.489864e-01  8.196042e-01  4.646944e-02  9.097905e-03  1.171678e+00  1.525507e+02  4.112300e+05  1.198292e+54  4.935084e+55  1.766826e-06  2.318843e+103  1.000000e+00  1.000000e+00  0.000000e+00
2.807216e+03  2.171631e+02  4.210283e+03  9.527700e+00  2.807216e+03  1.503261e+00  1.177000e-03  1.502085e+00  6.362801e+00  1.451051e+00  6.362801e+00  9.992170e-01  3.489536e-01  8.194070e-01  5.001406e-02  9.101902e-03  1.172736e+00  1.812039e+02  4.111078e+05  1.418079e+54  4.933615e+55  1.823324e-06  2.663835e+103  1.000000e+00  1.000000e+00  0.000000e+00
2.807216e+03  2.243537e+02  4.210283e+03  1.079880e+01  2.807216e+03  1.503059e+00  1.393000e-03  1.501666e+00  6.362648e+00  1.504391e+00  6.362648e+00  9.990730e-01  3.489151e-01  8.191750e-01  5.382094e-02  9.106611e-03  1.173999e+00  2.153275e+02  4.109646e+05  1.678754e+54  4.931888e+55  1.873585e-06  3.054494e+103  1.000000e+00  1.000000e+00  0.000000e+00
2.807216e+03  2.318138e+02  4.210283e+03  1.223950e+01  2.807216e+03  1.502816e+00  1.649000e-03  1.501167e+00  6.362430e+00  1.559887e+00  6.362430e+00  9.989030e-01  3.488706e-01  8.189071e-01  5.793663e-02  9.111108e-03  1.175326e+00  2.559578e+02  4.107958e+05  1.987779e+54  4.929846e+55  1.920723e-06  3.499785e+103  1.000000e+00  1.000000e+00  0.000000e+00
2.807216e+03  2.395612e+02  4.210283e+03  1.387240e+01  2.807216e+03  1.502522e+00  1.951000e-03  1.500571e+00  6.362123e+00  1.618742e+00  6.362123e+00  9.987010e-01  3.488192e-01  8.185981e-01  6.246851e-02  9.116721e-03  1.176916e+00  3.043550e+02  4.105965e+05  2.354164e+54  4.927429e+55  1.971417e-06  4.007126e+103  1.000000e+00  1.000000e+00  0.000000e+00
2.807216e+03  2.476067e+02  4.210283e+03  1.572320e+01  2.807216e+03  1.502167e+00  2.309000e-03  1.499858e+00  6.361726e+00  1.680892e+00  6.361726e+00  9.984630e-01  3.487586e-01  8.182333e-01  6.744209e-02  9.123571e-03  1.178818e+00  3.619991e+02  4.103616e+05  2.788352e+54  4.924565e+55  2.023612e-06  4.588296e+103  1.000000e+00  1.000000e+00  0.000000e+00
2.807216e+03  2.559695e+02  4.210283e+03  1.782080e+01  2.807216e+03  1.501743e+00  2.733000e-03  1.499010e+00  6.361209e+00  1.746460e+00  6.361209e+00  9.981800e-01  3.486885e-01  8.178122e-01  7.289875e-02  9.130918e-03  1.180958e+00  4.306968e+02  4.100859e+05  3.303054e+54  4.921198e+55  2.077586e-06  5.257822e+103  1.000000e+00  1.000000e+00  0.000000e+00
2.807216e+03  2.646662e+02  4.210283e+03  2.019840e+01  2.807216e+03  1.501244e+00  3.232000e-03  1.498011e+00  6.360575e+00  1.815574e+00  6.360575e+00  9.978470e-01  3.486073e-01  8.173248e-01  7.888369e-02  9.139077e-03  1.183392e+00  5.125572e+02  4.097675e+05  3.912834e+54  4.917295e+55  2.132034e-06  6.019673e+103  1.000000e+00  1.000000e+00  0.000000e+00
2.807216e+03  2.737197e+02  4.210283e+03  2.289310e+01  2.807216e+03  1.500644e+00  3.823000e-03  1.496821e+00  6.359749e+00  1.888648e+00  6.359749e+00  9.974530e-01  3.485133e-01  8.167610e-01  8.546989e-02  9.148542e-03  1.186219e+00  6.101335e+02  4.093920e+05  4.635100e+54  4.912680e+55  2.184323e-06  6.881685e+103  1.000000e+00  1.000000e+00  0.000000e+00
2.807216e+03  2.831505e+02  4.210283e+03  2.594730e+01  2.807216e+03  1.499932e+00  4.520000e-03  1.495413e+00  6.358721e+00  1.965385e+00  6.358721e+00  9.969870e-01  3.484044e-01  8.161079e-01  9.267604e-02  9.158846e-03  1.189411e+00  7.264819e+02  4.089544e+05  5.490621e+54  4.907285e+55  2.236688e-06  7.863491e+103  1.000000e+00  1.000000e+00  0.000000e+00
2.807216e+03  2.929826e+02  4.210283e+03  2.940900e+01  2.807216e+03  1.499082e+00  5.341000e-03  1.493740e+00  6.357414e+00  2.045976e+00  6.357414e+00  9.964370e-01  3.482783e-01  8.153535e-01  1.005639e-01  9.170641e-03  1.193096e+00  8.652409e+02  4.084394e+05  6.503595e+54  4.900925e+55  2.287589e-06  8.974825e+103  1.000000e+00  1.000000e+00  0.000000e+00
2.807216e+03  3.032418e+02  4.210283e+03  3.333260e+01  2.807216e+03  1.498072e+00  6.310000e-03  1.491762e+00  6.355780e+00  2.130601e+00  6.355780e+00  9.957880e-01  3.481332e-01  8.144859e-01  1.091998e-01  9.183616e-03  1.197279e+00  1.030780e+03  4.078383e+05  7.702844e+54  4.893483e+55  2.341505e-06  1.023585e+104  1.000000e+00  1.000000e+00  0.000000e+00
2.807216e+03  3.139580e+02  4.210283e+03  3.777960e+01  2.807216e+03  1.496871e+00  7.451000e-03  1.489421e+00  6.353754e+00  2.219464e+00  6.353754e+00  9.950220e-01  3.479652e-01  8.134827e-01  1.186576e-01  9.197996e-03  1.202054e+00  1.228318e+03  4.071339e+05  9.122077e+54  4.884746e+55  2.397041e-06  1.166133e+104  1.000000e+00  1.000000e+00  0.000000e+00
2.807216e+03  3.251628e+02  4.210283e+03  4.281980e+01  2.807216e+03  1.495456e+00  8.794000e-03  1.486662e+00  6.351258e+00  2.312522e+00  6.351258e+00  9.941200e-01  3.477726e-01  8.123358e-01  1.289931e-01  9.214331e-03  1.207522e+00  1.464020e+03  4.063154e+05  1.080046e+55  4.874573e+55  2.454339e-06  1.327276e+104  1.000000e+00  1.000000e+00  0.000000e+00
2.807216e+03  3.368911e+02  4.210283e+03  4.853260e+01  2.807216e+03  1.493777e+00  1.037300e-02  1.483404e+00  6.348165e+00  2.409998e+00  6.348165e+00  9.930560e-01  3.475516e-01  8.110212e-01  1.402928e-01  9.232065e-03  1.213702e+00  1.745455e+03  4.053581e+05  1.278569e+55  4.862660e+55  2.511032e-06  1.506085e+104  1.000000e+00  1.000000e+00  0.000000e+00
2.807216e+03  3.491847e+02  4.210283e+03  5.500740e+01  2.807216e+03  1.491797e+00  1.222800e-02  1.479569e+00  6.344370e+00  2.511983e+00  6.344370e+00  9.918030e-01  3.472985e-01  8.095201e-01  1.526368e-01  9.251218e-03  1.220650e+00  2.081392e+03  4.042436e+05  1.513093e+55  4.848768e+55  2.570612e-06  1.708441e+104  1.000000e+00  1.000000e+00  0.000000e+00
2.807216e+03  3.620840e+02  4.210283e+03  6.234610e+01  2.807216e+03  1.489469e+00  1.440600e-02  1.475063e+00  6.339725e+00  2.618669e+00  6.339725e+00  9.903280e-01  3.470106e-01  8.078166e-01  1.661221e-01  9.272048e-03  1.228484e+00  2.482898e+03  4.029475e+05  1.790432e+55  4.832605e+55  2.630861e-06  1.933224e+104  1.000000e+00  1.000000e+00  0.000000e+00
2.807216e+03  3.756397e+02  4.210283e+03  7.066390e+01  2.807216e+03  1.486734e+00  1.696000e-02  1.469774e+00  6.334051e+00  2.730079e+00  6.334051e+00  9.885920e-01  3.466837e-01  8.058878e-01  1.808346e-01  9.294479e-03  1.237282e+00  2.962373e+03  4.014411e+05  2.117789e+55  4.813808e+55  2.693347e-06  2.179092e+104  1.000000e+00  1.000000e+00  0.000000e+00
2.807216e+03  3.899028e+02  4.210283e+03  8.009140e+01  2.807216e+03  1.483528e+00  1.995100e-02  1.463577e+00  6.327146e+00  2.846599e+00  6.327146e+00  9.865510e-01  3.463136e-01  8.037127e-01  1.969092e-01  9.318013e-03  1.247048e+00  3.535089e+03  3.996931e+05  2.504011e+55  4.791990e+55  2.759967e-06  2.452723e+104  1.000000e+00  1.000000e+00  0.000000e+00
2.807216e+03  4.049358e+02  4.210283e+03  9.077660e+01  2.807216e+03  1.479790e+00  2.345000e-02  1.456340e+00  6.318784e+00  2.967516e+00  6.318784e+00  9.841530e-01  3.458982e-01  8.012794e-01  2.143587e-01  9.342569e-03  1.257864e+00  4.219979e+03  3.976716e+05  2.959989e+55  4.766767e+55  2.826957e-06  2.746897e+104  1.000000e+00  1.000000e+00  0.000000e+00
2.807216e+03  4.208056e+02  4.210283e+03  1.028874e+02  2.807216e+03  1.475432e+00  2.753800e-02  1.447894e+00  6.308639e+00  3.093672e+00  6.308639e+00  9.813350e-01  3.454342e-01  7.985737e-01  2.333881e-01  9.367593e-03  1.269729e+00  5.037634e+03  3.953310e+05  3.496787e+55  4.737588e+55  2.897716e-06  3.061968e+104  1.000000e+00  1.000000e+00  0.000000e+00
2.807216e+03  4.375827e+02  4.210283e+03  1.166139e+02  2.807216e+03  1.470390e+00  3.230700e-02  1.438083e+00  6.296444e+00  3.224973e+00  6.296444e+00  9.780280e-01  3.449204e-01  7.955919e-01  2.541016e-01  9.392231e-03  1.282574e+00  6.015197e+03  3.926376e+05  4.129475e+55  4.704051e+55  2.730478e-06  3.098629e+104  1.000000e+00  1.000000e+00  0.000000e+00
2.807216e+03  1.053723e+03  4.210283e+03  1.321717e+02  2.807216e+03  1.466939e+00  3.575500e-02  1.431184e+00  6.289267e+00  3.304006e+00  6.289267e+00  9.756260e-01  3.445035e-01  7.931832e-01  2.667647e-01  9.423386e-03  1.294637e+00  6.716935e+03  3.905915e+05  4.575478e+55  4.679069e+55  2.522383e-06  1.749314e+104  1.000000e+00  1.000000e+00  1.000000e+00
2.807216e+03  1.071356e+03  4.210283e+03  1.498051e+02  2.807216e+03  1.463227e+00  3.942300e-02  1.423804e+00  6.282107e+00  3.370418e+00  6.282107e+00  9.730570e-01  3.440234e-01  7.904214e-01  2.778304e-01  9.462942e-03  1.309172e+00  7.447083e+03  3.883599e+05  5.029132e+55  4.651830e+55  2.509895e-06  1.832641e+104  1.000000e+00  1.000000e+00  1.000000e+00
2.807216e+03  1.091342e+03  4.210283e+03  1.697911e+02  2.807216e+03  1.458551e+00  4.392900e-02  1.414622e+00  6.272679e+00  3.441525e+00  6.272679e+00  9.698820e-01  3.434395e-01  7.870797e-01  2.902039e-01  9.508466e-03  1.326685e+00  8.341886e+03  3.856357e+05  5.577105e+55  4.618391e+55  2.593122e-06  1.890757e+104  1.000000e+00  1.000000e+00  1.000000e+00
2.807216e+03  1.113993e+03  4.210283e+03  1.924434e+02  2.807216e+03  1.452824e+00  4.935000e-02  1.403474e+00  6.260633e+00  3.517696e+00  6.260633e+00  9.660320e-01  3.427492e-01  7.831529e-01  3.040009e-01  9.559000e-03  1.347223e+00  9.425991e+03  3.823801e+05  6.231541e+55  4.578284e+55  2.675714e-06  1.968270e+104  1.000000e+00  1.000000e+00  1.000000e+00
2.807216e+03  1.139669e+03  4.210283e+03  2.181178e+02  2.807216e+03  1.445918e+00  5.579200e-02  1.390126e+00  6.245488e+00  3.598977e+00  6.245488e+00  9.614140e-01  3.419472e-01  7.786228e-01  3.193136e-01  9.614038e-03  1.370944e+00  1.073274e+04  3.785350e+05  7.009083e+55  4.530804e+55  2.762960e-06  2.064348e+104  1.000000e+00  1.000000e+00  1.000000e+00
2.807216e+03  1.168770e+03  4.210283e+03  2.472176e+02  2.807216e+03  1.437694e+00  6.337800e-02  1.374317e+00  6.226705e+00  3.685417e+00  6.226705e+00  9.559170e-01  3.410279e-01  7.734729e-01  3.362449e-01  9.672451e-03  1.397961e+00  1.230506e+04  3.740378e+05  7.931505e+55  4.475194e+55  2.841652e-06  2.110367e+104  1.000000e+00  1.000000e+00  1.000000e+00
2.807216e+03  1.201752e+03  4.210283e+03  2.801996e+02  2.807216e+03  1.428015e+00  7.224300e-02  1.355772e+00  6.203675e+00  3.776712e+00  6.203675e+00  9.494100e-01  3.399893e-01  7.677077e-01  3.548544e-01  9.733061e-03  1.428341e+00  1.415192e+04  3.688253e+05  8.998666e+55  4.410711e+55  2.922449e-06  2.112232e+104  1.000000e+00  1.000000e+00  1.000000e+00
2.807216e+03  1.239133e+03  4.210283e+03  3.175819e+02  2.807216e+03  1.416725e+00  8.253300e-02  1.334191e+00  6.175653e+00  3.872930e+00  6.175653e+00  9.417440e-01  3.388318e-01  7.613488e-01  3.752549e-01  9.793971e-03  1.461998e+00  1.635804e+04  3.628239e+05  1.025392e+56  4.336511e+55  3.024570e-06  2.212099e+104  1.000000e+00  1.000000e+00  1.000000e+00
2.807216e+03  1.281502e+03  4.210283e+03  3.599514e+02  2.807216e+03  1.403692e+00  9.440300e-02  1.309290e+00  6.141849e+00  3.973730e+00  6.141849e+00  9.327470e-01  3.375626e-01  7.544542e-01  3.975005e-01  9.852465e-03  1.498591e+00  1.898308e+04  3.559677e+05  1.172375e+56  4.251866e+55  3.116244e-06  2.226548e+104  1.000000e+00  1.000000e+00  1.000000e+00
2.807216e+03  1.329526e+03  4.210283e+03  4.079736e+02  2.807216e+03  1.388809e+00  1.080080e-01  1.280801e+00  6.101402e+00  4.078344e+00  6.101402e+00  9.222300e-01  3.361976e-01  7.471285e-01  4.215773e-01  9.905208e-03  1.537445e+00  2.204067e+04  3.481951e+05  1.340672e+56  4.156143e+55  3.208446e-06  2.149331e+104  1.000000e+00  1.000000e+00  1.000000e+00
2.807216e+03  1.383956e+03  4.210283e+03  4.624025e+02  2.807216e+03  1.372018e+00  1.235080e-01  1.248510e+00  6.053446e+00  4.187629e+00  6.053446e+00  9.099810e-01  3.347641e-01  7.395335e-01  4.476839e-01  9.948833e-03  1.577565e+00  2.563308e+04  3.394601e+05  1.534946e+56  4.048926e+55  3.318655e-06  2.111832e+104  1.000000e+00  1.000000e+00  1.000000e+00
2.807216e+03  1.445646e+03  4.210283e+03  5.240930e+02  2.807216e+03  1.353323e+00  1.410560e-01  1.212267e+00  5.997069e+00  4.299934e+00  5.997069e+00  8.957710e-01  3.333067e-01  7.319126e-01  4.756467e-01  9.979906e-03  1.617392e+00  2.982803e+04  3.297281e+05  1.757691e+56  3.929990e+55  3.434889e-06  2.006824e+104  1.000000e+00  1.000000e+00  1.000000e+00
2.807216e+03  1.515564e+03  4.210283e+03  5.940138e+02  2.807216e+03  1.332836e+00  1.607970e-01  1.172039e+00  5.931488e+00  4.415066e+00  5.931488e+00  8.793570e-01  3.318904e-01  7.246013e-01  5.054628e-01  9.994127e-03  1.654549e+00  3.470134e+04  3.189959e+05  2.011575e+56  3.799511e+55  3.529449e-06  1.689597e+104  1.000000e+00  1.000000e+00  1.000000e+00
2.807216e+03  1.594815e+03  4.210283e+03  6.732629e+02  2.807216e+03  1.310789e+00  1.828600e-01  1.127929e+00  5.856032e+00  4.532437e+00  5.856032e+00  8.604960e-01  3.306062e-01  7.180520e-01  5.370267e-01  9.990151e-03  1.686266e+00  4.022435e+04  3.072869e+05  2.292971e+56  3.658005e+55  3.656837e-06  1.369863e+104  1.000000e+00  1.000000e+00  1.000000e+00
2.807216e+03  1.684639e+03  4.210283e+03  7.630849e+02  2.807216e+03  1.287581e+00  2.073530e-01  1.080229e+00  5.770356e+00  4.651566e+00  5.770356e+00  8.389600e-01  3.295746e-01  7.128443e-01  5.701804e-01  9.972487e-03  1.709792e+00  4.665479e+04  2.946674e+05  2.614535e+56  3.506488e+55  3.822266e-06  1.209052e+104  1.000000e+00  1.000000e+00  1.000000e+00
2.807216e+03  1.786445e+03  4.210283e+03  8.648903e+02  2.807216e+03  1.263785e+00  2.343550e-01  1.029430e+00  5.674506e+00  4.771794e+00  5.674506e+00  8.145610e-01  3.289475e-01  7.097017e-01  6.046443e-01  9.952145e-03  1.722628e+00  5.396714e+04  2.812436e+05  2.972142e+56  3.346396e+55  4.036300e-06  1.007386e+104  1.000000e+00  1.000000e+00  1.000000e+00
2.807216e+03  1.901831e+03  4.210283e+03  9.802778e+02  2.807216e+03  1.240154e+00  2.639120e-01  9.762430e-01  5.569114e+00  4.892540e+00  5.569114e+00  7.871950e-01  3.289056e-01  7.094922e-01  6.399986e-01  9.953838e-03  1.724021e+00  6.237659e+04  2.671653e+05  3.375623e+56  3.179578e+55  4.222670e-06  7.007431e+103  1.000000e+00  1.000000e+00  1.000000e+00
2.807216e+03  2.032610e+03  4.210283e+03  1.111060e+03  2.807216e+03  1.217600e+00  2.960320e-01  9.215680e-01  5.455508e+00  5.013286e+00  5.455508e+00  7.568720e-01  3.296486e-01  7.132159e-01  6.755607e-01  1.002335e-02  1.716586e+00  7.164500e+04  2.526188e+05  3.808623e+56  3.008150e+55  4.527068e-06  3.205848e+103  1.000000e+00  1.000000e+00  1.000000e+00
2.807216e+03  2.180844e+03  4.210283e+03  1.259289e+03  2.807216e+03  1.197122e+00  3.306850e-01  8.664370e-01  5.335766e+00  5.133747e+00  5.335766e+00  7.237660e-01  3.313777e-01  7.219775e-01  7.100016e-01  1.023061e-02  1.706845e+00  8.212692e+04  2.378121e+05  4.288574e+56  2.834261e+55  5.073575e-06  1.708941e+102  1.000000e+00  1.000000e+00  1.000000e+00
2.807216e+03  2.348852e+03  4.210283e+03  1.427295e+03  2.807216e+03  1.179718e+00  3.678180e-01  8.119000e-01  5.254736e+00  5.254736e+00  5.212666e+00  6.882150e-01  3.315959e-01  7.230928e-01  7.231576e-01  1.102962e-02  1.834089e+00  9.371050e+04  2.229628e+05  4.806632e+56  2.659840e+55  6.227462e-06  -5.482823e+103  1.000000e+00  -1.000000e+00  1.000000e+00
2.807216e+03  2.539271e+03  4.210283e+03  1.617714e+03  2.807216e+03  1.166323e+00  4.079510e-01  7.583720e-01  5.393801e+00  5.393801e+00  5.087316e+00  6.502250e-01  3.193783e-01  6.637960e-01  6.638483e-01  9.470379e-03  1.899979e+00  1.065186e+05  2.081765e+05  5.369255e+56  2.485925e+55  1.264647e-05  -9.775396e+103  1.000000e+00  -1.000000e+00  1.000000e+00
2.807216e+03  2.755091e+03  4.210283e+03  1.833538e+03  2.807216e+03  1.157932e+00  4.521680e-01  7.057640e-01  5.560273e+00  5.560273e+00  4.958663e+00  6.095040e-01  3.075873e-01  6.120116e-01  6.120529e-01  7.960068e-03  1.927451e+00  1.205895e+05  1.935220e+05  5.980062e+56  2.313704e+55  2.460480e-05  -1.125288e+104  1.000000e+00  -1.000000e+00  1.000000e+00
2.807216e+03  2.999709e+03  4.210283e+03  2.078156e+03  2.807216e+03  1.155459e+00  5.009600e-01  6.544990e-01  5.752638e+00  5.752638e+00  4.827722e+00  5.664410e-01  2.966670e-01  5.681266e-01  5.681599e-01  7.277860e-03  2.111435e+00  1.364871e+05  1.791228e+05  6.671028e+56  2.144547e+55  -6.461158e-07  -1.300177e+104  -1.000000e+00  -1.000000e+00  1.000000e+00
2.807216e+03  3.276966e+03  4.210283e+03  2.355409e+03  2.807216e+03  1.159498e+00  5.544590e-01  6.050390e-01  5.966224e+00  5.966224e+00  4.696085e+00  5.218110e-01  2.870464e-01  5.322956e-01  5.323233e-01  7.205746e-03  2.465056e+00  1.534952e+05  1.650990e+05  7.401160e+56  1.979620e+55  1.595921e-06  -1.399570e+104  1.000000e+00  -1.000000e+00  1.000000e+00
2.807216e+03  3.591209e+03  4.210283e+03  2.669651e+03  2.807216e+03  1.170140e+00  6.123700e-01  5.577700e-01  6.193425e+00  6.193425e+00  4.565501e+00  4.766690e-01  2.790542e-01  5.043267e-01  5.043492e-01  7.362569e-03  2.900648e+00  1.723033e+05  1.515502e+05  8.209040e+56  1.819758e+55  2.207940e-06  -1.306528e+104  1.000000e+00  -1.000000e+00  1.000000e+00
2.807216e+03  3.947373e+03  4.210283e+03  3.025817e+03  2.807216e+03  1.186863e+00  6.739150e-01  5.129470e-01  6.424484e+00  6.424484e+00  4.437669e+00  4.321880e-01  2.728625e-01  4.836813e-01  4.836990e-01  7.763307e-03  3.421677e+00  1.921360e+05  1.385498e+05  9.049344e+56  1.665409e+55  2.538169e-06  -1.364900e+104  1.000000e+00  -1.000000e+00  1.000000e+00
2.807216e+03  4.351050e+03  4.210283e+03  3.429500e+03  2.807216e+03  1.208544e+00  7.381180e-01  4.704260e-01  6.648792e+00  6.648792e+00  4.312766e+00  3.892500e-01  2.684735e-01  4.695510e-01  4.695659e-01  8.340826e-03  3.986642e+00  2.127629e+05  1.261146e+05  9.908000e+56  1.516446e+55  2.632728e-06  -1.432185e+104  1.000000e+00  -1.000000e+00  1.000000e+00
2.807216e+03  4.808596e+03  4.210283e+03  3.887040e+03  2.807216e+03  1.233767e+00  8.047120e-01  4.290550e-01  6.856641e+00  6.856641e+00  4.184182e+00  3.477600e-01  2.657685e-01  4.610409e-01  4.610545e-01  8.943671e-03  4.496792e+00  2.343687e+05  1.141500e+05  1.079412e+57  1.372843e+55  2.579164e-06  -1.209246e+104  1.000000e+00  -1.000000e+00  1.000000e+00
2.807216e+03  5.327181e+03  4.210283e+03  4.405622e+03  2.807216e+03  1.260970e+00  8.719720e-01  3.889980e-01  7.040442e+00  7.040442e+00  4.051326e+00  3.084910e-01  2.645371e-01  4.572154e-01  4.572273e-01  9.464038e-03  4.870262e+00  2.565127e+05  1.027243e+05  1.168204e+57  1.235655e+55  2.522792e-06  -1.081096e+104  1.000000e+00  -1.000000e+00  1.000000e+00
2.807216e+03  5.914947e+03  4.210283e+03  4.993389e+03  2.807216e+03  1.288517e+00  9.379170e-01  3.505990e-01  7.195543e+00  7.195543e+00  3.914896e+00  2.720950e-01  2.644893e-01  4.570675e-01  4.570777e-01  9.831502e-03  5.063972e+00  2.783072e+05  9.191654e+04  1.252247e+57  1.105842e+55  2.521143e-06  -1.100203e+104  1.000000e+00  -1.000000e+00  1.000000e+00
2.807216e+03  6.581126e+03  4.210283e+03  5.659571e+03  2.807216e+03  1.314947e+00  1.000796e+00  3.141510e-01  7.320518e+00  7.320518e+00  3.775642e+00  2.389080e-01  2.653066e-01  4.596023e-01  4.596116e-01  1.007928e-02  5.112147e+00  2.988638e+05  8.178862e+04  1.326850e+57  9.841543e+54  2.390569e-06  -9.877498e+103  1.000000e+00  -1.000000e+00  1.000000e+00
2.807216e+03  7.336183e+03  4.210283e+03  6.414631e+03  2.807216e+03  1.339099e+00  1.059209e+00  2.798900e-01  7.416413e+00  7.416413e+00  3.634347e+00  2.090130e-01  2.666861e-01  4.639110e-01  4.639215e-01  1.019418e-02  5.037955e+00  3.190409e+05  7.238386e+04  1.397384e+57  8.711206e+54  2.188724e-06  -7.870962e+103  1.000000e+00  -1.000000e+00  1.000000e+00
2.807216e+03  8.191984e+03  4.210283e+03  7.270426e+03  2.807216e+03  1.360213e+00  1.112227e+00  2.479860e-01  7.486111e+00  7.486111e+00  3.491814e+00  1.823140e-01  2.683689e-01  4.692192e-01  4.692266e-01  1.018628e-02  4.878241e+00  3.375644e+05  6.372736e+04  1.457268e+57  7.670504e+54  1.993352e-06  -6.650380e+103  1.000000e+00  -1.000000e+00  1.000000e+00
2.807216e+03  9.161955e+03  4.210283e+03  8.240395e+03  2.807216e+03  1.377849e+00  1.159300e+00  2.185490e-01  7.533390e+00  7.533390e+00  3.348835e+00  1.586160e-01  2.701423e-01  4.748760e-01  4.748826e-01  1.010406e-02  4.682109e+00  3.549879e+05  5.582674e+04  1.510493e+57  6.720433e+54  1.809649e-06  -5.448288e+103  1.000000e+00  -1.000000e+00  1.000000e+00
2.807216e+03  1.026133e+04  4.210283e+03  9.339770e+03  2.807216e+03  1.391888e+00  1.200264e+00  1.916240e-01  7.562387e+00  7.562387e+00  3.206178e+00  1.376720e-01  2.718486e-01  4.803807e-01  4.803865e-01  9.971522e-03  4.477497e+00  3.700522e+05  4.867409e+04  1.550580e+57  5.860104e+54  1.576800e-06  -4.592396e+103  1.000000e+00  -1.000000e+00  1.000000e+00
2.807216e+03  1.150737e+04  4.210283e+03  1.058582e+04  2.807216e+03  1.402418e+00  1.235214e+00  1.672030e-01  7.576961e+00  7.576961e+00  3.064571e+00  1.192250e-01  2.733782e-01  4.853684e-01  4.853734e-01  9.807603e-03  4.282054e+00  3.840694e+05  4.224804e+04  1.585860e+57  5.087005e+54  1.287201e-06  -3.403800e+103  1.000000e+00  -1.000000e+00  1.000000e+00
2.807216e+03  1.291966e+04  4.210283e+03  1.199810e+04  2.807216e+03  1.409683e+00  1.264456e+00  1.452280e-01  7.580641e+00  7.580641e+00  2.924687e+00  1.030210e-01  2.746612e-01  4.895908e-01  4.895953e-01  9.632082e-03  4.108117e+00  3.958156e+05  3.651632e+04  1.609910e+57  4.397305e+54  1.011990e-06  -2.781059e+103  1.000000e+00  -1.000000e+00  1.000000e+00
2.807216e+03  1.452036e+04  4.210283e+03  1.359880e+04  2.807216e+03  1.414046e+00  1.288447e+00  1.255990e-01  7.576610e+00  7.576610e+00  2.787135e+00  8.882200e-02  2.756578e-01  4.928959e-01  4.928998e-01  9.458585e-03  3.961718e+00  4.060666e+05  3.143838e+04  1.627817e+57  3.786167e+54  6.159808e-07  -2.025470e+103  1.000000e+00  -1.000000e+00  1.000000e+00
2.807216e+03  1.633462e+04  4.210283e+03  1.541306e+04  2.807216e+03  1.415899e+00  1.307711e+00  1.081880e-01  7.567456e+00  7.567456e+00  2.652452e+00  7.641000e-02  2.763529e-01  4.952141e-01  4.952176e-01  9.295165e-03  3.844550e+00  4.149090e+05  2.696791e+04  1.640413e+57  3.248053e+54  1.592157e-07  -1.416787e+103  1.000000e+00  -1.000000e+00  1.000000e+00
2.807216e+03  1.839092e+04  4.210283e+03  1.746936e+04  2.807216e+03  1.415666e+00  1.322822e+00  9.284500e-02  7.555254e+00  7.555254e+00  2.521100e+00  6.558400e-02  2.767538e-01  4.965558e-01  4.965587e-01  9.142416e-03  3.754068e+00  4.224978e+05  2.305519e+04  1.648919e+57  2.777009e+54  -5.002115e-07  -1.042202e+103  -1.000000e+00  -1.000000e+00  1.000000e+00
2.807216e+03  2.071233e+04  4.210283e+03  1.979078e+04  2.807216e+03  1.413794e+00  1.334343e+00  7.945100e-02  7.541962e+00  7.541962e+00  2.393934e+00  5.619700e-02  2.768748e-01  4.969617e-01  4.969642e-01  9.004632e-03  3.689448e+00  4.282802e+05  1.966080e+04  1.650510e+57  2.368315e+54  -7.840472e-07  -8.786567e+102  -1.000000e+00  -1.000000e+00  1.000000e+00
3.856620e+03  1.030404e+02  5.387862e+03  1.000000e+00  3.856620e+03  1.472196e+00  3.900000e-05  1.472156e+00  6.179999e+00  7.344890e-01  6.179999e+00  9.999730e-01  3.518510e-01  8.371121e-01  1.611738e-02  7.940140e-03  9.816271e-01  5.883637e+00  4.182753e+05  4.947826e+52  4.945234e+55  1.558254e-08  -4.070972e+101  1.000000e+00  -1.000000e+00  0.000000e+00
3.856620e+03  1.076573e+02  5.387862e+03  1.133400e+00  3.856620e+03  1.472196e+00  4.600000e-05  1.472149e+00  6.180012e+00  7.526370e-01  6.180012e+00  9.999680e-01  3.518502e-01  8.371072e-01  1.692771e-02  7.940223e-03  9.816439e-01  6.941260e+00  4.182704e+05  5.822290e+52  4.945193e+55  1.094059e-07  -4.030424e+101  1.000000e+00  -1.000000e+00  0.000000e+00
3.856620e+03  1.131115e+02  5.387862e+03  1.284600e+00  3.856620e+03  1.472195e+00  5.500000e-05  1.472140e+00  6.180051e+00  7.717320e-01  6.180051e+00  9.999630e-01  3.518479e-01  8.370925e-01  1.780191e-02  7.940682e-03  9.817243e-01  8.179918e+00  4.182661e+05  6.835177e+52  4.945150e+55  1.962016e-07  -4.101056e+101  1.000000e+00  -1.000000e+00  0.000000e+00
3.856620e+03  1.191072e+02  5.387862e+03  1.456000e+00  3.856620e+03  1.472194e+00  6.400000e-05  1.472130e+00  6.180066e+00  7.916610e-01  6.180066e+00  9.999560e-01  3.518468e-01  8.370859e-01  1.873816e-02  7.941015e-03  9.817882e-01  9.636417e+00  4.182594e+05  8.017411e+52  4.945093e+55  2.395261e-07  -4.623432e+101  1.000000e+00  -1.000000e+00  0.000000e+00
3.856620e+03  1.250167e+02  5.387862e+03  1.650300e+00  3.856620e+03  1.472193e+00  7.600000e-05  1.472117e+00  6.180104e+00  8.128190e-01  6.180104e+00  9.999490e-01  3.518443e-01  8.370704e-01  1.975843e-02  7.941406e-03  9.818664e-01  1.134968e+01  4.182527e+05  9.399904e+52  4.945027e+55  4.002338e-07  -5.136505e+101  1.000000e+00  -1.000000e+00  0.000000e+00
3.856620e+03  1.316026e+02  5.387862e+03  1.870400e+00  3.856620e+03  1.472187e+00  8.900000e-05  1.472098e+00  6.180124e+00  8.349700e-01  6.180124e+00  9.999390e-01  3.518419e-01  8.370556e-01  2.085599e-02  7.941700e-03  9.819389e-01  1.336644e+01  4.182424e+05  1.101915e+53  4.944928e+55  6.699963e-07  -5.854394e+101  1.000000e+00  -1.000000e+00  0.000000e+00
3.856620e+03  1.379494e+02  5.387862e+03  2.120000e+00  3.856620e+03  1.472180e+00  1.050000e-04  1.472075e+00  6.180145e+00  8.581220e-01  6.180145e+00  9.999290e-01  3.518390e-01  8.370377e-01  2.203528e-02  7.942055e-03  9.820347e-01  1.574207e+01  4.182302e+05  1.291812e+53  4.944806e+55  5.898559e-07  -5.414564e+101  1.000000e+00  -1.000000e+00  0.000000e+00
3.856620e+03  1.527256e+02  5.387862e+03  2.402800e+00  3.856620e+03  1.472176e+00  1.230000e-04  1.472054e+00  6.180185e+00  8.814260e-01  6.180185e+00  9.999170e-01  3.518358e-01  8.370178e-01  2.325561e-02  7.942567e-03  9.821322e-01  1.843890e+01  4.182193e+05  1.506506e+53  4.944701e+55  5.335090e-07  -9.050483e+101  1.000000e+00  -1.000000e+00  0.000000e+00
3.856620e+03  1.576382e+02  5.387862e+03  2.723400e+00  3.856620e+03  1.472170e+00  1.440000e-04  1.472026e+00  6.180229e+00  9.058970e-01  6.180229e+00  9.999020e-01  3.518318e-01  8.369931e-01  2.457324e-02  7.943075e-03  9.822505e-01  2.164233e+01  4.182060e+05  1.760578e+53  4.944571e+55  6.540018e-07  -1.184309e+102  1.000000e+00  -1.000000e+00  0.000000e+00
3.856620e+03  1.627167e+02  5.387862e+03  3.086700e+00  3.856620e+03  1.472161e+00  1.690000e-04  1.471992e+00  6.180272e+00  9.320400e-01  6.180272e+00  9.998850e-01  3.518272e-01  8.369643e-01  2.602151e-02  7.944032e-03  9.824293e-01  2.547627e+01  4.181892e+05  2.063642e+53  4.944405e+55  7.833143e-07  -1.364520e+102  1.000000e+00  -1.000000e+00  0.000000e+00
3.856620e+03  1.679681e+02  5.387862e+03  3.498500e+00  3.856620e+03  1.472147e+00  1.990000e-04  1.471948e+00  6.180301e+00  9.599110e-01  6.180301e+00  9.998650e-01  3.518223e-01  8.369341e-01  2.761150e-02  7.944604e-03  9.825717e-01  3.005410e+01  4.181689e+05  2.424364e+53  4.944199e+55  8.521935e-07  -1.563782e+102  1.000000e+00  -1.000000e+00  0.000000e+00
3.856620e+03  1.734000e+02  5.387862e+03  3.965200e+00  3.856620e+03  1.472134e+00  2.350000e-04  1.471899e+00  6.180358e+00  9.896590e-01  6.180358e+00  9.998400e-01  3.518157e-01  8.368932e-01  2.936068e-02  7.945335e-03  9.827479e-01  3.551395e+01  4.181469e+05  2.853253e+53  4.943975e+55  9.206344e-07  -1.793034e+102  1.000000e+00  -1.000000e+00  0.000000e+00
3.856620e+03  1.790190e+02  5.387862e+03  4.494300e+00  3.856620e+03  1.472109e+00  2.780000e-04  1.471831e+00  6.180386e+00  1.021229e+00  6.180386e+00  9.998110e-01  3.518082e-01  8.368468e-01  3.127605e-02  7.946738e-03  9.830278e-01  4.202034e+01  4.181166e+05  3.362747e+53  4.943658e+55  1.032019e-06  -2.055905e+102  1.000000e+00  -1.000000e+00  0.000000e+00
3.856620e+03  1.848335e+02  5.387862e+03  5.093900e+00  3.856620e+03  1.472084e+00  3.280000e-04  1.471756e+00  6.180436e+00  1.054790e+00  6.180436e+00  9.997770e-01  3.517995e-01  8.367927e-01  3.337846e-02  7.947569e-03  9.832553e-01  4.977204e+01  4.180849e+05  3.967879e+53  4.943328e+55  1.076971e-06  -2.347498e+102  1.000000e+00  -1.000000e+00  0.000000e+00
3.856620e+03  1.908524e+02  5.387862e+03  5.773400e+00  3.856620e+03  1.472048e+00  3.880000e-04  1.471660e+00  6.180460e+00  1.090407e+00  6.180460e+00  9.997360e-01  3.517894e-01  8.367301e-01  3.568430e-02  7.949197e-03  9.835974e-01  5.900488e+01  4.180439e+05  4.686314e+53  4.942894e+55  1.174284e-06  -2.684419e+102  1.000000e+00  -1.000000e+00  0.000000e+00
3.856620e+03  1.970844e+02  5.387862e+03  6.543700e+00  3.856620e+03  1.472008e+00  4.590000e-04  1.471549e+00  6.180501e+00  1.128119e+00  6.180501e+00  9.996880e-01  3.517776e-01  8.366570e-01  3.820944e-02  7.951010e-03  9.839869e-01  6.999954e+01  4.179998e+05  5.538999e+53  4.942423e+55  1.217374e-06  -3.052971e+102  1.000000e+00  -1.000000e+00  0.000000e+00
3.856620e+03  2.035396e+02  5.387862e+03  7.416700e+00  3.856620e+03  1.471959e+00  5.440000e-04  1.471416e+00  6.180552e+00  1.168232e+00  6.180552e+00  9.996310e-01  3.517630e-01  8.365668e-01  4.098888e-02  7.952527e-03  9.843801e-01  8.309242e+01  4.179472e+05  6.550911e+53  4.941859e+55  1.279040e-06  -3.489129e+102  1.000000e+00  -1.000000e+00  0.000000e+00
3.856620e+03  2.102287e+02  5.387862e+03  8.406200e+00  3.856620e+03  1.471893e+00  6.440000e-04  1.471249e+00  6.180558e+00  1.210653e+00  6.180558e+00  9.995630e-01  3.517467e-01  8.364657e-01  4.403355e-02  7.954778e-03  9.848933e-01  9.868785e+01  4.178816e+05  7.751838e+53  4.941146e+55  1.355968e-06  -3.967529e+102  1.000000e+00  -1.000000e+00  0.000000e+00
3.856620e+03  2.171631e+02  5.387862e+03  9.527700e+00  3.856620e+03  1.471818e+00  7.620000e-04  1.471056e+00  6.180586e+00  1.255476e+00  6.180586e+00  9.994820e-01  3.517273e-01  8.363453e-01  4.736782e-02  7.957355e-03  9.854842e-01  1.172577e+02  4.178089e+05  9.176283e+53  4.940353e+55  1.425062e-06  -4.516930e+102  1.000000e+00  -1.000000e+00  0.000000e+00
3.856620e+03  2.243537e+02  5.387862e+03  1.079880e+01  3.856620e+03  1.471714e+00  9.030000e-04  1.470811e+00  6.180558e+00  1.301793e+00  6.180558e+00  9.993870e-01  3.517039e-01  8.362009e-01  5.094352e-02  7.959760e-03  9.861074e-01  1.393822e+02  4.177165e+05  1.086644e+54  4.939326e+55  1.500066e-06  -5.142946e+102  1.000000e+00  -1.000000e+00  0.000000e+00
3.856620e+03  2.318138e+02  5.387862e+03  1.223950e+01  3.856620e+03  1.471596e+00  1.069000e-03  1.470527e+00  6.180537e+00  1.350073e+00  6.180537e+00  9.992740e-01  3.516770e-01  8.360341e-01  5.481023e-02  7.963079e-03  9.868938e-01  1.657357e+02  4.176126e+05  1.287087e+54  4.938171e+55  1.550022e-06  -5.818865e+102  1.000000e+00  -1.000000e+00  0.000000e+00
3.856620e+03  2.395612e+02  5.387862e+03  1.387240e+01  3.856620e+03  1.471449e+00  1.266000e-03  1.470183e+00  6.180473e+00  1.401223e+00  6.180473e+00  9.991400e-01  3.516455e-01  8.358394e-01  5.905802e-02  7.966453e-03  9.877550e-01  1.971401e+02  4.174886e+05  1.524836e+54  4.936779e+55  1.615861e-06  -6.601077e+102  1.000000e+00  -1.000000e+00  0.000000e+00
3.856620e+03  2.476067e+02  5.387862e+03  1.572320e+01  3.856620e+03  1.471269e+00  1.499000e-03  1.469770e+00  6.180369e+00  1.455257e+00  6.180369e+00  9.989810e-01  3.516084e-01  8.356094e-01  6.371406e-02  7.970588e-03  9.887735e-01  2.345695e+02  4.173419e+05  1.806776e+54  4.935119e+55  1.678252e-06  -7.452000e+102  1.000000e+00  -1.000000e+00  0.000000e+00
3.856620e+03  2.559695e+02  5.387862e+03  1.782080e+01  3.856620e+03  1.471054e+00  1.775000e-03  1.469279e+00  6.180224e+00  1.512448e+00  6.180224e+00  9.987940e-01  3.515653e-01  8.353431e-01  6.882941e-02  7.975123e-03  9.899590e-01  2.791902e+02  4.171717e+05  2.141092e+54  4.933183e+55  1.736397e-06  -8.393125e+102  1.000000e+00  -1.000000e+00  0.000000e+00
3.856620e+03  2.646662e+02  5.387862e+03  2.019840e+01  3.856620e+03  1.470791e+00  2.100000e-03  1.468691e+00  6.180008e+00  1.572594e+00  6.180008e+00  9.985720e-01  3.515148e-01  8.350311e-01  7.441767e-02  7.980146e-03  9.912944e-01  3.323980e+02  4.169698e+05  2.537453e+54  4.930871e+55  1.796188e-06  -9.474698e+102  1.000000e+00  -1.000000e+00  0.000000e+00
3.856620e+03  2.737197e+02  5.387862e+03  2.289310e+01  3.856620e+03  1.470468e+00  2.486000e-03  1.467982e+00  6.179700e+00  1.636266e+00  6.179700e+00  9.983100e-01  3.514551e-01  8.346624e-01  8.056236e-02  7.986186e-03  9.928798e-01  3.958582e+02  4.167299e+05  3.007209e+54  4.928102e+55  1.858502e-06  -1.062667e+103  1.000000e+00  -1.000000e+00  0.000000e+00
3.856620e+03  2.831505e+02  5.387862e+03  2.594730e+01  3.856620e+03  1.470086e+00  2.941000e-03  1.467145e+00  6.179296e+00  1.703161e+00  6.179296e+00  9.980000e-01  3.513867e-01  8.342401e-01  8.727321e-02  7.993006e-03  9.947063e-01  4.715813e+02  4.164520e+05  3.564037e+54  4.924882e+55  1.915899e-06  -1.191941e+103  1.000000e+00  -1.000000e+00  0.000000e+00
3.856620e+03  2.929826e+02  5.387862e+03  2.940900e+01  3.856620e+03  1.469615e+00  3.478000e-03  1.466137e+00  6.178748e+00  1.773515e+00  6.178748e+00  9.976330e-01  3.513054e-01  8.337386e-01  9.461063e-02  8.000748e-03  9.968189e-01  5.619601e+02  4.161199e+05  4.223861e+54  4.921005e+55  1.976156e-06  -1.335472e+103  1.000000e+00  -1.000000e+00  0.000000e+00
3.856620e+03  3.032418e+02  5.387862e+03  3.333260e+01  3.856620e+03  1.469052e+00  4.113000e-03  1.464939e+00  6.178036e+00  1.847459e+00  6.178036e+00  9.972000e-01  3.512112e-01  8.331579e-01  1.026292e-01  8.009245e-03  9.992090e-01  6.698731e+02  4.157318e+05  5.005704e+54  4.916449e+55  2.035407e-06  -1.489364e+103  1.000000e+00  -1.000000e+00  0.000000e+00
3.856620e+03  3.139580e+02  5.387862e+03  3.777960e+01  3.856620e+03  1.468371e+00  4.861000e-03  1.463511e+00  6.177091e+00  1.925120e+00  6.177091e+00  9.966900e-01  3.511022e-01  8.324869e-01  1.113872e-01  8.019301e-03  1.002025e+00  7.987562e+02  4.152733e+05  5.931736e+54  4.911042e+55  2.094075e-06  -1.655966e+103  1.000000e+00  -1.000000e+00  0.000000e+00
3.856620e+03  3.251628e+02  5.387862e+03  4.281980e+01  3.856620e+03  1.467558e+00  5.743000e-03  1.461815e+00  6.175902e+00  2.006585e+00  6.175902e+00  9.960870e-01  3.509752e-01  8.317058e-01  1.209417e-01  8.030008e-03  1.005176e+00  9.527090e+02  4.147371e+05  7.028126e+54  4.904685e+55  2.156821e-06  -1.834521e+103  1.000000e+00  -1.000000e+00  0.000000e+00
3.856620e+03  3.368911e+02  5.387862e+03  4.853260e+01  3.856620e+03  1.466582e+00  6.782000e-03  1.459800e+00  6.174388e+00  2.092009e+00  6.174388e+00  9.953760e-01  3.508279e-01  8.308014e-01  1.313612e-01  8.042527e-03  1.008852e+00  1.136734e+03  4.141075e+05  8.326395e+54  4.897187e+55  2.218001e-06  -2.025403e+103  1.000000e+00  -1.000000e+00  0.000000e+00
3.856620e+03  3.491847e+02  5.387862e+03  5.500740e+01  3.856620e+03  1.465418e+00  8.005000e-03  1.457413e+00  6.172476e+00  2.181509e+00  6.172476e+00  9.945370e-01  3.506580e-01  8.297593e-01  1.427140e-01  8.055963e-03  1.012995e+00  1.356708e+03  4.133703e+05  9.862291e+54  4.888372e+55  2.279599e-06  -2.231302e+103  1.000000e+00  -1.000000e+00  0.000000e+00
3.856620e+03  3.620840e+02  5.387862e+03  6.234610e+01  3.856620e+03  1.464027e+00  9.444000e-03  1.454584e+00  6.170070e+00  2.275215e+00  6.170070e+00  9.935490e-01  3.504618e-01  8.285590e-01  1.550739e-01  8.071124e-03  1.017748e+00  1.619853e+03  4.125059e+05  1.168020e+55  4.877994e+55  2.341480e-06  -2.457424e+103  1.000000e+00  -1.000000e+00  0.000000e+00
3.856620e+03  3.756397e+02  5.387862e+03  7.066390e+01  3.856620e+03  1.462368e+00  1.113500e-02  1.451233e+00  6.167046e+00  2.373283e+00  6.167046e+00  9.923860e-01  3.502362e-01  8.271809e-01  1.685221e-01  8.087527e-03  1.023103e+00  1.934677e+03  4.114921e+05  1.383008e+55  4.865779e+55  2.405917e-06  -2.697771e+103  1.000000e+00  -1.000000e+00  0.000000e+00
3.856620e+03  3.899028e+02  5.387862e+03  8.009140e+01  3.856620e+03  1.460400e+00  1.312000e-02  1.447279e+00  6.163303e+00  2.475778e+00  6.163303e+00  9.910160e-01  3.499773e-01  8.256035e-01  1.831327e-01  8.105790e-03  1.029215e+00  2.311337e+03  4.103096e+05  1.637078e+55  4.851482e+55  2.474281e-06  -2.943216e+103  1.000000e+00  -1.000000e+00  0.000000e+00
3.856620e+03  4.049358e+02  5.387862e+03  9.077660e+01  3.856620e+03  1.458070e+00  1.545000e-02  1.442621e+00  6.158678e+00  2.582852e+00  6.158678e+00  9.894040e-01  3.496815e-01  8.238064e-01  1.989948e-01  8.125269e-03  1.036051e+00  2.762571e+03  4.089309e+05  1.937581e+55  4.834768e+55  2.542211e-06  -3.213765e+103  1.000000e+00  -1.000000e+00  0.000000e+00
3.856620e+03  4.208056e+02  5.387862e+03  1.028874e+02  3.856620e+03  1.455316e+00  1.818000e-02  1.437136e+00  6.152959e+00  2.694586e+00  6.152959e+00  9.875080e-01  3.493453e-01  8.217704e-01  2.161923e-01  8.145731e-03  1.043670e+00  3.302542e+03  4.073224e+05  2.292198e+55  4.815222e+55  2.609851e-06  -3.519914e+103  1.000000e+00  -1.000000e+00  0.000000e+00
3.856620e+03  4.375827e+02  5.387862e+03  1.166139e+02  3.856620e+03  1.452068e+00  2.137500e-02  1.430692e+00  6.145906e+00  2.811112e+00  6.145906e+00  9.852790e-01  3.489655e-01  8.194785e-01  2.348202e-01  8.167812e-03  1.052209e+00  3.949400e+03  4.054482e+05  2.711035e+55  4.792410e+55  2.441422e-06  -3.658394e+103  1.000000e+00  -1.000000e+00  0.000000e+00
3.856620e+03  1.053723e+03  5.387862e+03  1.321717e+02  3.856620e+03  1.449941e+00  2.371600e-02  1.426225e+00  6.142066e+00  2.882110e+00  6.142066e+00  9.836440e-01  3.486723e-01  8.177151e-01  2.463291e-01  8.190817e-03  1.059619e+00  4.419757e+03  4.040475e+05  3.009966e+55  4.775958e+55  2.236275e-06  -3.109595e+103  1.000000e+00  -1.000000e+00  1.000000e+00
3.856620e+03  1.071356e+03  5.387862e+03  1.498051e+02  3.856620e+03  1.447692e+00  2.622800e-02  1.421464e+00  6.138368e+00  2.942362e+00  6.138368e+00  9.818830e-01  3.483412e-01  8.157294e-01  2.564228e-01  8.218112e-03  1.068205e+00  4.913276e+03  4.025228e+05  3.316726e+55  4.758150e+55  2.219073e-06  -3.331418e+103  1.000000e+00  -1.000000e+00  1.000000e+00
3.856620e+03  1.091342e+03  5.387862e+03  1.697911e+02  3.856620e+03  1.444814e+00  2.932300e-02  1.415491e+00  6.133343e+00  3.007299e+00  6.133343e+00  9.797050e-01  3.479334e-01  8.132937e-01  2.676897e-01  8.251054e-03  1.078791e+00  5.519775e+03  4.006459e+05  3.688389e+55  4.736013e+55  2.308106e-06  -3.622660e+103  1.000000e+00  -1.000000e+00  1.000000e+00
3.856620e+03  1.113993e+03  5.387862e+03  1.924434e+02  3.856620e+03  1.441240e+00  3.306100e-02  1.408179e+00  6.126777e+00  3.077114e+00  6.126777e+00  9.770610e-01  3.474448e-01  8.103870e-01  2.802066e-01  8.288097e-03  1.091278e+00  6.264286e+03  3.983863e+05  4.137920e+55  4.709164e+55  2.392785e-06  -3.804662e+103  1.000000e+00  -1.000000e+00  1.000000e+00
3.856620e+03  1.139669e+03  5.387862e+03  2.181178e+02  3.856620e+03  1.436862e+00  3.752200e-02  1.399340e+00  6.118325e+00  3.151895e+00  6.118325e+00  9.738860e-01  3.468679e-01  8.069741e-01  2.940496e-01  8.330017e-03  1.105950e+00  7.158712e+03  3.956927e+05  4.670548e+55  4.676960e+55  2.466347e-06  -4.059217e+103  1.000000e+00  -1.000000e+00  1.000000e+00
3.856620e+03  1.168770e+03  5.387862e+03  2.472176e+02  3.856620e+03  1.431567e+00  4.280200e-02  1.388765e+00  6.107628e+00  3.231715e+00  6.107628e+00  9.701010e-01  3.461950e-01  8.030167e-01  3.092999e-01  8.375877e-03  1.122883e+00  8.225629e+03  3.925123e+05  5.297346e+55  4.638745e+55  2.549215e-06  -4.229253e+103  1.000000e+00  -1.000000e+00  1.000000e+00
3.856620e+03  1.201752e+03  5.387862e+03  2.801996e+02  3.856620e+03  1.425223e+00  4.900800e-02  1.376215e+00  6.094231e+00  3.316524e+00  6.094231e+00  9.656140e-01  3.454184e-01  7.984821e-01  3.260254e-01  8.425798e-03  1.142331e+00  9.514628e+03  3.887831e+05  6.042895e+55  4.593752e+55  2.635664e-06  -4.211536e+103  1.000000e+00  -1.000000e+00  1.000000e+00
3.856620e+03  1.239133e+03  5.387862e+03  3.175819e+02  3.856620e+03  1.417682e+00  5.625800e-02  1.361424e+00  6.077583e+00  3.406287e+00  6.077583e+00  9.603170e-01  3.445321e-01  7.933481e-01  3.442967e-01  8.478315e-03  1.164314e+00  1.104556e+04  3.844353e+05  6.915085e+55  4.541138e+55  2.711099e-06  -4.472101e+103  1.000000e+00  -1.000000e+00  1.000000e+00
3.856620e+03  1.281502e+03  5.387862e+03  3.599514e+02  3.856620e+03  1.408797e+00  6.468000e-02  1.344117e+00  6.057092e+00  3.500824e+00  6.057092e+00  9.540880e-01  3.435310e-01  7.876021e-01  3.641622e-01  8.533252e-03  1.189032e+00  1.285016e+04  3.794001e+05  7.926873e+55  4.480072e+55  2.794199e-06  -4.821128e+103  1.000000e+00  -1.000000e+00  1.000000e+00
3.856620e+03  1.329526e+03  5.387862e+03  4.079736e+02  3.856620e+03  1.398420e+00  7.441200e-02  1.324008e+00  6.032096e+00  3.599948e+00  6.032096e+00  9.467880e-01  3.424137e-01  7.812535e-01  3.856648e-01  8.588191e-03  1.216341e+00  1.499339e+04  3.736080e+05  9.108633e+55  4.409737e+55  2.888847e-06  -4.910706e+103  1.000000e+00  -1.000000e+00  1.000000e+00
3.856620e+03  1.383956e+03  5.387862e+03  4.624025e+02  3.856620e+03  1.386403e+00  8.559800e-02  1.300805e+00  6.001807e+00  3.703361e+00  6.001807e+00  9.382590e-01  3.411843e-01  7.743461e-01  4.088229e-01  8.640894e-03  1.246010e+00  1.752768e+04  3.669852e+05  1.048193e+56  4.329294e+55  2.985925e-06  -5.107862e+103  1.000000e+00  -1.000000e+00  1.000000e+00
3.856620e+03  1.445646e+03  5.387862e+03  5.240930e+02  3.856620e+03  1.372623e+00  9.838600e-02  1.274237e+00  5.965402e+00  3.810771e+00  5.965402e+00  9.283230e-01  3.398547e-01  7.669649e-01  4.336426e-01  8.688735e-03  1.277609e+00  2.050971e+04  3.594670e+05  1.206860e+56  4.238043e+55  3.086862e-06  -5.425465e+103  1.000000e+00  -1.000000e+00  1.000000e+00
3.856620e+03  1.515564e+03  5.387862e+03  5.940138e+02  3.856620e+03  1.356985e+00  1.129270e-01  1.244058e+00  5.921978e+00  3.921721e+00  5.921978e+00  9.167810e-01  3.384463e-01  7.592457e-01  4.600895e-01  8.727450e-03  1.310229e+00  2.400451e+04  3.509929e+05  1.389380e+56  4.135369e+55  3.191367e-06  -5.912661e+103  1.000000e+00  -1.000000e+00  1.000000e+00
3.856620e+03  1.594815e+03  5.387862e+03  6.732629e+02  3.856620e+03  1.339459e+00  1.293690e-01  1.210090e+00  5.870657e+00  4.035906e+00  5.870657e+00  9.034170e-01  3.369957e-01  7.514005e-01  4.881266e-01  8.753192e-03  1.342621e+00  2.807444e+04  3.415241e+05  1.597774e+56  4.020960e+55  3.299410e-06  -6.208106e+103  1.000000e+00  -1.000000e+00  1.000000e+00
3.856620e+03  1.684639e+03  5.387862e+03  7.630849e+02  3.856620e+03  1.320091e+00  1.478530e-01  1.172238e+00  5.810567e+00  4.152748e+00  5.810567e+00  8.879980e-01  3.355576e-01  7.437256e-01  5.176468e-01  8.761668e-03  1.372967e+00  3.278968e+04  3.310384e+05  1.834393e+56  3.894738e+55  3.410398e-06  -7.101131e+103  1.000000e+00  -1.000000e+00  1.000000e+00
3.856620e+03  1.786445e+03  5.387862e+03  8.648903e+02  3.856620e+03  1.299043e+00  1.685100e-01  1.130532e+00  5.740962e+00  4.271792e+00  5.740962e+00  8.702810e-01  3.342107e-01  7.366280e-01  5.485191e-01  8.749826e-03  1.398969e+00  3.821289e+04  3.195445e+05  2.100711e+56  3.757034e+55  3.525379e-06  -8.204065e+103  1.000000e+00  -1.000000e+00  1.000000e+00
3.856620e+03  1.901831e+03  5.387862e+03  9.802778e+02  3.856620e+03  1.276612e+00  1.914540e-01  1.085159e+00  5.661329e+00  4.392493e+00  5.661329e+00  8.500300e-01  3.330599e-01  7.306317e-01  5.805456e-01  8.717022e-03  1.417965e+00  4.441388e+04  3.070873e+05  2.398653e+56  3.608599e+55  3.680751e-06  -9.306281e+103  1.000000e+00  -1.000000e+00  1.000000e+00
3.856620e+03  2.032610e+03  5.387862e+03  1.111060e+03  3.856620e+03  1.253265e+00  2.167720e-01  1.036493e+00  5.571478e+00  4.514357e+00  5.571478e+00  8.270340e-01  3.322417e-01  7.264065e-01  6.134615e-01  8.668482e-03  1.427511e+00  5.156615e+04  2.937506e+05  2.735550e+56  3.450643e+55  3.851207e-06  -9.487423e+103  1.000000e+00  -1.000000e+00  1.000000e+00
3.856620e+03  2.180844e+03  5.387862e+03  1.259289e+03  3.856620e+03  1.229641e+00  2.445270e-01  9.851140e-01  5.471739e+00  4.636881e+00  5.471739e+00  8.011400e-01  3.319210e-01  7.247582e-01  6.468955e-01  8.620274e-03  1.426448e+00  5.963535e+04  2.796629e+05  3.106985e+56  3.284818e+55  4.011758e-06  -1.090098e+104  1.000000e+00  -1.000000e+00  1.000000e+00
3.856620e+03  2.348852e+03  5.387862e+03  1.427295e+03  3.856620e+03  1.206544e+00  2.747450e-01  9.317990e-01  5.363049e+00  4.759563e+00  5.363049e+00  7.722880e-01  3.322868e-01  7.266382e-01  6.803098e-01  8.602794e-03  1.415739e+00  6.866465e+04  2.649904e+05  3.512815e+56  3.113111e+55  4.195361e-06  -1.234459e+104  1.000000e+00  -1.000000e+00  1.000000e+00
3.856620e+03  2.539271e+03  5.387862e+03  1.617714e+03  3.856620e+03  1.184903e+00  3.074160e-01  8.774870e-01  5.247121e+00  4.882237e+00  5.247121e+00  7.405560e-01  3.335366e-01  7.331077e-01  7.128692e-01  8.670378e-03  1.400327e+00  7.867418e+04  2.499329e+05  3.951535e+56  2.937714e+55  4.556251e-06  -1.303064e+104  1.000000e+00  -1.000000e+00  1.000000e+00
3.856620e+03  2.755091e+03  5.387862e+03  1.833538e+03  3.856620e+03  1.165688e+00  3.424970e-01  8.231920e-01  5.126368e+00  5.004818e+00  5.126368e+00  7.061850e-01  3.358570e-01  7.453149e-01  7.427190e-01  8.905834e-03  1.389349e+00  8.987972e+04  2.346999e+05  4.433139e+56  2.760712e+55  5.183200e-06  -1.331330e+104  1.000000e+00  -1.000000e+00  1.000000e+00
3.856620e+03  2.999709e+03  5.387862e+03  2.078156e+03  3.856620e+03  1.149816e+00  3.799890e-01  7.698270e-01  5.131378e+00  5.131378e+00  5.003600e+00  6.695220e-01  3.309604e-01  7.198508e-01  7.199275e-01  9.107729e-03  1.529110e+00  1.021908e+05  2.194922e+05  4.950795e+56  2.583788e+55  7.021731e-06  -1.454618e+104  1.000000e+00  -1.000000e+00  1.000000e+00
3.856620e+03  3.276966e+03  5.387862e+03  2.355409e+03  3.856620e+03  1.138164e+00  4.207560e-01  7.174070e-01  5.282141e+00  5.282141e+00  4.878442e+00  6.303200e-01  3.182558e-01  6.586500e-01  6.587115e-01  7.544916e-03  1.540569e+00  1.158212e+05  2.043709e+05  5.517766e+56  2.407824e+55  6.033510e-05  -1.495292e+104  1.000000e+00  -1.000000e+00  1.000000e+00
3.856620e+03  3.591209e+03  5.387862e+03  2.669651e+03  3.856620e+03  1.131657e+00  4.656090e-01  6.660480e-01  5.460121e+00  5.460121e+00  4.750595e+00  5.885600e-01  3.061218e-01  6.059074e-01  6.059559e-01  6.673878e-03  1.655111e+00  1.306556e+05  1.894347e+05  6.129192e+56  2.234151e+55  6.757207e-05  -1.485457e+104  1.000000e+00  -1.000000e+00  1.000000e+00
3.856620e+03  3.947373e+03  5.387862e+03  3.025817e+03  3.856620e+03  1.131056e+00  5.148760e-01  6.161800e-01  5.662669e+00  5.662669e+00  4.621320e+00  5.447830e-01  2.950154e-01  5.617963e-01  5.618349e-01  6.409733e-03  1.912163e+00  1.471734e+05  1.748094e+05  6.812794e+56  2.064085e+55  4.746329e-07  -1.442633e+104  1.000000e+00  -1.000000e+00  1.000000e+00
3.856620e+03  4.351050e+03  5.387862e+03  3.429500e+03  3.856620e+03  1.136758e+00  5.685450e-01  5.682130e-01  5.884228e+00  5.884228e+00  4.492216e+00  4.998540e-01  2.853383e-01  5.261868e-01  5.262178e-01  6.392458e-03  2.253088e+00  1.645404e+05  1.606095e+05  7.521769e+56  1.898691e+55  1.928245e-06  -1.356136e+104  1.000000e+00  -1.000000e+00  1.000000e+00
3.856620e+03  4.808596e+03  5.387862e+03  3.887040e+03  3.856620e+03  1.148650e+00  6.261840e-01  5.224660e-01  6.116636e+00  6.116636e+00  4.364948e+00  4.548520e-01  2.773682e-01  4.986195e-01  4.986452e-01  6.796699e-03  2.760092e+00  1.837492e+05  1.469275e+05  8.312954e+56  1.738700e+55  2.339428e-06  -1.181671e+104  1.000000e+00  -1.000000e+00  1.000000e+00
3.856620e+03  5.327181e+03  5.387862e+03  4.405622e+03  3.856620e+03  1.166033e+00  6.869410e-01  4.790920e-01  6.349827e+00  6.349827e+00  4.240912e+00  4.108730e-01  2.712256e-01  4.783638e-01  4.783844e-01  7.370504e-03  3.347795e+00  2.036169e+05  1.338259e+05  9.119085e+56  1.584391e+55  2.633502e-06  -1.159796e+104  1.000000e+00  -1.000000e+00  1.000000e+00
3.856620e+03  5.914947e+03  5.387862e+03  4.993389e+03  3.856620e+03  1.187788e+00  7.505920e-01  4.371960e-01  6.573742e+00  6.573742e+00  4.115189e+00  3.680760e-01  2.668751e-01  4.645044e-01  4.645220e-01  8.066206e-03  3.972311e+00  2.242295e+05  1.212418e+05  9.944844e+56  1.435631e+55  2.696527e-06  -1.023027e+104  1.000000e+00  -1.000000e+00  1.000000e+00
3.856620e+03  6.581126e+03  5.387862e+03  5.659571e+03  3.856620e+03  1.212558e+00  8.159580e-01  3.966000e-01  6.779277e+00  6.779277e+00  3.985242e+00  3.270770e-01  2.641804e-01  4.561130e-01  4.561285e-01  8.677503e-03  4.495738e+00  2.455020e+05  1.092068e+05  1.078559e+57  1.293314e+55  2.635856e-06  -8.158764e+103  1.000000e+00  -1.000000e+00  1.000000e+00
3.856620e+03  7.336183e+03  5.387862e+03  6.414631e+03  3.856620e+03  1.238802e+00  8.811500e-01  3.576520e-01  6.959898e+00  6.959898e+00  3.851745e+00  2.887080e-01  2.628939e-01  4.521573e-01  4.521706e-01  9.208498e-03  4.888764e+00  2.670520e+05  9.780593e+04  1.162050e+57  1.158458e+55  2.630761e-06  -7.150206e+103  1.000000e+00  -1.000000e+00  1.000000e+00
3.856620e+03  8.191984e+03  5.387862e+03  7.270426e+03  3.856620e+03  1.264989e+00  9.443360e-01  3.206530e-01  7.112074e+00  7.112074e+00  3.715425e+00  2.534830e-01  2.627073e-01  4.515862e-01  4.515980e-01  9.613686e-03  5.121920e+00  2.875442e+05  8.710670e+04  1.237598e+57  1.031866e+55  2.558801e-06  -6.195820e+103  1.000000e+00  -1.000000e+00  1.000000e+00
3.856620e+03  9.161955e+03  5.387862e+03  8.240395e+03  3.856620e+03  1.289824e+00  1.003981e+00  2.858430e-01  7.235211e+00  7.235211e+00  3.577048e+00  2.216140e-01  2.633061e-01  4.534212e-01  4.534314e-01  9.865797e-03  5.196833e+00  3.076764e+05  7.715729e+04  1.309587e+57  9.141157e+54  2.418421e-06  -4.985077e+103  1.000000e+00  -1.000000e+00  1.000000e+00
3.856620e+03  1.026133e+04  5.387862e+03  9.339770e+03  3.856620e+03  1.312327e+00  1.058926e+00  2.534010e-01  7.330928e+00  7.330928e+00  3.437392e+00  1.930930e-01  2.644021e-01  4.567978e-01  4.568068e-01  9.998303e-03  5.158375e+00  3.262250e+05  6.798679e+04  1.371670e+57  8.055588e+54  2.280814e-06  -4.059793e+103  1.000000e+00  -1.000000e+00  1.000000e+00
3.856620e+03  1.150737e+04  5.387862e+03  1.058582e+04  3.856620e+03  1.331904e+00  1.108461e+00  2.234420e-01  7.402477e+00  7.402477e+00  3.297233e+00  1.677620e-01  2.657525e-01  4.609910e-01  4.609992e-01  1.002596e-02  5.042450e+00  3.436424e+05  5.960590e+04  1.427048e+57  7.063283e+54  2.091193e-06  -3.187056e+103  1.000000e+00  -1.000000e+00  1.000000e+00
3.856620e+03  1.291966e+04  5.387862e+03  1.199810e+04  3.856620e+03  1.348251e+00  1.152233e+00  1.960180e-01  7.453451e+00  7.453451e+00  3.157326e+00  1.453870e-01  2.671746e-01  4.654460e-01  4.654530e-01  9.977388e-03  4.885965e+00  3.593165e+05  5.200874e+04  1.472973e+57  6.163601e+54  1.854346e-06  -2.381950e+103  1.000000e+00  -1.000000e+00  1.000000e+00
3.856620e+03  1.452036e+04  5.387862e+03  1.359880e+04  3.856620e+03  1.361363e+00  1.190239e+00  1.711230e-01  7.487973e+00  7.487973e+00  3.018384e+00  1.257000e-01  2.685290e-01  4.697271e-01  4.697333e-01  9.878086e-03  4.716495e+00  3.739010e+05  4.517506e+04  1.513855e+57  5.354195e+54  1.643789e-06  -1.721398e+103  1.000000e+00  -1.000000e+00  1.000000e+00
3.856620e+03  1.633462e+04  5.387862e+03  1.541306e+04  3.856620e+03  1.371376e+00  1.222672e+00  1.487040e-01  7.509590e+00  7.509590e+00  2.881071e+00  1.084340e-01  2.697255e-01  4.735404e-01  4.735460e-01  9.751236e-03  4.553582e+00  3.862411e+05  3.907273e+04  1.543705e+57  4.631302e+54  1.460239e-06  -1.383028e+103  1.000000e+00  -1.000000e+00  1.000000e+00
3.856620e+03  1.839092e+04  5.387862e+03  1.746936e+04  3.856620e+03  1.378585e+00  1.249922e+00  1.286640e-01  7.521613e+00  7.521613e+00  2.745988e+00  9.333000e-02  2.707100e-01  4.767005e-01  4.767053e-01  9.603524e-03  4.403703e+00  3.970549e+05  3.366063e+04  1.567182e+57  3.990086e+54  1.253733e-06  -1.080842e+103  1.000000e+00  -1.000000e+00  1.000000e+00
3.856620e+03  2.071233e+04  5.387862e+03  1.979078e+04  3.856620e+03  1.383334e+00  1.272396e+00  1.109380e-01  7.526896e+00  7.526896e+00  2.614155e+00  8.019600e-02  2.714518e-01  4.790950e-01  4.790991e-01  9.452975e-03  4.275765e+00  4.057839e+05  2.890779e+04  1.581540e+57  3.426908e+54  1.194218e-06  -8.891058e+102  1.000000e+00  -1.000000e+00  1.000000e+00
5.298317e+03  1.030404e+02  6.999370e+03  1.000000e+00  5.298317e+03  1.430241e+00  2.500000e-05  1.430215e+00  5.994763e+00  6.325060e-01  5.994763e+00  9.999820e-01  3.523861e-01  8.404385e-01  1.548556e-02  7.155524e-03  8.779273e-01  3.758217e+00  4.197128e+05  3.160471e+52  4.859127e+55  3.631794e-08  -7.201833e+101  1.000000e+00  -1.000000e+00  0.000000e+00
5.298317e+03  1.076573e+02  6.999370e+03  1.133400e+00  5.298317e+03  1.430241e+00  3.000000e-05  1.430211e+00  5.994783e+00  6.481920e-01  5.994783e+00  9.999790e-01  3.523849e-01  8.404312e-01  1.626387e-02  7.155495e-03  8.779332e-01  4.434215e+00  4.197084e+05  3.719402e+52  4.859093e+55  -2.222783e-07  -7.137854e+101  -1.000000e+00  -1.000000e+00  0.000000e+00
5.298317e+03  1.131115e+02  6.999370e+03  1.284600e+00  5.298317e+03  1.430242e+00  3.500000e-05  1.430207e+00  5.994800e+00  6.646360e-01  5.994800e+00  9.999760e-01  3.523842e-01  8.404270e-01  1.710028e-02  7.155966e-03  8.780280e-01  5.226071e+00  4.197047e+05  4.366930e+52  4.859067e+55  -8.782916e-08  -7.268964e+101  -1.000000e+00  -1.000000e+00  0.000000e+00
5.298317e+03  1.191072e+02  6.999370e+03  1.456000e+00  5.298317e+03  1.430241e+00  4.100000e-05  1.430200e+00  5.994804e+00  6.819480e-01  5.994804e+00  9.999710e-01  3.523837e-01  8.404241e-01  1.800345e-02  7.156152e-03  8.780284e-01  6.157295e+00  4.197007e+05  5.122803e+52  4.859034e+55  -2.712390e-07  -8.200243e+101  -1.000000e+00  -1.000000e+00  0.000000e+00
5.298317e+03  1.250167e+02  6.999370e+03  1.650300e+00  5.298317e+03  1.430244e+00  4.800000e-05  1.430195e+00  5.994843e+00  7.001080e-01  5.994843e+00  9.999660e-01  3.523821e-01  8.404140e-01  1.897582e-02  7.156278e-03  8.780646e-01  7.252929e+00  4.196963e+05  6.006918e+52  4.859006e+55  -3.111471e-07  -9.109457e+101  -1.000000e+00  -1.000000e+00  0.000000e+00
5.298317e+03  1.316026e+02  6.999370e+03  1.870400e+00  5.298317e+03  1.430242e+00  5.700000e-05  1.430185e+00  5.994851e+00  7.191890e-01  5.994851e+00  9.999600e-01  3.523812e-01  8.404083e-01  2.002501e-02  7.156214e-03  8.780586e-01  8.542875e+00  4.196906e+05  7.042615e+52  4.858956e+55  -7.919486e-07  -1.038066e+102  -1.000000e+00  -1.000000e+00  0.000000e+00
5.298317e+03  1.379494e+02  6.999370e+03  2.120000e+00  5.298317e+03  1.430247e+00  6.700000e-05  1.430180e+00  5.994893e+00  7.392160e-01  5.994893e+00  9.999530e-01  3.523799e-01  8.404003e-01  2.115649e-02  7.156458e-03  8.781172e-01  1.006259e+01  4.196861e+05  8.257416e+52  4.858933e+55  -1.032087e-06  -9.612573e+101  -1.000000e+00  -1.000000e+00  0.000000e+00
5.298317e+03  1.527256e+02  6.999370e+03  2.402800e+00  5.298317e+03  1.430244e+00  7.900000e-05  1.430166e+00  5.994929e+00  7.593130e-01  5.994929e+00  9.999450e-01  3.523772e-01  8.403836e-01  2.232326e-02  7.157003e-03  8.782105e-01  1.178850e+01  4.196773e+05  9.631427e+52  4.858858e+55  -1.304661e-05  -1.611787e+102  -1.000000e+00  -1.000000e+00  0.000000e+00
5.298317e+03  1.576382e+02  6.999370e+03  2.723400e+00  5.298317e+03  1.430251e+00  9.200000e-05  1.430159e+00  5.994965e+00  7.804650e-01  5.994965e+00  9.999360e-01  3.523769e-01  8.403814e-01  2.358530e-02  7.157123e-03  8.782350e-01  1.383907e+01  4.196748e+05  1.125779e+53  4.858856e+55  -1.318068e-05  -2.113176e+102  -1.000000e+00  -1.000000e+00  0.000000e+00
5.298317e+03  1.627167e+02  6.999370e+03  3.086700e+00  5.298317e+03  1.430250e+00  1.080000e-04  1.430142e+00  5.995011e+00  8.030740e-01  5.995011e+00  9.999240e-01  3.523739e-01  8.403628e-01  2.497237e-02  7.158019e-03  8.783864e-01  1.629348e+01  4.196641e+05  1.319797e+53  4.858770e+55  3.021746e-07  -2.437933e+102  1.000000e+00  -1.000000e+00  0.000000e+00
5.298317e+03  1.679681e+02  6.999370e+03  3.498500e+00  5.298317e+03  1.430244e+00  1.280000e-04  1.430117e+00  5.995041e+00  8.271170e-01  5.995041e+00  9.999110e-01  3.523707e-01  8.403425e-01  2.649074e-02  7.158185e-03  8.784382e-01  1.922447e+01  4.196499e+05  1.550755e+53  4.858642e+55  -6.635443e-08  -2.801947e+102  -1.000000e+00  -1.000000e+00  0.000000e+00
5.298317e+03  1.734000e+02  6.999370e+03  3.965200e+00  5.298317e+03  1.430247e+00  1.500000e-04  1.430097e+00  5.995106e+00  8.528040e-01  5.995106e+00  9.998950e-01  3.523675e-01  8.403229e-01  2.816169e-02  7.158460e-03  8.785078e-01  2.272051e+01  4.196399e+05  1.825382e+53  4.858571e+55  -1.122043e-07  -3.221313e+102  -1.000000e+00  -1.000000e+00  0.000000e+00
5.298317e+03  1.790190e+02  6.999370e+03  4.494300e+00  5.298317e+03  1.430229e+00  1.780000e-04  1.430052e+00  5.995131e+00  8.800920e-01  5.995131e+00  9.998760e-01  3.523616e-01  8.402861e-01  2.999210e-02  7.159331e-03  8.786960e-01  2.688862e+01  4.196151e+05  2.151780e+53  4.858330e+55  -8.537567e-07  -3.694447e+102  -1.000000e+00  -1.000000e+00  0.000000e+00
5.298317e+03  1.848335e+02  6.999370e+03  5.093900e+00  5.298317e+03  1.430236e+00  2.100000e-04  1.430026e+00  5.995210e+00  9.090000e-01  5.995210e+00  9.998530e-01  3.523587e-01  8.402678e-01  3.199310e-02  7.159794e-03  8.787891e-01  3.185392e+01  4.196048e+05  2.539396e+53  4.858268e+55  -8.508424e-07  -4.231598e+102  -1.000000e+00  -1.000000e+00  0.000000e+00
5.298317e+03  1.908524e+02  6.999370e+03  5.773400e+00  5.298317e+03  1.430224e+00  2.490000e-04  1.429976e+00  5.995256e+00  9.398640e-01  5.995256e+00  9.998260e-01  3.523530e-01  8.402327e-01  3.419898e-02  7.160595e-03  8.789598e-01  3.776996e+01  4.195809e+05  2.999745e+53  4.858049e+55  5.288068e-07  -4.854256e+102  1.000000e+00  -1.000000e+00  0.000000e+00
5.298317e+03  1.970844e+02  6.999370e+03  6.543700e+00  5.298317e+03  1.430218e+00  2.940000e-04  1.429923e+00  5.995333e+00  9.726060e-01  5.995333e+00  9.997940e-01  3.523469e-01  8.401943e-01  3.661756e-02  7.161624e-03  8.791665e-01  4.481686e+01  4.195576e+05  3.546271e+53  4.857851e+55  5.898547e-07  -5.560073e+102  1.000000e+00  -1.000000e+00  0.000000e+00
5.298317e+03  2.035396e+02  6.999370e+03  7.416700e+00  5.298317e+03  1.430193e+00  3.480000e-04  1.429845e+00  5.995374e+00  1.007211e+00  5.995374e+00  9.997560e-01  3.523385e-01  8.401422e-01  3.926137e-02  7.162769e-03  8.794053e-01  5.320973e+01  4.195222e+05  4.194943e+53  4.857512e+55  8.555174e-07  -6.369306e+102  1.000000e+00  -1.000000e+00  0.000000e+00
5.298317e+03  2.102287e+02  6.999370e+03  8.406200e+00  5.298317e+03  1.430172e+00  4.130000e-04  1.429759e+00  5.995450e+00  1.043780e+00  5.995450e+00  9.997110e-01  3.523288e-01  8.400815e-01  4.215259e-02  7.164033e-03  8.796798e-01  6.320868e+01  4.194862e+05  4.964922e+53  4.857174e+55  8.656099e-07  -7.280456e+102  1.000000e+00  -1.000000e+00  0.000000e+00
5.298317e+03  2.171631e+02  6.999370e+03  9.527700e+00  5.298317e+03  1.430142e+00  4.890000e-04  1.429653e+00  5.995518e+00  1.082579e+00  5.995518e+00  9.996580e-01  3.523174e-01  8.400108e-01  4.532836e-02  7.165392e-03  8.799869e-01  7.511909e+01  4.194417e+05  5.878547e+53  4.856750e+55  9.553065e-07  -8.329649e+102  1.000000e+00  -1.000000e+00  0.000000e+00
5.298317e+03  2.243537e+02  6.999370e+03  1.079880e+01  5.298317e+03  1.430103e+00  5.790000e-04  1.429524e+00  5.995571e+00  1.122617e+00  5.995571e+00  9.995950e-01  3.523046e-01  8.399307e-01  4.872535e-02  7.167324e-03  8.804327e-01  8.931304e+01  4.193879e+05  6.962881e+53  4.856228e+55  1.048705e-06  -9.513532e+102  1.000000e+00  -1.000000e+00  0.000000e+00
5.298317e+03  2.318138e+02  6.999370e+03  1.223950e+01  5.298317e+03  1.430053e+00  6.860000e-04  1.429367e+00  5.995634e+00  1.164457e+00  5.995634e+00  9.995200e-01  3.522886e-01  8.398315e-01  5.240304e-02  7.168847e-03  8.807756e-01  1.062258e+02  4.193262e+05  8.249280e+53  4.855619e+55  1.142498e-06  -1.086380e+103  1.000000e+00  -1.000000e+00  0.000000e+00
5.298317e+03  2.395612e+02  6.999370e+03  1.387240e+01  5.298317e+03  1.429985e+00  8.130000e-04  1.429173e+00  5.995665e+00  1.208734e+00  5.995665e+00  9.994320e-01  3.522702e-01  8.397165e-01  5.643410e-02  7.171182e-03  8.812987e-01  1.263888e+02  4.192490e+05  9.775759e+53  4.854842e+55  1.220483e-06  -1.239566e+103  1.000000e+00  -1.000000e+00  0.000000e+00
5.298317e+03  2.476067e+02  6.999370e+03  1.572320e+01  5.298317e+03  1.429905e+00  9.620000e-04  1.428942e+00  5.995715e+00  1.255490e+00  5.995715e+00  9.993270e-01  3.522474e-01  8.395746e-01  6.084532e-02  7.173758e-03  8.818924e-01  1.504242e+02  4.191610e+05  1.158626e+54  4.853947e+55  1.293249e-06  -1.412434e+103  1.000000e+00  -1.000000e+00  0.000000e+00
5.298317e+03  2.559695e+02  6.999370e+03  1.782080e+01  5.298317e+03  1.429802e+00  1.140000e-03  1.428662e+00  5.995715e+00  1.305042e+00  5.995715e+00  9.992030e-01  3.522222e-01  8.394177e-01  6.569077e-02  7.176399e-03  8.825377e-01  1.790957e+02  4.190556e+05  1.373452e+54  4.852863e+55  1.276653e-06  -1.608850e+103  1.000000e+00  -1.000000e+00  0.000000e+00
5.298317e+03  2.646662e+02  6.999370e+03  2.019840e+01  5.298317e+03  1.429682e+00  1.350000e-03  1.428332e+00  5.995580e+00  1.357269e+00  5.995580e+00  9.990560e-01  3.522004e-01  8.392822e-01  7.098707e-02  7.179688e-03  8.833245e-01  2.132962e+02  4.189212e+05  1.628227e+54  4.851574e+55  1.455796e-06  -1.828460e+103  1.000000e+00  -1.000000e+00  0.000000e+00
5.298317e+03  2.737197e+02  6.999370e+03  2.289310e+01  5.298317e+03  1.429527e+00  1.598000e-03  1.427929e+00  5.995700e+00  1.412341e+00  5.995700e+00  9.988820e-01  3.521552e-01  8.390013e-01  7.677969e-02  7.183790e-03  8.842766e-01  2.541108e+02  4.187887e+05  1.930365e+54  4.850077e+55  1.627574e-06  -2.078152e+103  1.000000e+00  -1.000000e+00  0.000000e+00
5.298317e+03  2.831505e+02  6.999370e+03  2.594730e+01  5.298317e+03  1.429328e+00  1.892000e-03  1.427436e+00  5.995595e+00  1.470416e+00  5.995595e+00  9.986760e-01  3.521124e-01  8.387350e-01  8.311613e-02  7.187726e-03  8.853068e-01  3.028334e+02  4.186110e+05  2.288658e+54  4.848184e+55  1.578786e-06  -2.360563e+103  1.000000e+00  -1.000000e+00  0.000000e+00
5.298317e+03  2.929826e+02  6.999370e+03  2.940900e+01  5.298317e+03  1.429091e+00  2.239000e-03  1.426852e+00  5.995465e+00  1.531349e+00  5.995465e+00  9.984330e-01  3.520617e-01  8.384196e-01  9.001454e-02  7.192718e-03  8.865574e-01  3.610241e+02  4.184065e+05  2.713511e+54  4.845984e+55  1.648326e-06  -2.674257e+103  1.000000e+00  -1.000000e+00  0.000000e+00
5.298317e+03  3.032418e+02  6.999370e+03  3.333260e+01  5.298317e+03  1.428797e+00  2.649000e-03  1.426148e+00  5.995233e+00  1.595733e+00  5.995233e+00  9.981460e-01  3.520027e-01  8.380535e-01  9.757410e-02  7.198731e-03  8.880434e-01  4.305467e+02  4.181620e+05  3.217242e+54  4.843329e+55  1.713283e-06  -3.028031e+103  1.000000e+00  -1.000000e+00  0.000000e+00
5.298317e+03  3.139580e+02  6.999370e+03  3.777960e+01  5.298317e+03  1.428439e+00  3.134000e-03  1.425305e+00  5.994907e+00  1.663202e+00  5.994907e+00  9.978060e-01  3.519336e-01  8.376243e-01  1.057934e-01  7.205030e-03  8.896954e-01  5.136366e+02  4.178740e+05  3.814279e+54  4.840175e+55  1.782408e-06  -3.419616e+103  1.000000e+00  -1.000000e+00  0.000000e+00
5.298317e+03  3.251628e+02  6.999370e+03  4.281980e+01  5.298317e+03  1.428002e+00  3.705000e-03  1.424297e+00  5.994464e+00  1.734093e+00  5.994464e+00  9.974050e-01  3.518521e-01  8.371189e-01  1.147499e-01  7.212404e-03  8.916378e-01  6.129692e+02  4.175352e+05  4.521744e+54  4.836428e+55  1.852452e-06  -3.858433e+103  1.000000e+00  -1.000000e+00  0.000000e+00
5.298317e+03  3.368911e+02  6.999370e+03  4.853260e+01  5.298317e+03  1.427471e+00  4.379000e-03  1.423092e+00  5.993847e+00  1.808429e+00  5.993847e+00  9.969320e-01  3.517574e-01  8.365319e-01  1.244882e-01  7.220757e-03  8.938752e-01  7.318075e+02  4.171351e+05  5.360210e+54  4.831967e+55  1.918551e-06  -4.349047e+103  1.000000e+00  -1.000000e+00  0.000000e+00
5.298317e+03  3.491847e+02  6.999370e+03  5.500740e+01  5.298317e+03  1.426817e+00  5.174000e-03  1.421643e+00  5.993006e+00  1.886431e+00  5.993006e+00  9.963740e-01  3.516456e-01  8.358399e-01  1.350791e-01  7.230307e-03  8.964811e-01  8.740053e+02  4.166581e+05  6.353163e+54  4.826600e+55  1.987107e-06  -4.891289e+103  1.000000e+00  -1.000000e+00  0.000000e+00
5.298317e+03  3.620840e+02  6.999370e+03  6.234610e+01  5.298317e+03  1.426033e+00  6.111000e-03  1.419922e+00  5.991918e+00  1.968202e+00  5.991918e+00  9.957150e-01  3.515161e-01  8.350394e-01  1.465814e-01  7.240751e-03  8.994342e-01  1.044272e+03  4.161008e+05  7.529577e+54  4.820286e+55  2.055637e-06  -5.490326e+103  1.000000e+00  -1.000000e+00  0.000000e+00
5.298317e+03  3.756397e+02  6.999370e+03  7.066390e+01  5.298317e+03  1.425078e+00  7.213000e-03  1.417864e+00  5.990486e+00  2.053871e+00  5.990486e+00  9.949380e-01  3.513647e-01  8.341045e-01  1.590594e-01  7.252408e-03  9.028197e-01  1.248206e+03  4.154401e+05  8.922418e+54  4.812741e+55  2.122994e-06  -6.154336e+103  1.000000e+00  -1.000000e+00  0.000000e+00
5.298317e+03  3.899028e+02  6.999370e+03  8.009140e+01  5.298317e+03  1.423925e+00  8.511000e-03  1.415415e+00  5.988636e+00  2.143543e+00  5.988636e+00  9.940230e-01  3.511890e-01  8.330214e-01  1.725754e-01  7.265666e-03  9.067298e-01  1.492566e+03  4.146623e+05  1.057105e+55  4.803800e+55  2.195341e-06  -6.876049e+103  1.000000e+00  -1.000000e+00  0.000000e+00
5.298317e+03  4.049358e+02  6.999370e+03  9.077660e+01  5.298317e+03  1.422555e+00  1.003600e-02  1.412519e+00  5.986319e+00  2.237361e+00  5.986319e+00  9.929450e-01  3.509867e-01  8.317768e-01  1.871985e-01  7.280326e-03  9.111836e-01  1.785633e+03  4.137560e+05  1.252314e+55  4.793323e+55  2.265597e-06  -7.670112e+103  1.000000e+00  -1.000000e+00  0.000000e+00
5.298317e+03  4.208056e+02  6.999370e+03  1.028874e+02  5.298317e+03  1.420897e+00  1.182800e-02  1.409069e+00  5.983328e+00  2.335442e+00  5.983328e+00  9.916760e-01  3.507529e-01  8.303411e-01  2.029950e-01  7.296258e-03  9.162250e-01  2.137007e+03  4.126842e+05  1.483133e+55  4.780857e+55  2.337265e-06  -8.548745e+103  1.000000e+00  -1.000000e+00  0.000000e+00
5.298317e+03  4.375827e+02  6.999370e+03  1.166139e+02  5.298317e+03  1.418919e+00  1.393100e-02  1.404987e+00  5.979586e+00  2.437938e+00  5.979586e+00  9.901820e-01  3.504839e-01  8.286938e-01  2.200370e-01  7.313691e-03  9.219471e-01  2.558648e+03  4.114310e+05  1.756241e+55  4.766202e+55  2.162784e-06  -8.765929e+103  1.000000e+00  -1.000000e+00  0.000000e+00
5.298317e+03  1.053723e+03  6.999370e+03  1.321717e+02  5.298317e+03  1.417681e+00  1.548800e-02  1.402194e+00  5.977752e+00  2.500890e+00  5.977752e+00  9.890750e-01  3.502857e-01  8.274829e-01  2.306357e-01  7.329624e-03  9.265760e-01  2.868319e+03  4.105034e+05  1.953043e+55  4.755922e+55  1.948641e-06  -6.181434e+103  1.000000e+00  -1.000000e+00  1.000000e+00
5.298317e+03  1.071356e+03  6.999370e+03  1.498051e+02  5.298317e+03  1.416406e+00  1.717000e-02  1.399236e+00  5.976136e+00  2.554915e+00  5.976136e+00  9.878780e-01  3.500652e-01  8.261386e-01  2.399767e-01  7.348834e-03  9.319353e-01  3.195456e+03  4.095015e+05  2.156457e+55  4.744952e+55  1.933532e-06  -6.569958e+103  1.000000e+00  -1.000000e+00  1.000000e+00
5.298317e+03  1.091342e+03  6.999370e+03  1.697911e+02  5.298317e+03  1.414743e+00  1.924700e-02  1.395496e+00  5.973811e+00  2.613281e+00  5.973811e+00  9.863950e-01  3.497902e-01  8.244665e-01  2.503579e-01  7.371540e-03  9.384830e-01  3.601591e+03  4.082586e+05  2.405319e+55  4.731137e+55  2.023379e-06  -7.037496e+103  1.000000e+00  -1.000000e+00  1.000000e+00
5.298317e+03  1.113993e+03  6.999370e+03  1.924434e+02  5.298317e+03  1.412644e+00  2.176400e-02  1.390880e+00  5.970638e+00  2.676244e+00  5.970638e+00  9.845940e-01  3.494570e-01  8.224462e-01  2.618530e-01  7.398418e-03  9.464081e-01  4.093984e+03  4.067509e+05  2.702927e+55  4.714185e+55  2.104640e-06  -7.447204e+103  1.000000e+00  -1.000000e+00  1.000000e+00
5.298317e+03  1.139669e+03  6.999370e+03  2.181178e+02  5.298317e+03  1.410027e+00  2.477800e-02  1.385249e+00  5.966379e+00  2.743842e+00  5.966379e+00  9.824270e-01  3.490586e-01  8.200397e-01  2.745128e-01  7.428959e-03  9.557518e-01  4.691158e+03  4.049365e+05  3.058790e+55  4.693573e+55  2.184417e-06  -7.814456e+103  1.000000e+00  -1.000000e+00  1.000000e+00
5.298317e+03  1.168770e+03  6.999370e+03  2.472176e+02  5.298317e+03  1.406812e+00  2.836000e-02  1.378452e+00  5.960821e+00  2.816320e+00  5.960821e+00  9.798410e-01  3.485873e-01  8.172047e-01  2.884239e-01  7.463346e-03  9.666829e-01  5.406156e+03  4.027765e+05  3.479201e+55  4.668811e+55  2.268480e-06  -8.132597e+103  1.000000e+00  -1.000000e+00  1.000000e+00
5.298317e+03  1.201752e+03  6.999370e+03  2.801996e+02  5.298317e+03  1.402899e+00  3.259000e-02  1.370309e+00  5.953678e+00  2.893569e+00  5.953678e+00  9.767700e-01  3.480348e-01  8.138985e-01  3.036203e-01  7.501559e-03  9.793677e-01  6.273081e+03  4.002222e+05  3.981107e+55  4.639298e+55  2.354103e-06  -8.442445e+103  1.000000e+00  -1.000000e+00  1.000000e+00
5.298317e+03  1.239133e+03  6.999370e+03  3.175819e+02  5.298317e+03  1.398169e+00  3.755700e-02  1.360613e+00  5.944555e+00  2.975626e+00  5.944555e+00  9.731390e-01  3.473938e-01  8.100846e-01  3.201582e-01  7.543910e-03  9.940234e-01  7.307023e+03  3.972137e+05  4.570740e+55  4.604300e+55  2.429035e-06  -8.737707e+103  1.000000e+00  -1.000000e+00  1.000000e+00
5.298317e+03  1.281502e+03  6.999370e+03  3.599514e+02  5.298317e+03  1.392492e+00  4.336100e-02  1.349132e+00  5.933041e+00  3.062447e+00  5.933041e+00  9.688610e-01  3.466547e-01  8.057174e-01  3.380781e-01  7.589689e-03  1.010761e+00  8.531718e+03  3.936890e+05  5.258201e+55  4.563051e+55  2.509630e-06  -8.991427e+103  1.000000e+00  -1.000000e+00  1.000000e+00
5.298317e+03  1.329526e+03  6.999370e+03  4.079736e+02  5.298317e+03  1.385735e+00  5.011200e-02  1.335624e+00  5.918659e+00  3.153940e+00  5.918659e+00  9.638380e-01  3.458108e-01  8.007689e-01  3.574097e-01  7.637978e-03  1.029661e+00  9.994037e+03  3.895843e+05  6.065585e+55  4.514773e+55  2.600134e-06  -9.211473e+103  1.000000e+00  -1.000000e+00  1.000000e+00
5.298317e+03  1.383956e+03  6.999370e+03  4.624025e+02  5.298317e+03  1.377758e+00  5.792800e-02  1.319830e+00  5.900877e+00  3.249866e+00  5.900877e+00  9.579550e-01  3.448561e-01  7.952201e-01  3.781526e-01  7.688496e-03  1.050893e+00  1.173341e+04  3.848335e+05  7.009601e+55  4.458669e+55  2.691071e-06  -9.425518e+103  1.000000e+00  -1.000000e+00  1.000000e+00
5.298317e+03  1.445646e+03  6.999370e+03  5.240930e+02  5.298317e+03  1.368394e+00  6.693700e-02  1.301457e+00  5.878976e+00  3.350122e+00  5.878976e+00  9.510830e-01  3.437884e-01  7.890743e-01  4.003182e-01  7.739199e-03  1.074353e+00  1.379322e+04  3.793549e+05  8.107439e+55  4.393775e+55  2.784064e-06  -9.668538e+103  1.000000e+00  -1.000000e+00  1.000000e+00
5.298317e+03  1.515564e+03  6.999370e+03  5.940138e+02  5.298317e+03  1.357508e+00  7.727400e-02  1.280234e+00  5.852289e+00  3.454389e+00  5.852289e+00  9.430770e-01  3.426086e-01  7.823559e-01  4.238734e-01  7.788358e-03  1.099927e+00  1.622513e+04  3.730827e+05  9.380113e+55  4.319330e+55  2.879434e-06  -9.895560e+103  1.000000e+00  -1.000000e+00  1.000000e+00
5.298317e+03  1.594815e+03  6.999370e+03  6.732629e+02  5.298317e+03  1.344950e+00  8.907800e-02  1.255872e+00  5.819961e+00  3.562389e+00  5.819961e+00  9.337690e-01  3.413246e-01  7.751299e-01  4.487767e-01  7.832930e-03  1.127187e+00  1.908024e+04  3.659403e+05  1.084554e+56  4.234470e+55  2.975989e-06  -1.015889e+104  1.000000e+00  -1.000000e+00  1.000000e+00
5.298317e+03  1.684639e+03  6.999370e+03  7.630849e+02  5.298317e+03  1.330623e+00  1.024930e-01  1.228130e+00  5.781193e+00  3.673825e+00  5.781193e+00  9.229740e-01  3.399533e-01  7.675090e-01  4.749655e-01  7.870259e-03  1.155584e+00  2.241622e+04  3.578725e+05  1.252382e+56  4.138624e+55  3.074076e-06  -1.046882e+104  1.000000e+00  -1.000000e+00  1.000000e+00
5.298317e+03  1.786445e+03  6.999370e+03  8.648903e+02  5.298317e+03  1.314447e+00  1.176620e-01  1.196785e+00  5.735011e+00  3.788314e+00  5.735011e+00  9.104850e-01  3.385248e-01  7.596737e-01  5.023432e-01  7.894951e-03  1.183882e+00  2.629257e+04  3.488197e+05  1.443355e+56  4.031209e+55  3.172646e-06  -1.083960e+104  1.000000e+00  -1.000000e+00  1.000000e+00
5.298317e+03  1.901831e+03  6.999370e+03  9.802778e+02  5.298317e+03  1.296428e+00  1.347270e-01  1.161700e+00  5.680565e+00  3.905452e+00  5.680565e+00  8.960780e-01  3.370843e-01  7.518764e-01  5.307836e-01  7.903220e-03  1.210656e+00  3.077015e+04  3.387533e+05  1.659225e+56  3.912042e+55  3.295754e-06  -1.103524e+104  1.000000e+00  -1.000000e+00  1.000000e+00
5.298317e+03  2.032610e+03  6.999370e+03  1.111060e+03  5.298317e+03  1.276663e+00  1.538210e-01  1.122842e+00  5.617045e+00  4.024841e+00  5.617045e+00  8.795140e-01  3.356989e-01  7.444750e-01  5.601294e-01  7.890812e-03  1.233906e+00  3.599239e+04  3.276674e+05  1.906186e+56  3.781252e+55  3.425398e-06  -1.125366e+104  1.000000e+00  -1.000000e+00  1.000000e+00
5.298317e+03  2.180844e+03  6.999370e+03  1.259289e+03  5.298317e+03  1.255360e+00  1.750620e-01  1.080298e+00  5.543767e+00  4.146029e+00  5.543767e+00  8.605490e-01  3.344604e-01  7.379373e-01  5.901758e-01  7.855064e-03  1.251223e+00  4.195955e+04  3.155828e+05  2.182074e+56  3.639302e+55  3.536539e-06  -1.176425e+104  1.000000e+00  -1.000000e+00  1.000000e+00
5.298317e+03  2.348852e+03  6.999370e+03  1.427295e+03  5.298317e+03  1.232883e+00  1.985520e-01  1.034331e+00  5.460349e+00  4.268580e+00  5.460349e+00  8.389530e-01  3.334903e-01  7.328668e-01  6.206689e-01  7.797442e-03  1.260218e+00  4.872296e+04  3.025620e+05  2.487460e+56  3.487145e+55  3.687565e-06  -1.197297e+104  1.000000e+00  -1.000000e+00  1.000000e+00
5.298317e+03  2.539271e+03  6.999370e+03  1.617714e+03  5.298317e+03  1.209769e+00  2.243720e-01  9.853970e-01  5.366862e+00  4.392236e+00  5.366862e+00  8.145340e-01  3.329381e-01  7.300010e-01  6.513011e-01  7.726762e-03  1.259182e+00  5.645972e+04  2.887119e+05  2.830018e+56  3.326217e+55  3.850684e-06  -1.182205e+104  1.000000e+00  -1.000000e+00  1.000000e+00
5.298317e+03  2.755091e+03  6.999370e+03  1.833538e+03  5.298317e+03  1.186714e+00  2.525680e-01  9.341460e-01  5.263891e+00  4.516546e+00  5.263891e+00  7.871700e-01  3.329820e-01  7.302280e-01  6.816387e-01  7.663734e-03  1.248090e+00  6.511041e+04  2.741765e+05  3.203937e+56  3.158303e+55  4.061902e-06  -1.184958e+104  1.000000e+00  -1.000000e+00  1.000000e+00
5.298317e+03  2.999709e+03  6.999370e+03  2.078156e+03  5.298317e+03  1.164563e+00  2.831580e-01  8.814050e-01  5.152762e+00  4.641254e+00  5.152762e+00  7.568550e-01  3.338140e-01  7.345537e-01  7.110755e-01  7.648578e-03  1.230175e+00  7.486247e+04  2.591395e+05  3.617533e+56  2.985510e+55  4.223117e-06  -1.191253e+104  1.000000e+00  -1.000000e+00  1.000000e+00
5.298317e+03  3.276966e+03  6.999370e+03  2.355409e+03  5.298317e+03  1.144244e+00  3.161220e-01  8.281210e-01  5.035512e+00  4.766388e+00  5.035512e+00  7.237280e-01  3.356268e-01  7.440922e-01  7.385784e-01  7.747840e-03  1.212849e+00  8.541911e+04  2.438040e+05  4.051865e+56  2.809984e+55  4.675071e-06  -1.205256e+104  1.000000e+00  -1.000000e+00  1.000000e+00
5.298317e+03  3.591209e+03  6.999370e+03  2.669651e+03  5.298317e+03  1.126681e+00  3.514140e-01  7.752670e-01  4.914895e+00  4.892082e+00  4.914895e+00  6.880980e-01  3.385854e-01  7.600039e-01  7.608791e-01  8.062184e-03  1.207870e+00  9.732346e+04  2.283779e+05  4.536010e+56  2.633680e+55  5.415694e-06  -1.144410e+104  1.000000e+00  -1.000000e+00  1.000000e+00
5.298317e+03  3.947373e+03  6.999370e+03  3.025817e+03  5.298317e+03  1.112723e+00  3.892820e-01  7.234400e-01  5.030292e+00  5.030292e+00  4.792932e+00  6.501530e-01  3.267197e-01  6.986755e-01  6.987654e-01  7.575195e-03  1.356529e+00  1.102379e+05  2.130203e+05  5.050604e+56  2.457912e+55  7.112680e-06  -1.192231e+104  1.000000e+00  -1.000000e+00  1.000000e+00
5.298317e+03  4.351050e+03  6.999370e+03  3.429500e+03  5.298317e+03  1.103242e+00  4.307480e-01  6.724940e-01  5.196467e+00  5.196467e+00  4.668325e+00  6.095620e-01  3.135771e-01  6.377038e-01  6.377735e-01  6.325587e-03  1.390913e+00  1.242642e+05  1.977798e+05  5.603952e+56  2.283650e+55  -1.959019e-05  -1.144293e+104  -1.000000e+00  -1.000000e+00  1.000000e+00
5.298317e+03  4.808596e+03  6.999370e+03  3.887040e+03  5.298317e+03  1.099102e+00  4.763520e-01  6.227500e-01  5.389712e+00  5.389712e+00  4.541716e+00  5.665990e-01  3.011993e-01  5.859008e-01  5.859560e-01  5.808352e-03  1.562041e+00  1.396262e+05  1.827817e+05  6.210511e+56  2.112288e+55  -9.669890e-06  -1.072230e+104  -1.000000e+00  -1.000000e+00  1.000000e+00
5.298317e+03  5.327181e+03  6.999370e+03  4.405622e+03  5.298317e+03  1.100930e+00  5.263040e-01  5.746260e-01  5.606458e+00  5.606458e+00  4.414523e+00  5.219460e-01  2.900365e-01  5.431677e-01  5.432114e-01  5.776930e-03  1.876474e+00  1.564924e+05  1.681506e+05  6.881042e+56  1.945059e+55  1.245374e-06  -9.456694e+103  1.000000e+00  -1.000000e+00  1.000000e+00
5.298317e+03  5.914947e+03  6.999370e+03  4.993389e+03  5.298317e+03  1.108950e+00  5.804630e-01  5.284860e-01  5.840118e+00  5.840118e+00  4.288361e+00  4.765650e-01  2.804606e-01  5.091375e-01  5.091722e-01  6.132495e-03  2.356060e+00  1.746412e+05  1.539942e+05  7.604721e+56  1.782908e+55  2.247718e-06  -8.518107e+103  1.000000e+00  -1.000000e+00  1.000000e+00
5.298317e+03  6.581126e+03  6.999370e+03  5.659571e+03  5.298317e+03  1.122871e+00  6.382810e-01  4.845900e-01  6.081727e+00  6.081727e+00  4.164823e+00  4.315640e-01  2.726996e-01  4.831494e-01  4.831772e-01  6.679423e-03  2.952747e+00  1.936514e+05  1.403973e+05  8.358472e+56  1.626415e+55  2.636941e-06  -7.622782e+103  1.000000e+00  -1.000000e+00  1.000000e+00
5.298317e+03  7.336183e+03  6.999370e+03  6.414631e+03  5.298317e+03  1.141869e+00  6.992880e-01  4.425810e-01  6.320945e+00  6.320945e+00  4.042227e+00  3.875940e-01  2.668185e-01  4.643267e-01  4.643498e-01  7.365628e-03  3.631129e+00  2.136666e+05  1.273638e+05  9.151550e+56  1.475603e+55  2.800491e-06  -6.729893e+103  1.000000e+00  -1.000000e+00  1.000000e+00
5.298317e+03  8.191984e+03  6.999370e+03  7.270426e+03  5.298317e+03  1.164822e+00  7.629800e-01  4.018420e-01  6.547757e+00  6.547757e+00  3.915589e+00  3.449810e-01  2.627536e-01  4.517276e-01  4.517477e-01  8.098385e-03  4.310860e+00  2.340963e+05  1.148743e+05  9.950694e+56  1.331030e+55  2.808139e-06  -5.400165e+103  1.000000e+00  -1.000000e+00  1.000000e+00
5.298317e+03  9.161955e+03  6.999370e+03  8.240395e+03  5.298317e+03  1.190317e+00  8.276130e-01  3.627050e-01  6.753763e+00  6.753763e+00  3.785415e+00  3.047130e-01  2.603146e-01  4.443227e-01  4.443399e-01  8.760864e-03  4.886095e+00  2.553596e+05  1.030176e+05  1.078042e+57  1.193753e+55  2.785412e-06  -4.409164e+103  1.000000e+00  -1.000000e+00  1.000000e+00
5.298317e+03  1.026133e+04  6.999370e+03  9.339770e+03  5.298317e+03  1.216806e+00  8.913320e-01  3.254740e-01  6.933318e+00  6.933318e+00  3.652409e+00  2.674820e-01  2.592161e-01  4.410243e-01  4.410394e-01  9.311092e-03  5.303956e+00  2.757744e+05  9.186695e+04  1.154698e+57  1.064627e+55  2.770022e-06  -3.632032e+103  1.000000e+00  -1.000000e+00  1.000000e+00
5.298317e+03  1.150737e+04  6.999370e+03  1.058582e+04  5.298317e+03  1.242856e+00  9.524570e-01  2.903990e-01  7.084017e+00  7.084017e+00  3.517307e+00  2.336540e-01  2.591331e-01  4.407759e-01  4.407898e-01  9.693655e-03  5.530729e+00  2.958990e+05  8.147624e+04  1.228543e+57  9.442797e+54  2.691470e-06  -2.917116e+103  1.000000e+00  -1.000000e+00  1.000000e+00
5.298317e+03  1.291966e+04  6.999370e+03  1.199810e+04  5.298317e+03  1.267302e+00  1.009637e+00  2.576650e-01  7.206110e+00  7.206110e+00  3.380868e+00  2.033180e-01  2.597532e-01  4.426341e-01  4.426457e-01  9.940762e-03  5.604333e+00  3.145307e+05  7.187965e+04  1.293151e+57  8.331137e+54  2.546601e-06  -2.250669e+103  1.000000e+00  -1.000000e+00  1.000000e+00
5.298317e+03  1.452036e+04  6.999370e+03  1.359880e+04  5.298317e+03  1.289345e+00  1.061950e+00  2.273950e-01  7.301963e+00  7.301963e+00  3.243846e+00  1.763650e-01  2.608021e-01  4.457938e-01  4.458039e-01  1.005934e-02  5.558020e+00  3.325650e+05  6.309231e+04  1.354247e+57  7.313083e+54  2.337758e-06  -1.644642e+103  1.000000e+00  -1.000000e+00  1.000000e+00
5.298317e+03  1.633462e+04  6.999370e+03  1.541306e+04  5.298317e+03  1.308510e+00  1.108861e+00  1.996490e-01  7.374841e+00  7.374841e+00  3.106978e+00  1.525780e-01  2.620633e-01  4.496203e-01  4.496291e-01  1.007870e-02  5.436022e+00  3.488920e+05  5.511187e+04  1.406090e+57  6.388403e+54  2.227168e-06  -1.272747e+103  1.000000e+00  -1.000000e+00  1.000000e+00
5.298317e+03  1.839092e+04  6.999370e+03  1.746936e+04  5.298317e+03  1.324651e+00  1.150220e+00  1.744300e-01  7.428808e+00  7.428808e+00  2.970966e+00  1.316800e-01  2.633685e-01  4.536128e-01  4.536207e-01  1.002445e-02  5.274057e+00  3.635364e+05  4.792070e+04  1.449483e+57  5.555087e+54  2.081713e-06  -9.550531e+102  1.000000e+00  -1.000000e+00  1.000000e+00
5.298317e+03  2.071233e+04  6.999370e+03  1.979078e+04  5.298317e+03  1.337755e+00  1.185984e+00  1.517710e-01  7.467321e+00  7.467321e+00  2.836958e+00  1.134520e-01  2.646021e-01  4.574167e-01  4.574237e-01  9.918000e-03  5.097604e+00  3.764711e+05  4.151095e+04  1.484960e+57  4.812256e+54  2.008320e-06  -7.069885e+102  1.000000e+00  -1.000000e+00  1.000000e+00
7.278954e+03  1.030404e+02  9.206785e+03  1.000000e+00  7.278954e+03  1.382872e+00  1.600000e-05  1.382856e+00  5.816844e+00  5.434030e-01  5.816844e+00  9.999880e-01  3.511366e-01  8.326987e-01  1.500253e-02  6.638537e-03  8.290937e-01  2.383793e+00  4.172322e+05  2.004655e+52  4.709768e+55  5.181736e-07  -5.022780e+101  1.000000e+00  -1.000000e+00  0.000000e+00
7.278954e+03  1.076573e+02  9.206785e+03  1.133400e+00  7.278954e+03  1.382870e+00  1.900000e-05  1.382851e+00  5.816846e+00  5.569360e-01  5.816846e+00  9.999860e-01  3.511360e-01  8.326949e-01  1.575737e-02  6.638761e-03  8.291233e-01  2.812787e+00  4.172276e+05  2.359358e+52  4.709729e+55  -3.279798e-06  -4.977700e+101  -1.000000e+00  -1.000000e+00  0.000000e+00
7.278954e+03  1.131115e+02  9.206785e+03  1.284600e+00  7.278954e+03  1.382873e+00  2.200000e-05  1.382851e+00  5.816873e+00  5.710820e-01  5.816873e+00  9.999840e-01  3.511353e-01  8.326904e-01  1.656602e-02  6.638872e-03  8.291448e-01  3.315370e+00  4.172262e+05  2.770338e+52  4.709730e+55  1.969505e-04  -5.067839e+101  1.000000e+00  -1.000000e+00  0.000000e+00
7.278954e+03  1.191072e+02  9.206785e+03  1.456000e+00  7.278954e+03  1.382878e+00  2.600000e-05  1.382852e+00  5.816894e+00  5.859580e-01  5.816894e+00  9.999810e-01  3.511353e-01  8.326903e-01  1.743801e-02  6.638918e-03  8.291488e-01  3.906474e+00  4.172265e+05  3.250139e+52  4.709747e+55  1.603470e-05  -5.718441e+101  1.000000e+00  -1.000000e+00  0.000000e+00
7.278954e+03  1.250167e+02  9.206785e+03  1.650300e+00  7.278954e+03  1.382882e+00  3.100000e-05  1.382851e+00  5.816913e+00  6.016120e-01  5.816913e+00  9.999780e-01  3.511350e-01  8.326887e-01  1.837947e-02  6.638551e-03  8.291041e-01  4.602001e+00  4.172242e+05  3.811393e+52  4.709741e+55  -1.722404e-06  -6.357578e+101  -1.000000e+00  -1.000000e+00  0.000000e+00
7.278954e+03  1.316026e+02  9.206785e+03  1.870400e+00  7.278954e+03  1.382879e+00  3.600000e-05  1.382842e+00  5.816921e+00  6.180290e-01  5.816921e+00  9.999740e-01  3.511337e-01  8.326808e-01  1.939303e-02  6.639100e-03  8.291785e-01  5.421018e+00  4.172170e+05  4.468987e+52  4.709680e+55  -4.839889e-07  -7.248061e+101  -1.000000e+00  -1.000000e+00  0.000000e+00
7.278954e+03  1.379494e+02  9.206785e+03  2.120000e+00  7.278954e+03  1.382880e+00  4.300000e-05  1.382837e+00  5.816930e+00  6.352740e-01  5.816930e+00  9.999690e-01  3.511335e-01  8.326794e-01  2.048666e-02  6.639373e-03  8.292246e-01  6.385969e+00  4.172145e+05  5.240331e+52  4.709665e+55  -7.149951e-06  -6.713880e+101  -1.000000e+00  -1.000000e+00  0.000000e+00
7.278954e+03  1.527256e+02  9.206785e+03  2.402800e+00  7.278954e+03  1.382888e+00  5.000000e-05  1.382838e+00  5.816980e+00  6.524580e-01  5.816980e+00  9.999640e-01  3.511326e-01  8.326737e-01  2.160614e-02  6.639149e-03  8.292066e-01  7.482405e+00  4.172126e+05  6.113226e+52  4.709677e+55  -8.182786e-06  -1.127033e+102  -1.000000e+00  -1.000000e+00  0.000000e+00
7.278954e+03  1.576382e+02  9.206785e+03  2.723400e+00  7.278954e+03  1.382892e+00  5.800000e-05  1.382834e+00  5.817003e+00  6.707520e-01  5.817003e+00  9.999580e-01  3.511323e-01  8.326719e-01  2.283003e-02  6.639359e-03  8.292363e-01  8.785084e+00  4.172092e+05  7.146424e+52  4.709665e+55  -4.981250e-06  -1.477340e+102  -1.000000e+00  -1.000000e+00  0.000000e+00
7.278954e+03  1.627167e+02  9.206785e+03  3.086700e+00  7.278954e+03  1.382900e+00  6.900000e-05  1.382832e+00  5.817050e+00  6.901060e-01  5.817050e+00  9.999500e-01  3.511314e-01  8.326665e-01  2.416123e-02  6.639591e-03  8.292824e-01  1.034449e+01  4.172064e+05  8.379129e+52  4.709669e+55  -5.521486e-06  -1.702940e+102  -1.000000e+00  -1.000000e+00  0.000000e+00
7.278954e+03  1.679681e+02  9.206785e+03  3.498500e+00  7.278954e+03  1.382900e+00  8.100000e-05  1.382819e+00  5.817076e+00  7.109660e-01  5.817076e+00  9.999410e-01  3.511298e-01  8.326567e-01  2.563703e-02  6.640055e-03  8.293793e-01  1.220704e+01  4.171986e+05  9.846799e+52  4.709611e+55  -5.286591e-07  -1.959294e+102  -1.000000e+00  -1.000000e+00  0.000000e+00
7.278954e+03  1.734000e+02  9.206785e+03  3.965200e+00  7.278954e+03  1.382905e+00  9.600000e-05  1.382809e+00  5.817122e+00  7.330770e-01  5.817122e+00  9.999310e-01  3.511283e-01  8.326472e-01  2.724813e-02  6.640275e-03  8.294070e-01  1.442882e+01  4.171914e+05  1.159210e+53  4.709575e+55  -1.462649e-06  -2.250277e+102  -1.000000e+00  -1.000000e+00  0.000000e+00
7.278954e+03  1.790190e+02  9.206785e+03  4.494300e+00  7.278954e+03  1.382911e+00  1.130000e-04  1.382798e+00  5.817184e+00  7.565030e-01  5.817184e+00  9.999180e-01  3.511261e-01  8.326342e-01  2.900733e-02  6.640760e-03  8.294952e-01  1.707758e+01  4.171853e+05  1.366632e+53  4.709549e+55  -1.292540e-06  -2.584093e+102  -1.000000e+00  -1.000000e+00  0.000000e+00
7.278954e+03  1.848335e+02  9.206785e+03  5.093900e+00  7.278954e+03  1.382904e+00  1.340000e-04  1.382771e+00  5.817199e+00  7.815490e-01  5.817199e+00  9.999030e-01  3.511234e-01  8.326176e-01  3.094686e-02  6.641045e-03  8.295542e-01  2.023412e+01  4.171693e+05  1.613049e+53  4.709415e+55  6.536923e-08  -2.968051e+102  1.000000e+00  -1.000000e+00  0.000000e+00
7.278954e+03  1.908524e+02  9.206785e+03  5.773400e+00  7.278954e+03  1.382906e+00  1.580000e-04  1.382748e+00  5.817261e+00  8.080530e-01  5.817261e+00  9.998860e-01  3.511202e-01  8.325977e-01  3.306550e-02  6.641378e-03  8.296340e-01  2.399539e+01  4.171572e+05  1.905731e+53  4.709336e+55  -7.234103e-07  -3.399378e+102  -1.000000e+00  -1.000000e+00  0.000000e+00
7.278954e+03  1.970844e+02  9.206785e+03  6.543700e+00  7.278954e+03  1.382914e+00  1.870000e-04  1.382727e+00  5.817346e+00  8.362050e-01  5.817346e+00  9.998650e-01  3.511170e-01  8.325778e-01  3.538970e-02  6.641932e-03  8.297419e-01  2.847551e+01  4.171461e+05  2.253188e+53  4.709278e+55  -6.747027e-07  -3.896766e+102  -1.000000e+00  -1.000000e+00  0.000000e+00
7.278954e+03  2.035396e+02  9.206785e+03  7.416700e+00  7.278954e+03  1.382913e+00  2.220000e-04  1.382691e+00  5.817404e+00  8.660560e-01  5.817404e+00  9.998400e-01  3.511132e-01  8.325547e-01  3.793666e-02  6.642643e-03  8.298707e-01  3.381424e+01  4.171289e+05  2.665818e+53  4.709153e+55  9.657683e-08  -4.463468e+102  1.000000e+00  -1.000000e+00  0.000000e+00
7.278954e+03  2.102287e+02  9.206785e+03  8.406200e+00  7.278954e+03  1.382911e+00  2.620000e-04  1.382649e+00  5.817488e+00  8.975760e-01  5.817488e+00  9.998100e-01  3.511077e-01  8.325208e-01  4.071787e-02  6.643529e-03  8.300478e-01  4.017418e+01  4.171080e+05  3.155574e+53  4.709000e+55  2.893102e-07  -5.114701e+102  1.000000e+00  -1.000000e+00  0.000000e+00
7.278954e+03  2.171631e+02  9.206785e+03  9.527700e+00  7.278954e+03  1.382898e+00  3.110000e-04  1.382587e+00  5.817540e+00  9.310070e-01  5.817540e+00  9.997750e-01  3.511014e-01  8.324817e-01  4.376958e-02  6.644293e-03  8.302302e-01  4.775263e+01  4.170780e+05  3.736908e+53  4.708750e+55  4.042629e-07  -5.850418e+102  1.000000e+00  -1.000000e+00  0.000000e+00
7.278954e+03  2.243537e+02  9.206785e+03  1.079880e+01  7.278954e+03  1.382893e+00  3.680000e-04  1.382525e+00  5.817635e+00  9.655840e-01  5.817635e+00  9.997340e-01  3.510944e-01  8.324386e-01  4.703766e-02  6.645217e-03  8.304183e-01  5.678519e+01  4.170503e+05  4.426950e+53  4.708540e+55  4.030745e-07  -6.689077e+102  1.000000e+00  -1.000000e+00  0.000000e+00
7.278954e+03  2.318138e+02  9.206785e+03  1.223950e+01  7.278954e+03  1.382879e+00  4.370000e-04  1.382443e+00  5.817704e+00  1.001598e+00  5.817704e+00  9.996840e-01  3.510867e-01  8.323912e-01  5.056090e-02  6.646522e-03  8.306854e-01  6.755160e+01  4.170156e+05  5.245863e+53  4.708253e+55  6.261451e-07  -7.646986e+102  1.000000e+00  -1.000000e+00  0.000000e+00
7.278954e+03  2.395612e+02  9.206785e+03  1.387240e+01  7.278954e+03  1.382856e+00  5.170000e-04  1.382339e+00  5.817800e+00  1.039781e+00  5.817800e+00  9.996260e-01  3.510749e-01  8.323191e-01  5.442582e-02  6.647830e-03  8.309773e-01  8.038892e+01  4.169690e+05  6.217754e+53  4.707855e+55  7.237898e-07  -8.730196e+102  1.000000e+00  -1.000000e+00  0.000000e+00
7.278954e+03  2.476067e+02  9.206785e+03  1.572320e+01  7.278954e+03  1.382829e+00  6.130000e-04  1.382216e+00  5.817896e+00  1.080189e+00  5.817896e+00  9.995570e-01  3.510623e-01  8.322411e-01  5.865968e-02  6.649188e-03  8.312942e-01  9.569795e+01  4.169180e+05  7.370946e+53  4.707414e+55  8.120861e-07  -9.961404e+102  1.000000e+00  -1.000000e+00  0.000000e+00
7.278954e+03  2.559695e+02  9.206785e+03  1.782080e+01  7.278954e+03  1.382790e+00  7.260000e-04  1.382064e+00  5.817977e+00  1.122910e+00  5.817977e+00  9.994750e-01  3.510475e-01  8.321503e-01  6.329444e-02  6.651151e-03  8.317223e-01  1.139637e+02  4.168553e+05  8.739561e+53  4.706857e+55  9.183883e-07  -1.136063e+103  1.000000e+00  -1.000000e+00  0.000000e+00
7.278954e+03  2.646662e+02  9.206785e+03  2.019840e+01  7.278954e+03  1.382740e+00  8.600000e-04  1.381880e+00  5.818065e+00  1.168016e+00  5.818065e+00  9.993780e-01  3.510295e-01  8.320396e-01  6.836252e-02  6.653142e-03  8.321789e-01  1.357608e+02  4.167818e+05  1.036336e+54  4.706191e+55  1.010112e-06  -1.294040e+103  1.000000e+00  -1.000000e+00  0.000000e+00
7.278954e+03  2.737197e+02  9.206785e+03  2.289310e+01  7.278954e+03  1.382674e+00  1.019000e-03  1.381655e+00  5.818142e+00  1.215590e+00  5.818142e+00  9.992630e-01  3.510080e-01  8.319073e-01  7.389912e-02  6.655543e-03  8.327339e-01  1.617828e+02  4.166932e+05  1.228974e+54  4.705371e+55  1.095675e-06  -1.472876e+103  1.000000e+00  -1.000000e+00  0.000000e+00
7.278954e+03  2.831505e+02  9.206785e+03  2.594730e+01  7.278954e+03  1.382592e+00  1.207000e-03  1.381385e+00  5.818216e+00  1.265711e+00  5.818216e+00  9.991270e-01  3.509828e-01  8.317525e-01  7.994085e-02  6.658519e-03  8.334095e-01  1.928604e+02  4.165902e+05  1.457519e+54  4.704405e+55  1.183752e-06  -1.674273e+103  1.000000e+00  -1.000000e+00  0.000000e+00
7.278954e+03  2.929826e+02  9.206785e+03  2.940900e+01  7.278954e+03  1.382481e+00  1.429000e-03  1.381053e+00  5.818254e+00  1.318491e+00  5.818254e+00  9.989670e-01  3.509524e-01  8.315657e-01  8.653027e-02  6.661329e-03  8.341195e-01  2.299891e+02  4.164643e+05  1.728602e+54  4.703193e+55  1.279509e-06  -1.902617e+103  1.000000e+00  -1.000000e+00  0.000000e+00
7.278954e+03  3.032418e+02  9.206785e+03  3.333260e+01  7.278954e+03  1.382342e+00  1.691000e-03  1.380651e+00  5.818271e+00  1.374029e+00  5.818271e+00  9.987760e-01  3.509161e-01  8.313429e-01  9.371011e-02  6.665197e-03  8.350348e-01  2.743736e+02  4.163144e+05  2.050210e+54  4.701730e+55  1.349253e-06  -2.157090e+103  1.000000e+00  -1.000000e+00  0.000000e+00
7.278954e+03  3.139580e+02  9.206785e+03  3.777960e+01  7.278954e+03  1.382177e+00  2.002000e-03  1.380176e+00  5.818278e+00  1.432424e+00  5.818278e+00  9.985520e-01  3.508738e-01  8.310828e-01  1.015252e-01  6.669301e-03  8.360548e-01  3.274475e+02  4.161422e+05  2.431588e+54  4.700035e+55  1.430079e-06  -2.443363e+103  1.000000e+00  -1.000000e+00  0.000000e+00
7.278954e+03  3.251628e+02  9.206785e+03  4.281980e+01  7.278954e+03  1.381956e+00  2.368000e-03  1.379588e+00  5.818189e+00  1.493788e+00  5.818189e+00  9.982860e-01  3.508231e-01  8.307716e-01  1.100233e-01  6.674214e-03  8.372788e-01  3.909349e+02  4.159300e+05  2.883784e+54  4.697898e+55  1.518938e-06  -2.766730e+103  1.000000e+00  -1.000000e+00  0.000000e+00
7.278954e+03  3.368911e+02  9.206785e+03  4.853260e+01  7.278954e+03  1.381684e+00  2.801000e-03  1.378883e+00  5.818026e+00  1.558223e+00  5.818026e+00  9.979730e-01  3.507637e-01  8.304074e-01  1.192528e-01  6.679831e-03  8.386906e-01  4.669367e+02  4.156790e+05  3.420054e+54  4.695338e+55  1.595592e-06  -3.123496e+103  1.000000e+00  -1.000000e+00  0.000000e+00
7.278954e+03  3.491847e+02  9.206785e+03  5.500740e+01  7.278954e+03  1.381354e+00  3.312000e-03  1.378042e+00  5.817810e+00  1.625863e+00  5.817810e+00  9.976030e-01  3.506929e-01  8.299736e-01  1.292670e-01  6.686035e-03  8.403173e-01  5.579507e+02  4.153867e+05  4.055646e+54  4.692325e+55  1.674054e-06  -3.521958e+103  1.000000e+00  -1.000000e+00  0.000000e+00
7.278954e+03  3.620840e+02  9.206785e+03  6.234610e+01  7.278954e+03  1.380935e+00  3.914000e-03  1.377021e+00  5.817430e+00  1.696826e+00  5.817430e+00  9.971660e-01  3.506097e-01  8.294635e-01  1.401187e-01  6.693455e-03  8.422481e-01  6.670041e+02  4.150338e+05  4.809192e+54  4.688630e+55  1.753486e-06  -3.966931e+103  1.000000e+00  -1.000000e+00  0.000000e+00
7.278954e+03  3.756397e+02  9.206785e+03  7.066390e+01  7.278954e+03  1.380431e+00  4.625000e-03  1.375806e+00  5.816933e+00  1.771233e+00  5.816933e+00  9.966500e-01  3.505114e-01  8.288621e-01  1.518613e-01  6.701496e-03  8.444398e-01  7.977469e+02  4.146222e+05  5.702253e+54  4.684277e+55  1.830089e-06  -4.457406e+103  1.000000e+00  -1.000000e+00  0.000000e+00
7.278954e+03  3.899028e+02  9.206785e+03  8.009140e+01  7.278954e+03  1.379799e+00  5.462000e-03  1.374337e+00  5.816175e+00  1.849220e+00  5.816175e+00  9.960420e-01  3.503967e-01  8.281606e-01  1.645502e-01  6.710805e-03  8.469976e-01  9.545779e+02  4.141274e+05  6.760520e+54  4.678978e+55  1.906294e-06  -5.004394e+103  1.000000e+00  -1.000000e+00  0.000000e+00
7.278954e+03  4.049358e+02  9.206785e+03  9.077660e+01  7.278954e+03  1.379028e+00  6.448000e-03  1.372580e+00  5.815159e+00  1.930889e+00  5.815159e+00  9.953240e-01  3.502620e-01  8.273384e-01  1.782352e-01  6.721431e-03  8.499747e-01  1.142834e+03  4.135435e+05  8.014668e+54  4.672656e+55  1.985024e-06  -5.603517e+103  1.000000e+00  -1.000000e+00  0.000000e+00
7.278954e+03  4.208056e+02  9.206785e+03  1.028874e+02  7.278954e+03  1.378090e+00  7.608000e-03  1.370482e+00  5.813817e+00  2.016393e+00  5.813817e+00  9.944790e-01  3.501047e-01  8.263792e-01  1.929726e-01  6.733056e-03  8.533630e-01  1.368868e+03  4.128550e+05  9.499814e+54  4.665132e+55  2.062246e-06  -6.263068e+103  1.000000e+00  -1.000000e+00  0.000000e+00
7.278954e+03  4.375827e+02  9.206785e+03  1.166139e+02  7.278954e+03  1.376944e+00  8.973000e-03  1.367971e+00  5.812023e+00  2.105870e+00  5.812023e+00  9.934830e-01  3.499215e-01  8.252640e-01  2.088139e-01  6.746027e-03  8.572477e-01  1.640437e+03  4.120386e+05  1.125923e+55  4.656120e+55  1.873550e-06  -6.437563e+103  1.000000e+00  -1.000000e+00  0.000000e+00
7.278954e+03  1.053723e+03  9.206785e+03  1.321717e+02  7.278954e+03  1.376276e+00  9.992000e-03  1.366284e+00  5.811360e+00  2.161241e+00  5.811360e+00  9.927400e-01  3.497915e-01  8.244745e-01  2.187251e-01  6.757339e-03  8.602761e-01  1.841511e+03  4.114464e+05  1.253717e+55  4.650058e+55  1.644915e-06  -4.541830e+103  1.000000e+00  -1.000000e+00  1.000000e+00
7.278954e+03  1.071356e+03  9.206785e+03  1.498051e+02  7.278954e+03  1.375609e+00  1.109800e-02  1.364511e+00  5.810896e+00  2.209061e+00  5.810896e+00  9.919330e-01  3.496500e-01  8.236153e-01  2.274706e-01  6.770238e-03  8.636637e-01  2.054929e+03  4.108099e+05  1.386449e+55  4.643679e+55  1.623143e-06  -4.836472e+103  1.000000e+00  -1.000000e+00  1.000000e+00
7.278954e+03  1.091342e+03  9.206785e+03  1.697911e+02  7.278954e+03  1.374718e+00  1.246600e-02  1.362251e+00  5.810099e+00  2.260907e+00  5.810099e+00  9.909320e-01  3.494713e-01  8.225329e-01  2.371653e-01  6.786090e-03  8.679010e-01  2.320391e+03  4.100144e+05  1.549187e+55  4.635536e+55  1.721667e-06  -5.184595e+103  1.000000e+00  -1.000000e+00  1.000000e+00
7.278954e+03  1.113993e+03  9.206785e+03  1.924434e+02  7.278954e+03  1.373561e+00  1.412900e-02  1.359432e+00  5.808857e+00  2.316935e+00  5.808857e+00  9.897140e-01  3.492520e-01  8.212065e-01  2.478591e-01  6.804425e-03  8.729810e-01  2.642835e+03  4.090388e+05  1.744168e+55  4.625365e+55  1.812070e-06  -5.484554e+103  1.000000e+00  -1.000000e+00  1.000000e+00
7.278954e+03  1.139669e+03  9.206785e+03  2.181178e+02  7.278954e+03  1.372098e+00  1.612500e-02  1.355973e+00  5.807086e+00  2.377232e+00  5.807086e+00  9.882480e-01  3.489863e-01  8.196037e-01  2.595960e-01  6.826190e-03  8.791095e-01  3.034775e+03  4.078609e+05  1.977862e+55  4.612900e+55  1.904036e-06  -5.779331e+103  1.000000e+00  -1.000000e+00  1.000000e+00
7.278954e+03  1.168770e+03  9.206785e+03  2.472176e+02  7.278954e+03  1.370267e+00  1.850500e-02  1.351763e+00  5.804627e+00  2.442039e+00  5.804627e+00  9.864950e-01  3.486684e-01  8.176917e-01  2.724477e-01  6.851021e-03  8.863365e-01  3.511120e+03  4.064481e+05  2.258003e+55  4.597745e+55  1.987056e-06  -6.031426e+103  1.000000e+00  -1.000000e+00  1.000000e+00
7.278954e+03  1.201752e+03  9.206785e+03  2.801996e+02  7.278954e+03  1.367994e+00  2.132500e-02  1.346669e+00  5.801270e+00  2.511325e+00  5.801270e+00  9.844110e-01  3.482914e-01  8.154315e-01  2.864398e-01  6.879420e-03  8.948492e-01  4.077477e+03  4.047597e+05  2.586197e+55  4.579406e+55  2.069154e-06  -6.279396e+103  1.000000e+00  -1.000000e+00  1.000000e+00
7.278954e+03  1.239133e+03  9.206785e+03  3.175819e+02  7.278954e+03  1.365197e+00  2.465100e-02  1.340546e+00  5.796819e+00  2.585159e+00  5.796819e+00  9.819430e-01  3.478461e-01  8.127730e-01  3.016124e-01  6.911417e-03  9.047725e-01  4.762206e+03  4.027553e+05  2.976985e+55  4.557385e+55  2.162517e-06  -6.541214e+103  1.000000e+00  -1.000000e+00  1.000000e+00
7.278954e+03  1.281502e+03  9.206785e+03  3.599514e+02  7.278954e+03  1.361785e+00  2.855600e-02  1.333229e+00  5.790994e+00  2.663518e+00  5.790994e+00  9.790310e-01  3.473258e-01  8.096815e-01  3.179861e-01  6.946779e-03  9.162313e-01  5.588176e+03  4.003873e+05  3.441125e+55  4.531108e+55  2.247525e-06  -6.750288e+103  1.000000e+00  -1.000000e+00  1.000000e+00
7.278954e+03  1.329526e+03  9.206785e+03  4.079736e+02  7.278954e+03  1.357648e+00  3.312200e-02  1.324526e+00  5.783469e+00  2.746392e+00  5.783469e+00  9.756040e-01  3.467212e-01  8.061089e-01  3.355784e-01  6.986220e-03  9.295002e-01  6.567047e+03  3.976007e+05  3.982168e+55  4.499902e+55  2.329802e-06  -6.947788e+103  1.000000e+00  -1.000000e+00  1.000000e+00
7.278954e+03  1.383956e+03  9.206785e+03  4.624025e+02  7.278954e+03  1.352668e+00  3.843900e-02  1.314229e+00  5.773857e+00  2.833725e+00  5.773857e+00  9.715830e-01  3.460244e-01  8.020179e-01  3.543913e-01  7.028643e-03  9.445975e-01  7.736989e+03  3.943363e+05  4.617970e+55  4.463051e+55  2.409238e-06  -7.135674e+103  1.000000e+00  -1.000000e+00  1.000000e+00
7.278954e+03  1.445646e+03  9.206785e+03  5.240930e+02  7.278954e+03  1.346712e+00  4.460800e-02  1.302104e+00  5.761712e+00  2.925366e+00  5.761712e+00  9.668760e-01  3.452270e-01  7.973697e-01  3.744035e-01  7.073761e-03  9.616879e-01  9.108356e+03  3.905298e+05  5.349277e+55  4.419774e+55  2.497053e-06  -7.331965e+103  1.000000e+00  -1.000000e+00  1.000000e+00
7.278954e+03  1.515564e+03  9.206785e+03  5.940138e+02  7.278954e+03  1.339642e+00  5.173900e-02  1.287903e+00  5.746513e+00  3.021204e+00  5.746513e+00  9.613790e-01  3.443229e-01  7.921427e-01  3.955899e-01  7.121167e-03  9.809108e-01  1.075768e+04  3.861135e+05  6.213709e+55  4.369263e+55  2.598130e-06  -7.513712e+103  1.000000e+00  -1.000000e+00  1.000000e+00
7.278954e+03  1.594815e+03  9.206785e+03  6.732629e+02  7.278954e+03  1.331309e+00  5.994700e-02  1.271362e+00  5.727662e+00  3.121064e+00  5.727662e+00  9.549710e-01  3.433074e-01  7.863262e-01  4.179038e-01  7.169108e-03  1.002207e+00  1.270719e+04  3.810161e+05  7.216206e+55  4.310672e+55  2.689241e-06  -7.677322e+103  1.000000e+00  -1.000000e+00  1.000000e+00
7.278954e+03  1.684639e+03  9.206785e+03  7.630849e+02  7.278954e+03  1.321556e+00  6.936000e-02  1.252196e+00  5.704433e+00  3.224755e+00  5.704433e+00  9.475170e-01  3.421800e-01  7.799346e-01  4.412842e-01  7.216010e-03  1.025491e+00  1.500112e+04  3.751587e+05  8.372560e+55  4.243084e+55  2.780948e-06  -7.839934e+103  1.000000e+00  -1.000000e+00  1.000000e+00
7.278954e+03  1.786445e+03  9.206785e+03  8.648903e+02  7.278954e+03  1.310250e+00  8.010800e-02  1.230142e+00  5.676108e+00  3.332014e+00  5.676108e+00  9.388600e-01  3.409458e-01  7.730149e-01  4.656449e-01  7.259264e-03  1.050450e+00  1.768885e+04  3.684762e+05  9.700033e+55  4.165766e+55  2.872925e-06  -7.998129e+103  1.000000e+00  -1.000000e+00  1.000000e+00
7.278954e+03  1.901831e+03  9.206785e+03  9.802778e+02  7.278954e+03  1.297257e+00  9.233000e-02  1.204927e+00  5.641810e+00  3.442646e+00  5.641810e+00  9.288270e-01  3.396169e-01  7.656546e-01  4.908949e-01  7.295678e-03  1.076534e+00  2.082059e+04  3.608959e+05  1.121399e+56  4.077920e+55  2.981157e-06  -8.092578e+103  1.000000e+00  -1.000000e+00  1.000000e+00
7.278954e+03  2.032610e+03  9.206785e+03  1.111060e+03  7.278954e+03  1.282493e+00  1.061650e-01  1.176328e+00  5.600680e+00  3.556307e+00  5.600680e+00  9.172200e-01  3.382174e-01  7.580007e-01  5.169063e-01  7.321544e-03  1.102891e+00  2.450736e+04  3.523636e+05  1.296279e+56  3.979011e+55  3.094138e-06  -8.225292e+103  1.000000e+00  -1.000000e+00  1.000000e+00
7.278954e+03  2.180844e+03  9.206785e+03  1.259289e+03  7.278954e+03  1.265906e+00  1.217540e-01  1.144153e+00  5.551774e+00  3.672700e+00  5.551774e+00  9.038210e-01  3.367840e-01  7.502644e-01  5.435397e-01  7.332205e-03  1.128194e+00  2.876612e+04  3.428316e+05  1.493893e+56  3.868601e+55  3.190942e-06  -8.414764e+103  1.000000e+00  -1.000000e+00  1.000000e+00
7.278954e+03  2.348852e+03  9.206785e+03  1.427295e+03  7.278954e+03  1.247540e+00  1.392310e-01  1.108309e+00  5.494225e+00  3.791549e+00  5.494225e+00  8.883960e-01  3.353743e-01  7.427541e-01  5.706370e-01  7.323050e-03  1.150675e+00  3.364967e+04  3.322792e+05  1.715284e+56  3.746626e+55  3.310161e-06  -8.508016e+103  1.000000e+00  -1.000000e+00  1.000000e+00
7.278954e+03  2.539271e+03  9.206785e+03  1.617714e+03  7.278954e+03  1.227537e+00  1.587240e-01  1.068813e+00  5.427283e+00  3.912522e+00  5.427283e+00  8.706970e-01  3.340671e-01  7.358764e-01  5.980075e-01  7.290221e-03  1.168104e+00  3.930263e+04  3.207142e+05  1.966644e+56  3.613372e+55  3.433597e-06  -8.592747e+103  1.000000e+00  -1.000000e+00  1.000000e+00
7.278954e+03  2.755091e+03  9.206785e+03  1.833538e+03  7.278954e+03  1.206168e+00  1.803480e-01  1.025820e+00  5.350369e+00  4.035342e+00  5.350369e+00  8.504790e-01  3.329704e-01  7.301681e-01  6.254340e-01  7.232404e-03  1.178049e+00  4.571143e+04  3.081748e+05  2.245004e+56  3.469503e+55  3.570164e-06  -8.624013e+103  1.000000e+00  -1.000000e+00  1.000000e+00
7.278954e+03  2.999709e+03  9.206785e+03  2.078156e+03  7.278954e+03  1.183867e+00  2.041980e-01  9.796690e-01  5.263309e+00  4.159741e+00  5.263309e+00  8.275160e-01  3.322200e-01  7.262945e-01  6.526549e-01  7.153673e-03  1.178442e+00  5.303915e+04  2.947445e+05  2.557445e+56  3.316188e+55  3.711268e-06  -8.618494e+103  1.000000e+00  -1.000000e+00  1.000000e+00
7.278954e+03  3.276966e+03  9.206785e+03  2.355409e+03  7.278954e+03  1.161231e+00  2.303460e-01  9.308850e-01  5.166369e+00  4.285408e+00  5.166369e+00  8.016360e-01  3.319822e-01  7.250724e-01  6.793385e-01  7.067627e-03  1.168446e+00  6.123062e+04  2.805445e+05  2.898428e+56  3.154986e+55  3.879604e-06  -8.391689e+103  1.000000e+00  -1.000000e+00  1.000000e+00
7.278954e+03  3.591209e+03  9.206785e+03  2.669651e+03  7.278954e+03  1.139021e+00  2.588360e-01  8.801840e-01  5.060521e+00  4.412266e+00  5.060521e+00  7.727550e-01  3.324436e-01  7.274461e-01  7.050576e-01  7.003576e-03  1.149844e+00  7.045963e+04  2.657402e+05  3.275703e+56  2.987857e+55  4.064708e-06  -8.233241e+103  1.000000e+00  -1.000000e+00  1.000000e+00
7.278954e+03  3.947373e+03  9.206785e+03  3.025817e+03  7.278954e+03  1.118108e+00  2.896790e-01  8.284290e-01  4.947420e+00  4.540147e+00  4.947420e+00  7.409200e-01  3.338001e-01  7.344813e-01  7.291382e-01  7.014046e-03  1.128354e+00  8.062346e+04  2.505226e+05  3.681567e+56  2.816903e+55  4.236440e-06  -8.144760e+103  1.000000e+00  -1.000000e+00  1.000000e+00
7.278954e+03  4.351050e+03  9.206785e+03  3.429500e+03  7.278954e+03  1.099416e+00  3.228560e-01  7.765600e-01  4.829503e+00  4.669277e+00  4.829503e+00  7.063390e-01  3.362338e-01  7.473216e-01  7.501923e-01  7.184886e-03  1.114607e+00  9.172117e+04  2.350988e+05  4.114478e+56  2.644204e+55  4.653582e-06  -7.843207e+103  1.000000e+00  -1.000000e+00  1.000000e+00
7.278954e+03  4.808596e+03  9.206785e+03  3.887040e+03  7.278954e+03  1.083822e+00  3.583580e-01  7.254640e-01  4.802116e+00  4.802116e+00  4.709734e+00  6.693570e-01  3.333549e-01  7.321631e-01  7.322935e-01  7.562251e-03  1.224688e+00  1.039662e+05  2.196704e+05  4.585639e+56  2.471485e+55  5.602739e-06  -7.395006e+103  1.000000e+00  -1.000000e+00  1.000000e+00
7.278954e+03  5.327181e+03  9.206785e+03  4.405622e+03  7.278954e+03  1.072157e+00  3.968930e-01  6.752640e-01  4.958572e+00  4.958572e+00  4.588186e+00  6.298190e-01  3.193621e-01  6.637213e-01  6.638219e-01  6.255457e-03  1.255321e+00  1.173808e+05  2.043215e+05  5.098339e+56  2.299683e+55  9.067764e-06  -7.186090e+103  1.000000e+00  -1.000000e+00  1.000000e+00
7.278954e+03  5.914947e+03  9.206785e+03  4.993389e+03  7.278954e+03  1.065323e+00  4.393020e-01  6.260210e-01  5.144134e+00  5.144134e+00  4.464244e+00  5.876350e-01  3.058797e-01  6.049059e-01  6.049848e-01  5.558675e-03  1.383969e+00  1.318803e+05  1.891472e+05  5.650591e+56  2.130063e+55  2.655631e-05  -6.715240e+103  1.000000e+00  -1.000000e+00  1.000000e+00
7.278954e+03  6.581126e+03  9.206785e+03  5.659571e+03  7.278954e+03  1.064123e+00  4.859900e-01  5.781340e-01  5.356980e+00  5.356980e+00  4.339078e+00  5.432960e-01  2.933956e-01  5.556621e-01  5.557236e-01  5.363610e-03  1.644740e+00  1.478852e+05  1.742765e+05  6.268351e+56  1.963954e+55  -1.787987e-07  -5.994932e+103  -1.000000e+00  -1.000000e+00  1.000000e+00
7.278954e+03  7.336183e+03  9.206785e+03  6.414631e+03  7.278954e+03  1.069068e+00  5.370690e-01  5.319990e-01  5.592230e+00  5.592230e+00  4.214234e+00  4.976290e-01  2.823593e-01  5.157060e-01  5.157552e-01  5.602319e-03  2.080970e+00  1.649771e+05  1.598289e+05  6.930099e+56  1.802461e+55  2.090090e-06  -5.326562e+103  1.000000e+00  -1.000000e+00  1.000000e+00
7.278954e+03  8.191984e+03  9.206785e+03  7.270426e+03  7.278954e+03  1.080214e+00  5.922820e-01  4.879320e-01  5.841998e+00  5.841998e+00  4.091335e+00  4.517000e-01  2.731052e-01  4.844746e-01  4.845132e-01  6.129400e-03  2.689531e+00  1.834216e+05  1.459039e+05  7.653122e+56  1.646372e+55  2.694431e-06  -4.635355e+103  1.000000e+00  -1.000000e+00  1.000000e+00
7.278954e+03  9.161955e+03  9.206785e+03  8.240395e+03  7.278954e+03  1.097083e+00  6.511010e-01  4.459830e-01  6.096266e+00  6.096266e+00  3.970998e+00  4.065170e-01  2.658014e-01  4.611436e-01  4.611747e-01  6.883520e-03  3.458857e+00  2.024268e+05  1.325588e+05  8.393608e+56  1.495989e+55  2.928465e-06  -4.041389e+103  1.000000e+00  -1.000000e+00  1.000000e+00
7.278954e+03  1.026133e+04  9.206785e+03  9.339770e+03  7.278954e+03  1.118768e+00  7.133700e-01  4.053980e-01  6.344176e+00  6.344176e+00  3.847765e+00  3.623610e-01  2.604633e-01  4.447708e-01  4.447974e-01  7.695538e-03  4.279774e+00  2.228139e+05  1.197568e+05  9.199665e+56  1.351541e+55  3.001517e-06  -3.243621e+103  1.000000e+00  -1.000000e+00  1.000000e+00
7.278954e+03  1.150737e+04  9.206785e+03  1.058582e+04  7.278954e+03  1.144024e+00  7.776840e-01  3.663410e-01  6.575724e+00  6.575724e+00  3.721008e+00  3.202210e-01  2.569646e-01  4.343338e-01  4.343563e-01  8.446591e-03  5.025992e+00  2.430116e+05  1.075712e+05  9.982344e+56  1.214036e+55  3.054795e-06  -2.699811e+103  1.000000e+00  -1.000000e+00  1.000000e+00
7.278954e+03  1.291966e+04  9.206785e+03  1.199810e+04  7.278954e+03  1.171318e+00  8.421980e-01  3.291190e-01  6.783117e+00  6.783117e+00  3.591399e+00  2.809820e-01  2.550510e-01  4.287200e-01  4.287397e-01  9.111340e-03  5.628024e+00  2.637788e+05  9.608122e+04  1.078605e+57  1.084371e+55  2.942787e-06  -1.973102e+103  1.000000e+00  -1.000000e+00  1.000000e+00
7.278954e+03  1.452036e+04  9.206785e+03  1.359880e+04  7.278954e+03  1.199083e+00  9.050930e-01  2.939890e-01  6.961798e+00  6.961798e+00  3.459650e+00  2.451780e-01  2.543954e-01  4.268121e-01  4.268290e-01  9.627720e-03  6.024003e+00  2.839456e+05  8.534675e+04  1.154609e+57  9.632271e+54  2.912913e-06  -1.585175e+103  1.000000e+00  -1.000000e+00  1.000000e+00
7.278954e+03  1.633462e+04  9.206785e+03  1.541306e+04  7.278954e+03  1.225968e+00  9.648230e-01  2.611450e-01  7.110537e+00  7.110537e+00  3.326492e+00  2.130120e-01  2.546586e-01  4.275771e-01  4.275918e-01  9.971480e-03  6.206936e+00  3.032114e+05  7.540787e+04  1.224888e+57  8.510569e+54  2.817418e-06  -1.219264e+103  1.000000e+00  -1.000000e+00  1.000000e+00
7.278954e+03  1.839092e+04  9.206785e+03  1.746936e+04  7.278954e+03  1.250940e+00  1.020220e+00  2.307200e-01  7.230575e+00  7.230575e+00  3.192659e+00  1.844370e-01  2.555320e-01  4.301248e-01  4.301379e-01  1.017083e-02  6.223561e+00  3.214014e+05  6.628511e+04  1.288963e+57  7.480948e+54  2.743906e-06  -9.285201e+102  1.000000e+00  -1.000000e+00  1.000000e+00
7.278954e+03  2.071233e+04  9.206785e+03  1.979078e+04  7.278954e+03  1.273273e+00  1.070390e+00  2.028830e-01  7.324627e+00  7.324627e+00  3.059366e+00  1.593400e-01  2.567542e-01  4.337134e-01  4.337250e-01  1.023222e-02  6.113513e+00  3.378426e+05  5.801021e+04  1.343608e+57  6.547004e+54  2.734754e-06  -7.509660e+102  1.000000e+00  -1.000000e+00  1.000000e+00
1.000000e+04  1.191072e+02  1.223280e+04  1.456000e+00  1.000000e+04  1.333857e+00  1.600000e-05  1.333841e+00  5.654015e+00  5.025390e-01  5.654015e+00  9.999880e-01  3.484449e-01  8.163505e-01  1.700729e-02  6.330328e-03  8.216234e-01  2.465110e+00  4.118891e+05  2.050939e+52  4.521631e+55  -4.793365e-06  -1.876878e+101  -1.000000e+00  -1.000000e+00  0.000000e+00
1.000000e+04  1.250167e+02  1.223280e+04  1.650300e+00  1.000000e+04  1.333861e+00  1.900000e-05  1.333842e+00  5.654032e+00  5.160180e-01  5.654032e+00  9.999850e-01  3.484448e-01  8.163499e-01  1.792654e-02  6.330398e-03  8.216340e-01  2.904202e+00  4.118879e+05  2.405265e+52  4.521635e+55  4.179043e-05  -3.817183e+101  1.000000e+00  -1.000000e+00  0.000000e+00
1.000000e+04  1.316026e+02  1.223280e+04  1.870400e+00  1.000000e+04  1.333865e+00  2.300000e-05  1.333842e+00  5.654044e+00  5.301010e-01  5.654044e+00  9.999830e-01  3.484450e-01  8.163516e-01  1.891231e-02  6.330611e-03  8.216519e-01  3.421332e+00  4.118879e+05  2.820475e+52  4.521648e+55  7.474925e-06  -4.351957e+101  1.000000e+00  -1.000000e+00  0.000000e+00
1.000000e+04  1.379494e+02  1.223280e+04  2.120000e+00  1.000000e+04  1.333870e+00  2.700000e-05  1.333843e+00  5.653926e+00  5.449310e-01  5.653926e+00  9.999800e-01  3.484537e-01  8.164035e-01  1.997831e-02  6.330773e-03  8.217116e-01  4.030713e+00  4.118757e+05  3.307594e+52  4.521626e+55  3.537262e-06  -4.034583e+101  1.000000e+00  -1.000000e+00  0.000000e+00
1.000000e+04  1.527256e+02  1.223280e+04  2.402800e+00  1.000000e+04  1.333873e+00  3.100000e-05  1.333841e+00  5.654088e+00  5.598170e-01  5.654088e+00  9.999760e-01  3.484443e-01  8.163474e-01  2.107704e-02  6.330696e-03  8.216624e-01  4.723157e+00  4.118845e+05  3.858864e+52  4.521650e+55  -7.875890e-08  -6.778078e+101  -1.000000e+00  -1.000000e+00  0.000000e+00
1.000000e+04  1.576382e+02  1.223280e+04  2.723400e+00  1.000000e+04  1.333872e+00  3.700000e-05  1.333835e+00  5.654112e+00  5.754160e-01  5.654112e+00  9.999720e-01  3.484428e-01  8.163383e-01  2.225948e-02  6.330713e-03  8.216617e-01  5.546022e+00  4.118795e+05  4.511510e+52  4.521617e+55  8.115619e-06  -8.883126e+101  1.000000e+00  -1.000000e+00  0.000000e+00
1.000000e+04  1.627167e+02  1.223280e+04  3.086700e+00  1.000000e+04  1.333879e+00  4.300000e-05  1.333835e+00  5.654126e+00  5.921180e-01  5.654126e+00  9.999670e-01  3.484436e-01  8.163431e-01  2.356024e-02  6.331091e-03  8.217349e-01  6.531130e+00  4.118796e+05  5.290238e+52  4.521638e+55  9.801751e-06  -1.023674e+102  1.000000e+00  -1.000000e+00  0.000000e+00
1.000000e+04  1.679681e+02  1.223280e+04  3.498500e+00  1.000000e+04  1.333883e+00  5.100000e-05  1.333832e+00  5.654146e+00  6.099120e-01  5.654146e+00  9.999620e-01  3.484434e-01  8.163421e-01  2.498548e-02  6.331080e-03  8.217155e-01  7.707734e+00  4.118753e+05  6.217394e+52  4.521622e+55  2.982239e-05  -1.177467e+102  1.000000e+00  -1.000000e+00  0.000000e+00
1.000000e+04  1.734000e+02  1.223280e+04  3.965200e+00  1.000000e+04  1.333895e+00  6.000000e-05  1.333834e+00  5.654211e+00  6.289320e-01  5.654211e+00  9.999550e-01  3.484426e-01  8.163369e-01  2.655354e-02  6.331156e-03  8.217448e-01  9.111487e+00  4.118743e+05  7.320103e+52  4.521654e+55  3.529307e-05  -1.352662e+102  1.000000e+00  -1.000000e+00  0.000000e+00
1.000000e+04  1.790190e+02  1.223280e+04  4.494300e+00  1.000000e+04  1.333901e+00  7.100000e-05  1.333829e+00  5.654247e+00  6.491120e-01  5.654247e+00  9.999470e-01  3.484419e-01  8.163327e-01  2.826753e-02  6.330950e-03  8.217255e-01  1.078520e+01  4.118709e+05  8.630781e+52  4.521650e+55  -2.544559e-06  -1.554688e+102  -1.000000e+00  -1.000000e+00  0.000000e+00
1.000000e+04  1.848335e+02  1.223280e+04  5.093900e+00  1.000000e+04  1.333900e+00  8.400000e-05  1.333816e+00  5.654271e+00  6.705370e-01  5.654271e+00  9.999370e-01  3.484403e-01  8.163232e-01  3.014361e-02  6.331656e-03  8.218305e-01  1.277989e+01  4.118616e+05  1.018796e+53  4.521589e+55  -2.270886e-06  -1.784093e+102  -1.000000e+00  -1.000000e+00  0.000000e+00
1.000000e+04  1.908524e+02  1.223280e+04  5.773400e+00  1.000000e+04  1.333910e+00  1.000000e-04  1.333810e+00  5.654318e+00  6.933630e-01  5.654318e+00  9.999250e-01  3.484398e-01  8.163202e-01  3.220547e-02  6.331910e-03  8.218776e-01  1.515717e+01  4.118563e+05  1.203784e+53  4.521584e+55  -2.445962e-06  -2.046959e+102  -1.000000e+00  -1.000000e+00  0.000000e+00
1.000000e+04  1.970844e+02  1.223280e+04  6.543700e+00  1.000000e+04  1.333901e+00  1.180000e-04  1.333783e+00  5.654341e+00  7.175580e-01  5.654341e+00  9.999110e-01  3.484363e-01  8.162990e-01  3.446171e-02  6.332369e-03  8.219645e-01  1.798927e+01  4.118413e+05  1.423432e+53  4.521460e+55  8.971269e-06  -2.345618e+102  1.000000e+00  -1.000000e+00  0.000000e+00
1.000000e+04  2.035396e+02  1.223280e+04  7.416700e+00  1.000000e+04  1.333929e+00  1.400000e-04  1.333789e+00  5.654461e+00  7.431930e-01  5.654461e+00  9.998950e-01  3.484360e-01  8.162973e-01  3.693122e-02  6.332540e-03  8.220113e-01  2.136410e+01  4.118426e+05  1.684273e+53  4.521556e+55  7.063863e-06  -2.688047e+102  1.000000e+00  -1.000000e+00  0.000000e+00
1.000000e+04  2.102287e+02  1.223280e+04  8.406200e+00  1.000000e+04  1.333909e+00  1.660000e-04  1.333743e+00  5.654468e+00  7.703040e-01  5.654468e+00  9.998760e-01  3.484304e-01  8.162639e-01  3.963031e-02  6.332880e-03  8.220738e-01  2.538732e+01  4.118161e+05  1.994093e+53  4.521320e+55  9.807925e-06  -3.081200e+102  1.000000e+00  -1.000000e+00  0.000000e+00
1.000000e+04  2.171631e+02  1.223280e+04  9.527700e+00  1.000000e+04  1.333933e+00  1.970000e-04  1.333736e+00  5.654577e+00  7.990640e-01  5.654577e+00  9.998530e-01  3.484299e-01  8.162611e-01  4.259081e-02  6.333362e-03  8.221753e-01  3.017763e+01  4.118141e+05  2.361550e+53  4.521383e+55  9.562753e-06  -3.522352e+102  1.000000e+00  -1.000000e+00  0.000000e+00
1.000000e+04  2.243537e+02  1.223280e+04  1.079880e+01  1.000000e+04  1.333909e+00  2.330000e-04  1.333676e+00  5.654571e+00  8.287920e-01  5.654571e+00  9.998250e-01  3.484242e-01  8.162266e-01  4.575666e-02  6.334093e-03  8.223321e-01  3.589039e+01  4.117800e+05  2.797978e+53  4.521086e+55  -1.188366e-06  -4.038946e+102  -1.000000e+00  -1.000000e+00  0.000000e+00
1.000000e+04  2.318138e+02  1.223280e+04  1.223950e+01  1.000000e+04  1.333920e+00  2.760000e-04  1.333644e+00  5.654679e+00  8.597220e-01  5.654679e+00  9.997930e-01  3.484203e-01  8.162036e-01  4.916335e-02  6.334741e-03  8.224558e-01  4.270125e+01  4.117667e+05  3.316027e+53  4.521034e+55  -1.825648e-06  -4.602507e+102  -1.000000e+00  -1.000000e+00  0.000000e+00
1.000000e+04  2.395612e+02  1.223280e+04  1.387240e+01  1.000000e+04  1.333937e+00  3.270000e-04  1.333609e+00  5.654815e+00  8.926300e-01  5.654815e+00  9.997550e-01  3.484163e-01  8.161793e-01  5.291048e-02  6.335719e-03  8.226484e-01  5.082407e+01  4.117505e+05  3.931003e+53  4.520981e+55  -1.425897e-06  -5.255438e+102  -1.000000e+00  -1.000000e+00  0.000000e+00
1.000000e+04  2.476067e+02  1.223280e+04  1.572320e+01  1.000000e+04  1.333938e+00  3.880000e-04  1.333550e+00  5.654927e+00  9.273380e-01  5.654927e+00  9.997090e-01  3.484098e-01  8.161402e-01  5.699828e-02  6.336412e-03  8.228102e-01  6.051099e+01  4.117233e+05  4.660701e+53  4.520809e+55  8.141584e-08  -6.006878e+102  1.000000e+00  -1.000000e+00  0.000000e+00
1.000000e+04  2.559695e+02  1.223280e+04  1.782080e+01  1.000000e+04  1.333930e+00  4.600000e-04  1.333471e+00  5.655030e+00  9.641180e-01  5.655030e+00  9.996550e-01  3.484014e-01  8.160901e-01  6.147923e-02  6.337660e-03  8.230718e-01  7.207468e+01  4.116875e+05  5.527161e+53  4.520551e+55  3.541416e-07  -6.855999e+102  1.000000e+00  -1.000000e+00  0.000000e+00
1.000000e+04  2.646662e+02  1.223280e+04  2.019840e+01  1.000000e+04  1.333919e+00  5.450000e-04  1.333374e+00  5.655139e+00  1.002842e+00  5.655139e+00  9.995920e-01  3.483916e-01  8.160318e-01  6.636065e-02  6.338985e-03  8.233597e-01  8.587613e+01  4.116444e+05  6.555345e+53  4.520234e+55  4.494671e-07  -7.812196e+102  1.000000e+00  -1.000000e+00  0.000000e+00
1.000000e+04  2.737197e+02  1.223280e+04  2.289310e+01  1.000000e+04  1.333901e+00  6.450000e-04  1.333256e+00  5.655263e+00  1.043922e+00  5.655263e+00  9.995160e-01  3.483795e-01  8.159588e-01  7.171742e-02  6.340660e-03  8.237187e-01  1.023566e+02  4.115940e+05  7.775381e+53  4.519851e+55  5.705028e-07  -8.894784e+102  1.000000e+00  -1.000000e+00  0.000000e+00
1.000000e+04  2.831505e+02  1.223280e+04  2.594730e+01  1.000000e+04  1.333875e+00  7.640000e-04  1.333111e+00  5.655385e+00  1.087061e+00  5.655385e+00  9.994270e-01  3.483651e-01  8.158730e-01  7.753791e-02  6.342200e-03  8.240880e-01  1.220442e+02  4.115332e+05  9.223237e+53  4.519373e+55  7.043329e-07  -1.012263e+103  1.000000e+00  -1.000000e+00  0.000000e+00
1.000000e+04  2.929826e+02  1.223280e+04  2.940900e+01  1.000000e+04  1.333834e+00  9.050000e-04  1.332929e+00  5.655490e+00  1.132550e+00  5.655490e+00  9.993210e-01  3.483480e-01  8.157703e-01  8.388582e-02  6.344150e-03  8.245476e-01  1.455745e+02  4.114581e+05  1.094127e+54  4.518755e+55  8.142226e-07  -1.150508e+103  1.000000e+00  -1.000000e+00  0.000000e+00
1.000000e+04  3.032418e+02  1.223280e+04  3.333260e+01  1.000000e+04  1.333786e+00  1.072000e-03  1.332714e+00  5.655623e+00  1.180437e+00  5.655623e+00  9.991960e-01  3.483272e-01  8.156456e-01  9.079547e-02  6.346049e-03  8.250399e-01  1.737151e+02  4.113722e+05  1.298041e+54  4.518044e+55  9.018705e-07  -1.305641e+103  1.000000e+00  -1.000000e+00  0.000000e+00
1.000000e+04  3.139580e+02  1.223280e+04  3.777960e+01  1.000000e+04  1.333716e+00  1.269000e-03  1.332447e+00  5.655739e+00  1.230759e+00  5.655739e+00  9.990480e-01  3.483017e-01  8.154935e-01  9.830017e-02  6.349179e-03  8.257485e-01  2.073757e+02  4.112672e+05  1.539926e+54  4.517141e+55  1.018237e-06  -1.480739e+103  1.000000e+00  -1.000000e+00  0.000000e+00
1.000000e+04  3.251628e+02  1.223280e+04  4.281980e+01  1.000000e+04  1.333626e+00  1.503000e-03  1.332123e+00  5.655846e+00  1.283707e+00  5.655846e+00  9.988730e-01  3.482717e-01  8.153136e-01  1.064562e-01  6.352189e-03  8.264976e-01  2.476602e+02  4.111424e+05  1.826870e+54  4.516047e+55  1.112115e-06  -1.676314e+103  1.000000e+00  -1.000000e+00  0.000000e+00
1.000000e+04  3.368911e+02  1.223280e+04  4.853260e+01  1.000000e+04  1.333508e+00  1.778000e-03  1.331730e+00  5.655929e+00  1.339323e+00  5.655929e+00  9.986670e-01  3.482358e-01  8.150991e-01  1.152995e-01  6.355953e-03  8.274152e-01  2.959086e+02  4.109934e+05  2.167326e+54  4.514710e+55  1.213500e-06  -1.895099e+103  1.000000e+00  -1.000000e+00  0.000000e+00
1.000000e+04  3.491847e+02  1.223280e+04  5.500740e+01  1.000000e+04  1.333355e+00  2.104000e-03  1.331251e+00  5.655981e+00  1.397715e+00  5.655981e+00  9.984220e-01  3.481926e-01  8.148406e-01  1.248757e-01  6.360220e-03  8.284805e-01  3.537210e+02  4.108146e+05  2.571085e+54  4.513067e+55  1.316362e-06  -2.141032e+103  1.000000e+00  -1.000000e+00  0.000000e+00
1.000000e+04  3.620840e+02  1.223280e+04  6.234610e+01  1.000000e+04  1.333152e+00  2.488000e-03  1.330664e+00  5.655959e+00  1.459044e+00  5.655959e+00  9.981340e-01  3.481409e-01  8.145316e-01  1.352386e-01  6.364835e-03  8.296960e-01  4.230291e+02  4.105976e+05  3.050029e+54  4.511021e+55  1.407966e-06  -2.413102e+103  1.000000e+00  -1.000000e+00  0.000000e+00
1.000000e+04  3.756397e+02  1.223280e+04  7.066390e+01  1.000000e+04  1.332909e+00  2.941000e-03  1.329968e+00  5.655912e+00  1.523392e+00  5.655912e+00  9.977930e-01  3.480803e-01  8.141699e-01  1.464296e-01  6.370576e-03  8.311742e-01  5.061783e+02  4.103463e+05  3.618042e+54  4.508630e+55  1.491771e-06  -2.714728e+103  1.000000e+00  -1.000000e+00  0.000000e+00
1.000000e+04  3.899028e+02  1.223280e+04  8.009140e+01  1.000000e+04  1.332593e+00  3.476000e-03  1.329117e+00  5.655764e+00  1.590879e+00  5.655764e+00  9.973910e-01  3.480070e-01  8.137323e-01  1.584940e-01  6.377048e-03  8.328899e-01  6.060005e+02  4.100428e+05  4.291702e+54  4.505676e+55  1.588762e-06  -3.051424e+103  1.000000e+00  -1.000000e+00  0.000000e+00
1.000000e+04  4.049358e+02  1.223280e+04  9.077660e+01  1.000000e+04  1.332195e+00  4.107000e-03  1.328088e+00  5.655471e+00  1.661609e+00  5.655471e+00  9.969170e-01  3.479211e-01  8.132199e-01  1.714727e-01  6.384478e-03  8.348903e-01  7.258981e+02  4.096795e+05  5.090533e+54  4.502079e+55  1.677292e-06  -3.422001e+103  1.000000e+00  -1.000000e+00  0.000000e+00
1.000000e+04  4.208056e+02  1.223280e+04  1.028874e+02  1.000000e+04  1.331700e+00  4.851000e-03  1.326848e+00  5.655026e+00  1.735755e+00  5.655026e+00  9.963570e-01  3.478189e-01  8.126114e-01  1.854153e-01  6.392765e-03  8.372043e-01  8.700254e+02  4.092482e+05  6.037675e+54  4.497743e+55  1.765654e-06  -3.831488e+103  1.000000e+00  -1.000000e+00  0.000000e+00
1.000000e+04  4.375827e+02  1.223280e+04  1.166139e+02  1.000000e+04  1.331082e+00  5.727000e-03  1.325355e+00  5.654363e+00  1.813502e+00  5.654363e+00  9.956970e-01  3.476986e-01  8.118948e-01  2.003700e-01  6.402239e-03  8.398964e-01  1.043384e+03  4.087344e+05  7.161035e+54  4.492501e+55  1.557173e-06  -3.938639e+103  1.000000e+00  -1.000000e+00  0.000000e+00
1.000000e+04  1.053723e+03  1.223280e+04  1.321717e+02  1.000000e+04  1.330753e+00  6.385000e-03  1.324368e+00  5.654290e+00  1.861780e+00  5.654290e+00  9.952020e-01  3.476171e-01  8.114103e-01  2.097477e-01  6.409710e-03  8.418635e-01  1.172803e+03  4.083661e+05  7.983361e+54  4.489108e+55  1.300344e-06  -2.811318e+103  1.000000e+00  -1.000000e+00  1.000000e+00
1.000000e+04  1.071356e+03  1.223280e+04  1.498051e+02  1.000000e+04  1.330441e+00  7.102000e-03  1.323339e+00  5.654378e+00  1.903758e+00  5.654378e+00  9.946620e-01  3.475302e-01  8.108943e-01  2.180411e-01  6.418573e-03  8.440851e-01  1.310872e+03  4.079719e+05  8.842030e+54  4.485598e+55  1.267316e-06  -2.984255e+103  1.000000e+00  -1.000000e+00  1.000000e+00
1.000000e+04  1.091342e+03  1.223280e+04  1.697911e+02  1.000000e+04  1.330013e+00  7.991000e-03  1.322022e+00  5.654376e+00  1.949305e+00  5.654376e+00  9.939920e-01  3.474184e-01  8.102305e-01  2.271977e-01  6.428918e-03  8.467996e-01  1.481383e+03  4.074791e+05  9.887988e+54  4.481082e+55  1.379687e-06  -3.192869e+103  1.000000e+00  -1.000000e+00  1.000000e+00
1.000000e+04  1.113993e+03  1.223280e+04  1.924434e+02  1.000000e+04  1.329433e+00  9.072000e-03  1.320361e+00  5.654176e+00  1.998631e+00  5.654176e+00  9.931760e-01  3.472793e-01  8.094060e-01  2.372709e-01  6.441686e-03  8.501834e-01  1.689730e+03  4.068688e+05  1.114821e+55  4.475333e+55  1.485827e-06  -3.384938e+103  1.000000e+00  -1.000000e+00  1.000000e+00
1.000000e+04  1.139669e+03  1.223280e+04  2.181178e+02  1.000000e+04  1.328691e+00  1.037400e-02  1.318317e+00  5.653785e+00  2.051893e+00  5.653785e+00  9.921920e-01  3.471094e-01  8.084006e-01  2.483074e-01  6.456731e-03  8.542619e-01  1.943577e+03  4.061328e+05  1.266253e+55  4.468265e+55  1.587870e-06  -3.577701e+103  1.000000e+00  -1.000000e+00  1.000000e+00
1.000000e+04  1.168770e+03  1.223280e+04  2.472176e+02  1.000000e+04  1.327713e+00  1.192900e-02  1.315783e+00  5.652991e+00  2.109196e+00  5.652991e+00  9.910150e-01  3.469025e-01  8.071782e-01  2.603441e-01  6.474341e-03  8.591407e-01  2.252582e+03  4.052299e+05  1.448059e+55  4.459384e+55  1.684106e-06  -3.747444e+103  1.000000e+00  -1.000000e+00  1.000000e+00
1.000000e+04  1.201752e+03  1.223280e+04  2.801996e+02  1.000000e+04  1.326493e+00  1.377800e-02  1.312715e+00  5.651836e+00  2.170539e+00  5.651836e+00  9.896130e-01  3.466547e-01  8.057176e-01  2.733959e-01  6.494414e-03  8.648943e-01  2.620896e+03  4.041558e+05  1.661608e+55  4.448653e+55  1.773491e-06  -3.897651e+103  1.000000e+00  -1.000000e+00  1.000000e+00
1.000000e+04  1.239133e+03  1.223280e+04  3.175819e+02  1.000000e+04  1.324954e+00  1.596500e-02  1.308989e+00  5.650110e+00  2.236099e+00  5.650110e+00  9.879510e-01  3.463581e-01  8.039737e-01  2.875064e-01  6.517742e-03  8.717253e-01  3.067323e+03  4.028671e+05  1.916541e+55  4.435551e+55  1.873396e-06  -4.080144e+103  1.000000e+00  -1.000000e+00  1.000000e+00
1.000000e+04  1.281502e+03  1.223280e+04  3.599514e+02  1.000000e+04  1.323028e+00  1.854200e-02  1.304487e+00  5.647631e+00  2.305870e+00  5.647631e+00  9.859850e-01  3.460067e-01  8.019141e-01  3.026795e-01  6.544326e-03  8.797323e-01  3.607357e+03  4.013280e+05  2.220205e+55  4.419656e+55  1.965297e-06  -4.234384e+103  1.000000e+00  -1.000000e+00  1.000000e+00
1.000000e+04  1.329526e+03  1.223280e+04  4.079736e+02  1.000000e+04  1.320659e+00  2.156700e-02  1.299091e+00  5.644271e+00  2.379890e+00  5.644271e+00  9.836690e-01  3.455925e-01  7.994956e-01  3.189207e-01  6.574131e-03  8.890516e-01  4.249609e+03  3.995070e+05  2.575465e+55  4.400593e+55  2.053847e-06  -4.375716e+103  1.000000e+00  -1.000000e+00  1.000000e+00
1.000000e+04  1.383956e+03  1.223280e+04  4.624025e+02  1.000000e+04  1.317731e+00  2.510700e-02  1.292623e+00  5.639682e+00  2.459349e+00  5.639682e+00  9.809470e-01  3.451069e-01  7.966728e-01  3.364279e-01  6.607439e-03  8.998532e-01  5.021636e+03  3.973441e+05  2.995424e+55  4.377644e+55  2.145991e-06  -4.521965e+103  1.000000e+00  -1.000000e+00  1.000000e+00
1.000000e+04  1.445646e+03  1.223280e+04  5.240930e+02  1.000000e+04  1.314174e+00  2.923600e-02  1.284939e+00  5.633675e+00  2.540545e+00  5.633675e+00  9.777540e-01  3.445425e-01  7.934085e-01  3.545352e-01  6.644396e-03  9.123309e-01  5.940968e+03  3.948036e+05  3.486639e+55  4.350386e+55  2.228425e-06  -4.620257e+103  1.000000e+00  -1.000000e+00  1.000000e+00
1.000000e+04  1.515564e+03  1.223280e+04  5.940138e+02  1.000000e+04  1.309866e+00  3.403500e-02  1.275831e+00  5.625871e+00  2.627088e+00  5.625871e+00  9.740170e-01  3.438894e-01  7.896528e-01  3.738441e-01  6.684124e-03  9.265306e-01  7.022705e+03  3.918232e+05  4.053634e+55  4.318068e+55  2.319356e-06  -4.763290e+103  1.000000e+00  -1.000000e+00  1.000000e+00
1.000000e+04  1.594815e+03  1.223280e+04  6.732629e+02  1.000000e+04  1.304677e+00  3.959500e-02  1.265081e+00  5.615827e+00  2.717669e+00  5.615827e+00  9.696510e-01  3.431396e-01  7.853706e-01  3.940869e-01  6.726915e-03  9.426868e-01  8.324665e+03  3.883382e+05  4.724090e+55  4.279920e+55  2.419151e-06  -4.896508e+103  1.000000e+00  -1.000000e+00  1.000000e+00
1.000000e+04  1.684639e+03  1.223280e+04  7.630849e+02  1.000000e+04  1.298482e+00  4.601700e-02  1.252465e+00  5.603085e+00  2.812240e+00  5.603085e+00  9.645610e-01  3.422870e-01  7.805381e-01  4.152049e-01  6.771739e-03  9.608484e-01  9.865355e+03  3.842871e+05  5.501945e+55  4.235218e+55  2.509895e-06  -5.011264e+103  1.000000e+00  -1.000000e+00  1.000000e+00
1.000000e+04  1.786445e+03  1.223280e+04  8.648903e+02  1.000000e+04  1.291134e+00  5.340900e-02  1.237726e+00  5.587079e+00  2.910596e+00  5.587079e+00  9.586340e-01  3.413251e-01  7.751331e-01  4.371038e-01  6.817736e-03  9.810828e-01  1.168262e+04  3.795977e+05  6.401230e+55  4.183111e+55  2.611969e-06  -5.125383e+103  1.000000e+00  -1.000000e+00  1.000000e+00
1.000000e+04  1.901831e+03  1.223280e+04  9.802778e+02  1.000000e+04  1.282477e+00  6.188700e-02  1.220590e+00  5.567128e+00  3.012676e+00  5.567128e+00  9.517440e-01  3.402516e-01  7.691584e-01  4.597022e-01  6.863433e-03  1.003346e+00  1.384765e+04  3.741933e+05  7.452808e+55  4.122708e+55  2.703496e-06  -5.204850e+103  1.000000e+00  -1.000000e+00  1.000000e+00
1.000000e+04  2.032610e+03  1.223280e+04  1.111060e+03  1.000000e+04  1.272380e+00  7.157700e-02  1.200803e+00  5.542579e+00  3.118237e+00  5.542579e+00  9.437460e-01  3.390678e-01  7.626396e-01  4.828826e-01  6.906193e-03  1.027341e+00  1.634451e+04  3.680097e+05  8.636979e+55  4.053282e+55  2.793913e-06  -5.372339e+103  1.000000e+00  -1.000000e+00  1.000000e+00
1.000000e+04  2.180844e+03  1.223280e+04  1.259289e+03  1.000000e+04  1.260690e+00  8.260900e-02  1.178081e+00  5.512544e+00  3.227159e+00  5.512544e+00  9.344730e-01  3.377832e-01  7.556464e-01  5.065367e-01  6.943324e-03  1.052654e+00  1.929216e+04  3.609677e+05  1.000842e+56  3.973959e+55  2.897573e-06  -5.497463e+103  1.000000e+00  -1.000000e+00  1.000000e+00
1.000000e+04  2.348852e+03  1.223280e+04  1.427295e+03  1.000000e+04  1.247300e+00  9.512000e-02  1.152179e+00  5.476177e+00  3.339253e+00  5.476177e+00  9.237390e-01  3.364147e-01  7.482878e-01  5.305383e-01  6.971361e-03  1.078576e+00  2.270590e+04  3.530068e+05  1.156098e+56  3.884102e+55  3.004142e-06  -5.618712e+103  1.000000e+00  -1.000000e+00  1.000000e+00
1.000000e+04  2.539271e+03  1.223280e+04  1.617714e+03  1.000000e+04  1.232133e+00  1.092490e-01  1.122883e+00  5.432533e+00  3.454350e+00  5.432533e+00  9.113330e-01  3.349937e-01  7.407435e-01  5.547541e-01  6.985897e-03  1.103948e+00  2.669787e+04  3.440722e+05  1.334219e+56  3.783188e+55  3.113777e-06  -5.751928e+103  1.000000e+00  -1.000000e+00  1.000000e+00
1.000000e+04  2.755091e+03  1.223280e+04  1.833538e+03  1.000000e+04  1.215188e+00  1.251350e-01  1.090053e+00  5.380741e+00  3.572184e+00  5.380741e+00  8.970250e-01  3.335669e-01  7.332659e-01  5.790317e-01  6.981798e-03  1.127098e+00  3.127791e+04  3.341345e+05  1.533989e+56  3.671021e+55  3.227749e-06  -5.876055e+103  1.000000e+00  -1.000000e+00  1.000000e+00
1.000000e+04  2.999709e+03  1.223280e+04  2.078156e+03  1.000000e+04  1.196534e+00  1.429100e-01  1.053625e+00  5.319899e+00  3.692618e+00  5.319899e+00  8.805640e-01  3.322029e-01  7.262067e-01  6.032200e-01  6.954694e-03  1.145960e+00  3.657541e+04  3.231784e+05  1.760760e+56  3.547599e+55  3.342565e-06  -6.017813e+103  1.000000e+00  -1.000000e+00  1.000000e+00
1.000000e+04  3.276966e+03  1.223280e+04  2.355409e+03  1.000000e+04  1.176372e+00  1.627010e-01  1.013671e+00  5.249333e+00  3.815468e+00  5.249333e+00  8.616930e-01  3.309956e-01  7.200300e-01  6.271465e-01  6.901399e-03  1.158063e+00  4.258064e+04  3.112273e+05  2.011854e+56  3.413398e+55  3.464051e-06  -6.135577e+103  1.000000e+00  -1.000000e+00  1.000000e+00
1.000000e+04  3.591209e+03  1.223280e+04  2.669651e+03  1.000000e+04  1.155036e+00  1.846200e-01  9.704170e-01  5.168582e+00  3.940546e+00  5.168582e+00  8.401610e-01  3.300699e-01  7.153383e-01  6.506134e-01  6.822770e-03  1.161022e+00  4.944108e+04  2.983366e+05  2.293587e+56  3.269265e+55  3.587028e-06  -6.231235e+103  1.000000e+00  -1.000000e+00  1.000000e+00
1.000000e+04  3.947373e+03  1.223280e+04  3.025817e+03  1.000000e+04  1.133040e+00  2.087610e-01  9.242790e-01  5.077718e+00  4.067617e+00  5.077718e+00  8.157520e-01  3.295780e-01  7.128613e-01  6.733846e-01  6.726548e-03  1.153214e+00  5.711603e+04  2.846122e+05  2.601556e+56  3.116592e+55  3.725386e-06  -6.264313e+103  1.000000e+00  -1.000000e+00  1.000000e+00
1.000000e+04  4.351050e+03  1.223280e+04  3.429500e+03  1.000000e+04  1.111048e+00  2.351940e-01  8.758540e-01  4.977285e+00  4.196734e+00  4.977285e+00  7.883140e-01  3.297022e-01  7.134858e-01  6.951705e-01  6.633440e-03  1.135110e+00  6.576504e+04  2.701919e+05  2.942882e+56  2.957069e+55  3.923483e-06  -6.018229e+103  1.000000e+00  -1.000000e+00  1.000000e+00
1.000000e+04  4.808596e+03  1.223280e+04  3.887040e+03  1.000000e+04  1.089879e+00  2.639610e-01  8.259180e-01  4.868613e+00  4.327647e+00  4.868613e+00  7.578070e-01  3.306395e-01  7.182205e-01  7.155327e-01  6.584930e-03  1.110928e+00  7.544412e+04  2.552552e+05  3.319013e+56  2.792735e+55  4.033661e-06  -5.885874e+103  1.000000e+00  -1.000000e+00  1.000000e+00
1.000000e+04  5.327181e+03  1.223280e+04  4.405622e+03  1.000000e+04  1.070440e+00  2.950770e-01  7.753630e-01  4.753793e+00  4.460687e+00  4.753793e+00  7.243400e-01  3.325858e-01  7.281793e-01  7.336948e-01  6.652988e-03  1.089951e+00  8.588541e+04  2.400027e+05  3.713407e+56  2.625693e+55  4.331963e-06  -5.835697e+103  1.000000e+00  -1.000000e+00  1.000000e+00
1.000000e+04  5.914947e+03  1.223280e+04  4.993389e+03  1.000000e+04  1.053644e+00  3.285300e-01  7.251140e-01  4.635671e+00  4.596147e+00  4.635671e+00  6.881970e-01  3.357090e-01  7.445287e-01  7.471418e-01  6.951896e-03  1.086919e+00  9.756099e+04  2.246401e+05  4.152071e+56  2.457867e+55  4.750896e-06  -5.497464e+103  1.000000e+00  -1.000000e+00  1.000000e+00
1.000000e+04  6.581126e+03  1.223280e+04  5.659571e+03  1.000000e+04  1.040342e+00  3.645580e-01  6.757840e-01  4.744841e+00  4.744841e+00  4.516497e+00  6.495790e-01  3.238441e-01  6.847538e-01  6.849009e-01  6.454215e-03  1.208019e+00  1.101523e+05  2.093312e+05  4.617540e+56  2.290592e+55  6.055296e-06  -5.432070e+103  1.000000e+00  -1.000000e+00  1.000000e+00
1.000000e+04  7.336183e+03  1.223280e+04  6.414631e+03  1.000000e+04  1.031426e+00  4.041650e-01  6.272610e-01  4.923951e+00  4.923951e+00  4.394962e+00  6.081490e-01  3.093899e-01  6.196158e-01  6.197298e-01  5.526661e-03  1.299694e+00  1.240034e+05  1.941353e+05  5.132769e+56  2.124821e+55  7.580988e-05  -5.117771e+103  1.000000e+00  -1.000000e+00  1.000000e+00
1.000000e+04  8.191984e+03  1.223280e+04  7.270426e+03  1.000000e+04  1.027827e+00  4.479690e-01  5.798590e-01  5.133607e+00  5.133607e+00  4.271670e+00  5.641600e-01  2.957190e-01  5.644836e-01  5.645725e-01  5.294046e-03  1.560633e+00  1.389141e+05  1.791786e+05  5.689382e+56  1.961919e+55  8.027218e-05  -4.811365e+103  1.000000e+00  -1.000000e+00  1.000000e+00
1.000000e+04  9.161955e+03  1.223280e+04  8.240395e+03  1.000000e+04  1.030291e+00  4.963050e-01  5.339860e-01  5.370613e+00  5.370613e+00  4.148061e+00  5.182860e-01  2.833465e-01  5.191550e-01  5.192235e-01  5.262286e-03  1.920850e+00  1.552374e+05  1.645885e+05  6.310264e+56  1.803100e+55  1.821726e-06  -4.128668e+103  1.000000e+00  -1.000000e+00  1.000000e+00
1.000000e+04  1.026133e+04  1.223280e+04  9.339770e+03  1.000000e+04  1.039201e+00  5.491990e-01  4.900030e-01  5.628421e+00  5.628421e+00  4.025783e+00  4.715180e-01  2.727060e-01  4.831704e-01  4.832243e-01  5.788560e-03  2.558619e+00  1.727633e+05  1.504765e+05  6.985841e+56  1.649307e+55  2.753934e-06  -3.602606e+103  1.000000e+00  -1.000000e+00  1.000000e+00
1.000000e+04  1.150737e+04  1.223280e+04  1.058582e+04  1.000000e+04  1.054423e+00  6.062640e-01  4.481590e-01  5.897497e+00  5.897497e+00  3.906448e+00  4.250280e-01  2.640759e-01  4.557905e-01  4.558340e-01  6.500155e-03  3.374316e+00  1.914354e+05  1.369295e+05  7.715521e+56  1.501095e+55  3.053297e-06  -2.894883e+103  1.000000e+00  -1.000000e+00  1.000000e+00
1.000000e+04  1.291966e+04  1.223280e+04  1.199810e+04  1.000000e+04  1.075285e+00  6.673540e-01  4.079310e-01  6.166463e+00  6.166463e+00  3.786473e+00  3.793700e-01  2.575546e-01  4.360779e-01  4.361138e-01  7.366565e-03  4.333388e+00  2.110291e+05  1.239366e+05  8.487835e+56  1.358553e+55  3.174157e-06  -2.322888e+103  1.000000e+00  -1.000000e+00  1.000000e+00
1.000000e+04  1.452036e+04  1.223280e+04  1.359880e+04  1.000000e+04  1.100722e+00  7.315870e-01  3.691350e-01  6.423760e+00  6.423760e+00  3.662981e+00  3.353570e-01  2.530871e-01  4.230269e-01  4.230569e-01  8.223843e-03  5.279988e+00  2.314060e+05  1.115321e+05  9.295690e+56  1.222477e+55  3.248765e-06  -1.770058e+103  1.000000e+00  -1.000000e+00  1.000000e+00
1.000000e+04  1.633462e+04  1.223280e+04  1.541306e+04  1.000000e+04  1.129227e+00  7.971430e-01  3.320840e-01  6.659270e+00  6.659270e+00  3.536614e+00  2.940810e-01  2.504587e-01  4.155128e-01  4.155387e-01  9.005869e-03  6.091934e+00  2.517449e+05  9.980088e+04  1.009258e+57  1.093800e+55  3.269249e-06  -1.335256e+103  1.000000e+00  -1.000000e+00  1.000000e+00
1.000000e+04  1.839092e+04  1.223280e+04  1.746936e+04  1.000000e+04  1.159136e+00  8.620950e-01  2.970400e-01  6.866327e+00  6.866327e+00  3.408056e+00  2.562600e-01  2.493397e-01  4.123496e-01  4.123717e-01  9.616328e-03  6.652263e+00  2.720148e+05  8.880888e+04  1.087796e+57  9.732441e+54  3.146768e-06  -9.209106e+102  1.000000e+00  -1.000000e+00  1.000000e+00
1.000000e+04  2.071233e+04  1.223280e+04  1.979078e+04  1.000000e+04  1.188771e+00  9.244460e-01  2.643250e-01  7.041206e+00  7.041206e+00  3.278500e+00  2.223520e-01  2.493634e-01  4.124164e-01  4.124360e-01  1.004879e-02  6.948069e+00  2.918483e+05  7.863893e+04  1.163460e+57  8.617171e+54  3.066712e-06  -6.302942e+102  1.000000e+00  -1.000000e+00  1.000000e+00
