# Phase transition detected in NM EOS:
#   P_t    = 30.0000 MeV/fm3
#   e_low  = 294.5820 MeV/fm3
#   e_high = 545.4358 MeV/fm3
#   delta_e= 250.8538 MeV/fm3
# Two-fluid TOV: Full results
# Columns: Pc_DM[MeV/fm3]  ec_NM[MeV/fm3]  ec_DM[MeV/fm3]  Pc_NM[MeV/fm3]  Pc_DM[MeV/fm3]  M[Msun]  M_NM[Msun]  M_DM[Msun]  R_total[km]  R_NM[km]  R_DM[km]  f_DM  Compactness  z_total  z_NM_surf  k2  Lambda  A_NM  A_DM  N_NM  N_DM  dM_dNB  detJ  stable_hippert  stable_jac  phase
0.0100  103.0404  126.6690  1.0000  0.0100  0.117232  0.117211  0.000021  16.077937  16.077937  0.361102  0.000179  1.076957e-02  1.094673e-02  1.094673e-02  0.023891  109939675.0008  1.762114e+04  3.095494e+00  1.474182e+56  1.169076e+53  6.516650e-06  8.041040e+106  +1  +1  0
0.0100  107.6573  126.6690  1.1334  0.0100  0.126074  0.126054  0.000020  15.320660  15.320660  0.357306  0.000161  1.215434e-02  1.238052e-02  1.238052e-02  0.028517  71671820.5989  1.897811e+04  2.998886e+00  1.586519e+56  1.132590e+53  6.510348e-06  7.526843e+106  +1  +1  0
0.0100  113.1115  126.6690  1.2846  0.0100  0.135881  0.135862  0.000020  14.702262  14.702262  0.352876  0.000144  1.365075e-02  1.393678e-02  1.393678e-02  0.033797  47533337.5552  2.048615e+04  2.888779e+00  1.709110e+56  1.091006e+53  6.495938e-06  6.926721e+106  +1  +1  0
0.0100  119.1072  126.6690  1.4560  0.0100  0.146696  0.146677  0.000019  14.188792  14.188792  0.348201  0.000128  1.527055e-02  1.562948e-02  1.562948e-02  0.039675  31852746.6868  2.215325e+04  2.775510e+00  1.843141e+56  1.048227e+53  6.478966e-06  6.987426e+106  +1  +1  0
0.0100  125.0167  126.6690  1.6503  0.0100  0.158516  0.158498  0.000018  13.760439  13.760439  0.343709  0.000114  1.701461e-02  1.746155e-02  1.746155e-02  0.046039  21524028.9496  2.398040e+04  2.669516e+00  1.988849e+56  1.008196e+53  6.459537e-06  6.974039e+106  +1  +1  0
0.0100  131.6026  126.6690  1.8704  0.0100  0.171417  0.171400  0.000017  13.400840  13.400840  0.338901  0.000101  1.889315e-02  1.944601e-02  1.944601e-02  0.052815  14626742.8288  2.598111e+04  2.559076e+00  2.147360e+56  9.664866e+52  6.438305e-06  7.034053e+106  +1  +1  0
0.0100  137.9494  126.6690  2.1200  0.0100  0.185453  0.185436  0.000017  13.097841  13.097841  0.334382  0.000090  2.091295e-02  2.159271e-02  2.159271e-02  0.059889  9981181.3588  2.816509e+04  2.458092e+00  2.319447e+56  9.283479e+52  6.413025e-06  5.856231e+106  +1  +1  0
0.0100  152.7256  126.6690  2.4028  0.0100  0.198414  0.198399  0.000015  12.865461  12.865461  0.325026  0.000077  2.277869e-02  2.358777e-02  2.358777e-02  0.065989  7173583.2269  3.019043e+04  2.257556e+00  2.478006e+56  8.526115e+52  6.387088e-06  7.036456e+106  +1  +1  0
0.0100  157.6382  126.6690  2.7234  0.0100  0.212506  0.212491  0.000015  12.648688  12.648688  0.321710  0.000070  2.481460e-02  2.577818e-02  2.577818e-02  0.072094  5108226.9033  3.240176e+04  2.189181e+00  2.650099e+56  8.267884e+52  6.361158e-06  8.798304e+106  +1  +1  0
0.0100  162.7167  126.6690  3.0867  0.0100  0.228996  0.228982  0.000014  12.448078  12.448078  0.318335  0.000063  2.717112e-02  2.833119e-02  2.833119e-02  0.078752  3545144.0063  3.499974e+04  2.121024e+00  2.851732e+56  8.010474e+52  6.334727e-06  9.621136e+106  +1  +1  0
0.0100  167.9681  126.6690  3.4985  0.0100  0.248101  0.248087  0.000014  12.272407  12.272407  0.314898  0.000056  2.985933e-02  3.126693e-02  3.126693e-02  0.085890  2412395.5280  3.802277e+04  2.053088e+00  3.085870e+56  7.753898e+52  6.305961e-06  1.041444e+107  +1  +1  0
0.0100  173.4000  126.6690  3.9652  0.0100  0.270026  0.270012  0.000013  12.126140  12.126140  0.311397  0.000050  3.289004e-02  3.460706e-02  3.460706e-02  0.093382  1617514.4776  4.150855e+04  1.985372e+00  3.355307e+56  7.498157e+52  6.273591e-06  1.116671e+107  +1  +1  0
0.0100  179.0190  126.6690  4.4943  0.0100  0.294976  0.294963  0.000013  12.010917  12.010917  0.307827  0.000044  3.627375e-02  3.837485e-02  3.837485e-02  0.101064  1072865.1873  4.549757e+04  1.917895e+00  3.663023e+56  7.243318e+52  6.236978e-06  1.186960e+107  +1  +1  0
0.0100  184.8335  126.6690  5.0939  0.0100  0.323157  0.323144  0.000013  11.926516  11.926516  0.304186  0.000039  4.002042e-02  4.259521e-02  4.259521e-02  0.108754  706231.9916  5.003075e+04  1.850662e+00  4.011893e+56  6.989397e+52  6.196592e-06  1.251608e+107  +1  +1  0
0.0100  190.8524  126.6690  5.7734  0.0100  0.354773  0.354761  0.000012  11.871479  11.871479  0.300471  0.000034  4.413953e-02  4.729501e-02  4.729501e-02  0.116250  462556.1164  5.515176e+04  1.783682e+00  4.405010e+56  6.736434e+52  6.152100e-06  1.309973e+107  +1  +1  0
0.0100  197.0844  126.6690  6.5437  0.0100  0.390029  0.390018  0.000012  11.843633  11.843633  0.296676  0.000030  4.864002e-02  5.250333e-02  5.250333e-02  0.123349  302047.8329  6.090546e+04  1.716974e+00  4.845434e+56  6.484497e+52  6.103523e-06  1.361207e+107  +1  +1  0
0.0100  203.5396  126.6690  7.4167  0.0100  0.429125  0.429114  0.000011  11.840410  11.840410  0.292799  0.000026  5.353020e-02  5.825167e-02  5.825167e-02  0.129848  196947.3777  6.733938e+04  1.650553e+00  5.336298e+56  6.233646e+52  6.049368e-06  1.405575e+107  +1  +1  0
0.0100  210.2287  126.6690  8.4062  0.0100  0.472252  0.472242  0.000011  11.859081  11.859081  0.288836  0.000023  5.881724e-02  6.457370e-02  6.457370e-02  0.135578  128403.3042  7.450457e+04  1.584441e+00  5.881061e+56  5.983961e+52  5.990606e-06  1.442035e+107  +1  +1  0
0.0100  217.1631  126.6690  9.5277  0.0100  0.519587  0.519577  0.000010  11.896896  11.896896  0.284781  0.000020  6.450696e-02  7.150547e-02  7.150547e-02  0.140374  83784.4994  8.244796e+04  1.518668e+00  6.482526e+56  5.735556e+52  5.926608e-06  1.470007e+107  +1  +1  0
0.0100  224.3537  126.6690  10.7988  0.0100  0.571287  0.571277  0.000010  11.933051  11.933051  0.280633  0.000017  7.071057e-02  7.921980e-02  7.921980e-02  0.145202  54759.5558  9.122446e+04  1.453276e+00  7.144151e+56  5.488589e+52  5.857273e-06  1.489055e+107  +1  +1  0
0.0100  231.8138  126.6690  12.2395  0.0100  0.627480  0.627471  0.000009  11.975510  11.975510  0.276386  0.000015  7.739050e-02  8.771564e-02  8.771564e-02  0.149375  35871.3502  1.008789e+05  1.388306e+00  7.868328e+56  5.243217e+52  5.783089e-06  1.498124e+107  +1  +1  0
0.0100  239.5612  126.6690  13.8724  0.0100  0.688262  0.688253  0.000009  12.033676  12.033676  0.272036  0.000013  8.447675e-02  9.695127e-02  9.695127e-02  0.152089  23567.9633  1.114644e+05  1.323791e+00  8.657938e+56  4.999562e+52  5.702298e-06  1.497499e+107  +1  +1  0
0.0100  247.6067  126.6690  15.7232  0.0100  0.753682  0.753673  0.000009  12.104908  12.104908  0.267580  0.000011  9.196197e-02  1.069670e-01  1.069670e-01  0.153310  15539.5168  1.230250e+05  1.259814e+00  9.515159e+56  4.757940e+52  5.615270e-06  1.486930e+107  +1  +1  0
0.0100  255.9695  126.6690  17.8208  0.0100  0.823737  0.823729  0.000008  12.186448  12.186448  0.263015  0.000010  9.983735e-02  1.178067e-01  1.178067e-01  0.153041  10286.1308  1.356072e+05  1.196435e+00  1.044177e+57  4.518579e+52  5.521743e-06  1.465709e+107  +1  +1  0
0.0100  264.6662  126.6690  20.1984  0.0100  0.898362  0.898355  0.000008  12.275654  12.275654  0.258337  0.000009  1.080908e-01  1.295156e-01  1.295156e-01  0.151367  6839.0662  1.492455e+05  1.133740e+00  1.143867e+57  4.281798e+52  5.423228e-06  1.433277e+107  +1  +1  0
0.0100  273.7197  126.6690  22.8931  0.0100  0.977425  0.977418  0.000007  12.370011  12.370011  0.253544  0.000007  1.167065e-01  1.421398e-01  1.421398e-01  0.148400  4569.5070  1.639663e+05  1.071809e+00  1.250566e+57  4.047903e+52  5.318514e-06  1.390447e+107  +1  +1  0
0.0100  283.1505  126.6690  25.9473  0.0100  1.060715  1.060708  0.000007  12.466965  12.466965  0.248634  0.000006  1.256666e-01  1.557281e-01  1.557281e-01  0.144289  3069.3280  1.797942e+05  1.010749e+00  1.364235e+57  3.817297e+52  5.206468e-06  1.338090e+107  +1  +1  0
0.0100  292.9824  126.6690  29.4090  0.0100  1.147945  1.147938  0.000006  12.564635  12.564635  0.243607  0.000006  1.349438e-01  1.703213e-01  1.703213e-01  0.139169  2073.4212  1.967429e+05  9.506722e-01  1.484727e+57  3.590405e+52  4.439510e-06  1.223129e+107  +1  +1  0
0.0100  548.6687  126.6690  33.3326  0.0100  1.153766  1.153763  0.000003  12.521954  12.521954  0.196968  0.000003  1.360904e-01  1.721636e-01  1.721636e-01  0.137631  1965.5734  1.980712e+05  5.025598e-01  1.492739e+57  1.898018e+52  2.223806e-05  -1.365951e+106  +1  -1  1
0.0100  553.1161  126.6690  37.7796  0.0100  1.145751  1.145747  0.000003  12.414329  12.414329  0.194738  0.000003  1.363165e-01  1.725280e-01  1.725280e-01  0.134546  1905.6259  1.969481e+05  4.856895e-01  1.481519e+57  1.834304e+52  -1.301765e-04  -9.348905e+105  -1  -1  1
0.0100  558.1558  126.6690  42.8198  0.0100  1.142979  1.142976  0.000003  12.281795  12.281795  0.192301  0.000003  1.374543e-01  1.743663e-01  1.743663e-01  0.129677  1761.8914  1.969698e+05  4.676817e-01  1.477053e+57  1.766294e+52  -1.259074e-04  2.729538e+104  -1  +1  1
0.0100  563.8691  126.6690  48.5326  0.0100  1.147262  1.147259  0.000003  12.133142  12.133142  0.189646  0.000003  1.396596e-01  1.779545e-01  1.779545e-01  0.123507  1549.6952  1.987006e+05  4.485783e-01  1.483435e+57  1.694146e+52  2.913071e-06  8.916391e+105  +1  +1  1
0.0100  570.3441  126.6690  55.0074  0.0100  1.159999  1.159996  0.000003  11.976523  11.976523  0.186766  0.000003  1.430567e-01  1.835467e-01  1.835467e-01  0.116451  1295.7196  2.020793e+05  4.284511e-01  1.500261e+57  1.618132e+52  3.877253e-06  1.557585e+106  +1  +1  1
0.0100  577.6823  126.6690  62.3461  0.0100  1.182129  1.182126  0.000003  11.819885  11.819885  0.183655  0.000002  1.477179e-01  1.913509e-01  1.913509e-01  0.108931  1032.5066  2.075421e+05  4.073979e-01  1.530505e+57  1.538620e+52  4.027719e-06  2.155807e+106  +1  +1  1
0.0100  586.0010  126.6690  70.6639  0.0100  1.214062  1.214059  0.000003  11.670026  11.670026  0.180311  0.000002  1.536564e-01  2.015211e-01  2.015211e-01  0.101300  788.4318  2.155383e+05  3.855435e-01  1.577193e+57  1.456082e+52  4.066040e-06  2.508685e+106  +1  +1  1
0.0100  595.4279  126.6690  80.0914  0.0100  1.255649  1.255647  0.000002  11.532242  11.532242  0.176732  0.000002  1.608186e-01  2.141405e-01  2.141405e-01  0.093834  581.5530  2.255431e+05  3.630427e-01  1.636396e+57  1.371104e+52  4.137940e-06  2.613033e+106  +1  +1  1
0.0100  606.1136  126.6690  90.7766  0.0100  1.306223  1.306220  0.000002  11.409805  11.409805  0.172923  0.000002  1.690910e-01  2.292232e-01  2.292232e-01  0.086661  417.9542  2.378336e+05  3.400714e-01  1.709707e+57  1.284348e+52  4.133342e-06  2.570493e+106  +1  +1  1
0.0100  618.2249  126.6690  102.8874  0.0100  1.364683  1.364680  0.000002  11.303993  11.303993  0.168890  0.000002  1.783123e-01  2.467168e-01  2.467168e-01  0.079867  295.3737  2.519051e+05  3.168280e-01  1.793257e+57  1.196565e+52  4.033517e-06  2.455820e+106  +1  +1  1
0.0100  631.9498  126.6690  116.6139  0.0100  1.429609  1.429607  0.000002  11.214265  11.214265  0.164643  0.000001  1.882903e-01  2.665137e-01  2.665137e-01  0.073454  206.9102  2.685957e+05  2.935251e-01  1.892405e+57  1.108557e+52  3.935105e-06  2.228722e+106  +1  +1  1
0.0100  647.5096  126.6690  132.1717  0.0100  1.499378  1.499376  0.000002  11.138780  11.138780  0.160196  0.000001  1.988177e-01  2.884581e-01  2.884581e-01  0.067393  144.6260  2.861148e+05  2.703801e-01  1.994203e+57  1.021145e+52  3.839229e-06  1.937708e+106  +1  +1  1
0.0100  665.1426  126.6690  149.8051  0.0100  1.572267  1.572265  0.000002  11.074899  11.074899  0.155568  0.000001  2.096854e-01  3.123526e-01  3.123526e-01  0.061678  101.4379  3.059368e+05  2.476144e-01  2.108509e+57  9.351653e+51  3.639448e-06  1.679734e+106  +1  +1  1
0.0100  685.1283  126.6690  169.7911  0.0100  1.646555  1.646553  0.000002  11.019575  11.019575  0.150777  0.000001  2.206952e-01  3.379683e-01  3.379683e-01  0.056290  71.6759  3.265714e+05  2.254379e-01  2.224473e+57  8.514113e+51  3.503973e-06  1.378460e+106  +1  +1  1
0.0100  707.7821  126.6690  192.4434  0.0100  1.720583  1.720582  0.000001  10.969753  10.969753  0.145848  0.000001  2.316650e-01  3.650431e-01  3.650431e-01  0.051209  51.1626  3.483282e+05  2.040455e-01  2.343893e+57  7.706188e+51  3.363785e-06  1.099626e+106  +1  +1  1
0.0100  733.4544  126.6690  218.1178  0.0100  1.792841  1.792840  0.000001  10.922597  10.922597  0.140807  0.000001  2.424362e-01  3.932934e-01  3.932934e-01  0.046461  36.9836  3.700594e+05  1.836108e-01  2.458478e+57  6.934430e+51  3.168616e-06  8.665227e+105  +1  +1  1
0.0100  762.5564  126.6690  247.2176  0.0100  1.861965  1.861964  0.000001  10.875601  10.875601  0.135680  0.000001  2.528715e-01  4.224061e-01  4.224061e-01  0.042041  27.1073  3.930787e+05  1.642765e-01  2.577176e+57  6.204232e+51  2.961692e-06  6.703412e+105  +1  +1  1
0.0100  795.5386  126.6690  280.1996  0.0100  1.926822  1.926821  0.000001  10.826671  10.826671  0.130496  0.000001  2.628623e-01  4.520606e-01  4.520606e-01  0.037969  20.1694  4.152751e+05  1.461567e-01  2.685193e+57  5.519901e+51  2.769743e-06  4.975856e+105  +1  +1  1
0.0100  832.9189  126.6690  317.5819  0.0100  1.986479  1.986478  0.000001  10.774071  10.774071  0.125283  0.000000  2.723239e-01  4.819251e-01  4.819251e-01  0.034243  15.2425  4.381041e+05  1.293305e-01  2.792653e+57  4.884424e+51  2.573578e-06  3.620088e+105  +1  +1  1
0.0100  875.2916  126.6690  359.9514  0.0100  2.040237  2.040236  0.000001  10.716667  10.716667  0.120068  0.000000  2.811917e-01  5.116565e-01  5.116565e-01  0.030867  11.7053  4.592954e+05  1.138432e-01  2.883962e+57  4.299516e+51  2.380790e-06  2.512204e+105  +1  +1  1
0.0100  923.3117  126.6690  407.9736  0.0100  2.087605  2.087604  0.000001  10.653565  10.653565  0.114878  0.000000  2.894243e-01  5.409226e-01  5.409226e-01  0.027827  9.1349  4.805940e+05  9.971034e-02  2.971548e+57  3.765761e+51  2.126130e-06  1.772033e+105  +1  +1  1
0.0100  977.7420  126.6690  462.4025  0.0100  2.128295  2.128295  0.000001  10.584245  10.584245  0.109738  0.000000  2.969981e-01  5.694047e-01  5.694047e-01  0.025108  7.2436  5.005971e+05  8.691738e-02  3.045950e+57  3.282609e+51  1.929956e-06  1.136529e+105  +1  +1  1
0.0100  1039.4339  126.6690  524.0930  0.0100  2.162203  2.162202  0.000001  10.508592  10.508592  0.104672  0.000000  3.039019e-01  5.967920e-01  5.967920e-01  0.022695  5.8367  5.190897e+05  7.542640e-02  3.106223e+57  2.848629e+51  1.674040e-06  7.279495e+104  +1  +1  1
0.0100  1109.3497  126.6690  594.0138  0.0100  2.189371  2.189371  0.000000  10.426667  10.426667  0.099699  0.000000  3.101384e-01  6.228052e-01  6.228052e-01  0.020560  4.7770  5.369655e+05  6.517966e-02  3.159141e+57  2.461641e+51  1.398948e-06  4.479501e+104  +1  +1  1
0.0100  1188.6046  126.6690  673.2629  0.0100  2.209984  2.209984  0.000000  10.338721  10.338721  0.094839  0.000000  3.157213e-01  6.472044e-01  6.472044e-01  0.018685  3.9708  5.529326e+05  5.610374e-02  3.196342e+57  2.118870e+51  1.117496e-06  2.479867e+104  +1  +1  1
0.0100  1278.4252  126.6690  763.0849  0.0100  2.224321  2.224321  0.000000  10.245174  10.245174  0.090105  0.000000  3.206711e-01  6.697823e-01  6.697823e-01  0.017035  3.3492  5.679571e+05  4.811593e-02  3.225217e+57  1.817195e+51  7.716319e-07  1.417361e+104  +1  +1  1
0.0100  1380.2298  126.6690  864.8903  0.0100  2.232745  2.232744  0.000000  10.146792  10.146792  0.085512  0.000000  3.250064e-01  6.903395e-01  6.903395e-01  0.015595  2.8670  5.819643e+05  4.112659e-02  3.246001e+57  1.553228e+51  4.100883e-07  5.875399e+103  +1  +1  1
0.0100  1495.6207  126.6690  980.2778  0.0100  2.235683  2.235683  0.000000  10.044139  10.044139  0.081069  0.000000  3.287601e-01  7.087657e-01  7.087657e-01  0.014339  2.4890  5.937679e+05  3.504375e-02  3.251106e+57  1.323498e+51  1.410915e-08  5.157581e+102  +1  +1  1
0.0100  1626.3973  126.6690  1111.0596  0.0100  2.233594  2.233593  0.000000  9.937948  9.937948  0.076785  0.000000  3.319625e-01  7.249715e-01  7.249715e-01  0.013261  2.1930  6.043766e+05  2.977611e-02  3.248252e+57  1.124554e+51  -5.299051e-07  -2.188084e+103  -1  -1  1
0.0100  1774.6318  126.6690  1259.2893  0.0100  2.226965  2.226964  0.000000  9.828997  9.828997  0.072664  0.000000  3.346461e-01  7.389125e-01  7.389125e-01  0.012328  1.9582  6.127417e+05  2.523482e-02  3.230906e+57  9.530434e+50  -1.162661e-06  -3.589357e+103  -1  -1  1
0.0100  1942.6373  126.6690  1427.2948  0.0100  2.216284  2.216284  0.000000  9.718098  9.718098  0.068711  0.000000  3.368416e-01  7.505735e-01  7.505735e-01  0.011520  1.7711  6.199502e+05  2.133592e-02  3.207105e+57  8.057939e+50  -1.955254e-06  -3.498758e+103  -1  -1  1
0.0100  2133.0527  126.6690  1617.7144  0.0100  2.202051  2.202051  0.000000  9.606107  9.606107  0.064926  0.000000  3.385802e-01  7.599756e-01  7.599756e-01  0.010825  1.6219  6.259998e+05  1.800103e-02  3.177469e+57  6.798451e+50  -2.986969e-06  -3.145081e+103  -1  -1  1
0.0100  2348.8827  126.6690  1833.5384  0.0100  2.184741  2.184741  0.000000  9.493799  9.493799  0.061310  0.000000  3.398924e-01  7.671731e-01  7.671731e-01  0.010228  1.5031  6.309388e+05  1.515814e-02  3.142855e+57  5.724776e+50  -4.393775e-06  -2.668621e+103  -1  -1  1
0.0100  2593.4963  126.6690  2078.1562  0.0100  2.164824  2.164824  0.000000  9.382049  9.382049  0.057863  0.000000  3.408055e-01  7.722335e-01  7.722335e-01  0.009718  1.4092  6.348463e+05  1.274211e-02  3.104295e+57  4.812314e+50  -9.492610e-06  -2.348991e+103  -1  -1  1
0.0100  2870.7514  126.6690  2355.4091  0.0100  2.142740  2.142740  0.000000  9.271504  9.271504  0.054581  0.000000  3.413508e-01  7.752768e-01  7.752768e-01  0.009284  1.3355  6.367453e+05  1.069444e-02  3.055307e+57  4.038971e+50  -2.019099e-05  -2.024247e+103  -1  -1  1
0.0100  3184.9955  126.6690  2669.6512  0.0100  2.118910  2.118910  0.000000  9.162879  9.162879  0.051461  0.000000  3.415563e-01  7.764274e-01  7.764274e-01  0.008916  1.2787  6.377154e+05  8.963276e-03  3.003592e+57  3.385161e+50  -2.420112e-05  -1.481861e+103  -1  -1  1
0.0100  3541.1532  126.6690  3025.8172  0.0100  2.093728  2.093728  0.000000  9.056996  9.056996  0.048499  0.000000  3.414426e-01  7.757904e-01  7.757904e-01  0.008612  1.2371  6.387733e+05  7.502930e-03  2.956535e+57  2.833632e+50  1.403806e-04  -1.110231e+103  +1  -1  1
0.0100  3944.8452  126.6690  3429.5004  0.0100  2.067562  2.067562  0.000000  8.954439  8.954439  0.045690  0.000000  3.410373e-01  7.735253e-01  7.735253e-01  0.008362  1.2084  6.381315e+05  6.273457e-03  2.901824e+57  2.369297e+50  3.430816e-05  -9.362136e+102  +1  -1  1
0.0100  4402.3826  126.6690  3887.0401  0.0100  2.040745  2.040745  0.000000  8.855595  8.855595  0.043030  0.000000  3.403711e-01  7.698204e-01  7.698204e-01  0.008158  1.1905  6.359351e+05  5.240208e-03  2.840539e+57  1.979070e+50  1.326164e-05  -7.015050e+102  +1  -1  1
0.0100  4920.9625  126.6690  4405.6215  0.0100  2.013592  2.013592  0.000000  8.761156  8.761156  0.040512  0.000000  3.394624e-01  7.648048e-01  7.648048e-01  0.007997  1.1827  6.340201e+05  4.373227e-03  2.785498e+57  1.651637e+50  1.282474e-05  -4.836986e+102  +1  -1  1
0.0100  5508.7341  126.6690  4993.3885  0.0100  1.986385  1.986385  0.000000  8.671403  8.671403  0.038132  0.000000  3.383419e-01  7.586777e-01  7.586777e-01  0.007873  1.1838  6.315669e+05  3.646784e-03  2.730955e+57  1.377281e+50  9.594458e-06  -3.662095e+102  +1  -1  1
0.0100  6174.9095  126.6690  5659.5711  0.0100  1.959385  1.959385  0.000000  8.586920  8.586920  0.035883  0.000000  3.370264e-01  7.515653e-01  7.515653e-01  0.007787  1.1939  6.278964e+05  3.038863e-03  2.672098e+57  1.147687e+50  7.789008e-06  -2.663589e+102  +1  -1  1
0.0100  6929.9756  126.6690  6414.6311  0.0100  1.932826  1.932826  0.000000  8.507947  8.507947  0.033760  0.000000  3.355442e-01  7.436543e-01  7.436543e-01  0.007731  1.2117  6.246466e+05  2.530688e-03  2.620210e+57  9.557651e+49  7.259048e-06  -1.869926e+102  +1  -1  1
0.0100  7785.7703  126.6690  7270.4259  0.0100  1.906920  1.906920  0.000000  8.434691  8.434691  0.031756  0.000000  3.339219e-01  7.351175e-01  7.351175e-01  0.007700  1.2365  6.203698e+05  2.106318e-03  2.565049e+57  7.954931e+49  6.381920e-06  -1.338432e+102  +1  -1  1
0.0100  8755.7337  126.6690  8240.3948  0.0100  1.881853  1.881853  0.000000  8.367464  8.367464  0.029866  0.000000  3.321800e-01  7.260890e-01  7.260890e-01  0.007696  1.2685  6.166100e+05  1.752242e-03  2.517187e+57  6.617692e+49  6.022432e-06  -9.238596e+101  +1  -1  1
0.0100  9855.1162  126.6690  9339.7702  0.0100  1.857795  1.857795  0.000000  8.306418  8.306418  0.028085  0.000000  3.303434e-01  7.167204e-01  7.167204e-01  0.007713  1.3072  6.120136e+05  1.457046e-03  2.466995e+57  5.502825e+49  5.077567e-06  -6.788997e+101  +1  -1  1
0.0100  11101.1575  126.6690  10585.8164  0.0100  1.834892  1.834892  0.000000  8.251594  8.251594  0.026407  0.000000  3.284387e-01  7.071642e-01  7.071642e-01  0.007749  1.3517  6.073576e+05  1.211109e-03  2.419623e+57  4.573998e+49  4.780968e-06  -4.685607e+101  +1  -1  1
0.0100  12513.4446  126.6690  11998.1012  0.0100  1.813269  1.813269  0.000000  8.203040  8.203040  0.024826  0.000000  3.264893e-01  6.975471e-01  6.975471e-01  0.007800  1.4017  6.027003e+05  1.006338e-03  2.375244e+57  3.800637e+49  4.882123e-06  -3.064586e+101  +1  -1  1
0.0100  14114.1489  126.6690  13598.8032  0.0100  1.793033  1.793033  0.000000  8.160709  8.160709  0.023337  0.000000  3.245203e-01  6.879967e-01  6.879967e-01  0.007864  1.4566  5.987219e+05  8.359336e-04  2.338360e+57  3.157071e+49  4.649755e-06  -2.045364e+101  +1  -1  1
0.0100  15928.3955  126.6690  15413.0595  0.0100  1.774272  1.774272  0.000000  8.124568  8.124568  0.021935  0.000000  3.225533e-01  6.786148e-01  6.786148e-01  0.007937  1.5156  5.942056e+05  6.941968e-04  2.300238e+57  2.621773e+49  4.042467e-06  -1.469958e+101  +1  -1  1
0.0100  17984.7070  126.6690  17469.3612  0.0100  1.757056  1.757056  0.000000  8.094357  8.094357  0.020616  0.000000  3.206157e-01  6.695245e-01  6.695245e-01  0.008017  1.5776  5.898298e+05  5.763542e-04  2.265347e+57  2.176717e+49  3.826893e-06  -9.814268e+100  +1  -1  1
0.0100  20310.1824  126.6690  19794.8396  0.0100  1.741464  1.741464  0.000000  8.070003  8.070003  0.019378  0.000000  3.187297e-01  6.608164e-01  6.608164e-01  0.008099  1.6415  5.856431e+05  4.786007e-04  2.233774e+57  1.807531e+49  3.724016e-06  -7.197443e+100  +1  -1  1

0.0137  103.0404  128.6773  1.0000  0.0137  0.116930  0.116897  0.000033  16.106226  16.106226  0.417391  0.000281  1.072292e-02  1.089853e-02  1.089853e-02  0.023734  111612130.8051  1.757301e+04  4.856356e+00  1.470122e+56  1.834079e+53  6.516386e-06  1.018034e+107  +1  +1  0
0.0137  107.6573  128.6773  1.1334  0.0137  0.125750  0.125718  0.000032  15.342566  15.342566  0.413073  0.000253  1.210570e-02  1.233005e-02  1.233005e-02  0.028342  72676355.7969  1.892662e+04  4.707145e+00  1.582276e+56  1.777727e+53  6.510685e-06  9.540175e+106  +1  +1  0
0.0137  113.1115  128.6773  1.2846  0.0137  0.135555  0.135524  0.000031  14.718609  14.718609  0.407986  0.000226  1.360283e-02  1.388683e-02  1.388683e-02  0.033617  48119527.1373  2.043426e+04  4.535476e+00  1.704894e+56  1.712894e+53  6.496535e-06  8.790789e+106  +1  +1  0
0.0137  119.1072  128.6773  1.4560  0.0137  0.146372  0.146342  0.000030  14.201015  14.201015  0.402625  0.000202  1.522368e-02  1.558039e-02  1.558039e-02  0.039495  32199801.0110  2.210173e+04  4.359052e+00  1.838996e+56  1.646264e+53  6.479325e-06  8.870885e+106  +1  +1  0
0.0137  125.0167  128.6773  1.6503  0.0137  0.158194  0.158166  0.000028  13.769647  13.769647  0.397468  0.000179  1.696875e-02  1.741325e-02  1.741325e-02  0.045864  21733448.0317  2.392921e+04  4.193754e+00  1.984757e+56  1.583837e+53  6.460163e-06  8.855922e+106  +1  +1  0
0.0137  131.6026  128.6773  1.8704  0.0137  0.171102  0.171074  0.000027  13.407755  13.407755  0.391949  0.000159  1.884863e-02  1.939885e-02  1.939885e-02  0.052646  14752949.1163  2.593067e+04  4.021547e+00  2.143355e+56  1.518800e+53  6.438822e-06  8.934762e+106  +1  +1  0
0.0137  137.9494  128.6773  2.1200  0.0137  0.185141  0.185115  0.000026  13.103067  13.103067  0.386758  0.000141  2.086952e-02  2.154641e-02  2.154641e-02  0.059731  10058778.9729  2.811527e+04  3.863912e+00  2.315512e+56  1.459267e+53  6.413352e-06  7.442688e+106  +1  +1  0
0.0137  152.7256  128.6773  2.4028  0.0137  0.198153  0.198128  0.000024  12.869237  12.869237  0.376006  0.000121  2.274199e-02  2.354841e-02  2.354841e-02  0.065863  7217899.8741  3.014840e+04  3.550635e+00  2.474716e+56  1.340953e+53  6.387771e-06  8.937745e+106  +1  +1  0
0.0137  157.6382  128.6773  2.7234  0.0137  0.212237  0.212214  0.000023  12.651857  12.651857  0.372194  0.000110  2.477703e-02  2.573764e-02  2.573764e-02  0.071976  5138627.7493  3.235827e+04  3.443791e+00  2.646700e+56  1.300601e+53  6.362002e-06  1.117438e+107  +1  +1  0
0.0137  162.7167  128.6773  3.0867  0.0137  0.228719  0.228697  0.000023  12.450589  12.450589  0.368315  0.000099  2.713282e-02  2.828953e-02  2.828953e-02  0.078638  3565062.1536  3.495481e+04  3.337253e+00  2.848236e+56  1.260366e+53  6.335187e-06  1.222276e+107  +1  +1  0
0.0137  167.9681  128.6773  3.4985  0.0137  0.247817  0.247795  0.000022  12.274286  12.274286  0.364364  0.000088  2.982062e-02  3.122447e-02  3.122447e-02  0.085783  2425073.3401  3.797653e+04  3.231026e+00  3.082280e+56  1.220248e+53  6.306215e-06  1.323455e+107  +1  +1  0
0.0137  173.4000  128.6773  3.9652  0.0137  0.269737  0.269716  0.000021  12.127462  12.127462  0.360337  0.000078  3.285127e-02  3.456413e-02  3.456413e-02  0.093279  1625300.1518  4.146156e+04  3.125110e+00  3.351664e+56  1.180247e+53  6.273963e-06  1.419380e+107  +1  +1  0
0.0137  179.0190  128.6773  4.4943  0.0137  0.294684  0.294664  0.000020  12.011772  12.011772  0.356231  0.000069  3.623527e-02  3.833177e-02  3.833177e-02  0.100973  1077601.3405  4.544959e+04  3.019533e+00  3.659308e+56  1.140374e+53  6.237642e-06  1.509054e+107  +1  +1  0
0.0137  184.8335  128.6773  5.0939  0.0137  0.322864  0.322844  0.000020  11.926997  11.926997  0.352043  0.000061  3.998247e-02  4.255221e-02  4.255221e-02  0.108668  709027.3466  4.998224e+04  2.914301e+00  4.008152e+56  1.100631e+53  6.197163e-06  1.591627e+107  +1  +1  0
0.0137  190.8524  128.6773  5.7734  0.0137  0.354481  0.354462  0.000019  11.871672  11.871672  0.347767  0.000054  4.410242e-02  4.725239e-02  4.725239e-02  0.116179  464219.7821  5.510285e+04  2.809430e+00  4.401248e+56  1.061025e+53  6.152659e-06  1.666205e+107  +1  +1  0
0.0137  197.0844  128.6773  6.5437  0.0137  0.389739  0.389721  0.000018  11.843609  11.843609  0.343401  0.000047  4.860394e-02  5.246126e-02  5.246126e-02  0.123288  303021.3217  6.085659e+04  2.704947e+00  4.841697e+56  1.021566e+53  6.103758e-06  1.731789e+107  +1  +1  0
0.0137  203.5396  128.6773  7.4167  0.0137  0.428839  0.428822  0.000018  11.840256  11.840256  0.338938  0.000041  5.349522e-02  5.821020e-02  5.821020e-02  0.129803  197522.8335  6.729118e+04  2.600878e+00  5.332621e+56  9.822624e+52  6.049328e-06  1.788613e+107  +1  +1  0
0.0137  210.2287  128.6773  8.4062  0.0137  0.471971  0.471954  0.000017  11.858802  11.858802  0.334374  0.000036  5.878363e-02  6.453316e-02  6.453316e-02  0.135540  128734.2553  7.445742e+04  2.497256e+00  5.877480e+56  9.431279e+52  5.990726e-06  1.835282e+107  +1  +1  0
0.0137  217.1631  128.6773  9.5277  0.0137  0.519313  0.519297  0.000016  11.896554  11.896554  0.329706  0.000031  6.447478e-02  7.146589e-02  7.146589e-02  0.140348  83977.7914  8.240147e+04  2.394128e+00  6.479020e+56  9.041799e+52  5.927125e-06  1.871043e+107  +1  +1  0
0.0137  224.3537  128.6773  10.7988  0.0137  0.571021  0.571005  0.000016  11.932645  11.932645  0.324928  0.000027  7.068004e-02  7.918143e-02  7.918143e-02  0.145181  54870.0051  9.117840e+04  2.291559e+00  7.140670e+56  8.654432e+52  5.857813e-06  1.895575e+107  +1  +1  0
0.0137  231.8138  128.6773  12.2395  0.0137  0.627223  0.627209  0.000015  11.975104  11.975104  0.320035  0.000024  7.736145e-02  8.767825e-02  8.767825e-02  0.149362  35935.7433  1.008338e+05  2.189615e+00  7.864947e+56  8.269422e+52  5.783493e-06  1.907507e+107  +1  +1  0
0.0137  239.5612  128.6773  13.8724  0.0137  0.688015  0.688001  0.000014  12.033261  12.033261  0.315022  0.000021  8.444936e-02  9.691512e-02  9.691512e-02  0.152086  23605.6062  1.114203e+05  2.088345e+00  8.654657e+56  7.886961e+52  5.702680e-06  1.906994e+107  +1  +1  0
0.0137  247.6067  128.6773  15.7232  0.0137  0.753447  0.753433  0.000013  12.104506  12.104506  0.309886  0.000018  9.193630e-02  1.069322e-01  1.069322e-01  0.153304  15560.6690  1.229823e+05  1.987883e+00  9.511987e+56  7.507551e+52  5.615494e-06  1.893877e+107  +1  +1  0
0.0137  255.9695  128.6773  17.8208  0.0137  0.823514  0.823501  0.000013  12.186049  12.186049  0.304623  0.000016  9.981355e-02  1.177735e-01  1.177735e-01  0.153046  10298.7029  1.355665e+05  1.888321e+00  1.043877e+57  7.131539e+52  5.522037e-06  1.867111e+107  +1  +1  0
0.0137  264.6662  128.6773  20.1984  0.0137  0.898152  0.898140  0.000012  12.275306  12.275306  0.299229  0.000013  1.080685e-01  1.294836e-01  1.294836e-01  0.151370  6846.2553  1.492058e+05  1.789795e+00  1.143577e+57  6.759439e+52  5.423658e-06  1.826032e+107  +1  +1  0
0.0137  273.7197  128.6773  22.8931  0.0137  0.977227  0.977216  0.000011  12.369699  12.369699  0.293701  0.000012  1.166858e-01  1.421090e-01  1.421090e-01  0.148411  4573.8872  1.639282e+05  1.692431e+00  1.250291e+57  6.391731e+52  5.318700e-06  1.771815e+107  +1  +1  0
0.0137  283.1505  128.6773  25.9473  0.0137  1.060531  1.060520  0.000011  12.466710  12.466710  0.288036  0.000010  1.256473e-01  1.556984e-01  1.556984e-01  0.144302  3071.9536  1.797585e+05  1.596398e+00  1.363979e+57  6.029047e+52  5.206624e-06  1.705365e+107  +1  +1  0
0.0137  292.9824  128.6773  29.4090  0.0137  1.147775  1.147765  0.000010  12.564399  12.564399  0.282235  0.000009  1.349263e-01  1.702933e-01  1.702933e-01  0.139177  2074.8772  1.967091e+05  1.501875e+00  1.484487e+57  5.672064e+52  4.452013e-06  1.559051e+107  +1  +1  0
0.0137  548.6687  128.6773  33.3326  0.0137  1.153770  1.153765  0.000005  12.522064  12.522064  0.228353  0.000005  1.360896e-01  1.721624e-01  1.721624e-01  0.137640  1965.7490  1.980736e+05  7.955422e-01  1.492759e+57  3.004489e+52  1.992718e-05  -1.742265e+106  +1  -1  1
0.0137  553.1161  128.6773  37.7796  0.0137  1.145752  1.145746  0.000005  12.414484  12.414484  0.225775  0.000005  1.363149e-01  1.725254e-01  1.725254e-01  0.134553  1905.8292  1.969510e+05  7.689032e-01  1.481545e+57  2.903883e+52  -1.329871e-04  -1.192709e+106  -1  -1  1
0.0137  558.1558  128.6773  42.8198  0.0137  1.142973  1.142968  0.000005  12.281955  12.281955  0.222956  0.000004  1.374517e-01  1.743623e-01  1.743623e-01  0.129692  1762.2673  1.969723e+05  7.404635e-01  1.477078e+57  2.796476e+52  -1.287091e-04  3.435163e+104  -1  +1  1
0.0137  563.8691  128.6773  48.5326  0.0137  1.147247  1.147242  0.000005  12.133302  12.133302  0.219885  0.000004  1.396560e-01  1.779486e-01  1.779486e-01  0.123516  1550.0085  1.987018e+05  7.102886e-01  1.483451e+57  2.682516e+52  2.910708e-06  1.136978e+106  +1  +1  1
0.0137  570.3441  128.6773  55.0074  0.0137  1.159973  1.159969  0.000005  11.976657  11.976657  0.216554  0.000004  1.430520e-01  1.835389e-01  1.835389e-01  0.116456  1295.9840  2.020785e+05  6.784914e-01  1.500262e+57  2.562429e+52  3.876551e-06  1.987394e+106  +1  +1  1
0.0137  577.6823  128.6773  62.3461  0.0137  1.182098  1.182094  0.000004  11.820010  11.820010  0.212955  0.000004  1.477126e-01  1.913419e-01  1.913419e-01  0.108942  1032.7992  2.075406e+05  6.452249e-01  1.530502e+57  2.436793e+52  4.027413e-06  2.751706e+106  +1  +1  1
0.0137  586.0010  128.6773  70.6639  0.0137  1.214026  1.214022  0.000004  11.670136  11.670136  0.209085  0.000003  1.536505e-01  2.015108e-01  2.015108e-01  0.101311  788.6705  2.155359e+05  6.106859e-01  1.577185e+57  2.306350e+52  4.066024e-06  3.202352e+106  +1  +1  1
0.0137  595.4279  128.6773  80.0914  0.0137  1.255611  1.255607  0.000004  11.532314  11.532314  0.204944  0.000003  1.608126e-01  2.141299e-01  2.141299e-01  0.093835  581.6633  2.255395e+05  5.751181e-01  1.636379e+57  2.172023e+52  4.138096e-06  3.336002e+106  +1  +1  1
0.0137  606.1136  128.6773  90.7766  0.0137  1.306185  1.306181  0.000004  11.409870  11.409870  0.200536  0.000003  1.690852e-01  2.292123e-01  2.292123e-01  0.086665  418.0468  2.378299e+05  5.387986e-01  1.709690e+57  2.034857e+52  4.133524e-06  3.282032e+106  +1  +1  1
0.0137  618.2249  128.6773  102.8874  0.0137  1.364644  1.364640  0.000003  11.304025  11.304025  0.195867  0.000002  1.783068e-01  2.467060e-01  2.467060e-01  0.079866  295.4146  2.519001e+05  5.020407e-01  1.793231e+57  1.896035e+52  4.033720e-06  3.135955e+106  +1  +1  1
0.0137  631.9498  128.6773  116.6139  0.0137  1.429574  1.429571  0.000003  11.214301  11.214301  0.190951  0.000002  1.882851e-01  2.665030e-01  2.665030e-01  0.073451  206.9327  2.685913e+05  4.651802e-01  1.892384e+57  1.756826e+52  3.935229e-06  2.846294e+106  +1  +1  1
0.0137  647.5096  128.6773  132.1717  0.0137  1.499343  1.499340  0.000003  11.138807  11.138807  0.185803  0.000002  1.988127e-01  2.884473e-01  2.884473e-01  0.067396  144.6504  2.861099e+05  4.285609e-01  1.994178e+57  1.618527e+52  3.839449e-06  2.474783e+106  +1  +1  1
0.0137  665.1426  128.6773  149.8051  0.0137  1.572236  1.572234  0.000003  11.074901  11.074901  0.180443  0.000002  2.096813e-01  3.123433e-01  3.123433e-01  0.061680  101.4506  3.059315e+05  3.925332e-01  2.108482e+57  1.482463e+52  3.639636e-06  2.145596e+106  +1  +1  1
0.0137  685.1283  128.6773  169.7911  0.0137  1.646528  1.646526  0.000002  11.019583  11.019583  0.174895  0.000001  2.206915e-01  3.379594e-01  3.379594e-01  0.056287  71.6780  3.265667e+05  3.574294e-01  2.224450e+57  1.349888e+52  3.503963e-06  1.761076e+106  +1  +1  1
0.0137  707.7821  128.6773  192.4434  0.0137  1.720563  1.720561  0.000002  10.969814  10.969814  0.169186  0.000001  2.316611e-01  3.650330e-01  3.650330e-01  0.051212  51.1700  3.483262e+05  3.235587e-01  2.343890e+57  1.221970e+52  3.363914e-06  1.404827e+106  +1  +1  1
0.0137  733.4544  128.6773  218.1178  0.0137  1.792820  1.792818  0.000002  10.922595  10.922595  0.163346  0.000001  2.424335e-01  3.932860e-01  3.932860e-01  0.046459  36.9843  3.700547e+05  2.911966e-01  2.458456e+57  1.099749e+52  3.168860e-06  1.107107e+106  +1  +1  1
0.0137  762.5564  128.6773  247.2176  0.0137  1.861950  1.861948  0.000002  10.875611  10.875611  0.157406  0.000001  2.528692e-01  4.223993e-01  4.223993e-01  0.042043  27.1098  3.930752e+05  2.605699e-01  2.577161e+57  9.840829e+51  2.961704e-06  8.566226e+105  +1  +1  1
0.0137  795.5386  128.6773  280.1996  0.0137  1.926810  1.926808  0.000002  10.826689  10.826689  0.151398  0.000001  2.628602e-01  4.520540e-01  4.520540e-01  0.037971  20.1714  4.152730e+05  2.318604e-01  2.685188e+57  8.756571e+51  2.769671e-06  6.359417e+105  +1  +1  1
0.0137  832.9189  128.6773  317.5819  0.0137  1.986471  1.986469  0.000001  10.774127  10.774127  0.145356  0.000001  2.723214e-01  4.819170e-01  4.819170e-01  0.034246  15.2442  4.381048e+05  2.051946e-01  2.792667e+57  7.749492e+51  2.573621e-06  4.626618e+105  +1  +1  1
0.0137  875.2916  128.6773  359.9514  0.0137  2.040229  2.040228  0.000001  10.716699  10.716699  0.139312  0.000001  2.811899e-01  5.116501e-01  5.116501e-01  0.030868  11.7062  4.592946e+05  1.806454e-01  2.883965e+57  6.822355e+51  2.380598e-06  3.211409e+105  +1  +1  1
0.0137  923.3117  128.6773  407.9736  0.0137  2.087600  2.087599  0.000001  10.653768  10.653768  0.133296  0.000001  2.894181e-01  5.409001e-01  5.409001e-01  0.027831  9.1371  4.806007e+05  1.582386e-01  2.971602e+57  5.976127e+51  2.126117e-06  2.264976e+105  +1  +1  1
0.0137  977.7420  128.6773  462.4025  0.0137  2.128292  2.128291  0.000001  10.584294  10.584294  0.127337  0.000000  2.969963e-01  5.693976e-01  5.693976e-01  0.025111  7.2445  5.005981e+05  1.379521e-01  3.045965e+57  5.209975e+51  1.930412e-06  1.452156e+105  +1  +1  1
0.0137  1039.4339  128.6773  524.0930  0.0137  2.162200  2.162199  0.000001  10.508604  10.508604  0.121462  0.000000  3.039012e-01  5.967889e-01  5.967889e-01  0.022692  5.8360  5.190882e+05  1.197269e-01  3.106218e+57  4.521672e+51  1.674313e-06  9.303312e+104  +1  +1  1
0.0137  1109.3497  128.6773  594.0138  0.0137  2.189369  2.189369  0.000001  10.426618  10.426618  0.115696  0.000000  3.101396e-01  6.228104e-01  6.228104e-01  0.020560  4.7768  5.369616e+05  1.034723e-01  3.159119e+57  3.907791e+51  1.399005e-06  5.726110e+104  +1  +1  1
0.0137  1188.6046  128.6773  673.2629  0.0137  2.209980  2.209979  0.000001  10.338703  10.338703  0.110059  0.000000  3.157213e-01  6.472040e-01  6.472040e-01  0.018683  3.9703  5.529285e+05  8.907262e-02  3.196319e+57  3.363966e+51  1.117432e-06  3.172182e+104  +1  +1  1
0.0137  1278.4252  128.6773  763.0849  0.0137  2.224321  2.224320  0.000001  10.245199  10.245199  0.104569  0.000000  3.206702e-01  6.697782e-01  6.697782e-01  0.017035  3.3493  5.679572e+05  7.639745e-02  3.225223e+57  2.885269e+51  7.716297e-07  1.813470e+104  +1  +1  1
0.0137  1380.2298  128.6773  864.8903  0.0137  2.232745  2.232745  0.000000  10.146800  10.146800  0.099241  0.000000  3.250062e-01  6.903385e-01  6.903385e-01  0.015595  2.8671  5.819646e+05  6.530512e-02  3.246008e+57  2.466349e+51  4.101644e-07  7.515985e+103  +1  +1  1
0.0137  1495.6207  128.6773  980.2778  0.0137  2.235684  2.235684  0.000000  10.044161  10.044161  0.094087  0.000000  3.287596e-01  7.087632e-01  7.087632e-01  0.014339  2.4891  5.937696e+05  5.565022e-02  3.251122e+57  2.101717e+51  1.411701e-08  6.573177e+102  +1  +1  1
0.0137  1626.3973  128.6773  1111.0596  0.0137  2.233596  2.233595  0.000000  9.937940  9.937940  0.089117  0.000000  3.319631e-01  7.249744e-01  7.249744e-01  0.013260  2.1928  6.043763e+05  4.728824e-02  3.248252e+57  1.785914e+51  -5.301202e-07  -2.801352e+103  -1  -1  1
0.0137  1774.6318  128.6773  1259.2893  0.0137  2.226964  2.226964  0.000000  9.828989  9.828989  0.084336  0.000000  3.346463e-01  7.389136e-01  7.389136e-01  0.012327  1.9581  6.127402e+05  4.007853e-02  3.230898e+57  1.513628e+51  -1.162624e-06  -4.590314e+103  -1  -1  1
0.0137  1942.6373  128.6773  1427.2948  0.0137  2.216285  2.216285  0.000000  9.718095  9.718095  0.079749  0.000000  3.368418e-01  7.505745e-01  7.505745e-01  0.011520  1.7711  6.199495e+05  3.388809e-02  3.207103e+57  1.279836e+51  -1.956213e-06  -4.475476e+103  -1  -1  1
0.0137  2133.0527  128.6773  1617.7144  0.0137  2.202050  2.202050  0.000000  9.606071  9.606071  0.075358  0.000000  3.385813e-01  7.599814e-01  7.599814e-01  0.010825  1.6219  6.259955e+05  2.859266e-02  3.177440e+57  1.079846e+51  -2.985339e-06  -4.021942e+103  -1  -1  1
0.0137  2348.8827  128.6773  1833.5384  0.0137  2.184742  2.184742  0.000000  9.493797  9.493797  0.071162  0.000000  3.398928e-01  7.671749e-01  7.671749e-01  0.010227  1.5030  6.309388e+05  2.407813e-02  3.142857e+57  9.093480e+50  -4.392764e-06  -3.411365e+103  -1  -1  1
0.0137  2593.4963  128.6773  2078.1562  0.0137  2.164825  2.164825  0.000000  9.382046  9.382046  0.067162  0.000000  3.408057e-01  7.722348e-01  7.722348e-01  0.009718  1.4091  6.348461e+05  2.024118e-02  3.104296e+57  7.644395e+50  -9.490944e-06  -3.004572e+103  -1  -1  1
0.0137  2870.7514  128.6773  2355.4091  0.0137  2.142741  2.142741  0.000000  9.271508  9.271508  0.063353  0.000000  3.413508e-01  7.752767e-01  7.752767e-01  0.009284  1.3355  6.367455e+05  1.698902e-02  3.055309e+57  6.416169e+50  -2.017074e-05  -2.588717e+103  -1  -1  1
0.0137  3184.9955  128.6773  2669.6512  0.0137  2.118911  2.118911  0.000000  9.162897  9.162897  0.059732  0.000000  3.415556e-01  7.764239e-01  7.764239e-01  0.008917  1.2788  6.377167e+05  1.423938e-02  3.003602e+57  5.377723e+50  -2.410540e-05  -1.894196e+103  -1  -1  1
0.0137  3541.1532  128.6773  3025.8172  0.0137  2.093730  2.093730  0.000000  9.057104  9.057104  0.056294  0.000000  3.414390e-01  7.757701e-01  7.757701e-01  0.008614  1.2375  6.387823e+05  1.191977e-02  2.956601e+57  4.501686e+50  1.408376e-04  -1.420626e+103  +1  -1  1
0.0137  3944.8452  128.6773  3429.5004  0.0137  2.067562  2.067562  0.000000  8.954418  8.954418  0.053035  0.000000  3.410380e-01  7.735292e-01  7.735292e-01  0.008362  1.2084  6.381295e+05  9.966785e-03  2.901810e+57  3.764111e+50  3.369818e-05  -1.198267e+103  +1  -1  1
0.0137  4402.3826  128.6773  3887.0401  0.0137  2.040745  2.040745  0.000000  8.855598  8.855598  0.049947  0.000000  3.403709e-01  7.698196e-01  7.698196e-01  0.008158  1.1904  6.359352e+05  8.325429e-03  2.840540e+57  3.144228e+50  1.325864e-05  -8.972602e+102  +1  -1  1
0.0137  4920.9625  128.6773  4405.6215  0.0137  2.013591  2.013591  0.000000  8.761139  8.761139  0.047025  0.000000  3.394629e-01  7.648075e-01  7.648075e-01  0.007997  1.1827  6.340182e+05  6.948149e-03  2.785486e+57  2.624077e+50  1.283015e-05  -6.184890e+102  +1  -1  1
0.0137  5508.7341  128.6773  4993.3885  0.0137  1.986387  1.986387  0.000000  8.671489  8.671489  0.044263  0.000000  3.383389e-01  7.586612e-01  7.586612e-01  0.007875  1.1841  6.315735e+05  5.794088e-03  2.731003e+57  2.188227e+50  9.615671e-06  -4.684532e+102  +1  -1  1
0.0137  6174.9095  128.6773  5659.5711  0.0137  1.959384  1.959384  0.000000  8.586903  8.586903  0.041652  0.000000  3.370270e-01  7.515687e-01  7.515687e-01  0.007787  1.1938  6.278949e+05  4.828287e-03  2.672087e+57  1.823478e+50  7.782620e-06  -3.409097e+102  +1  -1  1
0.0137  6929.9756  128.6773  6414.6311  0.0137  1.932826  1.932826  0.000000  8.507937  8.507937  0.039188  0.000000  3.355446e-01  7.436563e-01  7.436563e-01  0.007730  1.2115  6.246455e+05  4.020933e-03  2.620203e+57  1.518568e+50  7.258973e-06  -2.392150e+102  +1  -1  1
0.0137  7785.7703  128.6773  7270.4259  0.0137  1.906919  1.906919  0.000000  8.434660  8.434660  0.036862  0.000000  3.339229e-01  7.351224e-01  7.351224e-01  0.007700  1.2364  6.203671e+05  3.346705e-03  2.565030e+57  1.263935e+50  6.386170e-06  -1.711659e+102  +1  -1  1
0.0137  8755.7337  128.6773  8240.3948  0.0137  1.881855  1.881855  0.000000  8.367500  8.367500  0.034669  0.000000  3.321789e-01  7.260832e-01  7.260832e-01  0.007696  1.2686  6.166130e+05  2.784148e-03  2.517208e+57  1.051477e+50  6.027484e-06  -1.181477e+102  +1  -1  1
0.0137  9855.1162  128.6773  9339.7702  0.0137  1.857797  1.857797  0.000000  8.306437  8.306437  0.032601  0.000000  3.303430e-01  7.167185e-01  7.167185e-01  0.007713  1.3072  6.120154e+05  2.315132e-03  2.467007e+57  8.743455e+49  5.074575e-06  -8.689103e+101  +1  -1  1
0.0137  11101.1575  128.6773  10585.8164  0.0137  1.834891  1.834891  0.000000  8.251545  8.251545  0.030653  0.000000  3.284405e-01  7.071732e-01  7.071732e-01  0.007747  1.3513  6.073543e+05  1.924374e-03  2.419599e+57  7.267699e+49  4.779733e-06  -5.995550e+101  +1  -1  1
0.0137  12513.4446  128.6773  11998.1012  0.0137  1.813268  1.813268  0.000000  8.203033  8.203033  0.028818  0.000000  3.264895e-01  6.975482e-01  6.975482e-01  0.007800  1.4017  6.026997e+05  1.599017e-03  2.375240e+57  6.038938e+49  4.883237e-06  -3.919253e+101  +1  -1  1
0.0137  14114.1489  128.6773  13598.8032  0.0137  1.793032  1.793032  0.000000  8.160701  8.160701  0.027090  0.000000  3.245206e-01  6.879978e-01  6.879978e-01  0.007864  1.4565  5.987212e+05  1.328262e-03  2.338355e+57  5.016389e+49  4.649470e-06  -2.616592e+101  +1  -1  1
0.0137  15928.3955  128.6773  15413.0595  0.0137  1.774271  1.774271  0.000000  8.124547  8.124547  0.025463  0.000000  3.225541e-01  6.786184e-01  6.786184e-01  0.007938  1.5156  5.942043e+05  1.103054e-03  2.300229e+57  4.165856e+49  4.043549e-06  -1.879827e+101  +1  -1  1
0.0137  17984.7070  128.6773  17469.3612  0.0137  1.757057  1.757057  0.000000  8.094389  8.094389  0.023932  0.000000  3.206147e-01  6.695197e-01  6.695197e-01  0.008017  1.5776  5.898321e+05  9.158108e-04  2.265363e+57  3.458702e+49  3.827258e-06  -1.255369e+101  +1  -1  1
0.0137  20310.1824  128.6773  19794.8396  0.0137  1.741464  1.741464  0.000000  8.069995  8.069995  0.022494  0.000000  3.187299e-01  6.608176e-01  6.608176e-01  0.008099  1.6414  5.856424e+05  7.604858e-04  2.233770e+57  2.872093e+49  3.721866e-06  -9.212688e+100  +1  -1  1

0.0187  103.0404  130.7187  1.0000  0.0187  0.116523  0.116471  0.000052  16.144220  16.144220  0.482433  0.000443  1.066047e-02  1.083402e-02  1.083402e-02  0.023526  113912574.9786  1.750798e+04  7.618009e+00  1.464628e+56  2.877015e+53  6.517337e-06  1.564535e+107  +1  +1  0
0.0187  107.6573  130.7187  1.1334  0.0187  0.125310  0.125260  0.000050  15.372154  15.372154  0.477535  0.000399  1.204014e-02  1.226204e-02  1.226204e-02  0.028104  74049811.3991  1.885640e+04  7.388206e+00  1.576480e+56  2.790227e+53  6.511277e-06  1.469140e+107  +1  +1  0
0.0187  113.1115  130.7187  1.2846  0.0187  0.135112  0.135064  0.000048  14.740658  14.740658  0.471692  0.000357  1.353816e-02  1.381944e-02  1.381944e-02  0.033373  48922470.1842  2.036373e+04  7.120451e+00  1.699152e+56  2.689107e+53  6.497120e-06  1.356354e+107  +1  +1  0
0.0187  119.1072  130.7187  1.4560  0.0187  0.145932  0.145886  0.000046  14.217478  14.217478  0.465543  0.000318  1.516035e-02  1.551405e-02  1.551405e-02  0.039248  32672508.0290  2.203139e+04  6.845713e+00  1.833325e+56  2.585350e+53  6.480172e-06  1.369393e+107  +1  +1  0
0.0187  125.0167  130.7187  1.6503  0.0187  0.157758  0.157714  0.000045  13.782029  13.782029  0.459622  0.000283  1.690677e-02  1.734798e-02  1.734798e-02  0.045623  22018725.9776  2.385937e+04  6.587907e+00  1.979170e+56  2.487987e+53  6.460891e-06  1.367641e+107  +1  +1  0
0.0187  131.6026  130.7187  1.8704  0.0187  0.170673  0.170630  0.000043  13.417031  13.417031  0.453290  0.000251  1.878841e-02  1.933506e-02  1.933506e-02  0.052418  14925759.7808  2.586182e+04  6.319431e+00  2.137881e+56  2.386594e+53  6.439415e-06  1.380401e+107  +1  +1  0
0.0187  137.9494  130.7187  2.1200  0.0187  0.184719  0.184678  0.000041  13.110060  13.110060  0.447325  0.000223  2.081077e-02  2.148379e-02  2.148379e-02  0.059513  10164311.1515  2.804734e+04  6.073343e+00  2.310141e+56  2.293656e+53  6.414302e-06  1.150742e+107  +1  +1  0
0.0187  152.7256  130.7187  2.4028  0.0187  0.197795  0.197758  0.000038  12.874278  12.874278  0.434966  0.000191  2.269212e-02  2.349494e-02  2.349494e-02  0.065693  7278720.7193  3.009043e+04  5.583904e+00  2.470152e+56  2.108815e+53  6.388460e-06  1.381599e+107  +1  +1  0
0.0187  157.6382  130.7187  2.7234  0.0187  0.211873  0.211836  0.000037  12.656078  12.656078  0.430586  0.000173  2.472620e-02  2.568278e-02  2.568278e-02  0.071813  5179931.3642  3.229916e+04  5.416957e+00  2.642086e+56  2.045766e+53  6.362305e-06  1.726650e+107  +1  +1  0
0.0187  162.7167  130.7187  3.0867  0.0187  0.228344  0.228308  0.000036  12.453926  12.453926  0.426127  0.000156  2.708101e-02  2.823321e-02  2.823321e-02  0.078481  3592103.8481  3.489376e+04  5.250438e+00  2.843476e+56  1.982879e+53  6.335980e-06  1.888871e+107  +1  +1  0
0.0187  167.9681  130.7187  3.4985  0.0187  0.247432  0.247398  0.000034  12.276782  12.276782  0.421584  0.000139  2.976825e-02  3.116705e-02  3.116705e-02  0.085633  2442222.7697  3.791368e+04  5.084354e+00  3.077387e+56  1.920155e+53  6.306818e-06  2.046210e+107  +1  +1  0
0.0187  173.4000  130.7187  3.9652  0.0187  0.269345  0.269312  0.000033  12.129203  12.129203  0.416953  0.000124  3.279887e-02  3.450610e-02  3.450610e-02  0.093142  1635906.7183  4.139749e+04  4.918694e+00  3.346701e+56  1.857592e+53  6.274378e-06  2.195400e+107  +1  +1  0
0.0187  179.0190  130.7187  4.4943  0.0187  0.294288  0.294256  0.000032  12.012886  12.012886  0.412232  0.000109  3.618320e-02  3.827349e-02  3.827349e-02  0.100848  1084029.2370  4.538455e+04  4.753529e+00  3.654272e+56  1.795216e+53  6.238289e-06  2.334833e+107  +1  +1  0
0.0187  184.8335  130.7187  5.0939  0.0187  0.322466  0.322435  0.000031  11.927607  11.927607  0.407414  0.000096  3.993119e-02  4.249410e-02  4.249410e-02  0.108564  712906.1553  4.991642e+04  4.588839e+00  4.003077e+56  1.733019e+53  6.198107e-06  2.463324e+107  +1  +1  0
0.0187  190.8524  130.7187  5.7734  0.0187  0.354084  0.354054  0.000030  11.871894  11.871894  0.402495  0.000085  4.405219e-02  4.719470e-02  4.719470e-02  0.116082  466482.8581  5.503628e+04  4.424659e+00  4.396126e+56  1.671015e+53  6.153231e-06  2.579673e+107  +1  +1  0
0.0187  197.0844  130.7187  6.5437  0.0187  0.389345  0.389316  0.000029  11.843545  11.843545  0.397469  0.000074  4.855505e-02  5.240427e-02  5.240427e-02  0.123209  304353.8960  6.079058e+04  4.261032e+00  4.836627e+56  1.609220e+53  6.104002e-06  2.682172e+107  +1  +1  0
0.0187  203.5396  130.7187  7.4167  0.0187  0.428450  0.428423  0.000028  11.839969  11.839969  0.392333  0.000065  5.344800e-02  5.815426e-02  5.815426e-02  0.129738  198297.8016  6.722553e+04  4.097995e+00  5.327617e+56  1.547647e+53  6.049873e-06  2.770838e+107  +1  +1  0
0.0187  210.2287  130.7187  8.4062  0.0187  0.471590  0.471563  0.000027  11.858406  11.858406  0.387079  0.000056  5.873807e-02  6.447820e-02  6.447820e-02  0.135495  129191.2303  7.439235e+04  3.935601e+00  5.872536e+56  1.486318e+53  5.990992e-06  2.843991e+107  +1  +1  0
0.0187  217.1631  130.7187  9.5277  0.0187  0.518941  0.518915  0.000026  11.896066  11.896066  0.381703  0.000049  6.443118e-02  7.141226e-02  7.141226e-02  0.140308  84238.5810  8.233809e+04  3.773923e+00  6.474238e+56  1.425258e+53  5.927852e-06  2.899844e+107  +1  +1  0
0.0187  224.3537  130.7187  10.7988  0.0187  0.570659  0.570635  0.000024  11.932113  11.932113  0.376200  0.000043  7.063843e-02  7.912913e-02  7.912913e-02  0.145154  55021.4828  9.111452e+04  3.613062e+00  7.135837e+56  1.364508e+53  5.858608e-06  2.938628e+107  +1  +1  0
0.0187  231.8138  130.7187  12.2395  0.0187  0.626874  0.626851  0.000023  11.974535  11.974535  0.370564  0.000037  7.732203e-02  8.762754e-02  8.762754e-02  0.149351  36024.6668  1.007723e+05  3.453121e+00  7.860335e+56  1.304104e+53  5.783639e-06  2.958279e+107  +1  +1  0
0.0187  239.5612  130.7187  13.8724  0.0187  0.687680  0.687658  0.000022  12.032695  12.032695  0.364788  0.000032  8.441217e-02  9.686604e-02  9.686604e-02  0.152079  23656.6389  1.113604e+05  3.294179e+00  8.650203e+56  1.244078e+53  5.703168e-06  2.958000e+107  +1  +1  0
0.0187  247.6067  130.7187  15.7232  0.0187  0.753126  0.753105  0.000021  12.103974  12.103974  0.358869  0.000028  9.190125e-02  1.068847e-01  1.068847e-01  0.153307  15590.6466  1.229240e+05  3.136445e+00  9.507667e+56  1.184509e+53  5.615833e-06  2.938444e+107  +1  +1  0
0.0187  255.9695  130.7187  17.8208  0.0187  0.823209  0.823189  0.000020  12.185535  12.185535  0.352801  0.000025  9.978089e-02  1.177279e-01  1.177279e-01  0.153057  10316.3261  1.355109e+05  2.980063e+00  1.043467e+57  1.125449e+53  5.522479e-06  2.897592e+107  +1  +1  0
0.0187  264.6662  130.7187  20.1984  0.0187  0.897865  0.897845  0.000019  12.274843  12.274843  0.346582  0.000021  1.080380e-01  1.294396e-01  1.294396e-01  0.151385  6856.6231  1.491514e+05  2.825248e+00  1.143179e+57  1.066982e+53  5.424254e-06  2.834487e+107  +1  +1  0
0.0187  273.7197  130.7187  22.8931  0.0187  0.976958  0.976940  0.000018  12.369275  12.369275  0.340206  0.000019  1.166576e-01  1.420670e-01  1.420670e-01  0.148423  4579.7827  1.638762e+05  2.672200e+00  1.249914e+57  1.009182e+53  5.318891e-06  2.751236e+107  +1  +1  0
0.0187  283.1505  130.7187  25.9473  0.0187  1.060280  1.060263  0.000017  12.466332  12.466332  0.333672  0.000016  1.256214e-01  1.556584e-01  1.556584e-01  0.144313  3075.3716  1.797101e+05  2.521183e+00  1.363633e+57  9.521488e+52  5.206818e-06  2.648684e+107  +1  +1  0
0.0187  292.9824  130.7187  29.4090  0.0187  1.147542  1.147526  0.000016  12.564069  12.564069  0.326977  0.000014  1.349025e-01  1.702552e-01  1.702552e-01  0.139193  2076.9467  1.966630e+05  2.372479e+00  1.484160e+57  8.959895e+52  4.468380e-06  2.421915e+107  +1  +1  0
0.0187  548.6687  130.7187  33.3326  0.0187  1.153772  1.153764  0.000009  12.522179  12.522179  0.264733  0.000007  1.360886e-01  1.721608e-01  1.721608e-01  0.137640  1965.8223  1.980762e+05  1.259253e+00  1.492782e+57  4.755690e+52  1.773206e-05  -2.709605e+106  +1  -1  1
0.0187  553.1161  130.7187  37.7796  0.0187  1.145751  1.145743  0.000008  12.414653  12.414653  0.261752  0.000007  1.363130e-01  1.725223e-01  1.725223e-01  0.134563  1906.1121  1.969546e+05  1.217193e+00  1.481577e+57  4.596845e+52  -1.371412e-04  -1.855612e+106  -1  -1  1
0.0187  558.1558  130.7187  42.8198  0.0187  1.142963  1.142956  0.000008  12.282179  12.282179  0.258492  0.000007  1.374480e-01  1.743563e-01  1.743563e-01  0.129702  1762.6391  1.969753e+05  1.172282e+00  1.477109e+57  4.427237e+52  -1.328514e-04  5.242312e+104  -1  +1  1
0.0187  563.8691  130.7187  48.5326  0.0187  1.147226  1.147218  0.000008  12.133554  12.133554  0.254940  0.000007  1.396505e-01  1.779397e-01  1.779397e-01  0.123529  1550.4744  1.987033e+05  1.124624e+00  1.483472e+57  4.247252e+52  2.907487e-06  1.759992e+106  +1  +1  1
0.0187  570.3441  130.7187  55.0074  0.0187  1.159942  1.159935  0.000007  11.976848  11.976848  0.251087  0.000006  1.430459e-01  1.835288e-01  1.835288e-01  0.116469  1296.4088  2.020781e+05  1.074395e+00  1.500270e+57  4.057556e+52  3.875850e-06  3.092940e+106  +1  +1  1
0.0187  577.6823  130.7187  62.3461  0.0187  1.182057  1.182050  0.000007  11.820164  11.820164  0.246923  0.000006  1.477055e-01  1.913299e-01  1.913299e-01  0.108948  1033.1067  2.075382e+05  1.021835e+00  1.530496e+57  3.859058e+52  4.027121e-06  4.284414e+106  +1  +1  1
0.0187  586.0010  130.7187  70.6639  0.0187  1.213980  1.213973  0.000007  11.670272  11.670272  0.242446  0.000005  1.536428e-01  2.014975e-01  2.014975e-01  0.101318  788.9213  2.155326e+05  9.672538e-01  1.577174e+57  3.652926e+52  4.065932e-06  4.987483e+106  +1  +1  1
0.0187  595.4279  130.7187  80.0914  0.0187  1.255561  1.255555  0.000006  11.532428  11.532428  0.237655  0.000005  1.608047e-01  2.141157e-01  2.141157e-01  0.093843  581.8613  2.255354e+05  9.110351e-01  1.636362e+57  3.440611e+52  4.138228e-06  5.196345e+106  +1  +1  1
0.0187  606.1136  130.7187  90.7766  0.0187  1.306133  1.306127  0.000006  11.409951  11.409951  0.232553  0.000004  1.690772e-01  2.291976e-01  2.291976e-01  0.086675  418.1923  2.378246e+05  8.536157e-01  1.709665e+57  3.223761e+52  4.133791e-06  5.113080e+106  +1  +1  1
0.0187  618.2249  130.7187  102.8874  0.0187  1.364595  1.364589  0.000005  11.304072  11.304072  0.227150  0.000004  1.782996e-01  2.466921e-01  2.466921e-01  0.079873  295.4996  2.518945e+05  7.954901e-01  1.793204e+57  3.004244e+52  4.034022e-06  4.886221e+106  +1  +1  1
0.0187  631.9498  130.7187  116.6139  0.0187  1.429523  1.429518  0.000005  11.214316  11.214316  0.221459  0.000003  1.882781e-01  2.664888e-01  2.664888e-01  0.073455  206.9809  2.685840e+05  7.371887e-01  1.892345e+57  2.784064e+52  3.935475e-06  4.421824e+106  +1  +1  1
0.0187  647.5096  130.7187  132.1717  0.0187  1.499299  1.499295  0.000005  11.138829  11.138829  0.215499  0.000003  1.988064e-01  2.884339e-01  2.884339e-01  0.067401  144.6851  2.861034e+05  6.792549e-01  1.994145e+57  2.565271e+52  3.839566e-06  3.857702e+106  +1  +1  1
0.0187  665.1426  130.7187  149.8051  0.0187  1.572197  1.572193  0.000004  11.074937  11.074937  0.209292  0.000003  2.096753e-01  3.123299e-01  3.123299e-01  0.061682  101.4687  3.059262e+05  6.222432e-01  2.108459e+57  2.349961e+52  3.639779e-06  3.345032e+106  +1  +1  1
0.0187  685.1283  130.7187  169.7911  0.0187  1.646494  1.646491  0.000004  11.019603  11.019603  0.202867  0.000002  2.206866e-01  3.379476e-01  3.379476e-01  0.056289  71.6887  3.265613e+05  5.666800e-01  2.224427e+57  2.140121e+52  3.504355e-06  2.745591e+106  +1  +1  1
0.0187  707.7821  130.7187  192.4434  0.0187  1.720530  1.720527  0.000003  10.969759  10.969759  0.196255  0.000002  2.316577e-01  3.650245e-01  3.650245e-01  0.051213  51.1747  3.483178e+05  5.130555e-01  2.343845e+57  1.937603e+52  3.363754e-06  2.190962e+106  +1  +1  1
0.0187  733.4544  130.7187  218.1178  0.0187  1.792797  1.792793  0.000003  10.922740  10.922740  0.189490  0.000002  2.424270e-01  3.932687e-01  3.932687e-01  0.046462  36.9917  3.700547e+05  4.618069e-01  2.458470e+57  1.744058e+52  3.168717e-06  1.726963e+106  +1  +1  1
0.0187  762.5564  130.7187  247.2176  0.0187  1.861928  1.861926  0.000003  10.875624  10.875624  0.182608  0.000002  2.528660e-01  4.223902e-01  4.223902e-01  0.042045  27.1123  3.930707e+05  4.132950e-01  2.577143e+57  1.560848e+52  2.962155e-06  1.336006e+106  +1  +1  1
0.0187  795.5386  130.7187  280.1996  0.0187  1.926793  1.926790  0.000002  10.826693  10.826693  0.175647  0.000001  2.628578e-01  4.520466e-01  4.520466e-01  0.037972  20.1728  4.152683e+05  3.678092e-01  2.685168e+57  1.389067e+52  2.769836e-06  9.920939e+105  +1  +1  1
0.0187  832.9189  130.7187  317.5819  0.0187  1.986455  1.986453  0.000002  10.774123  10.774123  0.168644  0.000001  2.723193e-01  4.819101e-01  4.819101e-01  0.034247  15.2453  4.380995e+05  3.255517e-01  2.792643e+57  1.229477e+52  2.573701e-06  7.218920e+105  +1  +1  1
0.0187  875.2916  130.7187  359.9514  0.0187  2.040219  2.040217  0.000002  10.716701  10.716701  0.161638  0.000001  2.811883e-01  5.116448e-01  5.116448e-01  0.030866  11.7057  4.592911e+05  2.866400e-01  2.883953e+57  1.082523e+52  2.381008e-06  5.010521e+105  +1  +1  1
0.0187  923.3117  130.7187  407.9736  0.0187  2.087591  2.087589  0.000002  10.653584  10.653584  0.154664  0.000001  2.894218e-01  5.409137e-01  5.409137e-01  0.027827  9.1352  4.805898e+05  2.511166e-01  2.971538e+57  9.483658e+51  2.126154e-06  3.534587e+105  +1  +1  1
0.0187  977.7420  130.7187  462.4025  0.0187  2.128286  2.128285  0.000001  10.584313  10.584313  0.147756  0.000001  2.969949e-01  5.693922e-01  5.693922e-01  0.025113  7.2455  5.005965e+05  2.189483e-01  3.045965e+57  8.268792e+51  1.929978e-06  2.267844e+105  +1  +1  1
0.0187  1039.4339  130.7187  524.0930  0.0187  2.162194  2.162193  0.000001  10.508634  10.508634  0.140945  0.000001  3.038995e-01  5.967821e-01  5.967821e-01  0.022696  5.8372  5.190874e+05  1.900432e-01  3.106223e+57  7.177163e+51  1.674334e-06  1.452456e+105  +1  +1  1
0.0187  1109.3497  130.7187  594.0138  0.0187  2.189367  2.189366  0.000001  10.426651  10.426651  0.134258  0.000001  3.101383e-01  6.228047e-01  6.228047e-01  0.020561  4.7771  5.369618e+05  1.642589e-01  3.159130e+57  6.203395e+51  1.399077e-06  8.941273e+104  +1  +1  1
0.0187  1188.6046  130.7187  673.2629  0.0187  2.209979  2.209978  0.000001  10.338736  10.338736  0.127721  0.000000  3.157201e-01  6.471989e-01  6.471989e-01  0.018683  3.9706  5.529293e+05  1.414134e-01  3.196332e+57  5.340611e+51  1.117451e-06  4.952641e+104  +1  +1  1
0.0187  1278.4252  130.7187  763.0849  0.0187  2.224318  2.224317  0.000001  10.245231  10.245231  0.121353  0.000000  3.206689e-01  6.697719e-01  6.697719e-01  0.017036  3.3495  5.679563e+05  1.213007e-01  3.225224e+57  4.581037e+51  7.716807e-07  2.831081e+104  +1  +1  1
0.0187  1380.2298  130.7187  864.8903  0.0187  2.232744  2.232744  0.000001  10.146832  10.146832  0.115173  0.000000  3.250051e-01  6.903331e-01  6.903331e-01  0.015596  2.8673  5.819656e+05  1.036972e-01  3.246021e+57  3.916222e+51  4.101424e-07  1.173432e+104  +1  +1  1
0.0187  1495.6207  130.7187  980.2778  0.0187  2.235683  2.235682  0.000001  10.044156  10.044156  0.109195  0.000000  3.287595e-01  7.087628e-01  7.087628e-01  0.014339  2.4891  5.937673e+05  8.837284e-02  3.251111e+57  3.337484e+51  1.427582e-08  1.022732e+103  +1  +1  1
0.0187  1626.3973  130.7187  1111.0596  0.0187  2.233596  2.233595  0.000001  9.937963  9.937963  0.103429  0.000000  3.319623e-01  7.249705e-01  7.249705e-01  0.013261  2.1931  6.043769e+05  7.509908e-02  3.248261e+57  2.836188e+51  -5.300253e-07  -4.370835e+103  -1  -1  1
0.0187  1774.6318  130.7187  1259.2893  0.0187  2.226965  2.226965  0.000000  9.829002  9.829002  0.097882  0.000000  3.346460e-01  7.389120e-01  7.389120e-01  0.012327  1.9582  6.127406e+05  6.365318e-02  3.230905e+57  2.403923e+51  -1.162275e-06  -7.170280e+103  -1  -1  1
0.0187  1942.6373  130.7187  1427.2948  0.0187  2.216287  2.216287  0.000000  9.718117  9.718117  0.092560  0.000000  3.368415e-01  7.505725e-01  7.505725e-01  0.011520  1.7711  6.199514e+05  5.382447e-02  3.207119e+57  2.032732e+51  -1.956402e-06  -6.991332e+103  -1  -1  1
0.0187  2133.0527  130.7187  1617.7144  0.0187  2.202050  2.202050  0.000000  9.606091  9.606091  0.087465  0.000000  3.385807e-01  7.599781e-01  7.599781e-01  0.010825  1.6219  6.259964e+05  4.541606e-02  3.177450e+57  1.715181e+51  -2.985512e-06  -6.282757e+103  -1  -1  1
0.0187  2348.8827  130.7187  1833.5384  0.0187  2.184743  2.184743  0.000000  9.493819  9.493819  0.082597  0.000000  3.398921e-01  7.671710e-01  7.671710e-01  0.010229  1.5033  6.309400e+05  3.824701e-02  3.142868e+57  1.444435e+51  -4.396080e-06  -5.331927e+103  -1  -1  1
0.0187  2593.4963  130.7187  2078.1562  0.0187  2.164825  2.164824  0.000000  9.382020  9.382020  0.077954  0.000000  3.408066e-01  7.722397e-01  7.722397e-01  0.009716  1.4088  6.348434e+05  3.215351e-02  3.104278e+57  1.214308e+51  -9.468859e-06  -4.694574e+103  -1  -1  1
0.0187  2870.7514  130.7187  2355.4091  0.0187  2.142742  2.142742  0.000000  9.271531  9.271531  0.073534  0.000000  3.413501e-01  7.752728e-01  7.752728e-01  0.009285  1.3356  6.367473e+05  2.698839e-02  3.055324e+57  1.019242e+51  -2.014919e-05  -4.043220e+103  -1  -1  1
0.0187  3184.9955  130.7187  2669.6512  0.0187  2.118913  2.118913  0.000000  9.162924  9.162924  0.069332  0.000000  3.415550e-01  7.764205e-01  7.764205e-01  0.008917  1.2788  6.377194e+05  2.262112e-02  3.003622e+57  8.543081e+50  -2.418711e-05  -2.961205e+103  -1  -1  1
0.0187  3541.1532  130.7187  3025.8172  0.0187  2.093731  2.093730  0.000000  9.057020  9.057020  0.065343  0.000000  3.414421e-01  7.757879e-01  7.757879e-01  0.008611  1.2371  6.387761e+05  1.893668e-02  2.956556e+57  7.151616e+50  1.417082e-04  -2.220817e+103  +1  -1  1
0.0187  3944.8452  130.7187  3429.5004  0.0187  2.067563  2.067563  0.000000  8.954426  8.954426  0.061560  0.000000  3.410379e-01  7.735286e-01  7.735286e-01  0.008361  1.2083  6.381301e+05  1.583444e-02  2.901815e+57  5.980025e+50  3.407189e-05  -1.871264e+103  +1  -1  1
0.0187  4402.3826  130.7187  3887.0401  0.0187  2.040746  2.040746  0.000000  8.855609  8.855609  0.057976  0.000000  3.403707e-01  7.698183e-01  7.698183e-01  0.008158  1.1904  6.359361e+05  1.322709e-02  2.840548e+57  4.995336e+50  1.325541e-05  -1.402109e+103  +1  -1  1
0.0187  4920.9625  130.7187  4405.6215  0.0187  2.013593  2.013593  0.000000  8.761132  8.761132  0.054585  0.000000  3.394634e-01  7.648103e-01  7.648103e-01  0.007997  1.1826  6.340182e+05  1.103916e-02  2.785486e+57  4.169043e+50  1.282046e-05  -9.666044e+102  +1  -1  1
0.0187  5508.7341  130.7187  4993.3885  0.0187  1.986386  1.986386  0.000000  8.671450  8.671450  0.051379  0.000000  3.383402e-01  7.586687e-01  7.586687e-01  0.007874  1.1840  6.315702e+05  9.205764e-03  2.730980e+57  3.476644e+50  9.607615e-06  -7.322355e+102  +1  -1  1
0.0187  6174.9095  130.7187  5659.5711  0.0187  1.959384  1.959384  0.000000  8.586899  8.586899  0.048349  0.000000  3.370272e-01  7.515695e-01  7.515695e-01  0.007786  1.1938  6.278945e+05  7.671409e-03  2.672085e+57  2.897180e+50  7.784168e-06  -5.325746e+102  +1  -1  1
0.0187  6929.9756  130.7187  6414.6311  0.0187  1.932826  1.932826  0.000000  8.507924  8.507924  0.045488  0.000000  3.355451e-01  7.436590e-01  7.436590e-01  0.007729  1.2114  6.246445e+05  6.388739e-03  2.620195e+57  2.412768e+50  7.258499e-06  -3.738396e+102  +1  -1  1
0.0187  7785.7703  130.7187  7270.4259  0.0187  1.906920  1.906920  0.000000  8.434660  8.434660  0.042789  0.000000  3.339231e-01  7.351235e-01  7.351235e-01  0.007699  1.2363  6.203673e+05  5.317548e-03  2.565031e+57  2.008223e+50  6.384823e-06  -2.674504e+102  +1  -1  1
0.0187  8755.7337  130.7187  8240.3948  0.0187  1.881854  1.881854  0.000000  8.367478  8.367478  0.040243  0.000000  3.321796e-01  7.260867e-01  7.260867e-01  0.007696  1.2685  6.166109e+05  4.423757e-03  2.517194e+57  1.670674e+50  6.025179e-06  -1.846813e+102  +1  -1  1
0.0187  9855.1162  130.7187  9339.7702  0.0187  1.857795  1.857795  0.000000  8.306408  8.306408  0.037843  0.000000  3.303439e-01  7.167230e-01  7.167230e-01  0.007713  1.3071  6.120130e+05  3.678568e-03  2.466991e+57  1.389246e+50  5.074448e-06  -1.357976e+102  +1  -1  1
0.0187  11101.1575  130.7187  10585.8164  0.0187  1.834890  1.834890  0.000000  8.251515  8.251515  0.035582  0.000000  3.284414e-01  7.071777e-01  7.071777e-01  0.007747  1.3513  6.073519e+05  3.057712e-03  2.419582e+57  1.154774e+50  4.780555e-06  -9.365982e+101  +1  -1  1
0.0187  12513.4446  130.7187  11998.1012  0.0187  1.813268  1.813268  0.000000  8.203027  8.203027  0.033452  0.000000  3.264897e-01  6.975494e-01  6.975494e-01  0.007800  1.4017  6.026993e+05  2.540759e-03  2.375237e+57  9.595418e+49  4.884300e-06  -6.123210e+101  +1  -1  1
0.0187  14114.1489  130.7187  13598.8032  0.0187  1.793033  1.793033  0.000000  8.160699  8.160699  0.031446  0.000000  3.245208e-01  6.879988e-01  6.879988e-01  0.007864  1.4565  5.987214e+05  2.110556e-03  2.338357e+57  7.970716e+49  4.650293e-06  -4.088031e+101  +1  -1  1
0.0187  15928.3955  130.7187  15413.0595  0.0187  1.774272  1.774272  0.000000  8.124571  8.124571  0.029557  0.000000  3.225532e-01  6.786142e-01  6.786142e-01  0.007938  1.5156  5.942056e+05  1.752720e-03  2.300238e+57  6.619314e+49  4.043458e-06  -2.937662e+101  +1  -1  1
0.0187  17984.7070  130.7187  17469.3612  0.0187  1.757057  1.757057  0.000000  8.094386  8.094386  0.027780  0.000000  3.206147e-01  6.695199e-01  6.695199e-01  0.008017  1.5776  5.898317e+05  1.455203e-03  2.265361e+57  5.495711e+49  3.826998e-06  -1.962409e+101  +1  -1  1
0.0187  20310.1824  130.7187  19794.8396  0.0187  1.741465  1.741465  0.000000  8.070008  8.070008  0.026112  0.000000  3.187296e-01  6.608163e-01  6.608163e-01  0.008098  1.6413  5.856435e+05  1.208400e-03  2.233777e+57  4.563636e+49  3.722734e-06  -1.439213e+101  +1  -1  1

0.0257  103.0404  132.7944  1.0000  0.0257  0.115977  0.115896  0.000081  16.195225  16.195225  0.557583  0.000697  1.057710e-02  1.074792e-02  1.074792e-02  0.023243  117048575.6529  1.742009e+04  1.194866e+01  1.457190e+56  4.512432e+53  6.518018e-06  2.399425e+107  +1  +1  0
0.0257  107.6573  132.7944  1.1334  0.0257  0.124715  0.124637  0.000078  15.412136  15.412136  0.552048  0.000629  1.195195e-02  1.217059e-02  1.217059e-02  0.027783  75944127.0973  1.876109e+04  1.159610e+01  1.568599e+56  4.379286e+53  6.511978e-06  2.259265e+107  +1  +1  0
0.0257  113.1115  132.7944  1.2846  0.0257  0.134514  0.134438  0.000076  14.770400  14.770400  0.545332  0.000562  1.345103e-02  1.372866e-02  1.372866e-02  0.033040  50022938.2548  2.026772e+04  1.117823e+01  1.691324e+56  4.221477e+53  6.498027e-06  2.091355e+107  +1  +1  0
0.0257  119.1072  132.7944  1.4560  0.0257  0.145335  0.145263  0.000073  14.239660  14.239660  0.538283  0.000501  1.507487e-02  1.542454e-02  1.542454e-02  0.038916  33324642.2897  2.193559e+04  1.075049e+01  1.825593e+56  4.059939e+53  6.481215e-06  2.112819e+107  +1  +1  0
0.0257  125.0167  132.7944  1.6503  0.0257  0.157167  0.157097  0.000070  13.798653  13.798653  0.531483  0.000446  1.682310e-02  1.725988e-02  1.725988e-02  0.045296  22410030.6814  2.376423e+04  1.034834e+01  1.971550e+56  3.908066e+53  6.461635e-06  2.111128e+107  +1  +1  0
0.0257  131.6026  132.7944  1.8704  0.0257  0.170091  0.170024  0.000067  13.429472  13.429472  0.524217  0.000395  1.870699e-02  1.924884e-02  1.924884e-02  0.052102  15161641.6155  2.576813e+04  9.929847e+00  2.130428e+56  3.750022e+53  6.440384e-06  2.131640e+107  +1  +1  0
0.0257  137.9494  132.7944  2.1200  0.0257  0.184145  0.184080  0.000065  13.119391  13.119391  0.517364  0.000351  2.073137e-02  2.139917e-02  2.139917e-02  0.059218  10309046.0258  2.795457e+04  9.545604e+00  2.302800e+56  3.604912e+53  6.415476e-06  1.778488e+107  +1  +1  0
0.0257  152.7256  132.7944  2.4028  0.0257  0.197308  0.197248  0.000059  12.880974  12.880974  0.503155  0.000301  2.262441e-02  2.342235e-02  2.342235e-02  0.065456  7361564.5554  3.001112e+04  8.780829e+00  2.463924e+56  3.316094e+53  6.389301e-06  2.134073e+107  +1  +1  0
0.0257  157.6382  132.7944  2.7234  0.0257  0.211377  0.211319  0.000058  12.661662  12.661662  0.498121  0.000273  2.465748e-02  2.560864e-02  2.560864e-02  0.071587  5236030.1431  3.221838e+04  8.519978e+00  2.635756e+56  3.217583e+53  6.363270e-06  2.665846e+107  +1  +1  0
0.0257  162.7167  132.7944  3.0867  0.0257  0.227835  0.227779  0.000056  12.458337  12.458337  0.492995  0.000245  2.701103e-02  2.815714e-02  2.815714e-02  0.078267  3628941.4602  3.481049e+04  8.259722e+00  2.836980e+56  3.119297e+53  6.336848e-06  2.917054e+107  +1  +1  0
0.0257  167.9681  132.7944  3.4985  0.0257  0.246911  0.246856  0.000054  12.280058  12.280058  0.487772  0.000219  2.969757e-02  3.108956e-02  3.108956e-02  0.085430  2465563.2769  3.782821e+04  8.000067e+00  3.070743e+56  3.021237e+53  6.307593e-06  3.161426e+107  +1  +1  0
0.0257  173.4000  132.7944  3.9652  0.0257  0.268814  0.268762  0.000052  12.131481  12.131481  0.482448  0.000195  3.272805e-02  3.442771e-02  3.442771e-02  0.092956  1650379.8324  4.131016e+04  7.741011e+00  3.339935e+56  2.923404e+53  6.275257e-06  3.393297e+107  +1  +1  0
0.0257  179.0190  132.7944  4.4943  0.0257  0.293751  0.293701  0.000051  12.014330  12.014330  0.477017  0.000172  3.611287e-02  3.819478e-02  3.819478e-02  0.100677  1092773.9505  4.529582e+04  7.482619e+00  3.647409e+56  2.825822e+53  6.238936e-06  3.610401e+107  +1  +1  0
0.0257  184.8335  132.7944  5.0939  0.0257  0.321926  0.321877  0.000049  11.928374  11.928374  0.471475  0.000152  3.986179e-02  4.241548e-02  4.241548e-02  0.108411  718124.2429  4.982706e+04  7.224900e+00  3.996185e+56  2.728494e+53  6.198486e-06  3.810649e+107  +1  +1  0
0.0257  190.8524  132.7944  5.7734  0.0257  0.353545  0.353498  0.000047  11.872155  11.872155  0.465816  0.000133  4.398423e-02  4.711667e-02  4.711667e-02  0.115951  469566.6243  5.494685e+04  6.967897e+00  4.389245e+56  2.631437e+53  6.153972e-06  3.991761e+107  +1  +1  0
0.0257  197.0844  132.7944  6.5437  0.0257  0.388810  0.388765  0.000045  11.843418  11.843418  0.460033  0.000117  4.848890e-02  5.232717e-02  5.232717e-02  0.123096  306154.7513  6.070085e+04  6.711672e+00  4.829736e+56  2.534673e+53  6.104909e-06  4.151658e+107  +1  +1  0
0.0257  203.5396  132.7944  7.4167  0.0257  0.427922  0.427879  0.000044  11.839562  11.839562  0.454121  0.000102  5.338397e-02  5.807840e-02  5.807840e-02  0.129646  199348.3336  6.713624e+04  6.456285e+00  5.320809e+56  2.438226e+53  6.050910e-06  4.290060e+107  +1  +1  0
0.0257  210.2287  132.7944  8.4062  0.0257  0.471071  0.471029  0.000042  11.857817  11.857817  0.448074  0.000089  5.867642e-02  6.440385e-02  6.440385e-02  0.135419  129798.2066  7.430310e+04  6.201815e+00  5.865739e+56  2.342125e+53  5.991647e-06  4.404735e+107  +1  +1  0
0.0257  217.1631  132.7944  9.5277  0.0257  0.518435  0.518394  0.000040  11.895374  11.895374  0.441884  0.000078  6.437207e-02  7.133957e-02  7.133957e-02  0.140250  84591.2820  8.225119e+04  5.948376e+00  6.467646e+56  2.246413e+53  5.928660e-06  4.492257e+107  +1  +1  0
0.0257  224.3537  132.7944  10.7988  0.0257  0.570167  0.570129  0.000039  11.931347  11.931347  0.435546  0.000068  7.058208e-02  7.905832e-02  7.905832e-02  0.145116  55227.0353  9.102731e+04  5.696128e+00  7.129236e+56  2.151151e+53  5.859547e-06  4.553697e+107  +1  +1  0
0.0257  231.8138  132.7944  12.2395  0.0257  0.626399  0.626362  0.000037  11.973732  11.973732  0.429054  0.000059  7.726859e-02  8.755879e-02  8.755879e-02  0.149324  36142.9258  1.006883e+05  5.445229e+00  7.854023e+56  2.056399e+53  5.783846e-06  4.585919e+107  +1  +1  0
0.0257  239.5612  132.7944  13.8724  0.0257  0.687223  0.687188  0.000035  12.031895  12.031895  0.422399  0.000051  8.436170e-02  9.679945e-02  9.679945e-02  0.152068  23725.6815  1.112786e+05  5.195804e+00  8.644108e+56  1.962203e+53  5.703753e-06  4.586290e+107  +1  +1  0
0.0257  247.6067  132.7944  15.7232  0.0257  0.752690  0.752656  0.000033  12.103202  12.103202  0.415578  0.000044  9.185383e-02  1.068204e-01  1.068204e-01  0.153308  15631.0299  1.228447e+05  4.948180e+00  9.501779e+56  1.868687e+53  5.616271e-06  4.557214e+107  +1  +1  0
0.0257  255.9695  132.7944  17.8208  0.0257  0.822795  0.822763  0.000032  12.184816  12.184816  0.408584  0.000039  9.973648e-02  1.176659e-01  1.176659e-01  0.153059  10339.4479  1.354349e+05  4.702584e+00  1.042906e+57  1.775938e+53  5.523156e-06  4.494778e+107  +1  +1  0
0.0257  264.6662  132.7944  20.1984  0.0257  0.897473  0.897443  0.000030  12.274174  12.274174  0.401414  0.000034  1.079967e-01  1.293802e-01  1.293802e-01  0.151390  6869.9434  1.490769e+05  4.459355e+00  1.142634e+57  1.684082e+53  5.425076e-06  4.397947e+107  +1  +1  0
0.0257  273.7197  132.7944  22.8931  0.0257  0.976590  0.976561  0.000029  12.368654  12.368654  0.394061  0.000029  1.166195e-01  1.420103e-01  1.420103e-01  0.148434  4587.6132  1.638048e+05  4.218805e+00  1.249397e+57  1.593238e+53  5.319215e-06  4.270261e+107  +1  +1  0
0.0257  283.1505  132.7944  25.9473  0.0257  1.059937  1.059910  0.000027  12.465794  12.465794  0.386524  0.000025  1.255861e-01  1.556040e-01  1.556040e-01  0.144335  3080.1475  1.796432e+05  3.981354e+00  1.363154e+57  1.503564e+53  5.207110e-06  4.112106e+107  +1  +1  0
0.0257  292.9824  132.7944  29.4090  0.0257  1.147225  1.147199  0.000025  12.563606  12.563606  0.378800  0.000022  1.348702e-01  1.702033e-01  1.702033e-01  0.139213  2079.7366  1.965995e+05  3.747447e+00  1.483709e+57  1.415229e+53  4.487514e-06  3.760826e+107  +1  +1  0
0.0257  548.6687  132.7944  33.3326  0.0257  1.153769  1.153755  0.000013  12.522346  12.522346  0.306899  0.000012  1.360864e-01  1.721571e-01  1.721571e-01  0.137648  1966.0993  1.980784e+05  1.993130e+00  1.492804e+57  7.527084e+52  1.572569e-05  -4.208981e+106  +1  -1  1
0.0257  553.1161  132.7944  37.7796  0.0257  1.145747  1.145734  0.000013  12.414922  12.414922  0.303452  0.000011  1.363096e-01  1.725169e-01  1.725169e-01  0.134575  1906.5212  1.969590e+05  1.926728e+00  1.481618e+57  7.276315e+52  -1.492047e-04  -2.891914e+106  -1  -1  1
0.0257  558.1558  132.7944  42.8198  0.0257  1.142946  1.142934  0.000013  12.282456  12.282456  0.299683  0.000011  1.374429e-01  1.743479e-01  1.743479e-01  0.129716  1763.1633  1.969781e+05  1.855816e+00  1.477140e+57  7.008514e+52  -1.447243e-04  -7.466153e+104  -1  -1  1
0.0257  563.8691  132.7944  48.5326  0.0257  1.147194  1.147182  0.000012  12.133790  12.133790  0.295575  0.000011  1.396439e-01  1.779289e-01  1.779289e-01  0.123545  1551.0478  1.985353e+05  1.780552e+00  1.482314e+57  6.724280e+52  2.990267e-06  2.698859e+106  +1  +1  1
0.0257  570.3441  132.7944  55.0074  0.0257  1.159897  1.159885  0.000012  11.977108  11.977108  0.291114  0.000010  1.430372e-01  1.835143e-01  1.835143e-01  0.116486  1296.9914  2.020771e+05  1.701160e+00  1.500277e+57  6.424453e+52  3.768764e-06  4.952861e+106  +1  +1  1
0.0257  577.6823  132.7944  62.3461  0.0257  1.182002  1.181991  0.000011  11.820397  11.820397  0.286303  0.000009  1.476956e-01  1.913133e-01  1.913133e-01  0.108959  1033.5583  2.075356e+05  1.618179e+00  1.530493e+57  6.111074e+52  4.026760e-06  6.667465e+106  +1  +1  1
0.0257  586.0010  132.7944  70.6639  0.0257  1.213915  1.213905  0.000010  11.670447  11.670447  0.281123  0.000009  1.536323e-01  2.014793e-01  2.014793e-01  0.101330  789.2895  2.155278e+05  1.531933e+00  1.577155e+57  5.785367e+52  4.065950e-06  7.763387e+106  +1  +1  1
0.0257  595.4279  132.7944  80.0914  0.0257  1.255491  1.255481  0.000010  11.532576  11.532576  0.275579  0.000008  1.607937e-01  2.140960e-01  2.140960e-01  0.093855  582.1345  2.255292e+05  1.443081e+00  1.636335e+57  5.449816e+52  4.138406e-06  8.090279e+106  +1  +1  1
0.0257  606.1136  132.7944  90.7766  0.0257  1.306060  1.306051  0.000009  11.410046  11.410046  0.269676  0.000007  1.690664e-01  2.291774e-01  2.291774e-01  0.086682  418.3598  2.378167e+05  1.352311e+00  1.709627e+57  5.107023e+52  4.134086e-06  7.962090e+106  +1  +1  1
0.0257  618.2249  132.7944  102.8874  0.0257  1.364522  1.364513  0.000009  11.304158  11.304158  0.263422  0.000006  1.782887e-01  2.466710e-01  2.466710e-01  0.079882  295.6223  2.518857e+05  1.260405e+00  1.793159e+57  4.759936e+52  4.093953e-06  7.469084e+106  +1  +1  1
0.0257  631.9498  132.7944  116.6139  0.0257  1.429456  1.429448  0.000008  11.214381  11.214381  0.256835  0.000006  1.882682e-01  2.664687e-01  2.664687e-01  0.073464  207.0600  2.680246e+05  1.168198e+00  1.888464e+57  4.411715e+52  3.947216e-06  6.854610e+106  +1  +1  1
0.0257  647.5096  132.7944  132.1717  0.0257  1.499234  1.499227  0.000007  11.138857  11.138857  0.249935  0.000005  1.987973e-01  2.884144e-01  2.884144e-01  0.067406  144.7286  2.860933e+05  1.076550e+00  1.994092e+57  4.065607e+52  3.774039e-06  6.131520e+106  +1  +1  1
0.0257  665.1426  132.7944  149.8051  0.0257  1.572142  1.572135  0.000007  11.074965  11.074965  0.242749  0.000004  2.096675e-01  3.123121e-01  3.123121e-01  0.061685  101.4928  3.059178e+05  9.863392e-01  2.108419e+57  3.724924e+52  3.640062e-06  5.212758e+106  +1  +1  1
0.0257  685.1283  132.7944  169.7911  0.0257  1.646445  1.646438  0.000006  11.019617  11.019617  0.235309  0.000004  2.206796e-01  3.379309e-01  3.379309e-01  0.056291  71.7023  3.265523e+05  8.983981e-01  2.224382e+57  3.392813e+52  3.504555e-06  4.279349e+106  +1  +1  1
0.0257  707.7821  132.7944  192.4434  0.0257  1.720491  1.720486  0.000006  10.969804  10.969804  0.227651  0.000003  2.316515e-01  3.650088e-01  3.650088e-01  0.051220  51.1883  3.483119e+05  8.135046e-01  2.343823e+57  3.072211e+52  3.364171e-06  3.415289e+106  +1  +1  1
0.0257  733.4544  132.7944  218.1178  0.0257  1.792760  1.792755  0.000005  10.922656  10.922656  0.219814  0.000003  2.424239e-01  3.932602e-01  3.932602e-01  0.046464  36.9951  3.700441e+05  7.323523e-01  2.458414e+57  2.765738e+52  3.169078e-06  2.692117e+106  +1  +1  1
0.0257  762.5564  132.7944  247.2176  0.0257  1.861899  1.861895  0.000004  10.875638  10.875638  0.211841  0.000002  2.528617e-01  4.223778e-01  4.223778e-01  0.042046  27.1155  3.930640e+05  6.555148e-01  2.577115e+57  2.475561e+52  2.962151e-06  2.083514e+106  +1  +1  1
0.0257  795.5386  132.7944  280.1996  0.0257  1.926768  1.926764  0.000004  10.826700  10.826700  0.203775  0.000002  2.628542e-01  4.520358e-01  4.520358e-01  0.037972  20.1742  4.152619e+05  5.834534e-01  2.685141e+57  2.203420e+52  2.770047e-06  1.547197e+106  +1  +1  1
0.0257  832.9189  132.7944  317.5819  0.0257  1.986436  1.986433  0.000003  10.774114  10.774114  0.195660  0.000002  2.723170e-01  4.819026e-01  4.819026e-01  0.034246  15.2456  4.380934e+05  5.164907e-01  2.792617e+57  1.950534e+52  2.573807e-06  1.126012e+106  +1  +1  1
0.0257  875.2916  132.7944  359.9514  0.0257  2.040203  2.040200  0.000003  10.716711  10.716711  0.187540  0.000002  2.811859e-01  5.116365e-01  5.116365e-01  0.030869  11.7074  4.592864e+05  4.548164e-01  2.883936e+57  1.717620e+52  2.381037e-06  7.816968e+105  +1  +1  1
0.0257  923.3117  132.7944  407.9736  0.0257  2.087579  2.087576  0.000003  10.653601  10.653601  0.179456  0.000001  2.894197e-01  5.409059e-01  5.409059e-01  0.027828  9.1358  4.805859e+05  3.985005e-01  2.971526e+57  1.504943e+52  2.126302e-06  5.514964e+105  +1  +1  1
0.0257  977.7420  132.7944  462.4025  0.0257  2.128277  2.128274  0.000002  10.584310  10.584310  0.171447  0.000001  2.969936e-01  5.693874e-01  5.693874e-01  0.025111  7.2448  5.005918e+05  3.474932e-01  3.045945e+57  1.312313e+52  1.930164e-06  3.538487e+105  +1  +1  1
0.0257  1039.4339  132.7944  524.0930  0.0257  2.162189  2.162187  0.000002  10.508605  10.508605  0.163550  0.000001  3.038996e-01  5.967825e-01  5.967825e-01  0.022695  5.8370  5.190834e+05  3.016513e-01  3.106209e+57  1.139190e+52  1.674313e-06  2.266717e+105  +1  +1  1
0.0257  1109.3497  132.7944  594.0138  0.0257  2.189359  2.189357  0.000002  10.426679  10.426679  0.155796  0.000001  3.101363e-01  6.227965e-01  6.227965e-01  0.020561  4.7773  5.369584e+05  2.607516e-01  3.159117e+57  9.847319e+51  1.399125e-06  1.395407e+105  +1  +1  1
0.0257  1188.6046  132.7944  673.2629  0.0257  2.209974  2.209972  0.000002  10.338719  10.338719  0.148215  0.000001  3.157199e-01  6.471981e-01  6.471981e-01  0.018683  3.9706  5.529248e+05  2.245073e-01  3.196312e+57  8.478550e+51  1.117658e-06  7.728640e+104  +1  +1  1
0.0257  1278.4252  132.7944  763.0849  0.0257  2.224315  2.224314  0.000001  10.245183  10.245183  0.140830  0.000001  3.206699e-01  6.697766e-01  6.697766e-01  0.017036  3.3495  5.679511e+05  1.925938e-01  3.225197e+57  7.273330e+51  7.718346e-07  4.421433e+104  +1  +1  1
0.0257  1380.2298  132.7944  864.8903  0.0257  2.232745  2.232744  0.000001  10.146833  10.146833  0.133662  0.000000  3.250051e-01  6.903333e-01  6.903333e-01  0.015595  2.8671  5.819647e+05  1.646575e-01  3.246024e+57  6.218314e+51  4.101672e-07  1.834093e+104  +1  +1  1
0.0257  1495.6207  132.7944  980.2778  0.0257  2.235683  2.235682  0.000001  10.044172  10.044172  0.126727  0.000000  3.287591e-01  7.087608e-01  7.087608e-01  0.014340  2.4892  5.937674e+05  1.403351e-01  3.251119e+57  5.299776e+51  1.410509e-08  1.600900e+103  +1  +1  1
0.0257  1626.3973  132.7944  1111.0596  0.0257  2.233594  2.233593  0.000001  9.937978  9.937978  0.120038  0.000000  3.319616e-01  7.249665e-01  7.249665e-01  0.013262  2.1932  6.043758e+05  1.192648e-01  3.248261e+57  4.504052e+51  -5.303832e-07  -6.836317e+103  -1  -1  1
0.0257  1774.6318  132.7944  1259.2893  0.0257  2.226963  2.226962  0.000001  9.828978  9.828978  0.113603  0.000000  3.346464e-01  7.389145e-01  7.389145e-01  0.012327  1.9582  6.127363e+05  1.010939e-01  3.230880e+57  3.817827e+51  -1.162086e-06  -1.120256e+104  -1  -1  1
0.0257  1942.6373  132.7944  1427.2948  0.0257  2.216287  2.216286  0.000001  9.718094  9.718094  0.107428  0.000000  3.368422e-01  7.505763e-01  7.505763e-01  0.011519  1.7709  6.199481e+05  8.548889e-02  3.207100e+57  3.228499e+51  -1.955585e-06  -1.091224e+104  -1  -1  1
0.0257  2133.0527  132.7944  1617.7144  0.0257  2.202051  2.202050  0.000000  9.606090  9.606090  0.101516  0.000000  3.385808e-01  7.599786e-01  7.599786e-01  0.010825  1.6219  6.259955e+05  7.213762e-02  3.177447e+57  2.724287e+51  -2.986457e-06  -9.810363e+103  -1  -1  1
0.0257  2348.8827  132.7944  1833.5384  0.0257  2.184742  2.184741  0.000000  9.493791  9.493791  0.095868  0.000000  3.398929e-01  7.671756e-01  7.671756e-01  0.010228  1.5031  6.309365e+05  6.075333e-02  3.142846e+57  2.294358e+51  -4.394779e-06  -8.327235e+103  -1  -1  1
0.0257  2593.4963  132.7944  2078.1562  0.0257  2.164824  2.164824  0.000000  9.382019  9.382019  0.090480  0.000000  3.408066e-01  7.722395e-01  7.722395e-01  0.009718  1.4092  6.348422e+05  5.107627e-02  3.104273e+57  1.928902e+51  -9.472896e-06  -7.329863e+103  -1  -1  1
0.0257  2870.7514  132.7944  2355.4091  0.0257  2.142742  2.142741  0.000000  9.271515  9.271515  0.085351  0.000000  3.413507e-01  7.752759e-01  7.752759e-01  0.009284  1.3355  6.367452e+05  4.287305e-02  3.055312e+57  1.619107e+51  -2.010621e-05  -6.314637e+103  -1  -1  1
0.0257  3184.9955  132.7944  2669.6512  0.0257  2.118912  2.118912  0.000000  9.162941  9.162941  0.080475  0.000000  3.415543e-01  7.764162e-01  7.764162e-01  0.008919  1.2791  6.377195e+05  3.593653e-02  3.003626e+57  1.357148e+51  -2.412896e-05  -4.623926e+103  -1  -1  1
0.0257  3541.1532  132.7944  3025.8172  0.0257  2.093732  2.093732  0.000000  9.057055  9.057055  0.075845  0.000000  3.414410e-01  7.757817e-01  7.757817e-01  0.008613  1.2373  6.387788e+05  3.008423e-02  2.956578e+57  1.136135e+51  1.412485e-04  -3.467617e+103  +1  -1  1
0.0257  3944.8452  132.7944  3429.5004  0.0257  2.067564  2.067564  0.000000  8.954444  8.954444  0.071455  0.000000  3.410374e-01  7.735261e-01  7.735261e-01  0.008362  1.2084  6.381317e+05  2.515645e-02  2.901828e+57  9.500368e+50  3.400921e-05  -2.923508e+103  +1  -1  1
0.0257  4402.3826  132.7944  3887.0401  0.0257  2.040747  2.040747  0.000000  8.855608  8.855608  0.067296  0.000000  3.403709e-01  7.698194e-01  7.698194e-01  0.008158  1.1905  6.359360e+05  2.101463e-02  2.840547e+57  7.936203e+50  1.326527e-05  -2.190145e+103  +1  -1  1
0.0257  4920.9625  132.7944  4405.6215  0.0257  2.013594  2.013594  0.000000  8.761173  8.761173  0.063360  0.000000  3.394621e-01  7.648031e-01  7.648031e-01  0.007997  1.1827  6.340215e+05  1.753891e-02  2.785510e+57  6.623592e+50  1.282811e-05  -1.510051e+103  +1  -1  1
0.0257  5508.7341  132.7944  4993.3885  0.0257  1.986385  1.986385  0.000000  8.671436  8.671436  0.059638  0.000000  3.383406e-01  7.586708e-01  7.586708e-01  0.007874  1.1839  6.315688e+05  1.462631e-02  2.730971e+57  5.523647e+50  9.596576e-06  -1.143725e+103  +1  -1  1
0.0257  6174.9095  132.7944  5659.5711  0.0257  1.959387  1.959387  0.000000  8.586945  8.586945  0.056122  0.000000  3.370258e-01  7.515621e-01  7.515621e-01  0.007787  1.1939  6.278986e+05  1.218870e-02  2.672114e+57  4.603078e+50  7.778703e-06  -8.319803e+102  +1  -1  1
0.0257  6929.9756  132.7944  6414.6311  0.0257  1.932827  1.932827  0.000000  8.507866  8.507866  0.052802  0.000000  3.355475e-01  7.436720e-01  7.436720e-01  0.007727  1.2110  6.246413e+05  1.015088e-02  2.620172e+57  3.833495e+50  7.250832e-06  -5.840021e+102  +1  -1  1
0.0257  7785.7703  132.7944  7270.4259  0.0257  1.906921  1.906921  0.000000  8.434714  8.434714  0.049669  0.000000  3.339213e-01  7.351138e-01  7.351138e-01  0.007701  1.2365  6.203714e+05  8.449012e-03  2.565061e+57  3.190781e+50  6.387228e-06  -4.176487e+102  +1  -1  1
0.0257  8755.7337  132.7944  8240.3948  0.0257  1.881855  1.881855  0.000000  8.367499  8.367499  0.046714  0.000000  3.321789e-01  7.260832e-01  7.260832e-01  0.007696  1.2686  6.166127e+05  7.028955e-03  2.517207e+57  2.654494e+50  6.022592e-06  -2.885226e+102  +1  -1  1
0.0257  9855.1162  132.7944  9339.7702  0.0257  1.857797  1.857796  0.000000  8.306422  8.306422  0.043928  0.000000  3.303435e-01  7.167211e-01  7.167211e-01  0.007713  1.3071  6.120143e+05  5.844979e-03  2.467000e+57  2.207364e+50  5.076144e-06  -2.120881e+102  +1  -1  1
0.0257  11101.1575  132.7944  10585.8164  0.0257  1.834892  1.834892  0.000000  8.251594  8.251594  0.041303  0.000000  3.284387e-01  7.071645e-01  7.071645e-01  0.007749  1.3516  6.073575e+05  4.858526e-03  2.419623e+57  1.834829e+50  4.780783e-06  -1.463076e+102  +1  -1  1
0.0257  12513.4446  132.7944  11998.1012  0.0257  1.813269  1.813269  0.000000  8.203041  8.203041  0.038830  0.000000  3.264893e-01  6.975474e-01  6.975474e-01  0.007799  1.4015  6.027004e+05  4.037149e-03  2.375245e+57  1.524635e+50  4.883830e-06  -9.569660e+101  +1  -1  1
0.0257  14114.1489  132.7944  13598.8032  0.0257  1.793033  1.793033  0.000000  8.160749  8.160749  0.036502  0.000000  3.245189e-01  6.879898e-01  6.879898e-01  0.007864  1.4566  5.987244e+05  3.353601e-03  2.338379e+57  1.266492e+50  4.650722e-06  -6.387101e+101  +1  -1  1
0.0257  15928.3955  132.7944  15413.0595  0.0257  1.774273  1.774273  0.000000  8.124574  8.124574  0.034310  0.000000  3.225533e-01  6.786147e-01  6.786147e-01  0.007937  1.5156  5.942062e+05  2.785028e-03  2.300242e+57  1.051769e+50  4.041533e-06  -4.592113e+101  +1  -1  1
0.0257  17984.7070  132.7944  17469.3612  0.0257  1.757056  1.757056  0.000000  8.094362  8.094362  0.032247  0.000000  3.206156e-01  6.695239e-01  6.695239e-01  0.008017  1.5776  5.898301e+05  2.312292e-03  2.265349e+57  8.732402e+49  3.827379e-06  -3.065741e+101  +1  -1  1
0.0257  20310.1824  132.7944  19794.8396  0.0257  1.741465  1.741465  0.000000  8.070029  8.070029  0.030310  0.000000  3.187288e-01  6.608126e-01  6.608126e-01  0.008099  1.6414  5.856448e+05  1.920135e-03  2.233787e+57  7.251416e+49  3.725115e-06  -2.247264e+101  +1  -1  1

0.0351  103.0404  134.9057  1.0000  0.0351  0.115246  0.115119  0.000127  16.263693  16.263693  0.644403  0.001100  1.046615e-02  1.063338e-02  1.063338e-02  0.022868  121393519.8005  1.730136e+04  1.873870e+01  1.447125e+56  7.076493e+53  6.518379e-06  3.669271e+107  +1  +1  0
0.0351  107.6573  134.9057  1.1334  0.0351  0.123914  0.123791  0.000123  15.466166  15.466166  0.638183  0.000994  1.183370e-02  1.204799e-02  1.204799e-02  0.027351  78573803.3628  1.863179e+04  1.820064e+01  1.557880e+56  6.873302e+53  6.512962e-06  3.467581e+107  +1  +1  0
0.0351  113.1115  134.9057  1.2846  0.0351  0.133704  0.133586  0.000119  14.810537  14.810537  0.630456  0.000888  1.333387e-02  1.360662e-02  1.360662e-02  0.032592  51550655.1382  2.013700e+04  1.754795e+01  1.680647e+56  6.626820e+53  6.499455e-06  3.221638e+107  +1  +1  0
0.0351  119.1072  134.9057  1.4560  0.0351  0.144528  0.144413  0.000114  14.269527  14.269527  0.622377  0.000790  1.495969e-02  1.530397e-02  1.530397e-02  0.038463  34224876.0240  2.180502e+04  1.688216e+01  1.815034e+56  6.375391e+53  6.482499e-06  3.257630e+107  +1  +1  0
0.0351  125.0167  134.9057  1.6503  0.0351  0.156366  0.156256  0.000110  13.820964  13.820964  0.614565  0.000703  1.671030e-02  1.714117e-02  1.714117e-02  0.044851  22948681.2755  2.363451e+04  1.625466e+01  1.961144e+56  6.138420e+53  6.462974e-06  3.256682e+107  +1  +1  0
0.0351  131.6026  134.9057  1.8704  0.0351  0.169301  0.169196  0.000106  13.446091  13.446091  0.606231  0.000624  1.859714e-02  1.913254e-02  1.913254e-02  0.051675  15486737.9304  2.564007e+04  1.560246e+01  2.120223e+56  5.892124e+53  6.441631e-06  3.289925e+107  +1  +1  0
0.0351  137.9494  134.9057  2.1200  0.0351  0.183367  0.183265  0.000102  13.131831  13.131831  0.598353  0.000554  2.062421e-02  2.128500e-02  2.128500e-02  0.058809  10506779.3643  2.782809e+04  1.500233e+01  2.292776e+56  5.665490e+53  6.416895e-06  2.747847e+107  +1  +1  0
0.0351  152.7256  134.9057  2.4028  0.0351  0.196641  0.196547  0.000093  12.889856  12.889856  0.582012  0.000475  2.253237e-02  2.332370e-02  2.332370e-02  0.065127  7475448.2106  2.990191e+04  1.380702e+01  2.455317e+56  5.214093e+53  6.390701e-06  3.295188e+107  +1  +1  0
0.0351  157.6382  134.9057  2.7234  0.0351  0.210704  0.210613  0.000091  12.669018  12.669018  0.576226  0.000430  2.456470e-02  2.550856e-02  2.550856e-02  0.071278  5312607.1859  3.210791e+04  1.339945e+01  2.627105e+56  5.060175e+53  6.364398e-06  4.113115e+107  +1  +1  0
0.0351  162.7167  134.9057  3.0867  0.0351  0.227144  0.227056  0.000088  12.464119  12.464119  0.570334  0.000387  2.691670e-02  2.805463e-02  2.805463e-02  0.077972  3679054.2846  3.469712e+04  1.299269e+01  2.828128e+56  4.906568e+53  6.337829e-06  4.500627e+107  +1  +1  0
0.0351  167.9681  134.9057  3.4985  0.0351  0.246204  0.246119  0.000085  12.284343  12.284343  0.564329  0.000346  2.960225e-02  3.098508e-02  3.098508e-02  0.085152  2497352.4645  3.771184e+04  1.258676e+01  3.061680e+56  4.753272e+53  6.308829e-06  4.879781e+107  +1  +1  0
0.0351  173.4000  134.9057  3.9652  0.0351  0.268095  0.268013  0.000082  12.134437  12.134437  0.558207  0.000307  3.263256e-02  3.432203e-02  3.432203e-02  0.092697  1670007.1415  4.119126e+04  1.218165e+01  3.330692e+56  4.600286e+53  6.276057e-06  5.240983e+107  +1  +1  0
0.0351  179.0190  134.9057  4.4943  0.0351  0.293024  0.292945  0.000080  12.016171  12.016171  0.551962  0.000272  3.601796e-02  3.808859e-02  3.808859e-02  0.100442  1104658.5348  4.517562e+04  1.177746e+01  3.638113e+56  4.447647e+53  6.239914e-06  5.578585e+107  +1  +1  0
0.0351  184.8335  134.9057  5.0939  0.0351  0.321196  0.321119  0.000077  11.929330  11.929330  0.545587  0.000240  3.976816e-02  4.230944e-02  4.230944e-02  0.108201  725211.0761  4.970514e+04  1.137420e+01  3.986770e+56  4.295357e+53  6.199560e-06  5.890443e+107  +1  +1  0
0.0351  190.8524  134.9057  5.7734  0.0351  0.352815  0.352741  0.000074  11.872409  11.872409  0.539076  0.000210  4.389245e-02  4.701131e-02  4.701131e-02  0.115773  473768.6244  5.482495e+04  1.097192e+01  4.379878e+56  4.143444e+53  6.154699e-06  6.172770e+107  +1  +1  0
0.0351  197.0844  134.9057  6.5437  0.0351  0.388085  0.388013  0.000072  11.843172  11.843172  0.532422  0.000184  4.839946e-02  5.222296e-02  5.222296e-02  0.122942  308606.6826  6.057867e+04  1.057074e+01  4.820347e+56  3.991940e+53  6.105756e-06  6.422456e+107  +1  +1  0
0.0351  203.5396  134.9057  7.4167  0.0351  0.427206  0.427137  0.000069  11.838963  11.838963  0.525619  0.000161  5.329731e-02  5.797576e-02  5.797576e-02  0.129517  200774.2182  6.701533e+04  1.017073e+01  5.311588e+56  3.840881e+53  6.052295e-06  6.637811e+107  +1  +1  0
0.0351  210.2287  134.9057  8.4062  0.0351  0.470368  0.470302  0.000066  11.856975  11.856975  0.518657  0.000141  5.859293e-02  6.430317e-02  6.430317e-02  0.135318  130628.8855  7.418134e+04  9.772026e+00  5.856440e+56  3.690313e+53  5.993322e-06  6.817113e+107  +1  +1  0
0.0351  217.1631  134.9057  9.5277  0.0351  0.517747  0.517684  0.000063  11.894381  11.894381  0.511530  0.000123  6.429207e-02  7.124120e-02  7.124120e-02  0.140178  85075.0961  8.213143e+04  9.374796e+00  6.458549e+56  3.540303e+53  5.929162e-06  6.956119e+107  +1  +1  0
0.0351  224.3537  134.9057  10.7988  0.0351  0.569499  0.569438  0.000061  11.930274  11.930274  0.504232  0.000107  7.050568e-02  7.896235e-02  7.896235e-02  0.145063  55506.6107  9.091045e+04  8.979289e+00  7.120412e+56  3.390943e+53  5.860178e-06  7.053123e+107  +1  +1  0
0.0351  231.8138  134.9057  12.2395  0.0351  0.625753  0.625694  0.000058  11.972617  11.972617  0.496754  0.000093  7.719607e-02  8.746551e-02  8.746551e-02  0.149290  36304.8695  1.005737e+05  8.585758e+00  7.845418e+56  3.242330e+53  5.784752e-06  7.104602e+107  +1  +1  0
0.0351  239.5612  134.9057  13.8724  0.0351  0.686602  0.686546  0.000055  12.030781  12.030781  0.489087  0.000081  8.429322e-02  9.670911e-02  9.670911e-02  0.152051  23819.5551  1.111670e+05  8.194390e+00  8.635791e+56  3.094534e+53  5.704277e-06  7.107501e+107  +1  +1  0
0.0351  247.6067  134.9057  15.7232  0.0351  0.752095  0.752042  0.000053  12.102138  12.102138  0.481227  0.000070  9.178937e-02  1.067330e-01  1.067330e-01  0.153301  15685.2362  1.227377e+05  7.805702e+00  9.493835e+56  2.947750e+53  5.617070e-06  7.063744e+107  +1  +1  0
0.0351  255.9695  134.9057  17.8208  0.0351  0.822230  0.822179  0.000050  12.183827  12.183827  0.473167  0.000061  9.967610e-02  1.175816e-01  1.175816e-01  0.153063  10371.0915  1.353299e+05  7.420051e+00  1.042130e+57  2.802112e+53  5.524386e-06  6.968278e+107  +1  +1  0
0.0351  264.6662  134.9057  20.1984  0.0351  0.896939  0.896891  0.000048  12.273259  12.273259  0.464900  0.000053  1.079405e-01  1.292992e-01  1.292992e-01  0.151409  6888.7207  1.489754e+05  7.037965e+00  1.141891e+57  2.657821e+53  5.425861e-06  6.820620e+107  +1  +1  0
0.0351  273.7197  134.9057  22.8931  0.0351  0.976089  0.976044  0.000045  12.367820  12.367820  0.456422  0.000046  1.165676e-01  1.419329e-01  1.419329e-01  0.148460  4598.6283  1.637079e+05  6.659942e+00  1.248694e+57  2.515064e+53  5.319611e-06  6.624790e+107  +1  +1  0
0.0351  283.1505  134.9057  25.9473  0.0351  1.059469  1.059427  0.000043  12.465045  12.465045  0.447729  0.000040  1.255383e-01  1.555301e-01  1.555301e-01  0.144353  3086.4170  1.795522e+05  6.286637e+00  1.362503e+57  2.374089e+53  5.207565e-06  6.380862e+107  +1  +1  0
0.0351  292.9824  134.9057  29.4090  0.0351  1.146791  1.146751  0.000040  12.562949  12.562949  0.438818  0.000035  1.348262e-01  1.701330e-01  1.701330e-01  0.139237  2083.4970  1.965127e+05  5.918757e+00  1.483092e+57  2.235162e+53  4.511439e-06  5.836808e+107  +1  +1  0
0.0351  548.6687  134.9057  33.3326  0.0351  1.153757  1.153736  0.000021  12.522541  12.522541  0.355770  0.000019  1.360829e-01  1.721516e-01  1.721516e-01  0.137662  1966.5517  1.980800e+05  3.154488e+00  1.492823e+57  1.191262e+53  1.401176e-05  -6.844556e+106  +1  -1  1
0.0351  553.1161  134.9057  37.7796  0.0351  1.145737  1.145716  0.000021  12.415240  12.415240  0.351785  0.000018  1.363049e-01  1.725093e-01  1.725093e-01  0.134597  1907.1602  1.968877e+05  3.049669e+00  1.481135e+57  1.151678e+53  -3.315375e-05  -4.526999e+106  -1  -1  1
0.0351  558.1558  134.9057  42.8198  0.0351  1.142921  1.142901  0.000020  12.282816  12.282816  0.347426  0.000017  1.374358e-01  1.743365e-01  1.743365e-01  0.129744  1763.9900  1.969816e+05  2.937712e+00  1.477180e+57  1.109399e+53  -2.815228e-05  1.642050e+104  -1  +1  1
0.0351  563.8691  134.9057  48.5326  0.0351  1.147148  1.147129  0.000019  12.134156  12.134156  0.342676  0.000017  1.396341e-01  1.779128e-01  1.779128e-01  0.123566  1551.8566  1.985359e+05  2.818866e+00  1.482335e+57  1.064518e+53  2.983548e-06  4.213402e+106  +1  +1  1
0.0351  570.3441  134.9057  55.0074  0.0351  1.159835  1.159817  0.000018  11.977449  11.977449  0.337522  0.000016  1.430255e-01  1.834949e-01  1.834949e-01  0.116507  1297.7624  2.020756e+05  2.693564e+00  1.500284e+57  1.017199e+53  3.767220e-06  7.697008e+106  +1  +1  1
0.0351  577.6823  134.9057  62.3461  0.0351  1.181910  1.181893  0.000017  11.820642  11.820642  0.331952  0.000015  1.476812e-01  1.912888e-01  1.912888e-01  0.108984  1034.3015  2.075279e+05  2.562396e+00  1.530458e+57  9.676642e+52  4.026233e-06  1.036851e+107  +1  +1  1
0.0351  586.0010  134.9057  70.6639  0.0351  1.213824  1.213807  0.000016  11.670683  11.670683  0.325960  0.000014  1.536176e-01  2.014538e-01  2.014538e-01  0.101348  789.8032  2.155204e+05  2.426130e+00  1.577124e+57  9.162046e+52  4.065990e-06  1.204945e+107  +1  +1  1
0.0351  595.4279  134.9057  80.0914  0.0351  1.255392  1.255377  0.000015  11.532751  11.532751  0.319547  0.000012  1.607786e-01  2.140690e-01  2.140690e-01  0.093862  582.4485  2.255194e+05  2.285716e+00  1.636288e+57  8.631788e+52  4.138679e-06  1.258939e+107  +1  +1  1
0.0351  606.1136  134.9057  90.7766  0.0351  1.305960  1.305945  0.000014  11.410183  11.410183  0.312716  0.000011  1.690514e-01  2.291496e-01  2.291496e-01  0.086695  418.6113  2.378059e+05  2.142239e+00  1.709573e+57  8.089960e+52  4.134440e-06  1.235955e+107  +1  +1  1
0.0351  618.2249  134.9057  102.8874  0.0351  1.364426  1.364412  0.000014  11.304262  11.304262  0.305479  0.000010  1.782746e-01  2.466436e-01  2.466436e-01  0.079888  295.7617  2.518745e+05  1.996931e+00  1.793104e+57  7.541218e+52  4.094400e-06  1.162780e+107  +1  +1  1
0.0351  631.9498  134.9057  116.6139  0.0351  1.429365  1.429353  0.000013  11.214458  11.214458  0.297855  0.000009  1.882550e-01  2.664419e-01  2.664419e-01  0.073471  207.1529  2.680129e+05  1.851113e+00  1.888405e+57  6.990551e+52  3.947658e-06  1.070751e+107  +1  +1  1
0.0351  647.5096  134.9057  132.1717  0.0351  1.499150  1.499139  0.000012  11.138915  11.138915  0.289867  0.000008  1.987851e-01  2.883884e-01  2.883884e-01  0.067410  144.7820  2.860814e+05  1.706144e+00  1.994033e+57  6.443091e+52  3.774533e-06  9.548202e+106  +1  +1  1
0.0351  665.1426  134.9057  149.8051  0.0351  1.572061  1.572051  0.000011  11.074966  11.074966  0.281548  0.000007  2.096567e-01  3.122878e-01  3.122878e-01  0.061691  101.5276  3.059037e+05  1.563412e+00  2.108345e+57  5.904076e+52  3.640584e-06  8.118596e+106  +1  +1  1
0.0351  685.1283  134.9057  169.7911  0.0351  1.646372  1.646363  0.000010  11.019613  11.019613  0.272932  0.000006  2.206700e-01  3.379080e-01  3.379080e-01  0.056295  71.7232  3.265381e+05  1.424236e+00  2.224307e+57  5.378491e+52  3.504792e-06  6.667148e+106  +1  +1  1
0.0351  707.7821  134.9057  192.4434  0.0351  1.720432  1.720423  0.000009  10.969865  10.969865  0.264063  0.000005  2.316422e-01  3.649851e-01  3.649851e-01  0.051219  51.1983  3.483014e+05  1.289849e+00  2.343775e+57  4.870992e+52  3.364479e-06  5.321571e+106  +1  +1  1
0.0351  733.4544  134.9057  218.1178  0.0351  1.792710  1.792702  0.000008  10.922648  10.922648  0.254986  0.000004  2.424173e-01  3.932424e-01  3.932424e-01  0.046470  37.0051  3.700324e+05  1.161353e+00  2.458358e+57  4.385737e+52  3.169416e-06  4.195479e+106  +1  +1  1
0.0351  762.5564  134.9057  247.2176  0.0351  1.861860  1.861853  0.000007  10.875666  10.875666  0.245749  0.000004  2.528557e-01  4.223605e-01  4.223605e-01  0.042048  27.1203  3.930559e+05  1.039658e+00  2.577084e+57  3.926168e+52  2.962331e-06  3.247542e+106  +1  +1  1
0.0351  795.5386  134.9057  280.1996  0.0351  1.926735  1.926729  0.000006  10.826702  10.826702  0.236404  0.000003  2.628496e-01  4.520217e-01  4.520217e-01  0.037974  20.1771  4.152532e+05  9.254998e-01  2.685105e+57  3.495061e+52  2.770321e-06  2.411678e+106  +1  +1  1
0.0351  832.9189  134.9057  317.5819  0.0351  1.986407  1.986402  0.000006  10.774120  10.774120  0.227000  0.000003  2.723128e-01  4.818892e-01  4.818892e-01  0.034247  15.2473  4.380848e+05  8.193942e-01  2.792580e+57  3.094363e+52  2.573882e-06  1.755722e+106  +1  +1  1
0.0351  875.2916  134.9057  359.9514  0.0351  2.040184  2.040179  0.000005  10.716748  10.716748  0.217589  0.000002  2.811823e-01  5.116241e-01  5.116241e-01  0.030870  11.7087  4.592819e+05  7.216461e-01  2.883927e+57  2.725227e+52  2.381145e-06  1.218946e+106  +1  +1  1
0.0351  923.3117  134.9057  407.9736  0.0351  2.087562  2.087558  0.000004  10.653610  10.653610  0.208219  0.000002  2.894171e-01  5.408964e-01  5.408964e-01  0.027829  9.1366  4.805796e+05  6.323713e-01  2.971503e+57  2.388089e+52  2.126461e-06  8.600143e+105  +1  +1  1
0.0351  977.7420  134.9057  462.4025  0.0351  2.128264  2.128261  0.000004  10.584337  10.584337  0.198934  0.000002  2.969912e-01  5.693779e-01  5.693779e-01  0.025111  7.2454  5.005877e+05  5.514951e-01  3.045936e+57  2.082668e+52  1.930199e-06  5.519904e+105  +1  +1  1
0.0351  1039.4339  134.9057  524.0930  0.0351  2.162179  2.162176  0.000003  10.508642  10.508642  0.189778  0.000001  3.038972e-01  5.967727e-01  5.967727e-01  0.022696  5.8374  5.190803e+05  4.787952e-01  3.106205e+57  1.808124e+52  1.674419e-06  3.536380e+105  +1  +1  1
0.0351  1109.3497  134.9057  594.0138  0.0351  2.189356  2.189353  0.000003  10.426708  10.426708  0.180788  0.000001  3.101350e-01  6.227907e-01  6.227907e-01  0.020562  4.7776  5.369577e+05  4.139210e-01  3.159129e+57  1.563133e+52  1.399237e-06  2.177275e+105  +1  +1  1
0.0351  1188.6046  134.9057  673.2629  0.0351  2.209972  2.209970  0.000002  10.338747  10.338747  0.171996  0.000001  3.157189e-01  6.471934e-01  6.471934e-01  0.018684  3.9707  5.529245e+05  3.564215e-01  3.196324e+57  1.345991e+52  1.117690e-06  1.206009e+105  +1  +1  1
0.0351  1278.4252  134.9057  763.0849  0.0351  2.224314  2.224312  0.000002  10.245226  10.245226  0.163431  0.000001  3.206684e-01  6.697696e-01  6.697696e-01  0.017036  3.3496  5.679515e+05  3.057844e-01  3.225213e+57  1.154765e+52  7.718333e-07  6.899289e+104  +1  +1  1
0.0351  1380.2298  134.9057  864.8903  0.0351  2.232743  2.232742  0.000002  10.146846  10.146846  0.155117  0.000001  3.250045e-01  6.903303e-01  6.903303e-01  0.015595  2.8672  5.819630e+05  2.614515e-01  3.246023e+57  9.873464e+51  4.103040e-07  2.861777e+104  +1  +1  1
0.0351  1495.6207  134.9057  980.2778  0.0351  2.235684  2.235683  0.000002  10.044205  10.044205  0.147073  0.000001  3.287581e-01  7.087559e-01  7.087559e-01  0.014340  2.4892  5.937685e+05  2.228484e-01  3.251138e+57  8.415655e+51  1.416619e-08  2.503750e+103  +1  +1  1
0.0351  1626.3973  134.9057  1111.0596  0.0351  2.233595  2.233594  0.000001  9.937989  9.937989  0.139313  0.000001  3.319614e-01  7.249660e-01  7.249660e-01  0.013262  2.1932  6.043756e+05  1.894027e-01  3.248268e+57  7.152609e+51  -5.303911e-07  -1.067860e+104  -1  -1  1
0.0351  1774.6318  134.9057  1259.2893  0.0351  2.226964  2.226963  0.000001  9.828988  9.828988  0.131848  0.000000  3.346462e-01  7.389134e-01  7.389134e-01  0.012327  1.9581  6.127360e+05  1.605561e-01  3.230886e+57  6.063248e+51  -1.161586e-06  -1.746855e+104  -1  -1  1
0.0351  1942.6373  134.9057  1427.2948  0.0351  2.216289  2.216288  0.000001  9.718143  9.718143  0.124684  0.000000  3.368408e-01  7.505687e-01  7.505687e-01  0.011520  1.7711  6.199514e+05  1.357803e-01  3.207131e+57  5.127612e+51  -1.955141e-06  -1.702275e+104  -1  -1  1
0.0351  2133.0527  134.9057  1617.7144  0.0351  2.202054  2.202053  0.000001  9.606135  9.606135  0.117824  0.000000  3.385797e-01  7.599728e-01  7.599728e-01  0.010825  1.6220  6.259989e+05  1.145808e-01  3.177478e+57  4.327033e+51  -2.986382e-06  -1.531433e+104  -1  -1  1
0.0351  2348.8827  134.9057  1833.5384  0.0351  2.184744  2.184744  0.000001  9.493838  9.493838  0.111270  0.000000  3.398916e-01  7.671686e-01  7.671686e-01  0.010229  1.5032  6.309400e+05  9.650300e-02  3.142876e+57  3.644343e+51  -4.395904e-06  -1.300022e+104  -1  -1  1
0.0351  2593.4963  134.9057  2078.1562  0.0351  2.164827  2.164826  0.000001  9.382047  9.382047  0.105019  0.000000  3.408059e-01  7.722360e-01  7.722360e-01  0.009718  1.4092  6.348444e+05  8.113507e-02  3.104293e+57  3.063988e+51  -9.476009e-06  -1.144445e+104  -1  -1  1
0.0351  2870.7514  134.9057  2355.4091  0.0351  2.142744  2.142743  0.000000  9.271537  9.271537  0.099067  0.000000  3.413502e-01  7.752735e-01  7.752735e-01  0.009285  1.3356  6.367469e+05  6.810680e-02  3.055327e+57  2.571988e+51  -2.013666e-05  -9.859507e+103  -1  -1  1
0.0351  3184.9955  134.9057  2669.6512  0.0351  2.118915  2.118914  0.000000  9.162939  9.162939  0.093408  0.000000  3.415547e-01  7.764186e-01  7.764186e-01  0.008918  1.2789  6.377196e+05  5.708963e-02  3.003629e+57  2.155935e+51  -2.412652e-05  -7.219229e+103  -1  -1  1
0.0351  3541.1532  134.9057  3025.8172  0.0351  2.093734  2.093733  0.000000  9.057086  9.057086  0.088035  0.000000  3.414401e-01  7.757768e-01  7.757768e-01  0.008613  1.2374  6.387812e+05  4.779400e-02  2.956597e+57  1.804894e+51  1.411004e-04  -5.414597e+103  +1  -1  1
0.0351  3944.8452  134.9057  3429.5004  0.0351  2.067565  2.067565  0.000000  8.954455  8.954455  0.082940  0.000000  3.410371e-01  7.735244e-01  7.735244e-01  0.008362  1.2084  6.381321e+05  3.996648e-02  2.901833e+57  1.509296e+51  3.390469e-05  -4.565903e+103  +1  -1  1
0.0351  4402.3826  134.9057  3887.0401  0.0351  2.040747  2.040747  0.000000  8.855605  8.855605  0.078113  0.000000  3.403710e-01  7.698200e-01  7.698200e-01  0.008157  1.1903  6.359353e+05  3.338712e-02  2.840544e+57  1.260832e+51  1.325448e-05  -3.420409e+103  +1  -1  1
0.0351  4920.9625  134.9057  4405.6215  0.0351  2.013593  2.013593  0.000000  8.761149  8.761149  0.073545  0.000000  3.394629e-01  7.648071e-01  7.648071e-01  0.007997  1.1827  6.340187e+05  2.786566e-02  2.785492e+57  1.052320e+51  1.282758e-05  -2.357703e+103  +1  -1  1
0.0351  5508.7341  134.9057  4993.3885  0.0351  1.986387  1.986387  0.000000  8.671469  8.671469  0.069226  0.000000  3.383397e-01  7.586656e-01  7.586656e-01  0.007874  1.1840  6.315714e+05  2.323860e-02  2.730991e+57  8.775832e+50  9.611013e-06  -1.785515e+103  +1  -1  1
0.0351  6174.9095  134.9057  5659.5711  0.0351  1.959387  1.959387  0.000000  8.586947  8.586947  0.065144  0.000000  3.370258e-01  7.515623e-01  7.515623e-01  0.007787  1.1939  6.278986e+05  1.936600e-02  2.672115e+57  7.313384e+50  7.781866e-06  -1.299275e+103  +1  -1  1
0.0351  6929.9756  134.9057  6414.6311  0.0351  1.932828  1.932828  0.000000  8.507920  8.507920  0.061291  0.000000  3.355456e-01  7.436619e-01  7.436619e-01  0.007729  1.2114  6.246451e+05  1.612847e-02  2.620201e+57  6.090762e+50  7.254239e-06  -9.119019e+102  +1  -1  1
0.0351  7785.7703  134.9057  7270.4259  0.0351  1.906921  1.906921  0.000000  8.434694  8.434694  0.057654  0.000000  3.339219e-01  7.351174e-01  7.351174e-01  0.007701  1.2365  6.203696e+05  1.342459e-02  2.565049e+57  5.069667e+50  6.383778e-06  -6.525235e+102  +1  -1  1
0.0351  8755.7337  134.9057  8240.3948  0.0351  1.881855  1.881855  0.000000  8.367472  8.367472  0.054221  0.000000  3.321800e-01  7.260888e-01  7.260888e-01  0.007696  1.2686  6.166109e+05  1.116710e-02  2.517195e+57  4.217146e+50  6.022980e-06  -4.506230e+102  +1  -1  1
0.0351  9855.1162  134.9057  9339.7702  0.0351  1.857797  1.857797  0.000000  8.306408  8.306408  0.050991  0.000000  3.303442e-01  7.167245e-01  7.167245e-01  0.007713  1.3070  6.120138e+05  9.287266e-03  2.466996e+57  3.507246e+50  5.076044e-06  -3.312120e+102  +1  -1  1
0.0351  11101.1575  134.9057  10585.8164  0.0351  1.834892  1.834892  0.000000  8.251560  8.251560  0.047944  0.000000  3.284401e-01  7.071713e-01  7.071713e-01  0.007747  1.3514  6.073554e+05  7.719931e-03  2.419607e+57  2.915358e+50  4.779953e-06  -2.285533e+102  +1  -1  1
0.0351  12513.4446  134.9057  11998.1012  0.0351  1.813268  1.813268  0.000000  8.203005  8.203005  0.045074  0.000000  3.264906e-01  6.975534e-01  6.975534e-01  0.007800  1.4016  6.026980e+05  6.414863e-03  2.375228e+57  2.422511e+50  4.884295e-06  -1.494337e+102  +1  -1  1
0.0351  14114.1489  134.9057  13598.8032  0.0351  1.793033  1.793033  0.000000  8.160725  8.160725  0.042371  0.000000  3.245198e-01  6.879942e-01  6.879942e-01  0.007863  1.4565  5.987227e+05  5.328770e-03  2.338367e+57  2.012358e+50  4.651233e-06  -9.974918e+101  +1  -1  1
0.0351  15928.3955  134.9057  15413.0595  0.0351  1.774273  1.774273  0.000000  8.124548  8.124548  0.039827  0.000000  3.225543e-01  6.786197e-01  6.786197e-01  0.007937  1.5155  5.942048e+05  4.425353e-03  2.300232e+57  1.671192e+50  4.042414e-06  -7.169228e+101  +1  -1  1
0.0351  17984.7070  134.9057  17469.3612  0.0351  1.757057  1.757057  0.000000  8.094369  8.094369  0.037433  0.000000  3.206154e-01  6.695232e-01  6.695232e-01  0.008017  1.5776  5.898307e+05  3.674206e-03  2.265353e+57  1.387528e+50  3.827473e-06  -4.787246e+101  +1  -1  1
0.0351  20310.1824  134.9057  19794.8396  0.0351  1.741465  1.741465  0.000000  8.070007  8.070007  0.035184  0.000000  3.187297e-01  6.608165e-01  6.608165e-01  0.008098  1.6412  5.856435e+05  3.051087e-03  2.233777e+57  1.152213e+50  3.723606e-06  -3.511224e+101  +1  -1  1

0.0481  103.0404  137.0541  1.0000  0.0481  0.114268  0.114069  0.000199  16.355604  16.355604  0.744694  0.001740  1.031906e-02  1.048158e-02  1.048158e-02  0.022368  127446076.0251  1.714125e+04  2.938293e+01  1.433522e+56  1.109576e+54  6.519793e-06  5.588254e+107  +1  +1  0
0.0481  107.6573  137.0541  1.1334  0.0481  0.122839  0.122645  0.000193  15.539202  15.539202  0.737755  0.001574  1.167583e-02  1.188438e-02  1.188438e-02  0.026772  82253653.1123  1.845659e+04  2.856772e+01  1.543311e+56  1.078791e+54  6.514463e-06  5.307764e+107  +1  +1  0
0.0481  113.1115  137.0541  1.2846  0.0481  0.132612  0.132426  0.000186  14.864753  14.864753  0.728856  0.001406  1.317672e-02  1.344301e-02  1.344301e-02  0.031983  53677968.0617  1.995930e+04  2.754715e+01  1.666095e+56  1.040252e+54  6.500904e-06  4.956841e+107  +1  +1  0
0.0481  119.1072  137.0541  1.4560  0.0481  0.143435  0.143255  0.000179  14.309763  14.309763  0.719599  0.001251  1.480484e-02  1.514194e-02  1.514194e-02  0.037847  35474654.1559  2.162725e+04  2.651114e+01  1.800632e+56  1.001129e+54  6.484091e-06  5.018553e+107  +1  +1  0
0.0481  125.0167  137.0541  1.6503  0.0481  0.155281  0.155108  0.000173  13.850886  13.850886  0.710619  0.001112  1.655855e-02  1.698152e-02  1.698152e-02  0.044243  23694346.5135  2.345784e+04  2.553150e+01  1.946948e+56  9.641357e+53  6.464889e-06  5.019862e+107  +1  +1  0
0.0481  131.6026  137.0541  1.8704  0.0481  0.168231  0.168065  0.000166  13.468307  13.468307  0.701061  0.000986  1.844911e-02  1.897588e-02  1.897588e-02  0.051087  15934599.6033  2.546538e+04  2.451535e+01  2.106278e+56  9.257631e+53  6.443396e-06  5.074208e+107  +1  +1  0
0.0481  137.9494  137.0541  2.1200  0.0481  0.182312  0.182153  0.000160  13.148357  13.148357  0.692002  0.000875  2.047982e-02  2.113123e-02  2.113123e-02  0.058253  10779357.4912  2.765562e+04  2.357764e+01  2.279092e+56  8.903526e+53  6.418738e-06  4.243797e+107  +1  +1  0
0.0481  152.7256  137.0541  2.4028  0.0481  0.195726  0.195579  0.000147  12.901597  12.901597  0.673202  0.000750  2.240718e-02  2.318957e-02  2.318957e-02  0.064672  7632897.2844  2.975135e+04  2.170869e+01  2.443440e+56  8.197761e+53  6.392237e-06  5.086637e+107  +1  +1  0
0.0481  157.6382  137.0541  2.7234  0.0481  0.209790  0.209648  0.000143  12.678656  12.678656  0.666551  0.000680  2.443956e-02  2.537363e-02  2.537363e-02  0.070852  5417428.5812  3.195725e+04  2.107181e+01  2.615286e+56  7.957261e+53  6.365771e-06  6.341102e+107  +1  +1  0
0.0481  162.7167  137.0541  3.0867  0.0481  0.226209  0.226071  0.000138  12.471677  12.471677  0.659777  0.000611  2.678964e-02  2.791660e-02  2.791660e-02  0.077564  3747459.7280  3.454269e+04  2.043607e+01  2.816060e+56  7.717190e+53  6.339313e-06  6.936128e+107  +1  +1  0
0.0481  167.9681  137.0541  3.4985  0.0481  0.245248  0.245114  0.000134  12.289911  12.289911  0.652874  0.000546  2.947395e-02  3.084452e-02  3.084452e-02  0.084768  2540659.9876  3.755372e+04  1.980146e+01  3.049363e+56  7.477543e+53  6.310185e-06  7.524405e+107  +1  +1  0
0.0481  173.4000  137.0541  3.9652  0.0481  0.267123  0.266993  0.000130  12.138238  12.138238  0.645834  0.000486  3.250399e-02  3.417980e-02  3.417980e-02  0.092339  1696719.1153  4.102995e+04  1.916796e+01  3.318163e+56  7.238317e+53  6.277764e-06  8.085252e+107  +1  +1  0
0.0481  179.0190  137.0541  4.4943  0.0481  0.292041  0.291915  0.000125  12.018494  12.018494  0.638651  0.000429  3.589010e-02  3.794559e-02  3.794559e-02  0.100116  1120824.0772  4.501144e+04  1.853572e+01  3.625379e+56  6.999566e+53  6.241369e-06  8.611261e+107  +1  +1  0
0.0481  184.8335  137.0541  5.0939  0.0481  0.320207  0.320086  0.000121  11.930464  11.930464  0.631319  0.000378  3.964193e-02  4.216653e-02  4.216653e-02  0.107912  734862.7151  4.953980e+04  1.790475e+01  3.973993e+56  6.761294e+53  6.201006e-06  9.097008e+107  +1  +1  0
0.0481  190.8524  137.0541  5.7734  0.0481  0.351826  0.351710  0.000117  11.872636  11.872636  0.623828  0.000332  4.376863e-02  4.686921e-02  4.686921e-02  0.115516  479440.9253  5.465804e+04  1.727514e+01  4.367005e+56  6.523539e+53  6.156438e-06  9.537236e+107  +1  +1  0
0.0481  197.0844  137.0541  6.5437  0.0481  0.387103  0.386990  0.000113  11.842723  11.842723  0.616173  0.000291  4.827881e-02  5.208244e-02  5.208244e-02  0.122726  311934.9115  6.041197e+04  1.664703e+01  4.807575e+56  6.286349e+53  6.107161e-06  9.926897e+107  +1  +1  0
0.0481  203.5396  137.0541  7.4167  0.0481  0.426235  0.426127  0.000108  11.838043  11.838043  0.608343  0.000254  5.318033e-02  5.783726e-02  5.783726e-02  0.129342  202717.6271  6.684893e+04  1.602057e+01  5.298822e+56  6.049782e+53  6.053263e-06  1.026409e+108  +1  +1  0
0.0481  210.2287  137.0541  8.4062  0.0481  0.469413  0.469309  0.000104  11.855746  11.855746  0.600330  0.000222  5.848008e-02  6.416715e-02  6.416715e-02  0.135176  131755.3998  7.401767e+04  1.539594e+01  5.843969e+56  5.813905e+53  5.994851e-06  1.054421e+108  +1  +1  0
0.0481  217.1631  137.0541  9.5277  0.0481  0.516813  0.516714  0.000100  11.892978  11.892978  0.592125  0.000193  6.418371e-02  7.110803e-02  7.110803e-02  0.140070  85729.5905  8.196742e+04  1.477341e+01  6.446086e+56  5.578821e+53  5.930619e-06  1.076306e+108  +1  +1  0
0.0481  224.3537  137.0541  10.7988  0.0481  0.568591  0.568495  0.000096  11.928731  11.928731  0.583721  0.000168  7.040234e-02  7.883257e-02  7.883257e-02  0.144989  55886.5389  9.075146e+04  1.415337e+01  7.108423e+56  5.344676e+53  5.860732e-06  1.091770e+108  +1  +1  0
0.0481  231.8138  137.0541  12.2395  0.0481  0.624874  0.624782  0.000092  11.971034  11.971034  0.575109  0.000147  7.709786e-02  8.733924e-02  8.733924e-02  0.149243  36525.0278  1.004175e+05  1.353619e+01  7.833667e+56  5.111615e+53  5.786095e-06  1.099910e+108  +1  +1  0
0.0481  239.5612  137.0541  13.8724  0.0481  0.685756  0.685669  0.000087  12.029234  12.029234  0.566277  0.000128  8.420028e-02  9.658653e-02  9.658653e-02  0.152024  23947.1881  1.110147e+05  1.292219e+01  8.624440e+56  4.879751e+53  5.704974e-06  1.100796e+108  +1  +1  0
0.0481  247.6067  137.0541  15.7232  0.0481  0.751286  0.751203  0.000083  12.100656  12.100656  0.557220  0.000111  9.170188e-02  1.066144e-01  1.066144e-01  0.153293  15759.3768  1.225916e+05  1.231216e+01  9.482984e+56  4.649389e+53  5.618361e-06  1.094123e+108  +1  +1  0
0.0481  255.9695  137.0541  17.8208  0.0481  0.821460  0.821381  0.000079  12.182421  12.182421  0.547931  0.000096  9.959427e-02  1.174674e-01  1.174674e-01  0.153073  10414.4101  1.351855e+05  1.170667e+01  1.041062e+57  4.420740e+53  5.526149e-06  1.079577e+108  +1  +1  0
0.0481  264.6662  137.0541  20.1984  0.0481  0.896211  0.896136  0.000075  12.271969  12.271969  0.538402  0.000084  1.078643e-01  1.291894e-01  1.291894e-01  0.151429  6913.9997  1.488364e+05  1.110654e+01  1.140871e+57  4.194117e+53  5.426792e-06  1.057161e+108  +1  +1  0
0.0481  273.7197  137.0541  22.8931  0.0481  0.975405  0.975334  0.000071  12.366681  12.366681  0.528627  0.000073  1.164966e-01  1.418273e-01  1.418273e-01  0.148486  4613.4724  1.635749e+05  1.051256e+01  1.247729e+57  3.969815e+53  5.320112e-06  1.027166e+108  +1  +1  0
0.0481  283.1505  137.0541  25.9473  0.0481  1.058831  1.058764  0.000067  12.464027  12.464027  0.518601  0.000063  1.254729e-01  1.554293e-01  1.554293e-01  0.144386  3095.1644  1.794277e+05  9.925766e+00  1.361610e+57  3.748224e+53  5.208128e-06  9.895530e+107  +1  +1  0
0.0481  292.9824  137.0541  29.4090  0.0481  1.146199  1.146136  0.000063  12.562042  12.562042  0.508323  0.000055  1.347663e-01  1.700370e-01  1.700370e-01  0.139272  2088.6461  1.963940e+05  9.347260e+00  1.482246e+57  3.529766e+53  4.621791e-06  9.053204e+107  +1  +1  0
0.0481  548.6687  137.0541  33.3326  0.0481  1.153729  1.153695  0.000034  12.522751  12.522751  0.412406  0.000029  1.360773e-01  1.721425e-01  1.721425e-01  0.137679  1967.1937  1.980458e+05  4.992176e+00  1.492595e+57  1.885174e+53  1.249460e-05  -1.038924e+107  +1  -1  1
0.0481  553.1161  137.0541  37.7796  0.0481  1.145715  1.145683  0.000033  12.415654  12.415654  0.407799  0.000029  1.362978e-01  1.724977e-01  1.724977e-01  0.134620  1907.9840  1.968919e+05  4.826734e+00  1.481182e+57  1.822699e+53  -3.387911e-05  -6.890192e+106  -1  -1  1
0.0481  558.1558  137.0541  42.8198  0.0481  1.142880  1.142849  0.000031  12.283304  12.283304  0.402760  0.000028  1.374254e-01  1.743197e-01  1.743197e-01  0.129767  1764.9713  1.969847e+05  4.649997e+00  1.477223e+57  1.755958e+53  -2.872493e-05  1.917952e+104  -1  +1  1
0.0481  563.8691  137.0541  48.5326  0.0481  1.147085  1.147054  0.000030  12.134644  12.134644  0.397268  0.000026  1.396208e-01  1.778911e-01  1.778911e-01  0.123598  1552.9989  1.985365e+05  4.462354e+00  1.482362e+57  1.685099e+53  2.975437e-06  6.538495e+106  +1  +1  1
0.0481  570.3441  137.0541  55.0074  0.0481  1.159746  1.159717  0.000029  11.977934  11.977934  0.391308  0.000025  1.430087e-01  1.834671e-01  1.834671e-01  0.116537  1298.8563  2.020724e+05  4.264481e+00  1.500286e+57  1.610377e+53  3.764657e-06  1.195946e+107  +1  +1  1
0.0481  577.6823  137.0541  62.3461  0.0481  1.181812  1.181785  0.000027  11.821078  11.821078  0.384866  0.000023  1.476635e-01  1.912589e-01  1.912589e-01  0.109009  1035.1545  2.075240e+05  4.057304e+00  1.530458e+57  1.532142e+53  4.094841e-06  1.569147e+107  +1  +1  1
0.0481  586.0010  137.0541  70.6639  0.0481  1.213700  1.213674  0.000026  11.671018  11.671018  0.377935  0.000021  1.535976e-01  2.014191e-01  2.014191e-01  0.101369  790.4813  2.151881e+05  3.842031e+00  1.574836e+57  1.450849e+53  4.104020e-06  1.862698e+107  +1  +1  1
0.0481  595.4279  137.0541  80.0914  0.0481  1.255263  1.255238  0.000024  11.533019  11.533019  0.370516  0.000020  1.607582e-01  2.140326e-01  2.140326e-01  0.093885  582.9602  2.255078e+05  3.620157e+00  1.636234e+57  1.367064e+53  4.138976e-06  1.950968e+107  +1  +1  1
0.0481  606.1136  137.0541  90.7766  0.0481  1.305826  1.305803  0.000023  11.410378  11.410378  0.362613  0.000018  1.690312e-01  2.291120e-01  2.291120e-01  0.086703  418.8993  2.373581e+05  3.393390e+00  1.706482e+57  1.281431e+53  4.161315e-06  1.912885e+107  +1  +1  1
0.0481  618.2249  137.0541  102.8874  0.0481  1.364293  1.364272  0.000021  11.304406  11.304406  0.354239  0.000016  1.782550e-01  2.466056e-01  2.466056e-01  0.079907  295.9963  2.518588e+05  3.163675e+00  1.793024e+57  1.194685e+53  4.028623e-06  1.843560e+107  +1  +1  1
0.0481  631.9498  137.0541  116.6139  0.0481  1.429237  1.429217  0.000020  11.214539  11.214539  0.345415  0.000014  1.882368e-01  2.664048e-01  2.664048e-01  0.073476  207.2693  2.679951e+05  2.933097e+00  1.888312e+57  1.107613e+53  3.948302e-06  1.666186e+107  +1  +1  1
0.0481  647.5096  137.0541  132.1717  0.0481  1.499036  1.499017  0.000018  11.138987  11.138987  0.336170  0.000012  1.987686e-01  2.883531e-01  2.883531e-01  0.067420  144.8641  2.860652e+05  2.703805e+00  1.993953e+57  1.021026e+53  3.775003e-06  1.486195e+107  +1  +1  1
0.0481  665.1426  137.0541  149.8051  0.0481  1.571960  1.571943  0.000017  11.075003  11.075003  0.326538  0.000011  2.096424e-01  3.122555e-01  3.122555e-01  0.061705  101.5862  3.058883e+05  2.477993e+00  2.108272e+57  9.357536e+52  3.640999e-06  1.263896e+107  +1  +1  1
0.0481  685.1283  137.0541  169.7911  0.0481  1.646283  1.646268  0.000015  11.019678  11.019678  0.316563  0.000009  2.206568e-01  3.378763e-01  3.378763e-01  0.056302  71.7541  3.265245e+05  2.257750e+00  2.224248e+57  8.525840e+52  3.505448e-06  1.037980e+107  +1  +1  1
0.0481  707.7821  137.0541  192.4434  0.0481  1.720352  1.720338  0.000014  10.969800  10.969800  0.306292  0.000008  2.316329e-01  3.649614e-01  3.649614e-01  0.051223  51.2117  3.482841e+05  2.045031e+00  2.343689e+57  7.722560e+52  3.364936e-06  8.286375e+106  +1  +1  1
0.0481  733.4544  137.0541  218.1178  0.0481  1.792642  1.792630  0.000012  10.922689  10.922689  0.295778  0.000007  2.424073e-01  3.932152e-01  3.932152e-01  0.046470  37.0128  3.700196e+05  1.841583e+00  2.458304e+57  6.954289e+52  3.169624e-06  6.534652e+106  +1  +1  1
0.0481  762.5564  137.0541  247.2176  0.0481  1.861801  1.861790  0.000011  10.875665  10.875665  0.285078  0.000006  2.528477e-01  4.223377e-01  4.223377e-01  0.042051  27.1264  3.930414e+05  1.648856e+00  2.577016e+57  6.226502e+52  2.962740e-06  5.058539e+106  +1  +1  1
0.0481  795.5386  137.0541  280.1996  0.0481  1.926689  1.926679  0.000010  10.826714  10.826714  0.274250  0.000005  2.628431e-01  4.520017e-01  4.520017e-01  0.037975  20.1803  4.152417e+05  1.468021e+00  2.685058e+57  5.543622e+52  2.770468e-06  3.757854e+106  +1  +1  1
0.0481  832.9189  137.0541  317.5819  0.0481  1.986373  1.986364  0.000009  10.774162  10.774162  0.263354  0.000004  2.723071e-01  4.818704e-01  4.818704e-01  0.034251  15.2506  4.380768e+05  1.299900e+00  2.792557e+57  4.908756e+52  2.574178e-06  2.735773e+106  +1  +1  1
0.0481  875.2916  137.0541  359.9514  0.0481  2.040153  2.040145  0.000008  10.716745  10.716745  0.252448  0.000004  2.811781e-01  5.116094e-01  5.116094e-01  0.030871  11.7100  4.592712e+05  1.144987e+00  2.883883e+57  4.323762e+52  2.381432e-06  1.899514e+106  +1  +1  1
0.0481  923.3117  137.0541  407.9736  0.0481  2.087541  2.087534  0.000007  10.653641  10.653641  0.241587  0.000003  2.894133e-01  5.408827e-01  5.408827e-01  0.027830  9.1374  4.805733e+05  1.003470e+00  2.971488e+57  3.789360e+52  2.126395e-06  1.340744e+106  +1  +1  1
0.0481  977.7420  137.0541  462.4025  0.0481  2.128246  2.128240  0.000006  10.584435  10.584435  0.230824  0.000003  2.969859e-01  5.693574e-01  5.693574e-01  0.025114  7.2468  5.005842e+05  8.752402e-01  3.045938e+57  3.305131e+52  1.930340e-06  8.604219e+105  +1  +1  1
0.0481  1039.4339  137.0541  524.0930  0.0481  2.162166  2.162161  0.000005  10.508678  10.508678  0.220209  0.000002  3.038943e-01  5.967610e-01  5.967610e-01  0.022696  5.8377  5.190755e+05  7.599509e-01  3.106196e+57  2.869769e+52  1.674757e-06  5.512029e+105  +1  +1  1
0.0481  1109.3497  137.0541  594.0138  0.0481  2.189346  2.189342  0.000004  10.426717  10.426717  0.209784  0.000002  3.101334e-01  6.227839e-01  6.227839e-01  0.020560  4.7774  5.369523e+05  6.570525e-01  3.159114e+57  2.481198e+52  1.399343e-06  3.394605e+105  +1  +1  1
0.0481  1188.6046  137.0541  673.2629  0.0481  2.209965  2.209961  0.000004  10.338784  10.338784  0.199589  0.000002  3.157167e-01  6.471837e-01  6.471837e-01  0.018684  3.9710  5.529213e+05  5.658356e-01  3.196322e+57  2.136740e+52  1.117701e-06  1.881036e+105  +1  +1  1
0.0481  1278.4252  137.0541  763.0849  0.0481  2.224309  2.224306  0.000003  10.245300  10.245300  0.189656  0.000001  3.206654e-01  6.697560e-01  6.697560e-01  0.017037  3.3499  5.679506e+05  4.854921e-01  3.225225e+57  1.833342e+52  7.719245e-07  1.075884e+105  +1  +1  1
0.0481  1380.2298  137.0541  864.8903  0.0481  2.232741  2.232738  0.000003  10.146875  10.146875  0.180014  0.000001  3.250032e-01  6.903240e-01  6.903240e-01  0.015595  2.8672  5.819611e+05  4.151407e-01  3.246026e+57  1.567678e+52  4.103371e-07  4.460569e+104  +1  +1  1
0.0481  1495.6207  137.0541  980.2778  0.0481  2.235680  2.235678  0.000002  10.044224  10.044224  0.170683  0.000001  3.287570e-01  7.087500e-01  7.087500e-01  0.014341  2.4894  5.937656e+05  3.538735e-01  3.251133e+57  1.336317e+52  1.427415e-08  3.883162e+103  +1  +1  1
0.0481  1626.3973  137.0541  1111.0596  0.0481  2.233594  2.233592  0.000002  9.937995  9.937995  0.161681  0.000001  3.319611e-01  7.249640e-01  7.249640e-01  0.013262  2.1932  6.043729e+05  3.007848e-01  3.248261e+57  1.135840e+52  -5.297341e-07  -1.663301e+104  -1  -1  1
0.0481  1774.6318  137.0541  1259.2893  0.0481  2.226966  2.226964  0.000002  9.829036  9.829036  0.153020  0.000001  3.346449e-01  7.389066e-01  7.389066e-01  0.012328  1.9583  6.127380e+05  2.549912e-01  3.230911e+57  9.629118e+51  -1.162050e-06  -2.724830e+104  -1  -1  1
0.0481  1942.6373  137.0541  1427.2948  0.0481  2.216289  2.216287  0.000001  9.718141  9.718141  0.144709  0.000001  3.368409e-01  7.505693e-01  7.505693e-01  0.011521  1.7712  6.199489e+05  2.156557e-01  3.207123e+57  8.143711e+51  -1.955325e-06  -2.658125e+104  -1  -1  1
0.0481  2133.0527  137.0541  1617.7144  0.0481  2.202055  2.202054  0.000001  9.606127  9.606127  0.136750  0.000001  3.385802e-01  7.599753e-01  7.599753e-01  0.010825  1.6219  6.259970e+05  1.819950e-01  3.177471e+57  6.872596e+51  -2.986642e-06  -2.389826e+104  -1  -1  1
0.0481  2348.8827  137.0541  1833.5384  0.0481  2.184744  2.184743  0.000001  9.493829  9.493829  0.129145  0.000000  3.398919e-01  7.671702e-01  7.671702e-01  0.010229  1.5032  6.309375e+05  1.532885e-01  3.142865e+57  5.788566e+51  -4.393739e-06  -2.028499e+104  -1  -1  1
0.0481  2593.4963  137.0541  2078.1562  0.0481  2.164828  2.164827  0.000001  9.382062  9.382062  0.121892  0.000000  3.408056e-01  7.722343e-01  7.722343e-01  0.009718  1.4092  6.348446e+05  1.288832e-01  3.104299e+57  4.866960e+51  -9.478920e-06  -1.785510e+104  -1  -1  1
0.0481  2870.7514  137.0541  2355.4091  0.0481  2.142745  2.142744  0.000001  9.271542  9.271542  0.114985  0.000000  3.413502e-01  7.752732e-01  7.752732e-01  0.009285  1.3356  6.367464e+05  1.081921e-01  3.055328e+57  4.085609e+51  -2.013593e-05  -1.538668e+104  -1  -1  1
0.0481  3184.9955  137.0541  2669.6512  0.0481  2.118916  2.118915  0.000001  9.162943  9.162943  0.108418  0.000000  3.415547e-01  7.764187e-01  7.764187e-01  0.008918  1.2789  6.377192e+05  9.069379e-02  3.003630e+57  3.424829e+51  -2.415769e-05  -1.126676e+104  -1  -1  1
0.0481  3541.1532  137.0541  3025.8172  0.0481  2.093733  2.093732  0.000001  9.057058  9.057058  0.102183  0.000000  3.414411e-01  7.757819e-01  7.757819e-01  0.008613  1.2374  6.387778e+05  7.592896e-02  2.956576e+57  2.867271e+51  1.415389e-04  -8.450291e+103  +1  -1  1
0.0481  3944.8452  137.0541  3429.5004  0.0481  2.067566  2.067565  0.000000  8.954440  8.954440  0.096270  0.000000  3.410378e-01  7.735282e-01  7.735282e-01  0.008362  1.2084  6.381303e+05  6.349539e-02  2.901823e+57  2.397748e+51  3.399122e-05  -7.124128e+103  +1  -1  1
0.0481  4402.3826  137.0541  3887.0401  0.0481  2.040748  2.040747  0.000000  8.855595  8.855595  0.090668  0.000000  3.403715e-01  7.698229e-01  7.698229e-01  0.008158  1.1904  6.359343e+05  5.304398e-02  2.840538e+57  2.003076e+51  1.326036e-05  -5.337359e+103  +1  -1  1
0.0481  4920.9625  137.0541  4405.6215  0.0481  2.013595  2.013594  0.000000  8.761146  8.761146  0.085367  0.000000  3.394632e-01  7.648092e-01  7.648092e-01  0.007997  1.1827  6.340187e+05  4.427272e-02  2.785493e+57  1.671851e+51  1.282850e-05  -3.679490e+103  +1  -1  1
0.0481  5508.7341  137.0541  4993.3885  0.0481  1.986388  1.986388  0.000000  8.671440  8.671440  0.080353  0.000000  3.383409e-01  7.586722e-01  7.586722e-01  0.007874  1.1840  6.315691e+05  3.692203e-02  2.730975e+57  1.394270e+51  9.604546e-06  -2.787175e+103  +1  -1  1
0.0481  6174.9095  137.0541  5659.5711  0.0481  1.959387  1.959387  0.000000  8.586931  8.586931  0.075617  0.000000  3.370264e-01  7.515653e-01  7.515653e-01  0.007787  1.1938  6.278970e+05  3.076970e-02  2.672104e+57  1.161943e+51  7.783702e-06  -2.027637e+103  +1  -1  1
0.0481  6929.9756  137.0541  6414.6311  0.0481  1.932828  1.932828  0.000000  8.507913  8.507913  0.071144  0.000000  3.355459e-01  7.436632e-01  7.436632e-01  0.007730  1.2114  6.246444e+05  2.562615e-02  2.620196e+57  9.677087e+50  7.256380e-06  -1.422935e+103  +1  -1  1
0.0481  7785.7703  137.0541  7270.4259  0.0481  1.906922  1.906922  0.000000  8.434709  8.434709  0.066923  0.000000  3.339216e-01  7.351157e-01  7.351157e-01  0.007701  1.2366  6.203709e+05  2.133031e-02  2.565059e+57  8.054870e+50  6.383739e-06  -1.018280e+103  +1  -1  1
0.0481  8755.7337  137.0541  8240.3948  0.0481  1.881855  1.881855  0.000000  8.367474  8.367474  0.062942  0.000000  3.321799e-01  7.260884e-01  7.260884e-01  0.007696  1.2686  6.166108e+05  1.774568e-02  2.517194e+57  6.701223e+50  6.021483e-06  -7.034692e+102  +1  -1  1
0.0481  9855.1162  137.0541  9339.7702  0.0481  1.857797  1.857797  0.000000  8.306404  8.306404  0.059189  0.000000  3.303443e-01  7.167253e-01  7.167253e-01  0.007713  1.3070  6.120132e+05  1.475687e-02  2.466992e+57  5.572569e+50  5.075865e-06  -5.169456e+102  +1  -1  1
0.0481  11101.1575  137.0541  10585.8164  0.0481  1.834893  1.834893  0.000000  8.251553  8.251553  0.055652  0.000000  3.284405e-01  7.071734e-01  7.071734e-01  0.007747  1.3512  6.073551e+05  1.226659e-02  2.419605e+57  4.632178e+50  4.780861e-06  -3.566398e+102  +1  -1  1
0.0481  12513.4446  137.0541  11998.1012  0.0481  1.813269  1.813269  0.000000  8.203027  8.203027  0.052321  0.000000  3.264899e-01  6.975503e-01  6.975503e-01  0.007799  1.4015  6.026995e+05  1.019299e-02  2.375239e+57  3.849132e+50  4.883229e-06  -2.332385e+102  +1  -1  1
0.0481  14114.1489  137.0541  13598.8032  0.0481  1.793033  1.793033  0.000000  8.160700  8.160700  0.049184  0.000000  3.245208e-01  6.879991e-01  6.879991e-01  0.007863  1.4565  5.987216e+05  8.467284e-03  2.338358e+57  3.197463e+50  4.650748e-06  -1.556780e+102  +1  -1  1
0.0481  15928.3955  137.0541  15413.0595  0.0481  1.774274  1.774274  0.000000  8.124588  8.124588  0.046231  0.000000  3.225529e-01  6.786131e-01  6.786131e-01  0.007937  1.5156  5.942075e+05  7.031823e-03  2.300252e+57  2.655396e+50  4.042463e-06  -1.119012e+102  +1  -1  1
0.0481  17984.7070  137.0541  17469.3612  0.0481  1.757055  1.757055  0.000000  8.094349  8.094349  0.043452  0.000000  3.206160e-01  6.695258e-01  6.695258e-01  0.008017  1.5776  5.898291e+05  5.838294e-03  2.265342e+57  2.204689e+50  3.826263e-06  -7.474604e+101  +1  -1  1
0.0481  20310.1824  137.0541  19794.8396  0.0481  1.741465  1.741465  0.000000  8.070003  8.070003  0.040842  0.000000  3.187298e-01  6.608172e-01  6.608172e-01  0.008098  1.6413  5.856433e+05  4.848186e-03  2.233775e+57  1.830799e+50  3.724537e-06  -5.478552e+101  +1  -1  1

0.0658  103.0404  139.2416  1.0000  0.0658  0.112964  0.112653  0.000312  16.479222  16.479222  0.860526  0.002759  1.012479e-02  1.028120e-02  1.028120e-02  0.021705  135997806.4169  1.692538e+04  4.606573e+01  1.415147e+56  1.739470e+54  6.521574e-06  8.467409e+107  +1  +1  0
0.0658  107.6573  139.2416  1.1334  0.0658  0.121401  0.121098  0.000303  15.637932  15.637932  0.852865  0.002499  1.146635e-02  1.166741e-02  1.166741e-02  0.026000  87449123.9745  1.822029e+04  4.484311e+01  1.523592e+56  1.693304e+54  6.516507e-06  8.094756e+107  +1  +1  0
0.0658  113.1115  139.2416  1.2846  0.0658  0.131142  0.130850  0.000293  14.938116  14.938116  0.842602  0.002231  1.296669e-02  1.322447e-02  1.322447e-02  0.031166  56682505.4265  1.971809e+04  4.324498e+01  1.646285e+56  1.632957e+54  6.503075e-06  7.610854e+107  +1  +1  0
0.0658  119.1072  139.2416  1.4560  0.0658  0.141960  0.141678  0.000282  14.364015  14.364015  0.831999  0.001984  1.459725e-02  1.492485e-02  1.492485e-02  0.037015  37232868.3722  2.138529e+04  4.163335e+01  1.780981e+56  1.572101e+54  6.486207e-06  7.721712e+107  +1  +1  0
0.0658  125.0167  139.2416  1.6503  0.0658  0.153816  0.153544  0.000271  13.891017  13.891017  0.821671  0.001764  1.635491e-02  1.676739e-02  1.676739e-02  0.043416  24735410.0308  2.321729e+04  4.010290e+01  1.927576e+56  1.514310e+54  6.467319e-06  7.729513e+107  +1  +1  0
0.0658  131.6026  139.2416  1.8704  0.0658  0.166783  0.166522  0.000261  13.497962  13.497962  0.810713  0.001562  1.825009e-02  1.876538e-02  1.876538e-02  0.050286  16559012.9578  2.522719e+04  3.852019e+01  2.087229e+56  1.454546e+54  6.445959e-06  7.818609e+107  +1  +1  0
0.0658  137.9494  139.2416  2.1200  0.0658  0.180885  0.180634  0.000251  13.170263  13.170263  0.800288  0.001386  2.028567e-02  2.092457e-02  2.092457e-02  0.057487  11156608.3772  2.742039e+04  3.705403e+01  2.260388e+56  1.399183e+54  6.421064e-06  6.549169e+107  +1  +1  0
0.0658  152.7256  139.2416  2.4028  0.0658  0.194470  0.194239  0.000231  12.917050  12.917050  0.778647  0.001187  2.223670e-02  2.300701e-02  2.300701e-02  0.064033  7851687.1371  2.954318e+04  3.413016e+01  2.426994e+56  1.288775e+54  6.394728e-06  7.849414e+107  +1  +1  0
0.0658  157.6382  139.2416  2.7234  0.0658  0.208550  0.208326  0.000224  12.691195  12.691195  0.771001  0.001075  2.427108e-02  2.519204e-02  2.519204e-02  0.070263  5561437.8916  3.175092e+04  3.313486e+01  2.599061e+56  1.251192e+54  6.368191e-06  9.767823e+107  +1  +1  0
0.0658  162.7167  139.2416  3.0867  0.0658  0.224945  0.224727  0.000217  12.481456  12.481456  0.763212  0.000967  2.661902e-02  2.773134e-02  2.773134e-02  0.077007  3841328.9941  3.433222e+04  3.214113e+01  2.799581e+56  1.213668e+54  6.341274e-06  1.067420e+108  +1  +1  0
0.0658  167.9681  139.2416  3.4985  0.0658  0.243957  0.243746  0.000211  12.297065  12.297065  0.755274  0.000864  2.930168e-02  3.065587e-02  3.065587e-02  0.084239  2599925.7118  3.733824e+04  3.114894e+01  3.032545e+56  1.176203e+54  6.312309e-06  1.158484e+108  +1  +1  0
0.0658  173.4000  139.2416  3.9652  0.0658  0.265809  0.265605  0.000204  12.143062  12.143062  0.747178  0.000768  3.233128e-02  3.398881e-02  3.398881e-02  0.091847  1733250.8302  4.081023e+04  3.015826e+01  3.301068e+56  1.138794e+54  6.279625e-06  1.245715e+108  +1  +1  0
0.0658  179.0190  139.2416  4.4943  0.0658  0.290711  0.290514  0.000197  12.021361  12.021361  0.738917  0.000679  3.571822e-02  3.775344e-02  3.775344e-02  0.099668  1142917.3701  4.478847e+04  2.916931e+01  3.608083e+56  1.101450e+54  6.243169e-06  1.327622e+108  +1  +1  0
0.0658  184.8335  139.2416  5.0939  0.0658  0.318870  0.318679  0.000191  11.931772  11.931772  0.730483  0.000598  3.947210e-02  4.197435e-02  4.197435e-02  0.107508  747995.8760  4.931464e+04  2.818206e+01  3.956581e+56  1.064171e+54  6.203024e-06  1.403253e+108  +1  +1  0
0.0658  190.8524  139.2416  5.7734  0.0658  0.350489  0.350305  0.000184  11.872741  11.872741  0.721866  0.000525  4.360192e-02  4.667800e-02  4.667800e-02  0.115166  487196.1988  5.443136e+04  2.719669e+01  4.349536e+56  1.026963e+54  6.158229e-06  1.471933e+108  +1  +1  0
0.0658  197.0844  139.2416  6.5437  0.0658  0.385773  0.385596  0.000177  11.841952  11.841952  0.713057  0.000460  4.811613e-02  5.189304e-02  5.189304e-02  0.122429  316476.3005  6.018567e+04  2.621337e+01  4.790167e+56  9.898325e+53  6.108597e-06  1.532862e+108  +1  +1  0
0.0658  203.5396  139.2416  7.4167  0.0658  0.424920  0.424749  0.000171  11.836652  11.836652  0.704046  0.000402  5.302249e-02  5.765047e-02  5.765047e-02  0.129096  205362.3227  6.662366e+04  2.523234e+01  5.281574e+56  9.527881e+53  6.055037e-06  1.585546e+108  +1  +1  0
0.0658  210.2287  139.2416  8.4062  0.0658  0.468120  0.467956  0.000164  11.853953  11.853953  0.694824  0.000351  5.832776e-02  6.398364e-02  6.398364e-02  0.134979  133290.4477  7.379402e+04  2.425385e+01  5.826922e+56  9.158399e+53  5.996327e-06  1.629438e+108  +1  +1  0
0.0658  217.1631  139.2416  9.5277  0.0658  0.515547  0.515390  0.000157  11.890947  11.890947  0.685379  0.000305  6.403743e-02  7.092831e-02  7.092831e-02  0.139921  86621.0500  8.174746e+04  2.327834e+01  6.429369e+56  8.790039e+53  5.931844e-06  1.663950e+108  +1  +1  0
0.0658  224.3537  139.2416  10.7988  0.0658  0.567358  0.567207  0.000151  11.926560  11.926560  0.675702  0.000266  7.026253e-02  7.865706e-02  7.865706e-02  0.144876  56401.0379  9.053525e+04  2.230640e+01  7.092111e+56  8.423027e+53  5.862575e-06  1.688162e+108  +1  +1  0
0.0658  231.8138  139.2416  12.2395  0.0658  0.623680  0.623536  0.000144  11.968802  11.968802  0.665784  0.000231  7.696494e-02  8.716841e-02  8.716841e-02  0.148780  36727.1992  1.002047e+05  2.133861e+01  7.817660e+56  8.057585e+53  5.787733e-06  1.701342e+108  +1  +1  0
0.0658  239.5612  139.2416  13.8724  0.0658  0.684607  0.684469  0.000138  12.027040  12.027040  0.655611  0.000201  8.407448e-02  9.642068e-02  9.642068e-02  0.151989  24121.2344  1.108081e+05  2.037545e+01  8.609010e+56  7.693889e+53  5.706567e-06  1.703203e+108  +1  +1  0
0.0658  247.6067  139.2416  15.7232  0.0658  0.750186  0.750054  0.000131  12.098551  12.098551  0.645177  0.000175  9.158347e-02  1.064540e-01  1.064540e-01  0.153280  15860.2011  1.223893e+05  1.941817e+01  9.467946e+56  7.332416e+53  5.620441e-06  1.693171e+108  +1  +1  0
0.0658  255.9695  139.2416  17.8208  0.0658  0.820412  0.820287  0.000125  12.180459  12.180459  0.634472  0.000152  9.948326e-02  1.173125e-01  1.173125e-01  0.153086  10473.5907  1.349887e+05  1.846766e+01  1.039608e+57  6.973497e+53  5.527881e-06  1.671282e+108  +1  +1  0
0.0658  264.6662  139.2416  20.1984  0.0658  0.895219  0.895100  0.000119  12.270163  12.270163  0.623490  0.000132  1.077607e-01  1.290404e-01  1.290404e-01  0.151453  6948.3829  1.486463e+05  1.752521e+01  1.139477e+57  6.617622e+53  5.428135e-06  1.637164e+108  +1  +1  0
0.0658  273.7197  139.2416  22.8931  0.0658  0.974472  0.974360  0.000112  12.365059  12.365059  0.612220  0.000115  1.164005e-01  1.416841e-01  1.416841e-01  0.148519  4633.6010  1.633930e+05  1.659205e+01  1.246409e+57  6.265255e+53  5.321268e-06  1.591218e+108  +1  +1  0
0.0658  283.1505  139.2416  25.9473  0.0658  1.057959  1.057853  0.000106  12.462593  12.462593  0.600659  0.000100  1.253840e-01  1.552922e-01  1.552922e-01  0.144427  3107.0338  1.792544e+05  1.566980e+01  1.360365e+57  5.917008e+53  5.208984e-06  1.533368e+108  +1  +1  0
0.0658  292.9824  139.2416  29.4090  0.0658  1.145390  1.145290  0.000100  12.560817  12.560817  0.588804  0.000087  1.346843e-01  1.699057e-01  1.699057e-01  0.139324  2095.7934  1.962313e+05  1.476022e+01  1.481087e+57  5.573545e+53  4.649053e-06  1.403301e+108  +1  +1  0
0.0658  548.6687  139.2416  33.3326  0.0658  1.153666  1.153613  0.000053  12.522988  12.522988  0.478036  0.000046  1.360673e-01  1.721264e-01  1.721264e-01  0.137702  1968.2465  1.980390e+05  7.899778e+00  1.492559e+57  2.983001e+53  1.114874e-05  -1.601686e+107  +1  -1  1
0.0658  553.1161  139.2416  37.7796  0.0658  1.145673  1.145621  0.000052  12.416165  12.416165  0.472711  0.000045  1.362871e-01  1.724805e-01  1.724805e-01  0.134658  1909.2689  1.968947e+05  7.638689e+00  1.481224e+57  2.884413e+53  -3.421317e-05  -1.064183e+107  -1  -1  1
0.0658  558.1558  139.2416  42.8198  0.0658  1.142818  1.142768  0.000050  12.283945  12.283945  0.466886  0.000044  1.374108e-01  1.742960e-01  1.742960e-01  0.129811  1766.5066  1.969874e+05  7.359727e+00  1.477270e+57  2.779075e+53  -2.899428e-05  -1.674721e+104  -1  -1  1
0.0658  563.8691  139.2416  48.5326  0.0658  1.146992  1.146945  0.000048  12.135268  12.135268  0.460537  0.000042  1.396024e-01  1.778610e-01  1.778610e-01  0.123635  1554.4795  1.985356e+05  7.063502e+00  1.482386e+57  2.667219e+53  2.965027e-06  1.012899e+107  +1  +1  1
0.0658  570.3441  139.2416  55.0074  0.0658  1.159619  1.159573  0.000046  11.978518  11.978518  0.453645  0.000039  1.429861e-01  1.834296e-01  1.834296e-01  0.116576  1300.3220  2.020661e+05  6.751070e+00  1.500274e+57  2.549243e+53  3.761349e-06  1.855405e+107  +1  +1  1
0.0658  577.6823  139.2416  62.3461  0.0658  1.181660  1.181616  0.000043  11.821577  11.821577  0.446195  0.000037  1.476382e-01  1.912162e-01  1.912162e-01  0.109040  1036.3358  2.075135e+05  6.423878e+00  1.530420e+57  2.425693e+53  4.093787e-06  2.436219e+107  +1  +1  1
0.0658  586.0010  139.2416  70.6639  0.0658  1.213529  1.213488  0.000041  11.671439  11.671439  0.438180  0.000034  1.535703e-01  2.013719e-01  2.013719e-01  0.101401  791.4321  2.151739e+05  6.083832e+00  1.574773e+57  2.297290e+53  4.169340e-06  2.836158e+107  +1  +1  1
0.0658  595.4279  139.2416  80.0914  0.0658  1.255078  1.255039  0.000039  11.533333  11.533333  0.429598  0.000031  1.607302e-01  2.139823e-01  2.139823e-01  0.093911  583.6311  2.251119e+05  5.733280e+00  1.633513e+57  2.164919e+53  4.160727e-06  3.015456e+107  +1  +1  1
0.0658  606.1136  139.2416  90.7766  0.0658  1.305640  1.305604  0.000036  11.410616  11.410616  0.420455  0.000028  1.690036e-01  2.290608e-01  2.290608e-01  0.086726  419.3512  2.373376e+05  5.374913e+00  1.706380e+57  2.029598e+53  4.088830e-06  3.038079e+107  +1  +1  1
0.0658  618.2249  139.2416  102.8874  0.0658  1.364109  1.364075  0.000034  11.304564  11.304564  0.410766  0.000025  1.782284e-01  2.465542e-01  2.465542e-01  0.079916  296.2500  2.518355e+05  5.011802e+00  1.792902e+57  1.892485e+53  4.029411e-06  2.865648e+107  +1  +1  1
0.0658  631.9498  139.2416  116.6139  0.0658  1.429062  1.429031  0.000031  11.214676  11.214676  0.400555  0.000022  1.882115e-01  2.663534e-01  2.663534e-01  0.073496  207.4632  2.679718e+05  4.647232e+00  1.888192e+57  1.754821e+53  3.949127e-06  2.590639e+107  +1  +1  1
0.0658  647.5096  139.2416  132.1717  0.0658  1.498875  1.498846  0.000029  11.139048  11.139048  0.389854  0.000019  1.987462e-01  2.883052e-01  2.883052e-01  0.067429  144.9651  2.860408e+05  4.284606e+00  1.993826e+57  1.617891e+53  3.775784e-06  2.311216e+107  +1  +1  1
0.0658  665.1426  139.2416  149.8051  0.0658  1.571814  1.571787  0.000027  11.075072  11.075072  0.378705  0.000017  2.096217e-01  3.122087e-01  3.122087e-01  0.061715  101.6522  3.058655e+05  3.927389e+00  2.108160e+57  1.483004e+53  3.641632e-06  1.965952e+107  +1  +1  1
0.0658  685.1283  139.2416  169.7911  0.0658  1.646156  1.646131  0.000024  11.019721  11.019721  0.367155  0.000015  2.206388e-01  3.378332e-01  3.378332e-01  0.056311  71.7941  3.265022e+05  3.578888e+00  2.224140e+57  1.351408e+53  3.506086e-06  1.614764e+107  +1  +1  1
0.0658  707.7821  139.2416  192.4434  0.0658  1.720241  1.720219  0.000022  10.969864  10.969864  0.355262  0.000013  2.316166e-01  3.649199e-01  3.649199e-01  0.051230  51.2373  3.482638e+05  3.242207e+00  2.343595e+57  1.224276e+53  3.365644e-06  1.289306e+107  +1  +1  1
0.0658  733.4544  139.2416  218.1178  0.0658  1.792546  1.792526  0.000020  10.922666  10.922666  0.343086  0.000011  2.423948e-01  3.931814e-01  3.931814e-01  0.046473  37.0246  3.699977e+05  2.920115e+00  2.458199e+57  1.102652e+53  3.170237e-06  1.016953e+107  +1  +1  1
0.0658  762.5564  139.2416  247.2176  0.0658  1.861724  1.861706  0.000018  10.875699  10.875699  0.330691  0.000010  2.528364e-01  4.223052e-01  4.223052e-01  0.042056  27.1354  3.930244e+05  2.614917e+00  2.576944e+57  9.874074e+52  2.963105e-06  7.874436e+106  +1  +1  1
0.0658  795.5386  139.2416  280.1996  0.0658  1.926623  1.926607  0.000016  10.826732  10.826732  0.318148  0.000008  2.628337e-01  4.519728e-01  4.519728e-01  0.037980  20.1866  4.152246e+05  2.328479e+00  2.684985e+57  8.792467e+52  2.770886e-06  5.850183e+106  +1  +1  1
0.0658  832.9189  139.2416  317.5819  0.0658  1.986322  1.986308  0.000014  10.774190  10.774190  0.305522  0.000007  2.722993e-01  4.818453e-01  4.818453e-01  0.034254  15.2540  4.380632e+05  2.062114e+00  2.792506e+57  7.786660e+52  2.574468e-06  4.259821e+106  +1  +1  1
0.0658  875.2916  139.2416  359.9514  0.0658  2.040112  2.040100  0.000012  10.716773  10.716773  0.292883  0.000006  2.811717e-01  5.115874e-01  5.115874e-01  0.030873  11.7120  4.592590e+05  1.816617e+00  2.883840e+57  6.859649e+52  2.381835e-06  2.957786e+106  +1  +1  1
0.0658  923.3117  139.2416  407.9736  0.0658  2.087508  2.087497  0.000011  10.653633  10.653633  0.280295  0.000005  2.894091e-01  5.408670e-01  5.408670e-01  0.027829  9.1379  4.805600e+05  1.592301e+00  2.971433e+57  6.012616e+52  2.126932e-06  2.087789e+106  +1  +1  1
0.0658  977.7420  139.2416  462.4025  0.0658  2.128224  2.128215  0.000009  10.584347  10.584347  0.267820  0.000004  2.969852e-01  5.693550e-01  5.693550e-01  0.025112  7.2464  5.005708e+05  1.389000e+00  3.045881e+57  5.244941e+52  1.930486e-06  1.340329e+106  +1  +1  1
0.0658  1039.4339  139.2416  524.0930  0.0658  2.162148  2.162140  0.000008  10.508690  10.508690  0.255513  0.000004  3.038915e-01  5.967494e-01  5.967494e-01  0.022689  5.8363  5.190668e+05  1.206179e+00  3.106169e+57  4.554600e+52  1.674651e-06  8.589130e+105  +1  +1  1
0.0658  1109.3497  139.2416  594.0138  0.0658  2.189332  2.189325  0.000007  10.426751  10.426751  0.243427  0.000003  3.101304e-01  6.227711e-01  6.227711e-01  0.020562  4.7781  5.369458e+05  1.042976e+00  3.159099e+57  3.938336e+52  1.399520e-06  5.289238e+105  +1  +1  1
0.0658  1188.6046  139.2416  673.2629  0.0658  2.209956  2.209950  0.000006  10.338790  10.338790  0.231604  0.000003  3.157152e-01  6.471771e-01  6.471771e-01  0.018684  3.9711  5.529148e+05  8.982749e-01  3.196305e+57  3.391936e+52  1.117957e-06  2.931062e+105  +1  +1  1
0.0658  1278.4252  139.2416  763.0849  0.0658  2.224304  2.224299  0.000005  10.245278  10.245278  0.220086  0.000002  3.206654e-01  6.697556e-01  6.697556e-01  0.017037  3.3499  5.679450e+05  7.708016e-01  3.225211e+57  2.910590e+52  7.720479e-07  1.676760e+105  +1  +1  1
0.0658  1380.2298  139.2416  864.8903  0.0658  2.232737  2.232733  0.000004  10.146897  10.146897  0.208902  0.000002  3.250020e-01  6.903180e-01  6.903180e-01  0.015595  2.8673  5.819575e+05  6.591647e-01  3.246023e+57  2.489043e+52  4.104874e-07  6.953645e+104  +1  +1  1
0.0658  1495.6207  139.2416  980.2778  0.0658  2.235680  2.235676  0.000004  10.044227  10.044227  0.198080  0.000002  3.287568e-01  7.087492e-01  7.087492e-01  0.014340  2.4893  5.937620e+05  5.619294e-01  3.251126e+57  2.121877e+52  1.452354e-08  6.079629e+103  +1  +1  1
0.0658  1626.3973  139.2416  1111.0596  0.0658  2.233595  2.233592  0.000003  9.938022  9.938022  0.187638  0.000001  3.319603e-01  7.249601e-01  7.249601e-01  0.013262  2.1932  6.043720e+05  4.776631e-01  3.248272e+57  1.803682e+52  -5.298460e-07  -2.591685e+104  -1  -1  1
0.0658  1774.6318  139.2416  1259.2893  0.0658  2.226966  2.226963  0.000003  9.829048  9.829048  0.177591  0.000001  3.346446e-01  7.389046e-01  7.389046e-01  0.012328  1.9583  6.127358e+05  4.049674e-01  3.230910e+57  1.529180e+52  -1.162024e-06  -4.249431e+104  -1  -1  1
0.0658  1942.6373  139.2416  1427.2948  0.0658  2.216290  2.216288  0.000002  9.718143  9.718143  0.167948  0.000001  3.368410e-01  7.505701e-01  7.505701e-01  0.011521  1.7712  6.199467e+05  3.425173e-01  3.207119e+57  1.293364e+52  -1.955263e-06  -4.143693e+104  -1  -1  1
0.0658  2133.0527  139.2416  1617.7144  0.0658  2.202056  2.202054  0.000002  9.606132  9.606132  0.158714  0.000001  3.385801e-01  7.599749e-01  7.599749e-01  0.010825  1.6220  6.259950e+05  2.890713e-01  3.177468e+57  1.091549e+52  -2.986647e-06  -3.725848e+104  -1  -1  1
0.0658  2348.8827  139.2416  1833.5384  0.0658  2.184747  2.184746  0.000002  9.493815  9.493815  0.149890  0.000001  3.398929e-01  7.671754e-01  7.671754e-01  0.010226  1.5028  6.309350e+05  2.434875e-01  3.142856e+57  9.194225e+51  -4.392200e-06  -3.161716e+104  -1  -1  1
0.0658  2593.4963  139.2416  2078.1562  0.0658  2.164830  2.164828  0.000001  9.382074  9.382074  0.141474  0.000001  3.408055e-01  7.722334e-01  7.722334e-01  0.009718  1.4091  6.348441e+05  2.047307e-01  3.104304e+57  7.730746e+51  -9.483191e-06  -2.783951e+104  -1  -1  1
0.0658  2870.7514  139.2416  2355.4091  0.0658  2.142746  2.142745  0.000001  9.271542  9.271542  0.133459  0.000001  3.413504e-01  7.752747e-01  7.752747e-01  0.009285  1.3356  6.367451e+05  1.718698e-01  3.055325e+57  6.489899e+51  -2.007439e-05  -2.398910e+104  -1  -1  1
0.0658  3184.9955  139.2416  2669.6512  0.0658  2.118918  2.118917  0.000001  9.162977  9.162977  0.125839  0.000000  3.415538e-01  7.764134e-01  7.764134e-01  0.008919  1.2791  6.377210e+05  1.440779e-01  3.003649e+57  5.440463e+51  -2.408988e-05  -1.756203e+104  -1  -1  1
0.0658  3541.1532  139.2416  3025.8172  0.0658  2.093736  2.093735  0.000001  9.057114  9.057114  0.118603  0.000000  3.414395e-01  7.757734e-01  7.757734e-01  0.008614  1.2375  6.387820e+05  1.206261e-01  2.956611e+57  4.554910e+51  1.415200e-04  -1.317723e+104  +1  -1  1
0.0658  3944.8452  139.2416  3429.5004  0.0658  2.067568  2.067567  0.000001  8.954465  8.954465  0.111741  0.000000  3.410372e-01  7.735245e-01  7.735245e-01  0.008362  1.2083  6.381319e+05  1.008762e-01  2.901838e+57  3.809142e+51  3.384824e-05  -1.111327e+104  +1  -1  1
0.0658  4402.3826  139.2416  3887.0401  0.0658  2.040750  2.040749  0.000001  8.855586  8.855586  0.105240  0.000000  3.403721e-01  7.698264e-01  7.698264e-01  0.008156  1.1903  6.359333e+05  8.427404e-02  2.840534e+57  3.182234e+51  1.325684e-05  -8.324391e+103  +1  -1  1
0.0658  4920.9625  139.2416  4405.6215  0.0658  2.013595  2.013595  0.000000  8.761148  8.761148  0.099087  0.000000  3.394633e-01  7.648095e-01  7.648095e-01  0.007997  1.1827  6.340183e+05  7.034026e-02  2.785493e+57  2.656087e+51  1.283036e-05  -5.738327e+103  +1  -1  1
0.0658  5508.7341  139.2416  4993.3885  0.0658  1.986388  1.986387  0.000000  8.671438  8.671438  0.093269  0.000000  3.383409e-01  7.586726e-01  7.586726e-01  0.007875  1.1840  6.315682e+05  5.866270e-02  2.730971e+57  2.215136e+51  9.602777e-06  -4.346470e+103  +1  -1  1
0.0658  6174.9095  139.2416  5659.5711  0.0658  1.959387  1.959387  0.000000  8.586914  8.586914  0.087771  0.000000  3.370271e-01  7.515690e-01  7.515690e-01  0.007787  1.1939  6.278953e+05  4.888862e-02  2.672094e+57  1.846061e+51  7.791567e-06  -3.160992e+103  +1  -1  1
0.0658  6929.9756  139.2416  6414.6311  0.0658  1.932830  1.932830  0.000000  8.507980  8.507980  0.082580  0.000000  3.355435e-01  7.436508e-01  7.436508e-01  0.007732  1.2118  6.246490e+05  4.071690e-02  2.620231e+57  1.537493e+51  7.264073e-06  -2.218964e+103  +1  -1  1
0.0658  7785.7703  139.2416  7270.4259  0.0658  1.906923  1.906923  0.000000  8.434716  8.434716  0.077681  0.000000  3.339214e-01  7.351146e-01  7.351146e-01  0.007701  1.2366  6.203713e+05  3.389183e-02  2.565063e+57  1.279774e+51  6.379316e-06  -1.588979e+103  +1  -1  1
0.0658  8755.7337  139.2416  8240.3948  0.0658  1.881854  1.881854  0.000000  8.367455  8.367455  0.073060  0.000000  3.321806e-01  7.260921e-01  7.260921e-01  0.007696  1.2685  6.166092e+05  2.819654e-02  2.517183e+57  1.064717e+51  6.020206e-06  -1.097030e+103  +1  -1  1
0.0658  9855.1162  139.2416  9339.7702  0.0658  1.857798  1.857798  0.000000  8.306406  8.306406  0.068704  0.000000  3.303444e-01  7.167255e-01  7.167255e-01  0.007713  1.3070  6.120135e+05  2.344780e-02  2.466995e+57  8.854021e+50  5.077048e-06  -8.061527e+102  +1  -1  1
0.0658  11101.1575  139.2416  10585.8164  0.0658  1.834893  1.834893  0.000000  8.251563  8.251563  0.064599  0.000000  3.284401e-01  7.071714e-01  7.071714e-01  0.007747  1.3514  6.073556e+05  1.949109e-02  2.419609e+57  7.359944e+50  4.779927e-06  -5.563356e+102  +1  -1  1
0.0658  12513.4446  139.2416  11998.1012  0.0658  1.813270  1.813270  0.000000  8.203000  8.203000  0.060733  0.000000  3.264911e-01  6.975560e-01  6.975560e-01  0.007798  1.4013  6.026978e+05  1.619637e-02  2.375227e+57  6.115838e+50  4.883234e-06  -3.638174e+102  +1  -1  1
0.0658  14114.1489  139.2416  13598.8032  0.0658  1.793033  1.793033  0.000000  8.160699  8.160699  0.057091  0.000000  3.245208e-01  6.879990e-01  6.879990e-01  0.007863  1.4564  5.987211e+05  1.345438e-02  2.338355e+57  5.080447e+50  4.650677e-06  -2.428037e+102  +1  -1  1
0.0658  15928.3955  139.2416  15413.0595  0.0658  1.774272  1.774272  0.000000  8.124535  8.124535  0.053664  0.000000  3.225547e-01  6.786215e-01  6.786215e-01  0.007937  1.5154  5.942038e+05  1.117352e-02  2.300225e+57  4.219185e+50  4.043290e-06  -1.745116e+102  +1  -1  1
0.0658  17984.7070  139.2416  17469.3612  0.0658  1.757057  1.757057  0.000000  8.094377  8.094377  0.050438  0.000000  3.206151e-01  6.695218e-01  6.695218e-01  0.008017  1.5776  5.898311e+05  9.277069e-03  2.265357e+57  3.503073e+50  3.827649e-06  -1.165166e+102  +1  -1  1
0.0658  20310.1824  139.2416  19794.8396  0.0658  1.741465  1.741465  0.000000  8.069999  8.069999  0.047408  0.000000  3.187299e-01  6.608176e-01  6.608176e-01  0.008098  1.6413  5.856429e+05  7.703825e-03  2.233773e+57  2.909007e+50  3.722853e-06  -8.549996e+101  +1  -1  1

0.0901  103.0404  141.4704  1.0000  0.0901  0.111227  0.110738  0.000488  16.646096  16.646096  0.994282  0.004390  9.869123e-03  1.001767e-02  1.001767e-02  0.020833  148345798.3704  1.663396e+04  7.220641e+01  1.390302e+56  2.726365e+54  6.523742e-06  1.275114e+108  +1  +1  0
0.0901  107.6573  141.4704  1.1334  0.0901  0.119493  0.119017  0.000476  15.771320  15.771320  0.985952  0.003984  1.119070e-02  1.138212e-02  1.138212e-02  0.024984  94904072.6282  1.790292e+04  7.039960e+01  1.496990e+56  2.658145e+54  6.518895e-06  1.228479e+108  +1  +1  0
0.0901  113.1115  141.4704  1.2846  0.0901  0.129172  0.128713  0.000459  15.037570  15.037570  0.974092  0.003555  1.268741e-02  1.293408e-02  1.293409e-02  0.030072  60982726.3005  1.939145e+04  6.789207e+01  1.619356e+56  2.563465e+54  6.506101e-06  1.164533e+108  +1  +1  0
0.0901  119.1072  141.4704  1.4560  0.0901  0.139975  0.139533  0.000442  14.437266  14.437266  0.961951  0.003159  1.432013e-02  1.463526e-02  1.463526e-02  0.035888  39730776.8646  2.105641e+04  6.538571e+01  1.754181e+56  2.468830e+54  6.489409e-06  1.185707e+108  +1  +1  0
0.0901  125.0167  141.4704  1.6503  0.0901  0.151840  0.151414  0.000426  13.944843  13.944843  0.950061  0.002806  1.608254e-02  1.648121e-02  1.648121e-02  0.042293  26206106.1040  2.288990e+04  6.299258e+01  1.901139e+56  2.378470e+54  6.470284e-06  1.188294e+108  +1  +1  0
0.0901  131.6026  141.4704  1.8704  0.0901  0.164827  0.164417  0.000409  13.537480  13.537480  0.937504  0.002484  1.798338e-02  1.848349e-02  1.848349e-02  0.049192  17436146.5197  2.490271e+04  6.052828e+01  2.061221e+56  2.285423e+54  6.448970e-06  1.203129e+108  +1  +1  0
0.0901  137.9494  141.4704  2.1200  0.0901  0.178956  0.178562  0.000394  13.199211  13.199211  0.925497  0.002201  2.002535e-02  2.064768e-02  2.064768e-02  0.056444  11684843.2642  2.710000e+04  5.823364e+01  2.234870e+56  2.198782e+54  6.424667e-06  1.009420e+108  +1  +1  0
0.0901  152.7256  141.4704  2.4028  0.0901  0.192739  0.192376  0.000363  12.937418  12.937418  0.900565  0.001883  2.200408e-02  2.275805e-02  2.275805e-02  0.063139  8159999.7638  2.925393e+04  5.365594e+01  2.404076e+56  2.025937e+54  6.398156e-06  1.211973e+108  +1  +1  0
0.0901  157.6382  141.4704  2.7234  0.0901  0.206867  0.206515  0.000352  12.707368  12.707368  0.891772  0.001703  2.404458e-02  2.494808e-02  2.494808e-02  0.069448  5760792.5023  3.146877e+04  5.210012e+01  2.576839e+56  1.967193e+54  6.371119e-06  1.503749e+108  +1  +1  0
0.0901  162.7167  141.4704  3.0867  0.0901  0.223237  0.222895  0.000342  12.493986  12.493986  0.882815  0.001531  2.639041e-02  2.748327e-02  2.748327e-02  0.076233  3970284.6498  3.404544e+04  5.054653e+01  2.777082e+56  1.908532e+54  6.344018e-06  1.639529e+108  +1  +1  0
0.0901  167.9681  141.4704  3.4985  0.0901  0.242215  0.241883  0.000331  12.306161  12.306161  0.873686  0.001368  2.907098e-02  3.040338e-02  3.040338e-02  0.083510  2681314.8663  3.704556e+04  4.899507e+01  3.009674e+56  1.849952e+54  6.314728e-06  1.780160e+108  +1  +1  0
0.0901  173.4000  141.4704  3.9652  0.0901  0.264038  0.263717  0.000321  12.149087  12.149087  0.864375  0.001215  3.209991e-02  3.373314e-02  3.373314e-02  0.091167  1783307.1805  4.051207e+04  4.744569e+01  3.277844e+56  1.791451e+54  6.281993e-06  1.915585e+108  +1  +1  0
0.0901  179.0190  141.4704  4.4943  0.0901  0.288919  0.288608  0.000310  12.024817  12.024817  0.854873  0.001074  3.548780e-02  3.749603e-02  3.749603e-02  0.099046  1173142.7863  4.448606e+04  4.589867e+01  3.584599e+56  1.733038e+54  6.245801e-06  2.042964e+108  +1  +1  0
0.0901  184.8335  141.4704  5.0939  0.0901  0.317066  0.316766  0.000300  11.933172  11.933172  0.845171  0.000946  3.924419e-02  4.171662e-02  4.171662e-02  0.106950  765972.9976  4.900872e+04  4.435396e+01  3.932902e+56  1.674713e+54  6.205915e-06  2.160696e+108  +1  +1  0
0.0901  190.8524  141.4704  5.7734  0.0901  0.348684  0.348395  0.000290  11.872568  11.872568  0.835257  0.000830  4.337799e-02  4.642133e-02  4.642133e-02  0.114678  497785.9732  5.412357e+04  4.281181e+01  4.325768e+56  1.616485e+54  6.160478e-06  2.268162e+108  +1  +1  0
0.0901  197.0844  141.4704  6.5437  0.0901  0.383977  0.383698  0.000279  11.840631  11.840631  0.825122  0.000727  4.789738e-02  5.163853e-02  5.163853e-02  0.122012  322665.8659  5.987819e+04  4.127245e+01  4.766546e+56  1.558362e+54  6.111121e-06  2.363116e+108  +1  +1  0
0.0901  203.5396  141.4704  7.4167  0.0901  0.423142  0.422873  0.000269  11.834528  11.834528  0.814753  0.000635  5.281004e-02  5.739920e-02  5.739920e-02  0.128745  208957.4782  6.631609e+04  3.973624e+01  5.258013e+56  1.500358e+54  6.057628e-06  2.445369e+108  +1  +1  0
0.0901  210.2287  141.4704  8.4062  0.0901  0.466368  0.466110  0.000258  11.851309  11.851309  0.804138  0.000554  5.812248e-02  6.373647e-02  6.373647e-02  0.134701  135380.8118  7.348952e+04  3.820357e+01  5.803672e+56  1.442487e+54  5.998287e-06  2.514496e+108  +1  +1  0
0.0901  217.1631  141.4704  9.5277  0.0901  0.513832  0.513584  0.000248  11.888011  11.888011  0.793265  0.000483  6.384010e-02  7.068603e-02  7.068603e-02  0.139701  87829.1952  8.144649e+04  3.667508e+01  6.406539e+56  1.384774e+54  5.934707e-06  2.568276e+108  +1  +1  0
0.0901  224.3537  141.4704  10.7988  0.0901  0.565687  0.565449  0.000238  11.923455  11.923455  0.782125  0.000420  7.007379e-02  7.842027e-02  7.842027e-02  0.144718  57102.3744  9.023713e+04  3.515169e+01  7.069545e+56  1.327254e+54  5.865020e-06  2.606715e+108  +1  +1  0
0.0901  231.8138  141.4704  12.2395  0.0901  0.622060  0.621833  0.000227  11.965644  11.965644  0.770704  0.000366  7.678530e-02  8.693765e-02  8.693765e-02  0.149068  37230.8174  9.991381e+04  3.363430e+01  7.795765e+56  1.269961e+54  5.789502e-06  2.628226e+108  +1  +1  0
0.0901  239.5612  141.4704  13.8724  0.0901  0.683045  0.682828  0.000217  12.023941  12.023941  0.758987  0.000318  8.390433e-02  9.619648e-02  9.619648e-02  0.151924  24356.4247  1.105236e+05  3.212364e+01  8.587665e+56  1.212921e+54  5.708945e-06  2.631658e+108  +1  +1  0
0.0901  247.6067  141.4704  15.7232  0.0901  0.748689  0.748482  0.000207  12.095593  12.095593  0.746967  0.000277  9.142307e-02  1.062367e-01  1.062367e-01  0.153257  15997.4311  1.221118e+05  3.062168e+01  9.447291e+56  1.156210e+54  5.622539e-06  2.617265e+108  +1  +1  0
0.0901  255.9695  141.4704  17.8208  0.0901  0.818986  0.818789  0.000197  12.177712  12.177712  0.734633  0.000241  9.933271e-02  1.171026e-01  1.171026e-01  0.153087  10553.2035  1.347206e+05  2.912977e+01  1.037630e+57  1.099879e+54  5.529545e-06  2.584296e+108  +1  +1  0
0.0901  264.6662  141.4704  20.1984  0.0901  0.893868  0.893681  0.000187  12.267630  12.267630  0.721976  0.000209  1.076203e-01  1.288383e-01  1.288383e-01  0.151478  6995.0023  1.483884e+05  2.764997e+01  1.137583e+57  1.044005e+54  5.429510e-06  2.532392e+108  +1  +1  0
0.0901  273.7197  141.4704  22.8931  0.0901  0.973200  0.973023  0.000177  12.362777  12.362777  0.708985  0.000182  1.162700e-01  1.414900e-01  1.414900e-01  0.148562  4660.9988  1.631473e+05  2.618418e+01  1.244624e+57  9.886599e+53  5.323181e-06  2.461771e+108  +1  +1  0
0.0901  283.1505  141.4704  25.9473  0.0901  1.056769  1.056602  0.000167  12.460550  12.460550  0.695655  0.000158  1.252635e-01  1.551064e-01  1.551064e-01  0.144482  3123.2115  1.790163e+05  2.473496e+01  1.358651e+57  9.339401e+53  5.210742e-06  2.372903e+108  +1  +1  0
0.0901  292.9824  141.4704  29.4090  0.0901  1.144284  1.144126  0.000158  12.558987  12.558987  0.681983  0.000138  1.345739e-01  1.697289e-01  1.697289e-01  0.139371  2105.1266  1.960082e+05  2.330507e+01  1.479495e+57  8.799506e+53  4.679893e-06  2.172654e+108  +1  +1  0
0.0901  548.6687  141.4704  33.3326  0.0901  1.153544  1.153459  0.000085  12.523192  12.523192  0.554078  0.000073  1.360507e-01  1.720997e-01  1.720997e-01  0.137731  1969.8725  1.980214e+05  1.249968e+01  1.492448e+57  4.719615e+53  1.017045e-05  -2.458469e+107  +1  -1  1
0.0901  553.1161  141.4704  37.7796  0.0901  1.145596  1.145514  0.000082  12.416790  12.416790  0.547924  0.000071  1.362711e-01  1.724547e-01  1.724547e-01  0.134702  1911.0102  1.968938e+05  1.208771e+01  1.481244e+57  4.564065e+53  1.024578e-04  -1.713636e+107  +1  -1  1
0.0901  558.1558  141.4704  42.8198  0.0901  1.142719  1.142640  0.000079  12.284683  12.284683  0.541191  0.000069  1.373906e-01  1.742633e-01  1.742633e-01  0.129857  1768.4336  1.968667e+05  1.164747e+01  1.476464e+57  4.397838e+53  1.064962e-04  -2.188962e+105  +1  -1  1
0.0901  563.8691  141.4704  48.5326  0.0901  1.146855  1.146780  0.000076  12.136074  12.136074  0.533851  0.000066  1.395764e-01  1.778186e-01  1.778186e-01  0.123686  1556.5735  1.985312e+05  1.117990e+01  1.482394e+57  4.221295e+53  2.833853e-06  1.636296e+107  +1  +1  1
0.0901  570.3441  141.4704  55.0074  0.0901  1.159444  1.159372  0.000072  11.979237  11.979237  0.525883  0.000062  1.429560e-01  1.833798e-01  1.833798e-01  0.116622  1302.2031  2.020567e+05  1.068666e+01  1.500251e+57  4.035056e+53  3.757295e-06  2.865199e+107  +1  +1  1
0.0901  577.6823  141.4704  62.3461  0.0901  1.181449  1.181380  0.000069  11.822241  11.822241  0.517270  0.000058  1.476035e-01  1.911576e-01  1.911576e-01  0.109087  1037.9995  2.074981e+05  1.017000e+01  1.530358e+57  3.839979e+53  4.092414e-06  3.776285e+107  +1  +1  1
0.0901  586.0010  141.4704  70.6639  0.0901  1.213291  1.213226  0.000065  11.671975  11.671975  0.508001  0.000054  1.535332e-01  2.013075e-01  2.013075e-01  0.101442  792.7131  2.151527e+05  9.632943e+00  1.574674e+57  3.637196e+53  4.169439e-06  4.398300e+107  +1  +1  1
0.0901  595.4279  141.4704  80.0914  0.0901  1.254824  1.254763  0.000061  11.533751  11.533751  0.498075  0.000049  1.606919e-01  2.139139e-01  2.139139e-01  0.093944  584.5335  2.250860e+05  9.079159e+00  1.633381e+57  3.428098e+53  4.161394e-06  4.691001e+107  +1  +1  1
0.0901  606.1136  141.4704  90.7766  0.0901  1.305382  1.305324  0.000058  11.410924  11.410924  0.487499  0.000044  1.689656e-01  2.289902e-01  2.289902e-01  0.086754  419.9586  2.373082e+05  8.512894e+00  1.706227e+57  3.214289e+53  4.089747e-06  4.715200e+107  +1  +1  1
0.0901  618.2249  141.4704  102.8874  0.0901  1.363858  1.363804  0.000054  11.304793  11.304793  0.476290  0.000039  1.781919e-01  2.464835e-01  2.464835e-01  0.079950  296.6798  2.518043e+05  7.938993e+00  1.792738e+57  2.997596e+53  4.030531e-06  4.448871e+107  +1  +1  1
0.0901  631.9498  141.4704  116.6139  0.0901  1.428826  1.428776  0.000050  11.214821  11.214821  0.464475  0.000035  1.881779e-01  2.662853e-01  2.662853e-01  0.073513  207.6955  2.679398e+05  7.362637e+00  1.888025e+57  2.779976e+53  3.950286e-06  4.022672e+107  +1  +1  1
0.0901  647.5096  141.4704  132.1717  0.0901  1.498651  1.498605  0.000046  11.139146  11.139146  0.452091  0.000031  1.987148e-01  2.882381e-01  2.882381e-01  0.067452  145.1276  2.860071e+05  6.789206e+00  1.993651e+57  2.563460e+53  3.776872e-06  3.589531e+107  +1  +1  1
0.0901  665.1426  141.4704  149.8051  0.0901  1.571611  1.571569  0.000042  11.075098  11.075098  0.439186  0.000027  2.095942e-01  3.121465e-01  3.121465e-01  0.061720  101.7272  3.058319e+05  6.224178e+00  2.107989e+57  2.350118e+53  3.642729e-06  3.053971e+107  +1  +1  1
0.0901  685.1283  141.4704  169.7911  0.0901  1.645975  1.645937  0.000038  11.019729  11.019729  0.425816  0.000023  2.206145e-01  3.377750e-01  3.377750e-01  0.056320  71.8462  3.264687e+05  5.672786e+00  2.223969e+57  2.141924e+53  3.507001e-06  2.509061e+107  +1  +1  1
0.0901  707.7821  141.4704  192.4434  0.0901  1.720087  1.720052  0.000035  10.969891  10.969891  0.412045  0.000020  2.315953e-01  3.648658e-01  3.648658e-01  0.051240  51.2704  3.482339e+05  5.139954e+00  2.343451e+57  1.940738e+53  3.366271e-06  2.003965e+107  +1  +1  1
0.0901  733.4544  141.4704  218.1178  0.0901  1.792417  1.792386  0.000031  10.922709  10.922709  0.397945  0.000017  2.423765e-01  3.931319e-01  3.931319e-01  0.046480  37.0443  3.699718e+05  4.630073e+00  2.458083e+57  1.748217e+53  3.170896e-06  1.580827e+107  +1  +1  1
0.0901  762.5564  141.4704  247.2176  0.0901  1.861615  1.861587  0.000028  10.875724  10.875724  0.383589  0.000015  2.528211e-01  4.222609e-01  4.222609e-01  0.042061  27.1467  3.929993e+05  4.146808e+00  2.576833e+57  1.565747e+53  2.963713e-06  1.224207e+107  +1  +1  1
0.0901  795.5386  141.4704  280.1996  0.0901  1.926536  1.926511  0.000025  10.826772  10.826772  0.369058  0.000013  2.628208e-01  4.519334e-01  4.519334e-01  0.037984  20.1936  4.152036e+05  3.693132e+00  2.684901e+57  1.394448e+53  2.771421e-06  9.096678e+106  +1  +1  1
0.0901  832.9189  141.4704  317.5819  0.0901  1.986248  1.986226  0.000022  10.774206  10.774206  0.354431  0.000011  2.722889e-01  4.818112e-01  4.818112e-01  0.034258  15.2587  4.380420e+05  3.271142e+00  2.792418e+57  1.235114e+53  2.574975e-06  6.624343e+106  +1  +1  1
0.0901  875.2916  141.4704  359.9514  0.0901  2.040053  2.040034  0.000019  10.716793  10.716793  0.339785  0.000010  2.811631e-01  5.115576e-01  5.115576e-01  0.030877  11.7154  4.592406e+05  2.882120e+00  2.883770e+57  1.088227e+53  2.382116e-06  4.601234e+106  +1  +1  1
0.0901  923.3117  141.4704  407.9736  0.0901  2.087463  2.087446  0.000017  10.653689  10.653689  0.325196  0.000008  2.894012e-01  5.408383e-01  5.408383e-01  0.027834  9.1409  4.805460e+05  2.526577e+00  2.971391e+57  9.539818e+52  2.127236e-06  3.248337e+106  +1  +1  1
0.0901  977.7420  141.4704  462.4025  0.0901  2.128190  2.128175  0.000015  10.584385  10.584385  0.310736  0.000007  2.969795e-01  5.693327e-01  5.693327e-01  0.025115  7.2478  5.005584e+05  2.204274e+00  3.045846e+57  8.322868e+52  1.930933e-06  2.085165e+106  +1  +1  1
0.0901  1039.4339  141.4704  524.0930  0.0901  2.162121  2.162108  0.000013  10.508706  10.508706  0.296470  0.000006  3.038871e-01  5.967318e-01  5.967318e-01  0.022696  5.8384  5.190532e+05  1.914378e+00  3.106120e+57  7.228285e+52  1.674974e-06  1.336541e+106  +1  +1  1
0.0901  1109.3497  141.4704  594.0138  0.0901  2.189313  2.189302  0.000011  10.426785  10.426785  0.282457  0.000005  3.101266e-01  6.227551e-01  6.227551e-01  0.020564  4.7788  5.369361e+05  1.655539e+00  3.159074e+57  6.250965e+52  1.399644e-06  8.235603e+105  +1  +1  1
0.0901  1188.6046  141.4704  673.2629  0.0901  2.209945  2.209935  0.000010  10.338856  10.338856  0.268749  0.000004  3.157116e-01  6.471608e-01  6.471608e-01  0.018686  3.9717  5.529100e+05  1.426002e+00  3.196310e+57  5.384282e+52  1.118074e-06  4.562570e+105  +1  +1  1
0.0901  1278.4252  141.4704  763.0849  0.0901  2.224294  2.224285  0.000008  10.245331  10.245331  0.255391  0.000004  3.206622e-01  6.697409e-01  6.697409e-01  0.017038  3.3503  5.679382e+05  1.223760e+00  3.225198e+57  4.620657e+52  7.722969e-07  2.609517e+105  +1  +1  1
0.0901  1380.2298  141.4704  864.8903  0.0901  2.232732  2.232724  0.000007  10.146934  10.146934  0.242421  0.000003  3.250000e-01  6.903083e-01  6.903083e-01  0.015597  2.8677  5.819529e+05  1.046614e+00  3.246023e+57  3.951793e+52  4.107482e-07  1.083062e+105  +1  +1  1
0.0901  1495.6207  141.4704  980.2778  0.0901  2.235678  2.235672  0.000006  10.044265  10.044265  0.229869  0.000003  3.287553e-01  7.087417e-01  7.087417e-01  0.014340  2.4895  5.937591e+05  8.922992e-01  3.251133e+57  3.369132e+52  1.450220e-08  9.413478e+103  +1  +1  1
0.0901  1626.3973  141.4704  1111.0596  0.0901  2.233592  2.233586  0.000005  9.938037  9.938037  0.217757  0.000002  3.319593e-01  7.249548e-01  7.249548e-01  0.013263  2.1934  6.043666e+05  7.585485e-01  3.248258e+57  2.864117e+52  -5.292454e-07  -4.034380e+104  -1  -1  1
0.0901  1774.6318  141.4704  1259.2893  0.0901  2.226967  2.226963  0.000004  9.829093  9.829093  0.206102  0.000002  3.346432e-01  7.388973e-01  7.388973e-01  0.012328  1.9584  6.127352e+05  6.431492e-01  3.230928e+57  2.428394e+52  -1.161911e-06  -6.613806e+104  -1  -1  1
0.0901  1942.6373  141.4704  1427.2948  0.0901  2.216291  2.216287  0.000004  9.718168  9.718168  0.194915  0.000002  3.368402e-01  7.505657e-01  7.505657e-01  0.011521  1.7712  6.199447e+05  5.440030e-01  3.207123e+57  2.054039e+52  -1.955077e-06  -6.453440e+104  -1  -1  1
0.0901  2133.0527  141.4704  1617.7144  0.0901  2.202058  2.202055  0.000003  9.606155  9.606155  0.184202  0.000001  3.385796e-01  7.599720e-01  7.599720e-01  0.010826  1.6222  6.259937e+05  4.591435e-01  3.177474e+57  1.733628e+52  -2.984599e-06  -5.799279e+104  -1  -1  1
0.0901  2348.8827  141.4704  1833.5384  0.0901  2.184750  2.184747  0.000003  9.493875  9.493875  0.173964  0.000001  3.398911e-01  7.671659e-01  7.671659e-01  0.010228  1.5032  6.309377e+05  3.867609e-01  3.142889e+57  1.460327e+52  -4.397241e-06  -4.924358e+104  -1  -1  1
0.0901  2593.4963  141.4704  2078.1562  0.0901  2.164831  2.164829  0.000002  9.382045  9.382045  0.164199  0.000001  3.408067e-01  7.722403e-01  7.722403e-01  0.009718  1.4091  6.348398e+05  3.252138e-01  3.104284e+57  1.227938e+52  -9.468319e-06  -4.337314e+104  -1  -1  1
0.0901  2870.7514  141.4704  2355.4091  0.0901  2.142748  2.142746  0.000002  9.271550  9.271550  0.154899  0.000001  3.413504e-01  7.752747e-01  7.752747e-01  0.009284  1.3356  6.367439e+05  2.730256e-01  3.055326e+57  1.030886e+52  -2.008967e-05  -3.735347e+104  -1  -1  1
0.0901  3184.9955  141.4704  2669.6512  0.0901  2.118920  2.118919  0.000002  9.162965  9.162965  0.146056  0.000001  3.415546e-01  7.764183e-01  7.764183e-01  0.008917  1.2789  6.377190e+05  2.288850e-01  3.003642e+57  8.642210e+51  -2.412812e-05  -2.736036e+104  -1  -1  1
0.0901  3541.1532  141.4704  3025.8172  0.0901  2.093739  2.093737  0.000001  9.057064  9.057064  0.137660  0.000001  3.414418e-01  7.757859e-01  7.757859e-01  0.008612  1.2372  6.387775e+05  1.916354e-01  2.956584e+57  7.235744e+51  1.418078e-04  -2.052948e+104  +1  -1  1
0.0901  3944.8452  141.4704  3429.5004  0.0901  2.067568  2.067567  0.000001  8.954445  8.954445  0.129696  0.000001  3.410381e-01  7.735295e-01  7.735295e-01  0.008362  1.2084  6.381291e+05  1.602640e-01  2.901823e+57  6.051226e+51  3.394441e-05  -1.730477e+104  +1  -1  1
0.0901  4402.3826  141.4704  3887.0401  0.0901  2.040752  2.040751  0.000001  8.855591  8.855591  0.122152  0.000000  3.403723e-01  7.698274e-01  7.698274e-01  0.008155  1.1901  6.359333e+05  1.338914e-01  2.840538e+57  5.055454e+51  1.325550e-05  -1.296484e+104  +1  -1  1
0.0901  4920.9625  141.4704  4405.6215  0.0901  2.013597  2.013596  0.000001  8.761128  8.761128  0.115011  0.000000  3.394644e-01  7.648153e-01  7.648153e-01  0.007996  1.1825  6.340164e+05  1.117565e-01  2.785482e+57  4.219688e+51  1.282966e-05  -8.936852e+103  +1  -1  1
0.0901  5508.7341  141.4704  4993.3885  0.0901  1.986390  1.986389  0.000001  8.671481  8.671481  0.108259  0.000000  3.383396e-01  7.586650e-01  7.586650e-01  0.007875  1.1841  6.315707e+05  9.320522e-02  2.730992e+57  3.519230e+51  9.615820e-06  -6.768611e+103  +1  -1  1
0.0901  6174.9095  141.4704  5659.5711  0.0901  1.959390  1.959389  0.000001  8.586937  8.586937  0.101878  0.000000  3.370266e-01  7.515664e-01  7.515664e-01  0.007787  1.1939  6.278971e+05  7.767730e-02  2.672109e+57  2.932929e+51  7.780742e-06  -4.926094e+103  +1  -1  1
0.0901  6929.9756  141.4704  6414.6311  0.0901  1.932830  1.932829  0.000000  8.507907  8.507907  0.095853  0.000000  3.355463e-01  7.436656e-01  7.436656e-01  0.007729  1.2114  6.246432e+05  6.469462e-02  2.620191e+57  2.442731e+51  7.254498e-06  -3.457966e+103  +1  -1  1
0.0901  7785.7703  141.4704  7270.4259  0.0901  1.906922  1.906922  0.000000  8.434698  8.434698  0.090167  0.000000  3.339221e-01  7.351181e-01  7.351181e-01  0.007701  1.2365  6.203695e+05  5.385114e-02  2.565051e+57  2.033304e+51  6.385597e-06  -2.473775e+103  +1  -1  1
0.0901  8755.7337  141.4704  8240.3948  0.0901  1.881857  1.881857  0.000000  8.367481  8.367481  0.084804  0.000000  3.321801e-01  7.260893e-01  7.260893e-01  0.007696  1.2686  6.166117e+05  4.480241e-02  2.517202e+57  1.691644e+51  6.022657e-06  -1.708877e+103  +1  -1  1
0.0901  9855.1162  141.4704  9339.7702  0.0901  1.857797  1.857796  0.000000  8.306381  8.306381  0.079748  0.000000  3.303452e-01  7.167295e-01  7.167295e-01  0.007713  1.3071  6.120110e+05  3.725742e-02  2.466978e+57  1.406761e+51  5.074912e-06  -1.256223e+103  +1  -1  1
0.0901  11101.1575  141.4704  10585.8164  0.0901  1.834893  1.834893  0.000000  8.251542  8.251542  0.074984  0.000000  3.284409e-01  7.071755e-01  7.071755e-01  0.007746  1.3511  6.073541e+05  3.097072e-02  2.419599e+57  1.169388e+51  4.781871e-06  -8.664915e+102  +1  -1  1
0.0901  12513.4446  141.4704  11998.1012  0.0901  1.813270  1.813270  0.000000  8.203030  8.203030  0.070496  0.000000  3.264900e-01  6.975505e-01  6.975505e-01  0.007799  1.4016  6.026997e+05  2.573572e-02  2.375241e+57  9.717259e+50  4.885172e-06  -5.665423e+102  +1  -1  1
0.0901  14114.1489  141.4704  13598.8032  0.0901  1.793035  1.793035  0.000000  8.160739  8.160739  0.066269  0.000000  3.245196e-01  6.879930e-01  6.879930e-01  0.007864  1.4566  5.987240e+05  2.137893e-02  2.338376e+57  8.072229e+50  4.651182e-06  -3.782422e+102  +1  -1  1
0.0901  15928.3955  141.4704  15413.0595  0.0901  1.774273  1.774273  0.000000  8.124575  8.124575  0.062291  0.000000  3.225533e-01  6.786148e-01  6.786148e-01  0.007937  1.5155  5.942062e+05  1.775479e-02  2.300243e+57  6.703829e+50  4.042423e-06  -2.718873e+102  +1  -1  1
0.0901  17984.7070  141.4704  17469.3612  0.0901  1.757058  1.757058  0.000000  8.094384  8.094384  0.058546  0.000000  3.206150e-01  6.695213e-01  6.695213e-01  0.008017  1.5776  5.898318e+05  1.474141e-02  2.265362e+57  5.566042e+50  3.826231e-06  -1.816189e+102  +1  -1  1
0.0901  20310.1824  141.4704  19794.8396  0.0901  1.741464  1.741464  0.000000  8.069984  8.069984  0.055030  0.000000  3.187303e-01  6.608195e-01  6.608195e-01  0.008099  1.6414  5.856416e+05  1.224156e-02  2.233764e+57  4.622153e+50  3.721564e-06  -1.332478e+102  +1  -1  1

0.1233  103.0404  143.7442  1.0000  0.1233  0.108912  0.108147  0.000765  16.872803  16.872803  1.148696  0.007024  9.533848e-03  9.672393e-03  9.672394e-03  0.019694  166687674.1000  1.623987e+04  1.131547e+02  1.356680e+56  4.272082e+54  6.526694e-06  1.908765e+108  +1  +1  0
0.1233  107.6573  143.7442  1.1334  0.1233  0.116979  0.116232  0.000747  15.951481  15.951481  1.139839  0.006389  1.083152e-02  1.101074e-02  1.101074e-02  0.023662  105808942.3234  1.747859e+04  1.105421e+02  1.461258e+56  4.173448e+54  6.522120e-06  1.853386e+108  +1  +1  0
0.1233  113.1115  143.7442  1.2846  0.1233  0.126547  0.125826  0.000721  15.172697  15.172697  1.126098  0.005695  1.231882e-02  1.255123e-02  1.255123e-02  0.028622  67262126.1708  1.895066e+04  1.065971e+02  1.582845e+56  4.024505e+54  6.509907e-06  1.772805e+108  +1  +1  0
0.1233  119.1072  143.7442  1.4560  0.1233  0.137316  0.136622  0.000694  14.536340  14.536340  1.112204  0.005056  1.395238e-02  1.425134e-02  1.425134e-02  0.034381  43349871.6328  2.061085e+04  1.027009e+02  1.717736e+56  3.877405e+54  6.493676e-06  1.815767e+108  +1  +1  0
0.1233  125.0167  143.7442  1.6503  0.1233  0.149186  0.148517  0.000669  14.017080  14.017080  1.098500  0.004484  1.571997e-02  1.610064e-02  1.610064e-02  0.040776  28317138.1455  2.244516e+04  9.895413e+01  1.865103e+56  3.735949e+54  6.474565e-06  1.822834e+108  +1  +1  0
0.1233  131.6026  143.7442  1.8704  0.1233  0.162193  0.161550  0.000643  13.590069  13.590069  1.084116  0.003965  1.762752e-02  1.810774e-02  1.810774e-02  0.047700  18683952.5796  2.446119e+04  9.511852e+01  2.025722e+56  3.591138e+54  6.453101e-06  1.848188e+108  +1  +1  0
0.1233  137.9494  143.7442  2.1200  0.1233  0.176356  0.175737  0.000619  13.237326  13.237326  1.070269  0.003509  1.967760e-02  2.027815e-02  2.027815e-02  0.055011  12430654.1189  2.666369e+04  9.152275e+01  2.200019e+56  3.455381e+54  6.429124e-06  1.553089e+108  +1  +1  0
0.1233  152.7256  143.7442  2.4028  0.1233  0.190352  0.189781  0.000570  12.964196  12.964196  1.041518  0.002996  2.168667e-02  2.241864e-02  2.241864e-02  0.061877  8599500.3558  2.885181e+04  8.434825e+01  2.372136e+56  3.184512e+54  6.402408e-06  1.874078e+108  +1  +1  0
0.1233  157.6382  143.7442  2.7234  0.1233  0.204584  0.204030  0.000554  12.728005  12.728005  1.031402  0.002707  2.374062e-02  2.462094e-02  2.462095e-02  0.068310  6038593.7706  3.108237e+04  8.191533e+01  2.546331e+56  3.092659e+54  6.375209e-06  2.315165e+108  +1  +1  0
0.1233  162.7167  143.7442  3.0867  0.1233  0.220933  0.220396  0.000537  12.509802  12.509802  1.021098  0.002432  2.608511e-02  2.715226e-02  2.715226e-02  0.075163  4149054.6380  3.365506e+04  7.948572e+01  2.746399e+56  3.000930e+54  6.347860e-06  2.513178e+108  +1  +1  0
0.1233  167.9681  143.7442  3.4985  0.1233  0.239871  0.239350  0.000521  12.317478  12.317478  1.010596  0.002172  2.876324e-02  3.006688e-02  3.006688e-02  0.082502  2793735.2868  3.664811e+04  7.705917e+01  2.978558e+56  2.909317e+54  6.318280e-06  2.728796e+108  +1  +1  0
0.1233  173.4000  143.7442  3.9652  0.1233  0.261655  0.261151  0.000505  12.156428  12.156428  0.999885  0.001928  3.179110e-02  3.339217e-02  3.339217e-02  0.090228  1852349.3990  4.010726e+04  7.463558e+01  3.246252e+56  2.817816e+54  6.285665e-06  2.938608e+108  +1  +1  0
0.1233  179.0190  143.7442  4.4943  0.1233  0.286508  0.286019  0.000488  12.028811  12.028811  0.988955  0.001704  3.517995e-02  3.715239e-02  3.715239e-02  0.098185  1214722.6452  4.407530e+04  7.221526e+01  3.552652e+56  2.726438e+54  6.248993e-06  3.137014e+108  +1  +1  0
0.1233  184.8335  143.7442  5.0939  0.1233  0.314638  0.314166  0.000472  11.934481  11.934481  0.977792  0.001500  3.893938e-02  4.137221e-02  4.137221e-02  0.106178  790672.7720  4.859401e+04  6.979812e+01  3.900751e+56  2.635181e+54  6.208763e-06  3.320641e+108  +1  +1  0
0.1233  190.8524  143.7442  5.7734  0.1233  0.346252  0.345797  0.000456  11.871849  11.871849  0.966387  0.001316  4.307801e-02  4.607777e-02  4.607777e-02  0.113995  512290.9738  5.370678e+04  6.738450e+01  4.293564e+56  2.544056e+54  6.164115e-06  3.487728e+108  +1  +1  0
0.1233  197.0844  143.7442  6.5437  0.1233  0.381553  0.381114  0.000439  11.838400  11.838400  0.954724  0.001151  4.760405e-02  5.129753e-02  5.129754e-02  0.121427  331135.3526  5.945939e+04  6.497466e+01  4.734279e+56  2.453074e+54  6.114818e-06  3.636177e+108  +1  +1  0
0.1233  203.5396  143.7442  7.4167  0.1233  0.420740  0.420317  0.000423  11.831278  11.831278  0.942791  0.001005  5.252477e-02  5.706210e-02  5.706210e-02  0.128255  213876.3329  6.589898e+04  6.256920e+01  5.226022e+56  2.362257e+54  6.061044e-06  3.765028e+108  +1  +1  0
0.1233  210.2287  143.7442  8.4062  0.1233  0.464001  0.463594  0.000407  11.847408  11.847408  0.930575  0.000877  5.784655e-02  6.340449e-02  6.340449e-02  0.134302  138230.5975  7.307393e+04  6.016860e+01  5.771918e+56  2.271624e+54  6.001438e-06  3.873319e+108  +1  +1  0
0.1233  217.1631  143.7442  9.5277  0.1233  0.511511  0.511120  0.000391  11.883764  11.883764  0.918060  0.000764  6.357440e-02  7.036006e-02  7.036006e-02  0.139390  89480.6020  8.103684e+04  5.777388e+01  6.375328e+56  2.181213e+54  5.936847e-06  3.958560e+108  +1  +1  0
0.1233  224.3537  143.7442  10.7988  0.1233  0.563423  0.563048  0.000374  11.919004  11.919004  0.905234  0.000665  6.981936e-02  7.810131e-02  7.810131e-02  0.144490  58058.7481  8.983445e+04  5.538643e+01  7.039024e+56  2.091076e+54  5.867913e-06  4.019247e+108  +1  +1  0
0.1233  231.8138  143.7442  12.2395  0.1233  0.619863  0.619505  0.000358  11.961136  11.961136  0.892083  0.000578  7.654296e-02  8.662657e-02  8.662657e-02  0.148905  37782.5019  9.951781e+04  5.300760e+01  7.765954e+56  2.001265e+54  5.793065e-06  4.053150e+108  +1  +1  0
0.1233  239.5612  143.7442  13.8724  0.1233  0.680925  0.680583  0.000342  12.019534  12.019534  0.878589  0.000503  8.367457e-02  9.589396e-02  9.589396e-02  0.151826  24676.7228  1.101351e+05  5.063857e+01  8.558501e+56  1.911824e+54  5.712256e-06  4.060104e+108  +1  +1  0
0.1233  247.6067  143.7442  15.7232  0.1233  0.746655  0.746328  0.000326  12.091415  12.091415  0.864745  0.000437  9.120620e-02  1.059433e-01  1.059433e-01  0.153217  16184.2986  1.217334e+05  4.828235e+01  9.419104e+56  1.822867e+54  5.624706e-06  4.040376e+108  +1  +1  0
0.1233  255.9695  143.7442  17.8208  0.1233  0.817045  0.816734  0.000311  12.173810  12.173810  0.850534  0.000380  9.912906e-02  1.168188e-01  1.168188e-01  0.153082  10661.7628  1.343566e+05  4.594108e+01  1.034942e+57  1.734473e+54  5.531169e-06  3.990857e+108  +1  +1  0
0.1233  264.6662  143.7442  20.1984  0.1233  0.892027  0.891733  0.000295  12.264079  12.264079  0.835949  0.000331  1.074298e-01  1.285644e-01  1.285644e-01  0.151514  7058.9023  1.480389e+05  4.361794e+01  1.135017e+57  1.646765e+54  5.431667e-06  3.911422e+108  +1  +1  0
0.1233  273.7197  143.7442  22.8931  0.1233  0.971465  0.971186  0.000279  12.359556  12.359556  0.820977  0.000288  1.160930e-01  1.412268e-01  1.412268e-01  0.148618  4698.4096  1.628115e+05  4.131594e+01  1.242184e+57  1.559854e+54  5.326069e-06  3.802929e+108  +1  +1  0
0.1233  283.1505  143.7442  25.9473  0.1233  1.055145  1.054881  0.000264  12.457684  12.457684  0.805610  0.000250  1.250997e-01  1.548541e-01  1.548541e-01  0.144549  3145.1521  1.786921e+05  3.903905e+01  1.356317e+57  1.473892e+54  5.213232e-06  3.666859e+108  +1  +1  0
0.1233  292.9824  143.7442  29.4090  0.1233  1.142773  1.142524  0.000249  12.556464  12.556464  0.789844  0.000218  1.344232e-01  1.694878e-01  1.694878e-01  0.139449  2118.1281  1.957018e+05  3.679159e+01  1.477306e+57  1.389040e+54  4.773117e-06  3.358855e+108  +1  +1  0
0.1233  548.6687  143.7442  33.3326  0.1233  1.153321  1.153187  0.000134  12.523289  12.523289  0.642168  0.000116  1.360233e-01  1.720556e-01  1.720556e-01  0.137773  1972.4476  1.979519e+05  1.977584e+01  1.491975e+57  7.466224e+53  9.139373e-06  -3.840929e+107  +1  -1  1
0.1233  553.1161  143.7442  37.7796  0.1233  1.145459  1.145330  0.000129  12.417466  12.417466  0.635057  0.000113  1.362474e-01  1.724166e-01  1.724166e-01  0.134758  1913.4726  1.968099e+05  1.912592e+01  1.480693e+57  7.220853e+53  -6.058230e-05  -2.593518e+107  -1  -1  1
0.1233  558.1558  143.7442  42.8198  0.1233  1.142565  1.142440  0.000125  12.285616  12.285616  0.627276  0.000109  1.373616e-01  1.742164e-01  1.742164e-01  0.129926  1771.2440  1.968608e+05  1.843128e+01  1.476468e+57  6.958595e+53  -5.585060e-05  5.529836e+105  -1  +1  1
0.1233  563.8691  143.7442  48.5326  0.1233  1.146654  1.146534  0.000120  12.137069  12.137069  0.618794  0.000104  1.395405e-01  1.777598e-01  1.777598e-01  0.123758  1559.4833  1.985210e+05  1.769340e+01  1.482373e+57  6.680013e+53  2.910507e-06  2.364899e+107  +1  +1  1
0.1233  570.3441  143.7442  55.0074  0.1233  1.159193  1.159079  0.000114  11.980199  11.980199  0.609584  0.000099  1.429136e-01  1.833095e-01  1.833095e-01  0.116692  1304.9196  2.018232e+05  1.691484e+01  1.498679e+57  6.386073e+53  3.830723e-06  4.394095e+107  +1  +1  1
0.1233  577.6823  143.7442  62.3461  0.1233  1.181155  1.181046  0.000109  11.823096  11.823096  0.599626  0.000092  1.475561e-01  1.910775e-01  1.910775e-01  0.109149  1040.2565  2.074749e+05  1.609916e+01  1.530258e+57  6.078119e+53  4.002639e-06  5.980569e+107  +1  +1  1
0.1233  586.0010  143.7442  70.6639  0.1233  1.212962  1.212859  0.000103  11.672636  11.672636  0.588910  0.000085  1.534829e-01  2.012203e-01  2.012203e-01  0.101492  794.4036  2.151217e+05  1.525107e+01  1.574523e+57  5.757930e+53  4.169584e-06  6.809794e+107  +1  +1  1
0.1233  595.4279  143.7442  80.0914  0.1233  1.254479  1.254381  0.000097  11.534297  11.534297  0.577432  0.000077  1.606400e-01  2.138211e-01  2.138211e-01  0.093985  585.7338  2.250499e+05  1.437637e+01  1.633196e+57  5.427692e+53  4.162206e-06  7.266537e+107  +1  +1  1
0.1233  606.1136  143.7442  90.7766  0.1233  1.305027  1.304935  0.000091  11.411309  11.411309  0.565200  0.000070  1.689139e-01  2.288944e-01  2.288944e-01  0.086791  420.7825  2.372669e+05  1.348174e+01  1.706009e+57  5.089932e+53  4.091105e-06  7.306342e+107  +1  +1  1
0.1233  618.2249  143.7442  102.8874  0.1233  1.363508  1.363423  0.000085  11.305031  11.305031  0.552234  0.000062  1.781425e-01  2.463878e-01  2.463878e-01  0.079973  297.1749  2.517589e+05  1.257482e+01  1.792494e+57  4.747530e+53  4.031998e-06  6.896089e+107  +1  +1  1
0.1233  631.9498  143.7442  116.6139  0.1233  1.428492  1.428413  0.000079  11.215041  11.215041  0.538565  0.000055  1.881302e-01  2.661885e-01  2.661885e-01  0.073545  208.0515  2.678934e+05  1.166377e+01  1.887778e+57  4.403569e+53  3.951766e-06  6.237525e+107  +1  +1  1
0.1233  647.5096  143.7442  132.1717  0.1233  1.498345  1.498272  0.000073  11.139247  11.139247  0.524235  0.000049  1.986725e-01  2.881475e-01  2.881475e-01  0.067468  145.3186  2.859604e+05  1.075710e+01  1.993407e+57  4.061265e+53  3.778316e-06  5.567467e+107  +1  +1  1
0.1233  665.1426  143.7442  149.8051  0.1233  1.571333  1.571266  0.000067  11.075163  11.075163  0.509300  0.000042  2.095558e-01  3.120598e-01  3.120598e-01  0.061738  101.8498  3.057867e+05  9.863482e+00  2.107760e+57  3.723885e+53  3.644055e-06  4.737975e+107  +1  +1  1
0.1233  685.1283  143.7442  169.7911  0.1233  1.645732  1.645672  0.000061  11.019756  11.019756  0.493824  0.000037  2.205814e-01  3.376957e-01  3.376957e-01  0.056336  71.9207  3.264252e+05  8.991182e+00  2.223753e+57  3.394554e+53  3.508293e-06  3.893285e+107  +1  +1  1
0.1233  707.7821  143.7442  192.4434  0.1233  1.719876  1.719821  0.000055  10.969925  10.969925  0.477881  0.000032  2.315661e-01  3.647916e-01  3.647916e-01  0.051249  51.3118  3.481929e+05  8.148015e+00  2.343254e+57  3.076223e+53  3.367295e-06  3.110174e+107  +1  +1  1
0.1233  733.4544  143.7442  218.1178  0.1233  1.792236  1.792186  0.000050  10.922739  10.922739  0.461554  0.000028  2.423512e-01  3.930636e-01  3.930636e-01  0.046496  37.0765  3.699338e+05  7.340939e+00  2.457907e+57  2.771517e+53  3.171862e-06  2.453926e+107  +1  +1  1
0.1233  762.5564  143.7442  247.2176  0.1233  1.861463  1.861418  0.000044  10.875747  10.875747  0.444929  0.000024  2.527999e-01  4.222000e-01  4.222000e-01  0.042070  27.1639  3.929639e+05  6.575789e+00  2.576673e+57  2.482640e+53  2.964586e-06  1.900656e+107  +1  +1  1
0.1233  795.5386  143.7442  280.1996  0.1233  1.926409  1.926369  0.000040  10.826806  10.826806  0.428097  0.000021  2.628027e-01  4.518779e-01  4.518779e-01  0.037991  20.2043  4.151715e+05  5.857295e+00  2.684763e+57  2.211378e+53  2.772090e-06  1.412684e+107  +1  +1  1
0.1233  832.9189  143.7442  317.5819  0.1233  1.986149  1.986113  0.000035  10.774256  10.774256  0.411152  0.000018  2.722739e-01  4.817626e-01  4.817626e-01  0.034262  15.2649  4.380154e+05  5.188811e+00  2.792315e+57  1.958997e+53  2.575525e-06  1.028970e+107  +1  +1  1
0.1233  875.2916  143.7442  359.9514  0.1233  2.039975  2.039944  0.000031  10.716851  10.716851  0.394182  0.000015  2.811507e-01  5.115150e-01  5.115150e-01  0.030881  11.7192  4.592182e+05  4.572397e+00  2.883692e+57  1.726274e+53  2.382669e-06  7.147713e+106  +1  +1  1
0.1233  923.3117  143.7442  407.9736  0.1233  2.087401  2.087374  0.000027  10.653738  10.653738  0.377275  0.000013  2.893913e-01  5.408020e-01  5.408020e-01  0.027840  9.1442  4.805255e+05  4.008888e+00  2.971322e+57  1.513526e+53  2.127710e-06  5.046174e+106  +1  +1  1
0.1233  977.7420  143.7442  462.4025  0.1233  2.128138  2.128115  0.000024  10.584454  10.584454  0.360516  0.000011  2.969703e-01  5.692972e-01  5.692972e-01  0.025118  7.2500  5.005395e+05  3.497966e+00  3.045784e+57  1.320631e+53  1.931269e-06  3.240454e+106  +1  +1  1
0.1233  1039.4339  143.7442  524.0930  0.1233  2.162086  2.162066  0.000021  10.508779  10.508779  0.343979  0.000010  3.038802e-01  5.967034e-01  5.967034e-01  0.022702  5.8406  5.190411e+05  3.038309e+00  3.106101e+57  1.147091e+53  1.675336e-06  2.077591e+106  +1  +1  1
0.1233  1109.3497  143.7442  594.0138  0.1233  2.189289  2.189271  0.000018  10.426836  10.426836  0.327734  0.000008  3.101217e-01  6.227340e-01  6.227340e-01  0.020566  4.7796  5.369252e+05  2.627813e+00  3.159057e+57  9.921110e+52  1.400106e-06  1.279513e+106  +1  +1  1
0.1233  1188.6046  143.7442  673.2629  0.1233  2.209925  2.209910  0.000015  10.338870  10.338870  0.311841  0.000007  3.157084e-01  6.471464e-01  6.471464e-01  0.018686  3.9719  5.528971e+05  2.263719e+00  3.196273e+57  8.546502e+52  1.118434e-06  7.090316e+105  +1  +1  1
0.1233  1278.4252  143.7442  763.0849  0.1233  2.224282  2.224269  0.000013  10.245404  10.245404  0.296352  0.000006  3.206582e-01  6.697224e-01  6.697224e-01  0.017036  3.3502  5.679308e+05  1.942863e+00  3.225193e+57  7.335134e+52  7.724997e-07  4.058302e+105  +1  +1  1
0.1233  1380.2298  143.7442  864.8903  0.1233  2.232723  2.232712  0.000011  10.146962  10.146962  0.281310  0.000005  3.249979e-01  6.902983e-01  6.902983e-01  0.015597  2.8678  5.819446e+05  1.661778e+00  3.246007e+57  6.273918e+52  4.109477e-07  1.681653e+105  +1  +1  1
0.1233  1495.6207  143.7442  980.2778  0.1233  2.235671  2.235661  0.000010  10.044268  10.044268  0.266752  0.000004  3.287541e-01  7.087359e-01  7.087359e-01  0.014340  2.4894  5.937493e+05  1.416883e+00  3.251102e+57  5.349334e+52  1.502716e-08  1.472415e+104  +1  +1  1
0.1233  1626.3973  143.7442  1111.0596  0.1233  2.233591  2.233583  0.000008  9.938076  9.938076  0.252703  0.000004  3.319579e-01  7.249476e-01  7.249476e-01  0.013263  2.1934  6.043630e+05  1.204594e+00  3.248266e+57  4.547853e+52  -5.292949e-07  -6.265584e+104  -1  -1  1
0.1233  1774.6318  143.7442  1259.2893  0.1233  2.226966  2.226959  0.000007  9.829088  9.829088  0.239184  0.000003  3.346432e-01  7.388973e-01  7.388973e-01  0.012328  1.9584  6.127283e+05  1.021410e+00  3.230907e+57  3.856255e+52  -1.161189e-06  -1.028736e+105  -1  -1  1
0.1233  1942.6373  143.7442  1427.2948  0.1233  2.216293  2.216287  0.000006  9.718196  9.718196  0.226207  0.000003  3.368396e-01  7.505623e-01  7.505623e-01  0.011521  1.7713  6.199422e+05  8.640076e-01  3.207130e+57  3.261996e+52  -1.954733e-06  -1.002932e+105  -1  -1  1
0.1233  2133.0527  143.7442  1617.7144  0.1233  2.202058  2.202053  0.000005  9.606191  9.606191  0.213779  0.000002  3.385784e-01  7.599654e-01  7.599654e-01  0.010826  1.6221  6.259914e+05  7.292728e-01  3.177480e+57  2.753315e+52  -2.983887e-06  -9.018838e+104  -1  -1  1
0.1233  2348.8827  143.7442  1833.5384  0.1233  2.184753  2.184749  0.000004  9.493898  9.493898  0.201900  0.000002  3.398909e-01  7.671643e-01  7.671643e-01  0.010229  1.5033  6.309365e+05  6.143377e-01  3.142898e+57  2.319385e+52  -4.393950e-06  -7.657876e+104  -1  -1  1
0.1233  2593.4963  143.7442  2078.1562  0.1233  2.164836  2.164832  0.000003  9.382100  9.382100  0.190570  0.000002  3.408054e-01  7.722331e-01  7.722331e-01  0.009718  1.4091  6.348418e+05  5.165998e-01  3.104313e+57  1.950384e+52  -9.474733e-06  -6.744454e+104  -1  -1  1
0.1233  2870.7514  143.7442  2355.4091  0.1233  2.142752  2.142750  0.000003  9.271581  9.271581  0.179779  0.000001  3.413499e-01  7.752720e-01  7.752720e-01  0.009284  1.3355  6.367446e+05  4.337177e-01  3.055343e+57  1.637469e+52  -2.007388e-05  -5.810972e+104  -1  -1  1
0.1233  3184.9955  143.7442  2669.6512  0.1233  2.118923  2.118920  0.000002  9.163011  9.163011  0.169518  0.000001  3.415534e-01  7.764113e-01  7.764113e-01  0.008920  1.2793  6.377206e+05  3.636117e-01  3.003664e+57  1.372788e+52  -2.414804e-05  -4.256214e+104  -1  -1  1
0.1233  3541.1532  143.7442  3025.8172  0.1233  2.093740  2.093738  0.000002  9.057076  9.057076  0.159775  0.000001  3.414415e-01  7.757846e-01  7.757846e-01  0.008612  1.2372  6.387762e+05  3.044466e-01  2.956584e+57  1.149415e+52  1.414462e-04  -3.192447e+104  +1  -1  1
0.1233  3944.8452  143.7442  3429.5004  0.1233  2.067572  2.067571  0.000002  8.954509  8.954509  0.150533  0.000001  3.410362e-01  7.735194e-01  7.735194e-01  0.008362  1.2085  6.381326e+05  2.546154e-01  2.901856e+57  9.612811e+51  3.421256e-05  -2.691644e+104  +1  -1  1
0.1233  4402.3826  143.7442  3887.0401  0.1233  2.040754  2.040753  0.000001  8.855623  8.855623  0.141778  0.000001  3.403715e-01  7.698228e-01  7.698228e-01  0.008158  1.1905  6.359347e+05  2.127224e-01  2.840555e+57  8.031172e+51  1.325649e-05  -2.017119e+104  +1  -1  1
0.1233  4920.9625  143.7442  4405.6215  0.1233  2.013600  2.013599  0.000001  8.761172  8.761172  0.133491  0.000001  3.394632e-01  7.648088e-01  7.648088e-01  0.007997  1.1827  6.340193e+05  1.775596e-01  2.785508e+57  6.703627e+51  1.283159e-05  -1.390302e+104  +1  -1  1
0.1233  5508.7341  143.7442  4993.3885  0.1233  1.986393  1.986392  0.000001  8.671483  8.671483  0.125655  0.000001  3.383400e-01  7.586674e-01  7.586674e-01  0.007875  1.1841  6.315711e+05  1.480883e-01  2.730998e+57  5.590963e+51  9.608931e-06  -1.053255e+104  +1  -1  1
0.1233  6174.9095  143.7442  5659.5711  0.1233  1.959392  1.959391  0.000001  8.586963  8.586963  0.118250  0.000000  3.370260e-01  7.515634e-01  7.515634e-01  0.007787  1.1939  6.278989e+05  1.234192e-01  2.672125e+57  4.659600e+51  7.785155e-06  -7.662437e+103  +1  -1  1
0.1233  6929.9756  143.7442  6414.6311  0.1233  1.932833  1.932832  0.000001  8.507966  8.507966  0.111257  0.000000  3.355445e-01  7.436562e-01  7.436562e-01  0.007729  1.2114  6.246474e+05  1.027932e-01  2.620223e+57  3.880881e+51  7.257519e-06  -5.378941e+103  +1  -1  1
0.1233  7785.7703  143.7442  7270.4259  0.1233  1.906925  1.906925  0.000001  8.434736  8.434736  0.104658  0.000000  3.339211e-01  7.351130e-01  7.351130e-01  0.007701  1.2366  6.203724e+05  8.556531e-02  2.565074e+57  3.230454e+51  6.381864e-06  -3.849887e+103  +1  -1  1
0.1233  8755.7337  143.7442  8240.3948  0.1233  1.881857  1.881857  0.000000  8.367486  8.367486  0.098434  0.000000  3.321799e-01  7.260881e-01  7.260881e-01  0.007696  1.2686  6.166111e+05  7.118855e-02  2.517200e+57  2.687670e+51  6.020628e-06  -2.658944e+103  +1  -1  1
0.1233  9855.1162  143.7442  9339.7702  0.1233  1.857799  1.857799  0.000000  8.306422  8.306422  0.092566  0.000000  3.303440e-01  7.167237e-01  7.167237e-01  0.007713  1.3071  6.120141e+05  5.920068e-02  2.467001e+57  2.235077e+51  5.074731e-06  -1.954531e+103  +1  -1  1
0.1233  11101.1575  143.7442  10585.8164  0.1233  1.834893  1.834892  0.000000  8.251523  8.251523  0.087036  0.000000  3.284416e-01  7.071790e-01  7.071790e-01  0.007746  1.3511  6.073526e+05  4.921185e-02  2.419589e+57  1.857956e+51  4.779937e-06  -1.348423e+103  +1  -1  1
0.1233  12513.4446  143.7442  11998.1012  0.1233  1.813270  1.813269  0.000000  8.203021  8.203021  0.081826  0.000000  3.264903e-01  6.975520e-01  6.975520e-01  0.007799  1.4016  6.026986e+05  4.089393e-02  2.375234e+57  1.543919e+51  4.885504e-06  -8.814571e+102  +1  -1  1
0.1233  14114.1489  143.7442  13598.8032  0.1233  1.793035  1.793035  0.000000  8.160728  8.160728  0.076921  0.000000  3.245200e-01  6.879952e-01  6.879952e-01  0.007863  1.4565  5.987232e+05  3.397130e-02  2.338371e+57  1.282561e+51  4.651613e-06  -5.885211e+102  +1  -1  1
0.1233  15928.3955  143.7442  15413.0595  0.1233  1.774274  1.774274  0.000000  8.124578  8.124578  0.072303  0.000000  3.225534e-01  6.786153e-01  6.786153e-01  0.007937  1.5155  5.942066e+05  2.821272e-02  2.300246e+57  1.065150e+51  4.042501e-06  -4.230661e+102  +1  -1  1
0.1233  17984.7070  143.7442  17469.3612  0.1233  1.757058  1.757057  0.000000  8.094375  8.094375  0.067957  0.000000  3.206154e-01  6.695229e-01  6.695229e-01  0.008017  1.5777  5.898310e+05  2.342453e-02  2.265357e+57  8.843756e+50  3.826849e-06  -2.825581e+102  +1  -1  1
0.1233  20310.1824  143.7442  19794.8396  0.1233  1.741466  1.741466  0.000000  8.070009  8.070009  0.063875  0.000000  3.187297e-01  6.608168e-01  6.608168e-01  0.008098  1.6412  5.856437e+05  1.945232e-02  2.233779e+57  7.344076e+50  3.723521e-06  -2.071461e+102  +1  -1  1

0.1688  103.0404  146.0670  1.0000  0.1688  0.105827  0.104629  0.001198  17.183933  17.183933  1.326897  0.011319  9.096070e-03  9.222090e-03  9.222092e-03  0.018223  195101558.1314  1.570591e+04  1.772749e+02  1.311140e+56  6.692040e+54  6.531631e-06  2.842930e+108  +1  +1  0
0.1688  107.6573  146.0670  1.1334  0.1688  0.113686  0.112513  0.001173  16.195011  16.195011  1.317754  0.010319  1.036827e-02  1.053236e-02  1.053237e-02  0.021966  122213878.8514  1.691284e+04  1.736044e+02  1.413410e+56  6.553488e+54  6.526955e-06  2.775477e+108  +1  +1  0
0.1688  113.1115  146.0670  1.2846  0.1688  0.123078  0.121947  0.001131  15.356414  15.356414  1.301830  0.009190  1.183785e-02  1.205229e-02  1.205229e-02  0.026729  76653233.3587  1.835930e+04  1.673943e+02  1.533589e+56  6.319057e+54  6.514727e-06  2.679039e+108  +1  +1  0
0.1688  119.1072  146.0670  1.4560  0.1688  0.133778  0.132688  0.001090  14.670508  14.670508  1.285940  0.008150  1.346861e-02  1.374697e-02  1.374697e-02  0.032377  48700488.1513  2.000974e+04  1.613402e+02  1.668322e+56  6.090518e+54  6.498855e-06  2.768735e+108  +1  +1  0
0.1688  125.0167  146.0670  1.6503  0.1688  0.145638  0.144588  0.001051  14.114050  14.114050  1.270121  0.007213  1.524071e-02  1.559822e-02  1.559822e-02  0.038737  31405919.3691  2.184310e+04  1.554642e+02  1.816119e+56  5.868700e+54  6.480178e-06  2.787348e+108  +1  +1  0
0.1688  131.6026  146.0670  1.8704  0.1688  0.158662  0.157652  0.001010  13.659893  13.659893  1.253655  0.006367  1.715568e-02  1.761017e-02  1.761017e-02  0.045679  20492265.9312  2.386213e+04  1.494970e+02  1.977382e+56  5.643439e+54  6.458887e-06  2.831937e+108  +1  +1  0
0.1688  137.9494  146.0670  2.1200  0.1688  0.172865  0.171893  0.000972  13.287261  13.287261  1.237661  0.005623  1.921555e-02  1.978776e-02  1.978776e-02  0.053053  13500678.4907  2.607077e+04  1.438527e+02  2.152504e+56  5.430370e+54  6.434934e-06  2.382893e+108  +1  +1  0
0.1688  152.7256  146.0670  2.4028  0.1688  0.187071  0.186175  0.000896  12.999274  12.999274  1.204458  0.004790  2.125536e-02  2.195798e-02  2.195798e-02  0.060105  9235890.0082  2.829380e+04  1.325926e+02  2.327679e+56  5.005305e+54  6.408396e-06  2.907756e+108  +1  +1  0
0.1688  157.6382  146.0670  2.7234  0.1688  0.201484  0.200614  0.000870  12.753974  12.753974  1.192814  0.004319  2.333338e-02  2.418316e-02  2.418316e-02  0.066726  6431553.2492  3.055198e+04  1.287859e+02  2.504322e+56  4.861603e+54  6.380752e-06  3.566860e+108  +1  +1  0
0.1688  162.7167  146.0670  3.0867  0.1688  0.217834  0.216990  0.000845  12.529371  12.529371  1.180955  0.003877  2.567903e-02  2.671248e-02  2.671248e-02  0.073679  4399027.1183  3.312408e+04  1.249846e+02  2.704570e+56  4.718103e+54  6.352878e-06  3.844076e+108  +1  +1  0
0.1688  167.9681  146.0670  3.4985  0.1688  0.236727  0.235908  0.000819  12.331249  12.331249  1.168870  0.003459  2.835454e-02  2.962048e-02  2.962048e-02  0.081103  2950078.1480  3.610894e+04  1.211879e+02  2.936253e+56  4.574781e+54  6.323178e-06  4.170341e+108  +1  +1  0
0.1688  173.4000  146.0670  3.9652  0.1688  0.258462  0.257669  0.000793  12.165055  12.165055  1.156544  0.003069  3.138083e-02  3.293972e-02  3.293972e-02  0.088922  1948037.8839  3.955918e+04  1.173957e+02  3.203407e+56  4.431627e+54  6.290525e-06  4.494092e+108  +1  +1  0
0.1688  179.0190  146.0670  4.4943  0.1688  0.283274  0.282506  0.000768  12.033126  12.033126  1.143967  0.002710  3.477039e-02  3.669578e-02  3.669578e-02  0.096986  1272237.2793  4.351879e+04  1.136083e+02  3.509302e+56  4.288653e+54  6.253952e-06  4.802083e+108  +1  +1  0
0.1688  184.8335  146.0670  5.0939  0.1688  0.311378  0.310636  0.000742  11.935326  11.935326  1.131122  0.002383  3.853327e-02  4.091389e-02  4.091389e-02  0.105097  824744.2154  4.803146e+04  1.098254e+02  3.857063e+56  4.145850e+54  6.213286e-06  5.088628e+108  +1  +1  0
0.1688  190.8524  146.0670  5.7734  0.1688  0.342984  0.342267  0.000717  11.870050  11.870050  1.117998  0.002089  4.267786e-02  4.562002e-02  4.562002e-02  0.113042  532273.5480  5.314046e+04  1.060474e+02  4.249766e+56  4.003233e+54  6.168453e-06  5.349537e+108  +1  +1  0
0.1688  197.0844  146.0670  6.5437  0.1688  0.378293  0.377602  0.000691  11.834704  11.834704  1.104577  0.001827  4.721205e-02  5.084236e-02  5.084237e-02  0.120599  342759.1191  5.889188e+04  1.022747e+02  4.690535e+56  3.860814e+54  6.118891e-06  5.581406e+108  +1  +1  0
0.1688  203.5396  146.0670  7.4167  0.1688  0.417505  0.416840  0.000666  11.826278  11.826278  1.090845  0.001594  5.214295e-02  5.661141e-02  5.661141e-02  0.127568  220634.8770  6.533277e+04  9.850806e+01  5.182524e+56  3.718626e+54  6.065225e-06  5.782931e+108  +1  +1  0
0.1688  210.2287  146.0670  8.4062  0.1688  0.460808  0.460168  0.000640  11.841600  11.841600  1.076784  0.001389  5.747661e-02  6.295991e-02  6.295991e-02  0.133736  142135.2682  7.251071e+04  9.474817e+01  5.728822e+56  3.576692e+54  6.005953e-06  5.952822e+108  +1  +1  0
0.1688  217.1631  146.0670  9.5277  0.1688  0.508376  0.507761  0.000615  11.877522  11.877522  1.062379  0.001210  6.321796e-02  6.992322e-02  6.992322e-02  0.138944  91737.3878  8.047860e+04  9.099657e+01  6.332829e+56  3.435071e+54  5.941323e-06  6.087053e+108  +1  +1  0
0.1688  224.3537  146.0670  10.7988  0.1688  0.560360  0.559771  0.000590  11.912542  11.912542  1.047614  0.001052  6.947755e-02  7.767324e-02  7.767325e-02  0.144151  59361.3327  8.928344e+04  8.725535e+01  6.997279e+56  3.293842e+54  5.872076e-06  6.183009e+108  +1  +1  0
0.1688  231.8138  146.0670  12.2395  0.1688  0.616888  0.616324  0.000564  11.954676  11.954676  1.032472  0.000915  7.621676e-02  8.620829e-02  8.620829e-02  0.148673  38537.8686  9.897654e+04  8.352648e+01  7.725088e+56  3.153078e+54  5.796337e-06  6.239195e+108  +1  +1  0
0.1688  239.5612  146.0670  13.8724  0.1688  0.678051  0.677511  0.000539  12.013267  12.013267  1.016934  0.000795  8.336480e-02  9.548649e-02  9.548649e-02  0.151685  25115.2801  1.096080e+05  7.981190e+01  8.519029e+56  3.012855e+54  5.714808e-06  6.253243e+108  +1  +1  0
0.1688  247.6067  146.0670  15.7232  0.1688  0.743893  0.743378  0.000514  12.085467  12.085467  1.000989  0.000692  9.091353e-02  1.055476e-01  1.055476e-01  0.153140  16438.2530  1.212221e+05  7.611616e+01  9.381028e+56  2.873343e+54  5.627543e-06  6.224432e+108  +1  +1  0
0.1688  255.9695  146.0670  17.8208  0.1688  0.814406  0.813917  0.000490  12.168287  12.168287  0.984620  0.000601  9.885378e-02  1.164355e-01  1.164355e-01  0.153065  10809.8361  1.338619e+05  7.244262e+01  1.031285e+57  2.734668e+54  5.534524e-06  6.149278e+108  +1  +1  0
0.1688  264.6662  146.0670  20.1984  0.1688  0.889522  0.889057  0.000465  12.259025  12.259025  0.967815  0.000523  1.071723e-01  1.281944e-01  1.281944e-01  0.151538  7145.2489  1.475606e+05  6.879623e+01  1.131500e+57  2.597019e+54  5.435414e-06  6.028229e+108  +1  +1  0
0.1688  273.7197  146.0670  22.8931  0.1688  0.969101  0.968660  0.000441  12.354986  12.354986  0.950561  0.000455  1.158533e-01  1.408707e-01  1.408707e-01  0.148674  4748.9903  1.623503e+05  6.518169e+01  1.238814e+57  2.460572e+54  5.329626e-06  5.863306e+108  +1  +1  0
0.1688  283.1505  146.0670  25.9473  0.1688  1.052928  1.052512  0.000416  12.453627  12.453627  0.932849  0.000395  1.248776e-01  1.545121e-01  1.545121e-01  0.144627  3174.9439  1.782504e+05  6.160519e+01  1.353122e+57  2.325561e+54  5.216313e-06  5.656002e+108  +1  +1  0
0.1688  292.9824  146.0670  29.4090  0.1688  1.140708  1.140316  0.000393  12.552879  12.552879  0.914674  0.000344  1.342187e-01  1.691608e-01  1.691608e-01  0.139538  2135.6862  1.952813e+05  5.807367e+01  1.474297e+57  2.192248e+54  4.851015e-06  5.182547e+108  +1  +1  0
0.1688  548.6687  146.0670  33.3326  0.1688  1.152921  1.152709  0.000211  12.523179  12.523179  0.744195  0.000183  1.359773e-01  1.719816e-01  1.719816e-01  0.137823  1976.5014  1.978493e+05  3.128337e+01  1.491268e+57  1.180929e+54  8.969723e-06  -5.646332e+107  +1  -1  1
0.1688  553.1161  146.0670  37.7796  0.1688  1.145222  1.145017  0.000204  12.418227  12.418227  0.735980  0.000179  1.362108e-01  1.723576e-01  1.723576e-01  0.134831  1917.0820  1.967844e+05  3.025831e+01  1.480555e+57  1.142233e+54  -5.305974e-05  -3.841775e+107  -1  -1  1
0.1688  558.1558  146.0670  42.8198  0.1688  1.142320  1.142123  0.000197  12.286742  12.286742  0.726990  0.000173  1.373196e-01  1.741484e-01  1.741484e-01  0.130011  1775.1127  1.968438e+05  2.916250e+01  1.476406e+57  1.100867e+54  -4.778516e-05  -1.267237e+106  -1  -1  1
0.1688  563.8691  146.0670  48.5326  0.1688  1.146360  1.146171  0.000189  12.138323  12.138323  0.717189  0.000165  1.394903e-01  1.776778e-01  1.776778e-01  0.123857  1563.5408  1.983345e+05  2.799828e+01  1.481138e+57  1.056918e+54  2.981283e-06  3.592457e+107  +1  +1  1
0.1688  570.3441  146.0670  55.0074  0.1688  1.158836  1.158655  0.000181  11.981391  11.981391  0.706545  0.000156  1.428553e-01  1.832129e-01  1.832129e-01  0.116781  1308.5803  2.017953e+05  2.676961e+01  1.498555e+57  1.010537e+54  3.711207e-06  6.993912e+107  +1  +1  1
0.1688  577.6823  146.0670  62.3461  0.1688  1.180739  1.180567  0.000172  11.824149  11.824149  0.695036  0.000146  1.474910e-01  1.909675e-01  1.909675e-01  0.109228  1043.3103  2.074382e+05  2.548210e+01  1.530083e+57  9.619339e+53  3.999984e-06  9.209262e+107  +1  +1  1
0.1688  586.0010  146.0670  70.6639  0.1688  1.212503  1.212340  0.000163  11.673513  11.673513  0.682648  0.000135  1.534133e-01  2.010996e-01  2.010996e-01  0.101566  796.7867  2.150767e+05  2.414314e+01  1.574295e+57  9.113889e+53  4.169737e-06  1.051900e+108  +1  +1  1
0.1688  595.4279  146.0670  80.0914  0.1688  1.253992  1.253838  0.000154  11.534936  11.534936  0.669377  0.000123  1.605688e-01  2.136938e-01  2.136938e-01  0.094049  587.4285  2.249955e+05  2.276180e+01  1.632903e+57  8.592442e+53  4.163425e-06  1.123208e+108  +1  +1  1
0.1688  606.1136  146.0670  90.7766  0.1688  1.304538  1.304394  0.000144  11.411784  11.411784  0.655233  0.000111  1.688437e-01  2.287640e-01  2.287640e-01  0.086849  421.9389  2.372096e+05  2.134866e+01  1.705704e+57  8.058989e+53  4.092661e-06  1.129988e+108  +1  +1  1
0.1688  618.2249  146.0670  102.8874  0.1688  1.363028  1.362893  0.000135  11.305375  11.305375  0.640238  0.000099  1.780743e-01  2.462558e-01  2.462558e-01  0.080019  297.9165  2.516960e+05  1.991572e+01  1.792153e+57  7.518063e+53  4.034376e-06  1.066679e+108  +1  +1  1
0.1688  631.9498  146.0670  116.6139  0.1688  1.428035  1.427910  0.000125  11.215180  11.215180  0.624427  0.000087  1.880676e-01  2.660615e-01  2.660615e-01  0.073571  208.4714  2.678267e+05  1.847585e+01  1.887416e+57  6.974522e+53  3.953874e-06  9.652660e+107  +1  +1  1
0.1688  647.5096  146.0670  132.1717  0.1688  1.497923  1.497808  0.000115  11.139388  11.139388  0.607848  0.000077  1.986139e-01  2.880224e-01  2.880224e-01  0.067498  145.5970  2.858957e+05  1.704254e+01  1.993064e+57  6.433455e+53  3.779882e-06  8.619775e+107  +1  +1  1
0.1688  665.1426  146.0670  149.8051  0.1688  1.570952  1.570847  0.000106  11.075270  11.075270  0.590567  0.000067  2.095030e-01  3.119407e-01  3.119407e-01  0.061764  102.0210  3.057259e+05  1.562944e+01  2.107454e+57  5.900017e+53  3.645898e-06  7.336242e+107  +1  +1  1
0.1688  685.1283  146.0670  169.7911  0.1688  1.645393  1.645296  0.000096  11.019810  11.019810  0.572655  0.000059  2.205348e-01  3.375841e-01  3.375841e-01  0.056358  72.0239  3.263634e+05  1.424965e+01  2.223439e+57  5.379157e+53  3.510206e-06  6.028876e+107  +1  +1  1
0.1688  707.7821  146.0670  192.4434  0.1688  1.719579  1.719491  0.000087  10.969943  10.969943  0.554200  0.000051  2.315258e-01  3.646890e-01  3.646890e-01  0.051267  51.3750  3.481342e+05  1.291558e+01  2.342965e+57  4.875552e+53  3.368512e-06  4.818474e+107  +1  +1  1
0.1688  733.4544  146.0670  218.1178  0.1688  1.791983  1.791904  0.000079  10.922835  10.922835  0.535298  0.000044  2.423149e-01  3.929655e-01  3.929655e-01  0.046507  37.1131  3.698834e+05  1.163824e+01  2.457677e+57  4.393363e+53  3.173090e-06  3.802453e+107  +1  +1  1
0.1688  762.5564  146.0670  247.2176  0.1688  1.861252  1.861182  0.000071  10.875772  10.875772  0.516046  0.000038  2.527707e-01  4.221161e-01  4.221161e-01  0.042080  27.1864  3.929152e+05  1.042692e+01  2.576452e+57  3.936097e+53  2.965922e-06  2.945283e+107  +1  +1  1
0.1688  795.5386  146.0670  280.1996  0.1688  1.926235  1.926173  0.000063  10.826841  10.826841  0.496553  0.000033  2.627781e-01  4.518029e-01  4.518029e-01  0.038001  20.2191  4.151280e+05  9.289150e+00  2.684578e+57  3.506597e+53  2.773138e-06  2.189635e+107  +1  +1  1
0.1688  832.9189  146.0670  317.5819  0.1688  1.986006  1.985950  0.000056  10.774273  10.774273  0.476924  0.000028  2.722539e-01  4.816975e-01  4.816975e-01  0.034268  15.2732  4.379744e+05  8.230284e+00  2.792142e+57  3.106881e+53  2.576368e-06  1.595186e+107  +1  +1  1
0.1688  875.2916  146.0670  359.9514  0.1688  2.039862  2.039813  0.000049  10.716897  10.716897  0.457263  0.000024  2.811340e-01  5.114571e-01  5.114571e-01  0.030888  11.7254  4.591845e+05  7.253653e+00  2.883566e+57  2.738209e+53  2.383346e-06  1.108399e+107  +1  +1  1
0.1688  923.3117  146.0670  407.9736  0.1688  2.087312  2.087269  0.000043  10.653784  10.653784  0.437674  0.000021  2.893777e-01  5.407524e-01  5.407524e-01  0.027843  9.1474  4.804955e+05  6.360638e+00  2.971215e+57  2.401101e+53  2.128458e-06  7.825534e+106  +1  +1  1
0.1688  977.7420  146.0670  462.4025  0.1688  2.128072  2.128034  0.000038  10.584475  10.584475  0.418251  0.000018  2.969604e-01  5.692590e-01  5.692590e-01  0.025120  7.2517  5.005135e+05  5.550734e+00  3.045699e+57  2.095367e+53  1.931944e-06  5.025813e+106  +1  +1  1
0.1688  1039.4339  146.0670  524.0930  0.1688  2.162033  2.162001  0.000033  10.508803  10.508803  0.399084  0.000015  3.038720e-01  5.966703e-01  5.966703e-01  0.022701  5.8412  5.190164e+05  4.821953e+00  3.106016e+57  1.820257e+53  1.675911e-06  3.222277e+106  +1  +1  1
0.1688  1109.3497  146.0670  594.0138  0.1688  2.189249  2.189221  0.000028  10.426860  10.426860  0.380253  0.000013  3.101154e-01  6.227069e-01  6.227070e-01  0.020565  4.7799  5.369038e+05  4.170977e+00  3.158989e+57  1.574518e+53  1.400538e-06  1.985663e+106  +1  +1  1
0.1688  1188.6046  146.0670  673.2629  0.1688  2.209897  2.209872  0.000024  10.338893  10.338893  0.361827  0.000011  3.157036e-01  6.471250e-01  6.471250e-01  0.018688  3.9725  5.528798e+05  3.593476e+00  3.196227e+57  1.356515e+53  1.118736e-06  1.100883e+106  +1  +1  1
0.1688  1278.4252  146.0670  763.0849  0.1688  2.224261  2.224241  0.000021  10.245489  10.245489  0.343868  0.000009  3.206526e-01  6.696962e-01  6.696962e-01  0.017041  3.3514  5.679185e+05  3.084465e+00  3.225174e+57  1.164366e+53  7.728032e-07  6.297993e+105  +1  +1  1
0.1688  1380.2298  146.0670  864.8903  0.1688  2.232709  2.232691  0.000018  10.146997  10.146997  0.326426  0.000008  3.249946e-01  6.902826e-01  6.902826e-01  0.015599  2.8682  5.819321e+05  2.638471e+00  3.245979e+57  9.960061e+52  4.115462e-07  2.612039e+105  +1  +1  1
0.1688  1495.6207  146.0670  980.2778  0.1688  2.235666  2.235650  0.000015  10.044345  10.044345  0.309542  0.000007  3.287508e-01  7.087194e-01  7.087194e-01  0.014342  2.4898  5.937440e+05  2.249840e+00  3.251117e+57  8.493004e+52  1.526503e-08  2.311196e+104  +1  +1  1
0.1688  1626.3973  146.0670  1111.0596  0.1688  2.233587  2.233574  0.000013  9.938117  9.938117  0.293248  0.000006  3.319559e-01  7.249373e-01  7.249373e-01  0.013263  2.1935  6.043555e+05  1.912905e+00  3.248260e+57  7.221097e+52  -5.287136e-07  -9.730429e+104  -1  -1  1
0.1688  1774.6318  146.0670  1259.2893  0.1688  2.226966  2.226955  0.000011  9.829140  9.829140  0.277567  0.000005  3.346414e-01  7.388881e-01  7.388881e-01  0.012329  1.9585  6.127241e+05  1.622126e+00  3.230917e+57  6.123425e+52  -1.160651e-06  -1.595452e+105  -1  -1  1
0.1688  1942.6373  146.0670  1427.2948  0.1688  2.216294  2.216284  0.000009  9.718251  9.718251  0.262513  0.000004  3.368378e-01  7.505529e-01  7.505529e-01  0.011522  1.7714  6.199392e+05  1.372245e+00  3.207144e+57  5.180136e+52  -1.954492e-06  -1.557093e+105  -1  -1  1
0.1688  2133.0527  146.0670  1617.7144  0.1688  2.202061  2.202053  0.000008  9.606220  9.606220  0.248095  0.000004  3.385778e-01  7.599624e-01  7.599624e-01  0.010826  1.6222  6.259882e+05  1.158324e+00  3.177487e+57  4.372601e+52  -2.984030e-06  -1.400218e+105  -1  -1  1
0.1688  2348.8827  146.0670  1833.5384  0.1688  2.184755  2.184749  0.000007  9.493924  9.493924  0.234315  0.000003  3.398903e-01  7.671611e-01  7.671611e-01  0.010229  1.5033  6.309330e+05  9.758230e-01  3.142899e+57  3.683670e+52  -4.392983e-06  -1.188937e+105  -1  -1  1
0.1688  2593.4963  146.0670  2078.1562  0.1688  2.164838  2.164832  0.000006  9.382137  9.382137  0.221169  0.000003  3.408045e-01  7.722278e-01  7.722278e-01  0.009719  1.4093  6.348396e+05  8.206152e-01  3.104320e+57  3.097770e+52  -9.488142e-06  -1.047507e+105  -1  -1  1
0.1688  2870.7514  146.0670  2355.4091  0.1688  2.142754  2.142749  0.000005  9.271575  9.271575  0.208649  0.000002  3.413504e-01  7.752743e-01  7.752743e-01  0.009285  1.3356  6.367398e+05  6.889880e-01  3.055328e+57  2.600886e+52  -1.999614e-05  -9.022587e+104  -1  -1  1
0.1688  3184.9955  146.0670  2669.6512  0.1688  2.118927  2.118923  0.000004  9.163033  9.163033  0.196743  0.000002  3.415532e-01  7.764104e-01  7.764104e-01  0.008919  1.2791  6.377198e+05  5.776431e-01  3.003674e+57  2.180566e+52  -2.402864e-05  -6.605757e+104  -1  -1  1
0.1688  3541.1532  146.0670  3025.8172  0.1688  2.093745  2.093741  0.000003  9.057178  9.057178  0.185437  0.000002  3.414385e-01  7.757675e-01  7.757675e-01  0.008614  1.2376  6.387816e+05  4.836690e-01  2.956636e+57  1.825820e+52  1.427022e-04  -4.959388e+104  +1  -1  1
0.1688  3944.8452  146.0670  3429.5004  0.1688  2.067573  2.067571  0.000003  8.954446  8.954446  0.174714  0.000001  3.410388e-01  7.735339e-01  7.735339e-01  0.008362  1.2083  6.381259e+05  4.045159e-01  2.901817e+57  1.527022e+52  3.353634e-05  -4.182332e+104  +1  -1  1
0.1688  4402.3826  146.0670  3887.0401  0.1688  2.040756  2.040754  0.000002  8.855625  8.855625  0.164554  0.000001  3.403718e-01  7.698244e-01  7.698244e-01  0.008158  1.1904  6.359331e+05  3.379687e-01  2.840551e+57  1.275810e+52  1.327619e-05  -3.131001e+104  +1  -1  1
0.1688  4920.9625  146.0670  4405.6215  0.1688  2.013603  2.013601  0.000002  8.761192  8.761192  0.154937  0.000001  3.394629e-01  7.648070e-01  7.648070e-01  0.007997  1.1827  6.340196e+05  2.821099e-01  2.785517e+57  1.064947e+52  1.283672e-05  -2.159262e+104  +1  -1  1
0.1688  5508.7341  146.0670  4993.3885  0.1688  1.986395  1.986393  0.000002  8.671470  8.671470  0.145843  0.000001  3.383409e-01  7.586722e-01  7.586722e-01  0.007875  1.1840  6.315693e+05  2.352908e-01  2.730990e+57  8.882077e+51  9.603543e-06  -1.635914e+104  +1  -1  1
0.1688  6174.9095  146.0670  5659.5711  0.1688  1.959395  1.959394  0.000001  8.586972  8.586972  0.137249  0.000001  3.370261e-01  7.515639e-01  7.515639e-01  0.007787  1.1938  6.278991e+05  1.960991e-01  2.672131e+57  7.402616e+51  7.782705e-06  -1.190189e+104  +1  -1  1
0.1688  6929.9756  146.0670  6414.6311  0.1688  1.932833  1.932832  0.000001  8.507931  8.507931  0.129134  0.000001  3.355460e-01  7.436640e-01  7.436640e-01  0.007730  1.2115  6.246443e+05  1.633296e-01  2.620205e+57  6.165590e+51  7.253517e-06  -8.355886e+103  +1  -1  1
0.1688  7785.7703  146.0670  7270.4259  0.1688  1.906927  1.906926  0.000001  8.434722  8.434722  0.121475  0.000000  3.339219e-01  7.351174e-01  7.351174e-01  0.007701  1.2366  6.203712e+05  1.359580e-01  2.565067e+57  5.132330e+51  6.386204e-06  -5.978066e+103  +1  -1  1
0.1688  8755.7337  146.0670  8240.3948  0.1688  1.881861  1.881860  0.000001  8.367513  8.367513  0.114251  0.000000  3.321794e-01  7.260860e-01  7.260860e-01  0.007696  1.2686  6.166136e+05  1.131159e-01  2.517219e+57  4.270052e+51  6.022449e-06  -4.129825e+103  +1  -1  1
0.1688  9855.1162  146.0670  9339.7702  0.1688  1.857799  1.857798  0.000001  8.306393  8.306393  0.107440  0.000000  3.303450e-01  7.167288e-01  7.167288e-01  0.007713  1.3071  6.120113e+05  9.406873e-02  2.466983e+57  3.551035e+51  5.075415e-06  -3.035637e+103  +1  -1  1
0.1688  11101.1575  146.0670  10585.8164  0.1688  1.834896  1.834895  0.000001  8.251589  8.251589  0.101022  0.000000  3.284395e-01  7.071685e-01  7.071685e-01  0.007748  1.3516  6.073570e+05  7.819756e-02  2.419623e+57  2.951908e+51  4.781987e-06  -2.093627e+103  +1  -1  1
0.1688  12513.4446  146.0670  11998.1012  0.1688  1.813272  1.813271  0.000000  8.203033  8.203033  0.094976  0.000000  3.264901e-01  6.975514e-01  6.975514e-01  0.007799  1.4014  6.026999e+05  6.498103e-02  2.375244e+57  2.452993e+51  4.883360e-06  -1.369639e+103  +1  -1  1
0.1688  14114.1489  146.0670  13598.8032  0.1688  1.793035  1.793035  0.000000  8.160728  8.160728  0.089283  0.000000  3.245201e-01  6.879954e-01  6.879954e-01  0.007864  1.4566  5.987229e+05  5.398131e-02  2.338370e+57  2.037760e+51  4.650850e-06  -9.141341e+102  +1  -1  1
0.1688  15928.3955  146.0670  15413.0595  0.1688  1.774275  1.774275  0.000000  8.124579  8.124579  0.083923  0.000000  3.225535e-01  6.786156e-01  6.786156e-01  0.007937  1.5156  5.942066e+05  4.483111e-02  2.300247e+57  1.692346e+51  4.042633e-06  -6.570988e+102  +1  -1  1
0.1688  17984.7070  146.0670  17469.3612  0.1688  1.757058  1.757058  0.000000  8.094378  8.094378  0.078878  0.000000  3.206153e-01  6.695226e-01  6.695226e-01  0.008017  1.5775  5.898311e+05  3.722276e-02  2.265357e+57  1.405135e+51  3.828300e-06  -4.387094e+102  +1  -1  1
0.1688  20310.1824  146.0670  19794.8396  0.1688  1.741467  1.741466  0.000000  8.070070  8.070070  0.074141  0.000000  3.187275e-01  6.608064e-01  6.608064e-01  0.008100  1.6416  5.856471e+05  3.091085e-02  2.233804e+57  1.166865e+51  3.726390e-06  -3.215669e+102  +1  -1  1

0.2310  103.0404  148.4441  1.0000  0.2310  0.101730  0.099855  0.001875  17.615641  17.615641  1.532469  0.018430  8.529633e-03  8.640340e-03  8.640343e-03  0.016368  241683257.6376  1.498255e+04  2.776374e+02  1.249543e+56  1.047886e+55  6.537825e-06  4.221745e+108  +1  +1  0
0.2310  107.6573  148.4441  1.1334  0.2310  0.109389  0.107549  0.001841  16.525036  16.525036  1.523185  0.016827  9.777192e-03  9.922960e-03  9.922963e-03  0.019830  147965037.0744  1.615922e+04  2.725694e+02  1.349489e+56  1.028760e+55  6.533206e-06  4.123283e+108  +1  +1  0
0.2310  113.1115  148.4441  1.2846  0.2310  0.118550  0.116775  0.001776  15.605415  15.605415  1.505032  0.014978  1.122042e-02  1.141287e-02  1.141287e-02  0.024312  91134072.4087  1.757226e+04  2.629404e+02  1.467639e+56  9.924172e+54  6.521360e-06  4.012508e+108  +1  +1  0
0.2310  119.1072  148.4441  1.4560  0.2310  0.129119  0.127407  0.001712  14.851943  14.851943  1.486847  0.013260  1.284068e-02  1.309342e-02  1.309342e-02  0.029765  56842035.2182  1.920409e+04  2.535265e+02  1.601693e+56  9.568862e+54  6.505843e-06  4.192526e+108  +1  +1  0
0.2310  125.0167  148.4441  1.6503  0.2310  0.140935  0.139285  0.001650  14.243972  14.243972  1.468552  0.011706  1.461398e-02  1.494234e-02  1.494235e-02  0.036032  36037682.0201  2.103210e+04  2.442925e+02  1.749780e+56  9.220339e+54  6.487388e-06  4.241946e+108  +1  +1  0
0.2310  131.6026  148.4441  1.8704  0.2310  0.153963  0.152376  0.001587  13.752167  13.752167  1.449712  0.010308  1.653586e-02  1.695765e-02  1.695765e-02  0.042964  23167511.1881  2.305278e+04  2.350120e+02  1.911771e+56  8.870062e+54  6.466357e-06  4.323851e+108  +1  +1  0
0.2310  137.9494  148.4441  2.1200  0.2310  0.168203  0.166676  0.001527  13.352168  13.352168  1.431199  0.009079  1.860642e-02  1.914237e-02  1.914237e-02  0.050398  15066420.6465  2.526784e+04  2.261325e+02  2.087904e+56  8.534920e+54  6.442608e-06  3.641891e+108  +1  +1  0
0.2310  152.7256  148.4441  2.4028  0.2310  0.182603  0.181194  0.001409  13.044703  13.044703  1.393240  0.007715  2.067541e-02  2.133955e-02  2.133955e-02  0.057636  10170283.1212  2.752465e+04  2.086119e+02  2.266183e+56  7.873640e+54  6.416323e-06  4.539908e+108  +1  +1  0
0.2310  157.6382  148.4441  2.7234  0.2310  0.197279  0.195912  0.001367  12.786040  12.786040  1.379375  0.006931  2.278904e-02  2.359887e-02  2.359887e-02  0.064508  6996662.4067  2.982332e+04  2.024667e+02  2.446403e+56  7.641696e+54  6.388305e-06  5.497292e+108  +1  +1  0
0.2310  162.7167  148.4441  3.0867  0.2310  0.213674  0.212347  0.001327  12.552825  12.552825  1.365717  0.006211  2.514150e-02  2.613120e-02  2.613121e-02  0.071615  4752851.0132  3.240175e+04  1.965149e+02  2.647467e+56  7.417056e+54  6.359640e-06  5.868599e+108  +1  +1  0
0.2310  167.9681  148.4441  3.4985  0.2310  0.232525  0.231238  0.001287  12.347291  12.347291  1.351802  0.005535  2.781502e-02  2.903209e-02  2.903209e-02  0.079164  3169851.6685  3.537920e+04  1.905712e+02  2.878835e+56  7.192723e+54  6.329553e-06  6.351378e+108  +1  +1  0
0.2310  173.4000  148.4441  3.9652  0.2310  0.254199  0.252952  0.001247  12.174579  12.174579  1.337612  0.004905  3.083912e-02  3.234321e-02  3.234321e-02  0.087112  2081973.1326  3.881849e+04  1.846349e+02  3.145374e+56  6.968666e+54  6.296695e-06  6.846596e+108  +1  +1  0
0.2310  179.0190  148.4441  4.4943  0.2310  0.278956  0.277749  0.001207  12.037145  12.037145  1.323134  0.004326  3.422900e-02  3.609309e-02  3.609309e-02  0.095314  1352368.5381  4.276781e+04  1.787060e+02  3.450672e+56  6.744892e+54  6.260067e-06  7.323252e+108  +1  +1  0
0.2310  184.8335  148.4441  5.0939  0.2310  0.307022  0.305855  0.001167  11.934976  11.934976  1.308350  0.003801  3.799526e-02  4.030763e-02  4.030763e-02  0.103583  872070.1580  4.727179e+04  1.727840e+02  3.797982e+56  6.521378e+54  6.219358e-06  7.768851e+108  +1  +1  0
0.2310  190.8524  148.4441  5.7734  0.2310  0.338609  0.337482  0.001127  11.866344  11.866344  1.293244  0.003328  4.214665e-02  4.501327e-02  4.501327e-02  0.111701  559949.5659  5.237523e+04  1.668693e+02  4.190436e+56  6.298140e+54  6.174676e-06  8.175248e+108  +1  +1  0
0.2310  197.0844  148.4441  6.5437  0.2310  0.373923  0.372836  0.001087  11.828598  11.828598  1.277798  0.002907  4.669066e-02  5.023786e-02  5.023786e-02  0.119439  358842.2981  5.812316e+04  1.609622e+02  4.631138e+56  6.075187e+54  6.125198e-06  8.538240e+108  +1  +1  0
0.2310  203.5396  148.4441  7.4167  0.2310  0.413161  0.412114  0.001047  11.818569  11.818569  1.261993  0.002535  5.163406e-02  5.601162e-02  5.601162e-02  0.126581  229930.1619  6.456442e+04  1.550639e+02  5.123421e+56  5.852565e+54  6.070472e-06  8.855429e+108  +1  +1  0
0.2310  210.2287  148.4441  8.4062  0.2310  0.456513  0.455506  0.001007  11.832919  11.832919  1.245809  0.002207  5.698268e-02  6.236719e-02  6.236719e-02  0.132921  147499.0790  7.174717e+04  1.491750e+02  5.670318e+56  5.630301e+54  6.010993e-06  9.122088e+108  +1  +1  0
0.2310  217.1631  148.4441  9.5277  0.2310  0.504151  0.503183  0.000968  11.868374  11.868374  1.229228  0.001920  6.274095e-02  6.933948e-02  6.933948e-02  0.138296  94833.6135  7.972164e+04  1.432980e+02  6.275096e+56  5.408484e+54  5.947138e-06  9.332184e+108  +1  +1  0
0.2310  224.3537  148.4441  10.7988  0.2310  0.556228  0.555299  0.000928  11.903185  11.903185  1.212232  0.001669  6.901938e-02  7.710026e-02  7.710026e-02  0.143661  61149.3316  8.853497e+04  1.374358e+02  6.940436e+56  5.187228e+54  5.877758e-06  9.485180e+108  +1  +1  0
0.2310  231.8138  148.4441  12.2395  0.2310  0.612867  0.611978  0.000889  11.945376  11.945376  1.194800  0.001450  7.577886e-02  8.564753e-02  8.564754e-02  0.148323  39570.9491  9.824067e+04  1.315914e+02  7.669524e+56  4.966642e+54  5.801949e-06  9.575690e+108  +1  +1  0
0.2310  239.5612  148.4441  13.8724  0.2310  0.674160  0.673310  0.000849  12.004295  12.004295  1.176909  0.001260  8.294833e-02  9.493937e-02  9.493937e-02  0.151453  25712.7945  1.088855e+05  1.257679e+02  8.464686e+56  4.746847e+54  5.720635e-06  9.601067e+108  +1  +1  0
0.2310  247.6067  148.4441  15.7232  0.2310  0.740148  0.739338  0.000810  12.076985  12.076985  1.158547  0.001095  9.051939e-02  1.050154e-01  1.050154e-01  0.153010  16784.9433  1.205163e+05  1.199722e+02  9.328278e+56  4.528098e+54  5.633361e-06  9.560550e+108  +1  +1  0
0.2310  255.9695  148.4441  17.8208  0.2310  0.810824  0.810052  0.000771  12.160418  12.160418  1.139694  0.000951  9.848263e-02  1.159194e-01  1.159194e-01  0.153016  11011.5482  1.331733e+05  1.142094e+02  1.026162e+57  4.310594e+54  5.539530e-06  9.451211e+108  +1  +1  0
0.2310  264.6662  148.4441  20.1984  0.2310  0.886115  0.885382  0.000733  12.251835  12.251835  1.120337  0.000827  1.068244e-01  1.276952e-01  1.276952e-01  0.151551  7262.9951  1.468967e+05  1.084873e+02  1.126619e+57  4.094625e+54  5.438998e-06  9.270597e+108  +1  +1  0
0.2310  273.7197  148.4441  22.8931  0.2310  0.965881  0.965187  0.000694  12.348519  12.348519  1.100457  0.000719  1.155289e-01  1.403893e-01  1.403893e-01  0.148735  4818.0350  1.617139e+05  1.028131e+02  1.234158e+57  3.880465e+54  5.332867e-06  9.019406e+108  +1  +1  0
0.2310  283.1505  148.4441  25.9473  0.2310  1.049905  1.049248  0.000657  12.447828  12.447828  1.080046  0.000625  1.245770e-01  1.540498e-01  1.540498e-01  0.144719  3215.4753  1.776440e+05  9.719667e+01  1.348724e+57  3.668483e+54  5.220067e-06  8.703214e+108  +1  +1  0
0.2310  292.9824  148.4441  29.4090  0.2310  1.137889  1.137270  0.000619  12.547800  12.547800  1.059097  0.000544  1.339411e-01  1.687174e-01  1.687174e-01  0.139658  2159.7516  1.947015e+05  9.164865e+01  1.470139e+57  3.459084e+54  4.870929e-06  7.976101e+108  +1  +1  0
0.2310  548.6687  148.4441  33.3326  0.2310  1.152221  1.151886  0.000334  12.522534  12.522534  0.862328  0.000290  1.359017e-01  1.718599e-01  1.718599e-01  0.137884  1982.8884  1.977167e+05  4.947915e+01  1.490342e+57  1.867484e+54  8.168097e-06  -8.675774e+107  +1  -1  1
0.2310  553.1161  148.4441  37.7796  0.2310  1.144815  1.144492  0.000323  12.418913  12.418913  0.852841  0.000282  1.361549e-01  1.722676e-01  1.722676e-01  0.134921  1922.2988  1.966562e+05  4.786284e+01  1.479704e+57  1.806480e+54  -9.916169e-05  -5.977061e+107  -1  -1  1
0.2310  558.1558  148.4441  42.8198  0.2310  1.141935  1.141623  0.000312  12.287984  12.287984  0.842457  0.000273  1.372595e-01  1.740510e-01  1.740510e-01  0.130125  1780.5703  1.966878e+05  4.613467e+01  1.475387e+57  1.741254e+54  -9.436331e-05  -5.379713e+105  -1  -1  1
0.2310  563.8691  148.4441  48.5326  0.2310  1.145921  1.145622  0.000299  12.139777  12.139777  0.831135  0.000261  1.394201e-01  1.775633e-01  1.775633e-01  0.123973  1568.9418  1.982961e+05  4.429825e+01  1.480953e+57  1.671942e+54  2.834462e-06  5.778986e+107  +1  +1  1
0.2310  570.3441  148.4441  55.0074  0.2310  1.158323  1.158037  0.000286  11.982844  11.982844  0.818838  0.000247  1.427748e-01  1.830796e-01  1.830796e-01  0.116901  1313.6161  2.017495e+05  4.235977e+01  1.498327e+57  1.598778e+54  3.780453e-06  1.035196e+108  +1  +1  1
0.2310  577.6823  148.4441  62.3461  0.2310  1.180156  1.179883  0.000272  11.825441  11.825441  0.805539  0.000231  1.474021e-01  1.908173e-01  1.908173e-01  0.109337  1047.5075  2.071145e+05  4.032800e+01  1.527930e+57  1.522093e+54  4.049297e-06  1.408525e+108  +1  +1  1
0.2310  586.0010  148.4441  70.6639  0.2310  1.211867  1.211609  0.000258  11.674597  11.674597  0.791222  0.000213  1.533186e-01  2.009356e-01  2.009356e-01  0.101657  799.9695  2.150100e+05  3.821454e+01  1.573937e+57  1.442325e+54  4.091530e-06  1.649864e+108  +1  +1  1
0.2310  595.4279  148.4441  80.0914  0.2310  1.253322  1.253079  0.000243  11.535761  11.535761  0.775883  0.000194  1.604716e-01  2.135200e-01  2.135200e-01  0.094127  589.7022  2.249191e+05  3.603363e+01  1.632486e+57  1.360012e+54  4.164573e-06  1.731586e+108  +1  +1  1
0.2310  606.1136  148.4441  90.7766  0.2310  1.303859  1.303631  0.000228  11.412377  11.412377  0.759532  0.000175  1.687471e-01  2.285848e-01  2.285848e-01  0.086911  423.4508  2.371281e+05  3.380195e+01  1.705261e+57  1.275781e+54  4.094893e-06  1.742806e+108  +1  +1  1
0.2310  618.2249  148.4441  102.8874  0.2310  1.362365  1.362151  0.000213  11.305755  11.305755  0.742194  0.000156  1.779817e-01  2.460766e-01  2.460766e-01  0.080068  298.8775  2.516071e+05  3.153837e+01  1.791663e+57  1.190348e+54  4.037538e-06  1.640955e+108  +1  +1  1
0.2310  631.9498  148.4441  116.6139  0.2310  1.427401  1.427203  0.000198  11.215403  11.215403  0.723908  0.000139  1.879804e-01  2.658845e-01  2.658845e-01  0.073620  209.0950  2.677342e+05  2.926321e+01  1.886910e+57  1.104477e+54  3.956714e-06  1.489940e+108  +1  +1  1
0.2310  647.5096  148.4441  132.1717  0.2310  1.497337  1.497155  0.000182  11.139510  11.139510  0.704733  0.000122  1.985341e-01  2.878518e-01  2.878518e-01  0.067536  145.9721  2.858037e+05  2.699777e+01  1.992570e+57  1.018972e+54  3.782394e-06  1.331056e+108  +1  +1  1
0.2310  665.1426  148.4441  149.8051  0.2310  1.570420  1.570252  0.000167  11.075311  11.075311  0.684739  0.000107  2.094312e-01  3.117785e-01  3.117785e-01  0.061797  102.2510  3.056370e+05  2.476360e+01  2.106992e+57  9.346484e+53  3.648356e-06  1.128925e+108  +1  +1  1
0.2310  685.1283  148.4441  169.7911  0.2310  1.644921  1.644768  0.000153  11.019819  11.019819  0.664014  0.000093  2.204713e-01  3.374324e-01  3.374324e-01  0.056380  72.1567  3.262769e+05  2.258147e+01  2.222996e+57  8.522887e+53  3.512618e-06  9.313862e+107  +1  +1  1
0.2310  707.7821  148.4441  192.4434  0.2310  1.719167  1.719029  0.000138  10.969962  10.969962  0.642656  0.000080  2.314699e-01  3.645471e-01  3.645471e-01  0.051291  51.4604  3.480525e+05  2.047101e+01  2.342558e+57  7.726339e+53  3.370492e-06  7.446609e+107  +1  +1  1
0.2310  733.4544  148.4441  218.1178  0.2310  1.791632  1.791507  0.000125  10.922841  10.922841  0.620775  0.000070  2.422673e-01  3.928369e-01  3.928369e-01  0.046529  37.1669  3.698087e+05  1.844969e+01  2.457322e+57  6.963433e+53  3.174911e-06  5.877414e+107  +1  +1  1
0.2310  762.5564  148.4441  247.2176  0.2310  1.860957  1.860845  0.000112  10.875777  10.875777  0.598486  0.000060  2.527305e-01  4.220003e-01  4.220003e-01  0.042095  27.2178  3.928456e+05  1.653230e+01  2.576129e+57  6.239755e+53  2.967620e-06  4.553258e+107  +1  +1  1
0.2310  795.5386  148.4441  280.1996  0.2310  1.925990  1.925891  0.000100  10.826849  10.826849  0.575914  0.000052  2.627445e-01  4.517000e-01  4.517000e-01  0.038011  20.2371  4.150645e+05  1.473081e+01  2.684295e+57  5.559823e+53  2.774551e-06  3.385865e+107  +1  +1  1
0.2310  832.9189  148.4441  317.5819  0.2310  1.985805  1.985717  0.000088  10.774291  10.774291  0.553179  0.000044  2.722260e-01  4.816066e-01  4.816066e-01  0.034278  15.2855  4.379176e+05  1.305378e+01  2.791901e+57  4.926866e+53  2.577533e-06  2.445835e+107  +1  +1  1
0.2310  875.2916  148.4441  359.9514  0.2310  2.039701  2.039624  0.000078  10.716930  10.716930  0.530405  0.000038  2.811110e-01  5.113778e-01  5.113778e-01  0.030895  11.7331  4.591350e+05  1.150659e+01  2.883369e+57  4.342913e+53  2.384375e-06  1.714744e+107  +1  +1  1
0.2310  923.3117  148.4441  407.9736  0.2310  2.087186  2.087118  0.000068  10.653833  10.653833  0.507710  0.000033  2.893589e-01  5.406837e-01  5.406837e-01  0.027848  9.1521  4.804525e+05  1.009150e+01  2.971056e+57  3.808818e+53  2.129314e-06  1.210885e+107  +1  +1  1
0.2310  977.7420  148.4441  462.4025  0.2310  2.127974  2.127914  0.000060  10.584550  10.584550  0.485203  0.000028  2.969446e-01  5.691980e-01  5.691980e-01  0.025125  7.2550  5.004776e+05  8.807800e+00  3.045581e+57  3.324311e+53  1.932698e-06  7.778465e+106  +1  +1  1
0.2310  1039.4339  148.4441  524.0930  0.2310  2.161958  2.161907  0.000052  10.508875  10.508875  0.462990  0.000024  3.038594e-01  5.966189e-01  5.966189e-01  0.022706  5.8437  5.189855e+05  7.652413e+00  3.105924e+57  2.888236e+53  1.676439e-06  4.989928e+106  +1  +1  1
0.2310  1109.3497  148.4441  594.0138  0.2310  2.189196  2.189151  0.000045  10.427045  10.427045  0.441163  0.000020  3.101023e-01  6.226510e-01  6.226510e-01  0.020571  4.7823  5.368848e+05  6.620146e+00  3.158969e+57  2.498629e+53  1.401092e-06  3.074730e+106  +1  +1  1
0.2310  1188.6046  148.4441  673.2629  0.2310  2.209857  2.209819  0.000039  10.339016  10.339016  0.419803  0.000017  3.156942e-01  6.470833e-01  6.470833e-01  0.018691  3.9737  5.528610e+05  5.704212e+00  3.196197e+57  2.152930e+53  1.119660e-06  1.702835e+106  +1  +1  1
0.2310  1278.4252  148.4441  763.0849  0.2310  2.224234  2.224201  0.000033  10.245490  10.245490  0.398981  0.000015  3.206486e-01  6.696777e-01  6.696777e-01  0.017040  3.3514  5.678974e+05  4.896748e+00  3.225119e+57  1.848170e+53  7.735011e-07  9.747321e+105  +1  +1  1
0.2310  1380.2298  148.4441  864.8903  0.2310  2.232690  2.232662  0.000028  10.147067  10.147067  0.378757  0.000013  3.249897e-01  6.902586e-01  6.902586e-01  0.015600  2.8687  5.819171e+05  4.189130e+00  3.245956e+57  1.581095e+53  4.120155e-07  4.051637e+105  +1  +1  1
0.2310  1495.6207  148.4441  980.2778  0.2310  2.235655  2.235630  0.000024  10.044407  10.044407  0.359179  0.000011  3.287472e-01  7.087012e-01  7.087012e-01  0.014343  2.4902  5.937321e+05  3.572426e+00  3.251107e+57  1.348334e+53  1.591142e-08  3.592524e+104  +1  +1  1
0.2310  1626.3973  148.4441  1111.0596  0.2310  2.233582  2.233562  0.000021  9.938189  9.938189  0.340282  0.000009  3.319528e-01  7.249215e-01  7.249215e-01  0.013264  2.1938  6.043475e+05  3.037677e+00  3.248267e+57  1.146504e+53  -5.282069e-07  -1.504694e+105  -1  -1  1
0.2310  1774.6318  148.4441  1259.2893  0.2310  2.226964  2.226946  0.000017  9.829220  9.829220  0.322094  0.000008  3.346383e-01  7.388718e-01  7.388718e-01  0.012330  1.9588  6.127179e+05  2.576120e+00  3.230930e+57  9.722999e+52  -1.160592e-06  -2.471969e+105  -1  -1  1
0.2310  1942.6373  148.4441  1427.2948  0.2310  2.216293  2.216278  0.000015  9.718287  9.718287  0.304634  0.000007  3.368365e-01  7.505457e-01  7.505457e-01  0.011522  1.7716  6.199314e+05  2.179431e+00  3.207138e+57  8.225784e+52  -1.952517e-06  -2.411296e+105  -1  -1  1
0.2310  2133.0527  148.4441  1617.7144  0.2310  2.202065  2.202053  0.000012  9.606297  9.606297  0.287909  0.000006  3.385757e-01  7.599510e-01  7.599510e-01  0.010828  1.6225  6.259867e+05  1.839794e+00  3.177518e+57  6.943897e+52  -2.983922e-06  -2.168405e+105  -1  -1  1
0.2310  2348.8827  148.4441  1833.5384  0.2310  2.184759  2.184749  0.000010  9.493964  9.493964  0.271923  0.000005  3.398894e-01  7.671565e-01  7.671565e-01  0.010228  1.5032  6.309294e+05  1.550012e+00  3.142909e+57  5.850177e+52  -4.395512e-06  -1.842583e+105  -1  -1  1
0.2310  2593.4963  148.4441  2078.1562  0.2310  2.164843  2.164834  0.000009  9.382123  9.382123  0.256671  0.000004  3.408058e-01  7.722351e-01  7.722351e-01  0.009717  1.4089  6.348335e+05  1.303544e+00  3.104305e+57  4.919940e+52  -9.456453e-06  -1.622199e+105  -1  -1  1
0.2310  2870.7514  148.4441  2355.4091  0.2310  2.142760  2.142753  0.000007  9.271632  9.271632  0.242145  0.000003  3.413493e-01  7.752682e-01  7.752682e-01  0.009285  1.3357  6.367402e+05  1.094505e+00  3.055356e+57  4.130968e+52  -2.013485e-05  -1.397620e+105  -1  -1  1
0.2310  3184.9955  148.4441  2669.6512  0.2310  2.118931  2.118925  0.000006  9.163001  9.163001  0.228332  0.000003  3.415551e-01  7.764206e-01  7.764206e-01  0.008917  1.2788  6.377131e+05  9.176640e-01  3.003646e+57  3.463521e+52  -2.412609e-05  -1.023986e+105  -1  -1  1
0.2310  3541.1532  148.4441  3025.8172  0.2310  2.093749  2.093744  0.000005  9.057122  9.057122  0.215213  0.000002  3.414412e-01  7.757830e-01  7.757830e-01  0.008612  1.2372  6.387749e+05  7.684019e-01  2.956604e+57  2.900164e+52  1.402618e-04  -7.680313e+104  +1  -1  1
0.2310  3944.8452  148.4441  3429.5004  0.2310  2.067581  2.067576  0.000004  8.954508  8.954508  0.202770  0.000002  3.410377e-01  7.735273e-01  7.735273e-01  0.008362  1.2084  6.381293e+05  6.426732e-01  2.901856e+57  2.425628e+52  3.409290e-05  -6.474483e+104  +1  -1  1
0.2310  4402.3826  148.4441  3887.0401  0.2310  2.040762  2.040758  0.000004  8.855671  8.855671  0.190981  0.000002  3.403709e-01  7.698194e-01  7.698194e-01  0.008157  1.1904  6.359350e+05  5.369625e-01  2.840577e+57  2.026647e+52  1.326257e-05  -4.852065e+104  +1  -1  1
0.2310  4920.9625  148.4441  4405.6215  0.2310  2.013607  2.013604  0.000003  8.761201  8.761201  0.179821  0.000002  3.394632e-01  7.648092e-01  7.648092e-01  0.007997  1.1827  6.340190e+05  4.482261e-01  2.785522e+57  1.691731e+52  1.282190e-05  -3.346685e+104  +1  -1  1
0.2310  5508.7341  148.4441  4993.3885  0.2310  1.986399  1.986396  0.000003  8.671445  8.671445  0.169268  0.000001  3.383425e-01  7.586810e-01  7.586810e-01  0.007873  1.1837  6.315666e+05  3.738471e-01  2.730979e+57  1.411003e+52  9.597400e-06  -2.535052e+104  +1  -1  1
0.2310  6174.9095  148.4441  5659.5711  0.2310  1.959397  1.959394  0.000002  8.586953  8.586953  0.159295  0.000001  3.370272e-01  7.515696e-01  7.515696e-01  0.007787  1.1939  6.278963e+05  3.115830e-01  2.672117e+57  1.176001e+52  7.787316e-06  -1.843941e+104  +1  -1  1
0.2310  6929.9756  148.4441  6414.6311  0.2310  1.932837  1.932835  0.000002  8.507945  8.507945  0.149877  0.000001  3.355461e-01  7.436643e-01  7.436643e-01  0.007730  1.2115  6.246450e+05  2.595201e-01  2.620214e+57  9.795016e+51  7.257163e-06  -1.294593e+104  +1  -1  1
0.2310  7785.7703  148.4441  7270.4259  0.2310  1.906928  1.906927  0.000001  8.434695  8.434695  0.140989  0.000001  3.339232e-01  7.351239e-01  7.351239e-01  0.007700  1.2365  6.203684e+05  2.160321e-01  2.565051e+57  8.153656e+51  6.385863e-06  -9.264237e+103  +1  -1  1
0.2310  8755.7337  148.4441  8240.3948  0.2310  1.881862  1.881861  0.000001  8.367507  8.367507  0.132605  0.000001  3.321799e-01  7.260882e-01  7.260882e-01  0.007696  1.2686  6.166124e+05  1.797393e-01  2.517214e+57  6.783862e+51  6.025465e-06  -6.397862e+103  +1  -1  1
0.2310  9855.1162  148.4441  9339.7702  0.2310  1.857801  1.857800  0.000001  8.306427  8.306427  0.124701  0.000001  3.303442e-01  7.167245e-01  7.167245e-01  0.007713  1.3071  6.120136e+05  1.494756e-01  2.467002e+57  5.641628e+51  5.074146e-06  -4.704319e+103  +1  -1  1
0.2310  11101.1575  148.4441  10585.8164  0.2310  1.834896  1.834895  0.000001  8.251528  8.251528  0.117252  0.000000  3.284420e-01  7.071807e-01  7.071807e-01  0.007746  1.3512  6.073526e+05  1.242577e-01  2.419593e+57  4.689832e+51  4.780299e-06  -3.245299e+103  +1  -1  1
0.2310  12513.4446  148.4441  11998.1012  0.2310  1.813272  1.813272  0.000001  8.203024  8.203024  0.110235  0.000000  3.264906e-01  6.975536e-01  6.975536e-01  0.007800  1.4016  6.026990e+05  1.032573e-01  2.375239e+57  3.897219e+51  4.886180e-06  -2.121439e+103  +1  -1  1
0.2310  14114.1489  148.4441  13598.8032  0.2310  1.793037  1.793037  0.000001  8.160745  8.160745  0.103627  0.000000  3.245197e-01  6.879938e-01  6.879938e-01  0.007864  1.4566  5.987242e+05  8.577922e-02  2.338380e+57  3.237547e+51  4.651748e-06  -1.416440e+103  +1  -1  1
0.2310  15928.3955  148.4441  15413.0595  0.2310  1.774277  1.774276  0.000000  8.124569  8.124569  0.097406  0.000000  3.225542e-01  6.786188e-01  6.786188e-01  0.007937  1.5155  5.942065e+05  7.123955e-02  2.300246e+57  2.688780e+51  4.042396e-06  -1.018377e+103  +1  -1  1
0.2310  17984.7070  148.4441  17469.3612  0.2310  1.757059  1.757058  0.000000  8.094387  8.094387  0.091551  0.000000  3.206151e-01  6.695216e-01  6.695216e-01  0.008017  1.5775  5.898316e+05  5.914979e-02  2.265362e+57  2.232478e+51  3.827404e-06  -6.800481e+102  +1  -1  1
0.2310  20310.1824  148.4441  19794.8396  0.2310  1.741467  1.741467  0.000000  8.070024  8.070024  0.086053  0.000000  3.187293e-01  6.608149e-01  6.608149e-01  0.008099  1.6415  5.856446e+05  4.912006e-02  2.233786e+57  1.853928e+51  3.723821e-06  -4.987894e+102  +1  -1  1

0.3162  103.0404  150.8828  1.0000  0.3162  0.096342  0.093407  0.002934  18.218694  18.218694  1.769884  0.030458  7.810482e-03  7.903195e-03  7.903199e-03  0.014135  324197233.6413  1.400776e+04  4.349110e+02  1.166746e+56  1.641103e+55  6.546308e-06  6.244976e+108  +1  +1  0
0.3162  107.6573  150.8828  1.1334  0.3162  0.103811  0.100925  0.002886  16.972699  16.972699  1.760083  0.027796  9.033853e-03  9.158142e-03  9.158146e-03  0.017223  190834265.0986  1.515598e+04  4.276713e+02  1.264341e+56  1.613788e+55  6.541813e-06  6.069791e+108  +1  +1  0
0.3162  113.1115  150.8828  1.2846  0.3162  0.112716  0.109928  0.002788  15.939428  15.939428  1.740135  0.024737  1.044465e-02  1.061119e-02  1.061119e-02  0.021323  114362485.9294  1.653278e+04  4.132552e+02  1.380064e+56  1.559391e+55  6.530193e-06  5.948675e+108  +1  +1  0
0.3162  119.1072  150.8828  1.4560  0.3162  0.123072  0.120383  0.002689  15.094880  15.094880  1.719200  0.021849  1.204233e-02  1.226432e-02  1.226432e-02  0.026454  69638306.8994  1.813513e+04  3.985292e+02  1.512685e+56  1.503823e+55  6.515044e-06  6.279796e+108  +1  +1  0
0.3162  125.0167  150.8828  1.6503  0.3162  0.134779  0.132188  0.002591  14.416384  14.416384  1.698029  0.019224  1.380855e-02  1.410131e-02  1.410131e-02  0.032523  43187010.2513  1.994909e+04  3.840033e+02  1.660614e+56  1.449009e+55  6.496909e-06  6.404704e+108  +1  +1  0
0.3162  131.6026  150.8828  1.8704  0.3162  0.147775  0.145282  0.002493  13.872671  13.872671  1.676450  0.016873  1.573340e-02  1.611473e-02  1.611473e-02  0.039375  27227895.1465  2.196703e+04  3.695520e+02  1.823244e+56  1.394479e+55  6.475924e-06  6.561883e+108  +1  +1  0
0.3162  137.9494  150.8828  2.1200  0.3162  0.162034  0.159635  0.002399  13.435169  13.435169  1.654975  0.014805  1.781331e-02  1.830386e-02  1.830387e-02  0.046832  17407240.3829  2.418688e+04  3.555495e+02  2.000492e+56  1.341640e+55  6.452522e-06  5.535226e+108  +1  +1  0
0.3162  152.7256  150.8828  2.4028  0.3162  0.176598  0.174377  0.002222  13.102097  13.102097  1.613286  0.012581  1.990800e-02  2.052293e-02  2.052293e-02  0.054241  11563742.5687  2.647449e+04  3.292774e+02  2.181847e+56  1.242506e+55  6.426431e-06  7.075893e+108  +1  +1  0
0.3162  157.6382  150.8828  2.7234  0.3162  0.191587  0.189439  0.002148  12.824493  12.824493  1.594959  0.011210  2.206516e-02  2.282341e-02  2.282341e-02  0.061410  7827329.7300  2.882312e+04  3.182940e+02  2.366558e+56  1.201058e+55  6.398067e-06  8.451760e+108  +1  +1  0
0.3162  162.7167  150.8828  3.0867  0.3162  0.208105  0.206021  0.002085  12.579439  12.579439  1.579214  0.010017  2.443450e-02  2.536816e-02  2.536817e-02  0.068750  5262173.4805  3.142036e+04  3.089658e+02  2.569587e+56  1.165858e+55  6.369186e-06  8.942930e+108  +1  +1  0
0.3162  167.9681  150.8828  3.4985  0.3162  0.226936  0.224914  0.002022  12.364570  12.364570  1.563178  0.008909  2.710852e-02  2.826312e-02  2.826312e-02  0.076474  3482496.3221  3.439352e+04  2.996531e+02  2.801020e+56  1.130717e+55  6.338340e-06  9.630557e+108  +1  +1  0
0.3162  173.4000  150.8828  3.9652  0.3162  0.248541  0.246582  0.001959  12.183792  12.183792  1.546831  0.007883  3.012985e-02  3.156375e-02  3.156376e-02  0.084594  2271237.0195  3.782084e+04  2.903538e+02  3.066982e+56  1.095626e+55  6.304780e-06  1.037552e+109  +1  +1  0
0.3162  179.0190  150.8828  4.4943  0.3162  0.273224  0.271328  0.001896  12.039569  12.039569  1.530156  0.006941  3.351888e-02  3.530418e-02  3.530419e-02  0.092985  1465117.0008  4.175664e+04  2.810676e+02  3.371549e+56  1.060585e+55  6.268412e-06  1.110615e+109  +1  +1  0
0.3162  184.8335  150.8828  5.0939  0.3162  0.301231  0.299397  0.001834  11.931966  11.931966  1.513133  0.006088  3.728804e-02  3.951232e-02  3.951232e-02  0.101465  938375.1881  4.624849e+04  2.717930e+02  3.718193e+56  1.025589e+55  6.227607e-06  1.179739e+109  +1  +1  0
0.3162  190.8524  150.8828  5.7734  0.3162  0.332783  0.331012  0.001771  11.859235  11.859235  1.495741  0.005323  4.144639e-02  4.421504e-02  4.421504e-02  0.109810  598574.4766  5.134318e+04  2.625303e+02  4.110304e+56  9.906361e+54  6.182740e-06  1.243052e+109  +1  +1  0
0.3162  197.0844  150.8828  6.5437  0.3162  0.368091  0.366382  0.001709  11.818555  11.818555  1.477959  0.004643  4.600151e-02  4.944045e-02  4.944045e-02  0.117791  381205.2200  5.708573e+04  2.532793e+02  4.550875e+56  9.557280e+54  6.133067e-06  1.299746e+109  +1  +1  0
0.3162  203.5396  150.8828  7.4167  0.3162  0.407353  0.405706  0.001647  11.806596  11.806596  1.459766  0.004043  5.095977e-02  5.521846e-02  5.521846e-02  0.125176  242824.8299  6.352630e+04  2.440415e+02  5.043399e+56  9.208699e+54  6.078003e-06  1.349537e+109  +1  +1  0
0.3162  210.2287  150.8828  8.4062  0.3162  0.450758  0.449173  0.001585  11.819859  11.819859  1.441137  0.003515  5.632649e-02  6.158128e-02  6.158128e-02  0.131755  154922.0109  7.071219e+04  2.348177e+02  5.590901e+56  8.860644e+54  6.019260e-06  1.391187e+109  +1  +1  0
0.3162  217.1631  150.8828  9.5277  0.3162  0.498479  0.496957  0.001522  11.854856  11.854856  1.422051  0.003054  6.210585e-02  6.856374e-02  6.856374e-02  0.137354  99102.8984  7.869194e+04  2.256111e+02  6.196380e+56  8.513240e+54  5.954341e-06  1.424627e+109  +1  +1  0
0.3162  224.3537  150.8828  10.7988  0.3162  0.550667  0.549207  0.001460  11.889510  11.889510  1.402487  0.002652  6.840799e-02  7.633708e-02  7.633709e-02  0.142931  63606.4734  8.751967e+04  2.164262e+02  6.863205e+56  8.166653e+54  5.884259e-06  1.449130e+109  +1  +1  0
0.3162  231.8138  150.8828  12.2395  0.3162  0.607446  0.606047  0.001399  11.931906  11.931906  1.382419  0.002303  7.519332e-02  8.489906e-02  8.489907e-02  0.147787  40987.3048  9.723929e+04  2.072671e+02  7.593726e+56  7.821042e+54  5.808948e-06  1.463845e+109  +1  +1  0
0.3162  239.5612  150.8828  13.8724  0.3162  0.668903  0.667566  0.001337  11.991355  11.991355  1.361822  0.001999  8.239035e-02  9.420763e-02  9.420764e-02  0.151091  26531.7765  1.079051e+05  1.981390e+02  8.390986e+56  7.476598e+54  5.726910e-06  1.468640e+109  +1  +1  0
0.3162  247.6067  150.8828  15.7232  0.3162  0.735080  0.733804  0.001276  12.064821  12.064821  1.340681  0.001736  8.999025e-02  1.043021e-01  1.043021e-01  0.152791  17259.5225  1.195588e+05  1.890517e+02  9.256676e+56  7.133697e+54  5.639327e-06  1.463184e+109  +1  +1  0
0.3162  255.9695  150.8828  17.8208  0.3162  0.805966  0.804751  0.001215  12.149154  12.149154  1.318971  0.001507  9.798339e-02  1.152263e-01  1.152263e-01  0.152917  11287.6439  1.322449e+05  1.800136e+02  1.019270e+57  6.792651e+54  5.545332e-06  1.447088e+109  +1  +1  0
0.3162  264.6662  150.8828  20.1984  0.3162  0.881487  0.880333  0.001154  12.241545  12.241545  1.296676  0.001310  1.063559e-01  1.270239e-01  1.270239e-01  0.151539  7423.8064  1.459972e+05  1.710364e+02  1.119977e+57  6.453904e+54  5.446118e-06  1.419604e+109  +1  +1  0
0.3162  273.7197  150.8828  22.8931  0.3162  0.961500  0.960406  0.001094  12.339242  12.339242  1.273777  0.001138  1.150913e-01  1.397409e-01  1.397409e-01  0.148794  4912.2567  1.608418e+05  1.621314e+02  1.227776e+57  6.117880e+54  5.339068e-06  1.381989e+109  +1  +1  0
0.3162  283.1505  150.8828  25.9473  0.3162  1.045784  1.044749  0.001035  12.439609  12.439609  1.250262  0.000989  1.241700e-01  1.534248e-01  1.534248e-01  0.144831  3271.0512  1.768112e+05  1.533140e+02  1.342672e+57  5.785163e+54  5.225357e-06  1.334155e+109  +1  +1  0
0.3162  292.9824  150.8828  29.4090  0.3162  1.134038  1.133062  0.000976  12.540493  12.540493  1.226122  0.000861  1.335656e-01  1.681185e-01  1.681185e-01  0.139796  2192.4470  1.939034e+05  1.446007e+02  1.464406e+57  5.456373e+54  4.927753e-06  1.222986e+109  +1  +1  0
0.3162  548.6687  150.8828  33.3326  0.3162  1.151015  1.150487  0.000528  12.520940  12.520940  0.999059  0.000459  1.357768e-01  1.716589e-01  1.716589e-01  0.137969  1993.2463  1.974491e+05  7.824267e+01  1.488454e+57  2.952411e+54  7.907664e-06  -1.258327e+108  +1  -1  1
0.3162  553.1161  150.8828  37.7796  0.3162  1.144127  1.143616  0.000511  12.419314  12.419314  0.988105  0.000447  1.360687e-01  1.721287e-01  1.721287e-01  0.135040  1930.1037  1.964758e+05  7.569497e+01  1.478489e+57  2.856276e+54  -1.529784e-04  -8.804026e+107  -1  -1  1
0.3162  558.1558  150.8828  42.8198  0.3162  1.141325  1.140833  0.000493  12.289263  12.289263  0.976116  0.000432  1.371719e-01  1.739094e-01  1.739094e-01  0.130270  1788.2416  1.964973e+05  7.297045e+01  1.474137e+57  2.753469e+54  -1.481122e-04  -2.143886e+106  -1  -1  1
0.3162  563.8691  150.8828  48.5326  0.3162  1.145268  1.144795  0.000473  12.141407  12.141407  0.963042  0.000413  1.393221e-01  1.774032e-01  1.774032e-01  0.124113  1576.2533  1.980630e+05  7.007469e+01  1.479430e+57  2.644200e+54  2.872048e-06  8.547493e+107  +1  +1  1
0.3162  570.3441  150.8828  55.0074  0.3162  1.157587  1.157135  0.000452  11.984528  11.984528  0.948839  0.000391  1.426640e-01  1.828961e-01  1.828961e-01  0.117049  1320.3943  2.014595e+05  6.701730e+01  1.496420e+57  2.528832e+54  3.735223e-06  1.612875e+108  +1  +1  1
0.3162  577.6823  150.8828  62.3461  0.3162  1.179334  1.178903  0.000431  11.826976  11.826976  0.933478  0.000365  1.472804e-01  1.906118e-01  1.906118e-01  0.109477  1053.1888  2.070282e+05  6.381204e+01  1.527462e+57  2.407885e+54  4.025752e-06  2.151402e+108  +1  +1  1
0.3162  586.0010  150.8828  70.6639  0.3162  1.210976  1.210568  0.000408  11.675852  11.675852  0.916938  0.000337  1.531894e-01  2.007119e-01  2.007119e-01  0.101780  804.3220  2.145899e+05  6.047708e+01  1.571148e+57  2.282043e+54  4.130372e-06  2.516609e+108  +1  +1  1
0.3162  595.4279  150.8828  80.0914  0.3162  1.252392  1.252007  0.000385  11.536705  11.536705  0.899214  0.000307  1.603394e-01  2.132839e-01  2.132839e-01  0.094233  592.8033  2.248076e+05  5.703480e+01  1.631859e+57  2.152152e+54  4.094391e-06  2.703614e+108  +1  +1  1
0.3162  606.1136  150.8828  90.7766  0.3162  1.302919  1.302557  0.000361  11.413027  11.413027  0.880317  0.000277  1.686157e-01  2.283413e-01  2.283413e-01  0.087001  425.5442  2.370105e+05  5.351142e+01  1.704607e+57  2.019201e+54  4.163059e-06  2.619334e+108  +1  +1  1
0.3162  618.2249  150.8828  102.8874  0.3162  1.361443  1.361106  0.000337  11.306146  11.306146  0.860275  0.000248  1.778552e-01  2.458318e-01  2.458318e-01  0.080140  300.2088  2.509900e+05  4.993666e+01  1.787533e+57  1.884310e+54  4.064422e-06  2.509403e+108  +1  +1  1
0.3162  631.9498  150.8828  116.6139  0.3162  1.426529  1.426216  0.000313  11.215632  11.215632  0.839135  0.000219  1.878618e-01  2.656440e-01  2.656440e-01  0.073683  209.9350  2.676051e+05  4.634255e+01  1.886195e+57  1.748690e+54  3.897421e-06  2.335104e+108  +1  +1  1
0.3162  647.5096  150.8828  132.1717  0.3162  1.496524  1.496235  0.000289  11.139570  11.139570  0.816961  0.000193  1.984252e-01  2.876194e-01  2.876194e-01  0.067590  146.4890  2.856723e+05  4.276273e+01  1.991851e+57  1.613609e+54  3.846657e-06  2.009490e+108  +1  +1  1
0.3162  665.1426  150.8828  149.8051  0.3162  1.569685  1.569420  0.000265  11.075321  11.075321  0.793837  0.000169  2.093331e-01  3.115571e-01  3.115571e-01  0.061842  102.5665  3.048447e+05  3.923121e+01  2.101684e+57  1.480350e+54  3.666930e-06  1.728171e+108  +1  +1  1
0.3162  685.1283  150.8828  169.7911  0.3162  1.644265  1.644024  0.000242  11.019749  11.019749  0.769862  0.000147  2.203849e-01  3.372257e-01  3.372257e-01  0.056414  72.3417  3.261537e+05  3.578091e+01  2.222354e+57  1.350157e+54  3.457093e-06  1.465487e+108  +1  +1  1
0.3162  707.7821  150.8828  192.4434  0.3162  1.718598  1.718379  0.000219  10.969896  10.969896  0.745149  0.000127  2.313947e-01  3.643560e-01  3.643560e-01  0.051324  51.5778  3.479381e+05  3.244289e+01  2.341982e+57  1.224200e+54  3.373301e-06  1.141067e+108  +1  +1  1
0.3162  733.4544  150.8828  218.1178  0.3162  1.791142  1.790945  0.000198  10.922705  10.922705  0.719826  0.000110  2.422041e-01  3.926661e-01  3.926661e-01  0.046546  37.2296  3.697007e+05  2.924483e+01  2.456794e+57  1.103524e+54  3.177463e-06  9.051563e+107  +1  +1  1
0.3162  762.5564  150.8828  247.2176  0.3162  1.860542  1.860365  0.000177  10.875734  10.875734  0.694027  0.000095  2.526752e-01  4.218415e-01  4.218415e-01  0.042113  27.2591  3.927467e+05  2.621032e+01  2.575661e+57  9.890199e+53  2.969849e-06  7.013943e+107  +1  +1  1
0.3162  795.5386  150.8828  280.1996  0.3162  1.925643  1.925486  0.000158  10.826799  10.826799  0.667894  0.000082  2.626984e-01  4.515589e-01  4.515589e-01  0.038026  20.2631  4.149728e+05  2.335838e+01  2.683875e+57  8.814048e+53  2.832706e-06  5.071664e+107  +1  +1  1
0.3162  832.9189  150.8828  317.5819  0.3162  1.985528  1.985388  0.000140  10.774358  10.774358  0.641568  0.000070  2.721863e-01  4.814775e-01  4.814775e-01  0.034293  15.3032  4.368509e+05  2.070269e+01  2.784681e+57  7.811951e+53  2.584311e-06  3.735615e+107  +1  +1  1
0.3162  875.2916  150.8828  359.9514  0.3162  2.039474  2.039350  0.000123  10.716953  10.716953  0.615192  0.000060  2.810790e-01  5.112674e-01  5.112674e-01  0.030904  11.7431  4.590647e+05  1.825194e+01  2.883083e+57  6.887184e+53  2.326852e-06  2.757382e+107  +1  +1  1
0.3162  923.3117  150.8828  407.9736  0.3162  2.087006  2.086898  0.000108  10.653884  10.653884  0.588902  0.000052  2.893326e-01  5.405874e-01  5.405874e-01  0.027857  9.1590  4.803913e+05  1.600982e+01  2.970823e+57  6.041141e+53  2.130494e-06  1.867218e+107  +1  +1  1
0.3162  977.7420  150.8828  462.4025  0.3162  2.127834  2.127740  0.000094  10.584643  10.584643  0.562827  0.000044  2.969226e-01  5.691130e-01  5.691130e-01  0.025133  7.2600  5.004276e+05  1.397536e+01  3.045414e+57  5.273457e+53  1.933660e-06  1.199853e+107  +1  +1  1
0.3162  1039.4339  150.8828  524.0930  0.3162  2.161853  2.161770  0.000082  10.508991  10.508991  0.537087  0.000038  3.038412e-01  5.965448e-01  5.965448e-01  0.022713  5.8472  5.189447e+05  1.214382e+01  3.105811e+57  4.582344e+53  1.677723e-06  7.693380e+106  +1  +1  1
0.3162  1109.3497  150.8828  594.0138  0.3162  2.189115  2.189044  0.000071  10.427006  10.427006  0.511791  0.000032  3.100920e-01  6.226071e-01  6.226071e-01  0.020574  4.7839  5.368409e+05  1.050706e+01  3.158819e+57  3.964733e+53  1.402225e-06  4.740125e+106  +1  +1  1
0.3162  1188.6046  150.8828  673.2629  0.3162  2.209799  2.209738  0.000061  10.339078  10.339078  0.487033  0.000028  3.156840e-01  6.470374e-01  6.470374e-01  0.018694  3.9751  5.528283e+05  9.054469e+00  3.196111e+57  3.416611e+53  1.120237e-06  2.629428e+106  +1  +1  1
0.3162  1278.4252  150.8828  763.0849  0.3162  2.224192  2.224139  0.000053  10.245598  10.245598  0.462896  0.000024  3.206392e-01  6.696336e-01  6.696336e-01  0.017045  3.3528  5.678719e+05  7.773647e+00  3.225069e+57  2.933306e+53  7.742781e-07  1.505600e+106  +1  +1  1
0.3162  1380.2298  150.8828  864.8903  0.3162  2.232665  2.232620  0.000045  10.147194  10.147194  0.439449  0.000020  3.249819e-01  6.902210e-01  6.902210e-01  0.015601  2.8693  5.818993e+05  6.650990e+00  3.245946e+57  2.509682e+53  4.126496e-07  6.252624e+105  +1  +1  1
0.3162  1495.6207  150.8828  980.2778  0.3162  2.235635  2.235597  0.000038  10.044480  10.044480  0.416748  0.000017  3.287419e-01  7.086749e-01  7.086749e-01  0.014344  2.4907  5.937128e+05  5.672411e+00  3.251073e+57  2.140426e+53  1.678167e-08  5.525893e+104  +1  +1  1
0.3162  1626.3973  150.8828  1111.0596  0.3162  2.233572  2.233540  0.000033  9.938270  9.938270  0.394835  0.000015  3.319486e-01  7.249002e-01  7.249002e-01  0.013266  2.1943  6.043337e+05  4.823745e+00  3.248260e+57  1.820190e+53  -5.274667e-07  -2.319483e+105  -1  -1  1
0.3162  1774.6318  150.8828  1259.2893  0.3162  2.226959  2.226931  0.000028  9.829270  9.829270  0.373743  0.000012  3.346359e-01  7.388592e-01  7.388592e-01  0.012330  1.9589  6.127047e+05  4.091136e+00  3.230916e+57  1.543748e+53  -1.159574e-06  -3.814791e+105  -1  -1  1
0.3162  1942.6373  150.8828  1427.2948  0.3162  2.216292  2.216269  0.000023  9.718348  9.718348  0.353491  0.000011  3.368342e-01  7.505338e-01  7.505338e-01  0.011523  1.7717  6.199217e+05  3.461409e+00  3.207137e+57  1.306127e+53  -1.952828e-06  -3.721810e+105  -1  -1  1
0.3162  2133.0527  150.8828  1617.7144  0.3162  2.202066  2.202046  0.000020  9.606300  9.606300  0.334092  0.000009  3.385757e-01  7.599508e-01  7.599508e-01  0.010826  1.6222  6.259738e+05  2.922184e+00  3.177485e+57  1.102656e+53  -2.979868e-06  -3.346398e+105  -1  -1  1
0.3162  2348.8827  150.8828  1833.5384  0.3162  2.184765  2.184748  0.000017  9.494032  9.494032  0.315549  0.000008  3.398878e-01  7.671475e-01  7.671475e-01  0.010230  1.5035  6.309253e+05  2.462064e+00  3.142930e+57  9.290341e+52  -4.389497e-06  -2.841127e+105  -1  -1  1
0.3162  2593.4963  150.8828  2078.1562  0.3162  2.164850  2.164836  0.000014  9.382224  9.382224  0.297856  0.000006  3.408031e-01  7.722204e-01  7.722204e-01  0.009719  1.4093  6.348336e+05  2.070682e+00  3.104350e+57  7.813504e+52  -9.479460e-06  -2.503950e+105  -1  -1  1
0.3162  2870.7514  150.8828  2355.4091  0.3162  2.142766  2.142754  0.000012  9.271660  9.271660  0.281004  0.000005  3.413492e-01  7.752677e-01  7.752677e-01  0.009285  1.3357  6.367357e+05  1.738708e+00  3.055359e+57  6.560834e+52  -2.005592e-05  -2.158123e+105  -1  -1  1
0.3162  3184.9955  150.8828  2669.6512  0.3162  2.118938  2.118928  0.000010  9.163063  9.163063  0.264978  0.000005  3.415538e-01  7.764138e-01  7.764138e-01  0.008918  1.2790  6.377128e+05  1.457846e+00  3.003675e+57  5.501029e+52  -2.408683e-05  -1.580339e+105  -1  -1  1
0.3162  3541.1532  150.8828  3025.8172  0.3162  2.093757  2.093749  0.000008  9.057144  9.057144  0.249758  0.000004  3.414417e-01  7.757857e-01  7.757857e-01  0.008611  1.2371  6.387731e+05  1.220768e+00  2.956616e+57  4.606439e+52  1.401216e-04  -1.185459e+105  +1  -1  1
0.3162  3944.8452  150.8828  3429.5004  0.3162  2.067587  2.067580  0.000007  8.954563  8.954563  0.235320  0.000003  3.410366e-01  7.735214e-01  7.735214e-01  0.008362  1.2085  6.381301e+05  1.021057e+00  2.901883e+57  3.852853e+52  3.423596e-05  -9.996415e+104  +1  -1  1
0.3162  4402.3826  150.8828  3887.0401  0.3162  2.040768  2.040762  0.000006  8.855704  8.855704  0.221641  0.000003  3.403706e-01  7.698180e-01  7.698180e-01  0.008158  1.1905  6.359350e+05  8.531339e-01  2.840594e+57  3.219212e+52  1.326173e-05  -7.492558e+104  +1  -1  1
0.3162  4920.9625  150.8828  4405.6215  0.3162  2.013612  2.013608  0.000005  8.761233  8.761233  0.208692  0.000002  3.394628e-01  7.648070e-01  7.648070e-01  0.007997  1.1828  6.340192e+05  7.121679e-01  2.785538e+57  2.687291e+52  1.282329e-05  -5.167381e+104  +1  -1  1
0.3162  5508.7341  150.8828  4993.3885  0.3162  1.986404  1.986400  0.000004  8.671471  8.671471  0.196446  0.000002  3.383423e-01  7.586801e-01  7.586801e-01  0.007874  1.1838  6.315670e+05  5.940047e-01  2.730993e+57  2.241414e+52  9.596738e-06  -3.914145e+104  +1  -1  1
0.3162  6174.9095  150.8828  5659.5711  0.3162  1.959400  1.959396  0.000003  8.586950  8.586950  0.184873  0.000002  3.370278e-01  7.515730e-01  7.515730e-01  0.007787  1.1939  6.278946e+05  4.950843e-01  2.672114e+57  1.868149e+52  7.788060e-06  -2.846901e+104  +1  -1  1
0.3162  6929.9756  150.8828  6414.6311  0.3162  1.932841  1.932838  0.000003  8.507957  8.507957  0.173944  0.000001  3.355463e-01  7.436658e-01  7.436658e-01  0.007729  1.2114  6.246452e+05  4.123681e-01  2.620223e+57  1.556028e+52  7.260668e-06  -1.998659e+104  +1  -1  1
0.3162  7785.7703  150.8828  7270.4259  0.3162  1.906932  1.906929  0.000002  8.434725  8.434725  0.163630  0.000001  3.339226e-01  7.351209e-01  7.351209e-01  0.007701  1.2365  6.203699e+05  3.432731e-01  2.565068e+57  1.295305e+52  6.384589e-06  -1.430603e+104  +1  -1  1
0.3162  8755.7337  150.8828  8240.3948  0.3162  1.881863  1.881862  0.000002  8.367506  8.367506  0.153900  0.000001  3.321802e-01  7.260897e-01  7.260897e-01  0.007696  1.2686  6.166115e+05  2.856084e-01  2.517212e+57  1.077713e+52  6.023366e-06  -9.880380e+103  +1  -1  1
0.3162  9855.1162  150.8828  9339.7702  0.3162  1.857805  1.857804  0.000002  8.306422  8.306422  0.144728  0.000001  3.303450e-01  7.167289e-01  7.167289e-01  0.007713  1.3070  6.120138e+05  2.375222e-01  2.467007e+57  8.962652e+51  5.077709e-06  -7.261291e+103  +1  -1  1
0.3162  11101.1575  150.8828  10585.8164  0.3162  1.834900  1.834899  0.000001  8.251624  8.251624  0.136083  0.000001  3.284390e-01  7.071656e-01  7.071656e-01  0.007748  1.3515  6.073591e+05  1.974525e-01  2.419642e+57  7.450662e+51  4.780939e-06  -5.010486e+103  +1  -1  1
0.3162  12513.4446  150.8828  11998.1012  0.3162  1.813274  1.813273  0.000001  8.203028  8.203028  0.127940  0.000001  3.264908e-01  6.975546e-01  6.975546e-01  0.007800  1.4017  6.026993e+05  1.640836e-01  2.375243e+57  6.191521e+51  4.883241e-06  -3.277965e+103  +1  -1  1
0.3162  14114.1489  150.8828  13598.8032  0.3162  1.793039  1.793038  0.000001  8.160736  8.160736  0.120271  0.000001  3.245204e-01  6.879971e-01  6.879971e-01  0.007864  1.4565  5.987238e+05  1.363105e-01  2.338379e+57  5.143533e+51  4.651575e-06  -2.187711e+103  +1  -1  1
0.3162  15928.3955  150.8828  15413.0595  0.3162  1.774278  1.774277  0.000001  8.124579  8.124579  0.113051  0.000000  3.225539e-01  6.786178e-01  6.786178e-01  0.007937  1.5156  5.942068e+05  1.132070e-01  2.300250e+57  4.271746e+51  4.042012e-06  -1.572912e+103  +1  -1  1
0.3162  17984.7070  150.8828  17469.3612  0.3162  1.757059  1.757058  0.000001  8.094360  8.094360  0.106256  0.000000  3.206162e-01  6.695268e-01  6.695268e-01  0.008017  1.5775  5.898300e+05  9.399572e-02  2.265351e+57  3.546830e+51  3.826959e-06  -1.050347e+103  +1  -1  1
0.3162  20310.1824  150.8828  19794.8396  0.3162  1.741467  1.741467  0.000001  8.070012  8.070012  0.099875  0.000000  3.187299e-01  6.608175e-01  6.608175e-01  0.008099  1.6415  5.856438e+05  7.805782e-02  2.233781e+57  2.945430e+51  3.724545e-06  -7.700258e+102  +1  -1  1

0.4329  103.0404  153.3942  1.0000  0.4329  0.089393  0.084796  0.004597  19.049761  19.049761  2.044797  0.051429  6.930995e-03  7.003896e-03  7.003902e-03  0.011658  485898351.5311  1.270894e+04  6.821825e+02  1.056825e+56  2.573365e+55  6.557025e-06  9.142189e+108  +1  +1  0
0.4329  107.6573  153.3942  1.1334  0.4329  0.096654  0.092136  0.004518  17.570062  17.570062  2.032970  0.046747  8.125085e-03  8.225471e-03  8.225477e-03  0.014216  267630912.6576  1.382803e+04  6.704441e+02  1.151857e+56  2.529085e+55  6.552856e-06  8.840745e+108  +1  +1  0
0.4329  113.1115  153.3942  1.2846  0.4329  0.105304  0.100924  0.004380  16.374936  16.374936  2.012137  0.041593  9.498336e-03  9.635842e-03  9.635849e-03  0.017794  153443566.4823  1.516964e+04  6.499021e+02  1.264873e+56  2.451602e+55  6.541884e-06  8.717929e+108  +1  +1  0
0.4329  119.1072  153.3942  1.4560  0.4329  0.115382  0.111158  0.004224  15.409555  15.409555  1.987957  0.036609  1.105934e-02  1.124625e-02  1.124626e-02  0.022444  90438755.6056  1.673492e+04  6.267718e+02  1.395332e+56  2.364347e+55  6.526934e-06  9.284352e+108  +1  +1  0
0.4329  125.0167  153.3942  1.6503  0.4329  0.126883  0.122813  0.004070  14.638009  14.638009  1.963501  0.032079  1.280273e-02  1.305396e-02  1.305397e-02  0.028138  54536139.4080  1.852228e+04  6.039482e+02  1.542267e+56  2.278249e+55  6.508868e-06  9.560305e+108  +1  +1  0
0.4329  131.6026  153.3942  1.8704  0.4329  0.139768  0.135850  0.003918  14.024933  14.024933  1.938683  0.028032  1.471935e-02  1.505252e-02  1.505253e-02  0.034765  33543470.0773  2.052758e+04  5.813478e+02  1.705042e+56  2.192994e+55  6.488207e-06  9.869895e+108  +1  +1  0
0.4329  137.9494  153.3942  2.1200  0.4329  0.153995  0.150226  0.003769  13.537216  13.537216  1.913778  0.024475  1.680189e-02  1.723756e-02  1.723757e-02  0.042151  20985751.1896  2.274634e+04  5.592584e+02  1.883254e+56  2.109665e+55  6.465270e-06  8.349552e+108  +1  +1  0
0.4329  152.7256  153.3942  2.4028  0.4329  0.168666  0.165156  0.003511  13.170974  13.170974  1.869221  0.020814  1.891438e-02  1.946851e-02  1.946851e-02  0.049668  13678081.9351  2.505808e+04  5.208993e+02  2.067447e+56  1.964975e+55  6.439713e-06  1.090156e+109  +1  +1  0
0.4329  157.6382  153.3942  2.7234  0.4329  0.183958  0.180585  0.003372  12.867953  12.867953  1.844018  0.018332  2.111494e-02  2.180814e-02  2.180815e-02  0.057128  9074164.6859  2.745851e+04  5.003859e+02  2.257042e+56  1.887578e+55  6.411167e-06  1.293735e+109  +1  +1  0
0.4329  162.7167  153.3942  3.0867  0.4329  0.200692  0.197418  0.003274  12.606533  12.606533  1.825842  0.016312  2.351341e-02  2.437663e-02  2.437663e-02  0.064774  6008002.6008  3.008958e+04  4.857440e+02  2.463461e+56  1.832344e+55  6.381348e-06  1.361389e+109  +1  +1  0
0.4329  167.9681  153.3942  3.4985  0.4329  0.219552  0.216377  0.003175  12.380082  12.380082  1.807340  0.014462  2.619361e-02  2.726986e-02  2.726987e-02  0.072748  3933258.7948  3.306732e+04  4.711344e+02  2.695880e+56  1.777233e+55  6.349876e-06  1.454417e+109  +1  +1  0
0.4329  173.4000  153.3942  3.9652  0.4329  0.241089  0.238012  0.003077  12.189788  12.189788  1.788489  0.012763  2.921217e-02  3.055788e-02  3.055788e-02  0.081101  2541659.3419  3.648297e+04  4.565523e+02  2.961447e+56  1.722225e+55  6.316325e-06  1.562891e+109  +1  +1  0
0.4329  179.0190  153.3942  4.4943  0.4329  0.265676  0.262698  0.002979  12.037611  12.037611  1.769269  0.011213  3.259826e-02  3.428408e-02  3.428409e-02  0.089744  1625328.1537  4.040167e+04  4.419957e+02  3.265155e+56  1.667313e+55  6.279235e-06  1.673564e+109  +1  +1  0
0.4329  184.8335  153.3942  5.0939  0.4329  0.293595  0.290714  0.002881  11.923632  11.923632  1.749653  0.009813  3.636815e-02  3.848056e-02  3.848056e-02  0.098497  1032108.0338  4.487727e+04  4.274613e+02  3.610991e+56  1.612486e+55  6.238254e-06  1.779844e+109  +1  +1  0
0.4329  190.8524  153.3942  5.7734  0.4329  0.325084  0.322300  0.002783  11.846084  11.846084  1.729620  0.008562  4.053237e-02  4.317589e-02  4.317590e-02  0.107139  652899.9464  4.995790e+04  4.129481e+02  4.002415e+56  1.557738e+55  6.192784e-06  1.878377e+109  +1  +1  0
0.4329  197.0844  153.3942  6.5437  0.4329  0.360362  0.357676  0.002686  11.802049  11.802049  1.709141  0.007453  4.509860e-02  4.839844e-02  4.839844e-02  0.115441  412528.3831  5.569287e+04  3.984552e+02  4.442864e+56  1.503067e+55  6.143120e-06  1.966786e+109  +1  +1  0
0.4329  203.5396  153.3942  7.4167  0.4329  0.399633  0.397045  0.002588  11.787921  11.787921  1.688194  0.006476  5.007330e-02  5.417841e-02  5.417842e-02  0.123154  260812.1881  6.212811e+04  3.839839e+02  4.935403e+56  1.448477e+55  6.089239e-06  2.044315e+109  +1  +1  0
0.4329  210.2287  153.3942  8.4062  0.4329  0.443088  0.440598  0.002491  11.800047  11.800047  1.666747  0.005621  5.546107e-02  6.054745e-02  6.054746e-02  0.130063  165242.2064  6.931456e+04  3.695346e+02  5.483387e+56  1.393970e+55  6.029036e-06  2.110398e+109  +1  +1  0
0.4329  217.1631  153.3942  9.5277  0.4329  0.490900  0.488506  0.002394  11.834708  11.834708  1.644777  0.004876  6.126564e-02  6.754005e-02  6.754006e-02  0.135970  105018.5652  7.730322e+04  3.551116e+02  6.090039e+56  1.339563e+55  5.964039e-06  2.163265e+109  +1  +1  0
0.4329  224.3537  153.3942  10.7988  0.4329  0.543217  0.540921  0.002297  11.869425  11.869425  1.622256  0.004228  6.759671e-02  7.532689e-02  7.532690e-02  0.141845  67003.1028  8.614166e+04  3.407212e+02  6.758167e+56  1.285279e+55  5.893909e-06  2.202471e+109  +1  +1  0
0.4329  231.8138  153.3942  12.2395  0.4329  0.600164  0.597964  0.002200  11.912288  11.912288  1.599155  0.003666  7.441427e-02  8.390563e-02  8.390564e-02  0.146973  42940.4112  9.588168e+04  3.263691e+02  7.490808e+56  1.231139e+55  5.818008e-06  2.226620e+109  +1  +1  0
0.4329  239.5612  153.3942  13.8724  0.4329  0.661825  0.659721  0.002104  11.972618  11.972618  1.575446  0.003179  8.164613e-02  9.323394e-02  9.323394e-02  0.150517  27657.7663  1.065693e+05  3.120633e+02  8.290220e+56  1.177174e+55  5.736375e-06  2.235175e+109  +1  +1  0
0.4329  247.6067  153.3942  15.7232  0.4329  0.728240  0.726233  0.002008  12.047251  12.047251  1.551108  0.002757  8.928294e-02  1.033508e-01  1.033508e-01  0.152421  17910.6587  1.182521e+05  2.978184e+02  9.158671e+56  1.123439e+55  5.647886e-06  2.228596e+109  +1  +1  0
0.4329  255.9695  153.3942  17.8208  0.4329  0.799396  0.797484  0.001912  12.132946  12.132946  1.526115  0.002392  9.731444e-02  1.142996e-01  1.142996e-01  0.152717  11665.6622  1.309726e+05  2.836471e+02  1.009787e+57  1.069981e+55  5.554544e-06  2.204986e+109  +1  +1  0
0.4329  264.6662  153.3942  20.1984  0.4329  0.875214  0.873397  0.001817  12.226784  12.226784  1.500445  0.002076  1.057265e-01  1.261239e-01  1.261239e-01  0.151469  7643.9061  1.447586e+05  2.695673e+02  1.110813e+57  1.016869e+55  5.453654e-06  2.165036e+109  +1  +1  0
0.4329  273.7197  153.3942  22.8931  0.4329  0.955548  0.953825  0.001723  12.325935  12.325935  1.474075  0.001803  1.145023e-01  1.388699e-01  1.388699e-01  0.148825  5040.9780  1.596550e+05  2.555964e+02  1.219078e+57  9.641671e+54  5.346060e-06  2.108675e+109  +1  +1  0
0.4329  283.1505  153.3942  25.9473  0.4329  1.040173  1.038543  0.001630  12.427700  12.427700  1.446992  0.001567  1.236223e-01  1.525852e-01  1.525852e-01  0.144931  3346.4773  1.756651e+05  2.417587e+02  1.334344e+57  9.119679e+54  5.233103e-06  2.036047e+109  +1  +1  0
0.4329  292.9824  153.3942  29.4090  0.4329  1.128786  1.127248  0.001538  12.530028  12.530028  1.419184  0.001362  1.330580e-01  1.673103e-01  1.673103e-01  0.139953  2237.1028  1.928126e+05  2.280792e+02  1.456545e+57  8.603657e+54  4.981560e-06  1.867647e+109  +1  +1  0
0.4329  548.6687  153.3942  33.3326  0.4329  1.148966  1.148132  0.000834  12.517570  12.517570  1.157232  0.000726  1.355716e-01  1.713290e-01  1.713290e-01  0.138077  2009.9540  1.970051e+05  1.236956e+02  1.485295e+57  4.666067e+54  8.054210e-06  -1.700945e+108  +1  -1  1
0.4329  553.1161  153.3942  37.7796  0.4329  1.142970  1.142163  0.000807  12.418943  12.418943  1.144593  0.000706  1.359352e-01  1.719138e-01  1.719138e-01  0.135176  1941.5528  1.962032e+05  1.196816e+02  1.476619e+57  4.514650e+54  -2.294651e-05  -1.153113e+108  -1  -1  1
0.4329  558.1558  153.3942  42.8198  0.4329  1.140358  1.139580  0.000778  12.290265  12.290265  1.130757  0.000682  1.370445e-01  1.737033e-01  1.737033e-01  0.130441  1798.9269  1.963591e+05  1.153882e+02  1.473258e+57  4.352690e+54  -1.529644e-05  -2.485174e+106  -1  -1  1
0.4329  563.8691  153.3942  48.5326  0.4329  1.144287  1.143540  0.000747  12.143090  12.143090  1.115666  0.000653  1.391834e-01  1.771770e-01  1.771770e-01  0.124315  1586.7011  1.977797e+05  1.108239e+02  1.477574e+57  4.180516e+54  3.039357e-06  1.213369e+108  +1  +1  1
0.4329  570.3441  153.3942  55.0074  0.4329  1.156521  1.155806  0.000715  11.986370  11.986370  1.099271  0.000618  1.425107e-01  1.826425e-01  1.826425e-01  0.117244  1329.7285  2.011239e+05  1.060037e+02  1.494225e+57  3.998689e+54  3.766483e-06  2.430572e+108  +1  +1  1
0.4329  577.6823  153.3942  62.3461  0.4329  1.178170  1.177489  0.000681  11.828676  11.828676  1.081535  0.000578  1.471138e-01  1.903307e-01  1.903307e-01  0.109655  1060.8925  2.066288e+05  1.009492e+02  1.524846e+57  3.808021e+54  3.980240e-06  3.327197e+108  +1  +1  1
0.4329  586.0010  153.3942  70.6639  0.4329  1.209733  1.209088  0.000645  11.677275  11.677275  1.062435  0.000533  1.530135e-01  2.004075e-01  2.004075e-01  0.101940  810.2251  2.144417e+05  9.568879e+01  1.570292e+57  3.609586e+54  4.117199e-06  3.834489e+108  +1  +1  1
0.4329  595.4279  153.3942  80.0914  0.4329  1.251100  1.250491  0.000609  11.537752  11.537752  1.041964  0.000487  1.601594e-01  2.129625e-01  2.129625e-01  0.094366  596.9805  2.242707e+05  9.025758e+01  1.628313e+57  3.404709e+54  4.189995e-06  4.017165e+108  +1  +1  1
0.4329  606.1136  153.3942  90.7766  0.4329  1.301618  1.301047  0.000571  11.413715  11.413715  1.020133  0.000439  1.684372e-01  2.280106e-01  2.280106e-01  0.087110  428.3377  2.364080e+05  8.469684e+01  1.700624e+57  3.194946e+54  4.119888e-06  4.061375e+108  +1  +1  1
0.4329  618.2249  153.3942  102.8874  0.4329  1.360175  1.359642  0.000533  11.306556  11.306556  0.996976  0.000392  1.776831e-01  2.454993e-01  2.454993e-01  0.080243  302.0525  2.508104e+05  7.905327e+01  1.786509e+57  2.982058e+54  4.000460e-06  3.922869e+108  +1  +1  1
0.4329  631.9498  153.3942  116.6139  0.4329  1.425318  1.424823  0.000495  11.215785  11.215785  0.972544  0.000347  1.876998e-01  2.653156e-01  2.653156e-01  0.073763  211.0723  2.674204e+05  7.337742e+01  1.885153e+57  2.767953e+54  3.902527e-06  3.563737e+108  +1  +1  1
0.4329  647.5096  153.3942  132.1717  0.4329  1.495399  1.494942  0.000457  11.139556  11.139556  0.946913  0.000306  1.982763e-01  2.873015e-01  2.873015e-01  0.067651  147.1730  2.854881e+05  6.772235e+01  1.990830e+57  2.554631e+54  3.851237e-06  3.067792e+108  +1  +1  1
0.4329  665.1426  153.3942  149.8051  0.4329  1.568664  1.568244  0.000419  11.075246  11.075246  0.920177  0.000267  2.091983e-01  3.112530e-01  3.112530e-01  0.061892  102.9806  3.046694e+05  6.214173e+01  2.100746e+57  2.344118e+54  3.671314e-06  2.658569e+108  +1  +1  1
0.4329  685.1283  153.3942  169.7911  0.4329  1.643355  1.642973  0.000382  11.019662  11.019662  0.892451  0.000233  2.202646e-01  3.369381e-01  3.369381e-01  0.056465  72.6050  3.259830e+05  5.668771e+01  2.221455e+57  2.138380e+54  3.525214e-06  2.191803e+108  +1  +1  1
0.4329  707.7821  153.3942  192.4434  0.4329  1.717800  1.717453  0.000347  10.969747  10.969747  0.863866  0.000202  2.312904e-01  3.640913e-01  3.640913e-01  0.051362  51.7321  3.469893e+05  5.140940e+01  2.335670e+57  1.939271e+54  3.388657e-06  1.738769e+108  +1  +1  1
0.4329  733.4544  153.3942  218.1178  0.4329  1.790454  1.790141  0.000313  10.922595  10.922595  0.834569  0.000175  2.421135e-01  3.924215e-01  3.924215e-01  0.046585  37.3299  3.695513e+05  4.635077e+01  2.456058e+57  1.748449e+54  3.119207e-06  1.424997e+108  +1  +1  1
0.4329  762.5564  153.3942  247.2176  0.4329  1.859961  1.859680  0.000280  10.875647  10.875647  0.804715  0.000151  2.525982e-01  4.216202e-01  4.216202e-01  0.042141  27.3191  3.926075e+05  4.154931e+01  2.574991e+57  1.567327e+54  2.972983e-06  1.075974e+108  +1  +1  1
0.4329  795.5386  153.3942  280.1996  0.4329  1.925161  1.924911  0.000250  10.826743  10.826743  0.774467  0.000130  2.626339e-01  4.513617e-01  4.513617e-01  0.038048  20.2994  4.148481e+05  3.703527e+01  2.683306e+57  1.397048e+54  2.835441e-06  7.782960e+107  +1  +1  1
0.4329  832.9189  153.3942  317.5819  0.4329  1.985129  1.984908  0.000222  10.774318  10.774318  0.743991  0.000112  2.721327e-01  4.813032e-01  4.813032e-01  0.034310  15.3261  4.367368e+05  3.283057e+01  2.784175e+57  1.238438e+54  2.586490e-06  5.788113e+107  +1  +1  1
0.4329  875.2916  153.3942  359.9514  0.4329  2.039155  2.038959  0.000195  10.717015  10.717015  0.713450  0.000096  2.810334e-01  5.111101e-01  5.111101e-01  0.030919  11.7584  4.589705e+05  2.894921e+01  2.882708e+57  1.092025e+54  2.328764e-06  4.233941e+107  +1  +1  1
0.4329  923.3117  153.3942  407.9736  0.4329  2.086750  2.086579  0.000171  10.653925  10.653925  0.683003  0.000082  2.892960e-01  5.404536e-01  5.404536e-01  0.027867  9.1681  4.803046e+05  2.539722e+01  2.970485e+57  9.580364e+53  2.132494e-06  2.866616e+107  +1  +1  1
0.4329  977.7420  153.3942  462.4025  0.4329  2.127634  2.127484  0.000150  10.584693  10.584693  0.652799  0.000070  2.968932e-01  5.689995e-01  5.689995e-01  0.025141  7.2659  5.003526e+05  2.217337e+01  3.045142e+57  8.364257e+53  1.935306e-06  1.842849e+107  +1  +1  1
0.4329  1039.4339  153.3942  524.0930  0.4329  2.161699  2.161569  0.000130  10.509053  10.509053  0.622980  0.000060  3.038179e-01  5.964499e-01  5.964499e-01  0.022719  5.8511  5.188804e+05  1.927031e+01  3.105596e+57  7.269164e+53  1.679124e-06  1.181930e+107  +1  +1  1
0.4329  1109.3497  153.3942  594.0138  0.4329  2.188999  2.188886  0.000113  10.427110  10.427110  0.593668  0.000051  3.100725e-01  6.225236e-01  6.225236e-01  0.020579  4.7865  5.367877e+05  1.667537e+01  3.158663e+57  6.290297e+53  1.403464e-06  7.286602e+106  +1  +1  1
0.4329  1188.6046  153.3942  673.2629  0.4329  2.209714  2.209617  0.000097  10.339187  10.339187  0.564977  0.000044  3.156686e-01  6.469687e-01  6.469687e-01  0.018698  3.9769  5.527846e+05  1.437189e+01  3.196004e+57  5.421376e+53  1.121481e-06  4.041672e+106  +1  +1  1
0.4329  1278.4252  153.3942  763.0849  0.4329  2.224132  2.224049  0.000083  10.245707  10.245707  0.537001  0.000037  3.206271e-01  6.695777e-01  6.695777e-01  0.017047  3.3540  5.678352e+05  1.234037e+01  3.224990e+57  4.655044e+53  7.753997e-07  2.313023e+106  +1  +1  1
0.4329  1380.2298  153.3942  864.8903  0.4329  2.232621  2.232550  0.000071  10.147274  10.147274  0.509822  0.000032  3.249730e-01  6.901782e-01  6.901782e-01  0.015604  2.8702  5.818665e+05  1.055937e+01  3.245877e+57  3.983214e+53  4.138183e-07  9.613328e+105  +1  +1  1
0.4329  1495.6207  153.3942  980.2778  0.4329  2.235608  2.235547  0.000061  10.044593  10.044593  0.483503  0.000027  3.287342e-01  7.086365e-01  7.086365e-01  0.014346  2.4913  5.936883e+05  9.006667e+00  3.251044e+57  3.397502e+53  1.788230e-08  8.628458e+104  +1  +1  1
0.4329  1626.3973  153.3942  1111.0596  0.4329  2.233556  2.233504  0.000052  9.938388  9.938388  0.458091  0.000023  3.319422e-01  7.248671e-01  7.248671e-01  0.013267  2.1946  6.043144e+05  7.659670e+00  3.248251e+57  2.889386e+53  -5.262210e-07  -3.560819e+105  -1  -1  1
0.4329  1774.6318  153.3942  1259.2893  0.4329  2.226951  2.226907  0.000044  9.829379  9.829379  0.433638  0.000020  3.346310e-01  7.388335e-01  7.388335e-01  0.012331  1.9592  6.126893e+05  6.497079e+00  3.230917e+57  2.450833e+53  -1.158095e-06  -5.860193e+105  -1  -1  1
0.4329  1942.6373  153.3942  1427.2948  0.4329  2.216290  2.216253  0.000037  9.718455  9.718455  0.410153  0.000017  3.368302e-01  7.505122e-01  7.505122e-01  0.011523  1.7719  6.199102e+05  5.497444e+00  3.207152e+57  2.073750e+53  -1.951029e-06  -5.717893e+105  -1  -1  1
0.4329  2133.0527  153.3942  1617.7144  0.4329  2.202068  2.202037  0.000031  9.606407  9.606407  0.387655  0.000014  3.385723e-01  7.599324e-01  7.599324e-01  0.010828  1.6225  6.259658e+05  4.641367e+00  3.177511e+57  1.750820e+53  -2.980489e-06  -5.143305e+105  -1  -1  1
0.4329  2348.8827  153.3942  1833.5384  0.4329  2.184768  2.184742  0.000026  9.494077  9.494077  0.366147  0.000012  3.398867e-01  7.671416e-01  7.671416e-01  0.010229  1.5035  6.309142e+05  3.910798e+00  3.142922e+57  1.475234e+53  -4.385282e-06  -4.368205e+105  -1  -1  1
0.4329  2593.4963  153.3942  2078.1562  0.4329  2.164856  2.164834  0.000022  9.382301  9.382301  0.345624  0.000010  3.408014e-01  7.722107e-01  7.722107e-01  0.009719  1.4094  6.348282e+05  3.289306e+00  3.104371e+57  1.240794e+53  -9.474251e-06  -3.848941e+105  -1  -1  1
0.4329  2870.7514  153.3942  2355.4091  0.4329  2.142775  2.142756  0.000019  9.271713  9.271713  0.326076  0.000009  3.413486e-01  7.752647e-01  7.752647e-01  0.009285  1.3357  6.367312e+05  2.762103e+00  3.055378e+57  1.041922e+53  -2.004731e-05  -3.318329e+105  -1  -1  1
0.4329  3184.9955  153.3942  2669.6512  0.4329  2.118945  2.118929  0.000016  9.163116  9.163116  0.307485  0.000007  3.415530e-01  7.764092e-01  7.764092e-01  0.008919  1.2792  6.377090e+05  2.316033e+00  3.003690e+57  8.736556e+52  -2.403219e-05  -2.429468e+105  -1  -1  1
0.4329  3541.1532  153.3942  3025.8172  0.4329  2.093764  2.093751  0.000013  9.057244  9.057244  0.289827  0.000006  3.414391e-01  7.757712e-01  7.757712e-01  0.008614  1.2375  6.387741e+05  1.939475e+00  2.956660e+57  7.316099e+52  1.399176e-04  -1.822818e+105  +1  -1  1
0.4329  3944.8452  153.3942  3429.5004  0.4329  2.067594  2.067583  0.000011  8.954587  8.954587  0.273077  0.000005  3.410368e-01  7.735226e-01  7.735226e-01  0.008362  1.2085  6.381266e+05  1.622246e+00  2.901887e+57  6.119445e+52  3.397326e-05  -1.537789e+105  +1  -1  1
0.4329  4402.3826  153.3942  3887.0401  0.4329  2.040775  2.040766  0.000009  8.855736  8.855736  0.257206  0.000004  3.403707e-01  7.698182e-01  7.698182e-01  0.008158  1.1905  6.359334e+05  1.355497e+00  2.840607e+57  5.113216e+52  1.326720e-05  -1.152133e+105  +1  -1  1
0.4329  4920.9625  153.3942  4405.6215  0.4329  2.013619  2.013612  0.000008  8.761258  8.761258  0.242182  0.000004  3.394631e-01  7.648082e-01  7.648082e-01  0.007998  1.1828  6.340180e+05  1.131558e+00  2.785549e+57  4.268469e+52  1.283289e-05  -7.944664e+104  +1  -1  1
0.4329  5508.7341  153.3942  4993.3885  0.4329  1.986410  1.986404  0.000006  8.671556  8.671556  0.227973  0.000003  3.383402e-01  7.586682e-01  7.586682e-01  0.007875  1.1842  6.315706e+05  9.438339e-01  2.731036e+57  3.560336e+52  9.611912e-06  -6.017667e+104  +1  -1  1
0.4329  6174.9095  153.3942  5659.5711  0.4329  1.959409  1.959403  0.000005  8.587023  8.587023  0.214544  0.000003  3.370265e-01  7.515661e-01  7.515661e-01  0.007787  1.1939  6.278992e+05  7.866740e-01  2.672159e+57  2.967496e+52  7.782198e-06  -4.379437e+104  +1  -1  1
0.4329  6929.9756  153.3942  6414.6311  0.4329  1.932846  1.932842  0.000004  8.507972  8.507972  0.201863  0.000002  3.355466e-01  7.436673e-01  7.436673e-01  0.007730  1.2114  6.246448e+05  6.552538e-01  2.620230e+57  2.471752e+52  7.252509e-06  -3.075470e+104  +1  -1  1
0.4329  7785.7703  153.3942  7270.4259  0.4329  1.906935  1.906932  0.000004  8.434709  8.434709  0.189894  0.000002  3.339239e-01  7.351276e-01  7.351276e-01  0.007700  1.2363  6.203675e+05  5.454721e-01  2.565059e+57  2.057633e+52  6.386704e-06  -2.200069e+104  +1  -1  1
0.4329  8755.7337  153.3942  8240.3948  0.4329  1.881869  1.881866  0.000003  8.367527  8.367527  0.178605  0.000002  3.321802e-01  7.260901e-01  7.260901e-01  0.007696  1.2686  6.166126e+05  4.538485e-01  2.517227e+57  1.712010e+52  6.026830e-06  -1.519238e+104  +1  -1  1
0.4329  9855.1162  153.3942  9339.7702  0.4329  1.857809  1.857806  0.000003  8.306439  8.306439  0.167960  0.000001  3.303450e-01  7.167287e-01  7.167287e-01  0.007713  1.3071  6.120144e+05  3.774422e-01  2.467016e+57  1.423790e+52  5.076156e-06  -1.117208e+104  +1  -1  1
0.4329  11101.1575  153.3942  10585.8164  0.4329  1.834902  1.834899  0.000002  8.251597  8.251597  0.157929  0.000001  3.284403e-01  7.071723e-01  7.071723e-01  0.007748  1.3515  6.073566e+05  3.137719e-01  2.419628e+57  1.183612e+52  4.781224e-06  -7.708427e+103  +1  -1  1
0.4329  12513.4446  153.3942  11998.1012  0.4329  1.813278  1.813276  0.000002  8.203057  8.203057  0.148479  0.000001  3.264902e-01  6.975518e-01  6.975518e-01  0.007800  1.4016  6.027009e+05  2.607483e-01  2.375258e+57  9.835962e+51  4.882504e-06  -5.041230e+103  +1  -1  1
0.4329  14114.1489  153.3942  13598.8032  0.4329  1.793039  1.793038  0.000001  8.160712  8.160712  0.139580  0.000001  3.245214e-01  6.880019e-01  6.880019e-01  0.007864  1.4566  5.987216e+05  2.166162e-01  2.338365e+57  8.171207e+51  4.649148e-06  -3.365629e+103  +1  -1  1
0.4329  15928.3955  153.3942  15413.0595  0.4329  1.774279  1.774278  0.000001  8.124547  8.124547  0.131201  0.000001  3.225554e-01  6.786249e-01  6.786249e-01  0.007937  1.5154  5.942049e+05  1.799027e-01  2.300238e+57  6.786302e+51  4.043233e-06  -2.418474e+103  +1  -1  1
0.4329  17984.7070  153.3942  17469.3612  0.4329  1.757062  1.757061  0.000001  8.094369  8.094369  0.123316  0.000001  3.206163e-01  6.695273e-01  6.695273e-01  0.008017  1.5776  5.898311e+05  1.493745e-01  2.265360e+57  5.634712e+51  3.828000e-06  -1.614933e+103  +1  -1  1
0.4329  20310.1824  153.3942  19794.8396  0.4329  1.741469  1.741468  0.000001  8.070018  8.070018  0.115910  0.000000  3.187299e-01  6.608177e-01  6.608177e-01  0.008099  1.6414  5.856443e+05  1.240473e-01  2.233786e+57  4.679320e+51  3.724199e-06  -1.184523e+103  +1  -1  1

0.5926  103.0404  155.9907  1.0000  0.5926  0.080738  0.073522  0.007216  20.090305  20.090305  2.363846  0.089375  5.935750e-03  5.989128e-03  5.989138e-03  0.009261  837851476.9189  1.101342e+04  1.072414e+03  9.140893e+55  4.043739e+55  6.570377e-06  1.312518e+109  +1  +1  0
0.5926  107.6573  155.9907  1.1334  0.5926  0.087737  0.080665  0.007072  18.296759  18.296759  2.347792  0.080600  7.082534e-03  7.158676e-03  7.158686e-03  0.011092  414915865.5762  1.209999e+04  1.050958e+03  1.006121e+56  3.962821e+55  6.566973e-06  1.269118e+109  +1  +1  0
0.5926  113.1115  155.9907  1.2846  0.5926  0.096112  0.089238  0.006875  16.890937  16.890937  2.325916  0.071526  8.404385e-03  8.511842e-03  8.511852e-03  0.013954  221852524.0033  1.340548e+04  1.021653e+03  1.115916e+56  3.852337e+55  6.556850e-06  1.260099e+109  +1  +1  0
0.5926  119.1072  155.9907  1.4560  0.5926  0.105872  0.099234  0.006639  15.777752  15.777752  2.299040  0.062703  9.911030e-03  1.006085e-02  1.006086e-02  0.017909  124849475.8247  1.493071e+04  9.865711e+02  1.243486e+56  3.720058e+55  6.542032e-06  1.352754e+109  +1  +1  0
0.5926  125.0167  155.9907  1.6503  0.5926  0.117058  0.110662  0.006396  14.895590  14.895590  2.270709  0.054644  1.160715e-02  1.181323e-02  1.181324e-02  0.022986  72736567.1409  1.667886e+04  9.505966e+02  1.388282e+56  3.584405e+55  6.524211e-06  1.404531e+109  +1  +1  0
0.5926  131.6026  155.9907  1.8704  0.5926  0.129699  0.123542  0.006157  14.198954  14.198954  2.242016  0.047474  1.349157e-02  1.377089e-02  1.377090e-02  0.029142  43463157.2289  1.865496e+04  9.150486e+02  1.550044e+56  3.450362e+55  6.503760e-06  1.464349e+109  +1  +1  0
0.5926  137.9494  155.9907  2.1200  0.5926  0.143778  0.137855  0.005923  13.649700  13.649700  2.213182  0.041196  1.555789e-02  1.593064e-02  1.593065e-02  0.036246  26510631.1365  2.085834e+04  8.802407e+02  1.728403e+56  3.319109e+55  6.481217e-06  1.244105e+109  +1  +1  0
0.5926  152.7256  155.9907  2.4028  0.5926  0.158439  0.152890  0.005550  13.243669  13.243669  2.165949  0.035027  1.767000e-02  1.815258e-02  1.815259e-02  0.043712  16917058.6503  2.318004e+04  8.247132e+02  1.914674e+56  3.109759e+55  6.456082e-06  1.652240e+109  +1  +1  0
0.5926  157.6382  155.9907  2.7234  0.5926  0.173947  0.168650  0.005297  12.909606  12.909606  2.132205  0.030453  1.990154e-02  2.051607e-02  2.051608e-02  0.051373  10970191.6437  2.562502e+04  7.872238e+02  2.108945e+56  2.968361e+55  6.427376e-06  1.972467e+109  +1  +1  0
0.5926  162.7167  155.9907  3.0867  0.5926  0.190937  0.185799  0.005139  12.626692  12.626692  2.110636  0.026913  2.233485e-02  2.311210e-02  2.311211e-02  0.059339  7117656.9442  2.829838e+04  7.636573e+02  2.319751e+56  2.879494e+55  6.397033e-06  2.065236e+109  +1  +1  0
0.5926  167.9681  155.9907  3.4985  0.5926  0.209897  0.204913  0.004984  12.386493  12.386493  2.089252  0.023746  2.502881e-02  2.600947e-02  2.600948e-02  0.067635  4590719.7819  3.129290e+04  7.406961e+02  2.554432e+56  2.792913e+55  6.365085e-06  2.187568e+109  +1  +1  0
0.5926  173.4000  155.9907  3.9652  0.5926  0.231386  0.226556  0.004830  12.185915  12.185915  2.067483  0.020875  2.804534e-02  2.928315e-02  2.928317e-02  0.076289  2931352.8817  3.470118e+04  7.177957e+02  2.820237e+56  2.706562e+55  6.330982e-06  2.338757e+109  +1  +1  0
0.5926  179.0190  155.9907  4.4943  0.5926  0.255853  0.251177  0.004677  12.025378  12.025378  2.045302  0.018278  3.142491e-02  3.298830e-02  3.298831e-02  0.085246  1854441.1333  3.860031e+04  6.949494e+02  3.123133e+56  2.620415e+55  6.293408e-06  2.501601e+109  +1  +1  0
0.5926  184.8335  155.9907  5.0939  0.5926  0.283638  0.279115  0.004523  11.904705  11.904705  2.022679  0.015947  3.519070e-02  3.716439e-02  3.716440e-02  0.094351  1165507.3228  4.305303e+04  6.721501e+02  3.467855e+56  2.534445e+55  6.251986e-06  2.662715e+109  +1  +1  0
0.5926  190.8524  155.9907  5.7734  0.5926  0.315015  0.310644  0.004370  11.822122  11.822122  1.999585  0.013873  3.935654e-02  4.184364e-02  4.184366e-02  0.103385  729932.1605  4.811283e+04  6.493933e+02  3.858279e+56  2.448636e+55  6.206796e-06  2.814221e+109  +1  +1  0
0.5926  197.0844  155.9907  6.5437  0.5926  0.350219  0.346001  0.004217  11.774618  11.774618  1.975988  0.012042  4.393132e-02  4.705593e-02  4.705594e-02  0.112101  456717.1649  5.383057e+04  6.266754e+02  4.298001e+56  2.362973e+55  6.156823e-06  2.951938e+109  +1  +1  0
0.5926  203.5396  155.9907  7.4167  0.5926  0.389465  0.385400  0.004065  11.758464  11.758464  1.951859  0.010437  4.892143e-02  5.283159e-02  5.283160e-02  0.120250  286087.4246  6.025657e+04  6.039969e+02  4.790460e+56  2.277460e+55  6.101984e-06  3.073679e+109  +1  +1  0
0.5926  210.2287  155.9907  8.4062  0.5926  0.432947  0.429035  0.003913  11.769726  11.769726  1.927162  0.009037  5.433131e-02  5.920236e-02  5.920237e-02  0.127596  179678.2746  6.744061e+04  5.813561e+02  5.338855e+56  2.192088e+55  6.042336e-06  3.177460e+109  +1  +1  0
0.5926  217.1631  155.9907  9.5277  0.5926  0.480842  0.477081  0.003761  11.804450  11.804450  1.901866  0.007821  6.016419e-02  6.620253e-02  6.620254e-02  0.133933  113268.1229  7.543293e+04  5.587585e+02  5.946479e+56  2.106879e+55  5.977260e-06  3.261419e+109  +1  +1  0
0.5926  224.3537  155.9907  10.7988  0.5926  0.533297  0.529688  0.003609  11.839653  11.839653  1.875941  0.006767  6.652910e-02  7.400185e-02  7.400186e-02  0.140216  71721.1317  8.428412e+04  5.362125e+02  6.616251e+56  2.021866e+55  5.906616e-06  3.324328e+109  +1  +1  0
0.5926  231.8138  155.9907  12.2395  0.5926  0.590435  0.586977  0.003458  11.883506  11.883506  1.849352  0.005856  7.338528e-02  8.259766e-02  8.259767e-02  0.145727  45646.1043  9.404351e+04  5.137253e+02  7.351024e+56  1.937074e+55  5.830334e-06  3.364460e+109  +1  +1  0
0.5926  239.5612  155.9907  13.8724  0.5926  0.652339  0.649032  0.003307  11.945333  11.945333  1.822064  0.005069  8.065973e-02  9.194739e-02  9.194740e-02  0.149606  29212.8908  1.047598e+05  4.913090e+02  8.153413e+56  1.852549e+55  5.748540e-06  3.380534e+109  +1  +1  0
0.5926  247.6067  155.9907  15.7232  0.5926  0.719046  0.715890  0.003157  12.021799  12.021799  1.794053  0.004390  8.834238e-02  1.020896e-01  1.020897e-01  0.151800  18807.6569  1.164758e+05  4.689849e+02  9.025166e+56  1.768372e+55  5.659586e-06  3.373504e+109  +1  +1  0
0.5926  255.9695  155.9907  17.8208  0.5926  0.790538  0.787531  0.003007  12.109502  12.109502  1.765286  0.003804  9.642249e-02  1.130676e-01  1.130676e-01  0.152339  12185.0715  1.292404e+05  4.467718e+02  9.968577e+56  1.684614e+55  5.565422e-06  3.340247e+109  +1  +1  0
0.5926  264.6662  155.9907  20.1984  0.5926  0.866734  0.863875  0.002859  12.205455  12.205455  1.735738  0.003299  1.048850e-01  1.249242e-01  1.249242e-01  0.151291  7946.0919  1.430749e+05  4.246970e+02  1.098329e+57  1.601377e+55  5.464558e-06  3.281558e+109  +1  +1  0
0.5926  273.7197  155.9907  22.8931  0.5926  0.947481  0.944769  0.002712  12.306729  12.306729  1.705382  0.002862  1.137128e-01  1.377055e-01  1.377055e-01  0.148800  5217.5254  1.580265e+05  4.027872e+02  1.207088e+57  1.518763e+55  5.356091e-06  3.198318e+109  +1  +1  0
0.5926  283.1505  155.9907  25.9473  0.5926  1.032550  1.029985  0.002566  12.410634  12.410634  1.674203  0.002485  1.228850e-01  1.514580e-01  1.514580e-01  0.145021  3450.2042  1.740997e+05  3.810801e+02  1.322923e+57  1.436913e+55  5.243444e-06  3.089513e+109  +1  +1  0
0.5926  292.9824  155.9907  29.4090  0.5926  1.121630  1.119209  0.002421  12.514885  12.514885  1.642183  0.002159  1.323746e-01  1.662247e-01  1.662247e-01  0.140114  2298.0875  1.913078e+05  3.596139e+02  1.445662e+57  1.355971e+55  5.026933e-06  2.834319e+109  +1  +1  0
0.5926  548.6687  155.9907  33.3326  0.5926  1.145538  1.144222  0.001316  12.511143  12.511143  1.340086  0.001149  1.352366e-01  1.707910e-01  1.707910e-01  0.138206  2036.8732  1.962695e+05  1.954891e+02  1.480028e+57  7.371152e+54  9.382802e-06  -1.989766e+108  +1  -1  1
0.5926  553.1161  155.9907  37.7796  0.5926  1.141036  1.139763  0.001274  12.417051  12.417051  1.325512  0.001116  1.357259e-01  1.715770e-01  1.715770e-01  0.135342  1958.9772  1.957710e+05  1.891685e+02  1.473604e+57  7.132824e+54  -2.908605e-05  -1.470684e+108  -1  -1  1
0.5926  558.1558  155.9907  42.8198  0.5926  1.138817  1.137589  0.001228  12.290570  12.290570  1.309554  0.001078  1.368560e-01  1.733985e-01  1.733985e-01  0.130654  1814.3223  1.958824e+05  1.824063e+02  1.470014e+57  6.877849e+54  -1.967535e-05  -1.416859e+106  -1  -1  1
0.5926  563.8691  155.9907  48.5326  0.5926  1.142805  1.141626  0.001180  12.144438  12.144438  1.292146  0.001032  1.389877e-01  1.768579e-01  1.768579e-01  0.124557  1601.0127  1.974108e+05  1.752160e+02  1.475134e+57  6.606730e+54  2.878593e-06  2.022794e+108  +1  +1  1
0.5926  570.3441  155.9907  55.0074  0.5926  1.154973  1.153845  0.001129  11.988135  11.988135  1.273231  0.000977  1.422990e-01  1.822925e-01  1.822925e-01  0.117485  1342.3945  2.009242e+05  1.676208e+02  1.493005e+57  6.320341e+54  3.732403e-06  3.655257e+108  +1  +1  1
0.5926  577.6823  155.9907  62.3461  0.5926  1.176517  1.175442  0.001075  11.830404  11.830404  1.252765  0.000914  1.468860e-01  1.899468e-01  1.899468e-01  0.109880  1071.3333  2.061582e+05  1.596542e+02  1.521771e+57  6.019950e+54  4.100877e-06  4.881337e+108  +1  +1  1
0.5926  586.0010  155.9907  70.6639  0.5926  1.207990  1.206971  0.001019  11.678711  11.678711  1.230721  0.000844  1.527743e-01  1.999939e-01  1.999939e-01  0.102142  818.2015  2.139015e+05  1.513607e+02  1.566750e+57  5.707234e+54  4.143000e-06  5.758286e+108  +1  +1  1
0.5926  595.4279  155.9907  80.0914  0.5926  1.249303  1.248341  0.000962  11.538793  11.538793  1.207090  0.000770  1.599150e-01  2.125265e-01  2.125265e-01  0.094542  602.6818  2.236619e+05  1.427954e+02  1.624320e+57  5.384270e+54  4.152603e-06  6.204102e+108  +1  +1  1
0.5926  606.1136  155.9907  90.7766  0.5926  1.299817  1.298914  0.000903  11.414345  11.414345  1.181885  0.000695  1.681949e-01  2.275622e-01  2.275622e-01  0.087258  432.1650  2.361578e+05  1.340232e+02  1.699156e+57  5.053502e+54  4.058307e-06  6.289327e+108  +1  +1  1
0.5926  618.2249  155.9907  102.8874  0.5926  1.358412  1.357570  0.000843  11.306803  11.306803  1.155142  0.000620  1.774490e-01  2.450471e-01  2.450471e-01  0.080361  304.5007  2.505519e+05  1.251174e+02  1.785011e+57  4.717699e+54  4.068916e-06  5.841370e+108  +1  +1  1
0.5926  631.9498  155.9907  116.6139  0.5926  1.423641  1.422859  0.000783  11.215781  11.215781  1.126921  0.000550  1.874790e-01  2.648686e-01  2.648686e-01  0.073866  212.6121  2.666112e+05  1.161578e+02  1.879838e+57  4.379864e+54  3.986484e-06  5.297831e+108  +1  +1  1
0.5926  647.5096  155.9907  132.1717  0.5926  1.493840  1.493118  0.000723  11.139397  11.139397  1.097307  0.000484  1.980725e-01  2.868670e-01  2.868670e-01  0.067738  148.1219  2.846220e+05  1.072279e+02  1.985145e+57  4.043151e+54  3.809015e-06  4.741532e+108  +1  +1  1
0.5926  665.1426  155.9907  149.8051  0.5926  1.567239  1.566576  0.000663  11.074937  11.074937  1.066409  0.000423  2.090141e-01  3.108380e-01  3.108380e-01  0.061965  103.5572  3.044174e+05  9.841247e+01  2.099364e+57  3.710756e+54  3.673458e-06  4.055904e+108  +1  +1  1
0.5926  685.1283  155.9907  169.7911  0.5926  1.642083  1.641478  0.000605  11.019315  11.019315  1.034360  0.000369  2.201011e-01  3.365474e-01  3.365474e-01  0.056522  72.9484  3.250105e+05  8.979403e+01  2.215069e+57  3.385787e+54  3.536553e-06  3.321394e+108  +1  +1  1
0.5926  707.7821  155.9907  192.4434  0.5926  1.716686  1.716137  0.000549  10.969434  10.969434  1.001310  0.000320  2.311470e-01  3.637273e-01  3.637273e-01  0.051407  51.9385  3.467589e+05  8.145032e+01  2.334469e+57  3.071177e+54  3.330417e-06  2.730567e+108  +1  +1  1
0.5926  733.4544  155.9907  218.1178  0.5926  1.789495  1.789000  0.000495  10.922327  10.922327  0.967428  0.000277  2.419898e-01  3.920876e-01  3.920876e-01  0.046625  37.4576  3.693410e+05  7.345104e+01  2.455006e+57  2.769555e+54  3.123800e-06  2.173709e+108  +1  +1  1
0.5926  762.5564  155.9907  247.2176  0.5926  1.859144  1.858700  0.000444  10.875440  10.875440  0.932894  0.000239  2.524921e-01  4.213155e-01  4.213155e-01  0.042176  27.3991  3.924108e+05  6.585585e+01  2.574030e+57  2.483169e+54  2.977143e-06  1.631448e+108  +1  +1  1
0.5926  795.5386  155.9907  280.1996  0.5926  1.924480  1.924084  0.000396  10.826644  10.826644  0.897896  0.000206  2.625434e-01  4.510851e-01  4.510851e-01  0.038078  20.3505  4.146731e+05  5.871284e+01  2.682497e+57  2.213834e+54  2.839175e-06  1.187904e+108  +1  +1  1
0.5926  832.9189  155.9907  317.5819  0.5926  1.984565  1.984214  0.000351  10.774203  10.774203  0.862626  0.000177  2.720583e-01  4.810614e-01  4.810614e-01  0.034332  15.3566  4.365756e+05  5.205719e+01  2.783449e+57  1.962875e+54  2.589885e-06  8.836252e+107  +1  +1  1
0.5926  875.2916  155.9907  359.9514  0.5926  2.038698  2.038388  0.000310  10.716964  10.716964  0.827274  0.000152  2.809718e-01  5.108974e-01  5.108974e-01  0.030937  11.7782  4.588298e+05  4.591138e+01  2.882113e+57  1.731140e+54  2.331528e-06  6.465940e+107  +1  +1  1
0.5926  923.3117  155.9907  407.9736  0.5926  2.086383  2.086112  0.000272  10.653933  10.653933  0.792023  0.000130  2.892450e-01  5.402670e-01  5.402670e-01  0.027882  9.1811  4.801803e+05  4.028537e+01  2.969985e+57  1.519005e+54  2.135034e-06  4.378812e+107  +1  +1  1
0.5926  977.7420  155.9907  462.4025  0.5926  2.127344  2.127107  0.000237  10.584725  10.584725  0.757048  0.000112  2.968519e-01  5.688399e-01  5.688399e-01  0.025151  7.2739  5.002449e+05  3.517763e+01  3.044738e+57  1.326412e+54  1.937471e-06  2.816072e+107  +1  +1  1
0.5926  1039.4339  155.9907  524.0930  0.5926  2.161474  2.161267  0.000206  10.509141  10.509141  0.722509  0.000095  3.037836e-01  5.963105e-01  5.963105e-01  0.022729  5.8569  5.187891e+05  3.057688e+01  3.105285e+57  1.152935e+54  1.681018e-06  1.806872e+107  +1  +1  1
0.5926  1109.3497  155.9907  594.0138  0.5926  2.188827  2.188649  0.000179  10.427259  10.427259  0.688554  0.000082  3.100438e-01  6.224011e-01  6.224011e-01  0.020590  4.7913  5.367124e+05  2.646337e+01  3.158437e+57  9.978303e+53  1.405393e-06  1.113870e+107  +1  +1  1
0.5926  1188.6046  155.9907  673.2629  0.5926  2.209586  2.209432  0.000154  10.339298  10.339298  0.655312  0.000070  3.156469e-01  6.468716e-01  6.468716e-01  0.018703  3.9793  5.527182e+05  2.281100e+01  3.195813e+57  8.601139e+53  1.123396e-06  6.174909e+106  +1  +1  1
0.5926  1278.4252  155.9907  763.0849  0.5926  2.224036  2.223904  0.000132  10.245775  10.245775  0.622894  0.000059  3.206111e-01  6.695031e-01  6.695031e-01  0.017051  3.3557  5.677755e+05  1.958911e+01  3.224821e+57  7.386289e+53  7.771146e-07  3.538309e+106  +1  +1  1
0.5926  1380.2298  155.9907  864.8903  0.5926  2.232555  2.232442  0.000113  10.147411  10.147411  0.591394  0.000051  3.249590e-01  6.901105e-01  6.901105e-01  0.015608  2.8715  5.818219e+05  1.676396e+01  3.245788e+57  6.321035e+53  4.153658e-07  1.473628e+106  +1  +1  1
0.5926  1495.6207  155.9907  980.2778  0.5926  2.235562  2.235466  0.000096  10.044726  10.044726  0.560888  0.000043  3.287232e-01  7.085816e-01  7.085816e-01  0.014349  2.4922  5.936508e+05  1.430048e+01  3.250980e+57  5.392153e+53  1.955073e-08  1.327261e+105  +1  +1  1
0.5926  1626.3973  155.9907  1111.0596  0.5926  2.233527  2.233445  0.000082  9.938512  9.938512  0.531435  0.000037  3.319338e-01  7.248243e-01  7.248243e-01  0.013269  2.1953  6.042836e+05  1.216330e+01  3.248210e+57  4.586304e+53  -5.245125e-07  -5.439165e+105  -1  -1  1
0.5926  1774.6318  155.9907  1259.2893  0.5926  2.226934  2.226864  0.000070  9.829495  9.829495  0.503078  0.000031  3.346245e-01  7.387992e-01  7.387992e-01  0.012333  1.9596  6.126634e+05  1.031783e+01  3.230890e+57  3.890449e+53  -1.155750e-06  -8.954205e+105  -1  -1  1
0.5926  1942.6373  155.9907  1427.2948  0.5926  2.216284  2.216225  0.000059  9.718572  9.718572  0.475848  0.000027  3.368252e-01  7.504855e-01  7.504855e-01  0.011525  1.7723  6.198909e+05  8.731063e+00  3.207151e+57  3.292142e+53  -1.947488e-06  -8.734035e+105  -1  -1  1
0.5926  2133.0527  155.9907  1617.7144  0.5926  2.202069  2.202019  0.000050  9.606569  9.606569  0.449758  0.000023  3.385667e-01  7.599018e-01  7.599018e-01  0.010829  1.6229  6.259545e+05  7.371996e+00  3.177549e+57  2.779690e+53  -2.977896e-06  -7.861636e+105  -1  -1  1
0.5926  2348.8827  155.9907  1833.5384  0.5926  2.184773  2.184731  0.000042  9.494209  9.494209  0.424816  0.000019  3.398827e-01  7.671195e-01  7.671195e-01  0.010231  1.5037  6.309050e+05  6.212039e+00  3.142957e+57  2.342316e+53  -4.386850e-06  -6.682971e+105  -1  -1  1
0.5926  2593.4963  155.9907  2078.1562  0.5926  2.164862  2.164827  0.000035  9.382371  9.382371  0.401015  0.000016  3.407997e-01  7.722014e-01  7.722014e-01  0.009720  1.4096  6.348164e+05  5.225161e+00  3.104373e+57  1.970203e+53  -9.466218e-06  -5.889520e+105  -1  -1  1
0.5926  2870.7514  155.9907  2355.4091  0.5926  2.142782  2.142752  0.000030  9.271774  9.271774  0.378342  0.000014  3.413475e-01  7.752582e-01  7.752582e-01  0.009286  1.3358  6.367213e+05  4.387926e+00  3.055380e+57  1.654515e+53  -1.996797e-05  -5.074239e+105  -1  -1  1
0.5926  3184.9955  155.9907  2669.6512  0.5926  2.118956  2.118931  0.000025  9.163179  9.163179  0.356777  0.000012  3.415524e-01  7.764060e-01  7.764060e-01  0.008918  1.2791  6.377032e+05  3.679475e+00  3.003710e+57  1.387386e+53  -2.396822e-05  -3.714552e+105  -1  -1  1
0.5926  3541.1532  155.9907  3025.8172  0.5926  2.093775  2.093754  0.000021  9.057297  9.057297  0.336294  0.000010  3.414389e-01  7.757698e-01  7.757698e-01  0.008614  1.2375  6.387696e+05  3.081374e+00  2.956678e+57  1.161865e+53  1.397871e-04  -2.789257e+105  +1  -1  1
0.5926  3944.8452  155.9907  3429.5004  0.5926  2.067604  2.067587  0.000017  8.954614  8.954614  0.316863  0.000008  3.410375e-01  7.735263e-01  7.735263e-01  0.008362  1.2084  6.381216e+05  2.577477e+00  2.901894e+57  9.718654e+52  3.393849e-05  -2.352241e+105  +1  -1  1
0.5926  4402.3826  155.9907  3887.0401  0.5926  2.040785  2.040770  0.000015  8.855772  8.855772  0.298451  0.000007  3.403709e-01  7.698192e-01  7.698192e-01  0.008158  1.1905  6.359304e+05  2.153732e+00  2.840621e+57  8.120876e+52  1.327698e-05  -1.762209e+105  +1  -1  1
0.5926  4920.9625  155.9907  4405.6215  0.5926  2.013629  2.013616  0.000012  8.761296  8.761296  0.281022  0.000006  3.394632e-01  7.648087e-01  7.648087e-01  0.007997  1.1827  6.340164e+05  1.797973e+00  2.785566e+57  6.779451e+52  1.283633e-05  -1.215433e+105  +1  -1  1
0.5926  5508.7341  155.9907  4993.3885  0.5926  1.986418  1.986408  0.000010  8.671563  8.671563  0.264536  0.000005  3.383412e-01  7.586741e-01  7.586741e-01  0.007875  1.1841  6.315676e+05  1.499735e+00  2.731037e+57  5.654909e+52  9.607738e-06  -9.208515e+104  +1  -1  1
0.5926  6174.9095  155.9907  5659.5711  0.5926  1.959415  1.959407  0.000008  8.587028  8.587028  0.248957  0.000004  3.370274e-01  7.515707e-01  7.515707e-01  0.007787  1.1938  6.278963e+05  1.250042e+00  2.672158e+57  4.713415e+52  7.785643e-06  -6.700412e+104  +1  -1  1
0.5926  6929.9756  155.9907  6414.6311  0.5926  1.932852  1.932845  0.000007  8.508004  8.508004  0.234243  0.000004  3.355463e-01  7.436658e-01  7.436658e-01  0.007730  1.2115  6.246442e+05  1.041236e+00  2.620242e+57  3.926091e+52  7.257855e-06  -4.703111e+104  +1  -1  1
0.5926  7785.7703  155.9907  7270.4259  0.5926  1.906944  1.906938  0.000006  8.434773  8.434773  0.220356  0.000003  3.339228e-01  7.351219e-01  7.351219e-01  0.007701  1.2366  6.203710e+05  8.668027e-01  2.565097e+57  3.268372e+52  6.385077e-06  -3.365841e+104  +1  -1  1
0.5926  8755.7337  155.9907  8240.3948  0.5926  1.881874  1.881869  0.000005  8.367533  8.367533  0.207257  0.000003  3.321809e-01  7.260934e-01  7.260934e-01  0.007696  1.2685  6.166118e+05  7.212177e-01  2.517231e+57  2.719428e+52  6.021724e-06  -2.325612e+104  +1  -1  1
0.5926  9855.1162  155.9907  9339.7702  0.5926  1.857811  1.857807  0.000004  8.306411  8.306411  0.194906  0.000002  3.303466e-01  7.167369e-01  7.167369e-01  0.007712  1.3069  6.120112e+05  5.998083e-01  2.467001e+57  2.261641e+52  5.075850e-06  -1.709421e+104  +1  -1  1
0.5926  11101.1575  155.9907  10585.8164  0.5926  1.834906  1.834902  0.000003  8.251586  8.251586  0.183266  0.000002  3.284414e-01  7.071779e-01  7.071779e-01  0.007747  1.3513  6.073554e+05  4.986344e-01  2.419626e+57  1.880154e+52  4.782985e-06  -1.178983e+104  +1  -1  1
0.5926  12513.4446  155.9907  11998.1012  0.5926  1.813282  1.813279  0.000003  8.203068  8.203068  0.172301  0.000002  3.264905e-01  6.975532e-01  6.975532e-01  0.007799  1.4015  6.027014e+05  4.143766e-01  2.375266e+57  1.562451e+52  4.886216e-06  -7.710120e+103  +1  -1  1
0.5926  14114.1489  155.9907  13598.8032  0.5926  1.793045  1.793042  0.000002  8.160786  8.160786  0.161975  0.000001  3.245195e-01  6.879926e-01  6.879926e-01  0.007864  1.4567  5.987266e+05  3.442458e-01  2.338405e+57  1.298016e+52  4.651593e-06  -5.148344e+103  +1  -1  1
0.5926  15928.3955  155.9907  15413.0595  0.5926  1.774281  1.774279  0.000002  8.124595  8.124595  0.152253  0.000001  3.225539e-01  6.786177e-01  6.786177e-01  0.007936  1.5153  5.942073e+05  2.859039e-01  2.300258e+57  1.078031e+52  4.041808e-06  -3.702116e+103  +1  -1  1
0.5926  17984.7070  155.9907  17469.3612  0.5926  1.757062  1.757060  0.000002  8.094399  8.094399  0.143102  0.000001  3.206151e-01  6.695219e-01  6.695219e-01  0.008017  1.5777  5.898317e+05  2.373899e-01  2.265367e+57  8.951037e+51  3.827183e-06  -2.471793e+103  +1  -1  1
0.5926  20310.1824  155.9907  19794.8396  0.5926  1.741471  1.741470  0.000001  8.070027  8.070027  0.134509  0.000001  3.187300e-01  6.608178e-01  6.608178e-01  0.008099  1.6414  5.856449e+05  1.971410e-01  2.233791e+57  7.433410e+51  3.723742e-06  -1.812771e+103  +1  -1  1

0.8111  103.0404  158.6903  1.0000  0.8111  0.070606  0.059251  0.011355  20.812802  20.812802  2.734959  0.160821  5.010637e-03  5.048614e-03  5.048629e-03  0.007290  1538715574.7793  8.873639e+03  1.691017e+03  7.353869e+55  6.372779e+55  6.588352e-06  1.857184e+109  +1  +1  0
0.8111  107.6573  158.6903  1.1334  0.8111  0.077301  0.066217  0.011085  18.823270  18.823270  2.712776  0.143394  6.065607e-03  6.121358e-03  6.121373e-03  0.008327  676109067.4000  9.930113e+03  1.650793e+03  8.243234e+55  6.221137e+55  6.584995e-06  1.796315e+109  +1  +1  0
0.8111  113.1115  158.6903  1.2846  0.8111  0.085328  0.074552  0.010776  17.276061  17.276061  2.687378  0.126292  7.295057e-03  7.375867e-03  7.375884e-03  0.010319  332967787.8733  1.119572e+04  1.604855e+03  9.302475e+55  6.048026e+55  6.574802e-06  1.794242e+109  +1  +1  0
0.8111  119.1072  158.6903  1.4560  0.8111  0.094689  0.084255  0.010433  16.058367  16.058367  2.658691  0.110187  8.709221e-03  8.824674e-03  8.824690e-03  0.013360  177756709.9251  1.267211e+04  1.553768e+03  1.053423e+56  5.855522e+55  6.559975e-06  1.934610e+109  +1  +1  0
0.8111  125.0167  158.6903  1.6503  0.8111  0.105431  0.095373  0.010058  15.094964  15.094964  2.626375  0.095395  1.031614e-02  1.047857e-02  1.047859e-02  0.017531  100028671.6041  1.436779e+04  1.497787e+03  1.194371e+56  5.644548e+55  6.542522e-06  2.022613e+109  +1  +1  0
0.8111  131.6026  158.6903  1.8704  0.8111  0.117636  0.107956  0.009681  14.331693  14.331693  2.593104  0.082294  1.212344e-02  1.234846e-02  1.234848e-02  0.022871  58218094.8809  1.629231e+04  1.441660e+03  1.353059e+56  5.433022e+55  6.522170e-06  2.129658e+109  +1  +1  0
0.8111  137.9494  158.6903  2.1200  0.8111  0.131352  0.122041  0.009311  13.728990  13.728990  2.559629  0.070888  1.413122e-02  1.443799e-02  1.443801e-02  0.029336  34706875.0727  1.845407e+04  1.386631e+03  1.529551e+56  5.225627e+55  6.500115e-06  1.817753e+109  +1  +1  0
0.8111  152.7256  158.6903  2.4028  0.8111  0.145771  0.137000  0.008771  13.288696  13.288696  2.509477  0.060171  1.620211e-02  1.660682e-02  1.660684e-02  0.036417  21744644.6667  2.075660e+04  1.306136e+03  1.715857e+56  4.922338e+55  6.475885e-06  2.464660e+109  +1  +1  0
0.8111  157.6382  158.6903  2.7234  0.8111  0.161295  0.152947  0.008348  12.925508  12.925508  2.468193  0.051758  1.843127e-02  1.895702e-02  1.895703e-02  0.044026  13798749.9255  2.322208e+04  1.243195e+03  1.913324e+56  4.685076e+55  6.447310e-06  2.966486e+109  +1  +1  0
0.8111  162.7167  158.6903  3.0867  0.8111  0.178440  0.170378  0.008062  12.620240  12.620240  2.439362  0.045182  2.088363e-02  2.156145e-02  2.156147e-02  0.052174  8756474.3927  2.593032e+04  1.200621e+03  2.128353e+56  4.524594e+55  6.416803e-06  3.102645e+109  +1  +1  0
0.8111  167.9681  158.6903  3.4985  0.8111  0.197517  0.189697  0.007819  12.366433  12.366433  2.414582  0.039588  2.359071e-02  2.445973e-02  2.445975e-02  0.060773  5545134.6507  2.894718e+04  1.164435e+03  2.366165e+56  4.388220e+55  6.384333e-06  3.270230e+109  +1  +1  0
0.8111  173.4000  158.6903  3.9652  0.8111  0.218975  0.211397  0.007577  12.157324  12.157324  2.389389  0.034604  2.660343e-02  2.771442e-02  2.771443e-02  0.069767  3490352.8325  3.235372e+04  1.128390e+03  2.633068e+56  4.252379e+55  6.349658e-06  3.472630e+109  +1  +1  0
0.8111  179.0190  158.6903  4.4943  0.8111  0.243293  0.235956  0.007336  11.990451  11.990451  2.363746  0.030155  2.996920e-02  3.138746e-02  3.138748e-02  0.079093  2181070.2424  3.623102e+04  1.092468e+03  2.935343e+56  4.117000e+55  6.311664e-06  3.702540e+109  +1  +1  0
0.8111  184.8335  158.6903  5.0939  0.8111  0.270878  0.263781  0.007096  11.864774  11.864774  2.337617  0.026196  3.372059e-02  3.552808e-02  3.552810e-02  0.088613  1354977.2054  4.065225e+04  1.056651e+03  3.278600e+56  3.982020e+55  6.269898e-06  3.940160e+109  +1  +1  0
0.8111  190.8524  158.6903  5.7734  0.8111  0.302056  0.295200  0.006856  11.778460  11.778460  2.310965  0.022699  3.787744e-02  4.017501e-02  4.017503e-02  0.098121  839007.7599  4.567903e+04  1.020928e+03  3.667373e+56  3.847391e+55  6.224333e-06  4.169993e+109  +1  +1  0
0.8111  197.0844  158.6903  6.5437  0.8111  0.337100  0.330483  0.006617  11.728574  11.728574  2.283751  0.019630  4.245174e-02  4.536162e-02  4.536163e-02  0.107365  519152.6586  5.136807e+04  9.852862e+02  4.105755e+56  3.713072e+55  6.174143e-06  4.382600e+109  +1  +1  0
0.8111  203.5396  158.6903  7.4167  0.8111  0.376244  0.369866  0.006378  11.711364  11.711364  2.255939  0.016953  4.745083e-02  5.111956e-02  5.111957e-02  0.116082  321702.0712  5.777223e+04  9.497235e+02  4.597395e+56  3.579050e+55  6.119408e-06  4.572392e+109  +1  +1  0
0.8111  210.2287  158.6903  8.4062  0.8111  0.419692  0.413552  0.006140  11.722692  11.722692  2.227485  0.014631  5.287921e-02  5.748099e-02  5.748106e-02  0.124008  199956.2515  6.494297e+04  9.142318e+02  5.145658e+56  3.445296e+55  6.059577e-06  4.735993e+109  +1  +1  0
0.8111  217.1631  158.6903  9.5277  0.8111  0.467631  0.461728  0.005903  11.758515  11.758515  2.198355  0.012623  5.873976e-02  6.448023e-02  6.448025e-02  0.130924  124814.7802  7.293295e+04  8.788194e+02  5.753964e+56  3.311842e+55  5.994298e-06  4.869864e+109  +1  +1  0
0.8111  224.3537  158.6903  10.7988  0.8111  0.520205  0.514539  0.005666  11.795151  11.795151  2.168509  0.010891  6.514075e-02  7.228603e-02  7.228604e-02  0.137768  78305.7854  8.179169e+04  8.434931e+02  6.425269e+56  3.178712e+55  5.923305e-06  4.971755e+109  +1  +1  0
0.8111  231.8138  158.6903  12.2395  0.8111  0.577538  0.572109  0.005429  11.840939  11.840939  2.137904  0.009401  7.204042e-02  8.089529e-02  8.089531e-02  0.143807  49409.3201  9.157013e+04  8.082623e+02  7.162470e+56  3.045943e+55  5.846329e-06  5.039073e+109  +1  +1  0
0.8111  239.5612  158.6903  13.8724  0.8111  0.639712  0.634518  0.005194  11.905275  11.905275  2.106501  0.008119  7.936458e-02  9.026502e-02  9.026504e-02  0.148162  31369.9293  1.023166e+05  7.731440e+02  7.968167e+56  2.913597e+55  5.763690e-06  5.070068e+109  +1  +1  0
0.8111  247.6067  158.6903  15.7232  0.8111  0.706759  0.701800  0.004959  11.984613  11.984613  2.074269  0.007017  8.710223e-02  1.004333e-01  1.004333e-01  0.150776  20049.0596  1.140751e+05  7.381683e+02  8.844314e+56  2.781789e+55  5.675646e-06  5.063440e+109  +1  +1  0
0.8111  255.9695  158.6903  17.8208  0.8111  0.778658  0.773932  0.004725  12.075381  12.075381  2.041170  0.006069  9.524174e-02  1.114429e-01  1.114429e-01  0.151663  12901.8828  1.268842e+05  7.033632e+02  9.792100e+56  2.650624e+55  5.580502e-06  5.018828e+109  +1  +1  0
0.8111  264.6662  158.6903  20.1984  0.8111  0.855320  0.850826  0.004493  12.174471  12.174471  2.007173  0.005253  1.037672e-01  1.233363e-01  1.233363e-01  0.150905  8362.0333  1.407853e+05  6.687686e+02  1.081305e+57  2.520253e+55  5.478024e-06  4.935916e+109  +1  +1  0
0.8111  273.7197  158.6903  22.8931  0.8111  0.936587  0.932324  0.004263  12.278866  12.278866  1.972245  0.004552  1.126604e-01  1.361589e-01  1.361589e-01  0.148641  5459.9683  1.558043e+05  6.344258e+02  1.190687e+57  2.390831e+55  5.369854e-06  4.813726e+109  +1  +1  0
0.8111  283.1505  158.6903  25.9473  0.8111  1.022222  1.018188  0.004035  12.385750  12.385750  1.936367  0.003947  1.219002e-01  1.499575e-01  1.499576e-01  0.145030  3592.0703  1.719585e+05  6.003927e+02  1.307257e+57  2.262577e+55  5.255717e-06  4.654113e+109  +1  +1  0
0.8111  292.9824  158.6903  29.4090  0.8111  1.111907  1.108098  0.003809  12.492946  12.492946  1.899518  0.003425  1.314575e-01  1.647727e-01  1.647727e-01  0.140252  2381.7213  1.892554e+05  5.667272e+02  1.430791e+57  2.135707e+55  5.083611e-06  4.271806e+109  +1  +1  0
0.8111  548.6687  158.6903  33.3326  0.8111  1.139934  1.137859  0.002075  12.499658  12.499658  1.551277  0.001820  1.346986e-01  1.699285e-01  1.699285e-01  0.138367  2080.3010  1.950656e+05  3.088193e+02  1.471367e+57  1.163778e+55  1.522113e-04  -1.572190e+108  +1  -1  1
0.8111  553.1161  158.6903  37.7796  0.8111  1.137816  1.135808  0.002008  12.412148  12.412148  1.534485  0.001765  1.353963e-01  1.710474e-01  1.710474e-01  0.135526  1985.6226  1.950616e+05  2.988740e+02  1.468582e+57  1.126299e+55  1.607064e-04  -1.253793e+108  +1  -1  1
0.8111  558.1558  158.6903  42.8198  0.8111  1.136354  1.134417  0.001937  12.289073  12.289073  1.516096  0.001704  1.365766e-01  1.729474e-01  1.729474e-01  0.130897  1836.3628  1.953339e+05  2.882315e+02  1.466237e+57  1.086193e+55  -4.391459e-06  2.210262e+107  -1  +1  1
0.8111  563.8691  158.6903  48.5326  0.8111  1.140552  1.138691  0.001861  12.144766  12.144766  1.496032  0.001632  1.387099e-01  1.764053e-01  1.764053e-01  0.124837  1620.7424  1.968975e+05  2.769124e+02  1.471685e+57  1.043538e+55  3.031448e-06  2.857162e+108  +1  +1  1
0.8111  570.3441  158.6903  55.0074  0.8111  1.152708  1.150927  0.001781  11.989297  11.989297  1.474227  0.001545  1.420062e-01  1.818089e-01  1.818089e-01  0.117771  1359.5969  2.001768e+05  2.649526e+02  1.487984e+57  9.984672e+54  3.820590e-06  5.380225e+108  +1  +1  1
0.8111  577.6823  158.6903  62.3461  0.8111  1.174164  1.172467  0.001697  11.831781  11.831781  1.450630  0.001445  1.465751e-01  1.894233e-01  1.894233e-01  0.110159  1085.4984  2.055732e+05  2.524045e+02  1.517925e+57  9.511797e+54  4.030157e-06  7.447532e+108  +1  +1  1
0.8111  586.0010  158.6903  70.6639  0.8111  1.205541  1.203932  0.001609  11.679853  11.679853  1.425208  0.001335  1.524496e-01  1.994333e-01  1.994333e-01  0.102386  828.9302  2.132501e+05  2.393375e+02  1.562479e+57  9.019372e+54  4.099531e-06  8.799970e+108  +1  +1  1
0.8111  595.4279  158.6903  80.0914  0.8111  1.246802  1.245284  0.001518  11.539565  11.539565  1.397949  0.001218  1.595841e-01  2.119371e-01  2.119372e-01  0.094761  610.3677  2.233112e+05  2.258381e+02  1.622187e+57  8.510649e+54  4.146702e-06  9.340712e+108  +1  +1  1
0.8111  606.1136  158.6903  90.7766  0.8111  1.297315  1.295889  0.001426  11.414655  11.414655  1.368868  0.001099  1.678666e-01  2.269552e-01  2.269552e-01  0.087444  437.3397  2.353667e+05  2.120079e+02  1.693996e+57  7.989457e+54  4.149436e-06  9.241148e+108  +1  +1  1
0.8111  618.2249  158.6903  102.8874  0.8111  1.355975  1.354643  0.001331  11.306757  11.306757  1.338005  0.000982  1.771312e-01  2.444343e-01  2.444343e-01  0.080482  307.7027  2.497040e+05  1.979622e+02  1.779503e+57  7.460151e+54  4.030592e-06  8.915070e+108  +1  +1  1
0.8111  631.9498  158.6903  116.6139  0.8111  1.421316  1.420079  0.001236  11.215408  11.215408  1.305428  0.000870  1.871790e-01  2.642618e-01  2.642619e-01  0.073997  214.7035  2.662358e+05  1.838265e+02  1.877647e+57  6.927448e+54  3.933154e-06  8.155815e+108  +1  +1  1
0.8111  647.5096  158.6903  132.1717  0.8111  1.491672  1.490530  0.001142  11.138826  11.138826  1.271234  0.000765  1.977952e-01  2.862764e-01  2.862764e-01  0.067849  149.4072  2.842510e+05  1.697325e+02  1.983030e+57  6.396318e+54  3.817286e-06  7.194675e+108  +1  +1  1
0.8111  665.1426  158.6903  149.8051  0.8111  1.565263  1.564214  0.001048  11.074334  11.074334  1.235549  0.000670  2.087619e-01  3.102703e-01  3.102704e-01  0.062060  104.3424  3.040633e+05  1.558139e+02  2.097395e+57  5.871800e+54  3.681786e-06  6.112544e+108  +1  +1  1
0.8111  685.1283  158.6903  169.7911  0.8111  1.640313  1.639356  0.000957  11.018697  11.018697  1.198523  0.000583  2.198761e-01  3.360106e-01  3.360106e-01  0.056603  73.4269  3.246657e+05  1.422012e+02  2.213190e+57  5.358809e+54  3.545017e-06  5.047683e+108  +1  +1  1
0.8111  707.7821  158.6903  192.4434  0.8111  1.715126  1.714257  0.000868  10.968839  10.968839  1.160331  0.000506  2.309495e-01  3.632267e-01  3.632267e-01  0.051474  52.2291  3.464320e+05  1.290174e+02  2.332734e+57  4.861978e+54  3.337314e-06  4.134276e+108  +1  +1  1
0.8111  733.4544  158.6903  218.1178  0.8111  1.788146  1.787363  0.000783  10.921817  10.921817  1.121168  0.000438  2.418186e-01  3.916261e-01  3.916261e-01  0.046681  37.6354  3.690413e+05  1.163730e+02  2.453478e+57  4.385477e+54  3.189680e-06  3.217361e+108  +1  +1  1
0.8111  762.5564  158.6903  247.2176  0.8111  1.857997  1.857294  0.000703  10.875042  10.875042  1.081240  0.000378  2.523456e-01  4.208949e-01  4.208949e-01  0.042223  27.5093  3.912377e+05  1.043628e+02  2.566412e+57  3.932877e+54  2.991697e-06  2.452972e+108  +1  +1  1
0.8111  795.5386  158.6903  280.1996  0.8111  1.923511  1.922884  0.000627  10.826302  10.826302  1.040766  0.000326  2.624195e-01  4.507067e-01  4.507067e-01  0.038116  20.4191  4.144169e+05  9.306347e+01  2.681268e+57  3.507065e+54  2.787037e-06  1.860729e+108  +1  +1  1
0.8111  832.9189  158.6903  317.5819  0.8111  1.983768  1.983212  0.000556  10.774037  10.774037  0.999966  0.000280  2.719532e-01  4.807201e-01  4.807201e-01  0.034364  15.4009  4.363513e+05  8.253133e+01  2.782430e+57  3.110164e+54  2.594130e-06  1.339930e+108  +1  +1  1
0.8111  875.2916  158.6903  359.9514  0.8111  2.038042  2.037551  0.000490  10.716827  10.716827  0.959061  0.000241  2.808850e-01  5.105980e-01  5.105980e-01  0.030962  11.8060  4.586283e+05  7.280259e+01  2.881237e+57  2.743540e+54  2.335494e-06  9.806791e+107  +1  +1  1
0.8111  923.3117  158.6903  407.9736  0.8111  2.085859  2.085429  0.000430  10.653924  10.653924  0.918265  0.000206  2.891725e-01  5.400022e-01  5.400022e-01  0.027906  9.2006  4.800058e+05  6.389375e+01  2.969274e+57  2.407813e+54  2.138549e-06  6.643794e+107  +1  +1  1
0.8111  977.7420  158.6903  462.4025  0.8111  2.126926  2.126550  0.000376  10.584744  10.584744  0.877777  0.000177  2.967930e-01  5.686124e-01  5.686124e-01  0.025168  7.2859  5.000920e+05  5.580305e+01  3.044152e+57  2.102918e+54  1.940641e-06  4.274190e+107  +1  +1  1
0.8111  1039.4339  158.6903  524.0930  0.8111  2.161148  2.160821  0.000327  10.509229  10.509229  0.837788  0.000151  3.037353e-01  5.961140e-01  5.961140e-01  0.022741  5.8646  5.186595e+05  4.851322e+01  3.104832e+57  1.828203e+54  1.683860e-06  2.743249e+107  +1  +1  1
0.8111  1109.3497  158.6903  594.0138  0.8111  2.188576  2.188293  0.000283  10.427382  10.427382  0.798466  0.000129  3.100045e-01  6.222333e-01  6.222333e-01  0.020601  4.7969  5.366014e+05  4.199358e+01  3.158079e+57  1.582512e+54  1.408169e-06  1.690782e+107  +1  +1  1
0.8111  1188.6046  158.6903  673.2629  0.8111  2.209395  2.209151  0.000244  10.339405  10.339405  0.759963  0.000110  3.156163e-01  6.467352e-01  6.467352e-01  0.018710  3.9828  5.526214e+05  3.620333e+01  3.195518e+57  1.364309e+54  1.125957e-06  9.379787e+106  +1  +1  1
0.8111  1278.4252  158.6903  763.0849  0.8111  2.223895  2.223686  0.000210  10.245981  10.245981  0.722408  0.000094  3.205844e-01  6.693791e-01  6.693791e-01  0.017058  3.3584  5.676979e+05  3.109425e+01  3.224624e+57  1.171775e+54  7.793839e-07  5.379271e+106  +1  +1  1
0.8111  1380.2298  158.6903  864.8903  0.8111  2.232454  2.232274  0.000179  10.147576  10.147576  0.685910  0.000080  3.249390e-01  6.900138e-01  6.900138e-01  0.015612  2.8732  5.817552e+05  2.661331e+01  3.245634e+57  1.002912e+54  4.177720e-07  2.239799e+106  +1  +1  1
0.8111  1495.6207  158.6903  980.2778  0.8111  2.235492  2.235339  0.000153  10.044884  10.044884  0.650559  0.000068  3.287077e-01  7.085043e-01  7.085043e-01  0.014352  2.4933  5.935956e+05  2.270518e+01  3.250872e+57  8.556356e+53  2.189619e-08  2.041681e+105  +1  +1  1
0.8111  1626.3973  158.6903  1111.0596  0.8111  2.233480  2.233350  0.000130  9.938660  9.938660  0.616423  0.000058  3.319218e-01  7.247628e-01  7.247628e-01  0.013271  2.1961  6.042374e+05  1.931404e+01  3.248133e+57  7.278419e+53  -5.217724e-07  -8.241801e+105  -1  -1  1
0.8111  1774.6318  158.6903  1259.2893  0.8111  2.226905  2.226794  0.000110  9.829658  9.829658  0.583555  0.000050  3.346146e-01  7.387471e-01  7.387471e-01  0.012335  1.9604  6.126269e+05  1.638527e+01  3.230850e+57  6.174724e+53  -1.152699e-06  -1.357974e+106  -1  -1  1
0.8111  1942.6373  158.6903  1427.2948  0.8111  2.216269  2.216176  0.000093  9.718722  9.718722  0.551988  0.000042  3.368177e-01  7.504453e-01  7.504453e-01  0.011527  1.7727  6.198615e+05  1.386666e+01  3.207133e+57  5.225595e+53  -1.944695e-06  -1.326144e+106  -1  -1  1
0.8111  2133.0527  158.6903  1617.7144  0.8111  2.202064  2.201985  0.000079  9.606665  9.606665  0.521741  0.000036  3.385626e-01  7.598794e-01  7.598794e-01  0.010830  1.6230  6.259283e+05  1.170916e+01  3.177528e+57  4.412548e+53  -2.974149e-06  -1.194254e+106  -1  -1  1
0.8111  2348.8827  158.6903  1833.5384  0.8111  2.184774  2.184708  0.000067  9.494309  9.494309  0.492820  0.000030  3.398794e-01  7.671012e-01  7.671012e-01  0.010231  1.5039  6.308838e+05  9.867500e+00  3.142949e+57  3.718527e+53  -4.381609e-06  -1.014888e+106  -1  -1  1
0.8111  2593.4963  158.6903  2078.1562  0.8111  2.164868  2.164812  0.000056  9.382455  9.382455  0.465221  0.000026  3.407976e-01  7.721898e-01  7.721898e-01  0.009721  1.4097  6.347995e+05  8.300451e+00  3.104374e+57  3.127991e+53  -9.431846e-06  -8.941031e+105  -1  -1  1
0.8111  2870.7514  158.6903  2355.4091  0.8111  2.142793  2.142746  0.000047  9.271889  9.271889  0.438928  0.000022  3.413451e-01  7.752449e-01  7.752449e-01  0.009285  1.3358  6.367115e+05  6.970879e+00  3.055413e+57  2.626947e+53  -1.983033e-05  -7.701659e+105  -1  -1  1
0.8111  3184.9955  158.6903  2669.6512  0.8111  2.118968  2.118929  0.000039  9.163352  9.163352  0.413919  0.000019  3.415480e-01  7.763808e-01  7.763809e-01  0.008921  1.2796  6.377007e+05  5.845713e+00  3.003781e+57  2.202933e+53  -2.399789e-05  -5.645329e+105  -1  -1  1
0.8111  3541.1532  158.6903  3025.8172  0.8111  2.093785  2.093752  0.000033  9.057311  9.057311  0.390163  0.000016  3.414400e-01  7.757759e-01  7.757759e-01  0.008613  1.2374  6.387564e+05  4.895726e+00  2.956657e+57  1.844934e+53  1.404661e-04  -4.238785e+105  +1  -1  1
0.8111  3944.8452  158.6903  3429.5004  0.8111  2.067617  2.067590  0.000028  8.954711  8.954711  0.367626  0.000013  3.410360e-01  7.735178e-01  7.735178e-01  0.008362  1.2085  6.381188e+05  4.095305e+00  2.901935e+57  1.543299e+53  3.450132e-05  -3.571777e+105  +1  -1  1
0.8111  4402.3826  158.6903  3887.0401  0.8111  2.040798  2.040775  0.000023  8.855849  8.855849  0.346270  0.000011  3.403701e-01  7.698151e-01  7.698151e-01  0.008158  1.1906  6.359282e+05  3.422155e+00  2.840656e+57  1.289625e+53  1.327851e-05  -2.677772e+105  +1  -1  1
0.8111  4920.9625  158.6903  4405.6215  0.8111  2.013640  2.013621  0.000019  8.761361  8.761361  0.326052  0.000010  3.394626e-01  7.648058e-01  7.648058e-01  0.007998  1.1828  6.340144e+05  2.856976e+00  2.785594e+57  1.076639e+53  1.283857e-05  -1.846925e+105  +1  -1  1
0.8111  5508.7341  158.6903  4993.3885  0.8111  1.986429  1.986413  0.000016  8.671624  8.671624  0.306929  0.000008  3.383408e-01  7.586717e-01  7.586717e-01  0.007875  1.1841  6.315668e+05  2.383148e+00  2.731066e+57  8.980794e+52  9.610678e-06  -1.399285e+105  +1  -1  1
0.8111  6174.9095  158.6903  5659.5711  0.8111  1.959425  1.959411  0.000013  8.587067  8.587067  0.288855  0.000007  3.370275e-01  7.515715e-01  7.515715e-01  0.007787  1.1938  6.278951e+05  1.986429e+00  2.672178e+57  7.485773e+52  7.791117e-06  -1.018022e+105  +1  -1  1
0.8111  6929.9756  158.6903  6414.6311  0.8111  1.932863  1.932851  0.000011  8.508089  8.508089  0.271786  0.000006  3.355449e-01  7.436579e-01  7.436579e-01  0.007731  1.2117  6.246474e+05  1.654657e+00  2.620288e+57  6.235506e+52  7.262681e-06  -7.147377e+104  +1  -1  1
0.8111  7785.7703  158.6903  7270.4259  0.8111  1.906951  1.906942  0.000009  8.434796  8.434796  0.255676  0.000005  3.339232e-01  7.351241e-01  7.351241e-01  0.007700  1.2365  6.203701e+05  1.377490e+00  2.565108e+57  5.191015e+52  6.386232e-06  -5.116434e+104  +1  -1  1
0.8111  8755.7337  158.6903  8240.3948  0.8111  1.881882  1.881875  0.000008  8.367594  8.367594  0.240479  0.000004  3.321800e-01  7.260888e-01  7.260888e-01  0.007696  1.2686  6.166146e+05  1.146154e+00  2.517265e+57  4.319232e+52  6.025807e-06  -3.533173e+104  +1  -1  1
0.8111  9855.1162  158.6903  9339.7702  0.8111  1.857820  1.857813  0.000006  8.306478  8.306478  0.226150  0.000003  3.303454e-01  7.167309e-01  7.167309e-01  0.007713  1.3071  6.120147e+05  9.532278e-01  2.467038e+57  3.592199e+52  5.075496e-06  -2.597684e+104  +1  -1  1
0.8111  11101.1575  158.6903  10585.8164  0.8111  1.834912  1.834907  0.000005  8.251620  8.251620  0.212645  0.000003  3.284413e-01  7.071771e-01  7.071771e-01  0.007747  1.3514  6.073571e+05  7.924521e-01  2.419647e+57  2.986322e+52  4.781763e-06  -1.792175e+104  +1  -1  1
0.8111  12513.4446  158.6903  11998.1012  0.8111  1.813286  1.813282  0.000004  8.203087  8.203087  0.199923  0.000002  3.264906e-01  6.975534e-01  6.975534e-01  0.007800  1.4017  6.027019e+05  6.585539e-01  2.375277e+57  2.481732e+52  4.884296e-06  -1.172235e+104  +1  -1  1
0.8111  14114.1489  158.6903  13598.8032  0.8111  1.793048  1.793044  0.000004  8.160766  8.160766  0.187942  0.000002  3.245208e-01  6.879990e-01  6.879990e-01  0.007864  1.4565  5.987246e+05  5.471044e-01  2.338396e+57  2.061740e+52  4.650140e-06  -7.828100e+103  +1  -1  1
0.8111  15928.3955  158.6903  15413.0595  0.8111  1.774285  1.774282  0.000003  8.124575  8.124575  0.176662  0.000002  3.225554e-01  6.786248e-01  6.786248e-01  0.007937  1.5155  5.942060e+05  4.543869e-01  2.300253e+57  1.712338e+52  4.042531e-06  -5.625730e+103  +1  -1  1
0.8111  17984.7070  158.6903  17469.3612  0.8111  1.757066  1.757064  0.000003  8.094389  8.094389  0.166045  0.000001  3.206164e-01  6.695277e-01  6.695277e-01  0.008017  1.5775  5.898318e+05  3.772870e-01  2.265371e+57  1.421790e+52  3.827269e-06  -3.756874e+103  +1  -1  1
0.8111  20310.1824  158.6903  19794.8396  0.8111  1.741472  1.741470  0.000002  8.070005  8.070005  0.156075  0.000001  3.187310e-01  6.608223e-01  6.608223e-01  0.008098  1.6413  5.856430e+05  3.133213e-01  2.233781e+57  1.180738e+52  3.722893e-06  -2.756307e+103  +1  -1  1

1.1103  103.0404  161.5169  1.0000  1.1103  0.060549  0.042620  0.017929  18.967569  18.967569  3.167882  0.296104  4.714975e-03  4.748586e-03  4.748611e-03  0.005475  1566368258.0503  6.387985e+03  2.677328e+03  5.299299e+55  1.008240e+56  6.611049e-06  2.679093e+109  +1  +1  0
1.1103  107.6573  161.5169  1.1334  1.1103  0.066917  0.049488  0.017430  17.753884  17.753884  3.137801  0.260466  5.567072e-03  5.613996e-03  5.614022e-03  0.006197  772602886.9755  7.425638e+03  2.602908e+03  6.163329e+55  9.802008e+55  6.605931e-06  2.546724e+109  +1  +1  0
1.1103  113.1115  161.5169  1.2846  1.1103  0.074380  0.057469  0.016911  16.658445  16.658445  3.106203  0.227364  6.594854e-03  6.660818e-03  6.660845e-03  0.007522  401987981.9812  8.633802e+03  2.525514e+03  7.165944e+55  9.510519e+55  6.593578e-06  2.500725e+109  +1  +1  0
1.1103  119.1072  161.5169  1.4560  1.1103  0.083059  0.066680  0.016378  15.697281  15.697281  3.073209  0.197192  7.815223e-03  7.908050e-03  7.908078e-03  0.009632  220259697.8065  1.003106e+04  2.445893e+03  8.323701e+55  9.210697e+55  6.578764e-06  2.688675e+109  +1  +1  0
1.1103  125.0167  161.5169  1.6503  1.1103  0.093050  0.077230  0.015820  14.877038  14.877038  3.037923  0.170013  9.238065e-03  9.368081e-03  9.368107e-03  0.012707  125905431.0477  1.163527e+04  2.362389e+03  9.651612e+55  8.896260e+55  6.561493e-06  2.820579e+109  +1  +1  0
1.1103  131.6026  161.5169  1.8704  1.1103  0.104475  0.089243  0.015231  14.188869  14.188869  2.999775  0.145790  1.087538e-02  1.105607e-02  1.105610e-02  0.016887  74001399.0007  1.346697e+04  2.274520e+03  1.116518e+56  8.565351e+55  6.541837e-06  2.998500e+109  +1  +1  0
1.1103  137.9494  161.5169  2.1200  1.1103  0.117442  0.102797  0.014646  13.620304  13.620304  2.960731  0.124705  1.273558e-02  1.298415e-02  1.298418e-02  0.022250  44274196.8208  1.554004e+04  2.187036e+03  1.286827e+56  8.235879e+55  6.520848e-06  2.572532e+109  +1  +1  0
1.1103  152.7256  161.5169  2.4028  1.1103  0.131187  0.117328  0.013859  13.200572  13.200572  2.907080  0.105644  1.467844e-02  1.500974e-02  1.500977e-02  0.028426  27811381.6607  1.776890e+04  2.069456e+03  1.468635e+56  7.793216e+55  6.497523e-06  3.584902e+109  +1  +1  0
1.1103  157.6382  161.5169  2.7234  1.1103  0.146314  0.133130  0.013184  12.841352  12.841352  2.858896  0.090105  1.682893e-02  1.726603e-02  1.726605e-02  0.035477  17521354.0650  2.020286e+04  1.968638e+03  1.665320e+56  7.413475e+55  6.469738e-06  4.337899e+109  +1  +1  0
1.1103  162.7167  161.5169  3.0867  1.1103  0.163276  0.150612  0.012664  12.533649  12.533649  2.820380  0.077560  1.924091e-02  1.981466e-02  1.981468e-02  0.043401  10971953.2768  2.290842e+04  1.891072e+03  1.881977e+56  7.121255e+55  6.439525e-06  4.576117e+109  +1  +1  0
1.1103  167.9681  161.5169  3.4985  1.1103  0.182279  0.170020  0.012259  12.278184  12.278184  2.789791  0.067253  2.192720e-02  2.267581e-02  2.267584e-02  0.052045  6844998.4998  2.592748e+04  1.830614e+03  2.121787e+56  6.893546e+55  6.407267e-06  4.817338e+109  +1  +1  0
1.1103  173.4000  161.5169  3.9652  1.1103  0.203616  0.191738  0.011878  12.070595  12.070595  2.760538  0.058334  2.491523e-02  2.588682e-02  2.588684e-02  0.061258  4253508.9272  2.932382e+04  1.773684e+03  2.389631e+56  6.679152e+55  6.372208e-06  5.092384e+109  +1  +1  0
1.1103  179.0190  161.5169  4.4943  1.1103  0.227700  0.216201  0.011499  11.906142  11.906142  2.730813  0.050500  2.824706e-02  2.950318e-02  2.950321e-02  0.070910  2628739.5433  3.317170e+04  1.717044e+03  2.691223e+56  6.465850e+55  6.333712e-06  5.406431e+109  +1  +1  0
1.1103  184.8335  161.5169  5.0939  1.1103  0.254963  0.243842  0.011121  11.782491  11.782491  2.700568  0.043620  3.196115e-02  3.357989e-02  3.357992e-02  0.080853  1616190.6108  3.754719e+04  1.660651e+03  3.032379e+56  6.253483e+55  6.292202e-06  5.743287e+109  +1  +1  0
1.1103  190.8524  161.5169  5.7734  1.1103  0.285794  0.275048  0.010746  11.697838  11.697838  2.669757  0.037599  3.608517e-02  3.816379e-02  3.816381e-02  0.090880  990225.6986  4.252107e+04  1.604473e+03  3.418364e+56  6.041923e+55  6.246096e-06  6.082853e+109  +1  +1  0
1.1103  197.0844  161.5169  6.5437  1.1103  0.320516  0.310145  0.010371  11.649641  11.649641  2.638330  0.032357  4.063670e-02  4.329435e-02  4.329437e-02  0.100742  606077.3107  4.815955e+04  1.548481e+03  3.854096e+56  5.831067e+55  6.195606e-06  6.405683e+109  +1  +1  0
1.1103  203.5396  161.5169  7.4167  1.1103  0.359402  0.349404  0.009997  11.634550  11.634550  2.606241  0.027817  4.562600e-02  4.900671e-02  4.900673e-02  0.110147  371382.2993  5.451958e+04  1.492658e+03  4.343541e+56  5.620850e+55  6.141331e-06  6.699150e+109  +1  +1  0
1.1103  210.2287  161.5169  8.4062  1.1103  0.402682  0.393057  0.009625  11.648644  11.648644  2.573438  0.023902  5.105852e-02  5.533450e-02  5.533452e-02  0.118818  228269.7092  6.165749e+04  1.436987e+03  4.890489e+56  5.411206e+55  6.081243e-06  6.956608e+109  +1  +1  0
1.1103  217.1631  161.5169  9.5277  1.1103  0.450549  0.441296  0.009254  11.687830  11.687830  2.539875  0.020539  5.693642e-02  6.231173e-02  6.231175e-02  0.126459  140899.0551  6.962772e+04  1.381467e+03  5.498519e+56  5.202128e+55  6.015807e-06  7.170238e+109  +1  +1  0
1.1103  224.3537  161.5169  10.7988  1.1103  0.503163  0.494279  0.008883  11.727858  11.727858  2.505504  0.017655  6.336818e-02  7.010726e-02  7.010729e-02  0.134084  87484.2397  7.848113e+04  1.326105e+03  6.170699e+56  4.993648e+55  5.944178e-06  7.337353e+109  +1  +1  0
1.1103  231.8138  161.5169  12.2395  1.1103  0.560645  0.552131  0.008514  11.777393  11.777393  2.470277  0.015186  7.031053e-02  7.871731e-02  7.871733e-02  0.140850  54646.7689  8.827178e+04  1.270910e+03  6.910224e+56  4.785797e+55  5.867150e-06  7.450235e+109  +1  +1  0
1.1103  239.5612  161.5169  13.8724  1.1103  0.623076  0.614930  0.008146  11.846008  11.846008  2.434144  0.013074  7.768739e-02  8.809792e-02  8.809794e-02  0.145872  34365.8702  9.904250e+04  1.215902e+03  7.719095e+56  4.578652e+55  5.784539e-06  7.507850e+109  +1  +1  0
1.1103  247.6067  161.5169  15.7232  1.1103  0.690484  0.682705  0.007780  11.929923  11.929923  2.397065  0.011267  8.548655e-02  9.828661e-02  9.828663e-02  0.149078  21768.8130  1.108430e+05  1.161122e+03  8.599826e+56  4.372367e+55  5.695591e-06  7.510411e+109  +1  +1  0
1.1103  255.9695  161.5169  17.8208  1.1103  0.762843  0.755428  0.007415  12.025410  12.025410  2.358995  0.009720  9.369506e-02  1.093254e-01  1.093254e-01  0.150480  13893.2718  1.237082e+05  1.106611e+03  9.553470e+56  4.167094e+55  5.600490e-06  7.453533e+109  +1  +1  0
1.1103  264.6662  161.5169  20.1984  1.1103  0.840055  0.833002  0.007053  12.129217  12.129217  2.319897  0.008395  1.022955e-01  1.212560e-01  1.212560e-01  0.150149  8936.1039  1.376781e+05  1.052426e+03  1.058111e+57  3.963049e+55  5.497514e-06  7.338413e+109  +1  +1  0
1.1103  273.7197  161.5169  22.8931  1.1103  0.921955  0.915262  0.006693  12.238225  12.238225  2.279731  0.007259  1.112687e-01  1.341232e-01  1.341232e-01  0.148232  5794.0975  1.527807e+05  9.986292e+02  1.168292e+57  3.760467e+55  5.388491e-06  7.164464e+109  +1  +1  0
1.1103  283.1505  161.5169  25.9473  1.1103  1.008294  1.001958  0.006336  12.349518  12.349518  2.238473  0.006284  1.205921e-01  1.479733e-01  1.479734e-01  0.144885  3787.3702  1.690309e+05  9.453074e+02  1.285739e+57  3.559674e+55  5.273429e-06  6.932972e+109  +1  +1  0
1.1103  292.9824  161.5169  29.4090  1.1103  1.098743  1.092760  0.005983  12.460903  12.460903  2.196097  0.005445  1.302352e-01  1.628460e-01  1.628461e-01  0.140310  2496.6402  1.864371e+05  8.925489e+02  1.410257e+57  3.361003e+55  5.123286e-06  6.367390e+109  +1  +1  0
1.1103  548.6687  161.5169  33.3326  1.1103  1.131045  1.127725  0.003319  12.479999  12.479999  1.805363  0.002935  1.338588e-01  1.685860e-01  1.685860e-01  0.138531  2148.9250  1.931794e+05  4.952768e+02  1.457732e+57  1.865085e+55  2.558869e-06  3.348983e+107  +1  +1  1
1.1103  553.1161  161.5169  37.7796  1.1103  1.132489  1.129327  0.003163  12.401771  12.401771  1.775567  0.002793  1.348752e-01  1.702114e-01  1.702114e-01  0.135702  2026.9048  1.938284e+05  4.719410e+02  1.459762e+57  1.777140e+55  9.472326e-07  -3.503810e+106  +1  -1  1
1.1103  558.1558  161.5169  42.8198  1.1103  1.132402  1.129351  0.003051  12.284011  12.284011  1.754401  0.002694  1.361576e-01  1.722719e-01  1.722719e-01  0.131153  1868.4356  1.943587e+05  4.552076e+02  1.459400e+57  1.714129e+55  5.760582e-07  8.921200e+107  +1  +1  1
1.1103  563.8691  161.5169  48.5326  1.1103  1.137100  1.134168  0.002932  12.142760  12.142760  1.731301  0.002579  1.383129e-01  1.757596e-01  1.757596e-01  0.125151  1648.2740  1.959867e+05  4.374055e+02  1.465429e+57  1.647093e+55  3.127379e-06  4.550366e+108  +1  +1  1
1.1103  570.3441  161.5169  55.0074  1.1103  1.149377  1.146571  0.002806  11.988910  11.988910  1.706192  0.002442  1.416004e-01  1.811396e-01  1.811396e-01  0.118111  1383.1760  1.994403e+05  4.185902e+02  1.483040e+57  1.576242e+55  3.743505e-06  8.221210e+108  +1  +1  1
1.1103  577.6823  161.5169  62.3461  1.1103  1.170795  1.168120  0.002674  11.832038  11.832038  1.679013  0.002284  1.461513e-01  1.887108e-01  1.887109e-01  0.110493  1104.6657  2.048054e+05  3.988431e+02  1.512820e+57  1.501882e+55  4.052305e-06  1.097903e+109  +1  +1  1
1.1103  586.0010  161.5169  70.6639  1.1103  1.202100  1.199563  0.002537  11.680167  11.680167  1.649724  0.002110  1.520103e-01  1.986760e-01  1.986761e-01  0.102698  843.5393  2.124298e+05  3.782728e+02  1.557080e+57  1.424422e+55  4.123647e-06  1.298931e+109  +1  +1  1
1.1103  595.4279  161.5169  80.0914  1.1103  1.243312  1.240917  0.002395  11.539564  11.539564  1.618312  0.001926  1.591374e-01  2.111427e-01  2.111427e-01  0.095031  620.7438  2.224241e+05  3.570142e+02  1.616384e+57  1.344370e+55  4.173261e-06  1.376974e+109  +1  +1  1
1.1103  606.1136  161.5169  90.7766  1.1103  1.293843  1.291594  0.002249  11.414282  11.414282  1.584791  0.001738  1.674228e-01  2.261364e-01  2.261364e-01  0.087673  444.3247  2.344134e+05  3.352266e+02  1.687793e+57  1.262327e+55  4.176382e-06  1.371820e+109  +1  +1  1
1.1103  618.2249  161.5169  102.8874  1.1103  1.352588  1.350488  0.002101  11.305969  11.305969  1.549205  0.001553  1.767012e-01  2.436064e-01  2.436064e-01  0.080714  312.3642  2.486886e+05  3.130912e+02  1.772931e+57  1.178974e+55  4.056547e-06  1.325496e+109  +1  +1  1
1.1103  631.9498  161.5169  116.6139  1.1103  1.418092  1.416141  0.001952  11.214348  11.214348  1.511632  0.001376  1.867721e-01  2.634406e-01  2.634406e-01  0.074158  217.5228  2.651631e+05  2.908049e+02  1.870736e+57  1.095052e+55  3.898748e-06  1.232616e+109  +1  +1  1
1.1103  647.5096  161.5169  132.1717  1.1103  1.488664  1.486862  0.001803  11.137631  11.137631  1.472184  0.001211  1.974175e-01  2.854734e-01  2.854734e-01  0.067990  151.1551  2.837301e+05  2.685753e+02  1.980022e+57  1.011345e+55  3.831550e-06  1.073724e+109  +1  +1  1
1.1103  665.1426  161.5169  149.8051  1.1103  1.562507  1.560851  0.001656  11.073024  11.073024  1.431002  0.001060  2.084190e-01  3.094996e-01  3.094996e-01  0.062178  105.4042  3.028899e+05  2.466134e+02  2.089876e+57  9.286447e+54  3.709018e-06  9.096337e+108  +1  +1  1
1.1103  685.1283  161.5169  169.7911  1.1103  1.637837  1.636325  0.001512  11.017451  11.017451  1.388260  0.000923  2.195691e-01  3.352792e-01  3.352792e-01  0.056702  74.0717  3.241731e+05  2.251250e+02  2.210454e+57  8.477281e+54  3.496798e-06  7.696857e+108  +1  +1  1
1.1103  707.7821  161.5169  192.4434  1.1103  1.712941  1.711569  0.001372  10.967720  10.967720  1.344160  0.000801  2.306788e-01  3.625415e-01  3.625415e-01  0.051561  52.6252  3.459665e+05  2.043048e+02  2.330219e+57  7.693276e+54  3.346716e-06  6.168580e+108  +1  +1  1
1.1103  733.4544  161.5169  218.1178  1.1103  1.786247  1.785009  0.001238  10.920837  10.920837  1.298922  0.000693  2.415835e-01  3.909927e-01  3.909927e-01  0.046748  37.8735  3.686122e+05  1.843281e+02  2.451242e+57  6.941034e+54  3.198588e-06  4.798266e+108  +1  +1  1
1.1103  762.5564  161.5169  247.2176  1.1103  1.856367  1.855256  0.001111  10.874224  10.874224  1.252789  0.000598  2.521432e-01  4.203147e-01  4.203147e-01  0.042284  27.6596  3.908351e+05  1.653456e+02  2.564358e+57  6.226229e+54  2.999924e-06  3.704511e+108  +1  +1  1
1.1103  795.5386  161.5169  280.1996  1.1103  1.922142  1.921151  0.000991  10.825709  10.825709  1.206010  0.000516  2.622471e-01  4.501806e-01  4.501806e-01  0.038167  20.5134  4.140561e+05  1.474793e+02  2.679514e+57  5.553457e+54  2.794027e-06  2.792743e+108  +1  +1  1
1.1103  832.9189  161.5169  317.5819  1.1103  1.982622  1.981743  0.000879  10.773557  10.773557  1.158842  0.000444  2.718082e-01  4.802496e-01  4.802496e-01  0.034405  15.4603  4.360216e+05  1.308195e+02  2.780874e+57  4.926116e+54  2.600289e-06  2.011773e+108  +1  +1  1
1.1103  875.2916  161.5169  359.9514  1.1103  2.037107  2.036331  0.000776  10.716545  10.716545  1.111539  0.000381  2.807635e-01  5.101794e-01  5.101794e-01  0.031001  11.8461  4.583435e+05  1.154246e+02  2.879978e+57  4.346408e+54  2.340829e-06  1.473342e+108  +1  +1  1
1.1103  923.3117  161.5169  407.9736  1.1103  2.085100  2.084419  0.000681  10.653767  10.653767  1.064348  0.000327  2.890716e-01  5.396339e-01  5.396339e-01  0.027929  9.2245  4.797520e+05  1.013219e+02  2.968200e+57  3.815358e+54  2.143455e-06  9.981449e+107  +1  +1  1
1.1103  977.7420  161.5169  462.4025  1.1103  2.126320  2.125725  0.000595  10.584731  10.584731  1.017504  0.000280  2.967088e-01  5.682875e-01  5.682875e-01  0.025192  7.3032  4.998757e+05  8.850989e+01  3.043306e+57  3.332911e+54  1.945056e-06  6.425091e+107  +1  +1  1
1.1103  1039.4339  161.5169  524.0930  1.1103  2.160668  2.160151  0.000518  10.509249  10.509249  0.971224  0.000240  3.036673e-01  5.958377e-01  5.958377e-01  0.022759  5.8758  5.184696e+05  7.696225e+01  3.104131e+57  2.898075e+54  1.688240e-06  4.123191e+107  +1  +1  1
1.1103  1109.3497  161.5169  594.0138  1.1103  2.188205  2.187757  0.000448  10.427448  10.427448  0.925707  0.000205  3.099500e-01  6.220006e-01  6.220006e-01  0.020610  4.8033  5.364376e+05  6.663144e+01  3.157511e+57  2.509059e+54  1.412045e-06  2.542395e+107  +1  +1  1
1.1103  1188.6046  161.5169  673.2629  1.1103  2.209109  2.208723  0.000387  10.339526  10.339526  0.881127  0.000175  3.155718e-01  6.465365e-01  6.465365e-01  0.018721  3.9880  5.524817e+05  5.745371e+01  3.195074e+57  2.163465e+54  1.129584e-06  1.411561e+107  +1  +1  1
1.1103  1278.4252  161.5169  763.0849  1.1103  2.223682  2.223350  0.000332  10.246134  10.246134  0.837637  0.000149  3.205489e-01  6.692139e-01  6.692139e-01  0.017066  3.3617  5.675797e+05  4.935347e+01  3.224281e+57  1.858443e+54  7.828399e-07  8.100962e+106  +1  +1  1
1.1103  1380.2298  161.5169  864.8903  1.1103  2.232298  2.232014  0.000284  10.147768  10.147768  0.795364  0.000127  3.249102e-01  6.898750e-01  6.898750e-01  0.015619  2.8757  5.816593e+05  4.224734e+01  3.245401e+57  1.590856e+54  4.210770e-07  3.378392e+106  +1  +1  1
1.1103  1495.6207  161.5169  980.2778  1.1103  2.235381  2.235138  0.000243  10.045097  10.045097  0.754412  0.000109  3.286843e-01  7.083877e-01  7.083877e-01  0.014358  2.4952  5.935160e+05  3.604816e+01  3.250707e+57  1.357421e+54  2.517642e-08  3.106242e+105  +1  +1  1
1.1103  1626.3973  161.5169  1111.0596  1.1103  2.233401  2.233195  0.000206  9.938844  9.938844  0.714863  0.000092  3.319041e-01  7.246715e-01  7.246715e-01  0.013276  2.1974  6.041684e+05  3.066790e+01  3.247998e+57  1.154823e+54  -5.174511e-07  -1.235295e+106  -1  -1  1
1.1103  1774.6318  161.5169  1259.2893  1.1103  2.226857  2.226681  0.000175  9.829868  9.829868  0.676775  0.000079  3.346002e-01  7.386714e-01  7.386714e-01  0.012339  1.9613  6.125738e+05  2.602033e+01  3.230785e+57  9.798155e+53  -1.148297e-06  -2.038719e+106  -1  -1  1
1.1103  1942.6373  161.5169  1427.2948  1.1103  2.216240  2.216092  0.000148  9.718912  9.718912  0.640191  0.000067  3.368067e-01  7.503862e-01  7.503862e-01  0.011529  1.7733  6.198174e+05  2.202292e+01  3.207093e+57  8.292897e+53  -1.940209e-06  -1.993634e+106  -1  -1  1
1.1103  2133.0527  161.5169  1617.7144  1.1103  2.202049  2.201924  0.000125  9.606841  9.606841  0.605133  0.000057  3.385540e-01  7.598328e-01  7.598328e-01  0.010832  1.6236  6.258919e+05  1.859809e+01  3.177505e+57  7.003250e+53  -2.967795e-06  -1.795134e+106  -1  -1  1
1.1103  2348.8827  161.5169  1833.5384  1.1103  2.184770  2.184664  0.000106  9.494489  9.494489  0.571609  0.000048  3.398723e-01  7.670618e-01  7.670618e-01  0.010234  1.5044  6.308560e+05  1.567421e+01  3.142955e+57  5.902241e+53  -4.371726e-06  -1.525439e+106  -1  -1  1
1.1103  2593.4963  161.5169  2078.1562  1.1103  2.164874  2.164785  0.000089  9.382642  9.382642  0.539614  0.000041  3.407917e-01  7.721568e-01  7.721568e-01  0.009722  1.4100  6.347795e+05  1.318599e+01  3.104406e+57  4.965281e+53  -9.405093e-06  -1.344294e+106  -1  -1  1
1.1103  2870.7514  161.5169  2355.4091  1.1103  2.142803  2.142728  0.000075  9.272073  9.272073  0.509131  0.000035  3.413399e-01  7.752157e-01  7.752157e-01  0.009288  1.3362  6.366973e+05  1.107459e+01  3.055461e+57  4.170218e+53  -1.986633e-05  -1.159029e+106  -1  -1  1
1.1103  3184.9955  161.5169  2669.6512  1.1103  2.118981  2.118918  0.000063  9.163461  9.163461  0.480133  0.000030  3.415459e-01  7.763693e-01  7.763693e-01  0.008920  1.2794  6.376851e+05  9.287600e+00  3.003795e+57  3.497315e+53  -2.389148e-05  -8.494942e+105  -1  -1  1
1.1103  3541.1532  161.5169  3025.8172  1.1103  2.093802  2.093750  0.000052  9.057514  9.057514  0.452586  0.000025  3.414351e-01  7.757487e-01  7.757487e-01  0.008616  1.2378  6.387535e+05  7.778688e+00  2.956743e+57  2.929123e+53  1.389017e-04  -6.375936e+105  +1  -1  1
1.1103  3944.8452  161.5169  3429.5004  1.1103  2.067632  2.067589  0.000044  8.954784  8.954784  0.426452  0.000021  3.410357e-01  7.735163e-01  7.735163e-01  0.008363  1.2086  6.381088e+05  6.507235e+00  2.901951e+57  2.450347e+53  3.406972e-05  -5.378110e+105  +1  -1  1
1.1103  4402.3826  161.5169  3887.0401  1.1103  2.040814  2.040777  0.000037  8.855921  8.855921  0.401685  0.000018  3.403700e-01  7.698144e-01  7.698144e-01  0.008159  1.1906  6.359214e+05  5.437869e+00  2.840680e+57  2.047669e+53  1.329210e-05  -4.029210e+105  +1  -1  1
1.1103  4920.9625  161.5169  4405.6215  1.1103  2.013656  2.013625  0.000031  8.761426  8.761426  0.378237  0.000015  3.394627e-01  7.648062e-01  7.648062e-01  0.007998  1.1828  6.340096e+05  4.539959e+00  2.785620e+57  1.709555e+53  1.284754e-05  -2.779444e+105  +1  -1  1
1.1103  5508.7341  161.5169  4993.3885  1.1103  1.986444  1.986418  0.000026  8.671679  8.671679  0.356058  0.000013  3.383410e-01  7.586731e-01  7.586731e-01  0.007875  1.1842  6.315629e+05  3.787140e+00  2.731088e+57  1.426075e+53  9.613340e-06  -2.105995e+105  +1  -1  1
1.1103  6174.9095  161.5169  5659.5711  1.1103  1.959438  1.959417  0.000021  8.587112  8.587112  0.335096  0.000011  3.370280e-01  7.515740e-01  7.515740e-01  0.007787  1.1939  6.278919e+05  3.156795e+00  2.672196e+57  1.188714e+53  7.789848e-06  -1.532442e+105  +1  -1  1
1.1103  6929.9756  161.5169  6414.6311  1.1103  1.932875  1.932857  0.000018  8.508083  8.508083  0.315298  0.000009  3.355472e-01  7.436705e-01  7.436705e-01  0.007729  1.2113  6.246429e+05  2.629622e+00  2.620289e+57  9.902035e+52  7.261957e-06  -1.075928e+105  +1  -1  1
1.1103  7785.7703  161.5169  7270.4259  1.1103  1.906961  1.906946  0.000015  8.434828  8.434828  0.296611  0.000008  3.339237e-01  7.351267e-01  7.351267e-01  0.007701  1.2366  6.203683e+05  2.189194e+00  2.565123e+57  8.243568e+52  6.388602e-06  -7.699642e+104  +1  -1  1
1.1103  8755.7337  161.5169  8240.3948  1.1103  1.881891  1.881879  0.000012  8.367627  8.367627  0.278983  0.000007  3.321803e-01  7.260904e-01  7.260904e-01  0.007696  1.2686  6.166134e+05  1.821578e+00  2.517278e+57  6.859283e+52  6.027929e-06  -5.317483e+104  +1  -1  1
1.1103  9855.1162  161.5169  9339.7702  1.1103  1.857829  1.857819  0.000010  8.306544  8.306544  0.262362  0.000005  3.303445e-01  7.167260e-01  7.167260e-01  0.007714  1.3072  6.120171e+05  1.514989e+00  2.467072e+57  5.704800e+52  5.076610e-06  -3.910413e+104  +1  -1  1
1.1103  11101.1575  161.5169  10585.8164  1.1103  1.834920  1.834912  0.000008  8.251647  8.251647  0.246697  0.000005  3.284416e-01  7.071788e-01  7.071788e-01  0.007747  1.3514  6.073575e+05  1.259484e+00  2.419663e+57  4.742680e+52  4.780217e-06  -2.698611e+104  +1  -1  1
1.1103  12513.4446  161.5169  11998.1012  1.1103  1.813292  1.813285  0.000007  8.203087  8.203087  0.231939  0.000004  3.264917e-01  6.975588e-01  6.975588e-01  0.007800  1.4016  6.027008e+05  1.046688e+00  2.375280e+57  3.941380e+52  4.884502e-06  -1.764716e+104  +1  -1  1
1.1103  14114.1489  161.5169  13598.8032  1.1103  1.793053  1.793047  0.000006  8.160774  8.160774  0.218040  0.000003  3.245215e-01  6.880023e-01  6.880023e-01  0.007864  1.4565  5.987245e+05  8.695655e-01  2.338403e+57  3.274412e+52  4.651903e-06  -1.177877e+104  +1  -1  1
1.1103  15928.3955  161.5169  15413.0595  1.1103  1.774290  1.774286  0.000005  8.124624  8.124624  0.204955  0.000003  3.225545e-01  6.786205e-01  6.786205e-01  0.007937  1.5156  5.942088e+05  7.222090e-01  2.300280e+57  2.719530e+52  4.043274e-06  -8.467410e+103  +1  -1  1
1.1103  17984.7070  161.5169  17469.3612  1.1103  1.757070  1.757066  0.000004  8.094415  8.094415  0.192638  0.000002  3.206161e-01  6.695264e-01  6.695264e-01  0.008017  1.5776  5.898329e+05  5.996717e-01  2.265384e+57  2.258107e+52  3.826954e-06  -5.656444e+103  +1  -1  1
1.1103  20310.1824  161.5169  19794.8396  1.1103  1.741475  1.741472  0.000003  8.070034  8.070034  0.181072  0.000002  3.187305e-01  6.608202e-01  6.608202e-01  0.008099  1.6415  5.856446e+05  4.980068e-01  2.233796e+57  1.875281e+52  3.723387e-06  -4.148521e+103  +1  -1  1

1.5199  103.0404  164.5077  1.0000  1.5199  0.057238  0.028795  0.028442  13.200683  13.200683  3.675047  0.496916  6.404261e-03  6.466447e-03  6.466502e-03  0.004416  273298540.6539  4.325656e+03  4.262587e+03  3.607156e+55  1.603672e+56  6.610601e-06  3.404370e+109  +1  +1  0
1.5199  107.6573  164.5077  1.1334  1.5199  0.062059  0.034522  0.027538  13.504653  13.504653  3.635163  0.443734  6.787427e-03  6.857322e-03  6.857377e-03  0.005142  237944353.8715  5.190285e+03  4.127301e+03  4.321348e+55  1.552741e+56  6.607032e-06  3.211163e+109  +1  +1  0
1.5199  113.1115  164.5077  1.2846  1.5199  0.067917  0.041278  0.026639  13.625703  13.625703  3.594840  0.392228  7.362137e-03  7.444449e-03  7.444502e-03  0.006173  190289499.1284  6.212068e+03  3.992749e+03  5.161870e+55  1.502102e+56  6.597927e-06  3.178851e+109  +1  +1  0
1.5199  119.1072  164.5077  1.4560  1.5199  0.074968  0.049216  0.025752  13.581283  13.581283  3.554268  0.343506  8.153007e-03  8.254089e-03  8.254139e-03  0.007651  141593731.0060  7.414564e+03  3.859817e+03  6.149611e+55  1.452084e+56  6.586242e-06  3.459513e+109  +1  +1  0
1.5199  125.0167  164.5077  1.6503  1.5199  0.083336  0.058469  0.024866  13.416319  13.416319  3.512952  0.298388  9.174416e-03  9.302633e-03  9.302685e-03  0.009750  100006631.0216  8.819143e+03  3.727030e+03  7.302812e+55  1.402126e+56  6.571898e-06  3.669082e+109  +1  +1  0
1.5199  131.6026  164.5077  1.8704  1.5199  0.093158  0.069186  0.023972  13.179440  13.179440  3.470329  0.257326  1.044012e-02  1.060651e-02  1.060656e-02  0.012668  68092230.3576  1.044983e+04  3.592931e+03  8.641584e+55  1.351678e+56  6.555025e-06  3.969369e+109  +1  +1  0
1.5199  137.9494  164.5077  2.1200  1.5199  0.104575  0.081516  0.023059  12.911646  12.911646  3.425660  0.220499  1.196264e-02  1.218167e-02  1.218172e-02  0.016592  45152567.1010  1.233101e+04  3.455998e+03  1.018574e+56  1.300160e+56  6.537084e-06  3.432786e+109  +1  +1  0
1.5199  152.7256  164.5077  2.4028  1.5199  0.116827  0.094929  0.021898  12.689038  12.689038  3.367471  0.187439  1.359861e-02  1.388243e-02  1.388249e-02  0.021313  30555554.3145  1.438198e+04  3.281763e+03  1.186556e+56  1.234633e+56  6.516587e-06  4.993988e+109  +1  +1  0
1.5199  157.6382  164.5077  2.7234  1.5199  0.130755  0.109913  0.020841  12.454259  12.454259  3.312335  0.159393  1.550675e-02  1.587702e-02  1.587706e-02  0.027111  20158022.8982  1.668197e+04  3.123458e+03  1.373688e+56  1.175068e+56  6.490796e-06  6.083218e+109  +1  +1  0
1.5199  162.7167  164.5077  3.0867  1.5199  0.146794  0.126837  0.019958  12.224951  12.224951  3.264457  0.135957  1.773550e-02  1.822172e-02  1.822176e-02  0.034080  12947558.2000  1.929093e+04  2.991167e+03  1.584334e+56  1.125276e+56  6.462338e-06  6.501895e+109  +1  +1  0
1.5199  167.9681  164.5077  3.4985  1.5199  0.165105  0.145882  0.019223  12.020791  12.020791  3.223443  0.116428  2.028654e-02  2.092550e-02  2.092554e-02  0.042118  8172147.4673  2.224139e+04  2.881152e+03  1.820687e+56  1.083867e+56  6.430936e-06  6.901243e+109  +1  +1  0
1.5199  173.4000  164.5077  3.9652  1.5199  0.185882  0.167281  0.018601  11.850211  11.850211  3.188121  0.100070  2.316827e-02  2.400582e-02  2.400587e-02  0.051057  5099155.9559  2.557431e+04  2.787957e+03  2.085655e+56  1.048801e+56  6.396752e-06  7.304400e+109  +1  +1  0
1.5199  179.0190  164.5077  4.4943  1.5199  0.209407  0.191404  0.018003  11.714743  11.714743  3.153516  0.085973  2.640217e-02  2.749603e-02  2.749607e-02  0.060708  3154665.8376  2.935250e+04  2.698253e+03  2.383887e+56  1.015052e+56  6.359181e-06  7.738793e+109  +1  +1  0
1.5199  184.8335  164.5077  5.0939  1.5199  0.236058  0.218649  0.017409  11.613447  11.613447  3.118386  0.073750  3.002195e-02  3.144534e-02  3.144538e-02  0.070863  1937020.1327  3.364662e+04  2.609150e+03  2.720695e+56  9.815298e+55  6.317617e-06  8.211234e+109  +1  +1  0
1.5199  190.8524  164.5077  5.7734  1.5199  0.266239  0.249420  0.016819  11.545751  11.545751  3.082668  0.063172  3.405893e-02  3.590400e-02  3.590404e-02  0.081299  1182602.8375  3.853008e+04  2.520558e+03  3.101560e+56  9.482002e+55  6.271819e-06  8.699438e+109  +1  +1  0
1.5199  197.0844  164.5077  6.5437  1.5199  0.300326  0.284095  0.016231  11.510632  11.510632  3.046298  0.054046  3.853679e-02  4.091786e-02  4.091790e-02  0.091745  719639.0695  4.407562e+04  2.432406e+03  3.531858e+56  9.150364e+55  6.222042e-06  9.177956e+109  +1  +1  0
1.5199  203.5396  164.5077  7.4167  1.5199  0.338645  0.322998  0.015647  11.506158  11.506158  3.009214  0.046204  4.347058e-02  4.652743e-02  4.652747e-02  0.101896  437611.2144  5.034894e+04  2.344642e+03  4.016303e+56  8.820186e+55  6.167513e-06  9.627725e+109  +1  +1  0
1.5199  210.2287  164.5077  8.4062  1.5199  0.381464  0.366400  0.015064  11.529458  11.529458  2.971352  0.039490  4.886825e-02  5.276953e-02  5.276960e-02  0.111429  266545.6632  5.741404e+04  2.257217e+03  4.559340e+56  8.491288e+55  6.107468e-06  1.003115e+110  +1  +1  0
1.5199  217.1631  164.5077  9.5277  1.5199  0.429011  0.414527  0.014484  11.577163  11.577163  2.932651  0.033761  5.473278e-02  5.967976e-02  5.967979e-02  0.120042  162930.7454  6.532808e+04  2.170109e+03  5.164742e+56  8.163585e+55  6.042280e-06  1.037291e+110  +1  +1  0
1.5199  224.3537  164.5077  10.7988  1.5199  0.481453  0.467548  0.013905  11.624715  11.624715  2.893053  0.028882  6.117213e-02  6.742631e-02  6.742635e-02  0.128599  100087.3827  7.414644e+04  2.083313e+03  5.835943e+56  7.837060e+55  5.971206e-06  1.064557e+110  +1  +1  0
1.5199  231.8138  164.5077  12.2395  1.5199  0.538925  0.525596  0.013329  11.681514  11.681514  2.852497  0.024733  6.814137e-02  7.600478e-02  7.600482e-02  0.136326  61863.5004  8.392056e+04  1.996831e+03  6.575952e+56  7.511716e+55  5.894064e-06  1.083990e+110  +1  +1  0
1.5199  239.5612  164.5077  13.8724  1.5199  0.601506  0.588751  0.012755  11.757517  11.757517  2.810922  0.021206  7.556243e-02  8.537070e-02  8.537074e-02  0.142264  38501.3044  9.470123e+04  1.910682e+03  7.387489e+56  7.187624e+55  5.810374e-06  1.095296e+110  +1  +1  0
1.5199  247.6067  164.5077  15.7232  1.5199  0.669222  0.657038  0.012184  11.848864  11.848864  2.768279  0.018206  8.342090e-02  9.556024e-02  9.556028e-02  0.146310  24143.9228  1.065330e+05  1.824914e+03  8.272625e+56  6.864971e+55  5.721056e-06  1.097967e+110  +1  +1  0
1.5199  255.9695  164.5077  17.8208  1.5199  0.742036  0.730421  0.011615  11.951711  11.951711  2.724513  0.015654  9.170153e-02  1.066139e-01  1.066139e-01  0.148451  15261.9260  1.194535e+05  1.739585e+03  9.232441e+56  6.543968e+55  5.625794e-06  1.091637e+110  +1  +1  0
1.5199  264.6662  164.5077  20.1984  1.5199  0.819845  0.808795  0.011050  12.062672  12.062672  2.679575  0.013479  1.003852e-01  1.185728e-01  1.185728e-01  0.148753  9728.0167  1.334965e+05  1.654771e+03  1.026786e+57  6.224909e+55  5.522175e-06  1.076585e+110  +1  +1  0
1.5199  273.7197  164.5077  22.8931  1.5199  0.902469  0.891979  0.010489  12.178575  12.178575  2.633420  0.011623  1.094504e-01  1.314800e-01  1.314800e-01  0.147345  6254.0142  1.486978e+05  1.570568e+03  1.137921e+57  5.908144e+55  5.412823e-06  1.052418e+110  +1  +1  0
1.5199  283.1505  164.5077  25.9473  1.5199  0.989645  0.979712  0.009933  12.296412  12.296412  2.586013  0.010037  1.188729e-01  1.453813e-01  1.453813e-01  0.144420  4056.2264  1.650577e+05  1.487099e+03  1.256423e+57  5.594145e+55  5.297088e-06  1.019793e+110  +1  +1  0
1.5199  292.9824  164.5077  29.4090  1.5199  1.081029  1.071646  0.009383  12.413922  12.413922  2.537324  0.008680  1.286204e-01  1.603153e-01  1.603153e-01  0.140156  2654.4277  1.826003e+05  1.404499e+03  1.382195e+57  5.283413e+55  5.168010e-06  9.374384e+109  +1  +1  0
1.5199  548.6687  164.5077  33.3326  1.5199  1.117432  1.111904  0.005528  12.447442  12.447442  2.130157  0.004947  1.325937e-01  1.665723e-01  1.665724e-01  0.138587  2254.3380  1.902581e+05  8.273034e+02  1.436526e+57  3.112679e+55  4.234619e-06  5.530616e+108  +1  +1  1
1.5199  553.1161  164.5077  37.7796  1.5199  1.123782  1.118809  0.004973  12.381845  12.381845  2.053237  0.004425  1.340535e-01  1.688969e-01  1.688970e-01  0.135832  2091.8010  1.919151e+05  7.446783e+02  1.445951e+57  2.801286e+55  3.050477e-06  3.122903e+108  +1  +1  1
1.5199  558.1558  164.5077  42.8198  1.5199  1.126046  1.121247  0.004798  12.272224  12.272224  2.028909  0.004261  1.355234e-01  1.712516e-01  1.712516e-01  0.131252  1914.0075  1.928539e+05  7.184016e+02  1.448700e+57  2.702440e+55  2.720963e-06  2.852487e+108  +1  +1  1
1.5199  563.8691  164.5077  48.5326  1.5199  1.131772  1.127160  0.004612  12.136015  12.136015  2.002353  0.004075  1.377414e-01  1.748317e-01  1.748317e-01  0.125464  1686.9576  1.946755e+05  6.904380e+02  1.456281e+57  2.597247e+55  3.348907e-06  7.193289e+108  +1  +1  1
1.5199  570.3441  164.5077  55.0074  1.5199  1.144440  1.140025  0.004416  11.985117  11.985117  1.973480  0.003859  1.410368e-01  1.802121e-01  1.802121e-01  0.118476  1415.3862  1.981747e+05  6.608734e+02  1.474365e+57  2.486032e+55  3.814959e-06  1.203388e+109  +1  +1  1
1.5199  577.6823  164.5077  62.3461  1.5199  1.165953  1.161744  0.004209  11.829756  11.829756  1.942218  0.003610  1.455751e-01  1.877441e-01  1.877441e-01  0.110863  1130.4729  2.034982e+05  6.298337e+02  1.503964e+57  2.369268e+55  4.106875e-06  1.590312e+109  +1  +1  1
1.5199  586.0010  164.5077  70.6639  1.5199  1.197247  1.193254  0.003994  11.678491  11.678491  1.908521  0.003336  1.514185e-01  1.976580e-01  1.976580e-01  0.103047  863.0816  2.110413e+05  5.974879e+02  1.547772e+57  2.247591e+55  4.172590e-06  1.882746e+109  +1  +1  1
1.5199  595.4279  164.5077  80.0914  1.5199  1.238452  1.234681  0.003771  11.537932  11.537932  1.872369  0.003045  1.585378e-01  2.100789e-01  2.100789e-01  0.095343  634.6473  2.209311e+05  5.640465e+02  1.606432e+57  2.121793e+55  4.156906e-06  2.043987e+109  +1  +1  1
1.5199  606.1136  164.5077  90.7766  1.5199  1.289028  1.285485  0.003543  11.412384  11.412384  1.833779  0.002749  1.668275e-01  2.250404e-01  2.250404e-01  0.087948  453.7268  2.332186e+05  5.297590e+02  1.680002e+57  1.992812e+55  4.138882e-06  2.048826e+109  +1  +1  1
1.5199  618.2249  164.5077  102.8874  1.5199  1.347908  1.344597  0.003311  11.303811  11.303811  1.792798  0.002456  1.761233e-01  2.424965e-01  2.424965e-01  0.080954  318.4674  2.474346e+05  4.949089e+02  1.764817e+57  1.861714e+55  4.085295e-06  1.947576e+109  +1  +1  1
1.5199  631.9498  164.5077  116.6139  1.5199  1.413624  1.410548  0.003077  11.211992  11.211992  1.749516  0.002176  1.862228e-01  2.623341e-01  2.623342e-01  0.074359  221.3485  2.638653e+05  4.598057e+02  1.862415e+57  1.729665e+55  3.926288e-06  1.813664e+109  +1  +1  1
1.5199  647.5096  164.5077  132.1717  1.5199  1.484486  1.481643  0.002843  11.135190  11.135190  1.704056  0.001915  1.969065e-01  2.843893e-01  2.843893e-01  0.068158  153.5059  2.823828e+05  4.247758e+02  1.971439e+57  1.597891e+55  3.797626e-06  1.604029e+109  +1  +1  1
1.5199  665.1426  164.5077  149.8051  1.5199  1.558676  1.556064  0.002612  11.070681  11.070681  1.656583  0.001676  2.079520e-01  3.084523e-01  3.084523e-01  0.062329  106.8518  3.021551e+05  3.901513e+02  2.085607e+57  1.467643e+55  3.720459e-06  1.347957e+109  +1  +1  1
1.5199  685.1283  164.5077  169.7911  1.5199  1.634383  1.631997  0.002386  11.015242  11.015242  1.607293  0.001460  2.191499e-01  3.342823e-01  3.342824e-01  0.056834  74.9564  3.227588e+05  3.562576e+02  2.201525e+57  1.340144e+55  3.579594e-06  1.110690e+109  +1  +1  1
1.5199  707.7821  164.5077  192.4434  1.5199  1.709875  1.707709  0.002166  10.965746  10.965746  1.556419  0.001267  2.303073e-01  3.616028e-01  3.616028e-01  0.051673  53.1659  3.445287e+05  3.234021e+02  2.321176e+57  1.216550e+55  3.368861e-06  9.102889e+108  +1  +1  1
1.5199  733.4544  164.5077  218.1178  1.5199  1.783570  1.781615  0.001955  10.919146  10.919146  1.504215  0.001096  2.412588e-01  3.901197e-01  3.901197e-01  0.046846  38.2090  3.671619e+05  2.918628e+02  2.442148e+57  1.097907e+55  3.159149e-06  7.249899e+108  +1  +1  1
1.5199  762.5564  164.5077  247.2176  1.5199  1.854069  1.852314  0.001755  10.872821  10.872821  1.450957  0.000947  2.518635e-01  4.195140e-01  4.195140e-01  0.042364  27.8665  3.902641e+05  2.618791e+02  2.561393e+57  9.851163e+54  2.950606e-06  5.652706e+108  +1  +1  1
1.5199  795.5386  164.5077  280.1996  1.5199  1.920190  1.918624  0.001566  10.824567  10.824567  1.396937  0.000816  2.620084e-01  4.494533e-01  4.494533e-01  0.038232  20.6424  4.135345e+05  2.336455e+02  2.676909e+57  8.789093e+54  2.803587e-06  4.116047e+108  +1  +1  1
1.5199  832.9189  164.5077  317.5819  1.5199  1.980993  1.979603  0.001390  10.772715  10.772715  1.342449  0.000702  2.716060e-01  4.795943e-01  4.795943e-01  0.034461  15.5433  4.355548e+05  2.073068e+02  2.778633e+57  7.798299e+54  2.608667e-06  2.988147e+108  +1  +1  1
1.5199  875.2916  164.5077  359.9514  1.5199  2.035759  2.034532  0.001227  10.715920  10.715920  1.287787  0.000603  2.805941e-01  5.095964e-01  5.095964e-01  0.031042  11.8978  4.579302e+05  1.829573e+02  2.878089e+57  6.882340e+54  2.348650e-06  2.188601e+108  +1  +1  1
1.5199  923.3117  164.5077  407.9736  1.5199  2.083999  2.082922  0.001078  10.653318  10.653318  1.233238  0.000517  2.889311e-01  5.391215e-01  5.391216e-01  0.027966  9.2591  4.793811e+05  1.606425e+02  2.966570e+57  6.042916e+54  2.150607e-06  1.465504e+108  +1  +1  1
1.5199  977.7420  164.5077  462.4025  1.5199  2.125432  2.124491  0.000942  10.584454  10.584454  1.179073  0.000443  2.965927e-01  5.678400e-01  5.678400e-01  0.025220  7.3258  4.995537e+05  1.403619e+02  3.041974e+57  5.280016e+54  1.951220e-06  9.557119e+107  +1  +1  1
1.5199  1039.4339  164.5077  524.0930  1.5199  2.159965  2.159146  0.000819  10.509152  10.509152  1.125547  0.000379  3.035712e-01  5.954473e-01  5.954473e-01  0.022783  5.8914  5.181938e+05  1.220759e+02  3.103071e+57  4.592146e+54  1.694035e-06  6.133697e+107  +1  +1  1
1.5199  1109.3497  164.5077  594.0138  1.5199  2.187649  2.186939  0.000710  10.427439  10.427439  1.072888  0.000324  3.098715e-01  6.216657e-01  6.216657e-01  0.020630  4.8140  5.361969e+05  1.057109e+02  3.156633e+57  3.976544e+54  1.417545e-06  3.784160e+107  +1  +1  1
1.5199  1188.6046  164.5077  673.2629  1.5199  2.208683  2.208071  0.000612  10.339670  10.339670  1.021300  0.000277  3.155065e-01  6.462451e-01  6.462451e-01  0.018737  3.9954  5.522815e+05  9.116759e+01  3.194415e+57  3.429463e+54  1.134744e-06  2.104196e+107  +1  +1  1
1.5199  1278.4252  164.5077  763.0849  1.5199  2.223360  2.222834  0.000526  10.246335  10.246335  0.970964  0.000237  3.204962e-01  6.689687e-01  6.689687e-01  0.017078  3.3669  5.674113e+05  7.832820e+01  3.223780e+57  2.946482e+54  7.877880e-07  1.206728e+107  +1  +1  1
1.5199  1380.2298  164.5077  864.8903  1.5199  2.232056  2.231605  0.000450  10.147944  10.147944  0.922025  0.000202  3.248692e-01  6.896773e-01  6.896773e-01  0.015628  2.8791  5.815135e+05  6.706112e+01  3.244994e+57  2.522646e+54  4.260571e-07  5.035680e+106  +1  +1  1
1.5199  1495.6207  164.5077  980.2778  1.5199  2.235203  2.234819  0.000384  10.045318  10.045318  0.874606  0.000172  3.286509e-01  7.082214e-01  7.082214e-01  0.014365  2.4978  5.933955e+05  5.722947e+01  3.250416e+57  2.152807e+54  3.045925e-08  4.772890e+105  +1  +1  1
1.5199  1626.3973  164.5077  1111.0596  1.5199  2.233279  2.232952  0.000327  9.939097  9.939097  0.828803  0.000146  3.318773e-01  7.245345e-01  7.245345e-01  0.013280  2.1990  6.040718e+05  4.869457e+01  3.247813e+57  1.831749e+54  -5.120177e-07  -1.829366e+106  -1  -1  1
1.5199  1774.6318  164.5077  1259.2893  1.5199  2.226772  2.226494  0.000278  9.830103  9.830103  0.784686  0.000125  3.345795e-01  7.385624e-01  7.385624e-01  0.012343  1.9626  6.124913e+05  4.132034e+01  3.230640e+57  1.554351e+54  -1.141897e-06  -3.030547e+106  -1  -1  1
1.5199  1942.6373  164.5077  1427.2948  1.5199  2.216186  2.215951  0.000235  9.719148  9.719148  0.742304  0.000106  3.367903e-01  7.502983e-01  7.502983e-01  0.011532  1.7743  6.197507e+05  3.497642e+01  3.207006e+57  1.315711e+54  -1.932544e-06  -2.962614e+106  -1  -1  1
1.5199  2133.0527  164.5077  1617.7144  1.5199  2.202018  2.201820  0.000198  9.607077  9.607077  0.701684  0.000090  3.385410e-01  7.597616e-01  7.597616e-01  0.010836  1.6244  6.258387e+05  2.954022e+01  3.177464e+57  1.111217e+54  -2.958214e-06  -2.668855e+106  -1  -1  1
1.5199  2348.8827  164.5077  1833.5384  1.5199  2.184758  2.184590  0.000167  9.494716  9.494716  0.662837  0.000077  3.398622e-01  7.670063e-01  7.670064e-01  0.010235  1.5048  6.308144e+05  2.489841e+01  3.142950e+57  9.366056e+53  -4.360763e-06  -2.268949e+106  -1  -1  1
1.5199  2593.4963  164.5077  2078.1562  1.5199  2.164871  2.164731  0.000141  9.382861  9.382861  0.625758  0.000065  3.407834e-01  7.721107e-01  7.721107e-01  0.009726  1.4107  6.347462e+05  2.094764e+01  3.104420e+57  7.879890e+53  -9.400785e-06  -2.001411e+106  -1  -1  1
1.5199  2870.7514  164.5077  2355.4091  1.5199  2.142808  2.142689  0.000118  9.272211  9.272211  0.590426  0.000055  3.413355e-01  7.751913e-01  7.751913e-01  0.009289  1.3365  6.366653e+05  1.759475e+01  3.055447e+57  6.618628e+53  -1.981233e-05  -1.725902e+106  -1  -1  1
1.5199  3184.9955  164.5077  2669.6512  1.5199  2.118992  2.118893  0.000099  9.163539  9.163539  0.556814  0.000047  3.415448e-01  7.763630e-01  7.763630e-01  0.008920  1.2795  6.376567e+05  1.475667e+01  3.003773e+57  5.551027e+53  -2.377828e-05  -1.264107e+106  -1  -1  1
1.5199  3541.1532  164.5077  3025.8172  1.5199  2.093818  2.093735  0.000083  9.057616  9.057616  0.524881  0.000040  3.414339e-01  7.757418e-01  7.757418e-01  0.008614  1.2375  6.387332e+05  1.235998e+01  2.956752e+57  4.649462e+53  1.353466e-04  -9.488008e+105  +1  -1  1
1.5199  3944.8452  164.5077  3429.5004  1.5199  2.067651  2.067582  0.000070  8.954927  8.954927  0.494584  0.000034  3.410334e-01  7.735033e-01  7.735033e-01  0.008364  1.2087  6.380970e+05  1.034026e+01  2.901996e+57  3.889703e+53  3.450463e-05  -8.002936e+105  +1  -1  1
1.5199  4402.3826  164.5077  3887.0401  1.5199  2.040833  2.040775  0.000058  8.856060  8.856060  0.465869  0.000028  3.403679e-01  7.698028e-01  7.698028e-01  0.008159  1.1907  6.359133e+05  8.641414e+00  2.840730e+57  3.250646e+53  1.330496e-05  -5.998959e+105  +1  -1  1
1.5199  4920.9625  164.5077  4405.6215  1.5199  2.013675  2.013627  0.000049  8.761540  8.761540  0.438683  0.000024  3.394616e-01  7.648000e-01  7.648000e-01  0.007998  1.1829  6.340034e+05  7.214844e+00  2.785665e+57  2.714012e+53  1.285686e-05  -4.138671e+105  +1  -1  1
1.5199  5508.7341  164.5077  4993.3885  1.5199  1.986463  1.986422  0.000040  8.671778  8.671778  0.412966  0.000020  3.383404e-01  7.586695e-01  7.586695e-01  0.007875  1.1842  6.315589e+05  6.018701e+00  2.731133e+57  2.264059e+53  9.618427e-06  -3.136212e+105  +1  -1  1
1.5199  6174.9095  164.5077  5659.5711  1.5199  1.959454  1.959421  0.000034  8.587176  8.587176  0.388659  0.000017  3.370283e-01  7.515758e-01  7.515758e-01  0.007787  1.1939  6.278869e+05  5.017102e+00  2.672220e+57  1.887286e+53  7.791712e-06  -2.281869e+105  +1  -1  1
1.5199  6929.9756  164.5077  6414.6311  1.5199  1.932890  1.932862  0.000028  8.508152  8.508152  0.365701  0.000015  3.355471e-01  7.436699e-01  7.436699e-01  0.007731  1.2116  6.246400e+05  4.179389e+00  2.620318e+57  1.572163e+53  7.265644e-06  -1.601924e+105  +1  -1  1
1.5199  7785.7703  164.5077  7270.4259  1.5199  1.906976  1.906953  0.000023  8.434882  8.434882  0.344031  0.000012  3.339242e-01  7.351293e-01  7.351293e-01  0.007700  1.2365  6.203667e+05  3.479491e+00  2.565151e+57  1.308882e+53  6.389812e-06  -1.146535e+105  +1  -1  1
1.5199  8755.7337  164.5077  8240.3948  1.5199  1.881905  1.881886  0.000019  8.367665  8.367665  0.323588  0.000010  3.321812e-01  7.260950e-01  7.260950e-01  0.007696  1.2686  6.166123e+05  2.895272e+00  2.517303e+57  1.089116e+53  6.027588e-06  -7.920736e+104  +1  -1  1
1.5199  9855.1162  164.5077  9339.7702  1.5199  1.857839  1.857822  0.000016  8.306543  8.306543  0.304312  0.000009  3.303462e-01  7.167347e-01  7.167347e-01  0.007714  1.3071  6.120132e+05  2.408023e+00  2.467071e+57  9.058274e+52  5.077509e-06  -5.824429e+104  +1  -1  1
1.5199  11101.1575  164.5077  10585.8164  1.5199  1.834931  1.834917  0.000013  8.251695  8.251695  0.286144  0.000007  3.284416e-01  7.071790e-01  7.071790e-01  0.007748  1.3515  6.073584e+05  2.001945e+00  2.419691e+57  7.530728e+52  4.782858e-06  -4.017740e+104  +1  -1  1
1.5199  12513.4446  164.5077  11998.1012  1.5199  1.813301  1.813290  0.000011  8.203133  8.203133  0.269028  0.000006  3.264915e-01  6.975579e-01  6.975579e-01  0.007800  1.4016  6.027020e+05  1.663736e+00  2.375305e+57  6.258483e+52  4.884674e-06  -2.628397e+104  +1  -1  1
1.5199  14114.1489  164.5077  13598.8032  1.5199  1.793061  1.793051  0.000009  8.160810  8.160810  0.252909  0.000005  3.245214e-01  6.880019e-01  6.880019e-01  0.007864  1.4566  5.987254e+05  1.382215e+00  2.338424e+57  5.199486e+52  4.651105e-06  -1.754762e+104  +1  -1  1
1.5199  15928.3955  164.5077  15413.0595  1.5199  1.774294  1.774287  0.000008  8.124622  8.124622  0.237732  0.000004  3.225553e-01  6.786240e-01  6.786240e-01  0.007937  1.5155  5.942068e+05  1.148000e+00  2.300276e+57  4.318437e+52  4.042871e-06  -1.261469e+104  +1  -1  1
1.5199  17984.7070  164.5077  17469.3612  1.5199  1.757076  1.757070  0.000006  8.094418  8.094418  0.223447  0.000004  3.206171e-01  6.695309e-01  6.695309e-01  0.008017  1.5776  5.898329e+05  9.532301e-01  2.265391e+57  3.585770e+52  3.827637e-06  -8.423978e+103  +1  -1  1
1.5199  20310.1824  164.5077  19794.8396  1.5199  1.741480  1.741475  0.000005  8.070036  8.070036  0.210032  0.000003  3.187313e-01  6.608240e-01  6.608240e-01  0.008099  1.6414  5.856445e+05  7.916329e-01  2.233802e+57  2.977889e+52  3.723530e-06  -6.179522e+103  +1  -1  1

2.0806  103.0404  167.7053  1.0000  2.0806  0.067911  0.022441  0.045470  8.709348  8.709348  4.274480  0.669553  1.151695e-02  1.171981e-02  1.171996e-02  0.008856  29136650.2419  3.377797e+03  6.846234e+03  2.831096e+55  2.572442e+56  6.551764e-06  3.778919e+109  +1  +1  0
2.0806  107.6573  167.7053  1.1334  2.0806  0.070246  0.026425  0.043821  9.203587  9.203587  4.221474  0.623821  1.127320e-02  1.146748e-02  1.146761e-02  0.008538  31261183.1310  3.981758e+03  6.598656e+03  3.329131e+55  2.479335e+56  6.554243e-06  3.540347e+109  +1  +1  0
2.0806  113.1115  167.7053  1.2846  2.0806  0.073432  0.031200  0.042232  9.697074  9.697074  4.169278  0.575122  1.118471e-02  1.137593e-02  1.137604e-02  0.008655  32966118.6650  4.706304e+03  6.359897e+03  3.921830e+55  2.389568e+56  6.558008e-06  3.517890e+109  +1  +1  0
2.0806  119.1072  167.7053  1.4560  2.0806  0.077668  0.036968  0.040700  10.160891  10.160891  4.117803  0.524022  1.129001e-02  1.148487e-02  1.148499e-02  0.009234  33560678.6750  5.582713e+03  6.129463e+03  4.636065e+55  2.302948e+56  6.556911e-06  3.894221e+109  +1  +1  0
2.0806  125.0167  167.7053  1.6503  2.0806  0.083137  0.043928  0.039208  10.566144  10.566144  4.066543  0.471613  1.162140e-02  1.182799e-02  1.182812e-02  0.010319  32451765.8142  6.641431e+03  5.904999e+03  5.497471e+55  2.218585e+56  6.551946e-06  4.211173e+109  +1  +1  0
2.0806  131.6026  167.7053  1.8704  2.0806  0.090033  0.052283  0.037750  10.891079  10.891079  4.015259  0.419289  1.220994e-02  1.243821e-02  1.243833e-02  0.011995  29466768.4853  7.914199e+03  5.685394e+03  6.532516e+55  2.136060e+56  6.543576e-06  4.684840e+109  +1  +1  0
2.0806  137.9494  167.7053  2.1200  2.0806  0.098551  0.062236  0.036315  11.125772  11.125772  3.963588  0.368487  1.308314e-02  1.334562e-02  1.334571e-02  0.014410  25062138.0284  9.433225e+03  5.469214e+03  7.768103e+55  2.054830e+56  6.532970e-06  4.097650e+109  +1  +1  0
2.0806  152.7256  167.7053  2.4028  2.0806  0.107946  0.073331  0.034614  11.303072  11.303072  3.901054  0.320663  1.410555e-02  1.441119e-02  1.441127e-02  0.017411  20786581.2649  1.112904e+04  5.212604e+03  9.148939e+55  1.958458e+56  6.519314e-06  6.381750e+109  +1  +1  0
2.0806  157.6382  167.7053  2.7234  2.0806  0.119270  0.086293  0.032978  11.389851  11.389851  3.838567  0.276495  1.546666e-02  1.583499e-02  1.583507e-02  0.021398  16117384.0172  1.311538e+04  4.966103e+03  1.076570e+56  1.865836e+56  6.499203e-06  7.879478e+109  +1  +1  0
2.0806  162.7167  167.7053  3.0867  2.0806  0.133009  0.101487  0.031522  11.405646  11.405646  3.780896  0.236993  1.722432e-02  1.768251e-02  1.768258e-02  0.026597  11695631.4204  1.545211e+04  4.747159e+03  1.266035e+56  1.783537e+56  6.475470e-06  8.634504e+109  +1  +1  0
2.0806  167.9681  167.7053  3.4985  2.0806  0.149327  0.119081  0.030247  11.380685  11.380685  3.728710  0.202554  1.937995e-02  1.996215e-02  1.996222e-02  0.033071  8064804.1692  1.816934e+04  4.555394e+03  1.485062e+56  1.711442e+56  6.448309e-06  9.340475e+109  +1  +1  0
2.0806  173.4000  167.7053  3.9652  2.0806  0.168406  0.139273  0.029133  11.339334  11.339334  3.681882  0.172993  2.193570e-02  2.268490e-02  2.268498e-02  0.040775  5352342.7042  2.130277e+04  4.387855e+03  1.735998e+56  1.648460e+56  6.416981e-06  1.001452e+110  +1  +1  0
2.0806  179.0190  167.7053  4.4943  2.0806  0.190449  0.162297  0.028152  11.298583  11.298583  3.639795  0.147818  2.489634e-02  2.586642e-02  2.586649e-02  0.049576  3455445.7069  2.489548e+04  4.239986e+03  2.021760e+56  1.592890e+56  6.381886e-06  1.068283e+110  +1  +1  0
2.0806  184.8335  167.7053  5.0939  2.0806  0.215719  0.188506  0.027212  11.268425  11.268425  3.598756  0.126148  2.827523e-02  2.953392e-02  2.953399e-02  0.059268  2186243.4683  2.900884e+04  4.098372e+03  2.346722e+56  1.539679e+56  6.342672e-06  1.136535e+110  +1  +1  0
2.0806  190.8524  167.7053  5.7734  2.0806  0.244568  0.218286  0.026282  11.254170  11.254170  3.557161  0.107462  3.209724e-02  3.373019e-02  3.373026e-02  0.069602  1362046.4833  3.371399e+04  3.958023e+03  2.716034e+56  1.486946e+56  6.298484e-06  1.207871e+110  +1  +1  0
2.0806  197.0844  167.7053  6.5437  2.0806  0.277377  0.252018  0.025358  11.259247  11.259247  3.514920  0.091422  3.638665e-02  3.850128e-02  3.850135e-02  0.080285  839132.4309  3.908266e+04  3.818747e+03  3.134925e+56  1.434616e+56  6.250257e-06  1.278654e+110  +1  +1  0
2.0806  203.5396  167.7053  7.4167  2.0806  0.314509  0.290068  0.024441  11.285409  11.285409  3.471947  0.077712  4.116205e-02  4.389144e-02  4.389150e-02  0.090976  513277.2432  4.518764e+04  3.680394e+03  3.608601e+56  1.382634e+56  6.196893e-06  1.346859e+110  +1  +1  0
2.0806  210.2287  167.7053  8.4062  2.0806  0.356285  0.332755  0.023529  11.332816  11.332816  3.428157  0.066041  4.643454e-02  4.994129e-02  4.994136e-02  0.101314  312877.4772  5.209944e+04  3.542837e+03  4.142062e+56  1.330952e+56  6.137915e-06  1.409745e+110  +1  +1  0
2.0806  217.1631  167.7053  9.5277  2.0806  0.402971  0.380349  0.022622  11.400263  11.400263  3.383469  0.056139  5.220846e-02  5.668869e-02  5.668874e-02  0.110929  190655.1259  5.988331e+04  3.405990e+03  4.739692e+56  1.279538e+56  6.073208e-06  1.464648e+110  +1  +1  0
2.0806  224.3537  167.7053  10.7988  2.0806  0.454773  0.433053  0.021720  11.463970  11.463970  3.337807  0.047760  5.859234e-02  6.430246e-02  6.430252e-02  0.120605  116431.8153  6.859963e+04  3.269806e+03  5.405332e+56  1.228373e+56  6.002669e-06  1.509955e+110  +1  +1  0
2.0806  231.8138  167.7053  12.2395  2.0806  0.511837  0.491015  0.020822  11.534872  11.534872  3.291094  0.040680  6.553913e-02  7.277753e-02  7.277758e-02  0.129514  71403.9195  7.830337e+04  3.134254e+03  6.142344e+56  1.177446e+56  5.926327e-06  1.543794e+110  +1  +1  0
2.0806  239.5612  167.7053  13.8724  2.0806  0.574253  0.554325  0.019928  11.623975  11.623975  3.243254  0.034702  7.296764e-02  8.206814e-02  8.206819e-02  0.136659  44044.7321  8.904499e+04  2.999334e+03  6.953393e+56  1.126758e+56  5.843192e-06  1.565460e+110  +1  +1  0
2.0806  247.6067  167.7053  15.7232  2.0806  0.642045  0.623007  0.019038  11.727706  11.727706  3.194221  0.029652  8.086011e-02  9.220838e-02  9.220844e-02  0.141855  27357.7994  1.008725e+05  2.865093e+03  7.840755e+56  1.076325e+56  5.753703e-06  1.574401e+110  +1  +1  0
2.0806  255.9695  167.7053  17.8208  2.0806  0.715169  0.697015  0.018154  11.842227  11.842227  3.143928  0.025384  8.919839e-02  1.032373e-01  1.032373e-01  0.145040  17124.2351  1.138220e+05  2.731600e+03  8.805555e+56  1.026173e+56  5.657658e-06  1.569890e+110  +1  +1  0
2.0806  264.6662  167.7053  20.1984  2.0806  0.793508  0.776233  0.017275  11.964256  11.964256  3.092314  0.021770  9.795964e-02  1.151934e-01  1.151934e-01  0.146256  10808.9969  1.279304e+05  2.598954e+03  9.848696e+56  9.763397e+55  5.554403e-06  1.551794e+110  +1  +1  0
2.0806  273.7197  167.7053  22.8931  2.0806  0.876864  0.860462  0.016402  12.090547  12.090547  3.039323  0.018706  1.071194e-01  1.281184e-01  1.281185e-01  0.145629  6883.6422  1.432201e+05  2.467286e+03  1.096976e+57  9.268744e+55  5.444210e-06  1.520385e+110  +1  +1  0
2.0806  283.1505  167.7053  25.9473  2.0806  0.964957  0.949419  0.015538  12.218119  12.218119  2.984908  0.016102  1.166501e-01  1.420559e-01  1.420559e-01  0.143343  4424.4434  1.597098e+05  2.336772e+03  1.216770e+57  8.778427e+55  5.327189e-06  1.476016e+110  +1  +1  0
2.0806  292.9824  167.7053  29.4090  2.0806  1.057418  1.042736  0.014682  12.344684  12.344684  2.929030  0.013884  1.265168e-01  1.570430e-01  1.570430e-01  0.139581  2870.7329  1.773997e+05  2.207609e+03  1.343948e+57  8.293192e+55  5.215153e-06  1.357353e+110  +1  +1  0
2.0806  548.6687  167.7053  33.3326  2.0806  1.097427  1.088053  0.009374  12.394711  12.394711  2.527247  0.008541  1.307738e-01  1.636939e-01  1.636940e-01  0.138538  2414.7617  1.859033e+05  1.408116e+03  1.404740e+57  5.291786e+55  4.769268e-06  1.350905e+109  +1  +1  1
2.0806  553.1161  167.7053  37.7796  2.0806  1.109852  1.102049  0.007803  12.346039  12.346039  2.372339  0.007030  1.327759e-01  1.668617e-01  1.668618e-01  0.135826  2194.3004  1.888262e+05  1.173881e+03  1.423510e+57  4.409775e+55  4.058372e-06  8.779973e+108  +1  +1  1
2.0806  558.1558  167.7053  42.8198  2.0806  1.115852  1.108322  0.007531  12.248303  12.248303  2.344433  0.006749  1.345589e-01  1.697049e-01  1.697049e-01  0.131493  1987.2392  1.904800e+05  1.132688e+03  1.431624e+57  4.255031e+55  3.628066e-06  8.286206e+108  +1  +1  1
2.0806  563.8691  167.7053  48.5326  2.0806  1.123497  1.116256  0.007241  12.120250  12.120250  2.313964  0.006445  1.369122e-01  1.734894e-01  1.734894e-01  0.125710  1742.0751  1.927065e+05  1.088836e+03  1.442322e+57  4.090296e+55  3.595676e-06  1.214677e+109  +1  +1  1
2.0806  570.3441  167.7053  55.0074  2.0806  1.137070  1.130136  0.006934  11.974594  11.974594  2.280826  0.006098  1.402516e-01  1.789234e-01  1.789234e-01  0.118810  1459.5539  1.963723e+05  1.042456e+03  1.461789e+57  3.916063e+55  3.895846e-06  1.788430e+109  +1  +1  1
2.0806  577.6823  167.7053  62.3461  2.0806  1.158961  1.152349  0.006612  11.822377  11.822377  2.244935  0.005705  1.447923e-01  1.864346e-01  1.864347e-01  0.111237  1165.2782  2.017465e+05  9.937417e+02  1.491954e+57  3.733064e+55  4.153577e-06  2.303925e+109  +1  +1  1
2.0806  586.0010  167.7053  70.6639  2.0806  1.190391  1.184115  0.006276  11.672750  11.672750  2.206235  0.005272  1.506253e-01  1.962978e-01  1.962978e-01  0.103421  889.2562  2.092561e+05  9.429562e+02  1.535692e+57  3.542283e+55  4.157804e-06  2.765658e+109  +1  +1  1
2.0806  595.4279  167.7053  80.0914  2.0806  1.231668  1.225740  0.005928  11.532923  11.532923  2.164702  0.004813  1.577379e-01  2.086640e-01  2.086640e-01  0.095695  653.3078  2.194212e+05  8.904268e+02  1.596418e+57  3.344951e+55  4.115376e-06  3.003467e+109  +1  +1  1
2.0806  606.1136  167.7053  90.7766  2.0806  1.282360  1.276789  0.005571  11.407642  11.407642  2.120351  0.004344  1.660335e-01  2.235833e-01  2.235834e-01  0.088260  466.3309  2.316727e+05  8.365428e+02  1.669860e+57  3.142530e+55  4.170435e-06  2.954988e+109  +1  +1  1
2.0806  618.2249  167.7053  102.8874  2.0806  1.341437  1.336229  0.005208  11.299121  11.299121  2.073235  0.003882  1.753505e-01  2.410168e-01  2.410168e-01  0.081226  326.6377  2.458360e+05  7.817475e+02  1.754435e+57  2.936686e+55  4.120133e-06  2.811215e+109  +1  +1  1
2.0806  631.9498  167.7053  116.6139  2.0806  1.407449  1.402607  0.004842  11.207325  11.207325  2.023453  0.003440  1.854865e-01  2.608557e-01  2.608557e-01  0.074601  226.5136  2.622213e+05  7.265260e+02  1.851847e+57  2.729242e+55  3.959648e-06  2.629119e+109  +1  +1  1
2.0806  647.5096  167.7053  132.1717  2.0806  1.478696  1.474220  0.004476  11.130680  11.130680  1.971145  0.003027  1.962180e-01  2.829330e-01  2.829330e-01  0.068372  156.7085  2.807042e+05  6.713909e+02  1.960757e+57  2.522122e+55  3.830270e-06  2.327737e+109  +1  +1  1
2.0806  665.1426  167.7053  149.8051  2.0806  1.553343  1.549230  0.004114  11.066507  11.066507  1.916498  0.002648  2.073187e-01  3.070360e-01  3.070360e-01  0.062519  108.8241  3.004453e+05  6.168646e+02  2.074791e+57  2.317290e+55  3.691737e-06  1.989009e+109  +1  +1  1
2.0806  685.1283  167.7053  169.7911  2.0806  1.629553  1.625794  0.003759  11.011363  11.011363  1.859736  0.002307  2.185793e-01  3.329290e-01  3.329291e-01  0.056994  76.1537  3.217647e+05  5.634601e+02  2.195819e+57  2.116671e+55  3.538172e-06  1.659546e+109  +1  +1  1
2.0806  707.7821  167.7053  192.4434  2.0806  1.705579  1.702164  0.003415  10.962331  10.962331  1.801124  0.002002  2.298003e-01  3.603247e-01  3.603247e-01  0.051810  53.8978  3.435904e+05  5.116633e+02  2.315924e+57  1.922093e+55  3.386788e-06  1.331085e+109  +1  +1  1
2.0806  733.4544  167.7053  218.1178  2.0806  1.779801  1.776718  0.003084  10.916204  10.916204  1.740955  0.001733  2.408139e-01  3.889261e-01  3.889261e-01  0.046967  38.6625  3.662841e+05  4.619143e+02  2.437369e+57  1.735207e+55  3.176129e-06  1.060634e+109  +1  +1  1
2.0806  762.5564  167.7053  247.2176  2.0806  1.850809  1.848040  0.002769  10.870352  10.870352  1.679547  0.001496  2.514777e-01  4.184119e-01  4.184119e-01  0.042467  28.1488  3.894430e+05  4.145938e+02  2.557032e+57  1.557444e+55  3.024915e-06  8.018718e+108  +1  +1  1
2.0806  795.5386  167.7053  280.1996  2.0806  1.917412  1.914940  0.002472  10.822543  10.822543  1.617233  0.001289  2.616783e-01  4.484489e-01  4.484489e-01  0.038321  20.8210  4.118450e+05  3.700117e+02  2.666525e+57  1.389968e+55  2.823471e-06  5.976275e+108  +1  +1  1
2.0806  832.9189  167.7053  317.5819  2.0806  1.978654  1.976459  0.002195  10.771134  10.771134  1.554355  0.001109  2.713252e-01  4.786856e-01  4.786856e-01  0.034533  15.6564  4.348798e+05  3.284002e+02  2.775311e+57  1.233652e+55  2.560993e-06  4.540644e+108  +1  +1  1
2.0806  875.2916  167.7053  359.9514  2.0806  2.033813  2.031875  0.001938  10.714726  10.714726  1.491252  0.000953  2.803571e-01  5.087819e-01  5.087819e-01  0.031101  11.9710  4.573310e+05  2.899125e+02  2.875268e+57  1.089070e+55  2.418252e-06  3.068097e+108  +1  +1  1
2.0806  923.3117  167.7053  407.9736  2.0806  2.082403  2.080701  0.001703  10.652615  10.652615  1.428256  0.000818  2.887289e-01  5.383848e-01  5.383848e-01  0.028018  9.3088  4.777888e+05  2.546238e+02  2.956780e+57  9.565063e+54  2.174957e-06  2.121429e+108  +1  +1  1
2.0806  977.7420  167.7053  462.4025  2.0806  2.124139  2.122650  0.001489  10.583887  10.583887  1.365682  0.000701  2.964281e-01  5.672058e-01  5.672058e-01  0.025260  7.3577  4.990906e+05  2.225376e+02  3.040002e+57  8.359727e+54  1.909389e-06  1.466855e+108  +1  +1  1
2.0806  1039.4339  167.7053  524.0930  2.0806  2.158923  2.157628  0.001295  10.508814  10.508814  1.303797  0.000600  3.034346e-01  5.948928e-01  5.948938e-01  0.022814  5.9128  5.177906e+05  1.935856e+02  3.101456e+57  7.272125e+54  1.702365e-06  9.010419e+107  +1  +1  1
2.0806  1109.3497  167.7053  594.0138  2.0806  2.186829  2.185707  0.001122  10.427346  10.427346  1.242951  0.000513  3.097581e-01  6.211826e-01  6.211826e-01  0.020656  4.8288  5.358532e+05  1.676817e+02  3.155349e+57  6.299034e+54  1.425177e-06  5.563969e+107  +1  +1  1
2.0806  1188.6046  167.7053  673.2629  2.0806  2.208041  2.207072  0.000968  10.339827  10.339827  1.183299  0.000439  3.154100e-01  6.458146e-01  6.458146e-01  0.018759  4.0063  5.519921e+05  1.446449e+02  3.193427e+57  5.433644e+54  1.142181e-06  3.093464e+107  +1  +1  1
2.0806  1278.4252  167.7053  763.0849  2.0806  2.222865  2.222033  0.000832  10.246554  10.246554  1.125076  0.000374  3.204181e-01  6.686055e-01  6.686055e-01  0.017097  3.3748  5.671612e+05  1.242991e+02  3.222978e+57  4.669347e+54  7.952108e-07  1.773231e+107  +1  +1  1
2.0806  1380.2298  167.7053  864.8903  2.0806  2.231680  2.230967  0.000713  10.148120  10.148120  1.068456  0.000319  3.248090e-01  6.893868e-01  6.893868e-01  0.015639  2.8839  5.812997e+05  1.064395e+02  3.244361e+57  3.998440e+54  4.334175e-07  7.419767e+106  +1  +1  1
2.0806  1495.6207  167.7053  980.2778  2.0806  2.234924  2.234316  0.000609  10.045530  10.045530  1.013581  0.000272  3.286030e-01  7.079826e-01  7.079826e-01  0.014375  2.5013  5.932156e+05  9.085043e+01  3.249933e+57  3.412831e+54  3.788220e-08  7.219987e+105  +1  +1  1
2.0806  1626.3973  167.7053  1111.0596  2.0806  2.233075  2.232557  0.000518  9.939335  9.939335  0.960566  0.000232  3.318391e-01  7.243383e-01  7.243383e-01  0.013289  2.2017  6.039206e+05  7.731375e+01  3.247447e+57  2.904320e+54  -5.035118e-07  -2.672163e+106  -1  -1  1
2.0806  1774.6318  167.7053  1259.2893  2.0806  2.226629  2.226189  0.000440  9.830365  9.830365  0.909492  0.000197  3.345491e-01  7.384028e-01  7.384028e-01  0.012349  1.9645  6.123663e+05  6.561499e+01  3.230379e+57  2.464851e+54  -1.132073e-06  -4.438010e+106  -1  -1  1
2.0806  1942.6373  167.7053  1427.2948  2.0806  2.216089  2.215717  0.000372  9.719424  9.719424  0.860417  0.000168  3.367660e-01  7.501680e-01  7.501680e-01  0.011538  1.7757  6.196492e+05  5.554843e+01  3.206836e+57  2.086696e+54  -1.921507e-06  -4.344426e+106  -1  -1  1
2.0806  2133.0527  167.7053  1617.7144  2.0806  2.201958  2.201643  0.000314  9.607340  9.607340  0.813376  0.000143  3.385224e-01  7.596606e-01  7.596606e-01  0.010838  1.6253  6.257555e+05  4.692042e+01  3.177353e+57  1.762582e+54  -2.944622e-06  -3.916060e+106  -1  -1  1
2.0806  2348.8827  167.7053  1833.5384  2.0806  2.184724  2.184459  0.000265  9.494980  9.494980  0.768381  0.000121  3.398476e-01  7.669254e-01  7.669254e-01  0.010238  1.5056  6.307476e+05  3.955185e+01  3.142893e+57  1.485779e+54  -4.346722e-06  -3.332096e+106  -1  -1  1
2.0806  2593.4963  167.7053  2078.1562  2.0806  2.164856  2.164633  0.000223  9.383081  9.383081  0.725427  0.000103  3.407730e-01  7.720525e-01  7.720526e-01  0.009726  1.4110  6.346890e+05  3.327916e+01  3.104372e+57  1.250143e+54  -9.313307e-06  -2.938227e+106  -1  -1  1
2.0806  2870.7514  167.7053  2355.4091  2.0806  2.142810  2.142623  0.000187  9.272485  9.272485  0.684494  0.000087  3.413258e-01  7.751370e-01  7.751370e-01  0.009291  1.3370  6.366269e+05  2.795492e+01  3.055482e+57  1.050136e+54  -1.963700e-05  -2.533059e+106  -1  -1  1
2.0806  3184.9955  167.7053  2669.6512  2.0806  2.119003  2.118846  0.000157  9.163811  9.163811  0.645548  0.000074  3.415365e-01  7.763168e-01  7.763168e-01  0.008923  1.2800  6.376283e+05  2.344757e+01  3.003833e+57  8.808158e+53  -2.367756e-05  -1.857408e+106  -1  -1  1
2.0806  3541.1532  167.7053  3025.8172  2.0806  2.093834  2.093703  0.000132  9.057779  9.057779  0.608545  0.000063  3.414304e-01  7.757224e-01  7.757224e-01  0.008615  1.2378  6.387050e+05  1.964074e+01  2.956772e+57  7.378107e+53  1.342636e-04  -1.394447e+106  +1  -1  1
2.0806  3944.8452  167.7053  3429.5004  2.0806  2.067672  2.067562  0.000110  8.955103  8.955103  0.573434  0.000053  3.410301e-01  7.734849e-01  7.734849e-01  0.008364  1.2089  6.380767e+05  1.643232e+01  2.902038e+57  6.172853e+53  3.488822e-05  -1.176258e+106  +1  -1  1
2.0806  4402.3826  167.7053  3887.0401  2.0806  2.040854  2.040762  0.000092  8.856180  8.856180  0.540154  0.000045  3.403667e-01  7.697962e-01  7.697962e-01  0.008159  1.1908  6.358940e+05  1.373335e+01  2.840750e+57  5.158977e+53  1.331944e-05  -8.817861e+105  +1  -1  1
2.0806  4920.9625  167.7053  4405.6215  2.0806  2.013698  2.013621  0.000077  8.761642  8.761642  0.508644  0.000038  3.394614e-01  7.647990e-01  7.647990e-01  0.007999  1.1830  6.339884e+05  1.146674e+01  2.785689e+57  4.307519e+53  1.287933e-05  -6.082232e+105  +1  -1  1
2.0806  5508.7341  167.7053  4993.3885  2.0806  1.986485  1.986420  0.000064  8.671891  8.671891  0.478835  0.000032  3.383397e-01  7.586659e-01  7.586660e-01  0.007876  1.1843  6.315488e+05  9.566120e+00  2.731169e+57  3.593543e+53  9.635676e-06  -4.607807e+105  +1  -1  1
2.0806  6174.9095  167.7053  5659.5711  2.0806  1.959479  1.959425  0.000053  8.587346  8.587346  0.450659  0.000027  3.370259e-01  7.515627e-01  7.515627e-01  0.007787  1.1940  6.278858e+05  7.974491e+00  2.672302e+57  2.995642e+53  7.793790e-06  -3.354164e+105  +1  -1  1
2.0806  6929.9756  167.7053  6414.6311  2.0806  1.932911  1.932867  0.000045  8.508239  8.508239  0.424045  0.000023  3.355474e-01  7.436715e-01  7.436715e-01  0.007730  1.2116  6.246354e+05  6.643217e+00  2.620358e+57  2.495545e+53  7.261231e-06  -2.355717e+105  +1  -1  1
2.0806  7785.7703  167.7053  7270.4259  2.0806  1.906997  1.906960  0.000037  8.434979  8.434979  0.398923  0.000019  3.339239e-01  7.351279e-01  7.351279e-01  0.007701  1.2366  6.203651e+05  5.530886e+00  2.565200e+57  2.077694e+53  6.390893e-06  -1.685577e+105  +1  -1  1
2.0806  8755.7337  167.7053  8240.3948  2.0806  1.881922  1.881891  0.000031  8.367730  8.367730  0.375222  0.000016  3.321817e-01  7.260974e-01  7.260974e-01  0.007697  1.2687  6.166100e+05  4.602361e+00  2.517335e+57  1.728891e+53  6.026917e-06  -1.164887e+105  +1  -1  1
2.0806  9855.1162  167.7053  9339.7702  2.0806  1.857854  1.857828  0.000026  8.306584  8.306584  0.352874  0.000014  3.303473e-01  7.167404e-01  7.167404e-01  0.007713  1.3071  6.120109e+05  3.827918e+00  2.467094e+57  1.437969e+53  5.078100e-06  -8.562985e+104  +1  -1  1
2.0806  11101.1575  167.7053  10585.8164  2.0806  1.834943  1.834922  0.000021  8.251737  8.251737  0.331811  0.000012  3.284422e-01  7.071818e-01  7.071818e-01  0.007749  1.3516  6.073568e+05  3.182466e+00  2.419711e+57  1.195503e+53  4.783392e-06  -5.908461e+104  +1  -1  1
2.0806  12513.4446  167.7053  11998.1012  2.0806  1.813313  1.813295  0.000018  8.203153  8.203153  0.311966  0.000010  3.264928e-01  6.975643e-01  6.975643e-01  0.007799  1.4015  6.027004e+05  2.644868e+00  2.375319e+57  9.935525e+52  4.886487e-06  -3.864282e+104  +1  -1  1
2.0806  14114.1489  167.7053  13598.8032  2.0806  1.793072  1.793057  0.000015  8.160855  8.160855  0.293275  0.000008  3.245217e-01  6.880033e-01  6.880033e-01  0.007864  1.4566  5.987264e+05  2.197366e+00  2.338451e+57  8.254470e+52  4.653234e-06  -2.579920e+104  +1  -1  1
2.0806  15928.3955  167.7053  15413.0595  2.0806  1.774306  1.774293  0.000012  8.124662  8.124662  0.275678  0.000007  3.225557e-01  6.786262e-01  6.786262e-01  0.007937  1.5155  5.942085e+05  1.825054e+00  2.300304e+57  6.855870e+52  4.042595e-06  -1.855250e+104  +1  -1  1
2.0806  17984.7070  167.7053  17469.3612  2.0806  1.757083  1.757073  0.000010  8.094431  8.094431  0.259115  0.000006  3.206177e-01  6.695340e-01  6.695340e-01  0.008017  1.5775  5.898322e+05  1.515434e+00  2.265400e+57  5.692774e+52  3.827662e-06  -1.238922e+104  +1  -1  1
2.0806  20310.1824  167.7053  19794.8396  2.0806  1.741488  1.741479  0.000008  8.070062  8.070062  0.243559  0.000005  3.187317e-01  6.608256e-01  6.608256e-01  0.008098  1.6412  5.856457e+05  1.258544e+00  2.233820e+57  4.727759e+52  3.724856e-06  -9.083409e+103  +1  -1  1

2.8480  103.0404  171.1707  1.0000  2.8480  0.093976  0.020364  0.073612  6.781939  6.781939  4.992782  0.783305  2.046647e-02  2.111701e-02  2.111735e-02  0.030845  5726342.2497  3.067082e+03  1.114902e+04  2.575940e+55  4.182403e+56  5.694371e-06  4.778253e+109  +1  +1  0
2.8480  107.6573  171.1707  1.1334  2.8480  0.094136  0.023521  0.070615  7.060400  7.060400  4.923291  0.750142  1.969285e-02  2.029434e-02  2.029464e-02  0.026412  5945314.8030  3.547344e+03  1.069694e+04  2.972562e+55  4.012630e+56  5.815837e-06  4.437961e+109  +1  +1  0
2.8480  113.1115  171.1707  1.2846  2.8480  0.094888  0.027164  0.067724  7.373849  7.373849  4.854339  0.713722  1.900635e-02  1.956597e-02  1.956626e-02  0.022981  6177040.2502  4.102735e+03  1.026037e+04  3.426083e+55  3.848702e+56  6.360065e-06  4.229222e+109  +1  +1  0
2.8480  119.1072  171.1707  1.4560  2.8480  0.096391  0.031435  0.064957  7.720473  7.720473  4.786529  0.673885  1.844064e-02  1.896692e-02  1.896718e-02  0.020545  6422972.0511  4.754731e+03  9.842423e+03  3.954831e+55  3.691789e+56  6.436725e-06  4.506947e+109  +1  +1  0
2.8480  125.0167  171.1707  1.6503  2.8480  0.098802  0.036485  0.062317  8.094117  8.094117  4.720091  0.630725  1.802917e-02  1.853187e-02  1.853211e-02  0.019051  6667297.2608  5.526984e+03  9.443365e+03  4.578291e+55  3.541992e+56  6.464320e-06  4.752770e+109  +1  +1  0
2.8480  131.6026  171.1707  1.8704  2.8480  0.102309  0.042513  0.059796  8.484801  8.484801  4.655016  0.584466  1.780966e-02  1.830001e-02  1.830022e-02  0.018460  6868587.7599  6.450123e+03  9.062123e+03  5.321581e+55  3.398909e+56  6.476120e-06  5.213557e+109  +1  +1  0
2.8480  137.9494  171.1707  2.1200  2.8480  0.107137  0.049762  0.057375  8.878044  8.878044  4.590868  0.535527  1.782401e-02  1.831516e-02  1.831536e-02  0.018719  6936823.5826  7.561727e+03  8.695591e+03  6.215656e+55  3.261369e+56  6.481129e-06  4.524518e+109  +1  +1  0
2.8480  152.7256  171.1707  2.4028  2.8480  0.112644  0.057898  0.054746  9.256565  9.256565  4.519687  0.486009  1.797372e-02  1.847329e-02  1.847349e-02  0.019575  6957051.1089  8.810149e+03  8.296548e+03  7.220011e+55  3.111740e+56  6.479932e-06  7.294476e+109  +1  +1  0
2.8480  157.6382  171.1707  2.7234  2.8480  0.119965  0.067748  0.052217  9.600994  9.600994  4.448933  0.435267  1.845533e-02  1.898246e-02  1.898262e-02  0.021361  6651396.3708  1.032407e+04  7.913179e+03  8.438349e+55  2.967943e+56  6.471702e-06  9.119800e+109  +1  +1  0
2.8480  162.7167  171.1707  3.0867  2.8480  0.129694  0.079808  0.049886  9.898023  9.898023  4.381458  0.384645  1.935320e-02  1.993377e-02  1.993392e-02  0.024220  5947276.3963  1.218171e+04  7.560220e+03  9.934566e+55  2.835503e+56  6.458740e-06  1.030018e+110  +1  +1  0
2.8480  167.9681  171.1707  3.4985  2.8480  0.142132  0.094394  0.047738  10.140981  10.140981  4.317159  0.335871  2.070116e-02  2.136698e-02  2.136711e-02  0.028310  4964422.9364  1.443505e+04  7.235283e+03  1.175016e+56  2.713542e+56  6.441063e-06  1.148724e+110  +1  +1  0
2.8480  173.4000  171.1707  3.9652  2.8480  0.157576  0.111783  0.045793  10.332444  10.332444  4.257101  0.290611  2.252518e-02  2.331600e-02  2.331613e-02  0.033691  3873244.9540  1.713110e+04  6.941121e+03  1.391565e+56  2.603119e+56  6.418141e-06  1.264412e+110  +1  +1  0
2.8480  179.0190  171.1707  4.4943  2.8480  0.176291  0.132245  0.044046  10.482296  10.482296  4.201656  0.249847  2.484024e-02  2.580586e-02  2.580598e-02  0.040415  2848857.3394  2.031800e+04  6.676637e+03  1.646257e+56  2.503848e+56  6.390182e-06  1.375971e+110  +1  +1  0
2.8480  184.8335  171.1707  5.0939  2.8480  0.198538  0.156069  0.042468  10.603242  10.603242  4.150456  0.213906  2.765576e-02  2.885859e-02  2.885871e-02  0.048408  1994810.6592  2.404748e+04  6.437538e+03  1.942645e+56  2.414133e+56  6.356826e-06  1.485690e+110  +1  +1  0
2.8480  190.8524  171.1707  5.7734  2.8480  0.224588  0.183598  0.040990  10.707309  10.707309  4.101563  0.182512  3.098047e-02  3.249876e-02  3.249886e-02  0.057498  1343131.3846  2.838269e+04  6.213166e+03  2.285105e+56  2.329969e+56  6.317914e-06  1.594340e+110  +1  +1  0
2.8480  197.0844  171.1707  6.5437  2.8480  0.254783  0.215252  0.039532  10.803949  10.803949  4.052194  0.155158  3.483136e-02  3.676371e-02  3.676381e-02  0.067454  877126.8106  3.340038e+04  5.991750e+03  2.679044e+56  2.246918e+56  6.273835e-06  1.702731e+110  +1  +1  0
2.8480  203.5396  171.1707  7.4167  2.8480  0.289492  0.251403  0.038089  10.900452  10.900452  4.002158  0.131572  3.922592e-02  4.169596e-02  4.169606e-02  0.077927  559407.6812  3.917401e+04  5.772626e+03  3.129588e+56  2.164729e+56  6.223868e-06  1.808668e+110  +1  +1  0
2.8480  210.2287  171.1707  8.4062  2.8480  0.329066  0.292407  0.036659  11.002098  11.002098  3.951329  0.111403  4.417624e-02  4.733718e-02  4.733728e-02  0.088530  350797.2931  4.577888e+04  5.555442e+03  3.641993e+56  2.083271e+56  6.167909e-06  1.907842e+110  +1  +1  0
2.8480  217.1631  171.1707  9.5277  2.8480  0.373818  0.338577  0.035241  11.112041  11.112041  3.899595  0.094272  4.968754e-02  5.372678e-02  5.372687e-02  0.098842  217576.3322  5.328705e+04  5.339936e+03  4.221137e+56  2.002444e+56  6.106260e-06  1.996712e+110  +1  +1  0
2.8480  224.3537  171.1707  10.7988  2.8480  0.423998  0.390166  0.033832  11.209262  11.209262  3.846847  0.079793  5.586867e-02  6.103400e-02  6.103408e-02  0.109512  134130.2985  6.176539e+04  5.125923e+03  4.871390e+56  1.922179e+56  6.037440e-06  2.073034e+110  +1  +1  0
2.8480  231.8138  171.1707  12.2395  2.8480  0.479790  0.447358  0.032433  11.307617  11.307617  3.792984  0.067598  6.267035e-02  6.925316e-02  6.925324e-02  0.119660  82517.7629  7.127891e+04  4.913273e+03  5.596802e+56  1.842427e+56  5.962254e-06  2.133101e+110  +1  +1  0
2.8480  239.5612  171.1707  13.8724  2.8480  0.541303  0.510261  0.031042  11.420361  11.420361  3.737908  0.057347  7.000710e-02  7.833663e-02  7.833672e-02  0.128212  50830.6666  8.187802e+04  4.701912e+03  6.400070e+56  1.763160e+56  5.880954e-06  2.175321e+110  +1  +1  0
2.8480  247.6067  171.1707  15.7232  2.8480  0.608566  0.578906  0.029660  11.545012  11.545012  3.681527  0.048738  7.785653e-02  8.831587e-02  8.831596e-02  0.134866  31429.2941  9.361403e+04  4.491844e+03  7.283815e+56  1.684379e+56  5.792124e-06  2.199014e+110  +1  +1  0
2.8480  255.9695  171.1707  17.8208  2.8480  0.681531  0.653243  0.028287  11.678467  11.678467  3.623758  0.041505  8.619481e-02  9.922611e-02  9.922618e-02  0.139461  19541.4121  1.065255e+05  4.283124e+03  8.249286e+56  1.606105e+56  5.695786e-06  2.202724e+110  +1  +1  0
2.8480  264.6662  171.1707  20.1984  2.8480  0.760063  0.733140  0.026924  11.817793  11.817793  3.564519  0.035423  9.499376e-02  1.111025e-01  1.111026e-01  0.141980  12236.5566  1.206497e+05  4.075859e+03  9.297377e+56  1.528377e+56  5.593410e-06  2.185203e+110  +1  +1  0
2.8480  273.7197  171.1707  22.8931  2.8480  0.843946  0.818375  0.025571  11.960007  11.960007  3.503740  0.030299  1.042233e-01  1.239833e-01  1.239834e-01  0.142494  7724.7170  1.359980e+05  3.870215e+03  1.042678e+57  1.451259e+56  5.483139e-06  2.148151e+110  +1  +1  0
2.8480  283.1505  171.1707  25.9473  2.8480  0.932867  0.908637  0.024230  12.102200  12.102200  3.441358  0.025974  1.138510e-01  1.379091e-01  1.379092e-01  0.141171  4920.0487  1.526014e+05  3.666425e+03  1.163740e+57  1.374836e+56  5.364911e-06  2.091756e+110  +1  +1  0
2.8480  292.9824  171.1707  29.4090  2.8480  1.026427  1.003524  0.022903  12.242222  12.242222  3.377323  0.022314  1.238367e-01  1.529137e-01  1.529138e-01  0.138196  3163.4246  1.704449e+05  3.464772e+03  1.292518e+57  1.299216e+56  5.274203e-06  1.925669e+110  +1  +1  0
2.8480  548.6687  171.1707  33.3326  2.8480  1.069256  1.053386  0.015870  12.311197  12.311197  2.995264  0.014842  1.282812e-01  1.597856e-01  1.597857e-01  0.137870  2645.8513  1.796541e+05  2.396604e+03  1.358853e+57  8.992104e+55  5.011798e-06  2.425774e+109  +1  +1  1
2.8480  553.1161  171.1707  37.7796  2.8480  1.088313  1.075830  0.012482  12.284698  12.284698  2.760382  0.011470  1.308491e-01  1.638126e-01  1.638126e-01  0.135509  2355.1713  1.840570e+05  1.888732e+03  1.388633e+57  7.083039e+55  4.531486e-06  1.893729e+109  +1  +1  1
2.8480  558.1558  171.1707  42.8198  2.8480  1.099684  1.087899  0.011785  12.203496  12.203496  2.706041  0.010717  1.330961e-01  1.673709e-01  1.673709e-01  0.131333  2096.3102  1.868158e+05  1.783597e+03  1.404977e+57  6.687930e+55  4.121097e-06  1.941963e+109  +1  +1  1
2.8480  563.8691  171.1707  48.5326  2.8480  1.110617  1.099282  0.011335  12.088137  12.088137  2.671173  0.010206  1.357021e-01  1.715388e-01  1.715388e-01  0.125748  1821.6987  1.896523e+05  1.714982e+03  1.420376e+57  6.430640e+55  3.990457e-06  2.073904e+109  +1  +1  1
2.8480  570.3441  171.1707  55.0074  2.8480  1.125995  1.115136  0.010859  11.951463  11.951463  2.633237  0.009644  1.391545e-01  1.771298e-01  1.771298e-01  0.119010  1520.5717  1.935255e+05  1.642378e+03  1.441655e+57  6.158396e+55  4.036916e-06  2.722020e+109  +1  +1  1
2.8480  577.6823  171.1707  62.3461  2.8480  1.148808  1.138449  0.010359  11.805219  11.805219  2.592134  0.009017  1.437325e-01  1.846686e-01  1.846686e-01  0.111537  1212.1434  1.992725e+05  1.566086e+03  1.474693e+57  5.872321e+55  4.123296e-06  3.398751e+109  +1  +1  1
2.8480  586.0010  171.1707  70.6639  2.8480  1.180688  1.170852  0.009836  11.659303  11.659303  2.547796  0.008331  1.495700e-01  1.944950e-01  1.944950e-01  0.103764  924.1281  2.068427e+05  1.486510e+03  1.519091e+57  5.573934e+55  4.264312e-06  3.841928e+109  +1  +1  1
2.8480  595.4279  171.1707  80.0914  2.8480  1.222227  1.212932  0.009295  11.521651  11.521651  2.500194  0.007605  1.566818e-01  2.068036e-01  2.068037e-01  0.096036  678.0328  2.166417e+05  1.404158e+03  1.577501e+57  5.265136e+55  4.193774e-06  4.218502e+109  +1  +1  1
2.8480  606.1136  171.1707  90.7766  2.8480  1.273148  1.264408  0.008739  11.397615  11.397615  2.449337  0.006864  1.649857e-01  2.216684e-01  2.216685e-01  0.088582  483.0826  2.291772e+05  1.319635e+03  1.653147e+57  4.948200e+55  4.159135e-06  4.235202e+109  +1  +1  1
2.8480  618.2249  171.1707  102.8874  2.8480  1.332520  1.324347  0.008173  11.289870  11.289870  2.395287  0.006134  1.743277e-01  2.390665e-01  2.390665e-01  0.081513  337.5247  2.432752e+05  1.233633e+03  1.737464e+57  4.625718e+55  4.115309e-06  4.042444e+109  +1  +1  1
2.8480  631.9498  171.1707  116.6139  2.8480  1.398940  1.391338  0.007602  11.198738  11.198738  2.338149  0.005434  1.845064e-01  2.588957e-01  2.588958e-01  0.074862  233.4053  2.600936e+05  1.146910e+03  1.838087e+57  4.300534e+55  3.939284e-06  3.800455e+109  +1  +1  1
2.8480  647.5096  171.1707  132.1717  2.8480  1.470695  1.463664  0.007031  11.122647  11.122647  2.278083  0.004781  1.952973e-01  2.809932e-01  2.809933e-01  0.068606  160.9864  2.785513e+05  1.060270e+03  1.946978e+57  3.975658e+55  3.869148e-06  3.308706e+109  +1  +1  1
2.8480  665.1426  171.1707  149.8051  2.8480  1.545950  1.539484  0.006466  11.059074  11.059074  2.215299  0.004182  2.064706e-01  3.051463e-01  3.051463e-01  0.062728  111.4502  2.982865e+05  9.745323e+02  2.061140e+57  3.654169e+55  3.727932e-06  2.841888e+109  +1  +1  1
2.8480  685.1283  171.1707  169.7911  2.8480  1.622830  1.616919  0.005911  11.004759  11.004759  2.150053  0.003642  2.178082e-01  3.311065e-01  3.311065e-01  0.057184  77.7701  3.196218e+05  8.905052e+02  2.182433e+57  3.339093e+55  3.571826e-06  2.363134e+109  +1  +1  1
2.8480  707.7821  171.1707  192.4434  2.8480  1.699560  1.694188  0.005372  10.956492  10.956492  2.082646  0.003161  2.291113e-01  3.585937e-01  3.585937e-01  0.051988  54.9009  3.414716e+05  8.089554e+02  2.302836e+57  3.033307e+55  3.419517e-06  1.895268e+109  +1  +1  1
2.8480  733.4544  171.1707  218.1178  2.8480  1.774493  1.769639  0.004854  10.911203  10.911203  2.013412  0.002736  2.402057e-01  3.872995e-01  3.872995e-01  0.047115  39.2778  3.641885e+05  7.305797e+02  2.424512e+57  2.739423e+55  3.206333e-06  1.517985e+109  +1  +1  1
2.8480  762.5564  171.1707  247.2176  2.8480  1.846195  1.841835  0.004361  10.866147  10.866147  1.942717  0.002362  2.509480e-01  4.169025e-01  4.169025e-01  0.042597  28.5344  3.873896e+05  6.559828e+02  2.544555e+57  2.459708e+55  2.993324e-06  1.178122e+109  +1  +1  1
2.8480  795.5386  171.1707  280.1996  2.8480  1.913450  1.909555  0.003895  10.819109  10.819109  1.870944  0.002036  2.612205e-01  4.470597e-01  4.470597e-01  0.038432  21.0650  4.107686e+05  5.856592e+02  2.660888e+57  2.196018e+55  2.782513e-06  8.896810e+108  +1  +1  1
2.8480  832.9189  171.1707  317.5819  2.8480  1.975299  1.971840  0.003460  10.768387  10.768387  1.798486  0.001751  2.709342e-01  4.774231e-01  4.774232e-01  0.034627  15.8127  4.339065e+05  5.199819e+02  2.770396e+57  1.949749e+55  2.636114e-06  6.298781e+108  +1  +1  1
2.8480  875.2916  171.1707  359.9514  2.8480  2.031007  2.027950  0.003057  10.712563  10.712563  1.725735  0.001505  2.800268e-01  5.076487e-01  5.076487e-01  0.031178  12.0714  4.554376e+05  4.591993e+02  2.863912e+57  1.721835e+55  2.437852e-06  4.373485e+108  +1  +1  1
2.8480  923.3117  171.1707  407.9736  2.8480  2.080080  2.077394  0.002687  10.650946  10.650946  1.653074  0.001292  2.884520e-01  5.373774e-01  5.373775e-01  0.028083  9.3751  4.770098e+05  4.034377e+02  2.953138e+57  1.512748e+55  2.177886e-06  3.131452e+108  +1  +1  1
2.8480  977.7420  171.1707  462.4025  2.8480  2.122239  2.119889  0.002350  10.582681  10.582681  1.580870  0.001107  2.961967e-01  5.663161e-01  5.663161e-01  0.025312  7.4018  4.973190e+05  3.527094e+02  3.029381e+57  1.322534e+55  1.925001e-06  2.086479e+108  +1  +1  1
2.8480  1039.4339  171.1707  524.0930  2.8480  2.157393  2.155347  0.002045  10.508022  10.508022  1.509463  0.000948  3.032423e-01  5.941133e-01  5.941133e-01  0.022858  5.9428  5.172008e+05  3.069270e+02  3.098990e+57  1.150866e+55  1.660583e-06  1.399502e+108  +1  +1  1
2.8480  1109.3497  171.1707  594.0138  2.8480  2.185604  2.183831  0.001773  10.426822  10.426822  1.439166  0.000811  3.096001e-01  6.205097e-01  6.205097e-01  0.020690  4.8491  5.353405e+05  2.659183e+02  3.153316e+57  9.970976e+54  1.436833e-06  8.042970e+107  +1  +1  1
2.8480  1188.6046  171.1707  673.2629  2.8480  2.207073  2.205543  0.001530  10.339411  10.339411  1.370254  0.000693  3.152844e-01  6.452551e-01  6.452551e-01  0.018785  4.0198  5.515444e+05  2.294448e+02  3.191739e+57  8.603345e+54  1.153216e-06  4.477171e+107  +1  +1  1
2.8480  1278.4252  171.1707  763.0849  2.8480  2.222111  2.220795  0.001316  10.246497  10.246497  1.302971  0.000592  3.203110e-01  6.681085e-01  6.681085e-01  0.017118  3.3845  5.667835e+05  1.972186e+02  3.221661e+57  7.394976e+54  8.053650e-07  2.572312e+107  +1  +1  1
2.8480  1380.2298  171.1707  864.8903  2.8480  2.231100  2.229972  0.001127  10.148193  10.148193  1.237520  0.000505  3.247221e-01  6.889680e-01  6.889680e-01  0.015659  2.8915  5.809817e+05  1.689192e+02  3.243348e+57  6.333852e+54  4.440046e-07  1.079728e+107  +1  +1  1
2.8480  1495.6207  171.1707  980.2778  2.8480  2.234486  2.233524  0.000962  10.045714  10.045714  1.174069  0.000431  3.285326e-01  7.076317e-01  7.076317e-01  0.014389  2.5065  5.929492e+05  1.442089e+02  3.249164e+57  5.407305e+54  4.891706e-08  1.094221e+106  +1  +1  1
2.8480  1626.3973  171.1707  1111.0596  2.8480  2.232750  2.231930  0.000819  9.939600  9.939600  1.112751  0.000367  3.317819e-01  7.240454e-01  7.240454e-01  0.013299  2.2054  6.036987e+05  1.227449e+02  3.246876e+57  4.602480e+54  -4.910836e-07  -3.826119e+106  -1  -1  1
2.8480  1774.6318  171.1707  1259.2893  2.8480  2.226393  2.225698  0.000696  9.830689  9.830689  1.053665  0.000312  3.345027e-01  7.381591e-01  7.381591e-01  0.012358  1.9673  6.121824e+05  1.041895e+02  3.229965e+57  3.906721e+54  -1.118482e-06  -6.398411e+106  -1  -1  1
2.8480  1942.6373  171.1707  1427.2948  2.8480  2.215923  2.215334  0.000589  9.719711  9.719711  0.996880  0.000266  3.367309e-01  7.499796e-01  7.499796e-01  0.011543  1.7776  6.194934e+05  8.821862e+01  3.206516e+57  3.307871e+54  -1.904658e-06  -6.267976e+106  -1  -1  1
2.8480  2133.0527  171.1707  1617.7144  2.8480  2.201846  2.201348  0.000498  9.607685  9.607685  0.942437  0.000226  3.384931e-01  7.595005e-01  7.595005e-01  0.010844  1.6268  6.256312e+05  7.452667e+01  3.177160e+57  2.794473e+54  -2.926935e-06  -5.653322e+106  -1  -1  1
2.8480  2348.8827  171.1707  1833.5384  2.8480  2.184652  2.184232  0.000420  9.495269  9.495269  0.890353  0.000192  3.398259e-01  7.668061e-01  7.668062e-01  0.010243  1.5068  6.306416e+05  6.283069e+01  3.142739e+57  2.355916e+54  -4.316483e-06  -4.812389e+106  -1  -1  1
2.8480  2593.4963  171.1707  2078.1562  2.8480  2.164819  2.164466  0.000353  9.383424  9.383424  0.840624  0.000163  3.407548e-01  7.719514e-01  7.719514e-01  0.009730  1.4119  6.346095e+05  5.287221e+01  3.104325e+57  1.982510e+54  -9.265094e-06  -4.244160e+106  -1  -1  1
2.8480  2870.7514  171.1707  2355.4091  2.8480  2.142794  2.142497  0.000297  9.272754  9.272754  0.793227  0.000139  3.413134e-01  7.750674e-01  7.750675e-01  0.009293  1.3376  6.365584e+05  4.441792e+01  3.055439e+57  1.665506e+54  -1.941004e-05  -3.663276e+106  -1  -1  1
2.8480  3184.9955  171.1707  2669.6512  2.8480  2.119004  2.118755  0.000249  9.164069  9.164069  0.748125  0.000118  3.415270e-01  7.762635e-01  7.762635e-01  0.008924  1.2803  6.375737e+05  3.725960e+01  3.003826e+57  1.397095e+54  -2.338200e-05  -2.684846e+106  -1  -1  1
2.8480  3541.1532  171.1707  3025.8172  2.8480  2.093846  2.093637  0.000209  9.058085  9.058085  0.705268  0.000100  3.414208e-01  7.756685e-01  7.756685e-01  0.008619  1.2385  6.386665e+05  3.121289e+01  2.956823e+57  1.170366e+54  1.311120e-04  -2.016490e+106  +1  -1  1
2.8480  3944.8452  171.1707  3429.5004  2.8480  2.067690  2.067516  0.000175  8.955284  8.955284  0.664598  0.000084  3.410262e-01  7.734634e-01  7.734634e-01  0.008363  1.2088  6.380394e+05  2.611604e+01  2.902046e+57  9.792532e+53  3.482519e-05  -1.701162e+106  +1  -1  1
2.8480  4402.3826  171.1707  3887.0401  2.8480  2.040879  2.040733  0.000146  8.856462  8.856462  0.626046  0.000071  3.403601e-01  7.697595e-01  7.697595e-01  0.008163  1.1915  6.358741e+05  2.182800e+01  2.840839e+57  8.184678e+53  1.335607e-05  -1.274924e+106  +1  -1  1
2.8480  4920.9625  171.1707  4405.6215  2.8480  2.013724  2.013602  0.000122  8.761846  8.761846  0.589541  0.000061  3.394580e-01  7.647803e-01  7.647803e-01  0.007999  1.1831  6.339699e+05  1.822651e+01  2.785750e+57  6.834253e+53  1.288374e-05  -8.802264e+105  +1  -1  1
2.8480  5508.7341  171.1707  4993.3885  2.8480  1.986513  1.986411  0.000102  8.672058  8.672058  0.555004  0.000051  3.383381e-01  7.586569e-01  7.586569e-01  0.007877  1.1844  6.315342e+05  1.520623e+01  2.731226e+57  5.701764e+53  9.641947e-06  -6.670034e+105  +1  -1  1
2.8480  6174.9095  171.1707  5659.5711  2.8480  1.959505  1.959420  0.000085  8.587400  8.587400  0.522356  0.000043  3.370282e-01  7.515751e-01  7.515751e-01  0.007787  1.1938  6.278678e+05  1.267678e+01  2.672306e+57  4.753315e+53  7.802849e-06  -4.854585e+105  +1  -1  1
2.8480  6929.9756  171.1707  6414.6311  2.8480  1.932937  1.932867  0.000071  8.508369  8.508369  0.491518  0.000037  3.355468e-01  7.436682e-01  7.436682e-01  0.007731  1.2116  6.246272e+05  1.056094e+01  2.620409e+57  3.959954e+53  7.276595e-06  -3.407165e+105  +1  -1  1
2.8480  7785.7703  171.1707  7270.4259  2.8480  1.907021  1.906962  0.000059  8.435093  8.435093  0.462406  0.000031  3.339237e-01  7.351265e-01  7.351265e-01  0.007702  1.2367  6.203593e+05  8.792962e+00  2.565249e+57  3.297028e+53  6.390186e-06  -2.440178e+105  +1  -1  1
2.8480  8755.7337  171.1707  8240.3948  2.8480  1.881943  1.881894  0.000049  8.367778  8.367778  0.434940  0.000026  3.321834e-01  7.261065e-01  7.261065e-01  0.007696  1.2685  6.166022e+05  7.317042e+00  2.517353e+57  2.743614e+53  6.027194e-06  -1.685811e+105  +1  -1  1
2.8480  9855.1162  171.1707  9339.7702  2.8480  1.857876  1.857835  0.000041  8.306678  8.306678  0.409040  0.000022  3.303474e-01  7.167408e-01  7.167408e-01  0.007713  1.3071  6.120093e+05  6.085971e+00  2.467142e+57  2.282009e+53  5.079815e-06  -1.239198e+105  +1  -1  1
2.8480  11101.1575  171.1707  10585.8164  2.8480  1.834960  1.834926  0.000034  8.251759  8.251759  0.384628  0.000018  3.284443e-01  7.071923e-01  7.071923e-01  0.007749  1.3516  6.073514e+05  5.059903e+00  2.419721e+57  1.897272e+53  4.784295e-06  -8.551692e+104  +1  -1  1
2.8480  12513.4446  171.1707  11998.1012  2.8480  1.813330  1.813302  0.000028  8.203233  8.203233  0.361628  0.000016  3.264927e-01  6.975638e-01  6.975638e-01  0.007800  1.4017  6.027009e+05  4.205260e+00  2.375361e+57  1.576813e+53  4.885845e-06  -5.593348e+104  +1  -1  1
2.8480  14114.1489  171.1707  13598.8032  2.8480  1.793084  1.793061  0.000023  8.160853  8.160853  0.339966  0.000013  3.245239e-01  6.880139e-01  6.880139e-01  0.007864  1.4564  5.987219e+05  3.493814e+00  2.338450e+57  1.310048e+53  4.650544e-06  -3.736918e+104  +1  -1  1
2.8480  15928.3955  171.1707  15413.0595  2.8480  1.774316  1.774297  0.000019  8.124658  8.124658  0.319569  0.000011  3.225578e-01  6.786359e-01  6.786359e-01  0.007937  1.5154  5.942051e+05  2.901887e+00  2.300305e+57  1.088098e+53  4.044311e-06  -2.684832e+104  +1  -1  1
2.8480  17984.7070  171.1707  17469.3612  2.8480  1.757093  1.757077  0.000016  8.094454  8.094454  0.300371  0.000009  3.206188e-01  6.695388e-01  6.695388e-01  0.008017  1.5775  5.898317e+05  2.409625e+00  2.265415e+57  9.035181e+52  3.829244e-06  -1.792735e+104  +1  -1  1
2.8480  20310.1824  171.1707  19794.8396  2.8480  1.741497  1.741483  0.000013  8.070086  8.070086  0.282340  0.000008  3.187323e-01  6.608286e-01  6.608286e-01  0.008098  1.6412  5.856457e+05  2.001183e+00  2.233835e+57  7.503679e+52  3.725610e-06  -1.315058e+104  +1  -1  1

3.8986  103.0404  174.9878  1.0000  3.8986  0.139754  0.019393  0.120361  6.132451  6.132451  5.850201  0.861232  3.365990e-02  3.546070e-02  3.546133e-02  0.088616  1367275.8053  2.920721e+03  1.836721e+04  2.453686e+55  6.875756e+56  6.582319e-06  6.620048e+109  +1  +1  0
3.8986  107.6573  174.9878  1.1334  3.8986  0.137674  0.022330  0.115344  6.264994  6.264994  5.767306  0.837804  3.245733e-02  3.412819e-02  3.412880e-02  0.076991  1424908.2758  3.367785e+03  1.760409e+04  2.823127e+55  6.589826e+56  6.604690e-06  6.197330e+109  +1  +1  0
3.8986  113.1115  174.9878  1.2846  3.8986  0.135986  0.025646  0.110340  6.421129  6.421129  5.682037  0.811408  3.127993e-02  3.282853e-02  3.282907e-02  0.066406  1478388.1404  3.873774e+03  1.684329e+04  3.236452e+55  6.304740e+56  6.678988e-06  5.832163e+109  +1  +1  0
3.8986  119.1072  174.9878  1.4560  3.8986  0.134829  0.029415  0.105414  6.604212  6.604212  5.595341  0.781832  3.015391e-02  3.159017e-02  3.159067e-02  0.057146  1528173.0298  4.450479e+03  1.609426e+04  3.703930e+55  6.024044e+56  7.012062e-06  6.060170e+109  +1  +1  0
3.8986  125.0167  174.9878  1.6503  3.8986  0.134332  0.033707  0.100625  6.816486  6.816486  5.508340  0.749078  2.910722e-02  3.044303e-02  3.044349e-02  0.049295  1572931.0624  5.108825e+03  1.536624e+04  4.234380e+55  5.751219e+56  -1.020241e-06  6.200742e+109  -1  +1  0
3.8986  131.6026  174.9878  1.8704  3.8986  0.134648  0.038621  0.096027  7.059475  7.059475  5.422112  0.713170  2.817144e-02  2.942068e-02  2.942110e-02  0.042982  1614925.6583  5.864687e+03  1.466689e+04  4.840338e+55  5.489156e+56  5.722679e-06  6.508865e+109  +1  +1  0
3.8986  137.9494  174.9878  2.1200  3.8986  0.135949  0.044301  0.091649  7.332941  7.332941  5.337433  0.674139  2.738298e-02  2.856164e-02  2.856203e-02  0.038155  1652161.8975  6.740454e+03  1.400066e+04  5.539588e+55  5.239534e+56  6.241350e-06  5.520051e+109  +1  +1  0
3.8986  152.7256  174.9878  2.4028  3.8986  0.137651  0.050409  0.087242  7.621505  7.621505  5.249979  0.633791  2.667598e-02  2.779317e-02  2.779351e-02  0.034608  1707998.5932  7.684074e+03  1.332797e+04  6.290730e+55  4.987707e+56  6.303010e-06  8.389365e+109  +1  +1  0
3.8986  157.6382  174.9878  2.7234  3.8986  0.140739  0.057698  0.083042  7.932229  7.932229  5.163831  0.590038  2.620604e-02  2.728334e-02  2.728366e-02  0.032467  1751207.5115  8.811910e+03  1.268699e+04  7.186825e+55  4.747720e+56  6.353361e-06  1.037072e+110  +1  +1  0
3.8986  162.7167  174.9878  3.0867  3.8986  0.145793  0.066643  0.079149  8.262232  8.262232  5.081266  0.542889  2.606271e-02  2.712798e-02  2.712826e-02  0.031631  1753593.7532  1.019877e+04  1.209343e+04  8.288497e+55  4.525437e+56  6.373553e-06  1.156922e+110  +1  +1  0
3.8986  167.9681  174.9878  3.4985  3.8986  0.153181  0.077622  0.075559  8.600150  8.600150  5.002592  0.493268  2.630751e-02  2.739335e-02  2.739362e-02  0.032249  1706163.6895  1.190427e+04  1.154618e+04  9.644358e+55  4.320462e+56  6.377535e-06  1.293527e+110  +1  +1  0
3.8986  173.4000  174.9878  3.9652  3.8986  0.163312  0.091057  0.072255  8.933046  8.933046  4.927888  0.442434  2.700225e-02  2.814759e-02  2.814783e-02  0.034215  1589016.6218  1.399686e+04  1.104257e+04  1.131017e+56  4.131810e+56  6.371801e-06  1.446876e+110  +1  +1  0
3.8986  179.0190  174.9878  4.4943  3.8986  0.176620  0.107417  0.069202  9.249082  9.249082  4.856736  0.391815  2.820472e-02  2.945699e-02  2.945720e-02  0.037656  1406471.5213  1.655240e+04  1.057734e+04  1.334713e+56  3.957525e+56  6.358979e-06  1.610223e+110  +1  +1  0
3.8986  184.8335  174.9878  5.0939  3.8986  0.193539  0.127137  0.066402  9.540160  9.540160  4.789550  0.343094  2.996367e-02  3.138138e-02  3.138159e-02  0.042570  1174995.8723  1.964410e+04  1.015033e+04  1.580667e+56  3.797569e+56  6.338658e-06  1.776163e+110  +1  +1  0
3.8986  190.8524  174.9878  5.7734  3.8986  0.214473  0.150630  0.063843  9.803394  9.803394  4.726568  0.297673  3.231305e-02  3.396866e-02  3.396884e-02  0.048840  924256.5498  2.334459e+04  9.759494e+03  1.873831e+56  3.651208e+56  6.311162e-06  1.942551e+110  +1  +1  0
3.8986  197.0844  174.9878  6.5437  3.8986  0.239796  0.178318  0.061478  10.040411  10.040411  4.667090  0.256376  3.527547e-02  3.725898e-02  3.725916e-02  0.056477  689308.3461  2.772971e+04  9.397620e+03  2.219559e+56  3.515748e+56  6.276827e-06  2.108620e+110  +1  +1  0
3.8986  203.5396  174.9878  7.4167  3.8986  0.269890  0.210698  0.059192  10.255712  10.255712  4.608296  0.219319  3.886893e-02  4.129267e-02  4.129282e-02  0.065212  490031.0721  3.289019e+04  9.047497e+03  2.624243e+56  3.384713e+56  6.235099e-06  2.272609e+110  +1  +1  0
3.8986  210.2287  174.9878  8.4062  3.8986  0.305160  0.248220  0.056940  10.454880  10.454880  4.548894  0.186589  4.311120e-02  4.611576e-02  4.611592e-02  0.074780  334766.6969  3.891448e+04  8.702356e+03  3.093974e+56  3.255551e+56  6.186881e-06  2.431752e+110  +1  +1  0
3.8986  217.1631  174.9878  9.5277  3.8986  0.345982  0.291267  0.054715  10.643590  10.643590  4.488700  0.158144  4.801167e-02  5.177148e-02  5.177163e-02  0.084719  221389.4017  4.588302e+04  8.361390e+03  3.634185e+56  3.127958e+56  6.131447e-06  2.578838e+110  +1  +1  0
3.8986  224.3537  174.9878  10.7988  3.8986  0.392672  0.340157  0.052514  10.804089  10.804089  4.427552  0.133736  5.368131e-02  5.843079e-02  5.843094e-02  0.095597  142968.0570  5.387556e+04  8.023998e+03  4.250155e+56  3.001708e+56  6.067694e-06  2.709154e+110  +1  +1  0
3.8986  231.8138  174.9878  12.2395  3.8986  0.445474  0.395139  0.050335  10.953354  10.953354  4.365298  0.112992  6.006989e-02  6.608825e-02  6.608839e-02  0.106494  90771.6856  6.296391e+04  7.689730e+03  4.946369e+56  2.876633e+56  5.997364e-06  2.816841e+110  +1  +1  0
3.8986  239.5612  174.9878  13.8724  3.8986  0.504544  0.456370  0.048174  11.108048  11.108048  4.301801  0.095481  6.708766e-02  7.469449e-02  7.469464e-02  0.116288  57046.7178  7.320896e+04  7.358278e+03  5.726263e+56  2.752615e+56  5.919656e-06  2.899517e+110  +1  +1  0
3.8986  247.6067  174.9878  15.7232  3.8986  0.569940  0.523909  0.046031  11.268216  11.268216  4.236934  0.080765  7.470595e-02  8.427726e-02  8.427740e-02  0.124489  35666.6525  8.466690e+04  7.029475e+03  6.592767e+56  2.629593e+56  5.833556e-06  2.955423e+110  +1  +1  0
3.8986  255.9695  174.9878  17.8208  3.8986  0.641618  0.597713  0.043905  11.432500  11.432500  4.170582  0.068429  8.289283e-02  9.486652e-02  9.486665e-02  0.130775  22276.5697  9.738092e+04  6.703269e+03  7.547576e+56  2.507546e+56  5.739749e-06  2.981552e+110  +1  +1  0
3.8986  264.6662  174.9878  20.1984  3.8986  0.719437  0.677640  0.041796  11.599109  11.599109  4.102635  0.058096  9.161143e-02  1.064918e-01  1.064920e-01  0.134973  13944.6779  1.113846e+05  6.379714e+03  8.591245e+56  2.386494e+56  5.637985e-06  2.976898e+110  +1  +1  0
3.8986  273.7197  174.9878  22.8931  3.8986  0.803150  0.763444  0.039706  11.765780  11.765780  4.032998  0.049438  1.008226e-01  1.191853e-01  1.191855e-01  0.137066  8771.0165  1.267006e+05  6.058967e+03  9.723332e+56  2.266496e+56  5.529225e-06  2.941502e+110  +1  +1  0
3.8986  283.1505  174.9878  25.9473  3.8986  0.892412  0.854776  0.037636  11.930110  11.930110  3.961586  0.042173  1.104848e-01  1.329814e-01  1.329815e-01  0.137152  5553.8892  1.433335e+05  5.741304e+03  1.094142e+57  2.147653e+56  5.412783e-06  2.876529e+110  +1  +1  0
3.8986  292.9824  174.9878  29.4090  3.8986  0.986772  0.951184  0.035588  12.090213  12.090213  3.888329  0.036065  1.205493e-01  1.479086e-01  1.479087e-01  0.135378  3545.1280  1.612859e+05  5.427093e+03  1.224308e+57  2.030104e+56  5.331383e-06  2.653078e+110  +1  +1  0
3.8986  548.6687  174.9878  33.3326  3.8986  1.031269  1.004730  0.026539  12.181210  12.181210  3.533763  0.025734  1.250441e-01  1.547685e-01  1.547686e-01  0.136054  2966.9043  1.710359e+05  4.037055e+03  1.295088e+57  1.511340e+56  5.183606e-06  4.019137e+109  +1  +1  1
3.8986  553.1161  174.9878  37.7796  3.8986  1.056524  1.035832  0.020692  12.182246  12.182246  3.250496  0.019585  1.280954e-01  1.594960e-01  1.594961e-01  0.134405  2598.1039  1.768712e+05  3.152356e+03  1.335731e+57  1.179720e+56  4.831455e-06  3.389936e+109  +1  +1  1
3.8986  558.1558  174.9878  42.8198  3.8986  1.074699  1.056294  0.018405  12.124341  12.124341  3.120917  0.017125  1.309213e-01  1.639264e-01  1.639264e-01  0.130597  2263.5607  1.811518e+05  2.808324e+03  1.363446e+57  1.050474e+56  4.511832e-06  3.739002e+109  +1  +1  1
3.8986  563.8691  174.9878  48.5326  3.8986  1.090709  1.073030  0.017679  12.027665  12.027665  3.079073  0.016209  1.339397e-01  1.687152e-01  1.687153e-01  0.125305  1937.8936  1.848898e+05  2.696668e+03  1.385758e+57  1.008692e+56  4.296883e-06  3.812031e+109  +1  +1  1
3.8986  570.3441  174.9878  55.0074  3.8986  1.109314  1.092370  0.016944  11.905691  11.905691  3.035792  0.015274  1.376200e-01  1.746348e-01  1.746349e-01  0.118847  1605.0578  1.894852e+05  2.583345e+03  1.412615e+57  9.663031e+55  4.189727e-06  4.234213e+109  +1  +1  1
3.8986  577.6823  174.9878  62.3461  3.8986  1.134006  1.117835  0.016171  11.770121  11.770121  2.988877  0.014260  1.423037e-01  1.823002e-01  1.823002e-01  0.111580  1274.7222  1.954277e+05  2.464198e+03  1.447491e+57  9.217354e+55  4.274099e-06  4.817204e+109  +1  +1  1
3.8986  586.0010  174.9878  70.6639  3.8986  1.166940  1.151577  0.015363  11.631605  11.631605  2.938246  0.013165  1.481803e-01  1.921335e-01  1.921336e-01  0.103934  969.8763  2.031783e+05  2.339849e+03  1.493552e+57  8.752218e+55  4.265308e-06  5.486871e+109  +1  +1  1
3.8986  595.4279  174.9878  80.0914  3.8986  1.209092  1.194567  0.014525  11.498876  11.498876  2.883857  0.012013  1.553051e-01  2.043912e-01  2.043912e-01  0.096275  710.3850  2.133547e+05  2.211080e+03  1.554921e+57  8.270552e+55  4.231508e-06  5.868011e+109  +1  +1  1
3.8986  606.1136  174.9878  90.7766  3.8986  1.260470  1.246806  0.013664  11.378112  11.378112  2.825719  0.010840  1.636228e-01  2.191910e-01  2.191911e-01  0.088844  505.0291  2.255055e+05  2.078831e+03  1.628190e+57  7.775865e+55  4.229256e-06  5.841761e+109  +1  +1  1
3.8986  618.2249  174.9878  102.8874  3.8986  1.320301  1.307515  0.012787  11.272610  11.272610  2.763894  0.009685  1.729937e-01  2.365364e-01  2.365365e-01  0.081773  351.8573  2.399715e+05  1.944174e+03  1.715371e+57  7.272174e+55  4.105122e-06  5.701177e+109  +1  +1  1
3.8986  631.9498  174.9878  116.6139  3.8986  1.387270  1.375370  0.011900  11.183211  11.183211  2.698499  0.008578  1.832214e-01  2.563396e-01  2.563397e-01  0.075113  242.5183  2.567492e+05  1.808291e+03  1.815981e+57  6.763899e+55  3.995280e-06  5.254803e+109  +1  +1  1
3.8986  647.5096  174.9878  132.1717  3.8986  1.459698  1.448685  0.011013  11.108671  11.108671  2.629712  0.007545  1.940808e-01  2.784438e-01  2.784439e-01  0.068846  166.6776  2.751584e+05  1.672437e+03  1.924803e+57  6.255733e+55  3.867707e-06  4.664656e+109  +1  +1  1
3.8986  665.1426  174.9878  149.8051  3.8986  1.535739  1.525605  0.010134  11.046514  11.046514  2.557767  0.006599  2.053401e-01  3.026402e-01  3.026403e-01  0.062952  114.9605  2.955078e+05  1.537898e+03  2.043522e+57  5.752484e+55  3.714709e-06  4.033656e+109  +1  +1  1
3.8986  685.1283  174.9878  169.7911  3.8986  1.613498  1.604228  0.009270  10.993643  10.993643  2.482954  0.005745  2.167746e-01  3.286755e-01  3.286756e-01  0.057393  79.9334  3.168536e+05  1.405942e+03  2.165083e+57  5.258901e+55  3.615840e-06  3.289701e+109  +1  +1  1
3.8986  707.7821  174.9878  192.4434  3.8986  1.691153  1.682722  0.008431  10.946778  10.946778  2.405613  0.004985  2.281803e-01  3.562649e-01  3.562649e-01  0.052176  56.2331  3.387651e+05  1.277778e+03  2.286102e+57  4.779503e+55  3.404981e-06  2.710424e+109  +1  +1  1
3.8986  733.4544  174.9878  218.1178  3.8986  1.767035  1.759413  0.007622  10.902873  10.902873  2.326128  0.004314  2.393789e-01  3.850970e-01  3.850971e-01  0.047294  40.1127  3.623618e+05  1.154509e+03  2.414047e+57  4.318413e+55  3.178910e-06  2.192751e+109  +1  +1  1
3.8986  762.5564  174.9878  247.2176  3.8986  1.839666  1.832815  0.006851  10.859118  10.859118  2.244914  0.003724  2.502224e-01  4.148429e-01  4.148430e-01  0.042754  29.0576  3.857162e+05  1.037094e+03  2.535312e+57  3.879222e+55  3.078950e-06  1.621898e+109  +1  +1  1
3.8986  795.5386  174.9878  280.1996  3.8986  1.907814  1.901691  0.006123  10.813301  10.813301  2.162411  0.003210  2.605910e-01  4.451562e-01  4.451563e-01  0.038571  21.3979  4.082901e+05  9.263233e+02  2.646083e+57  3.464883e+55  2.873971e-06  1.209092e+109  +1  +1  1
3.8986  832.9189  174.9878  317.5819  3.8986  1.970489  1.965047  0.005442  10.763643  10.763643  2.079070  0.002762  2.703936e-01  4.756827e-01  4.756827e-01  0.034746  16.0263  4.315259e+05  8.227961e+02  2.756318e+57  3.077640e+55  2.604828e-06  9.124771e+108  +1  +1  1
3.8986  875.2916  174.9878  359.9514  3.8986  2.026952  2.022142  0.004811  10.708779  10.708779  1.995344  0.002373  2.795666e-01  5.060739e-01  5.060739e-01  0.031281  12.2112  4.541815e+05  7.269170e+02  2.857644e+57  2.719005e+55  2.400400e-06  6.517184e+108  +1  +1  1
3.8986  923.3117  174.9878  407.9736  3.8986  2.076704  2.072473  0.004231  10.647941  10.647941  1.911677  0.002037  2.880651e-01  5.359735e-01  5.359736e-01  0.028163  9.4653  4.758793e+05  6.388987e+02  2.947692e+57  2.389774e+55  2.197279e-06  4.428142e+108  +1  +1  1
3.8986  977.7420  174.9878  462.4025  3.8986  2.119458  2.115756  0.003702  10.580528  10.580528  1.828491  0.001747  2.958687e-01  5.650572e-01  5.650572e-01  0.025382  7.4635  4.963349e+05  5.587739e+02  3.024884e+57  2.090069e+55  1.942253e-06  3.006872e+108  +1  +1  1
3.8986  1039.4339  174.9878  524.0930  3.8986  2.155122  2.151898  0.003224  10.506417  10.506417  1.746182  0.001496  3.029694e-01  5.930089e-01  5.930090e-01  0.022914  5.9844  5.163354e+05  4.864170e+02  3.095226e+57  1.819420e+55  1.677613e-06  1.981424e+108  +1  +1  1
3.8986  1109.3497  174.9878  594.0138  3.8986  2.183772  2.180976  0.002796  10.425697  10.425697  1.665113  0.001280  3.093740e-01  6.195483e-01  6.195483e-01  0.020736  4.8778  5.345863e+05  4.215674e+02  3.150192e+57  1.576852e+55  1.453169e-06  1.140334e+108  +1  +1  1
3.8986  1188.6046  174.9878  673.2629  3.8986  2.205613  2.203199  0.002414  10.338708  10.338708  1.585609  0.001094  3.150974e-01  6.444226e-01  6.444226e-01  0.018822  4.0397  5.508957e+05  3.638585e+02  3.189209e+57  1.360994e+55  1.169063e-06  6.357177e+107  +1  +1  1
3.8986  1278.4252  174.9878  763.0849  3.8986  2.220958  2.218882  0.002076  10.246031  10.246031  1.507950  0.000935  3.201595e-01  6.674057e-01  6.674057e-01  0.017147  3.3984  5.662201e+05  3.128442e+02  3.219574e+57  1.170177e+55  8.206244e-07  3.654142e+107  +1  +1  1
3.8986  1380.2298  174.9878  864.8903  3.8986  2.230201  2.228422  0.001780  10.148033  10.148033  1.432377  0.000798  3.245965e-01  6.883631e-01  6.883631e-01  0.015682  2.9012  5.805068e+05  2.680253e+02  3.241727e+57  1.002533e+55  4.593371e-07  1.543802e+107  +1  +1  1
3.8986  1495.6207  174.9878  980.2778  3.8986  2.233796  2.232276  0.001520  10.045745  10.045745  1.359088  0.000681  3.284301e-01  7.071217e-01  7.071217e-01  0.014409  2.5137  5.925469e+05  2.288738e+02  3.247892e+57  8.560891e+54  6.520702e-08  1.642173e+106  +1  +1  1
3.8986  1626.3973  174.9878  1111.0596  3.8986  2.232229  2.230934  0.001295  9.939777  9.939777  1.288240  0.000580  3.316986e-01  7.236187e-01  7.236187e-01  0.013316  2.2108  6.033636e+05  1.948522e+02  3.245921e+57  7.288330e+54  -4.733967e-07  -5.360308e+106  -1  -1  1
3.8986  1774.6318  174.9878  1259.2893  3.8986  2.226004  2.224904  0.001099  9.830911  9.830911  1.219950  0.000494  3.344366e-01  7.378120e-01  7.378120e-01  0.012370  1.9712  6.118960e+05  1.654305e+02  3.229200e+57  6.187826e+54  -1.097181e-06  -9.025501e+106  -1  -1  1
3.8986  1942.6373  174.9878  1427.2948  3.8986  2.215641  2.214709  0.000931  9.720026  9.720026  1.154302  0.000420  3.366771e-01  7.496912e-01  7.496912e-01  0.011552  1.7804  6.192594e+05  1.400985e+02  3.205978e+57  5.240295e+54  -1.880380e-06  -8.843199e+106  -1  -1  1
3.8986  2133.0527  174.9878  1617.7144  3.8986  2.201648  2.200861  0.000787  9.608018  9.608018  1.091346  0.000358  3.384509e-01  7.592711e-01  7.592711e-01  0.010850  1.6288  6.254370e+05  1.183746e+02  3.176768e+57  4.427727e+54  -2.895551e-06  -7.988447e+106  -1  -1  1
3.8986  2348.8827  174.9878  1833.5384  3.8986  2.184520  2.183856  0.000664  9.495671  9.495671  1.031105  0.000304  3.397911e-01  7.666138e-01  7.666138e-01  0.010249  1.5084  6.304869e+05  9.981266e+01  3.142503e+57  3.733427e+54  -4.279856e-06  -6.804025e+106  -1  -1  1
3.8986  2593.4963  174.9878  2078.1562  3.8986  2.164735  2.164177  0.000559  9.383814  9.383814  0.973576  0.000258  3.407274e-01  7.717990e-01  7.717990e-01  0.009735  1.4132  6.344816e+05  8.400429e+01  3.104164e+57  3.142125e+54  -9.146716e-06  -6.009168e+106  -1  -1  1
3.8986  2870.7514  174.9878  2355.4091  3.8986  2.142747  2.142278  0.000470  9.273158  9.273158  0.918735  0.000219  3.412911e-01  7.749425e-01  7.749425e-01  0.009297  1.3386  6.364573e+05  7.058078e+01  3.055367e+57  2.640027e+54  -1.910015e-05  -5.186644e+106  -1  -1  1
3.8986  3184.9955  174.9878  2669.6512  3.8986  2.118984  2.118590  0.000394  9.164447  9.164447  0.866541  0.000186  3.415097e-01  7.761665e-01  7.761665e-01  0.008928  1.2813  6.374922e+05  5.921271e+01  3.003802e+57  2.214811e+54  -2.304630e-05  -3.803012e+106  -1  -1  1
3.8986  3541.1532  174.9878  3025.8172  3.8986  2.093846  2.093516  0.000330  9.058427  9.058427  0.816938  0.000158  3.414080e-01  7.755966e-01  7.755966e-01  0.008621  1.2391  6.386013e+05  4.960829e+01  2.956833e+57  1.855564e+54  1.258069e-04  -2.856424e+106  +1  -1  1
3.8986  3944.8452  174.9878  3429.5004  3.8986  2.067705  2.067428  0.000276  8.955657  8.955657  0.769860  0.000134  3.410144e-01  7.733974e-01  7.733974e-01  0.008368  1.2096  6.379922e+05  4.151134e+01  2.902114e+57  1.552703e+54  3.570963e-05  -2.410865e+106  +1  -1  1
3.8986  4402.3826  174.9878  3887.0401  3.8986  2.040902  2.040671  0.000231  8.856706  8.856706  0.725228  0.000113  3.403545e-01  7.697284e-01  7.697284e-01  0.008163  1.1915  6.358301e+05  3.469828e+01  2.840865e+57  1.297865e+54  1.339079e-05  -1.808264e+106  +1  -1  1
3.8986  4920.9625  174.9878  4405.6215  3.8986  2.013751  2.013558  0.000193  8.762092  8.762092  0.682962  0.000096  3.394530e-01  7.647528e-01  7.647528e-01  0.008001  1.1835  6.339366e+05  2.897535e+01  2.785799e+57  1.083803e+54  1.293074e-05  -1.247699e+106  +1  -1  1
3.8986  5508.7341  174.9878  4993.3885  3.8986  1.986544  1.986383  0.000161  8.672271  8.672271  0.642971  0.000081  3.383349e-01  7.586399e-01  7.586399e-01  0.007877  1.1846  6.315084e+05  2.417544e+01  2.731281e+57  9.042652e+53  9.664099e-06  -9.453986e+105  +1  -1  1
3.8986  6174.9095  174.9878  5659.5711  3.8986  1.959537  1.959403  0.000134  8.587658  8.587658  0.605164  0.000068  3.370237e-01  7.515511e-01  7.515511e-01  0.007789  1.1942  6.278530e+05  2.015518e+01  2.672400e+57  7.538903e+53  7.810683e-06  -6.881101e+105  +1  -1  1
3.8986  6929.9756  174.9878  6414.6311  3.8986  1.932969  1.932857  0.000112  8.508554  8.508554  0.569450  0.000058  3.355450e-01  7.436587e-01  7.436587e-01  0.007732  1.2118  6.246133e+05  1.679199e+01  2.620475e+57  6.280923e+53  7.276471e-06  -4.834116e+105  +1  -1  1
3.8986  7785.7703  174.9878  7270.4259  3.8986  1.907051  1.906958  0.000093  8.435219  8.435219  0.535733  0.000049  3.339240e-01  7.351280e-01  7.351280e-01  0.007702  1.2367  6.203466e+05  1.398150e+01  2.565294e+57  5.229681e+53  6.397601e-06  -3.460395e+105  +1  -1  1
3.8986  8755.7337  174.9878  8240.3948  3.8986  1.881974  1.881897  0.000077  8.367951  8.367951  0.503921  0.000041  3.321820e-01  7.260993e-01  7.260993e-01  0.007697  1.2687  6.165978e+05  1.163514e+01  2.517433e+57  4.352038e+53  6.034878e-06  -2.390153e+105  +1  -1  1
3.8986  9855.1162  174.9878  9339.7702  3.8986  1.857903  1.857838  0.000064  8.306805  8.306805  0.473921  0.000035  3.303471e-01  7.167395e-01  7.167395e-01  0.007714  1.3071  6.120046e+05  9.677903e+00  2.467199e+57  3.619949e+53  5.081859e-06  -1.757882e+105  +1  -1  1
3.8986  11101.1575  174.9878  10585.8164  3.8986  1.834987  1.834933  0.000054  8.251907  8.251907  0.445644  0.000029  3.284432e-01  7.071865e-01  7.071865e-01  0.007749  1.3515  6.073515e+05  8.046502e+00  2.419796e+57  3.009735e+53  4.784049e-06  -1.213197e+105  +1  -1  1
3.8986  12513.4446  174.9878  11998.1012  3.8986  1.813350  1.813305  0.000045  8.203266  8.203266  0.419000  0.000025  3.264949e-01  6.975749e-01  6.975749e-01  0.007799  1.4014  6.026946e+05  6.687588e+00  2.375377e+57  2.501443e+53  4.885905e-06  -7.939375e+104  +1  -1  1
3.8986  14114.1489  174.9878  13598.8032  3.8986  1.793103  1.793066  0.000037  8.160904  8.160904  0.393905  0.000021  3.245254e-01  6.880210e-01  6.880210e-01  0.007864  1.4565  5.987193e+05  5.556325e+00  2.338480e+57  2.078302e+53  4.654498e-06  -5.297098e+104  +1  -1  1
3.8986  15928.3955  174.9878  15413.0595  3.8986  1.774335  1.774304  0.000031  8.124746  8.124746  0.370277  0.000017  3.225577e-01  6.786357e-01  6.786357e-01  0.007937  1.5155  5.942067e+05  4.615064e+00  2.300355e+57  1.726231e+53  4.045879e-06  -3.807815e+104  +1  -1  1
3.8986  17984.7070  174.9878  17469.3612  3.8986  1.757109  1.757083  0.000026  8.094510  8.094510  0.348035  0.000015  3.206193e-01  6.695412e-01  6.695412e-01  0.008017  1.5774  5.898320e+05  3.832256e+00  2.265449e+57  1.433427e+53  3.828006e-06  -2.544742e+104  +1  -1  1
3.8986  20310.1824  174.9878  19794.8396  3.8986  1.741507  1.741486  0.000021  8.070088  8.070088  0.327145  0.000012  3.187342e-01  6.608371e-01  6.608371e-01  0.008098  1.6412  5.856428e+05  3.182728e+00  2.233839e+57  1.190476e+53  3.723623e-06  -1.867180e+104  +1  -1  1

5.3367  103.0404  179.2841  1.0000  5.3367  0.213677  0.018444  0.195234  6.832796  5.981067  6.832796  0.913685  4.618935e-02  4.965762e-02  4.037456e-02  0.101981  323384.8004  2.777166e+03  3.008887e+04  2.333260e+55  1.123186e+57  6.437591e-06  8.711125e+109  +1  +1  0
5.3367  107.6573  179.2841  1.1334  5.3367  0.209218  0.021244  0.187974  6.747406  6.078176  6.747406  0.898459  4.579776e-02  4.920504e-02  4.210685e-02  0.102834  340270.9262  3.203418e+03  2.896993e+04  2.685494e+55  1.081419e+57  6.445016e-06  8.262067e+109  +1  +1  0
5.3367  113.1115  179.2841  1.2846  5.3367  0.204877  0.024405  0.180473  6.656613  6.178766  6.656613  0.880882  4.545922e-02  4.881424e-02  4.393282e-02  0.104218  357885.0276  3.685572e+03  2.781499e+04  3.079321e+55  1.038297e+57  6.462250e-06  7.877533e+109  +1  +1  0
5.3367  119.1072  179.2841  1.4560  5.3367  0.200772  0.027992  0.172781  6.560598  6.283300  6.560598  0.860580  4.520035e-02  4.851571e-02  4.584617e-02  0.106350  375781.9176  4.234291e+03  2.663197e+04  3.524057e+55  9.941113e+56  6.485245e-06  8.289844e+109  +1  +1  0
5.3367  125.0167  179.2841  1.6503  5.3367  0.197033  0.032060  0.164973  6.459901  6.391961  6.459901  0.837284  4.504999e-02  4.834243e-02  4.777922e-02  0.109520  393486.7236  4.858422e+03  2.543236e+04  4.026840e+55  9.492935e+56  6.529856e-06  8.572210e+109  +1  +1  0
5.3367  131.6026  179.2841  1.8704  5.3367  0.193818  0.036675  0.157142  6.509709  6.509709  6.355385  0.810774  4.397576e-02  4.710694e-02  4.710780e-02  0.102140  414037.6967  5.568484e+03  2.423195e+04  4.595892e+55  9.044355e+56  6.581016e-06  9.007660e+109  +1  +1  0
5.3367  137.9494  179.2841  2.1200  5.3367  0.191305  0.041910  0.149394  6.650270  6.650270  6.248214  0.780923  4.248819e-02  4.540326e-02  4.540404e-02  0.088978  428400.5416  6.376568e+03  2.304310e+04  5.240573e+55  8.600003e+56  6.609306e-06  7.680882e+109  +1  +1  0
5.3367  152.7256  179.2841  2.4028  5.3367  0.189068  0.047374  0.141693  6.804889  6.804889  6.138151  0.749431  4.103728e-02  4.374954e-02  4.375027e-02  0.077720  445190.6179  7.222569e+03  2.185911e+04  5.912614e+55  8.157712e+56  6.806254e-06  1.112238e+110  +1  +1  0
5.3367  157.6382  179.2841  2.7234  5.3367  0.187873  0.053660  0.134213  6.986198  6.986198  6.027113  0.714383  3.971956e-02  4.225441e-02  4.225504e-02  0.067938  458144.6217  8.198776e+03  2.070974e+04  6.685025e+55  7.728259e+56  3.556878e-06  1.354627e+110  +1  +1  0
5.3367  162.7167  179.2841  3.0867  5.3367  0.188225  0.061061  0.127164  7.200795  7.200795  5.918381  0.675596  3.860804e-02  4.099823e-02  4.099883e-02  0.059986  466201.1556  9.352451e+03  1.962739e+04  7.595009e+55  7.323747e+56  5.117846e-06  1.447307e+110  +1  +1  0
5.3367  167.9681  179.2841  3.4985  5.3367  0.190451  0.069805  0.120646  7.448882  7.448882  5.814074  0.633474  3.776361e-02  4.004693e-02  4.004749e-02  0.053958  468377.0245  1.072050e+04  1.862673e+04  8.671416e+55  6.949723e+56  6.103535e-06  1.548477e+110  +1  +1  0
5.3367  173.4000  179.2841  3.9652  5.3367  0.194912  0.080215  0.114697  7.727942  7.727942  5.715529  0.588454  3.725251e-02  3.947241e-02  3.947294e-02  0.049898  463672.3467  1.235479e+04  1.771309e+04  9.955427e+55  6.608228e+56  6.206873e-06  1.668707e+110  +1  +1  0
5.3367  179.0190  179.2841  4.4943  5.3367  0.202016  0.092731  0.109284  8.032706  8.032706  5.622930  0.540970  3.714538e-02  3.935211e-02  3.935254e-02  0.047905  451613.2299  1.432613e+04  1.688139e+04  1.150403e+56  6.297388e+56  6.240213e-06  1.816006e+110  +1  +1  0
5.3367  184.8335  179.2841  5.0939  5.3367  0.212234  0.107889  0.104345  8.355370  8.355370  5.535775  0.491652  3.751723e-02  3.976985e-02  3.977024e-02  0.047728  428079.4281  1.672076e+04  1.612174e+04  1.338685e+56  6.013510e+56  6.249670e-06  1.992954e+110  +1  +1  0
5.3367  190.8524  179.2841  5.7734  5.3367  0.226093  0.126284  0.099809  8.686508  8.686508  5.453332  0.441451  3.844350e-02  4.081266e-02  4.081303e-02  0.049438  392518.0084  1.963672e+04  1.542334e+04  1.568302e+56  5.752566e+56  6.244947e-06  2.194840e+110  +1  +1  0
5.3367  197.0844  179.2841  6.5437  5.3367  0.244157  0.148539  0.095618  9.016566  9.016566  5.374949  0.391626  3.999533e-02  4.256678e-02  4.256708e-02  0.052830  344143.9437  2.317808e+04  1.477736e+04  1.847145e+56  5.511260e+56  6.230291e-06  2.409760e+110  +1  +1  0
5.3367  203.5396  179.2841  7.4167  5.3367  0.266980  0.175226  0.091753  9.337519  9.337519  5.300774  0.343671  4.223069e-02  4.510919e-02  4.510948e-02  0.057888  287314.9412  2.744477e+04  1.418034e+04  2.181972e+56  5.288339e+56  6.205510e-06  2.633648e+110  +1  +1  0
5.3367  210.2287  179.2841  8.4062  5.3367  0.295082  0.206946  0.088136  9.644129  9.644129  5.229740  0.298683  4.519201e-02  4.850610e-02  4.850637e-02  0.064333  227526.3026  3.254593e+04  1.362033e+04  2.580600e+56  5.079336e+56  6.171478e-06  2.862978e+110  +1  +1  0
5.3367  217.1631  179.2841  9.5277  5.3367  0.328977  0.244356  0.084621  9.934151  9.934151  5.158967  0.257224  4.891214e-02  5.282074e-02  5.282100e-02  0.071966  171376.9257  3.860126e+04  1.307559e+04  3.051549e+56  4.876073e+56  6.129256e-06  3.088882e+110  +1  +1  0
5.3367  224.3537  179.2841  10.7988  5.3367  0.369152  0.287985  0.081167  10.186615  10.186615  5.087546  0.219875  5.352508e-02  5.824559e-02  5.824582e-02  0.081238  123276.7621  4.571918e+04  1.254005e+04  3.602195e+56  4.676267e+56  6.078126e-06  3.303381e+110  +1  +1  0
5.3367  231.8138  179.2841  12.2395  5.3367  0.416005  0.338240  0.077765  10.414946  10.414946  5.015218  0.186933  5.899608e-02  6.478954e-02  6.478976e-02  0.091423  85280.6297  5.399335e+04  1.201222e+04  4.238657e+56  4.479351e+56  6.017695e-06  3.493722e+110  +1  +1  0
5.3367  239.5612  179.2841  13.8724  5.3367  0.469821  0.395414  0.074407  10.636211  10.636211  4.941761  0.158373  6.524195e-02  7.241082e-02  7.241103e-02  0.101394  57185.6031  6.351074e+04  1.149100e+04  4.966355e+56  4.284915e+56  5.947546e-06  3.652300e+110  +1  +1  0
5.3367  247.6067  179.2841  15.7232  5.3367  0.530756  0.459669  0.071088  10.852721  10.852721  4.866981  0.133937  7.223343e-02  8.113912e-02  8.113932e-02  0.110527  37470.2594  7.434027e+04  1.097565e+04  5.789080e+56  4.092680e+56  5.869080e-06  3.772970e+110  +1  +1  0
5.3367  255.9695  179.2841  17.8208  5.3367  0.598832  0.531028  0.067804  11.065313  11.065313  4.790705  0.113227  7.993236e-02  9.100160e-02  9.100179e-02  0.118297  24169.5629  8.653687e+04  1.046570e+04  6.709255e+56  3.902472e+56  5.781215e-06  3.851542e+110  +1  +1  0
5.3367  264.6662  179.2841  20.1984  5.3367  0.673929  0.609375  0.064554  11.273927  11.273927  4.712776  0.095788  8.829189e-02  1.020221e-01  1.020223e-01  0.124310  15445.7779  1.001429e+05  9.960924e+03  7.728158e+56  3.714202e+56  5.683854e-06  3.885396e+110  +1  +1  0
5.3367  273.7197  179.2841  22.8931  5.3367  0.755798  0.694460  0.061338  11.477697  11.477697  4.633056  0.081157  9.725969e-02  1.142238e-01  1.142240e-01  0.128304  9828.4703  1.151833e+05  9.461323e+03  8.845349e+56  3.527871e+56  5.578803e-06  3.872859e+110  +1  +1  0
5.3367  283.1505  179.2841  25.9473  5.3367  0.844057  0.785900  0.058157  11.675142  11.675142  4.551425  0.068902  1.067804e-01  1.276320e-01  1.276322e-01  0.130256  6255.3049  1.316601e+05  8.967102e+03  1.005822e+57  3.343553e+56  5.465244e-06  3.815895e+110  +1  +1  0
5.3367  292.9824  179.2841  29.4090  5.3367  0.938201  0.883189  0.055013  11.865011  11.865011  4.467781  0.058636  1.167910e-01  1.422658e-01  1.422660e-01  0.130173  3993.7458  1.495724e+05  8.478655e+03  1.136384e+57  3.161394e+56  5.409527e-06  3.527279e+110  +1  +1  0
5.3367  548.6687  179.2841  33.3326  5.3367  0.982623  0.938991  0.043632  11.981733  11.981733  4.143918  0.044403  1.211292e-01  1.487867e-01  1.487869e-01  0.132124  3377.9050  1.595547e+05  6.703498e+03  1.209462e+57  2.501937e+56  5.292570e-06  6.708451e+109  +1  +1  1
5.3367  553.1161  179.2841  37.7796  5.3367  1.012494  0.977787  0.034707  12.015461  12.015461  3.840415  0.034279  1.244612e-01  1.538718e-01  1.538720e-01  0.131637  2938.4467  1.666580e+05  5.335115e+03  1.259942e+57  1.991074e+56  5.072296e-06  5.532681e+109  +1  +1  1
5.3367  558.1558  179.2841  42.8198  5.3367  1.037826  1.008201  0.029626  11.989969  11.989969  3.638294  0.028546  1.278463e-01  1.591078e-01  1.591079e-01  0.128677  2511.6989  1.725461e+05  4.564042e+03  1.299906e+57  1.702245e+56  4.780221e-06  6.463826e+109  +1  +1  1
5.3367  563.8691  179.2841  48.5326  5.3367  1.060655  1.033217  0.027438  11.920110  11.920110  3.542466  0.025869  1.314242e-01  1.647202e-01  1.647203e-01  0.123906  2106.8022  1.778253e+05  4.230742e+03  1.333833e+57  1.577374e+56  4.550391e-06  6.686332e+109  +1  +1  1
5.3367  570.3441  179.2841  55.0074  5.3367  1.084381  1.058070  0.026311  11.820774  11.820774  3.493299  0.024264  1.354933e-01  1.712032e-01  1.712033e-01  0.117919  1721.4870  1.832970e+05  4.054518e+03  1.367582e+57  1.511669e+56  4.459683e-06  6.657396e+109  +1  +1  1
5.3367  577.6823  179.2841  62.3461  5.3367  1.112458  1.087333  0.025125  11.703388  11.703388  3.439989  0.022585  1.403956e-01  1.791594e-01  1.791595e-01  0.111049  1357.2337  1.898135e+05  3.869148e+03  1.407149e+57  1.442555e+56  4.406956e-06  7.052693e+109  +1  +1  1
5.3367  586.0010  179.2841  70.6639  5.3367  1.147480  1.123596  0.023884  11.578535  11.578535  3.382419  0.020814  1.463772e-01  1.890903e-01  1.890904e-01  0.103695  1028.7311  1.980180e+05  3.675545e+03  1.456969e+57  1.370372e+56  4.320138e-06  7.719237e+109  +1  +1  1
5.3367  595.4279  179.2841  80.0914  5.3367  1.190908  1.168311  0.022597  11.455687  11.455687  3.320538  0.018974  1.535461e-01  2.013298e-01  2.013299e-01  0.096224  751.6242  2.084267e+05  3.474908e+03  1.520489e+57  1.295566e+56  4.230489e-06  8.169435e+109  +1  +1  1
5.3367  606.1136  179.2841  90.7766  5.3367  1.243145  1.221873  0.021272  11.341962  11.341962  3.254346  0.017111  1.618882e-01  2.160595e-01  2.160595e-01  0.088907  533.0539  2.210655e+05  3.268681e+03  1.597672e+57  1.218676e+56  4.213166e-06  8.111043e+109  +1  +1  1
5.3367  618.2249  179.2841  102.8874  5.3367  1.303696  1.283776  0.019920  11.241583  11.241583  3.183905  0.015280  1.712894e-01  2.333268e-01  2.333269e-01  0.081911  370.3402  2.356022e+05  3.058524e+03  1.685796e+57  1.140321e+56  4.161031e-06  7.720945e+109  +1  +1  1
5.3367  631.9498  179.2841  116.6139  5.3367  1.371414  1.352861  0.018553  11.156062  11.156062  3.109343  0.013528  1.815679e-01  2.530737e-01  2.530738e-01  0.075286  254.3457  2.523906e+05  2.846270e+03  1.786908e+57  1.061184e+56  4.056811e-06  7.109067e+109  +1  +1  1
5.3367  647.5096  179.2841  132.1717  5.3367  1.444711  1.427528  0.017183  11.084733  11.084733  3.030853  0.011894  1.925029e-01  2.751594e-01  2.751595e-01  0.069047  174.1272  2.708108e+05  2.633871e+03  1.896214e+57  9.819933e+55  3.930797e-06  6.332926e+109  +1  +1  1
5.3367  665.1426  179.2841  149.8051  5.3367  1.521750  1.505927  0.015823  11.025416  11.025416  2.948696  0.010398  2.038591e-01  2.993788e-01  2.993789e-01  0.063160  119.5908  2.911573e+05  2.423334e+03  2.015284e+57  9.034970e+55  3.777579e-06  5.460079e+109  +1  +1  1
5.3367  685.1283  179.2841  169.7911  5.3367  1.600624  1.586138  0.014486  10.975107  10.975107  2.863197  0.009050  2.154082e-01  3.254819e-01  3.254820e-01  0.057603  82.8023  3.125285e+05  2.216648e+03  2.137335e+57  8.264368e+55  3.619569e-06  4.563565e+109  +1  +1  1
5.3367  707.7821  179.2841  192.4434  5.3367  1.679481  1.666296  0.013184  10.930720  10.930720  2.774739  0.007850  2.269383e-01  3.531771e-01  3.531771e-01  0.052386  58.0213  3.352231e+05  2.015714e+03  2.264097e+57  7.515214e+55  3.395409e-06  3.793712e+109  +1  +1  1
5.3367  733.4544  179.2841  218.1178  5.3367  1.756598  1.744669  0.011929  10.889061  10.889061  2.683756  0.006791  2.382669e-01  3.821516e-01  3.821517e-01  0.047492  41.2300  3.589273e+05  1.822274e+03  2.393040e+57  6.793997e+55  3.223328e-06  2.977078e+109  +1  +1  1
5.3367  762.5564  179.2841  247.2176  5.3367  1.830465  1.819734  0.010731  10.847440  10.847440  2.590722  0.005862  2.492389e-01  4.120657e-01  4.120658e-01  0.042941  29.7644  3.824356e+05  1.637850e+03  2.515589e+57  6.106400e+55  3.061430e-06  2.268142e+109  +1  +1  1
5.3367  795.5386  179.2841  280.1996  5.3367  1.899804  1.890207  0.009598  10.803547  10.803547  2.496139  0.005052  2.597312e-01  4.425681e-01  4.425682e-01  0.038736  21.8476  4.060729e+05  1.463703e+03  2.633865e+57  5.457122e+55  2.847831e-06  1.724931e+109  +1  +1  1
5.3367  832.9189  179.2841  317.5819  5.3367  1.963606  1.955070  0.008537  10.755633  10.755633  2.400524  0.004347  2.696498e-01  4.732984e-01  4.732984e-01  0.034893  16.3173  4.295104e+05  1.300800e+03  2.745611e+57  4.849764e+55  2.635921e-06  1.263712e+109  +1  +1  1
5.3367  875.2916  179.2841  359.9514  5.3367  2.021102  2.013550  0.007552  10.702315  10.702315  2.304397  0.003736  2.789279e-01  5.038970e-01  5.038970e-01  0.031406  12.4013  4.523582e+05  1.149802e+03  2.848269e+57  4.286796e+55  2.429985e-06  8.928804e+108  +1  +1  1
5.3367  923.3117  179.2841  407.9736  5.3367  2.071791  2.065146  0.006645  10.642937  10.642937  2.208270  0.003208  2.875187e-01  5.339974e-01  5.339975e-01  0.028275  9.5935  4.742415e+05  1.011070e+03  2.939564e+57  3.769556e+55  2.224409e-06  6.064811e+108  +1  +1  1
5.3367  977.7420  179.2841  462.4025  5.3367  2.115374  2.109555  0.005819  10.576566  10.576566  2.112633  0.002751  2.954093e-01  5.632990e-01  5.632990e-01  0.025472  7.5484  4.948903e+05  8.846789e+02  3.018029e+57  3.298332e+55  1.967091e-06  4.169910e+108  +1  +1  1
5.3367  1039.4339  179.2841  524.0930  5.3367  2.151764  2.146693  0.005071  10.503404  10.503404  2.017945  0.002357  3.025841e-01  5.914535e-01  5.914536e-01  0.022989  6.0423  5.150647e+05  7.704560e+02  3.089464e+57  2.872474e+55  1.701591e-06  2.703980e+108  +1  +1  1
5.3367  1109.3497  179.2841  594.0138  5.3367  2.181036  2.176637  0.004399  10.423457  10.423457  1.924627  0.002017  3.090528e-01  6.181857e-01  6.181857e-01  0.020795  4.9171  5.334740e+05  6.680122e+02  3.145378e+57  2.490532e+55  1.476317e-06  1.548945e+108  +1  +1  1
5.3367  1188.6046  179.2841  673.2629  5.3367  2.203409  2.199608  0.003801  10.337192  10.337192  1.833059  0.001725  3.148286e-01  6.432288e-01  6.432288e-01  0.018875  4.0683  5.499362e+05  5.767882e+02  3.185285e+57  2.150422e+55  1.191819e-06  8.847217e+107  +1  +1  1
5.3367  1278.4252  179.2841  763.0849  5.3367  2.219200  2.215929  0.003271  10.244891  10.244891  1.743571  0.001474  3.199416e-01  6.663963e-01  6.663964e-01  0.017183  3.4172  5.653812e+05  4.960970e+02  3.216290e+57  1.849582e+55  8.428176e-07  5.097246e+107  +1  +1  1
5.3367  1380.2298  179.2841  864.8903  5.3367  2.228816  2.226012  0.002805  10.147468  10.147468  1.656444  0.001258  3.244130e-01  6.874808e-01  6.874808e-01  0.015716  2.9159  5.798041e+05  4.251648e+02  3.239196e+57  1.585127e+55  4.814882e-07  1.997025e+107  +1  +1  1
5.3367  1495.6207  179.2841  980.2778  5.3367  2.232715  2.230319  0.002397  10.045476  10.045476  1.571913  0.001073  3.282800e-01  7.063755e-01  7.063755e-01  0.014435  2.5242  5.919440e+05  3.631694e+02  3.245845e+57  1.353991e+55  8.888936e-08  2.423455e+106  +1  +1  1
5.3367  1626.3973  179.2841  1111.0596  5.3367  2.231397  2.229355  0.002042  9.939737  9.939737  1.490164  0.000915  3.315764e-01  7.229928e-01  7.229928e-01  0.013337  2.2185  6.028570e+05  3.092711e+02  3.244342e+57  1.153043e+55  -4.463175e-07  -8.311368e+106  -1  -1  1
5.3367  1774.6318  179.2841  1259.2893  5.3367  2.225375  2.223641  0.001735  9.831087  9.831087  1.411337  0.000780  3.343362e-01  7.372854e-01  7.372855e-01  0.012387  1.9768  6.114725e+05  2.626393e+02  3.227999e+57  9.791871e+54  -1.066169e-06  -1.243463e+107  -1  -1  1
5.3367  1942.6373  179.2841  1427.2948  5.3367  2.215173  2.213703  0.001470  9.720307  9.720307  1.335534  0.000664  3.365962e-01  7.492582e-01  7.492582e-01  0.011567  1.7848  6.189071e+05  2.224733e+02  3.205081e+57  8.294372e+54  -1.845010e-06  -1.221673e+107  -1  -1  1
5.3367  2133.0527  179.2841  1617.7144  5.3367  2.201306  2.200063  0.001243  9.608390  9.608390  1.262818  0.000565  3.383852e-01  7.589135e-01  7.589135e-01  0.010863  1.6323  6.251450e+05  1.880157e+02  3.176113e+57  7.009704e+54  -2.853428e-06  -1.105615e+107  -1  -1  1
5.3367  2348.8827  179.2841  1833.5384  5.3367  2.184277  2.183229  0.001048  9.496074  9.496074  1.193217  0.000480  3.397389e-01  7.663265e-01  7.663265e-01  0.010259  1.5110  6.302446e+05  1.585636e+02  3.142025e+57  5.911650e+54  -4.229012e-06  -9.432448e+106  -1  -1  1
5.3367  2593.4963  179.2841  2078.1562  5.3367  2.164569  2.163687  0.000883  9.384187  9.384187  1.126732  0.000408  3.406877e-01  7.715783e-01  7.715783e-01  0.009742  1.4150  6.342778e+05  1.334730e+02  3.103798e+57  4.976208e+54  -8.981912e-06  -8.334193e+106  -1  -1  1
5.3367  2870.7514  179.2841  2355.4091  5.3367  2.142640  2.141898  0.000742  9.273565  9.273565  1.063340  0.000346  3.412590e-01  7.747633e-01  7.747633e-01  0.009303  1.3401  6.362921e+05  1.121618e+02  3.055131e+57  4.181673e+54  -1.856478e-05  -7.192026e+106  -1  -1  1
5.3367  3184.9955  179.2841  2669.6512  5.3367  2.118923  2.118301  0.000623  9.164887  9.164887  1.002996  0.000294  3.414835e-01  7.760198e-01  7.760198e-01  0.008933  1.2825  6.373617e+05  9.410952e+01  3.003683e+57  3.508637e+54  -2.246684e-05  -5.276012e+106  -1  -1  1
5.3367  3541.1532  179.2841  3025.8172  5.3367  2.093819  2.093298  0.000522  9.058887  9.058887  0.945637  0.000249  3.413862e-01  7.754750e-01  7.754750e-01  0.008626  1.2402  6.384990e+05  7.885457e+01  2.956799e+57  2.939893e+54  1.197672e-04  -3.965866e+106  +1  -1  1
5.3367  3944.8452  179.2841  3429.5004  5.3367  2.067702  2.067265  0.000437  8.956041  8.956041  0.891188  0.000211  3.409992e-01  7.733130e-01  7.733131e-01  0.008371  1.2104  6.379076e+05  6.599138e+01  2.902103e+57  2.460321e+54  3.648281e-05  -3.349399e+106  +1  -1  1
5.3367  4402.3826  179.2841  3887.0401  5.3367  2.040916  2.040551  0.000365  8.857071  8.857071  0.839562  0.000179  3.403429e-01  7.696640e-01  7.696640e-01  0.008165  1.1921  6.357637e+05  5.516599e+01  2.840894e+57  2.056723e+54  1.346660e-05  -2.511408e+106  +1  -1  1
5.3367  4920.9625  179.2841  4405.6215  5.3367  2.013778  2.013473  0.000305  8.762427  8.762427  0.790664  0.000151  3.394445e-01  7.647062e-01  7.647062e-01  0.008002  1.1838  6.338848e+05  4.607128e+01  2.785853e+57  1.717650e+54  1.299345e-05  -1.733373e+106  +1  -1  1
5.3367  5508.7341  179.2841  4993.3885  5.3367  1.986576  1.986321  0.000255  8.672586  8.672586  0.744394  0.000128  3.383282e-01  7.586032e-01  7.586032e-01  0.007879  1.1849  6.314682e+05  3.844239e+01  2.731350e+57  1.433226e+54  9.692958e-06  -1.313711e+106  +1  -1  1
5.3367  6174.9095  179.2841  5659.5711  5.3367  1.959575  1.959363  0.000212  8.587922  8.587922  0.700647  0.000108  3.370198e-01  7.515300e-01  7.515300e-01  0.007790  1.1944  6.278210e+05  3.205183e+01  2.672469e+57  1.194970e+54  7.819710e-06  -9.566727e+105  +1  -1  1
5.3367  6929.9756  179.2841  6414.6311  5.3367  1.933008  1.932831  0.000177  8.508757  8.508757  0.659316  0.000091  3.355437e-01  7.436516e-01  7.436516e-01  0.007732  1.2119  6.245866e+05  2.670515e+01  2.620531e+57  9.956329e+53  7.284435e-06  -6.719672e+105  +1  -1  1
5.3367  7785.7703  179.2841  7270.4259  5.3367  1.907089  1.906941  0.000147  8.435421  8.435421  0.620294  0.000077  3.339226e-01  7.351207e-01  7.351207e-01  0.007702  1.2368  6.203274e+05  2.223673e+01  2.565362e+57  8.290392e+53  6.403899e-06  -4.809168e+105  +1  -1  1
5.3367  8755.7337  179.2841  8240.3948  5.3367  1.882010  1.881887  0.000123  8.368113  8.368113  0.583474  0.000065  3.321819e-01  7.260987e-01  7.260987e-01  0.007698  1.2688  6.165822e+05  1.850588e+01  2.517491e+57  6.899441e+53  6.038554e-06  -3.323544e+105  +1  -1  1
5.3367  9855.1162  179.2841  9339.7702  5.3367  1.857937  1.857835  0.000102  8.306923  8.306923  0.548750  0.000055  3.303486e-01  7.167469e-01  7.167469e-01  0.007715  1.3073  6.119920e+05  1.539353e+01  2.467249e+57  5.739079e+53  5.085080e-06  -2.444022e+105  +1  -1  1
5.3367  11101.1575  179.2841  10585.8164  5.3367  1.835018  1.834933  0.000085  8.252030  8.252030  0.516017  0.000046  3.284439e-01  7.071903e-01  7.071903e-01  0.007750  1.3517  6.073432e+05  1.279915e+01  2.419851e+57  4.771830e+53  4.787780e-06  -1.686689e+105  +1  -1  1
5.3367  12513.4446  179.2841  11998.1012  5.3367  1.813380  1.813309  0.000070  8.203388  8.203388  0.485174  0.000039  3.264955e-01  6.975774e-01  6.975774e-01  0.007799  1.4015  6.026901e+05  1.063796e+01  2.375437e+57  3.966088e+53  4.889018e-06  -1.103493e+105  +1  -1  1
5.3367  14114.1489  179.2841  13598.8032  5.3367  1.793131  1.793072  0.000059  8.161022  8.161022  0.456122  0.000033  3.245256e-01  6.880222e-01  6.880222e-01  0.007864  1.4565  5.987173e+05  8.838709e+00  2.338540e+57  3.295283e+53  4.655205e-06  -7.367094e+104  +1  -1  1
5.3367  15928.3955  179.2841  15413.0595  5.3367  1.774357  1.774308  0.000049  8.124778  8.124778  0.428766  0.000027  3.225605e-01  6.786487e-01  6.786487e-01  0.007937  1.5153  5.942013e+05  7.341604e+00  2.300376e+57  2.737126e+53  4.046012e-06  -5.297248e+104  +1  -1  1
5.3367  17984.7070  179.2841  17469.3612  5.3367  1.757129  1.757089  0.000040  8.094566  8.094566  0.403015  0.000023  3.206208e-01  6.695482e-01  6.695482e-01  0.008017  1.5774  5.898297e+05  6.096462e+00  2.265481e+57  2.272908e+53  3.830633e-06  -3.537519e+104  +1  -1  1
5.3367  20310.1824  179.2841  19794.8396  5.3367  1.741526  1.741492  0.000034  8.070159  8.070159  0.378830  0.000019  3.187348e-01  6.608399e-01  6.608399e-01  0.008099  1.6413  5.856432e+05  5.063279e+00  2.233881e+57  1.887712e+53  3.726049e-06  -2.595090e+104  +1  -1  1

7.3053  103.0404  184.2080  1.0000  7.3053  0.325987  0.017389  0.308598  7.906669  5.843299  7.906669  0.946656  6.089592e-02  6.709053e-02  4.002900e-02  0.097662  77749.1192  2.617765e+03  4.819902e+04  2.199471e+55  1.792213e+57  6.285654e-06  1.062209e+110  +1  +1  0
7.3053  107.6573  184.2080  1.1334  7.3053  0.319319  0.020045  0.299274  7.827362  5.939029  7.827362  0.937227  6.025470e-02  6.631225e-02  4.182662e-02  0.097603  81924.9157  3.021708e+03  4.673425e+04  2.533267e+55  1.737850e+57  6.290507e-06  1.017554e+110  +1  +1  0
7.3053  113.1115  184.2080  1.2846  7.3053  0.312444  0.023043  0.289401  7.741331  6.037928  7.741331  0.926249  5.961262e-02  6.553463e-02  4.374683e-02  0.097654  86478.0118  3.478991e+03  4.518493e+04  2.906765e+55  1.680321e+57  6.305050e-06  9.811244e+109  +1  +1  0
7.3053  119.1072  184.2080  1.4560  7.3053  0.305435  0.026449  0.278987  7.648250  6.140339  7.648250  0.913406  5.898461e-02  6.477570e-02  4.580655e-02  0.097873  91385.2621  3.999737e+03  4.355428e+04  3.328807e+55  1.619743e+57  6.321997e-06  1.045328e+110  +1  +1  0
7.3053  125.0167  184.2080  1.6503  7.3053  0.298385  0.030314  0.268071  7.547874  6.246136  7.547874  0.898406  5.838938e-02  6.405787e-02  4.801202e-02  0.098351  96609.0880  4.592417e+03  4.184767e+04  3.806224e+55  1.556310e+57  6.338783e-06  1.095772e+110  +1  +1  0
7.3053  131.6026  184.2080  1.8704  7.3053  0.291422  0.034700  0.256721  7.440269  6.355430  7.440269  0.880927  5.785153e-02  6.341049e-02  5.037211e-02  0.099200  102057.9350  5.266998e+03  4.007620e+04  4.346785e+55  1.490434e+57  6.359175e-06  1.168510e+110  +1  +1  0
7.3053  137.9494  184.2080  2.1200  7.3053  0.284704  0.039677  0.245027  7.325670  6.468301  7.325670  0.860638  5.740201e-02  6.287033e-02  5.289320e-02  0.100614  107629.6205  6.034839e+03  3.825367e+04  4.959283e+55  1.422625e+57  6.372187e-06  1.013623e+110  +1  +1  0
7.3053  152.7256  184.2080  2.4028  7.3053  0.278026  0.044875  0.233151  7.205475  6.574723  7.205475  0.838593  5.699071e-02  6.237682e-02  5.533782e-02  0.102677  113856.9585  6.839301e+03  3.640164e+04  5.598194e+55  1.353732e+57  6.392751e-06  1.490984e+110  +1  +1  0
7.3053  157.6382  184.2080  2.7234  7.3053  0.271897  0.050845  0.221052  7.078321  6.684511  7.078321  0.813000  5.673568e-02  6.207116e-02  5.793952e-02  0.105728  119899.7553  7.766224e+03  3.451855e+04  6.331421e+55  1.283644e+57  6.443052e-06  1.845060e+110  +1  +1  0
7.3053  162.7167  184.2080  3.0867  7.3053  0.266795  0.057830  0.208966  6.945991  6.802221  6.945991  0.783243  5.673169e-02  6.206637e-02  6.073319e-02  0.110312  125142.5458  8.855035e+03  3.264128e+04  7.189851e+55  1.213727e+57  6.556530e-06  1.983689e+110  +1  +1  0
7.3053  167.9681  184.2080  3.4985  7.3053  0.263107  0.065953  0.197153  6.931274  6.931274  6.811075  0.749328  5.606611e-02  6.126991e-02  6.127100e-02  0.108307  130336.0047  1.012694e+04  3.081193e+04  8.189536e+55  1.145559e+57  6.890093e-06  2.107072e+110  +1  +1  0
7.3053  173.4000  184.2080  3.9652  7.3053  0.261243  0.075366  0.185877  7.089560  7.089560  6.676652  0.711509  5.442609e-02  5.931501e-02  5.931611e-02  0.094783  132312.7612  1.160808e+04  2.906533e+04  9.350175e+55  1.080449e+57  2.283869e-06  2.214622e+110  +1  +1  0
7.3053  179.0190  184.2080  4.4943  7.3053  0.261627  0.086247  0.175380  7.282748  7.282748  6.546180  0.670344  5.306019e-02  5.769507e-02  5.769592e-02  0.083331  132089.8539  1.332944e+04  2.743999e+04  1.069511e+56  1.019848e+57  4.276726e-06  2.310876e+110  +1  +1  0
7.3053  184.8335  184.2080  5.0939  7.3053  0.264679  0.098842  0.165838  7.511480  7.511480  6.422846  0.626561  5.204468e-02  5.649550e-02  5.649633e-02  0.074576  130205.3355  1.533361e+04  2.596144e+04  1.225659e+56  9.647246e+56  5.872982e-06  2.411293e+110  +1  +1  0
7.3053  190.8524  184.2080  5.7734  7.3053  0.270834  0.113549  0.157286  7.774008  7.774008  6.308310  0.580745  5.145648e-02  5.580256e-02  5.580331e-02  0.068248  126124.2928  1.768657e+04  2.463415e+04  1.408576e+56  9.152547e+56  6.024794e-06  2.537658e+110  +1  +1  0
7.3053  197.0844  184.2080  6.5437  7.3053  0.280573  0.130948  0.149624  8.066265  8.066265  6.202357  0.533282  5.137531e-02  5.570703e-02  5.570766e-02  0.064799  120699.6767  2.048449e+04  2.344258e+04  1.625899e+56  8.708624e+56  6.072611e-06  2.705613e+110  +1  +1  0
7.3053  203.5396  184.2080  7.4167  7.3053  0.294459  0.151776  0.142684  8.382015  8.382015  6.103429  0.484561  5.188701e-02  5.630962e-02  5.631018e-02  0.063313  112230.4647  2.384785e+04  2.236059e+04  1.887293e+56  8.305709e+56  6.087740e-06  2.918375e+110  +1  +1  0
7.3053  210.2287  184.2080  8.4062  7.3053  0.313141  0.176838  0.136304  8.713650  8.713650  6.009806  0.435278  5.307892e-02  5.771724e-02  5.771774e-02  0.064141  101491.9182  2.791297e+04  2.136379e+04  2.203563e+56  7.934681e+56  6.083367e-06  3.163507e+110  +1  +1  0
7.3053  217.1631  184.2080  9.5277  7.3053  0.337308  0.206907  0.130401  9.052818  9.052818  5.920782  0.386594  5.503311e-02  6.003731e-02  6.003780e-02  0.066912  88367.2224  3.281471e+04  2.043906e+04  2.584139e+56  7.590672e+56  6.065798e-06  3.429495e+110  +1  +1  0
7.3053  224.3537  184.2080  10.7988  7.3053  0.367626  0.242757  0.124868  9.373751  9.373751  5.835219  0.339662  5.792607e-02  6.350014e-02  6.350056e-02  0.072031  73630.9647  3.869328e+04  1.956978e+04  3.038891e+56  7.267490e+56  6.036003e-06  3.710819e+110  +1  +1  0
7.3053  231.8138  184.2080  12.2395  7.3053  0.404748  0.285235  0.119513  9.677846  9.677846  5.750142  0.295277  6.177144e-02  6.815595e-02  6.815635e-02  0.078957  58527.9219  4.570668e+04  1.872715e+04  3.579067e+56  6.954303e+56  5.994533e-06  3.990934e+110  +1  +1  0
7.3053  239.5612  184.2080  13.8724  7.3053  0.449271  0.335000  0.114271  9.973613  9.973613  5.664443  0.254347  6.653308e-02  7.400678e-02  7.400716e-02  0.086819  44395.1792  5.399153e+04  1.790164e+04  4.213998e+56  6.647529e+56  5.942090e-06  4.253839e+110  +1  +1  0
7.3053  247.6067  184.2080  15.7232  7.3053  0.501642  0.392519  0.109123  10.259990  10.259990  5.577759  0.217532  7.221523e-02  8.111612e-02  8.111648e-02  0.095082  32274.6701  6.366359e+04  1.709040e+04  4.951053e+56  6.346099e+56  5.878380e-06  4.481641e+110  +1  +1  0
7.3053  255.9695  184.2080  17.8208  7.3053  0.562121  0.458065  0.104056  10.536435  10.536435  5.489788  0.185114  7.879850e-02  8.953215e-02  8.953252e-02  0.103012  22605.1192  7.481682e+04  1.629148e+04  5.795683e+56  6.049279e+56  5.803583e-06  4.659146e+110  +1  +1  0
7.3053  264.6662  184.2080  20.1984  7.3053  0.630766  0.531704  0.099062  10.802737  10.802737  5.400274  0.157050  8.624147e-02  9.928809e-02  9.928839e-02  0.109969  15367.2950  8.752102e+04  1.550360e+04  6.751162e+56  5.756588e+56  5.717506e-06  4.777250e+110  +1  +1  0
7.3053  273.7197  184.2080  22.8931  7.3053  0.707429  0.613295  0.094134  11.058450  11.058450  5.308999  0.133065  9.448665e-02  1.104076e-01  1.104079e-01  0.115647  10237.3909  1.018227e+05  1.472602e+04  7.818478e+56  5.467748e+56  5.620531e-06  4.832275e+110  +1  +1  0
7.3053  283.1505  184.2080  25.9473  7.3053  0.791769  0.702498  0.089271  11.302743  11.302743  5.215774  0.112749  1.034656e-01  1.229090e-01  1.229093e-01  0.119521  6720.0631  1.177411e+05  1.395848e+04  8.996535e+56  5.182659e+56  5.513909e-06  4.821602e+110  +1  +1  0
7.3053  292.9824  184.2080  29.4090  7.3053  0.883262  0.798790  0.084473  11.534986  11.534986  5.120442  0.095637  1.130978e-01  1.368009e-01  1.368012e-01  0.121492  4377.0813  1.352693e+05  1.320112e+04  1.028144e+57  4.901370e+56  5.474574e-06  4.471214e+110  +1  +1  0
7.3053  548.6687  184.2080  33.3326  7.3053  0.924890  0.854476  0.070415  11.680807  11.680807  4.827650  0.076133  1.169497e-01  1.425023e-01  1.425026e-01  0.124825  3803.7760  1.450986e+05  1.096371e+04  1.100642e+57  4.075219e+56  5.395284e-06  1.059016e+110  +1  +1  1
7.3053  553.1161  184.2080  37.7796  7.3053  0.956478  0.898650  0.057828  11.751817  11.751817  4.524117  0.060459  1.202130e-01  1.474003e-01  1.474006e-01  0.125851  3342.0143  1.529946e+05  8.997908e+03  1.157625e+57  3.345379e+56  5.220816e-06  8.786526e+109  +1  +1  1
7.3053  558.1558  184.2080  42.8198  7.3053  0.987415  0.938493  0.048922  11.768068  11.768068  4.276277  0.049545  1.239299e-01  1.530565e-01  1.530567e-01  0.124364  2836.1097  1.604180e+05  7.625215e+03  1.209507e+57  2.833648e+56  5.020093e-06  1.018303e+110  +1  +1  1
7.3053  563.8691  184.2080  48.5326  7.3053  1.017519  0.974101  0.043418  11.737344  11.737344  4.104214  0.042670  1.280426e-01  1.594136e-01  1.594138e-01  0.120744  2338.8477  1.673720e+05  6.782045e+03  1.256330e+57  2.518568e+56  4.815878e-06  1.074719e+110  +1  +1  1
7.3053  570.3441  184.2080  55.0074  7.3053  1.048140  1.007544  0.040596  11.671397  11.671397  4.009750  0.038732  1.326411e-01  1.666477e-01  1.666481e-01  0.115536  1876.0079  1.743272e+05  6.344733e+03  1.301506e+57  2.355382e+56  4.626042e-06  1.080912e+110  +1  +1  1
7.3053  577.6823  184.2080  62.3461  7.3053  1.081527  1.042733  0.038794  11.582832  11.582832  3.949522  0.035870  1.379127e-01  1.751095e-01  1.751097e-01  0.109377  1461.5499  1.819601e+05  6.057771e+03  1.349850e+57  2.248848e+56  4.523401e-06  1.062545e+110  +1  +1  1
7.3053  586.0010  184.2080  70.6639  7.3053  1.120181  1.083274  0.036907  11.481571  11.481571  3.884442  0.032947  1.441015e-01  1.852826e-01  1.852827e-01  0.102591  1100.7142  1.908532e+05  5.757826e+03  1.405366e+57  2.137495e+56  4.457309e-06  1.071116e+110  +1  +1  1
7.3053  595.4279  184.2080  80.0914  7.3053  1.165956  1.131010  0.034947  11.377017  11.377017  3.814430  0.029972  1.513685e-01  1.975722e-01  1.975723e-01  0.095537  801.4987  2.015493e+05  5.446691e+03  1.471704e+57  2.021989e+56  4.339310e-06  1.098816e+110  +1  +1  1
7.3053  606.1136  184.2080  90.7766  7.3053  1.219729  1.186803  0.032926  11.277027  11.277027  3.739476  0.026995  1.597535e-01  2.122388e-01  2.122390e-01  0.088518  567.1392  2.145044e+05  5.126570e+03  1.551810e+57  1.903146e+56  4.270172e-06  1.081565e+110  +1  +1  1
7.3053  618.2249  184.2080  102.8874  7.3053  1.281419  1.250558  0.030861  11.187001  11.187001  3.659640  0.024084  1.691839e-01  2.293957e-01  2.293959e-01  0.081722  393.0561  2.292227e+05  4.800011e+03  1.641866e+57  1.781914e+56  4.225963e-06  1.020456e+110  +1  +1  1
7.3053  631.9498  184.2080  116.6139  7.3053  1.350165  1.321395  0.028770  11.109385  11.109385  3.575053  0.021308  1.795058e-01  2.490359e-01  2.490360e-01  0.075236  269.1174  2.460926e+05  4.469838e+03  1.744172e+57  1.659341e+56  4.073905e-06  9.523510e+109  +1  +1  1
7.3053  647.5096  184.2080  132.1717  7.3053  1.424546  1.397875  0.026671  11.044379  11.044379  3.485924  0.018722  1.905096e-01  2.710464e-01  2.710465e-01  0.069092  183.5497  2.651089e+05  4.139073e+03  1.858233e+57  1.536548e+56  3.938655e-06  8.526870e+109  +1  +1  1
7.3053  665.1426  184.2080  149.8051  7.3053  1.502812  1.478228  0.024584  10.990363  10.990363  3.392540  0.016359  2.019642e-01  2.952415e-01  2.952416e-01  0.063275  125.5358  2.855392e+05  3.810837e+03  1.978430e+57  1.414694e+56  3.790755e-06  7.376903e+109  +1  +1  1
7.3053  685.1283  184.2080  169.7911  7.3053  1.583063  1.560534  0.022529  10.944681  10.944681  3.295259  0.014231  2.136371e-01  3.213766e-01  3.213767e-01  0.057771  86.5436  3.076728e+05  3.488235e+03  2.106329e+57  1.294933e+56  3.622623e-06  6.199387e+109  +1  +1  1
7.3053  707.7821  184.2080  192.4434  7.3053  1.663421  1.642897  0.020524  10.904436  10.904436  3.194512  0.012339  2.253101e-01  3.491606e-01  3.491607e-01  0.052574  60.3638  3.305342e+05  3.174247e+03  2.234704e+57  1.178369e+56  3.509633e-06  4.948108e+109  +1  +1  1
7.3053  733.4544  184.2080  218.1178  7.3053  1.742112  1.723523  0.018589  10.866534  10.866534  3.090784  0.010670  2.367918e-01  3.782731e-01  3.782733e-01  0.047696  42.7124  3.536145e+05  2.871619e+03  2.359695e+57  1.066023e+56  3.291578e-06  3.953825e+109  +1  +1  1
7.3053  762.5564  184.2080  247.2176  7.3053  1.817578  1.800840  0.016738  10.828319  10.828319  2.984613  0.009209  2.479212e-01  4.083704e-01  4.083705e-01  0.043134  30.7016  3.781050e+05  2.582765e+03  2.489391e+57  9.587907e+55  3.061092e-06  3.107129e+109  +1  +1  1
7.3053  795.5386  184.2080  280.1996  7.3053  1.888494  1.873509  0.014985  10.787625  10.787625  2.876568  0.007935  2.585660e-01  4.390828e-01  4.390829e-01  0.038926  22.4539  4.019744e+05  2.309699e+03  2.609484e+57  8.574201e+55  2.897416e-06  2.299173e+109  +1  +1  1
7.3053  832.9189  184.2080  317.5819  7.3053  1.953797  1.940456  0.013340  10.742372  10.742372  2.767240  0.006828  2.686339e-01  4.700602e-01  4.700603e-01  0.035065  16.7102  4.256332e+05  2.053983e+03  2.722966e+57  7.624902e+55  2.683187e-06  1.684120e+109  +1  +1  1
7.3053  875.2916  184.2080  359.9514  7.3053  2.012696  2.000885  0.011811  10.691495  10.691495  2.657226  0.005868  2.780490e-01  5.009162e-01  5.009163e-01  0.031559  12.6599  4.487119e+05  1.816701e+03  2.827296e+57  6.744040e+55  2.474590e-06  1.188585e+109  +1  +1  1
7.3053  923.3117  184.2080  407.9736  7.3053  2.064665  2.054263  0.010403  10.634102  10.634102  2.547114  0.005039  2.867679e-01  5.312943e-01  5.312944e-01  0.028405  9.7646  4.708127e+05  1.598468e+03  2.920075e+57  5.933897e+55  2.215159e-06  8.392325e+108  +1  +1  1
7.3053  977.7420  184.2080  462.4025  7.3053  2.109397  2.100281  0.009116  10.569609  10.569609  2.437469  0.004322  2.947685e-01  5.608564e-01  5.608564e-01  0.025585  7.6646  4.927647e+05  1.399454e+03  3.007549e+57  5.195103e+55  2.001630e-06  5.639701e+108  +1  +1  1
7.3053  1039.4339  184.2080  524.0930  7.3053  2.146804  2.138853  0.007951  10.498023  10.498023  2.328826  0.003703  3.020414e-01  5.892705e-01  5.892705e-01  0.023085  6.1221  5.120937e+05  1.219432e+03  3.072964e+57  4.526811e+55  1.790530e-06  3.395273e+108  +1  +1  1
7.3053  1109.3497  184.2080  594.0138  7.3053  2.176960  2.170057  0.006903  10.419391  10.419391  2.221674  0.003171  3.085956e-01  6.162520e-01  6.162521e-01  0.020877  4.9732  5.307173e+05  1.057832e+03  3.130194e+57  3.926909e+55  1.468296e-06  2.245193e+108  +1  +1  1
7.3053  1188.6046  184.2080  673.2629  7.3053  2.200090  2.194122  0.005968  10.334136  10.334136  2.116455  0.002712  3.144473e-01  6.415395e-01  6.415396e-01  0.018937  4.1067  5.485117e+05  9.138115e+02  3.179169e+57  3.392269e+55  1.176975e-06  1.321027e+108  +1  +1  1
7.3053  1278.4252  184.2080  763.0849  7.3053  2.216523  2.211384  0.005139  10.242742  10.242742  2.013559  0.002318  3.196227e-01  6.649227e-01  6.649228e-01  0.017241  3.4458  5.641463e+05  7.863219e+02  3.211244e+57  2.918996e+55  8.991058e-07  6.055285e+107  +1  +1  1
7.3053  1380.2298  184.2080  864.8903  7.3053  2.226678  2.222270  0.004409  10.145957  10.145957  1.913316  0.001980  3.241501e-01  6.862187e-01  6.862188e-01  0.015760  2.9358  5.776059e+05  6.741711e+02  3.227179e+57  2.502666e+55  5.433601e-07  2.473722e+107  +1  +1  1
7.3053  1495.6207  184.2080  980.2778  7.3053  2.231026  2.227257  0.003770  10.044541  10.044541  1.816005  0.001690  3.280622e-01  7.052944e-01  7.052945e-01  0.014470  2.5386  5.910370e+05  5.760856e+02  3.242549e+57  2.138549e+55  8.325580e-08  3.433980e+106  +1  +1  1
7.3053  1626.3973  184.2080  1111.0596  7.3053  2.230079  2.226865  0.003213  9.939259  9.939259  1.721846  0.001441  3.313964e-01  7.220731e-01  7.220731e-01  0.013366  2.2293  6.009750e+05  4.907589e+02  3.233981e+57  1.821798e+55  -3.417082e-07  -1.262022e+107  -1  -1  1
7.3053  1774.6318  184.2080  1259.2893  7.3053  2.224357  2.221626  0.002731  9.830904  9.830904  1.631011  0.001228  3.341894e-01  7.365163e-01  7.365163e-01  0.012411  1.9850  6.108243e+05  4.168952e+02  3.225963e+57  1.547599e+55  -1.007757e-06  -1.300207e+107  -1  -1  1
7.3053  1942.6373  184.2080  1427.2948  7.3053  2.214399  2.212084  0.002315  9.720389  9.720389  1.543622  0.001045  3.364759e-01  7.486145e-01  7.486146e-01  0.011585  1.7908  6.183690e+05  3.532407e+02  3.203554e+57  1.311300e+55  -1.793009e-06  -1.648226e+107  -1  -1  1
7.3053  2133.0527  184.2080  1617.7144  7.3053  2.200726  2.198768  0.001958  9.608633  9.608633  1.459758  0.000890  3.382876e-01  7.583822e-01  7.583822e-01  0.010879  1.6371  6.246950e+05  2.986078e+02  3.174950e+57  1.108491e+55  -2.789223e-06  -1.495869e+107  -1  -1  1
7.3053  2348.8827  184.2080  1833.5384  7.3053  2.183854  2.182202  0.001652  9.496454  9.496454  1.379459  0.000757  3.396596e-01  7.658892e-01  7.658893e-01  0.010271  1.5146  6.298737e+05  2.518915e+02  3.141182e+57  9.350702e+54  -4.145930e-06  -1.277531e+107  -1  -1  1
7.3053  2593.4963  184.2080  2078.1562  7.3053  2.164269  2.162878  0.001392  9.384668  9.384668  1.302730  0.000643  3.406230e-01  7.712188e-01  7.712188e-01  0.009751  1.4178  6.339728e+05  2.120784e+02  3.103196e+57  7.872758e+54  -8.739713e-06  -1.129868e+107  -1  -1  1
7.3053  2870.7514  184.2080  2355.4091  7.3053  2.142436  2.141266  0.001170  9.274097  9.274097  1.229549  0.000546  3.412069e-01  7.744724e-01  7.744724e-01  0.009312  1.3423  6.360458e+05  1.782510e+02  3.054744e+57  6.617018e+54  -1.806985e-05  -9.764207e+106  -1  -1  1
7.3053  3184.9955  184.2080  2669.6512  7.3053  2.118788  2.117806  0.000982  9.165324  9.165324  1.159868  0.000464  3.414455e-01  7.758068e-01  7.758068e-01  0.008938  1.2839  6.371514e+05  1.495877e+02  3.003368e+57  5.552976e+54  -2.184339e-05  -7.170268e+106  -1  -1  1
7.3053  3541.1532  184.2080  3025.8172  7.3053  2.093740  2.092917  0.000823  9.059327  9.059327  1.093619  0.000393  3.413567e-01  7.753100e-01  7.753100e-01  0.008631  1.2414  6.383289e+05  1.253593e+02  2.956605e+57  4.653571e+54  1.123642e-04  -5.387761e+106  +1  -1  1
7.3053  3944.8452  184.2080  3429.5004  7.3053  2.067662  2.066973  0.000689  8.956485  8.956485  1.030717  0.000333  3.409758e-01  7.731822e-01  7.731822e-01  0.008375  1.2114  6.377702e+05  1.049246e+02  2.901994e+57  3.894995e+54  3.809264e-05  -4.551705e+106  +1  -1  1
7.3053  4402.3826  184.2080  3887.0401  7.3053  2.040909  2.040332  0.000576  8.857508  8.857508  0.971066  0.000282  3.403248e-01  7.695641e-01  7.695641e-01  0.008168  1.1928  6.356554e+05  8.772337e+01  2.840862e+57  3.256453e+54  1.357685e-05  -3.414449e+106  +1  -1  1
7.3053  4920.9625  184.2080  4405.6215  7.3053  2.013791  2.013309  0.000481  8.762820  8.762820  0.914557  0.000239  3.394315e-01  7.646347e-01  7.646347e-01  0.008004  1.1844  6.337971e+05  7.326935e+01  2.785855e+57  2.719893e+54  1.308252e-05  -2.357382e+106  +1  -1  1
7.3053  5508.7341  184.2080  4993.3885  7.3053  1.986604  1.986202  0.000402  8.672967  8.672967  0.861077  0.000202  3.383180e-01  7.585480e-01  7.585480e-01  0.007881  1.1854  6.314000e+05  6.114278e+01  2.731393e+57  2.269732e+54  9.740962e-06  -1.787232e+106  +1  -1  1
7.3053  6174.9095  184.2080  5659.5711  7.3053  1.959610  1.959274  0.000335  8.588247  8.588247  0.810506  0.000171  3.370130e-01  7.514935e-01  7.514935e-01  0.007792  1.1948  6.277651e+05  5.098304e+01  2.672515e+57  1.892583e+54  7.841606e-06  -1.301633e+106  +1  -1  1
7.3053  6929.9756  184.2080  6414.6311  7.3053  1.933048  1.932769  0.000279  8.509087  8.509087  0.762724  0.000144  3.355376e-01  7.436196e-01  7.436196e-01  0.007733  1.2122  6.245453e+05  4.248169e+01  2.620609e+57  1.576997e+54  7.306259e-06  -9.139261e+105  +1  -1  1
7.3053  7785.7703  184.2080  7270.4259  7.3053  1.907135  1.906902  0.000233  8.435746  8.435746  0.717605  0.000122  3.339178e-01  7.350958e-01  7.350958e-01  0.007704  1.2371  6.202990e+05  3.537591e+01  2.565468e+57  1.313218e+54  6.412451e-06  -6.544906e+105  +1  -1  1
7.3053  8755.7337  184.2080  8240.3948  7.3053  1.882055  1.881861  0.000194  8.368369  8.368369  0.675029  0.000103  3.321798e-01  7.260876e-01  7.260876e-01  0.007698  1.2689  6.165586e+05  2.944242e+01  2.517579e+57  1.092956e+54  6.043141e-06  -4.525047e+105  +1  -1  1
7.3053  9855.1162  184.2080  9339.7702  7.3053  1.857980  1.857819  0.000161  8.307141  8.307141  0.634872  0.000087  3.303476e-01  7.167419e-01  7.167419e-01  0.007715  1.3073  6.119737e+05  2.449210e+01  2.467329e+57  9.091905e+53  5.089204e-06  -3.326915e+105  +1  -1  1
7.3053  11101.1575  184.2080  10585.8164  7.3053  1.835059  1.834925  0.000134  8.252220  8.252220  0.597015  0.000073  3.284437e-01  7.071892e-01  7.071892e-01  0.007750  1.3517  6.073296e+05  2.036522e+01  2.419927e+57  7.559933e+53  4.792037e-06  -2.295990e+105  +1  -1  1
7.3053  12513.4446  184.2080  11998.1012  7.3053  1.813419  1.813307  0.000111  8.203577  8.203577  0.561342  0.000061  3.264949e-01  6.975748e-01  6.975748e-01  0.007802  1.4019  6.026819e+05  1.692720e+01  2.375521e+57  6.283677e+53  4.893414e-06  -1.502170e+105  +1  -1  1
7.3053  14114.1489  184.2080  13598.8032  7.3053  1.793167  1.793074  0.000093  8.161200  8.161200  0.527739  0.000052  3.245251e-01  6.880194e-01  6.880194e-01  0.007864  1.4566  5.987130e+05  1.406478e+01  2.338625e+57  5.221096e+53  4.658475e-06  -1.003284e+105  +1  -1  1
7.3053  15928.3955  184.2080  15413.0595  7.3053  1.774388  1.774311  0.000077  8.124944  8.124944  0.496096  0.000043  3.225595e-01  6.786441e-01  6.786441e-01  0.007938  1.5155  5.941987e+05  1.168285e+01  2.300452e+57  4.336882e+53  4.046752e-06  -7.214757e+104  +1  -1  1
7.3053  17984.7070  184.2080  17469.3612  7.3053  1.757155  1.757091  0.000064  8.094674  8.094674  0.466309  0.000036  3.206212e-01  6.695501e-01  6.695501e-01  0.008017  1.5775  5.898260e+05  9.701730e+00  2.265531e+57  3.601454e+53  3.830989e-06  -4.819145e+104  +1  -1  1
7.3053  20310.1824  184.2080  19794.8396  7.3053  1.741550  1.741497  0.000053  8.070244  8.070244  0.438330  0.000030  3.187358e-01  6.608446e-01  6.608446e-01  0.008099  1.6413  5.856410e+05  8.057760e+00  2.233927e+57  2.991183e+53  3.727277e-06  -3.534526e+104  +1  -1  1

10.0000  103.0404  189.9722  1.0000  10.0000  0.487042  0.016200  0.470842  9.036276  5.688278  9.036276  0.966738  7.960835e-02  9.058108e-02  3.926826e-02  0.093191  19430.7940  2.437943e+03  7.484151e+04  2.048504e+55  2.768126e+57  6.096381e-06  1.194675e+110  +1  +1  0
10.0000  107.6573  189.9722  1.1334  10.0000  0.478634  0.018692  0.459943  8.967656  5.783312  8.967656  0.960948  7.883273e-02  8.957642e-02  4.107340e-02  0.093041  20372.8149  2.816760e+03  7.308356e+04  2.361534e+55  2.703410e+57  6.103032e-06  1.152864e+110  +1  +1  0
10.0000  113.1115  189.9722  1.2846  10.0000  0.469715  0.021508  0.448206  8.892392  5.881448  8.892392  0.954210  7.801845e-02  8.852466e-02  4.300637e-02  0.092889  21423.3454  3.246110e+03  7.119441e+04  2.712221e+55  2.633821e+57  6.117598e-06  1.121283e+110  +1  +1  0
10.0000  119.1072  189.9722  1.4560  10.0000  0.460295  0.024712  0.435584  8.809779  5.983020  8.809779  0.946314  7.717083e-02  8.743306e-02  4.508597e-02  0.092744  22590.6835  3.735587e+03  6.916718e+04  3.108924e+55  2.559097e+57  6.132126e-06  1.206192e+110  +1  +1  0
10.0000  125.0167  189.9722  1.6503  10.0000  0.450410  0.028351  0.422059  8.719218  6.087897  8.719218  0.937055  7.629781e-02  8.631218e-02  4.732146e-02  0.092631  23883.9223  4.293279e+03  6.699924e+04  3.558160e+55  2.479130e+57  6.147982e-06  1.278116e+110  +1  +1  0
10.0000  131.6026  189.9722  1.8704  10.0000  0.440131  0.032486  0.407645  8.620301  6.196150  8.620301  0.926191  7.541211e-02  8.517855e-02  4.972599e-02  0.092550  25297.4878  4.928718e+03  6.469439e+04  4.067353e+55  2.394053e+57  6.166317e-06  1.379621e+110  +1  +1  0
10.0000  137.9494  189.9722  2.1200  10.0000  0.429551  0.037181  0.392369  8.512576  6.307818  8.512576  0.913441  7.453071e-02  8.405394e-02  5.231329e-02  0.092568  26834.5933  5.652732e+03  6.225718e+04  4.644880e+55  2.304026e+57  6.179084e-06  1.213469e+110  +1  +1  0
10.0000  152.7256  189.9722  2.4028  10.0000  0.418658  0.042100  0.376558  8.398000  6.412990  8.398000  0.899441  7.363171e-02  8.291047e-02  5.485901e-02  0.092736  28564.7651  6.413343e+03  5.973467e+04  5.248973e+55  2.210841e+57  6.195838e-06  1.813536e+110  +1  +1  0
10.0000  157.6382  189.9722  2.7234  10.0000  0.407629  0.047753  0.359877  8.273206  6.521269  8.273206  0.882852  7.277351e-02  8.182226e-02  5.761788e-02  0.093105  30409.8392  7.290434e+03  5.708144e+04  5.942747e+55  2.112744e+57  6.224118e-06  2.279895e+110  +1  +1  0
10.0000  162.7167  189.9722  3.0867  10.0000  0.396813  0.054369  0.342444  8.138000  6.636748  8.138000  0.862987  7.201943e-02  8.086879e-02  6.069304e-02  0.093818  32280.9255  8.320895e+03  5.431721e+04  6.755146e+55  2.010442e+57  6.258362e-06  2.492804e+110  +1  +1  0
10.0000  167.9681  189.9722  3.4985  10.0000  0.386576  0.062064  0.324513  7.993417  6.759789  7.993417  0.839452  7.143064e-02  8.012605e-02  6.410610e-02  0.095104  34094.3696  9.524792e+03  5.148248e+04  7.701298e+55  1.905432e+57  6.302642e-06  2.696273e+110  +1  +1  0
10.0000  173.4000  189.9722  3.9652  10.0000  0.377350  0.070978  0.306372  7.840924  6.890732  7.840924  0.811904  7.108184e-02  7.968678e-02  6.787732e-02  0.097296  35744.6438  1.092628e+04  4.862243e+04  8.799386e+55  1.799392e+57  6.367705e-06  2.887510e+110  +1  +1  0
10.0000  179.0190  189.9722  4.4943  10.0000  0.369629  0.081270  0.288359  7.682698  7.029817  7.682698  0.780131  7.106137e-02  7.966102e-02  7.201734e-02  0.100854  37105.0530  1.255346e+04  4.578926e+04  1.007050e+56  1.694268e+57  6.489641e-06  3.061126e+110  +1  +1  0
10.0000  184.8335  189.9722  5.0939  10.0000  0.363959  0.093119  0.270840  7.521646  7.177372  7.521646  0.744150  7.146965e-02  8.017522e-02  7.650866e-02  0.106389  38036.1819  1.443818e+04  4.303929e+04  1.153818e+56  1.592165e+57  6.889730e-06  3.212230e+110  +1  +1  0
10.0000  190.8524  189.9722  5.7734  10.0000  0.360918  0.106726  0.254192  7.361348  7.334014  7.361348  0.704293  7.241565e-02  8.136946e-02  8.116391e-02  0.114679  38391.0781  1.661732e+04  4.042918e+04  1.322980e+56  1.495211e+57  3.062964e-08  3.336121e+110  +1  +1  0
10.0000  197.0844  189.9722  6.5437  10.0000  0.361081  0.122316  0.238765  7.512595  7.512595  7.205920  0.661252  7.098983e-02  7.957099e-02  7.957220e-02  0.103875  38409.4372  1.913218e+04  3.801342e+04  1.517558e+56  1.405461e+57  2.112855e-06  3.431536e+110  +1  +1  0
10.0000  203.5396  189.9722  7.4167  10.0000  0.364998  0.140150  0.224848  7.729056  7.729056  7.059609  0.616024  6.975024e-02  7.801471e-02  7.801585e-02  0.092538  37368.0136  2.203222e+04  3.582855e+04  1.741172e+56  1.324303e+57  5.571442e-06  3.514274e+110  +1  +1  0
10.0000  210.2287  189.9722  8.4062  10.0000  0.373182  0.160639  0.212544  7.981912  7.981912  6.925335  0.569544  6.905508e-02  7.714487e-02  7.714584e-02  0.083823  35587.1813  2.539106e+04  3.389092e+04  1.999329e+56  1.252375e+57  5.794199e-06  3.620864e+110  +1  +1  0
10.0000  217.1631  189.9722  9.5277  10.0000  0.386169  0.184505  0.201664  8.267250  8.267250  6.802686  0.522217  6.899190e-02  7.706593e-02  7.706684e-02  0.078548  33500.5432  2.933153e+04  3.217050e+04  2.301618e+56  1.188565e+57  5.863379e-06  3.785826e+110  +1  +1  0
10.0000  224.3537  189.9722  10.7988  10.0000  0.404598  0.212741  0.191857  8.566191  8.566191  6.688744  0.474192  6.976179e-02  7.802918e-02  7.802998e-02  0.076465  30851.7980  3.402161e+04  3.061327e+04  2.661343e+56  1.130859e+57  5.884633e-06  4.013228e+110  +1  +1  0
10.0000  231.8138  189.9722  12.2395  10.0000  0.429222  0.246390  0.182832  8.875752  8.875752  6.580755  0.425961  7.142642e-02  8.012074e-02  8.012146e-02  0.077199  27683.9902  3.964259e+04  2.917476e+04  3.092380e+56  1.077593e+57  5.881640e-06  4.280488e+110  +1  +1  0
10.0000  239.5612  189.9722  13.8724  10.0000  0.460831  0.286411  0.174421  9.197118  9.197118  6.477309  0.378492  7.400686e-02  8.338720e-02  8.338781e-02  0.079567  23893.5690  4.636959e+04  2.782890e+04  3.606585e+56  1.027799e+57  5.860622e-06  4.576174e+110  +1  +1  0
10.0000  247.6067  189.9722  15.7232  10.0000  0.500197  0.333839  0.166358  9.523877  9.523877  6.375285  0.332585  7.757269e-02  8.795018e-02  8.795080e-02  0.083974  19930.0230  5.439907e+04  2.653566e+04  4.217875e+56  9.799754e+56  5.823921e-06  4.882963e+110  +1  +1  0
10.0000  255.9695  189.9722  17.8208  10.0000  0.548034  0.389529  0.158505  9.850137  9.850137  6.272823  0.289225  8.217635e-02  9.392739e-02  9.392794e-02  0.089035  15839.2687  6.390867e+04  2.527447e+04  4.938332e+56  9.333494e+56  5.772957e-06  5.170989e+110  +1  +1  0
10.0000  264.6662  189.9722  20.1984  10.0000  0.604861  0.454036  0.150825  10.171077  10.171077  6.169385  0.249355  8.783561e-02  1.014119e-01  1.014124e-01  0.094978  12110.9883  7.504183e+04  2.403977e+04  5.777086e+56  8.877120e+56  5.708643e-06  5.413206e+110  +1  +1  0
10.0000  273.7197  189.9722  22.8931  10.0000  0.670933  0.527640  0.143293  10.482773  10.482773  6.064552  0.213573  9.453323e-02  1.104714e-01  1.104719e-01  0.100411  8866.8169  8.790548e+04  2.282790e+04  6.739901e+56  8.429267e+56  5.631824e-06  5.586929e+110  +1  +1  0
10.0000  283.1505  189.9722  25.9473  10.0000  0.746209  0.610316  0.135893  10.782117  10.782117  5.957987  0.182111  1.022205e-01  1.211503e-01  1.211507e-01  0.105364  6293.7851  1.025700e+05  2.163663e+04  7.829289e+56  7.989092e+56  5.541214e-06  5.681126e+110  +1  +1  0
10.0000  292.9824  189.9722  29.4090  10.0000  0.830355  0.701739  0.128616  11.067147  11.067147  5.849412  0.154893  1.108178e-01  1.334661e-01  1.334665e-01  0.108926  4345.0110  1.190717e+05  2.046479e+04  9.044747e+56  7.556151e+56  5.538852e-06  5.293781e+110  +1  +1  0
10.0000  548.6687  189.9722  33.3326  10.0000  0.865183  0.753681  0.111502  11.241373  11.241373  5.586327  0.128877  1.136764e-01  1.376518e-01  1.376522e-01  0.113131  3973.1848  1.281324e+05  1.766898e+04  9.717221e+56  6.531917e+56  5.506587e-06  1.542157e+110  +1  +1  1
10.0000  553.1161  189.9722  37.7796  10.0000  0.893941  0.799244  0.094698  11.351146  11.351146  5.295310  0.105933  1.163191e-01  1.415630e-01  1.415634e-01  0.115633  3620.2331  1.360872e+05  1.497906e+04  1.029761e+57  5.540636e+56  5.343980e-06  1.330024e+110  +1  +1  1
10.0000  558.1558  189.9722  42.8198  10.0000  0.926439  0.845453  0.080986  11.416320  11.416320  5.026314  0.087416  1.198594e-01  1.468666e-01  1.468669e-01  0.116041  3127.2323  1.444936e+05  1.281790e+04  1.089666e+57  4.740379e+56  5.143825e-06  1.555096e+110  +1  +1  1
10.0000  563.8691  189.9722  48.5326  10.0000  0.961547  0.890835  0.070713  11.437801  11.437801  4.800268  0.073541  1.241680e-01  1.534217e-01  1.534220e-01  0.114273  2581.0920  1.530105e+05  1.121519e+04  1.148809e+57  4.144882e+56  5.020845e-06  1.628255e+110  +1  +1  1
10.0000  570.3441  189.9722  55.0074  10.0000  0.998868  0.935155  0.063713  11.421098  11.421098  4.630853  0.063785  1.291761e-01  1.611842e-01  1.611845e-01  0.110680  2051.4768  1.616255e+05  1.012626e+04  1.206999e+57  3.739596e+56  4.845932e-06  1.634259e+110  +1  +1  1
10.0000  577.6823  189.9722  62.3461  10.0000  1.038942  0.979499  0.059444  11.375717  11.375717  4.521035  0.057216  1.348945e-01  1.702424e-01  1.702426e-01  0.105679  1577.3490  1.707920e+05  9.452876e+03  1.267363e+57  3.489453e+56  4.700816e-06  1.582023e+110  +1  +1  1
10.0000  586.0010  189.9722  70.6639  10.0000  1.082938  1.026363  0.056576  11.312039  11.312039  4.446966  0.052243  1.413984e-01  1.808069e-01  1.808071e-01  0.099892  1178.1903  1.806566e+05  8.986255e+03  1.330888e+57  3.317158e+56  4.602115e-06  1.504795e+110  +1  +1  1
10.0000  595.4279  189.9722  80.0914  10.0000  1.132468  1.078842  0.053626  11.238750  11.238750  4.368343  0.047353  1.488296e-01  1.932353e-01  1.932355e-01  0.093650  855.0054  1.921196e+05  8.506835e+03  1.403719e+57  3.140179e+56  4.454100e-06  1.472409e+110  +1  +1  1
10.0000  606.1136  189.9722  90.7766  10.0000  1.188757  1.138176  0.050581  11.163682  11.163682  4.284078  0.042549  1.572777e-01  2.078522e-01  2.078525e-01  0.087225  604.2477  2.054370e+05  8.012961e+03  1.487396e+57  2.957865e+56  4.359877e-06  1.415878e+110  +1  +1  1
10.0000  618.2249  189.9722  102.8874  10.0000  1.252177  1.204715  0.047463  11.092930  11.092930  4.194221  0.037904  1.667252e-01  2.248524e-01  2.248526e-01  0.080870  418.4972  2.206018e+05  7.508501e+03  1.581559e+57  2.771645e+56  4.272924e-06  1.332355e+110  +1  +1  1
10.0000  631.9498  189.9722  116.6139  10.0000  1.322292  1.277994  0.044298  11.030329  11.030329  4.098903  0.033501  1.770601e-01  2.442972e-01  2.442974e-01  0.074713  286.2196  2.377565e+05  6.997772e+03  1.686784e+57  2.583111e+56  4.136748e-06  1.232544e+110  +1  +1  1
10.0000  647.5096  189.9722  132.1717  10.0000  1.397979  1.356863  0.041116  10.977123  10.977123  3.998343  0.029411  1.881021e-01  2.661315e-01  2.661317e-01  0.068806  194.7906  2.569496e+05  6.485419e+03  1.802940e+57  2.393978e+56  3.961158e-06  1.111110e+110  +1  +1  1
10.0000  665.1426  189.9722  149.8051  10.0000  1.477657  1.439712  0.037946  10.932680  10.932680  3.892850  0.025680  1.996314e-01  2.902020e-01  2.902022e-01  0.063169  132.8220  2.780941e+05  5.976262e+03  1.928932e+57  2.206026e+56  3.864586e-06  9.499345e+109  +1  +1  1
10.0000  685.1283  189.9722  169.7911  10.0000  1.559507  1.524690  0.034817  10.895107  10.895107  3.782815  0.022326  2.114158e-01  3.162813e-01  3.162815e-01  0.057778  91.1979  2.997559e+05  5.475122e+03  2.054285e+57  2.021034e+56  3.710973e-06  7.923641e+109  +1  +1  1
10.0000  707.7821  189.9722  192.4434  10.0000  1.641649  1.609890  0.031759  10.861847  10.861847  3.668712  0.019346  2.232330e-01  3.440884e-01  3.440886e-01  0.052666  63.3359  3.234568e+05  4.986654e+03  2.189194e+57  1.840721e+56  3.476663e-06  6.640842e+109  +1  +1  1
10.0000  733.4544  189.9722  218.1178  10.0000  1.722268  1.693468  0.028800  10.830139  10.830139  3.551082  0.016722  2.348812e-01  3.732979e-01  3.732981e-01  0.047845  44.6175  3.475457e+05  4.515171e+03  2.321821e+57  1.666679e+56  3.357040e-06  5.169078e+109  +1  +1  1
10.0000  762.5564  189.9722  247.2176  10.0000  1.799736  1.773771  0.025965  10.797417  10.797417  3.430528  0.014427  2.461900e-01  4.035590e-01  4.035592e-01  0.043314  31.9293  3.714649e+05  4.064500e+03  2.448017e+57  1.500319e+56  3.136307e-06  4.020072e+109  +1  +1  1
10.0000  795.5386  189.9722  280.1996  10.0000  1.872665  1.849391  0.023274  10.761514  10.761514  3.307692  0.012428  2.570208e-01  4.344998e-01  4.345000e-01  0.039111  23.2469  3.964991e+05  3.637855e+03  2.576611e+57  1.342829e+56  2.905857e-06  3.082194e+109  +1  +1  1
10.0000  832.9189  189.9722  317.5819  10.0000  1.939930  1.919186  0.020744  10.720669  10.720669  3.183245  0.010693  2.672673e-01  4.657379e-01  4.657380e-01  0.035255  17.2345  4.204978e+05  3.237761e+03  2.692771e+57  1.195141e+56  2.743904e-06  2.207545e+109  +1  +1  1
10.0000  875.2916  189.9722  359.9514  10.0000  2.000696  1.982309  0.018387  10.673570  10.673570  3.057869  0.009190  2.768554e-01  4.968966e-01  4.968967e-01  0.031732  13.0059  4.438864e+05  2.866009e+03  2.799443e+57  1.057915e+56  2.531782e-06  1.561553e+109  +1  +1  1
10.0000  923.3117  189.9722  407.9736  10.0000  2.054392  2.038180  0.016212  10.619472  10.619472  2.932237  0.007892  2.857341e-01  5.275959e-01  5.275960e-01  0.028562  9.9974  4.663466e+05  2.523656e+03  2.894803e+57  9.315421e+55  2.268539e-06  1.117030e+109  +1  +1  1
10.0000  977.7420  189.9722  462.4025  10.0000  2.100697  2.086475  0.014222  10.557854  10.557854  2.807002  0.006770  2.938796e-01  5.574874e-01  5.574875e-01  0.025726  7.8239  4.885982e+05  2.211065e+03  2.984318e+57  8.161556e+55  1.998829e-06  7.644876e+108  +1  +1  1
10.0000  1039.4339  189.9722  524.0930  10.0000  2.139510  2.127094  0.012416  10.488754  10.488754  2.682782  0.005803  3.012812e-01  5.862278e-01  5.862279e-01  0.023206  6.2322  5.093692e+05  1.927969e+03  3.059644e+57  7.116569e+55  1.782080e-06  4.870639e+108  +1  +1  1
10.0000  1109.3497  189.9722  594.0138  10.0000  2.170905  2.160116  0.010790  10.412090  10.412090  2.560147  0.004970  3.079531e-01  6.135461e-01  6.135462e-01  0.020978  5.0496  5.283160e+05  1.673560e+03  3.118936e+57  6.177476e+55  1.556857e-06  2.799787e+108  +1  +1  1
10.0000  1188.6046  189.9722  673.2629  10.0000  2.195109  2.185773  0.009336  10.328567  10.328567  2.439615  0.004253  3.139046e-01  6.391444e-01  6.391445e-01  0.019025  4.1613  5.452695e+05  1.446590e+03  3.161790e+57  5.339670e+55  1.239317e-06  1.693530e+108  +1  +1  1
10.0000  1278.4252  189.9722  763.0849  10.0000  2.212464  2.204418  0.008046  10.238534  10.238534  2.321641  0.003637  3.191686e-01  6.628308e-01  6.628309e-01  0.017312  3.4846  5.623187e+05  1.245474e+03  3.203428e+57  4.597301e+55  9.068423e-07  9.305372e+107  +1  +1  1
10.0000  1380.2298  189.9722  864.8903  10.0000  2.223402  2.216493  0.006908  10.142942  10.142942  2.206620  0.003107  3.237692e-01  6.843957e-01  6.843958e-01  0.015817  2.9639  5.760352e+05  1.068395e+03  3.220823e+57  3.943662e+55  5.971552e-07  2.866593e+107  +1  +1  1
10.0000  1495.6207  189.9722  980.2778  10.0000  2.228406  2.222495  0.005911  10.042442  10.042442  2.094879  0.002653  3.277454e-01  7.037255e-01  7.037255e-01  0.014519  2.5596  5.885530e+05  9.133947e+02  3.229469e+57  3.371518e+55  1.727332e-07  2.175046e+106  +1  +1  1
10.0000  1626.3973  189.9722  1111.0596  10.0000  2.228001  2.222960  0.005042  9.937866  9.937866  1.986687  0.002263  3.311341e-01  7.207352e-01  7.207353e-01  0.013406  2.2449  5.998253e+05  7.784524e+02  3.229841e+57  2.873416e+55  -2.986710e-07  -7.200313e+106  -1  -1  1
10.0000  1774.6318  189.9722  1259.2893  10.0000  2.222731  2.218444  0.004287  9.830119  9.830119  1.882248  0.001929  3.339718e-01  7.353778e-01  7.353779e-01  0.012444  1.9967  6.098487e+05  6.615559e+02  3.222673e+57  2.441926e+55  -9.450736e-07  -1.696450e+107  -1  -1  1
10.0000  1942.6373  189.9722  1427.2948  10.0000  2.213138  2.209502  0.003636  9.720036  9.720036  1.781716  0.001643  3.362964e-01  7.476559e-01  7.476560e-01  0.011614  1.8001  6.175508e+05  5.607514e+02  3.201012e+57  2.069836e+55  -1.717337e-06  -2.166651e+107  -1  -1  1
10.0000  2133.0527  189.9722  1617.7144  10.0000  2.199765  2.196688  0.003077  9.608581  9.608581  1.685188  0.001399  3.381416e-01  7.575893e-01  7.575894e-01  0.010900  1.6437  6.240087e+05  4.741832e+02  3.172987e+57  1.750295e+55  -2.698074e-06  -1.973518e+107  -1  -1  1
10.0000  2348.8827  189.9722  1833.5384  10.0000  2.183130  2.180533  0.002598  9.496617  9.496617  1.592721  0.001190  3.395411e-01  7.652374e-01  7.652375e-01  0.010287  1.5196  6.292995e+05  4.001199e+02  3.139680e+57  1.476913e+55  -4.028493e-06  -1.688490e+107  -1  -1  1
10.0000  2593.4963  189.9722  2078.1562  10.0000  2.163734  2.161546  0.002189  9.385017  9.385017  1.504329  0.001012  3.405262e-01  7.706809e-01  7.706809e-01  0.009767  1.4220  6.334950e+05  3.369704e+02  3.102064e+57  1.243816e+55  -8.407546e-06  -1.495281e+107  -1  -1  1
10.0000  2870.7514  189.9722  2355.4091  10.0000  2.142052  2.140211  0.001841  9.274555  9.274555  1.419992  0.000859  3.411290e-01  7.740369e-01  7.740370e-01  0.009324  1.3455  6.356538e+05  2.832920e+02  3.053936e+57  1.045679e+55  -1.709846e-05  -1.293212e+107  -1  -1  1
10.0000  3184.9955  189.9722  2669.6512  10.0000  2.118521  2.116975  0.001546  9.165894  9.165894  1.339661  0.000730  3.413812e-01  7.754468e-01  7.754468e-01  0.008949  1.2867  6.368328e+05  2.377902e+02  3.002826e+57  8.777235e+54  -2.079414e-05  -9.499634e+106  -1  -1  1
10.0000  3541.1532  189.9722  3025.8172  10.0000  2.093565  2.092269  0.001296  9.059917  9.059917  1.263264  0.000619  3.413059e-01  7.750254e-01  7.750255e-01  0.008639  1.2435  6.380694e+05  1.993153e+02  2.956247e+57  7.357057e+54  1.048205e-04  -7.292448e+106  +1  -1  1
10.0000  3944.8452  189.9722  3429.5004  10.0000  2.067557  2.066471  0.001085  8.957081  8.957081  1.190707  0.000525  3.409358e-01  7.729592e-01  7.729592e-01  0.008381  1.2130  6.375604e+05  1.668547e+02  2.901781e+57  6.158880e+54  4.080276e-05  -6.146833e+106  +1  -1  1
10.0000  4402.3826  189.9722  3887.0401  10.0000  2.040853  2.039945  0.000908  8.858070  8.858070  1.121882  0.000445  3.402939e-01  7.693930e-01  7.693930e-01  0.008173  1.1941  6.354838e+05  1.395228e+02  2.840735e+57  5.150014e+54  1.374921e-05  -4.533561e+106  +1  -1  1
10.0000  4920.9625  189.9722  4405.6215  10.0000  2.013774  2.013015  0.000758  8.763384  8.763384  1.056669  0.000377  3.394067e-01  7.644987e-01  7.644987e-01  0.008009  1.1854  6.336616e+05  1.165504e+02  2.785822e+57  4.302062e+54  1.322823e-05  -3.130972e+106  +1  -1  1
10.0000  5508.7341  189.9722  4993.3885  10.0000  1.986614  1.985981  0.000633  8.673433  8.673433  0.994939  0.000319  3.383016e-01  7.584587e-01  7.584587e-01  0.007883  1.1860  6.312881e+05  9.727277e+01  2.731384e+57  3.590493e+54  9.796118e-06  -2.374810e+106  +1  -1  1
10.0000  6174.9095  189.9722  5659.5711  10.0000  1.959638  1.959110  0.000528  8.588724  8.588724  0.936558  0.000269  3.369993e-01  7.514197e-01  7.514197e-01  0.007795  1.1955  6.276792e+05  8.111863e+01  2.672568e+57  2.994217e+54  7.876476e-06  -1.729032e+106  +1  -1  1
10.0000  6929.9756  189.9722  6414.6311  10.0000  1.933089  1.932649  0.000440  8.509544  8.509544  0.881386  0.000228  3.355268e-01  7.435622e-01  7.435622e-01  0.007737  1.2129  6.244794e+05  6.759897e+01  2.620698e+57  2.495184e+54  7.330321e-06  -1.215219e+106  +1  -1  1
10.0000  7785.7703  189.9722  7270.4259  10.0000  1.907181  1.906815  0.000367  8.436086  8.436086  0.829284  0.000192  3.339125e-01  7.350680e-01  7.350680e-01  0.007705  1.2375  6.202424e+05  5.629687e+01  2.565531e+57  2.078006e+54  6.425072e-06  -8.705950e+105  +1  -1  1
10.0000  8755.7337  189.9722  8240.3948  10.0000  1.882105  1.881800  0.000305  8.368697  8.368697  0.780111  0.000162  3.321755e-01  7.260659e-01  7.260659e-01  0.007700  1.2693  6.165160e+05  4.685803e+01  2.517664e+57  1.729603e+54  6.057925e-06  -6.015064e+105  +1  -1  1
10.0000  9855.1162  189.9722  9339.7702  10.0000  1.858033  1.857779  0.000254  8.307469  8.307469  0.733728  0.000137  3.303439e-01  7.167233e-01  7.167233e-01  0.007716  1.3076  6.119436e+05  3.898225e+01  2.467437e+57  1.438895e+54  5.096593e-06  -4.424482e+105  +1  -1  1
10.0000  11101.1575  189.9722  10585.8164  10.0000  1.835111  1.834900  0.000211  8.252483  8.252483  0.689997  0.000115  3.284425e-01  7.071832e-01  7.071832e-01  0.007750  1.3517  6.073056e+05  3.241582e+01  2.420022e+57  1.196518e+54  4.795864e-06  -3.054695e+105  +1  -1  1
10.0000  12513.4446  189.9722  11998.1012  10.0000  1.813467  1.813292  0.000176  8.203791  8.203791  0.648786  0.000097  3.264952e-01  6.975762e-01  6.975762e-01  0.007801  1.4018  6.026629e+05  2.694494e+01  2.375604e+57  9.945791e+53  4.894891e-06  -1.999434e+105  +1  -1  1
10.0000  14114.1489  189.9722  13598.8032  10.0000  1.793209  1.793063  0.000146  8.161326  8.161326  0.609962  0.000081  3.245277e-01  6.880322e-01  6.880322e-01  0.007865  1.4566  5.986943e+05  2.238956e+01  2.338671e+57  8.264329e+53  4.660508e-06  -1.335220e+105  +1  -1  1
10.0000  15928.3955  189.9722  15413.0595  10.0000  1.774430  1.774309  0.000121  8.125074  8.125074  0.573402  0.000068  3.225620e-01  6.786559e-01  6.786559e-01  0.007938  1.5155  5.941871e+05  1.859863e+01  2.300515e+57  6.865037e+53  4.050549e-06  -9.597452e+104  +1  -1  1
10.0000  17984.7070  189.9722  17469.3612  10.0000  1.757193  1.757092  0.000101  8.094776  8.094776  0.538981  0.000057  3.206242e-01  6.695638e-01  6.695638e-01  0.008017  1.5774  5.898172e+05  1.544531e+01  2.265585e+57  5.701099e+53  3.833405e-06  -6.411692e+104  +1  -1  1
10.0000  20310.1824  189.9722  19794.8396  10.0000  1.741583  1.741499  0.000084  8.070337  8.070337  0.506651  0.000048  3.187382e-01  6.608555e-01  6.608555e-01  0.008099  1.6412  5.856345e+05  1.282854e+01  2.233976e+57  4.735210e+53  3.729788e-06  -4.703107e+104  +1  -1  1

13.6887  103.0404  196.8731  1.0000  13.6887  0.705147  0.014860  0.690287  10.183945  5.508975  10.183945  0.978927  1.022692e-01  1.212189e-01  3.817133e-02  0.086844  5175.1723  2.235277e+03  1.122157e+05  1.878325e+55  4.121047e+57  5.861235e-06  1.231320e+110  +1  +1  0
13.6887  107.6573  196.8731  1.1334  13.6887  0.695691  0.017165  0.678526  10.127723  5.603387  10.127723  0.975327  1.014579e-01  1.200771e-01  3.995986e-02  0.086790  5382.0444  2.585552e+03  1.102521e+05  2.167774e+55  4.049571e+57  5.868860e-06  1.194604e+110  +1  +1  0
13.6887  113.1115  196.8731  1.2846  13.6887  0.685488  0.019775  0.665713  10.065633  5.700905  10.065633  0.971151  1.005867e-01  1.188549e-01  4.187741e-02  0.086728  5615.2095  2.983159e+03  1.081186e+05  2.492545e+55  3.971849e+57  5.884006e-06  1.169642e+110  +1  +1  0
13.6887  119.1072  196.8731  1.4560  13.6887  0.674491  0.022748  0.651742  9.996857  5.801863  9.996857  0.966273  9.965383e-02  1.175505e-01  4.394292e-02  0.086644  5877.2801  3.437113e+03  1.057979e+05  2.860478e+55  3.887240e+57  5.899169e-06  1.267565e+110  +1  +1  0
13.6887  125.0167  196.8731  1.6503  13.6887  0.662681  0.026131  0.636550  9.920765  5.906141  9.920765  0.960567  9.866005e-02  1.161660e-01  4.616662e-02  0.086543  6172.1262  3.955093e+03  1.032809e+05  3.277748e+55  3.795396e+57  5.916440e-06  1.354191e+110  +1  +1  0
13.6887  131.6026  196.8731  1.8704  13.6887  0.650061  0.029980  0.620081  9.836703  6.013805  9.836703  0.953881  9.760825e-02  1.147063e-01  4.856272e-02  0.086431  6503.4799  4.546134e+03  1.005602e+05  3.751391e+55  3.696033e+57  5.934396e-06  1.475282e+110  +1  +1  0
13.6887  137.9494  196.8731  2.1200  13.6887  0.636642  0.034359  0.602283  9.743898  6.124857  9.743898  0.946032  9.650374e-02  1.131796e-01  5.114560e-02  0.086295  6873.4712  5.220532e+03  9.762789e+04  4.289375e+55  3.588838e+57  5.947997e-06  1.311401e+110  +1  +1  0
13.6887  152.7256  196.8731  2.4028  13.6887  0.622563  0.038960  0.583602  9.644420  6.229680  9.644420  0.937419  9.534296e-02  1.115819e-01  5.370082e-02  0.086186  7292.9259  5.931500e+03  9.455185e+04  4.854072e+55  3.476361e+57  5.964914e-06  1.986702e+110  +1  +1  0
13.6887  157.6382  196.8731  2.7234  13.6887  0.607668  0.044257  0.563411  9.534156  6.337656  9.534156  0.927169  9.413817e-02  1.099308e-01  5.647751e-02  0.086064  7760.7338  6.752460e+03  9.123909e+04  5.503521e+55  3.355097e+57  5.990394e-06  2.527797e+110  +1  +1  0
13.6887  162.7167  196.8731  3.0867  13.6887  0.592118  0.050459  0.541659  9.411865  6.452729  9.411865  0.914782  9.292107e-02  1.082703e-01  5.958028e-02  0.085952  8271.6780  7.717474e+03  8.768405e+04  6.264366e+55  3.224792e+57  6.018850e-06  2.801509e+110  +1  +1  0
13.6887  167.9681  196.8731  3.4985  13.6887  0.576159  0.057678  0.518481  9.277345  6.575175  9.277345  0.899892  9.172770e-02  1.066494e-01  6.303652e-02  0.085897  8818.2411  8.845621e+03  8.391120e+04  7.151048e+55  3.086327e+57  6.051487e-06  3.077748e+110  +1  +1  0
13.6887  173.4000  196.8731  3.9652  13.6887  0.560110  0.066047  0.494063  9.130597  6.705203  9.130597  0.882083  9.060568e-02  1.051319e-01  6.687703e-02  0.085979  9386.9181  1.015970e+04  7.995247e+04  8.180716e+55  2.940856e+57  6.087934e-06  3.353179e+110  +1  +1  0
13.6887  179.0190  196.8731  4.4943  13.6887  0.544371  0.075715  0.468656  8.971930  6.843017  8.971930  0.860913  8.961702e-02  1.037998e-01  7.113512e-02  0.086326  9956.2866  1.168634e+04  7.584849e+04  9.373220e+55  2.789861e+57  6.130700e-06  3.623210e+110  +1  +1  0
13.6887  184.8335  196.8731  5.0939  13.6887  0.529445  0.086854  0.442591  8.802272  6.988661  8.802272  0.835953  8.883984e-02  1.027562e-01  7.584366e-02  0.087137  10497.1341  1.345582e+04  7.165341e+04  1.075116e+56  2.635332e+57  6.186517e-06  3.880203e+110  +1  +1  0
13.6887  190.8524  196.8731  5.7734  13.6887  0.515938  0.099651  0.416287  8.623299  7.142211  8.623299  0.806854  8.837023e-02  1.021269e-01  8.103577e-02  0.088704  10972.9381  1.550224e+04  6.743415e+04  1.233967e+56  2.479742e+57  6.267317e-06  4.115849e+110  +1  +1  0
13.6887  197.0844  196.8731  6.5437  13.6887  0.504541  0.114317  0.390224  8.437422  7.303660  8.437422  0.773424  8.832192e-02  1.020623e-01  8.674018e-02  0.091447  11343.2406  1.786507e+04  6.326507e+04  1.416762e+56  2.325851e+57  6.412942e-06  4.320462e+110  +1  +1  0
13.6887  203.5396  196.8731  7.4167  13.6887  0.496016  0.131080  0.364936  8.248064  7.473025  8.248064  0.735734  8.882305e-02  1.027336e-01  9.297403e-02  0.095929  11567.2321  2.058721e+04  5.922900e+04  1.626614e+56  2.176751e+57  6.852888e-06  4.487699e+110  +1  +1  0
13.6887  210.2287  196.8731  8.4062  13.6887  0.491155  0.150191  0.340964  8.059455  7.650309  8.059455  0.694208  9.001071e-02  1.043297e-01  9.971612e-02  0.102866  11606.7594  2.371808e+04  5.540798e+04  1.867076e+56  2.035518e+57  -8.178747e-06  4.612045e+110  -1  +1  0
13.6887  217.1631  196.8731  9.5277  13.6887  0.490726  0.171922  0.318804  7.876391  7.835891  7.876391  0.649658  9.202245e-02  1.070491e-01  1.067339e-01  0.113087  11424.9049  2.731344e+04  5.187572e+04  2.142123e+56  1.904932e+57  -6.042662e-06  4.689319e+110  -1  +1  0
13.6887  224.3537  196.8731  10.7988  13.6887  0.495436  0.196572  0.298864  8.034253  8.034253  7.703912  0.603234  9.108013e-02  1.057728e-01  1.057743e-01  0.104561  11121.3748  3.143357e+04  4.869359e+04  2.455986e+56  1.787329e+57  5.163827e-06  4.731057e+110  +1  +1  0
13.6887  231.8138  196.8731  12.2395  13.6887  0.505887  0.224525  0.281362  8.264161  8.264161  7.546334  0.556175  9.041414e-02  1.048734e-01  1.048748e-01  0.095378  10523.9087  3.615881e+04  4.588393e+04  2.814394e+56  1.683593e+57  5.506458e-06  4.780732e+110  +1  +1  0
13.6887  239.5612  196.8731  13.8724  13.6887  0.522637  0.256586  0.266050  8.527034  8.527034  7.403802  0.509054  9.052809e-02  1.050271e-01  1.050284e-01  0.089199  9780.2848  4.163230e+04  4.340905e+04  3.228105e+56  1.592353e+57  5.604173e-06  4.902271e+110  +1  +1  0
13.6887  247.6067  196.8731  15.7232  13.6887  0.546353  0.294058  0.252294  8.817815  8.817815  7.271756  0.461779  9.151534e-02  1.063617e-01  1.063627e-01  0.085900  8921.3484  4.808250e+04  4.117134e+04  3.715118e+56  1.509969e+57  5.634773e-06  5.103986e+110  +1  +1  0
13.6887  255.9695  196.8731  17.8208  13.6887  0.577852  0.338244  0.239609  9.130259  9.130259  7.146243  0.414654  9.347929e-02  1.090309e-01  1.090319e-01  0.084845  7924.2127  5.574128e+04  3.909649e+04  4.292281e+56  1.433669e+57  5.633635e-06  5.352042e+110  +1  +1  0
13.6887  264.6662  196.8731  20.1984  13.6887  0.617977  0.390340  0.227637  9.457384  9.457384  7.024213  0.368359  9.651236e-02  1.131915e-01  1.131925e-01  0.085875  6836.9636  6.484191e+04  3.713028e+04  4.975314e+56  1.361430e+57  5.608310e-06  5.627045e+110  +1  +1  0
13.6887  273.7197  196.8731  22.8931  13.6887  0.667533  0.451467  0.216065  9.791945  9.791945  6.902339  0.323677  1.006897e-01  1.189992e-01  1.190000e-01  0.088410  5694.8505  7.561367e+04  3.522562e+04  5.780019e+56  1.291482e+57  5.564905e-06  5.894077e+110  +1  +1  0
13.6887  283.1505  196.8731  25.9473  13.6887  0.727122  0.522314  0.204807  10.126760  10.126760  6.779683  0.281669  1.060518e-01  1.265889e-01  1.265896e-01  0.091267  4535.5600  8.823326e+04  3.336989e+04  6.717374e+56  1.223355e+57  5.504344e-06  6.114316e+110  +1  +1  0
13.6887  292.9824  196.8731  29.4090  13.6887  0.797013  0.603197  0.193816  10.455686  10.455686  6.655641  0.243178  1.125887e-01  1.360537e-01  1.360544e-01  0.094684  3489.0708  1.028320e+05  3.155610e+04  7.794343e+56  1.156785e+57  5.569911e-06  5.717722e+110  +1  +1  0
13.6887  548.6687  196.8731  33.3326  13.6887  0.820171  0.646967  0.173204  10.644604  10.644604  6.419626  0.211180  1.138037e-01  1.378393e-01  1.378400e-01  0.098228  3430.5479  1.104441e+05  2.807684e+04  8.360475e+56  1.030592e+57  5.534109e-06  2.111878e+110  +1  +1  1
13.6887  553.1161  196.8731  37.7796  13.6887  0.840092  0.688440  0.151652  10.783329  10.783329  6.147893  0.180519  1.150683e-01  1.397068e-01  1.397074e-01  0.101094  3340.8499  1.176453e+05  2.451540e+04  8.888570e+56  9.006164e+56  5.396253e-06  1.864561e+110  +1  +1  1
13.6887  558.1558  196.8731  42.8198  13.6887  0.867404  0.735177  0.132228  10.895247  10.895247  5.875650  0.152441  1.175888e-01  1.434567e-01  1.434573e-01  0.102890  3051.0631  1.259658e+05  2.136086e+04  9.487863e+56  7.848596e+56  5.237733e-06  2.165242e+110  +1  +1  1
13.6887  563.8691  196.8731  48.5326  13.6887  0.901445  0.785680  0.115766  10.975592  10.975592  5.619419  0.128422  1.213090e-01  1.490594e-01  1.490599e-01  0.103112  2616.6975  1.351828e+05  1.872180e+04  1.013985e+57  6.876107e+56  5.121750e-06  2.317495e+110  +1  +1  1
13.6887  570.3441  196.8731  55.0074  13.6887  0.941244  0.838564  0.102679  11.022500  11.022500  5.394682  0.109089  1.261257e-01  1.564376e-01  1.564380e-01  0.101744  2125.2052  1.451318e+05  1.664112e+04  1.082969e+57  6.107084e+56  4.990756e-06  2.349590e+110  +1  +1  1
13.6887  577.6823  196.8731  62.3461  13.6887  0.986034  0.893099  0.092935  11.038807  11.038807  5.212528  0.094251  1.319324e-01  1.655239e-01  1.655243e-01  0.098825  1648.2382  1.557966e+05  1.509357e+04  1.155383e+57  5.534352e+56  4.863831e-06  2.250334e+110  +1  +1  1
13.6887  586.0010  196.8731  70.6639  13.6887  1.035522  0.949381  0.086141  11.030728  11.030728  5.077451  0.083186  1.386554e-01  1.763165e-01  1.763168e-01  0.094637  1231.0867  1.671804e+05  1.400112e+04  1.231066e+57  5.130751e+56  4.726907e-06  2.116721e+110  +1  +1  1
13.6887  595.4279  196.8731  80.0914  13.6887  1.089813  1.008357  0.081456  11.006101  11.006101  4.982670  0.074743  1.462514e-01  1.888790e-01  1.888793e-01  0.089712  893.8345  1.796755e+05  1.322228e+04  1.312582e+57  4.844878e+56  4.590107e-06  1.967038e+110  +1  +1  1
13.6887  606.1136  196.8731  90.7766  13.6887  1.149514  1.072577  0.076937  10.972125  10.972125  4.888837  0.066930  1.547408e-01  2.034066e-01  2.034069e-01  0.084384  634.0794  1.935780e+05  1.246659e+04  1.401757e+57  4.567963e+56  4.480927e-06  1.813632e+110  +1  +1  1
13.6887  618.2249  196.8731  102.8874  13.6887  1.215259  1.142961  0.072299  10.934759  10.934759  4.788629  0.059492  1.641502e-01  2.201479e-01  2.201481e-01  0.078835  440.9837  2.092502e+05  1.169344e+04  1.500821e+57  4.284653e+56  4.325333e-06  1.700856e+110  +1  +1  1
13.6887  631.9498  196.8731  116.6139  13.6887  1.287033  1.219454  0.067580  10.898622  10.898622  4.682167  0.052508  1.744214e-01  2.392448e-01  2.392451e-01  0.073305  302.7193  2.270196e+05  1.090935e+04  1.611599e+57  3.997339e+56  4.213592e-06  1.543604e+110  +1  +1  1
13.6887  647.5096  196.8731  132.1717  13.6887  1.364122  1.301300  0.062822  10.866443  10.866443  4.569674  0.046053  1.854160e-01  2.607144e-01  2.607147e-01  0.067888  206.5216  2.461594e+05  1.012140e+04  1.728601e+57  3.708609e+56  4.073152e-06  1.373473e+110  +1  +1  1
13.6887  665.1426  196.8731  149.8051  13.6887  1.445247  1.387178  0.058069  10.838897  10.838897  4.451470  0.040179  1.969421e-01  2.844647e-01  2.844650e-01  0.062567  140.7869  2.675873e+05  9.336960e+03  1.857717e+57  3.421167e+56  3.882389e-06  1.203526e+110  +1  +1  1
13.6887  685.1283  196.8731  169.7911  13.6887  1.528756  1.475390  0.053366  10.815209  10.815209  4.327975  0.034908  2.087781e-01  3.103067e-01  3.103070e-01  0.057452  96.5586  2.901516e+05  8.563462e+03  1.990472e+57  3.137736e+56  3.726368e-06  1.016739e+110  +1  +1  1
13.6887  707.7821  196.8731  192.4434  13.6887  1.612823  1.564066  0.048758  10.793584  10.793584  4.199702  0.030231  2.207002e-01  3.379802e-01  3.379805e-01  0.052530  66.8812  3.141733e+05  7.808133e+03  2.128652e+57  2.860966e+56  3.556028e-06  8.301636e+109  +1  +1  1
13.6887  733.4544  196.8731  218.1178  13.6887  1.695622  1.651337  0.044286  10.771922  10.771922  4.067244  0.026118  2.324971e-01  3.671645e-01  3.671648e-01  0.047844  46.9516  3.385755e+05  7.077723e+03  2.264351e+57  2.593328e+56  3.385249e-06  6.594666e+109  +1  +1  1
13.6887  762.5564  196.8731  247.2176  13.6887  1.775453  1.735464  0.039989  10.747954  10.747954  3.931270  0.022523  2.439860e-01  3.975044e-01  3.975047e-01  0.043407  33.4691  3.636943e+05  6.378272e+03  2.399697e+57  2.337035e+56  3.212645e-06  5.109777e+109  +1  +1  1
13.6887  795.5386  196.8731  280.1996  13.6887  1.850839  1.814938  0.035900  10.719701  10.719701  3.792497  0.019397  2.550160e-01  4.286182e-01  4.286184e-01  0.039261  24.2678  3.882335e+05  5.714912e+03  2.525526e+57  2.093969e+56  2.993341e-06  3.843631e+109  +1  +1  1
13.6887  832.9189  196.8731  317.5819  13.6887  1.920575  1.888528  0.032046  10.685619  10.685619  3.651682  0.016686  2.654686e-01  4.601063e-01  4.601066e-01  0.035422  17.9109  4.135540e+05  5.091731e+03  2.651332e+57  1.865626e+56  2.766085e-06  2.883165e+109  +1  +1  1
13.6887  875.2916  196.8731  359.9514  13.6887  1.983746  1.955298  0.028448  10.644397  10.644397  3.509597  0.014341  2.752622e-01  4.915815e-01  4.915817e-01  0.031916  13.4641  4.374290e+05  4.511697e+03  2.761807e+57  1.653094e+56  2.550161e-06  2.064117e+109  +1  +1  1
13.6887  923.3117  196.8731  407.9736  13.6887  2.039721  2.014602  0.025119  10.595448  10.595448  3.367011  0.012315  2.843367e-01  5.226389e-01  5.226391e-01  0.028735  10.3076  4.614092e+05  3.976648e+03  2.867995e+57  1.457046e+56  2.334226e-06  1.437232e+109  +1  +1  1
13.6887  977.7420  196.8731  462.4025  13.6887  2.088141  2.066076  0.022065  10.538308  10.538308  3.224674  0.010567  2.926648e-01  5.529180e-01  5.529182e-01  0.025885  8.0371  4.830786e+05  3.487335e+03  2.953480e+57  1.277758e+56  2.122403e-06  9.266617e+108  +1  +1  1
13.6887  1039.4339  196.8731  524.0930  13.6887  2.128870  2.109582  0.019287  10.472914  10.472914  3.083301  0.009060  3.002363e-01  5.820736e-01  5.820737e-01  0.023349  6.3805  5.042818e+05  3.043521e+03  3.031711e+57  1.115142e+56  1.847486e-06  6.117518e+108  +1  +1  1
13.6887  1109.3497  196.8731  594.0138  13.6887  2.161976  2.145195  0.016781  10.399551  10.399551  2.943554  0.007762  3.070563e-01  6.097916e-01  6.097917e-01  0.021107  5.1553  5.236780e+05  2.644109e+03  3.093965e+57  9.687951e+55  1.576721e-06  3.844191e+108  +1  +1  1
13.6887  1188.6046  196.8731  673.2629  13.6887  2.187686  2.173149  0.014537  10.318687  10.318687  2.806039  0.006645  3.131426e-01  6.357989e-01  6.357990e-01  0.019132  4.2360  5.421624e+05  2.287296e+03  3.147208e+57  8.380574e+55  1.284017e-06  2.286288e+108  +1  +1  1
13.6887  1278.4252  196.8731  763.0849  13.6887  2.206350  2.193808  0.012541  10.230967  10.230967  2.671294  0.005684  3.185219e-01  6.598654e-01  6.598655e-01  0.017402  3.5384  5.584934e+05  1.970731e+03  3.183506e+57  7.220675e+55  9.801336e-07  1.152801e+108  +1  +1  1
13.6887  1380.2298  196.8731  864.8903  13.6887  2.218403  2.207625  0.010778  10.137241  10.137241  2.539779  0.004859  3.232231e-01  6.817919e-01  6.817929e-01  0.015897  3.0040  5.737013e+05  1.691670e+03  3.210893e+57  6.198192e+55  6.262110e-07  4.952374e+107  +1  +1  1
13.6887  1495.6207  196.8731  980.2778  13.6887  2.224362  2.215131  0.009231  10.038245  10.038245  2.411904  0.004150  3.272874e-01  7.014649e-01  7.014650e-01  0.014586  2.5894  5.865312e+05  1.447150e+03  3.221255e+57  5.302274e+55  2.428634e-07  7.931630e+106  +1  +1  1
13.6887  1626.3973  196.8731  1111.0596  13.6887  2.224757  2.216877  0.007880  9.934871  9.934871  2.287975  0.003542  3.307516e-01  7.187895e-01  7.187896e-01  0.013459  2.2668  5.981024e+05  1.234056e+03  3.223251e+57  4.521502e+55  -2.256330e-07  -8.591199e+106  -1  -1  1
13.6887  1774.6318  196.8731  1259.2893  13.6887  2.220150  2.213444  0.006706  9.828061  9.828061  2.168251  0.003021  3.336539e-01  7.337188e-01  7.337189e-01  0.012488  2.0134  6.083711e+05  1.049291e+03  3.217315e+57  3.844529e+55  -8.552562e-07  -2.307585e+107  -1  -1  1
13.6887  1942.6373  196.8731  1427.2948  13.6887  2.211109  2.205418  0.005692  9.718751  9.718751  2.052919  0.002574  3.360326e-01  7.462492e-01  7.462493e-01  0.011651  1.8128  6.163074e+05  8.898286e+02  3.196821e+57  3.260264e+55  -1.609122e-06  -2.760682e+107  -1  -1  1
13.6887  2133.0527  196.8731  1617.7144  13.6887  2.198186  2.193367  0.004819  9.607879  9.607879  1.942108  0.002192  3.379236e-01  7.564065e-01  7.564066e-01  0.010930  1.6536  6.229607e+05  7.527828e+02  3.169699e+57  2.758135e+55  -2.564191e-06  -2.526540e+107  -1  -1  1
13.6887  2348.8827  196.8731  1833.5384  13.6887  2.181919  2.177849  0.004071  9.496422  9.496422  1.835894  0.001866  3.393597e-01  7.642403e-01  7.642404e-01  0.010314  1.5277  6.284271e+05  6.354530e+02  3.137180e+57  2.328245e+55  -3.861075e-06  -2.167873e+107  -1  -1  1
13.6887  2593.4963  196.8731  2078.1562  13.6887  2.162818  2.159386  0.003431  9.385115  9.385115  1.734305  0.001587  3.403784e-01  7.698609e-01  7.698610e-01  0.009787  1.4281  6.327622e+05  5.353507e+02  3.100119e+57  1.961477e+55  -7.964702e-06  -1.925518e+107  -1  -1  1
13.6887  2870.7514  196.8731  2355.4091  13.6887  2.141370  2.138483  0.002887  9.274847  9.274847  1.637329  0.001348  3.410096e-01  7.733708e-01  7.733708e-01  0.009340  1.3503  6.350454e+05  4.502140e+02  3.052478e+57  1.649542e+55  -1.581181e-05  -1.666024e+107  -1  -1  1
13.6887  3184.9955  196.8731  2669.6512  13.6887  2.118027  2.115601  0.002426  9.166397  9.166397  1.544919  0.001145  3.412828e-01  7.748966e-01  7.748967e-01  0.008964  1.2908  6.363355e+05  3.780094e+02  3.001796e+57  1.384990e+55  -5.953282e-05  -1.294160e+107  -1  -1  1
13.6887  3541.1532  196.8731  3025.8172  13.6887  2.093217  2.091182  0.002035  9.060519  9.060519  1.456998  0.000972  3.412265e-01  7.745816e-01  7.745816e-01  0.008650  1.2466  6.367455e+05  3.169281e+02  2.949140e+57  1.161193e+55  -5.010434e-04  -1.014814e+107  -1  -1  1
13.6887  3944.8452  196.8731  3429.5004  13.6887  2.067322  2.065618  0.001704  8.957771  8.957771  1.373464  0.000824  3.408709e-01  7.725976e-01  7.725979e-01  0.008391  1.2156  6.363440e+05  2.653725e+02  2.895137e+57  9.722974e+54  4.755330e-05  -7.624222e+106  +1  -1  1
13.6887  4402.3826  196.8731  3887.0401  13.6887  2.040705  2.039279  0.001426  8.858767  8.858767  1.294208  0.000699  3.402426e-01  7.691086e-01  7.691086e-01  0.008181  1.1961  6.352143e+05  2.219494e+02  2.840432e+57  8.131995e+54  1.963979e-05  -5.513308e+106  +1  -1  1
13.6887  4920.9625  196.8731  4405.6215  13.6887  2.013693  2.012501  0.001192  8.764055  8.764055  1.219087  0.000592  3.393671e-01  7.642807e-01  7.642808e-01  0.008016  1.1872  6.334430e+05  1.854392e+02  2.785646e+57  6.794296e+54  1.344353e-05  -4.049778e+106  +1  -1  1
13.6887  5508.7341  196.8731  4993.3885  13.6887  1.986581  1.985586  0.000995  8.674092  8.674092  1.147961  0.000501  3.382704e-01  7.582888e-01  7.582888e-01  0.007889  1.1874  6.311133e+05  1.547926e+02  2.731314e+57  5.671432e+54  9.901840e-06  -3.072122e+106  +1  -1  1
13.6887  6174.9095  196.8731  5659.5711  13.6887  1.959642  1.958812  0.000830  8.589357  8.589357  1.080677  0.000424  3.369751e-01  7.512898e-01  7.512898e-01  0.007799  1.1966  6.275409e+05  1.291048e+02  2.672578e+57  4.730257e+54  7.913408e-06  -2.238649e+106  +1  -1  1
13.6887  6929.9756  196.8731  6414.6311  13.6887  1.933116  1.932424  0.000692  8.510043  8.510043  1.017080  0.000358  3.355118e-01  7.434824e-01  7.434824e-01  0.007739  1.2136  6.243635e+05  1.076015e+02  2.620711e+57  3.942397e+54  7.358341e-06  -1.573932e+106  +1  -1  1
13.6887  7785.7703  196.8731  7270.4259  13.6887  1.907224  1.906648  0.000577  8.436591  8.436591  0.957010  0.000302  3.339000e-01  7.350028e-01  7.350028e-01  0.007708  1.2382  6.201533e+05  8.962155e+01  2.565601e+57  3.283632e+54  6.450539e-06  -1.126837e+106  +1  -1  1
13.6887  8755.7337  196.8731  8240.3948  13.6887  1.882161  1.881681  0.000480  8.369178  8.369178  0.900308  0.000255  3.321664e-01  7.260187e-01  7.260187e-01  0.007702  1.2698  6.164488e+05  7.460301e+01  2.517773e+57  2.733369e+54  6.075685e-06  -7.793088e+105  +1  -1  1
13.6887  9855.1162  196.8731  9339.7702  13.6887  1.858090  1.857691  0.000399  8.307825  8.307825  0.846816  0.000215  3.303400e-01  7.167034e-01  7.167034e-01  0.007717  1.3079  6.118856e+05  6.206953e+01  2.467514e+57  2.274156e+54  5.104894e-06  -5.734161e+105  +1  -1  1
13.6887  11101.1575  196.8731  10585.8164  13.6887  1.835172  1.834840  0.000332  8.252841  8.252841  0.796376  0.000181  3.284391e-01  7.071664e-01  7.071664e-01  0.007752  1.3522  6.072635e+05  5.161829e+01  2.420128e+57  1.891234e+54  4.805015e-06  -3.957433e+105  +1  -1  1
13.6887  12513.4446  196.8731  11998.1012  13.6887  1.813527  1.813251  0.000276  8.204096  8.204096  0.748837  0.000152  3.264938e-01  6.975693e-01  6.975693e-01  0.007802  1.4020  6.026299e+05  4.290956e+01  2.375704e+57  1.572156e+54  4.903562e-06  -2.590871e+105  +1  -1  1
13.6887  14114.1489  196.8731  13598.8032  13.6887  1.793269  1.793039  0.000230  8.161627  8.161627  0.704048  0.000128  3.245266e-01  6.880269e-01  6.880269e-01  0.007866  1.4568  5.986723e+05  3.565742e+01  2.338790e+57  1.306446e+54  4.667973e-06  -1.729997e+105  +1  -1  1
13.6887  15928.3955  196.8731  15413.0595  13.6887  1.774485  1.774294  0.000191  8.125316  8.125316  0.661866  0.000107  3.225623e-01  6.786573e-01  6.786573e-01  0.007939  1.5156  5.941692e+05  2.962165e+01  2.300614e+57  1.085302e+54  4.055074e-06  -1.243956e+105  +1  -1  1
13.6887  17984.7070  196.8731  17469.3612  13.6887  1.757245  1.757087  0.000158  8.095030  8.095030  0.622150  0.000090  3.206236e-01  6.695612e-01  6.695612e-01  0.008018  1.5775  5.898074e+05  2.460067e+01  2.265701e+57  9.013391e+53  3.836857e-06  -8.311588e+104  +1  -1  1
13.6887  20310.1824  196.8731  19794.8396  13.6887  1.741628  1.741497  0.000132  8.070517  8.070517  0.584844  0.000076  3.187393e-01  6.608608e-01  6.608608e-01  0.008099  1.6412  5.856252e+05  2.043366e+01  2.234061e+57  7.486649e+53  3.730506e-06  -6.101756e+104  +1  -1  1

18.7382  103.0404  205.3491  1.0000  18.7382  0.983429  0.013368  0.970061  11.307614  5.300322  11.307614  0.986406  1.284558e-01  1.600582e-01  3.675602e-02  0.078431  1494.9435  2.009913e+03  1.621557e+05  1.689058e+55  5.899652e+57  5.583654e-06  1.158772e+110  +1  +1  0
18.7382  107.6573  205.3491  1.1334  18.7382  0.973747  0.015464  0.958284  11.263804  5.393934  11.263804  0.984120  1.276858e-01  1.588580e-01  3.850995e-02  0.078476  1541.4578  2.328012e+03  1.601036e+05  1.951927e+55  5.826090e+57  5.589071e-06  1.128717e+110  +1  +1  0
18.7382  113.1115  205.3491  1.2846  18.7382  0.963174  0.017841  0.945333  11.215099  5.490685  11.215099  0.981477  1.268478e-01  1.575560e-01  4.039215e-02  0.078515  1593.8358  2.689775e+03  1.578520e+05  2.247438e+55  5.745305e+57  5.602425e-06  1.111061e+110  +1  +1  0
18.7382  119.1072  205.3491  1.4560  18.7382  0.951627  0.020553  0.931074  11.160841  5.590902  11.160841  0.978402  1.259364e-01  1.561450e-01  4.242122e-02  0.078536  1652.8095  3.103540e+03  1.553802e+05  2.582825e+55  5.656533e+57  5.618405e-06  1.211168e+110  +1  +1  0
18.7382  125.0167  205.3491  1.6503  18.7382  0.939045  0.023645  0.915399  11.100415  5.694487  11.100415  0.974820  1.249478e-01  1.546202e-01  4.460770e-02  0.078563  1719.8320  3.576520e+03  1.526711e+05  2.963879e+55  5.559142e+57  5.633931e-06  1.302067e+110  +1  +1  0
18.7382  131.6026  205.3491  1.8704  18.7382  0.925357  0.027170  0.898187  11.033057  5.801490  11.033057  0.970638  1.238782e-01  1.529773e-01  4.696600e-02  0.078570  1795.5160  4.117194e+03  1.497042e+05  3.397206e+55  5.452360e+57  5.652944e-06  1.428717e+110  +1  +1  0
18.7382  137.9494  205.3491  2.1200  18.7382  0.910543  0.031187  0.879356  10.958241  5.911951  10.958241  0.965749  1.227273e-01  1.512174e-01  4.951141e-02  0.078562  1881.1065  4.735220e+03  1.464714e+05  3.890279e+55  5.335881e+57  5.669645e-06  1.280115e+110  +1  +1  0
18.7382  152.7256  205.3491  2.4028  18.7382  0.894801  0.035428  0.859374  10.877586  6.016542  10.877586  0.960407  1.214999e-01  1.493491e-01  5.203974e-02  0.078548  1977.7297  5.389592e+03  1.430427e+05  4.410082e+55  5.212301e+57  5.685139e-06  1.961668e+110  +1  +1  0
18.7382  157.6382  205.3491  2.7234  18.7382  0.877733  0.040317  0.837416  10.787213  6.124442  10.787213  0.954067  1.201807e-01  1.473515e-01  5.479097e-02  0.078517  2087.8442  6.146429e+03  1.392898e+05  5.008890e+55  5.076848e+57  5.709867e-06  2.517663e+110  +1  +1  0
18.7382  162.7167  205.3491  3.0867  18.7382  0.859317  0.046047  0.813270  10.685587  6.239368  10.685587  0.946414  1.187782e-01  1.452391e-01  5.786581e-02  0.078442  2211.9241  7.036788e+03  1.351821e+05  5.710976e+55  4.928353e+57  5.739486e-06  2.818304e+110  +1  +1  0
18.7382  167.9681  205.3491  3.4985  18.7382  0.839667  0.052724  0.786943  10.572058  6.361611  10.572058  0.937209  1.173085e-01  1.430377e-01  6.129300e-02  0.078334  2350.7846  8.078598e+03  1.307265e+05  6.529916e+55  4.767020e+57  5.768105e-06  3.132280e+110  +1  +1  0
18.7382  173.4000  205.3491  3.9652  18.7382  0.818870  0.060472  0.758398  10.445397  6.491320  10.445397  0.926152  1.157901e-01  1.407769e-01  6.510493e-02  0.078187  2504.3080  9.293353e+03  1.259140e+05  7.481872e+55  4.592475e+57  5.799894e-06  3.459394e+110  +1  +1  0
18.7382  179.0190  205.3491  4.4943  18.7382  0.797195  0.069434  0.727762  10.305338  6.628647  10.305338  0.912902  1.142574e-01  1.385082e-01  6.933709e-02  0.078028  2671.4016  1.070619e+04  1.207769e+05  8.585642e+55  4.405853e+57  5.837682e-06  3.796457e+110  +1  +1  0
18.7382  184.8335  205.3491  5.0939  18.7382  0.774927  0.079771  0.695156  10.151143  6.773669  10.151143  0.897060  1.127529e-01  1.362945e-01  7.402815e-02  0.077888  2849.3028  1.234545e+04  1.153350e+05  9.862300e+55  4.207832e+57  5.877238e-06  4.138001e+110  +1  +1  0
18.7382  190.8524  205.3491  5.7734  18.7382  0.752488  0.091664  0.660825  9.982663  6.926377  9.982663  0.878186  1.113358e-01  1.342212e-01  7.921833e-02  0.077823  3032.8003  1.424368e+04  1.096326e+05  1.133591e+56  3.999987e+57  5.922377e-06  4.476317e+110  +1  +1  0
18.7382  197.0844  205.3491  6.5437  18.7382  0.730423  0.105310  0.625113  9.800140  7.086712  9.800140  0.855824  1.100838e-01  1.323988e-01  8.495060e-02  0.077944  3214.1952  1.643757e+04  1.037275e+05  1.303325e+56  3.784412e+57  5.976657e-06  4.800052e+110  +1  +1  0
18.7382  203.5396  205.3491  7.4167  18.7382  0.709421  0.120926  0.588494  9.604612  7.254587  9.604612  0.829542  1.090952e-01  1.309659e-01  9.126987e-02  0.078419  3382.9869  1.896831e+04  9.769979e+04  1.498431e+56  3.564027e+57  6.045932e-06  5.102936e+110  +1  +1  0
18.7382  210.2287  205.3491  8.4062  18.7382  0.690311  0.138752  0.551560  9.397860  7.429825  9.397860  0.799001  1.084919e-01  1.300942e-01  9.822094e-02  0.079499  3526.0009  2.188241e+04  9.164370e+04  1.722262e+56  3.342293e+57  6.143875e-06  5.368545e+110  +1  +1  0
18.7382  217.1631  205.3491  9.5277  18.7382  0.674045  0.159042  0.515003  9.182763  7.612212  9.182763  0.764049  1.084169e-01  1.299860e-01  1.058467e-01  0.081563  3630.0883  2.523076e+04  8.566993e+04  1.978401e+56  3.123302e+57  6.317937e-06  5.585344e+110  +1  +1  0
18.7382  224.3537  205.3491  10.7988  18.7382  0.661655  0.182071  0.479584  8.963234  7.793634  8.963234  0.724825  1.090307e-01  1.308725e-01  1.140755e-01  0.085114  3682.7027  2.907141e+04  7.989581e+04  2.270946e+56  2.911420e+57  6.807055e-06  5.745451e+110  +1  +1  0
18.7382  231.8138  205.3491  12.2395  18.7382  0.654198  0.208132  0.446066  8.744232  7.977382  8.744232  0.681852  1.105018e-01  1.330061e-01  1.229781e-01  0.090791  3673.7201  3.346757e+04  7.443830e+04  2.604257e+56  2.711026e+57  8.894030e-05  5.839233e+110  +1  +1  0
18.7382  239.5612  205.3491  13.8724  18.7382  0.652673  0.237533  0.415140  8.531390  8.168335  8.531390  0.636062  1.129945e-01  1.366492e-01  1.325809e-01  0.099318  3594.6117  3.848865e+04  6.940032e+04  2.983062e+56  2.526004e+57  9.148635e-05  5.865557e+110  +1  +1  0
18.7382  247.6067  205.3491  15.7232  18.7382  0.657947  0.270597  0.387350  8.367038  8.367038  8.330489  0.588725  1.161450e-01  1.413042e-01  1.413065e-01  0.111026  3502.1042  4.421054e+04  6.486325e+04  3.412430e+56  2.359464e+57  4.653736e-06  5.835951e+110  +1  +1  0
18.7382  255.9695  205.3491  17.8208  18.7382  0.670705  0.307689  0.363016  8.592158  8.592158  8.146835  0.541246  1.152951e-01  1.400427e-01  1.400446e-01  0.099612  3259.6079  5.072488e+04  6.085900e+04  3.898503e+56  2.212687e+57  5.152705e-06  5.795155e+110  +1  +1  0
18.7382  264.6662  205.3491  20.1984  18.7382  0.691478  0.349592  0.341886  8.852254  8.852254  7.981732  0.494427  1.153736e-01  1.401591e-01  1.401607e-01  0.092405  3013.4958  5.818493e+04  5.734622e+04  4.452287e+56  2.084212e+57  5.289445e-06  5.827875e+110  +1  +1  0
18.7382  273.7197  205.3491  22.8931  18.7382  0.720886  0.397946  0.322940  9.141116  9.141116  7.828935  0.447976  1.164794e-01  1.418016e-01  1.418031e-01  0.087816  2730.4772  6.688413e+04  5.416780e+04  5.096438e+56  1.968196e+57  5.334033e-06  5.950531e+110  +1  +1  0
18.7382  283.1505  205.3491  25.9473  18.7382  0.759727  0.454328  0.305399  9.451834  9.451834  7.682897  0.401985  1.187198e-01  1.451513e-01  1.451526e-01  0.085539  2418.0090  7.711579e+04  5.120479e+04  5.851261e+56  1.860206e+57  5.336043e-06  6.121507e+110  +1  +1  0
18.7382  292.9824  205.3491  29.4090  18.7382  0.808817  0.520139  0.288678  9.777144  9.777144  7.538878  0.356913  1.221856e-01  1.503917e-01  1.503929e-01  0.084750  2074.6695  8.916777e+04  4.836909e+04  6.735996e+56  1.756945e+57  5.498138e-06  5.665366e+110  +1  +1  0
18.7382  548.6687  205.3491  33.3326  18.7382  0.816732  0.552780  0.263951  9.947339  9.947339  7.325822  0.323180  1.212702e-01  1.490006e-01  1.490017e-01  0.085738  2179.2828  9.493963e+04  4.402977e+04  7.162387e+56  1.601462e+57  5.363166e-06  2.504916e+110  +1  +1  1
18.7382  553.1161  205.3491  37.7796  18.7382  0.822275  0.585200  0.237075  10.083257  10.083257  7.075586  0.288316  1.204475e-01  1.477546e-01  1.477557e-01  0.086788  2282.3305  1.006166e+05  3.940983e+04  7.576259e+56  1.434916e+57  5.218646e-06  2.315612e+110  +1  +1  1
18.7382  558.1558  205.3491  42.8198  18.7382  0.836501  0.625434  0.211066  10.215908  10.215908  6.810929  0.252321  1.209403e-01  1.485005e-01  1.485014e-01  0.087839  2263.2851  1.077652e+05  3.502214e+04  8.090860e+56  1.275781e+57  5.166178e-06  2.708758e+110  +1  +1  1
18.7382  563.8691  205.3491  48.5326  18.7382  0.860216  0.673130  0.187086  10.339313  10.339313  6.543383  0.217487  1.228845e-01  1.514573e-01  1.514581e-01  0.088619  2108.3859  1.163218e+05  3.103623e+04  8.699642e+56  1.130513e+57  5.102170e-06  2.997964e+110  +1  +1  1
18.7382  570.3441  205.3491  55.0074  18.7382  0.893400  0.727385  0.166015  10.446431  10.446431  6.285526  0.185824  1.263164e-01  1.567326e-01  1.567334e-01  0.088768  1840.2020  1.264529e+05  2.757365e+04  9.410781e+56  1.003830e+57  4.996313e-06  3.104699e+110  +1  +1  1
18.7382  577.6823  205.3491  62.3461  18.7382  0.935424  0.787042  0.148383  10.532608  10.532608  6.049700  0.158626  1.311760e-01  1.643282e-01  1.643288e-01  0.087936  1509.3968  1.376991e+05  2.469641e+04  1.018879e+57  8.982733e+56  4.931157e-06  3.023929e+110  +1  +1  1
18.7382  586.0010  205.3491  70.6639  18.7382  0.985221  0.850922  0.134299  10.596009  10.596009  5.845648  0.136313  1.373324e-01  1.741690e-01  1.741695e-01  0.085982  1173.4179  1.503274e+05  2.239992e+04  1.104831e+57  8.139220e+56  4.821168e-06  2.836968e+110  +1  +1  1
18.7382  595.4279  205.3491  80.0914  18.7382  1.041788  0.918267  0.123521  10.638610  10.638610  5.679036  0.118566  1.446359e-01  1.861736e-01  1.861741e-01  0.082960  873.7722  1.638312e+05  2.062531e+04  1.195065e+57  7.488229e+56  4.735775e-06  2.560811e+110  +1  +1  1
18.7382  606.1136  205.3491  90.7766  18.7382  1.104272  0.988727  0.115545  10.664592  10.664592  5.550954  0.104635  1.529374e-01  2.002759e-01  2.002763e-01  0.079089  630.1694  1.786596e+05  1.927572e+04  1.292382e+57  6.995784e+56  4.565489e-06  2.337423e+110  +1  +1  1
18.7382  618.2249  205.3491  102.8874  18.7382  1.172123  1.063348  0.108775  10.678812  10.678812  5.440464  0.092802  1.621183e-01  2.164735e-01  2.164739e-01  0.074906  445.9272  1.949553e+05  1.810265e+04  1.397436e+57  6.570000e+56  4.425713e-06  2.098600e+110  +1  +1  1
18.7382  631.9498  205.3491  116.6139  18.7382  1.245286  1.143417  0.101869  10.685543  10.685543  5.322933  0.081804  1.721291e-01  2.349050e-01  2.349055e-01  0.070432  310.7477  2.129351e+05  1.691099e+04  1.511345e+57  6.137477e+56  4.270652e-06  1.888825e+110  +1  +1  1
18.7382  647.5096  205.3491  132.1717  18.7382  1.323396  1.228513  0.094883  10.688176  10.688176  5.198490  0.071696  1.828806e-01  2.556645e-01  2.556650e-01  0.065790  214.4021  2.328520e+05  1.571079e+04  1.635396e+57  5.701862e+56  4.110848e-06  1.683039e+110  +1  +1  1
18.7382  665.1426  205.3491  149.8051  18.7382  1.405535  1.317654  0.087880  10.688799  10.688799  5.067457  0.062524  1.942201e-01  2.787350e-01  2.787355e-01  0.061168  147.5565  2.543653e+05  1.451323e+04  1.766705e+57  5.267204e+56  3.962750e-06  1.451745e+110  +1  +1  1
18.7382  685.1283  205.3491  169.7911  18.7382  1.490319  1.409391  0.080928  10.688077  10.688077  4.930267  0.054302  2.059497e-01  3.039899e-01  3.039903e-01  0.056511  101.6804  2.774218e+05  1.332963e+04  1.904393e+57  4.837621e+56  3.833280e-06  1.214486e+110  +1  +1  1
18.7382  707.7821  205.3491  192.4434  18.7382  1.576068  1.501977  0.074092  10.685525  10.685525  4.787464  0.047010  2.178516e-01  3.312088e-01  3.312093e-01  0.051943  70.5722  3.012123e+05  1.217112e+04  2.042392e+57  4.417149e+56  3.639508e-06  1.002519e+110  +1  +1  1
18.7382  733.4544  205.3491  218.1178  18.7382  1.660978  1.593544  0.067435  10.679948  10.679948  4.639686  0.040599  2.297082e-01  3.600928e-01  3.600932e-01  0.047539  49.5543  3.267458e+05  1.104820e+04  2.187320e+57  4.009595e+56  3.418198e-06  8.185256e+109  +1  +1  1
18.7382  762.5564  205.3491  247.2176  18.7382  1.743295  1.682279  0.061016  10.669742  10.669742  4.487661  0.035000  2.413229e-01  3.902919e-01  3.902923e-01  0.043283  35.2563  3.523392e+05  9.970350e+03  2.327181e+57  3.618405e+56  3.299995e-06  6.182941e+109  +1  +1  1
18.7382  795.5386  205.3491  280.1996  18.7382  1.821445  1.766558  0.054887  10.653475  10.653475  4.332181  0.030134  2.525261e-01  4.214131e-01  4.214135e-01  0.039277  25.4985  3.774599e+05  8.945749e+03  2.458131e+57  3.246543e+56  3.084326e-06  4.725040e+109  +1  +1  1
18.7382  832.9189  205.3491  317.5819  18.7382  1.894096  1.845005  0.049091  10.629803  10.629803  4.174088  0.025918  2.631833e-01  4.530442e-01  4.530446e-01  0.035515  18.7510  4.033032e+05  7.981020e+03  2.588369e+57  2.896414e+56  2.807369e-06  3.612833e+109  +1  +1  1
18.7382  875.2916  205.3491  359.9514  18.7382  1.960215  1.916554  0.043662  10.597719  10.597719  4.014250  0.022274  2.731952e-01  4.847689e-01  4.847693e-01  0.032056  14.0429  4.287272e+05  7.081100e+03  2.710278e+57  2.569809e+56  2.639461e-06  2.553215e+109  +1  +1  1
18.7382  923.3117  205.3491  407.9736  18.7382  2.019079  1.980457  0.038622  10.556626  10.556626  3.853540  0.019129  2.824944e-01  5.161766e-01  5.161769e-01  0.028896  10.7076  4.523137e+05  6.249201e+03  2.814162e+57  2.267893e+56  2.426033e-06  1.734391e+109  +1  +1  1
18.7382  977.7420  205.3491  462.4025  18.7382  2.070243  2.036257  0.033986  10.506325  10.506325  3.692814  0.016416  2.910396e-01  5.468671e-01  5.468675e-01  0.026051  8.3170  4.756504e+05  5.486853e+03  2.911514e+57  1.991221e+56  2.154582e-06  1.222418e+109  +1  +1  1
18.7382  1039.4339  205.3491  524.0930  18.7382  2.113520  2.083762  0.029757  10.446900  10.446900  3.532895  0.014080  2.988137e-01  5.764702e-01  5.764704e-01  0.023509  6.5787  4.974542e+05  4.794043e+03  2.993966e+57  1.739787e+56  1.887944e-06  8.082705e+108  +1  +1  1
18.7382  1109.3497  205.3491  594.0138  18.7382  2.148943  2.123012  0.025931  10.378482  10.378482  3.374555  0.012067  3.058249e-01  6.046791e-01  6.046793e-01  0.021251  5.2956  5.185448e+05  4.169393e+03  3.067917e+57  1.513092e+56  1.657488e-06  4.990150e+108  +1  +1  1
18.7382  1188.6046  205.3491  673.2629  18.7382  2.176727  2.154230  0.022496  10.301887  10.301887  3.218500  0.010335  3.120820e-01  6.311761e-01  6.311763e-01  0.019262  4.3377  5.365224e+05  3.610394e+03  3.117388e+57  1.310224e+56  1.382975e-06  2.801276e+108  +1  +1  1
18.7382  1278.4252  205.3491  763.0849  18.7382  2.197215  2.177780  0.019435  10.217736  10.217736  3.065366  0.008845  3.176139e-01  6.557284e-01  6.557286e-01  0.017518  3.6132  5.545342e+05  3.113643e+03  3.165027e+57  1.129948e+56  1.056133e-06  1.563602e+108  +1  +1  1
18.7382  1380.2298  205.3491  864.8903  18.7382  2.210862  2.194138  0.016724  10.126905  10.126905  2.915707  0.007565  3.224530e-01  6.781407e-01  6.781409e-01  0.015993  3.0585  5.691243e+05  2.675090e+03  3.187626e+57  9.707928e+55  7.421878e-07  5.741282e+107  +1  +1  1
18.7382  1495.6207  205.3491  980.2778  18.7382  2.218179  2.203839  0.014339  10.030342  10.030342  2.769996  0.006464  3.266348e-01  6.982595e-01  6.982596e-01  0.014667  2.6299  5.835202e+05  2.290262e+03  3.208360e+57  8.311360e+55  3.100073e-07  2.217210e+107  +1  +1  1
18.7382  1626.3973  205.3491  1111.0596  18.7382  2.219734  2.207480  0.012254  9.928982  9.928982  2.628624  0.005520  3.302005e-01  7.159983e-01  7.159985e-01  0.013529  2.2977  5.955240e+05  1.954469e+03  3.212798e+57  7.092748e+55  -1.593570e-07  -2.026142e+107  -1  -1  1
18.7382  1774.6318  205.3491  1259.2893  18.7382  2.216109  2.205670  0.010439  9.823849  9.823849  2.491905  0.004710  3.331893e-01  7.313029e-01  7.313031e-01  0.012548  2.0372  6.050734e+05  1.662972e+03  3.201242e+57  6.034892e+55  -6.491732e-07  -3.104540e+107  -1  -1  1
18.7382  1942.6373  205.3491  1427.2948  18.7382  2.207884  2.199017  0.008868  9.715844  9.715844  2.360075  0.004016  3.356429e-01  7.441778e-01  7.441779e-01  0.011701  1.8312  6.144361e+05  1.411121e+03  3.190075e+57  5.120919e+55  -1.431845e-06  -2.837425e+107  -1  -1  1
18.7382  2133.0527  205.3491  1617.7144  18.7382  2.195636  2.188122  0.007514  9.605959  9.605959  2.233302  0.003422  3.375991e-01  7.546511e-01  7.546512e-01  0.010972  1.6680  6.213744e+05  1.194461e+03  3.164330e+57  4.334658e+55  -2.382262e-06  -3.153359e+107  -1  -1  1
18.7382  2348.8827  205.3491  1833.5384  18.7382  2.179924  2.173572  0.006352  9.495254  9.495254  2.111691  0.002914  3.390911e-01  7.627672e-01  7.627673e-01  0.010348  1.5389  6.270872e+05  1.008805e+03  3.132939e+57  3.660912e+55  -3.626531e-06  -2.716023e+107  -1  -1  1
18.7382  2593.4963  205.3491  2078.1562  18.7382  2.161277  2.155918  0.005358  9.384542  9.384542  1.995292  0.002479  3.401566e-01  7.686328e-01  7.686329e-01  0.009816  1.4370  6.316344e+05  8.502805e+02  3.096788e+57  3.085628e+55  -7.351120e-06  -2.477933e+107  -1  -1  1
18.7382  2870.7514  205.3491  2355.4091  18.7382  2.140196  2.135685  0.004511  9.274747  9.274747  1.884107  0.002108  3.408263e-01  7.723495e-01  7.723495e-01  0.009364  1.3574  6.341102e+05  7.153576e+02  3.049968e+57  2.595995e+55  -1.423897e-05  -2.093421e+107  -1  -1  1
18.7382  3184.9955  205.3491  2669.6512  18.7382  2.117150  2.113358  0.003792  9.166638  9.166638  1.778095  0.001791  3.411326e-01  7.740571e-01  7.740572e-01  0.008984  1.2964  6.355623e+05  6.008542e+02  2.999932e+57  2.180465e+55  -4.598904e-05  -1.629838e+107  -1  -1  1
18.7382  3541.1532  205.3491  3025.8172  18.7382  2.092571  2.089389  0.003182  9.060940  9.060940  1.677180  0.001521  3.411054e-01  7.739051e-01  7.739051e-01  0.008666  1.2511  6.361020e+05  5.039327e+02  2.947734e+57  1.828741e+55  6.906029e-04  -1.244324e+107  +1  -1  1
18.7382  3944.8452  205.3491  3429.5004  18.7382  2.066861  2.064195  0.002667  8.958349  8.958349  1.581259  0.001290  3.407729e-01  7.720520e-01  7.720521e-01  0.008405  1.2193  6.358154e+05  4.220853e+02  2.894128e+57  1.531720e+55  5.830806e-05  -9.363806e+106  +1  -1  1
18.7382  4402.3826  205.3491  3887.0401  18.7382  2.040390  2.038158  0.002232  8.859475  8.859475  1.490205  0.001094  3.401628e-01  7.686669e-01  7.686669e-01  0.008193  1.1993  6.347847e+05  3.531120e+02  2.839751e+57  1.281419e+55  2.071658e-05  -6.961500e+106  +1  -1  1
18.7382  4920.9625  205.3491  4405.6215  18.7382  2.013488  2.011622  0.001866  8.764803  8.764803  1.403872  0.000927  3.393036e-01  7.639324e-01  7.639324e-01  0.008025  1.1896  6.330932e+05  2.950966e+02  2.785197e+57  1.070884e+55  1.378967e-05  -5.117627e+106  +1  -1  1
18.7382  5508.7341  205.3491  4993.3885  18.7382  1.986460  1.984901  0.001559  8.674865  8.674865  1.322103  0.000785  3.382195e-01  7.580122e-01  7.580122e-01  0.007898  1.1897  6.308304e+05  2.463800e+02  2.731046e+57  8.940945e+54  1.006250e-05  -3.884331e+106  +1  -1  1
18.7382  6174.9095  205.3491  5659.5711  18.7382  1.959586  1.958285  0.001301  8.590106  8.590106  1.244729  0.000664  3.369360e-01  7.510799e-01  7.510799e-01  0.007805  1.1982  6.273133e+05  2.055324e+02  2.672442e+57  7.458611e+54  7.987025e-06  -2.831479e+106  +1  -1  1
18.7382  6929.9756  205.3491  6414.6311  18.7382  1.933107  1.932023  0.001085  8.510802  8.510802  1.171575  0.000561  3.354803e-01  7.433160e-01  7.433160e-01  0.007745  1.2150  6.241850e+05  1.713285e+02  2.620697e+57  6.217374e+54  7.419679e-06  -1.991180e+106  +1  -1  1
18.7382  7785.7703  205.3491  7270.4259  18.7382  1.907248  1.906344  0.000904  8.437301  8.437301  1.102462  0.000474  3.338761e-01  7.348779e-01  7.348779e-01  0.007713  1.2394  6.200112e+05  1.427213e+02  2.565650e+57  5.179240e+54  6.476627e-06  -1.427048e+106  +1  -1  1
18.7382  8755.7337  205.3491  8240.3948  18.7382  1.882203  1.881450  0.000753  8.369768  8.369768  1.037210  0.000400  3.321503e-01  7.259360e-01  7.259361e-01  0.007706  1.2707  6.163310e+05  1.188203e+02  2.517826e+57  4.311889e+54  6.098923e-06  -9.869800e+105  +1  -1  1
18.7382  9855.1162  205.3491  9339.7702  18.7382  1.858151  1.857525  0.000626  8.308451  8.308451  0.975640  0.000337  3.303259e-01  7.166322e-01  7.166322e-01  0.007720  1.3086  6.117999e+05  9.886988e+01  2.467648e+57  3.587904e+54  5.121879e-06  -7.259615e+105  +1  -1  1
18.7382  11101.1575  205.3491  10585.8164  18.7382  1.835240  1.834719  0.000521  8.253355  8.253355  0.917574  0.000284  3.284308e-01  7.071253e-01  7.071253e-01  0.007754  1.3528  6.071939e+05  8.223080e+01  2.420253e+57  2.984085e+54  4.814059e-06  -5.016177e+105  +1  -1  1
18.7382  12513.4446  205.3491  11998.1012  18.7382  1.813599  1.813166  0.000433  8.204534  8.204534  0.862840  0.000239  3.264894e-01  6.975476e-01  6.975476e-01  0.007803  1.4023  6.025753e+05  6.836379e+01  2.375830e+57  2.480862e+54  4.913001e-06  -3.283883e+105  +1  -1  1
18.7382  14114.1489  205.3491  13598.8032  18.7382  1.793339  1.792979  0.000360  8.162006  8.162006  0.811265  0.000201  3.245243e-01  6.880158e-01  6.880158e-01  0.007867  1.4570  5.986293e+05  5.681425e+01  2.338910e+57  2.061739e+54  4.676932e-06  -2.192935e+105  +1  -1  1
18.7382  15928.3955  205.3491  15413.0595  18.7382  1.774554  1.774255  0.000299  8.125672  8.125672  0.762686  0.000169  3.225608e-01  6.786501e-01  6.786501e-01  0.007940  1.5159  5.941380e+05  4.720072e+01  2.300743e+57  1.712872e+54  4.060153e-06  -1.577370e+105  +1  -1  1
18.7382  17984.7070  205.3491  17469.3612  18.7382  1.757309  1.757060  0.000249  8.095277  8.095277  0.716944  0.000141  3.206254e-01  6.695697e-01  6.695697e-01  0.008018  1.5776  5.897801e+05  3.920255e+01  2.265795e+57  1.422625e+54  3.841246e-06  -1.054294e+105  +1  -1  1
18.7382  20310.1824  205.3491  19794.8396  18.7382  1.741690  1.741483  0.000206  8.070763  8.070763  0.673972  0.000119  3.187409e-01  6.608680e-01  6.608680e-01  0.008100  1.6413  5.856074e+05  3.256404e+01  2.234169e+57  1.181720e+54  3.737167e-06  -7.732473e+104  +1  -1  1

25.6502  103.0404  215.9234  1.0000  25.6502  1.316620  0.011749  1.304872  12.361721  5.059130  12.361721  0.991077  1.573125e-01  2.079136e-01  3.504204e-02  0.068493  473.9575  1.765321e+03  2.255697e+05  1.483613e+55  8.108422e+57  5.254910e-06  9.913798e+109  +1  +1  0
25.6502  107.6573  215.9234  1.1334  25.6502  1.307505  0.013612  1.293894  12.329139  5.151540  12.329139  0.989590  1.566363e-01  2.067236e-01  3.674440e-02  0.068579  484.8851  2.047868e+03  2.235527e+05  1.717112e+55  8.037592e+57  5.260375e-06  9.686391e+109  +1  +1  0
25.6502  113.1115  215.9234  1.2846  25.6502  1.297468  0.015730  1.281738  12.292752  5.247122  12.292752  0.987876  1.558939e-01  2.054212e-01  3.857262e-02  0.068674  497.2275  2.369913e+03  2.213246e+05  1.980200e+55  7.959271e+57  5.274210e-06  9.578237e+109  +1  +1  0
25.6502  119.1072  215.9234  1.4560  25.6502  1.286400  0.018152  1.268248  12.252020  5.346210  12.252020  0.985889  1.550780e-01  2.039946e-01  4.054527e-02  0.068774  511.1893  2.739012e+03  2.188606e+05  2.279414e+55  7.872554e+57  5.290176e-06  1.049209e+110  +1  +1  0
25.6502  125.0167  215.9234  1.6503  25.6502  1.274217  0.020920  1.253297  12.206418  5.448712  12.206418  0.983582  1.541832e-01  2.024359e-01  4.267282e-02  0.068869  526.9205  3.161847e+03  2.161383e+05  2.620112e+55  7.776633e+57  5.306027e-06  1.133599e+110  +1  +1  0
25.6502  131.6026  215.9234  1.8704  25.6502  1.260819  0.024082  1.236737  12.155338  5.554729  12.155338  0.980900  1.532030e-01  2.007355e-01  4.496977e-02  0.068969  544.7894  3.646228e+03  2.131328e+05  3.008377e+55  7.670598e+57  5.323645e-06  1.251116e+110  +1  +1  0
25.6502  137.9494  215.9234  2.1200  25.6502  1.246115  0.027694  1.218422  12.098157  5.664263  12.098157  0.977776  1.521320e-01  1.988857e-01  4.745078e-02  0.069064  565.0076  4.201134e+03  2.098212e+05  3.451162e+55  7.553600e+57  5.337308e-06  1.127693e+110  +1  +1  0
25.6502  152.7256  215.9234  2.4028  25.6502  1.230350  0.031526  1.198824  12.036251  5.768408  12.036251  0.974376  1.509799e-01  1.969053e-01  4.992534e-02  0.069164  587.7497  4.791654e+03  2.062791e+05  3.920322e+55  7.428404e+57  5.355228e-06  1.746046e+110  +1  +1  0
25.6502  157.6382  215.9234  2.7234  25.6502  1.213023  0.035954  1.177069  11.966600  5.876016  11.966600  0.970360  1.497201e-01  1.947509e-01  5.262038e-02  0.069256  613.7129  5.475945e+03  2.023684e+05  4.461830e+55  7.289967e+57  5.381527e-06  2.254318e+110  +1  +1  0
25.6502  162.7167  215.9234  3.0867  25.6502  1.193931  0.041149  1.152782  11.887434  5.990624  11.887434  0.965535  1.483449e-01  1.924126e-01  5.563158e-02  0.069328  643.3619  6.281796e+03  1.980227e+05  5.097417e+55  7.135826e+57  5.407912e-06  2.541255e+110  +1  +1  0
25.6502  167.9681  215.9234  3.4985  25.6502  1.173060  0.047210  1.125850  11.797979  6.112472  11.797979  0.959755  1.468568e-01  1.898976e-01  5.898734e-02  0.069375  677.0842  7.225881e+03  1.932304e+05  5.839672e+55  6.965509e+57  5.438951e-06  2.848057e+110  +1  +1  0
25.6502  173.4000  215.9234  3.9652  25.6502  1.150418  0.054253  1.096165  11.697299  6.241732  11.697299  0.952840  1.452619e-01  1.872196e-01  6.271973e-02  0.069394  715.2725  8.328085e+03  1.879780e+05  6.703566e+55  6.778471e+57  5.469637e-06  3.176475e+110  +1  +1  0
25.6502  179.0190  215.9234  4.4943  25.6502  1.125960  0.062414  1.063547  11.583951  6.378513  11.583951  0.944569  1.435648e-01  1.843900e-01  6.686505e-02  0.069369  758.2865  9.611853e+03  1.822350e+05  7.706728e+55  6.573529e+57  5.502672e-06  3.525616e+110  +1  +1  0
25.6502  184.8335  215.9234  5.0939  25.6502  1.099830  0.071842  1.027989  11.457140  6.522888  11.457140  0.934679  1.417853e-01  1.814444e-01  7.146208e-02  0.069305  806.3344  1.110361e+04  1.760111e+05  8.868691e+55  6.350965e+57  5.541148e-06  3.894153e+110  +1  +1  0
25.6502  190.8524  215.9234  5.7734  25.6502  1.072171  0.082707  0.989464  11.315715  6.674851  11.315715  0.922860  1.399470e-01  1.784246e-01  7.655251e-02  0.069197  859.3659  1.283383e+04  1.693075e+05  1.021208e+56  6.110732e+57  5.576511e-06  4.276646e+110  +1  +1  0
25.6502  197.0844  215.9234  6.5437  25.6502  1.043175  0.095197  0.947978  11.158158  6.834372  11.158158  0.908743  1.380849e-01  1.753891e-01  8.218260e-02  0.069049  916.9313  1.483671e+04  1.621195e+05  1.176188e+56  5.852567e+57  5.626698e-06  4.668246e+110  +1  +1  0
25.6502  203.5396  215.9234  7.4167  25.6502  1.013434  0.109518  0.903916  10.985317  7.001334  10.985317  0.891934  1.362587e-01  1.724348e-01  8.840058e-02  0.068896  977.8762  1.715135e+04  1.545517e+05  1.354662e+56  5.580206e+57  5.682850e-06  5.062031e+110  +1  +1  0
25.6502  210.2287  215.9234  8.4062  25.6502  0.983306  0.125896  0.857410  10.795366  7.175556  10.795366  0.871967  1.345342e-01  1.696654e-01  9.525839e-02  0.068763  1040.1607  1.982102e+04  1.466003e+05  1.559741e+56  5.293415e+57  5.732345e-06  5.442508e+110  +1  +1  0
25.6502  217.1631  215.9234  9.5277  25.6502  0.953540  0.144576  0.808965  10.588740  7.356825  10.588740  0.848380  1.330076e-01  1.672301e-01  1.028113e-01  0.068745  1100.9438  2.289421e+04  1.383595e+05  1.794867e+56  4.995566e+57  5.797909e-06  5.799761e+110  +1  +1  0
25.6502  224.3537  215.9234  10.7988  25.6502  0.925100  0.165821  0.759280  10.366779  7.537371  10.366779  0.820754  1.318034e-01  1.653198e-01  1.110053e-01  0.068975  1156.0298  2.642564e+04  1.299530e+05  2.063893e+56  4.691138e+57  5.883153e-06  6.119286e+110  +1  +1  0
25.6502  231.8138  215.9234  12.2395  25.6502  0.899081  0.189910  0.709171  10.131472  7.720198  10.131472  0.788774  1.310713e-01  1.641630e-01  1.199490e-01  0.069675  1200.7404  3.047475e+04  1.215143e+05  2.370923e+56  4.385000e+57  6.002502e-06  6.382751e+110  +1  +1  0
25.6502  239.5612  215.9234  13.8724  25.6502  0.876748  0.217136  0.659612  9.886090  7.909720  9.886090  0.752339  1.309881e-01  1.640318e-01  1.297736e-01  0.071170  1230.3975  3.510753e+04  1.131995e+05  2.720466e+56  4.082893e+57  6.207517e-06  6.576420e+110  +1  +1  0
25.6502  247.6067  215.9234  15.7232  25.6502  0.859458  0.247806  0.611653  9.635157  8.105597  9.635157  0.711672  1.317491e-01  1.652339e-01  1.405352e-01  0.073898  1241.0972  4.039518e+04  1.051732e+05  3.117268e+56  3.790918e+57  6.752443e-06  6.691150e+110  +1  +1  0
25.6502  255.9695  215.9234  17.8208  25.6502  0.848578  0.282230  0.566348  9.384443  8.307265  9.384443  0.667409  1.335565e-01  1.681039e-01  1.522719e-01  0.078416  1230.2315  4.641668e+04  9.759774e+04  3.566523e+56  3.515141e+57  2.122986e-05  6.720614e+110  +1  +1  0
25.6502  264.6662  215.9234  20.1984  25.6502  0.845355  0.320722  0.524633  9.140576  8.514162  9.140576  0.620607  1.365989e-01  1.729834e-01  1.649768e-01  0.085337  1196.2127  5.325654e+04  9.061487e+04  4.073620e+56  3.260917e+57  2.458826e-05  6.664058e+110  +1  +1  0
25.6502  273.7197  215.9234  22.8931  25.6502  0.850799  0.363596  0.487203  8.910020  8.725774  8.910020  0.572642  1.410359e-01  1.802106e-01  1.784649e-01  0.095244  1137.8843  6.100768e+04  8.431869e+04  4.644347e+56  3.031871e+57  4.020847e-06  6.530639e+110  +1  +1  0
25.6502  283.1505  215.9234  25.9473  25.6502  0.865630  0.411174  0.454456  8.947925  8.947925  8.698869  0.525001  1.428867e-01  1.832649e-01  1.832674e-01  0.095890  1073.3069  6.976257e+04  7.876380e+04  5.284164e+56  2.830200e+57  4.731446e-06  6.370369e+110  +1  +1  0
25.6502  292.9824  215.9234  29.4090  25.6502  0.890285  0.464155  0.426130  9.202255  9.202255  8.509512  0.478644  1.428948e-01  1.832784e-01  1.832807e-01  0.088314  988.2227  7.968919e+04  7.388545e+04  6.004473e+56  2.653638e+57  6.002806e-06  5.659008e+110  +1  +1  0
25.6502  548.6687  215.9234  33.3326  25.6502  0.882647  0.487139  0.395508  9.317230  9.317230  8.308023  0.448093  1.399207e-01  1.783815e-01  1.783835e-01  0.085081  1057.6315  8.393380e+04  6.830225e+04  6.311891e+56  2.456139e+57  5.707119e-06  2.733366e+110  +1  +1  1
25.6502  553.1161  215.9234  37.7796  25.6502  0.871977  0.509799  0.362178  9.408337  9.408337  8.075259  0.415353  1.368906e-01  1.734545e-01  1.734564e-01  0.083198  1153.8620  8.805062e+04  6.231620e+04  6.605410e+56  2.243418e+57  7.592674e-06  2.685966e+110  +1  +1  1
25.6502  558.1558  215.9234  42.8198  25.6502  0.868209  0.539775  0.328434  9.512257  9.512257  7.821574  0.378289  1.348101e-01  1.701071e-01  1.701090e-01  0.079944  1196.9744  9.353586e+04  5.636376e+04  6.993377e+56  2.030584e+57  1.032095e-05  3.151272e+110  +1  +1  1
25.6502  563.8691  215.9234  48.5326  25.6502  0.873456  0.577944  0.295513  9.628833  9.628833  7.553673  0.338326  1.339828e-01  1.687840e-01  1.687856e-01  0.078120  1206.2225  1.005568e+05  5.064496e+04  7.487254e+56  1.825030e+57  4.199470e-06  3.476006e+110  +1  +1  1
25.6502  570.3441  215.9234  55.0074  25.6502  0.889339  0.624756  0.264583  9.754146  9.754146  7.280197  0.297505  1.346665e-01  1.698772e-01  1.698786e-01  0.076881  1157.2624  1.092793e+05  4.534112e+04  8.097032e+56  1.633542e+57  4.734081e-06  3.600910e+110  +1  +1  1
25.6502  577.6823  215.9234  62.3461  25.6502  0.916713  0.680103  0.236610  9.881740  9.881740  7.011017  0.258107  1.370193e-01  1.736624e-01  1.736637e-01  0.075951  1048.4177  1.196388e+05  4.059251e+04  8.815536e+56  1.461480e+57  4.851725e-06  3.597549e+110  +1  +1  1
25.6502  586.0010  215.9234  70.6639  25.6502  0.955524  0.743277  0.212247  10.004124  10.004124  6.756222  0.222126  1.410730e-01  1.802716e-01  1.802727e-01  0.074975  894.5457  1.318125e+05  3.648282e+04  9.651246e+56  1.312182e+57  4.778991e-06  3.485130e+110  +1  +1  1
25.6502  595.4279  215.9234  80.0914  25.6502  1.004919  0.813151  0.191767  10.115236  10.115236  6.524679  0.190829  1.467359e-01  1.896940e-01  1.896950e-01  0.073580  721.0843  1.456947e+05  3.303194e+04  1.059245e+57  1.186667e+57  4.697702e-06  3.245296e+110  +1  +1  1
25.6502  606.1136  215.9234  90.7766  25.6502  1.063527  0.888447  0.175080  10.211481  10.211481  6.322665  0.164622  1.538302e-01  2.018227e-01  2.018236e-01  0.071555  553.7863  1.611240e+05  3.020030e+04  1.162288e+57  1.083758e+57  4.609564e-06  2.901925e+110  +1  +1  1
25.6502  618.2249  215.9234  102.8874  25.6502  1.129784  0.967986  0.161798  10.292160  10.292160  6.153156  0.143211  1.621327e-01  2.164994e-01  2.165002e-01  0.068797  409.3775  1.779500e+05  2.790356e+04  1.272740e+57  1.000598e+57  4.467529e-06  2.573436e+110  +1  +1  1
25.6502  631.9498  215.9234  116.6139  25.6502  1.202150  1.050919  0.151231  10.358373  10.358373  6.014652  0.125800  1.714149e-01  2.335623e-01  2.335634e-01  0.065570  295.3735  1.964297e+05  2.601503e+04  1.391934e+57  9.327044e+56  4.340979e-06  2.249886e+110  +1  +1  1
25.6502  647.5096  215.9234  132.1717  25.6502  1.279496  1.138288  0.141209  10.412136  10.412136  5.878977  0.110363  1.815017e-01  2.529434e-01  2.529441e-01  0.062102  210.1877  2.161446e+05  2.421015e+04  1.516457e+57  8.679881e+56  4.244295e-06  1.920310e+110  +1  +1  1
25.6502  665.1426  215.9234  149.8051  25.6502  1.361065  1.229945  0.131120  10.455697  10.455697  5.735732  0.096336  1.922682e-01  2.746730e-01  2.746736e-01  0.058392  148.1576  2.375445e+05  2.240403e+04  1.648914e+57  8.032282e+56  4.064416e-06  1.671117e+110  +1  +1  1
25.6502  685.1283  215.9234  169.7911  25.6502  1.445735  1.324675  0.121060  10.490624  10.490624  5.585347  0.083736  2.035490e-01  2.986990e-01  2.986997e-01  0.054515  104.0119  2.607335e+05  2.061373e+04  1.789513e+57  7.390362e+56  3.886119e-06  1.423945e+110  +1  +1  1
25.6502  707.7821  215.9234  192.4434  25.6502  1.532029  1.420906  0.111123  10.517781  10.517781  5.428375  0.072533  2.151416e-01  3.248615e-01  3.248622e-01  0.050572  73.1467  2.851324e+05  1.885615e+04  1.933671e+57  6.760185e+56  3.724502e-06  1.175586e+110  +1  +1  1
25.6502  733.4544  215.9234  218.1178  25.6502  1.618222  1.516818  0.101404  10.537132  10.537132  5.265485  0.062664  2.268284e-01  3.529047e-01  3.529054e-01  0.046622  51.7625  3.105631e+05  1.714744e+04  2.079751e+57  6.147538e+56  3.538489e-06  9.455840e+109  +1  +1  1
25.6502  762.5564  215.9234  247.2176  25.6502  1.702541  1.610550  0.091991  10.548153  10.548153  5.097450  0.054032  2.383981e-01  3.824982e-01  3.824988e-01  0.042741  37.0030  3.367170e+05  1.550239e+04  2.225235e+57  5.557727e+56  3.337763e-06  7.475652e+109  +1  +1  1
25.6502  795.5386  215.9234  280.1996  25.6502  1.783291  1.700327  0.082964  10.550176  10.550176  4.925128  0.046523  2.496572e-01  4.132449e-01  4.132455e-01  0.038988  26.7991  3.632602e+05  1.393397e+04  2.367598e+57  4.995397e+56  3.125606e-06  5.806087e+109  +1  +1  1
25.6502  832.9189  215.9234  317.5819  25.6502  1.858984  1.784594  0.074390  10.542307  10.542307  4.749442  0.040016  2.604483e-01  4.447256e-01  4.447262e-01  0.035423  19.7057  3.898260e+05  1.245289e+04  2.504313e+57  4.464389e+56  2.909364e-06  4.322446e+109  +1  +1  1
25.6502  875.2916  215.9234  359.9514  25.6502  1.928414  1.862089  0.066324  10.523982  10.523982  4.571355  0.034393  2.706461e-01  4.764947e-01  4.764952e-01  0.032071  14.7238  4.159852e+05  1.106738e+04  2.632353e+57  3.967650e+56  2.692952e-06  3.123914e+109  +1  +1  1
25.6502  923.3117  215.9234  407.9736  25.6502  1.990696  1.931888  0.058807  10.494908  10.494908  4.391846  0.029541  2.801611e-01  5.081091e-01  5.081097e-01  0.029000  11.2011  4.413501e+05  9.783056e+03  2.749455e+57  3.507196e+56  2.474911e-06  2.210105e+109  +1  +1  1
25.6502  977.7420  215.9234  462.4025  25.6502  2.045239  1.993373  0.051865  10.454968  10.454968  4.211889  0.025359  2.889368e-01  5.391423e-01  5.391428e-01  0.026185  8.6684  4.655608e+05  8.602992e+03  2.853488e+57  3.084126e+56  2.259128e-06  1.490211e+109  +1  +1  1
25.6502  1039.4339  215.9234  524.0930  25.6502  2.091762  2.046253  0.045510  10.404469  10.404469  4.032424  0.021757  2.969437e-01  5.691944e-01  5.691948e-01  0.023658  6.8316  4.882057e+05  7.527854e+03  2.942104e+57  2.698678e+56  1.994791e-06  9.892785e+108  +1  +1  1
25.6502  1109.3497  215.9234  594.0138  25.6502  2.130221  2.090482  0.039739  10.343856  10.343856  3.854345  0.018655  3.041752e-01  5.979055e-01  5.979060e-01  0.021402  5.4796  5.101071e+05  6.556167e+03  3.021760e+57  2.350322e+56  1.716884e-06  6.358596e+108  +1  +1  1
25.6502  1188.6046  215.9234  673.2629  25.6502  2.160776  2.126235  0.034541  10.273837  10.273837  3.678479  0.015985  3.106410e-01  6.249576e-01  6.249580e-01  0.019407  4.4729  5.299887e+05  5.684638e+03  3.084331e+57  2.037876e+56  1.476969e-06  3.617034e+108  +1  +1  1
25.6502  1278.4252  215.9234  763.0849  25.6502  2.183755  2.153862  0.029893  10.195212  10.195212  3.505574  0.013689  3.163656e-01  6.500914e-01  6.500917e-01  0.017651  3.7131  5.476461e+05  4.908518e+03  3.129158e+57  1.759637e+56  1.178213e-06  1.781416e+108  +1  +1  1
25.6502  1380.2298  215.9234  864.8903  25.6502  2.199606  2.173840  0.025767  10.109097  10.109097  3.336293  0.011714  3.213766e-01  6.730764e-01  6.730767e-01  0.016112  3.1332  5.640624e+05  4.221974e+03  3.163963e+57  1.513513e+56  8.375642e-07  8.214427e+107  +1  +1  1
25.6502  1495.6207  215.9234  980.2778  25.6502  2.208848  2.186722  0.022126  10.016447  10.016447  3.171208  0.010017  3.257120e-01  6.937575e-01  6.937578e-01  0.014771  2.6863  5.779942e+05  3.618433e+03  3.180866e+57  1.297147e+56  4.692441e-07  1.032034e+107  +1  +1  1
25.6502  1626.3973  215.9234  1111.0596  25.6502  2.212062  2.193128  0.018934  9.918312  9.918312  3.010797  0.008560  3.294134e-01  7.120345e-01  7.120347e-01  0.013621  2.3410  5.906065e+05  3.090906e+03  3.188846e+57  1.108033e+56  1.572635e-08  -1.491497e+107  +1  -1  1
25.6502  1774.6318  215.9234  1259.2893  25.6502  2.209852  2.193701  0.016151  9.815747  9.815747  2.855449  0.007309  3.325228e-01  7.278546e-01  7.278548e-01  0.012626  2.0704  6.017830e+05  2.632257e+03  3.187844e+57  9.436125e+55  -4.925558e-07  -2.350652e+107  -1  -1  1
25.6502  1942.6373  215.9234  1427.2948  25.6502  2.202823  2.189086  0.013737  9.709849  9.709849  2.705466  0.006236  3.350802e-01  7.411998e-01  7.412000e-01  0.011766  1.8570  6.116183e+05  2.235427e+03  3.179212e+57  8.013540e+55  -1.236406e-06  -3.598757e+107  -1  -1  1
25.6502  2133.0527  215.9234  1617.7144  25.6502  2.191579  2.179927  0.011652  9.601718  9.601718  2.561071  0.005317  3.371241e-01  7.520907e-01  7.520908e-01  0.011028  1.6884  6.189789e+05  1.893604e+03  3.155619e+57  6.788155e+55  -2.132704e-06  -3.968043e+107  -1  -1  1
25.6502  2348.8827  215.9234  1833.5384  25.6502  2.176702  2.166842  0.009860  9.492387  9.492387  2.422410  0.004530  3.386922e-01  7.605862e-01  7.605864e-01  0.010396  1.5551  6.250601e+05  1.600351e+03  3.126019e+57  5.736894e+55  -4.053588e-06  -3.707488e+107  -1  -1  1
25.6502  2593.4963  215.9234  2078.1562  25.6502  2.158744  2.150419  0.008325  9.382757  9.382757  2.289566  0.003856  3.398226e-01  7.667877e-01  7.667878e-01  0.009855  1.4498  6.289182e+05  1.349689e+03  3.084301e+57  4.838313e+55  -5.386860e-06  -3.145360e+107  -1  -1  1
25.6502  2870.7514  215.9234  2355.4091  25.6502  2.138226  2.131212  0.007015  9.273771  9.273771  2.162564  0.003281  3.405485e-01  7.708049e-01  7.708050e-01  0.009397  1.3677  6.326762e+05  1.136140e+03  3.045708e+57  4.072782e+55  -1.222589e-05  -2.367824e+107  -1  -1  1
25.6502  3184.9955  215.9234  2669.6512  25.6502  2.115637  2.109737  0.005900  9.166262  9.166262  2.041377  0.002789  3.409028e-01  7.727755e-01  7.727756e-01  0.009012  1.3049  6.343669e+05  9.547530e+02  2.996678e+57  3.422549e+55  -3.370840e-05  -2.006751e+107  -1  -1  1
25.6502  3541.1532  215.9234  3025.8172  25.6502  2.091429  2.086475  0.004954  9.061024  9.061024  1.925937  0.002369  3.409161e-01  7.728497e-01  7.728497e-01  0.008690  1.2580  6.351105e+05  8.010987e+02  2.945282e+57  2.871732e+55  2.065503e-04  -1.534639e+107  +1  -1  1
25.6502  3944.8452  215.9234  3429.5004  25.6502  2.066015  2.061860  0.004154  8.958741  8.958741  1.816143  0.002011  3.406184e-01  7.711931e-01  7.711931e-01  0.008424  1.2249  6.349944e+05  6.712519e+02  2.892299e+57  2.406261e+55  8.807002e-05  -1.156422e+107  +1  -1  1
25.6502  4402.3826  215.9234  3887.0401  25.6502  2.039778  2.036299  0.003479  8.860071  8.860071  1.711861  0.001706  3.400380e-01  7.679767e-01  7.679767e-01  0.008208  1.2037  6.341081e+05  5.617607e+02  2.838417e+57  2.013761e+55  2.250665e-05  -8.605690e+106  +1  -1  1
25.6502  4920.9625  215.9234  4405.6215  25.6502  2.013060  2.010150  0.002910  8.765579  8.765579  1.612938  0.001446  3.392014e-01  7.633720e-01  7.633720e-01  0.008039  1.1935  6.325414e+05  4.696134e+02  2.784274e+57  1.683435e+55  1.436727e-05  -6.330375e+106  +1  -1  1
25.6502  5508.7341  215.9234  4993.3885  25.6502  1.986177  1.983745  0.002432  8.675733  8.675733  1.519202  0.001224  3.381375e-01  7.575669e-01  7.575669e-01  0.007909  1.1928  6.303827e+05  3.921968e+02  2.730440e+57  1.405916e+55  1.031858e-05  -4.809492e+106  +1  -1  1
25.6502  6174.9095  215.9234  5659.5711  25.6502  1.959412  1.957382  0.002030  8.591015  8.591015  1.430470  0.001036  3.368704e-01  7.507277e-01  7.507277e-01  0.007815  1.2009  6.269509e+05  3.272562e+02  2.672068e+57  1.173121e+55  8.085403e-06  -3.509785e+106  +1  -1  1
25.6502  6929.9756  215.9234  6414.6311  25.6502  1.933013  1.931320  0.001693  8.511653  8.511653  1.346547  0.000876  3.354305e-01  7.430519e-01  7.430519e-01  0.007752  1.2171  6.238885e+05  2.728562e+02  2.620464e+57  9.781119e+54  7.499259e-06  -2.469597e+106  +1  -1  1
25.6502  7785.7703  215.9234  7270.4259  25.6502  1.907217  1.905806  0.001411  8.438170  8.438170  1.267236  0.000740  3.338362e-01  7.346698e-01  7.346698e-01  0.007719  1.2411  6.197765e+05  2.273420e+02  2.565570e+57  8.149557e+54  6.527873e-06  -1.769809e+106  +1  -1  1
25.6502  8755.7337  215.9234  8240.3948  25.6502  1.882218  1.881043  0.001175  8.370596  8.370596  1.192335  0.000625  3.321201e-01  7.257811e-01  7.257811e-01  0.007710  1.2720  6.161453e+05  1.893032e+02  2.517846e+57  6.785970e+54  6.139015e-06  -1.244400e+106  +1  -1  1
25.6502  9855.1162  215.9234  9339.7702  25.6502  1.858196  1.857218  0.000979  8.309197  8.309197  1.121643  0.000527  3.303042e-01  7.165225e-01  7.165225e-01  0.007725  1.3098  6.116512e+05  1.575430e+02  2.467717e+57  5.647457e+54  5.142457e-06  -9.016302e+105  +1  -1  1
25.6502  11101.1575  215.9234  10585.8164  25.6502  1.835304  1.834490  0.000814  8.254027  8.254027  1.054960  0.000444  3.284155e-01  7.070491e-01  7.070491e-01  0.007758  1.3537  6.070757e+05  1.310480e+02  2.420356e+57  4.697686e+54  4.830533e-06  -6.230617e+105  +1  -1  1
25.6502  12513.4446  215.9234  11998.1012  25.6502  1.813675  1.812998  0.000677  8.205135  8.205135  0.992089  0.000373  3.264791e-01  6.974976e-01  6.974976e-01  0.007806  1.4030  6.024824e+05  1.089619e+02  2.375956e+57  3.905961e+54  4.929480e-06  -4.078843e+105  +1  -1  1
25.6502  14114.1489  215.9234  13598.8032  25.6502  1.793422  1.792860  0.000563  8.162562  8.162562  0.932839  0.000314  3.245172e-01  6.879816e-01  6.879816e-01  0.007869  1.4576  5.985585e+05  9.056358e+01  2.339061e+57  3.246435e+54  4.690128e-06  -2.724805e+105  +1  -1  1
25.6502  15928.3955  215.9234  15413.0595  25.6502  1.774638  1.774170  0.000468  8.126104  8.126104  0.877022  0.000264  3.225589e-01  6.786411e-01  6.786411e-01  0.007941  1.5161  5.940803e+05  7.524646e+01  2.300873e+57  2.697361e+54  4.068451e-06  -1.960751e+105  +1  -1  1
25.6502  17984.7070  215.9234  17469.3612  25.6502  1.757392  1.757004  0.000389  8.095692  8.095692  0.824458  0.000221  3.206242e-01  6.695641e-01  6.695641e-01  0.008019  1.5778  5.897380e+05  6.250140e+01  2.265941e+57  2.240488e+54  3.848813e-06  -1.310111e+105  +1  -1  1
25.6502  20310.1824  215.9234  19794.8396  25.6502  1.741767  1.741444  0.000323  8.071097  8.071097  0.775070  0.000185  3.187419e-01  6.608723e-01  6.608723e-01  0.008100  1.6414  5.855733e+05  5.192137e+01  2.234293e+57  1.861225e+54  3.742250e-06  -9.617586e+104  +1  -1  1

35.1119  103.0404  229.3427  1.0000  35.1119  1.689162  0.010047  1.679115  13.300381  4.784478  13.300381  0.994052  1.875810e-01  2.650751e-01  3.306759e-02  0.057861  166.0925  1.508605e+03  3.018474e+05  1.267955e+55  1.068585e+58  4.884615e-06  7.635539e+109  +1  +1  0
35.1119  107.6573  229.3427  1.1334  35.1119  1.681255  0.011661  1.669595  13.277336  4.875075  13.277336  0.993064  1.870270e-01  2.639549e-01  3.470270e-02  0.057962  168.8619  1.753050e+03  2.999842e+05  1.469976e+55  1.062219e+58  4.891234e-06  7.479770e+109  +1  +1  0
35.1119  113.1115  229.3427  1.2846  35.1119  1.672482  0.013500  1.658981  13.251485  4.968885  13.251485  0.991928  1.864140e-01  2.627188e-01  3.646022e-02  0.058070  171.9762  2.032378e+03  2.979138e+05  1.698188e+55  1.055136e+58  4.906726e-06  7.427144e+109  +1  +1  0
35.1119  119.1072  229.3427  1.4560  35.1119  1.662755  0.015609  1.647145  13.222470  5.066237  13.222470  0.990612  1.857365e-01  2.613570e-01  3.835761e-02  0.058185  175.4811  2.353281e+03  2.956142e+05  1.958364e+55  1.047259e+58  4.919120e-06  8.168845e+109  +1  +1  0
35.1119  125.0167  229.3427  1.6503  35.1119  1.651913  0.018025  1.633888  13.189637  5.167070  13.189637  0.989088  1.849848e-01  2.598512e-01  4.040538e-02  0.058305  179.4476  2.721791e+03  2.930434e+05  2.255333e+55  1.038439e+58  4.933526e-06  8.863587e+109  +1  +1  0
35.1119  131.6026  229.3427  1.8704  35.1119  1.639936  0.020792  1.619144  13.152857  5.271469  13.152857  0.987322  1.841571e-01  2.581993e-01  4.261783e-02  0.058432  183.9161  3.144993e+03  2.901983e+05  2.594617e+55  1.028664e+58  4.953916e-06  9.830312e+109  +1  +1  0
35.1119  137.9494  229.3427  2.1200  35.1119  1.626660  0.023960  1.602700  13.111442  5.379475  13.111442  0.985270  1.832433e-01  2.563831e-01  4.500997e-02  0.058569  188.9886  3.631000e+03  2.870376e+05  2.982488e+55  1.017788e+58  4.966844e-06  8.903920e+109  +1  +1  0
35.1119  152.7256  229.3427  2.4028  35.1119  1.612329  0.027342  1.584986  13.066451  5.482648  13.066451  0.983042  1.822542e-01  2.544261e-01  4.740649e-02  0.058713  194.6508  4.151253e+03  2.836339e+05  3.395919e+55  1.006069e+58  4.981803e-06  1.391813e+110  +1  +1  0
35.1119  157.6382  229.3427  2.7234  35.1119  1.596383  0.031258  1.565125  13.015439  5.589473  13.015439  0.980419  1.811590e-01  2.522698e-01  5.001861e-02  0.058864  201.1214  4.755392e+03  2.798371e+05  3.874116e+55  9.929714e+57  5.006295e-06  1.804401e+110  +1  +1  0
35.1119  162.7167  229.3427  3.0867  35.1119  1.578592  0.035860  1.542733  12.957124  5.703236  12.957124  0.977284  1.799463e-01  2.498952e-01  5.293493e-02  0.059021  208.5455  5.467743e+03  2.755805e+05  4.436077e+55  9.782539e+57  5.034739e-06  2.044637e+110  +1  +1  0
35.1119  167.9681  229.3427  3.4985  35.1119  1.558866  0.041236  1.517630  12.890825  5.824156  12.890825  0.973547  1.786116e-01  2.472972e-01  5.618305e-02  0.059165  216.9825  6.303499e+03  2.708397e+05  5.093318e+55  9.618248e+57  5.062222e-06  2.305316e+110  +1  +1  0
35.1119  173.4000  229.3427  3.9652  35.1119  1.537031  0.047496  1.489535  12.815266  5.952406  12.815266  0.969099  1.771482e-01  2.444670e-01  5.979522e-02  0.059301  226.6134  7.280852e+03  2.655591e+05  5.859541e+55  9.434785e+57  5.091119e-06  2.588721e+110  +1  +1  0
35.1119  179.0190  229.3427  4.4943  35.1119  1.513031  0.054761  1.458270  12.729694  6.088095  12.729694  0.963807  1.755543e-01  2.414064e-01  6.380670e-02  0.059426  237.5905  8.420991e+03  2.597220e+05  6.750590e+55  9.231493e+57  5.126442e-06  2.897370e+110  +1  +1  0
35.1119  184.8335  229.3427  5.0939  35.1119  1.486760  0.063173  1.423587  12.632831  6.231284  12.632831  0.957510  1.738289e-01  2.381186e-01  6.825530e-02  0.059532  250.0651  9.748453e+03  2.532880e+05  7.784836e+55  9.006838e+57  5.162611e-06  3.231143e+110  +1  +1  0
35.1119  190.8524  229.3427  5.7734  35.1119  1.458160  0.072887  1.385273  12.523391  6.382022  12.523391  0.950014  1.719748e-01  2.346146e-01  7.318272e-02  0.059609  264.1769  1.129112e+04  2.462263e+05  8.982821e+55  8.759610e+57  5.201820e-06  3.588705e+110  +1  +1  0
35.1119  197.0844  229.3427  6.5437  35.1119  1.427236  0.084080  1.343156  12.400067  6.540246  12.400067  0.941089  1.700017e-01  2.309181e-01  7.863507e-02  0.059650  280.0624  1.308052e+04  2.385161e+05  1.036778e+56  8.488952e+57  5.243401e-06  3.968525e+110  +1  +1  0
35.1119  203.5396  229.3427  7.4167  35.1119  1.394054  0.096944  1.297109  12.261404  6.705897  12.261404  0.930459  1.679271e-01  2.270671e-01  8.466155e-02  0.059649  297.7869  1.515295e+04  2.301414e+05  1.196608e+56  8.194147e+57  5.288864e-06  4.365511e+110  +1  +1  0
35.1119  210.2287  229.3427  8.4062  35.1119  1.358806  0.111693  1.247112  12.106178  6.878815  12.106178  0.917800  1.657799e-01  2.231191e-01  9.131478e-02  0.059595  317.2906  1.754872e+04  2.211125e+05  1.380681e+56  7.875422e+57  5.338958e-06  4.775623e+110  +1  +1  0
35.1119  217.1631  229.3427  9.5277  35.1119  1.321798  0.128560  1.193238  11.933113  7.058794  11.933113  0.902739  1.636036e-01  2.191561e-01  9.865278e-02  0.059491  338.3753  2.031299e+04  2.114502e+05  1.592219e+56  7.533376e+57  5.393300e-06  5.190181e+110  +1  +1  0
35.1119  224.3537  229.3427  10.7988  35.1119  1.283519  0.147794  1.135726  11.741280  7.238559  11.741280  0.884853  1.614614e-01  2.152927e-01  1.066263e-01  0.059348  360.5563  2.349704e+04  2.012066e+05  1.834833e+56  7.169734e+57  5.454609e-06  5.598408e+110  +1  +1  0
35.1119  231.8138  229.3427  12.2395  35.1119  1.244670  0.169664  1.075006  11.530229  7.420893  11.530229  0.863688  1.594403e-01  2.116812e-01  1.153474e-01  0.059195  383.0045  2.715710e+04  1.904665e+05  2.112431e+56  6.787418e+57  5.522341e-06  5.983848e+110  +1  +1  0
35.1119  239.5612  229.3427  13.8724  35.1119  1.206147  0.194454  1.011693  11.299869  7.609925  11.299869  0.838781  1.576553e-01  2.085181e-01  1.249568e-01  0.059090  404.4644  3.135528e+04  1.793357e+05  2.429255e+56  6.390142e+57  5.601878e-06  6.331047e+110  +1  +1  0
35.1119  247.6067  229.3427  15.7232  35.1119  1.169177  0.222462  0.946715  11.051553  7.805353  11.051553  0.809728  1.562567e-01  2.060572e-01  1.355302e-01  0.059150  423.3233  3.615964e+04  1.679816e+05  2.789874e+56  5.983893e+57  5.703980e-06  6.625789e+110  +1  +1  0
35.1119  255.9695  229.3427  17.8208  35.1119  1.135185  0.253992  0.881193  10.787550  8.006545  10.787550  0.776255  1.554266e-01  2.046035e-01  1.471409e-01  0.059558  437.7447  4.164582e+04  1.565915e+05  3.199294e+56  5.575451e+57  5.846988e-06  6.847691e+110  +1  +1  0
35.1119  264.6662  229.3427  20.1984  35.1119  1.105800  0.289351  0.816449  10.511643  8.212830  10.511643  0.738333  1.553773e-01  2.045173e-01  1.598616e-01  0.060585  446.0013  4.789316e+04  1.453823e+05  3.662571e+56  5.172744e+57  6.093610e-06  6.980252e+110  +1  +1  0
35.1119  273.7197  229.3427  22.8931  35.1119  1.082755  0.328844  0.753912  10.229131  8.423376  10.229131  0.696290  1.563411e-01  2.062052e-01  1.737574e-01  0.062612  446.8896  5.499008e+04  1.345814e+05  4.185257e+56  4.784170e+57  6.720945e-06  7.014061e+110  +1  +1  0
35.1119  283.1505  229.3427  25.9473  35.1119  1.067739  0.372763  0.694976  9.946677  8.637138  9.946677  0.650886  1.585509e-01  2.101021e-01  1.888743e-01  0.066101  439.8206  6.302339e+04  1.244059e+05  4.772441e+56  4.417821e+57  1.690273e-05  6.947739e+110  +1  +1  0
35.1119  292.9824  229.3427  29.4090  35.1119  1.062225  0.421382  0.640843  9.671708  8.853357  9.671708  0.603302  1.622165e-01  2.166503e-01  2.052202e-01  0.071568  424.7674  7.209402e+04  1.150339e+05  5.430096e+56  4.080441e+57  1.745537e-05  6.197400e+110  +1  +1  0
35.1119  548.6687  229.3427  33.3326  35.1119  1.038759  0.442041  0.596718  9.448109  8.926381  9.448109  0.574453  1.623872e-01  2.169578e-01  2.107016e-01  0.076969  454.4290  7.593030e+04  1.068813e+05  5.705581e+56  3.794215e+57  5.449504e-06  3.444180e+110  +1  +1  1
35.1119  553.1161  229.3427  37.7796  35.1119  1.011994  0.461536  0.550458  9.201749  8.966109  9.201749  0.543934  1.624385e-01  2.170504e-01  2.149019e-01  0.083111  489.9171  7.954848e+04  9.836477e+04  5.959430e+56  3.494774e+57  5.603367e-06  3.477431e+110  +1  +1  1
35.1119  558.1558  229.3427  42.8198  35.1119  0.989279  0.486124  0.503155  9.006339  9.006339  8.932965  0.508608  1.622378e-01  2.166887e-01  2.166921e-01  0.089017  527.9852  8.417767e+04  8.976182e+04  6.280410e+56  3.190864e+57  5.974759e-06  3.776509e+110  +1  +1  1
35.1119  563.8691  229.3427  48.5326  35.1119  0.973043  0.516228  0.456816  9.062380  9.062380  8.651336  0.469471  1.585884e-01  2.101686e-01  2.101716e-01  0.082371  547.4275  8.990350e+04  8.139463e+04  6.674169e+56  2.894205e+57  8.279634e-06  3.932577e+110  +1  +1  1
35.1119  570.3441  229.3427  55.0074  35.1119  0.965537  0.552923  0.412614  9.141631  9.141631  8.363007  0.427341  1.560008e-01  2.056085e-01  2.056114e-01  0.077137  556.5912  9.698811e+04  7.347193e+04  7.159176e+56  2.612387e+57  2.068717e-05  4.003662e+110  +1  +1  1
35.1119  577.6823  229.3427  62.3461  35.1119  0.968796  0.597573  0.371223  9.243930  9.243930  8.071807  0.383180  1.547951e-01  2.035012e-01  2.035036e-01  0.072576  544.4000  1.056466e+05  6.611218e+04  7.750471e+56  2.349728e+57  2.901663e-06  3.994309e+110  +1  +1  1
35.1119  586.0010  229.3427  70.6639  35.1119  0.984372  0.651098  0.333274  9.365704  9.365704  7.782910  0.338565  1.552389e-01  2.042756e-01  2.042777e-01  0.068347  505.3858  1.161791e+05  5.941539e+04  8.466881e+56  2.110001e+57  4.179629e-06  3.880370e+110  +1  +1  1
35.1119  595.4279  229.3427  80.0914  35.1119  1.013069  0.713706  0.299363  9.500434  9.500434  7.503328  0.295501  1.574989e-01  2.082422e-01  2.082441e-01  0.065938  453.5813  1.286798e+05  5.346310e+04  9.311897e+56  1.896422e+57  4.438767e-06  3.631279e+110  +1  +1  1
35.1119  606.1136  229.3427  90.7766  35.1119  1.054664  0.784797  0.269867  9.639814  9.639814  7.240624  0.255879  1.615947e-01  2.155321e-01  2.155337e-01  0.063638  385.0284  1.430569e+05  4.829213e+04  1.027478e+57  1.710657e+57  4.498064e-06  3.306984e+110  +1  +1  1
35.1119  618.2249  229.3427  102.8874  35.1119  1.108034  0.863216  0.244818  9.775878  9.775878  7.001041  0.220948  1.674091e-01  2.261111e-01  2.261127e-01  0.061805  313.3531  1.594031e+05  4.388019e+04  1.135676e+57  1.552230e+57  4.439340e-06  2.958843e+110  +1  +1  1
35.1119  631.9498  229.3427  116.6139  35.1119  1.171404  0.947466  0.223939  9.902469  9.902469  6.788623  0.191171  1.747209e-01  2.398152e-01  2.398164e-01  0.059456  243.4317  1.775318e+05  4.015406e+04  1.253894e+57  1.418786e+57  4.360146e-06  2.559375e+110  +1  +1  1
35.1119  647.5096  229.3427  132.1717  35.1119  1.242667  1.035956  0.206711  10.015768  10.015768  6.604898  0.166345  1.832535e-01  2.564033e-01  2.564044e-01  0.056889  183.5185  1.971973e+05  3.700537e+04  1.379839e+57  1.306632e+57  4.224107e-06  2.210138e+110  +1  +1  1
35.1119  665.1426  229.3427  149.8051  35.1119  1.319702  1.127527  0.192174  10.114092  10.114092  6.445636  0.145619  1.927216e-01  2.756132e-01  2.756142e-01  0.054139  135.7581  2.186257e+05  3.426674e+04  1.514471e+57  1.209793e+57  4.054493e-06  1.905696e+110  +1  +1  1
35.1119  685.1283  229.3427  169.7911  35.1119  1.400867  1.222860  0.178007  10.197371  10.197371  6.283587  0.127069  2.029038e-01  2.972882e-01  2.972893e-01  0.051210  99.2695  2.416800e+05  3.159992e+04  1.656325e+57  1.115626e+57  3.947570e-06  1.580516e+110  +1  +1  1
35.1119  707.7821  229.3427  192.4434  35.1119  1.484828  1.320892  0.163935  10.266416  10.266416  6.113838  0.110407  2.136185e-01  3.213337e-01  3.213346e-01  0.048087  72.0685  2.657690e+05  2.897194e+04  1.800628e+57  1.022833e+57  3.812523e-06  1.302362e+110  +1  +1  1
35.1119  733.4544  229.3427  218.1178  35.1119  1.569966  1.419872  0.150094  10.321794  10.321794  5.937062  0.095603  2.246553e-01  3.475555e-01  3.475565e-01  0.044861  52.2631  2.913083e+05  2.640728e+04  1.949807e+57  9.322780e+56  3.585786e-06  1.081957e+110  +1  +1  1
35.1119  762.5564  229.3427  247.2176  35.1119  1.654502  1.517891  0.136611  10.363849  10.363849  5.754053  0.082570  2.357914e-01  3.756613e-01  3.756622e-01  0.041530  37.9865  3.182324e+05  2.392875e+04  2.102979e+57  8.447660e+56  3.372133e-06  8.728975e+109  +1  +1  1
35.1119  795.5386  229.3427  280.1996  35.1119  1.736634  1.613025  0.123608  10.392655  10.392655  5.565715  0.071177  2.468104e-01  4.052773e-01  4.052782e-01  0.038178  27.7908  3.456130e+05  2.155670e+04  2.253393e+57  7.610153e+56  3.241434e-06  6.594961e+109  +1  +1  1
35.1119  832.9189  229.3427  317.5819  35.1119  1.814673  1.703483  0.111190  10.408103  10.408103  5.373036  0.061273  2.575185e-01  4.359712e-01  4.359721e-01  0.034978  20.5900  3.722503e+05  1.930836e+04  2.392539e+57  6.816343e+56  3.053411e-06  4.876344e+109  +1  +1  1
35.1119  875.2916  229.3427  359.9514  35.1119  1.887179  1.787734  0.099445  10.410122  10.410122  5.177065  0.052695  2.677558e-01  4.672786e-01  4.672795e-01  0.031834  15.4210  3.993327e+05  1.719740e+04  2.528788e+57  6.071050e+56  2.800073e-06  3.656550e+109  +1  +1  1
35.1119  923.3117  229.3427  407.9736  35.1119  1.953005  1.864563  0.088441  10.398740  10.398740  4.978887  0.045285  2.773986e-01  4.987218e-01  4.987227e-01  0.028912  11.7344  4.256854e+05  1.523366e+04  2.654118e+57  5.377749e+56  2.546771e-06  2.651833e+109  +1  +1  1
35.1119  977.7420  229.3427  462.4025  35.1119  2.011349  1.933121  0.078228  10.374320  10.374320  4.779591  0.038893  2.863580e-01  5.298248e-01  5.298255e-01  0.026210  9.0746  4.518597e+05  1.342315e+04  2.772860e+57  4.738559e+56  2.332405e-06  1.824420e+109  +1  +1  1
35.1119  1039.4339  229.3427  524.0930  35.1119  2.061712  1.992880  0.068832  10.337190  10.337190  4.580246  0.033386  2.945826e-01  5.601503e-01  5.601523e-01  0.023769  7.1429  4.756443e+05  1.176821e+04  2.870173e+57  4.154303e+56  2.118336e-06  1.164475e+109  +1  +1  1
35.1119  1109.3497  229.3427  594.0138  35.1119  2.103928  2.043665  0.060262  10.288217  10.288217  4.381882  0.028643  3.020455e-01  5.892869e-01  5.892875e-01  0.021534  5.7105  4.986232e+05  1.026787e+04  2.957744e+57  3.624632e+56  1.848194e-06  7.481916e+108  +1  +1  1
35.1119  1188.6046  229.3427  673.2629  35.1119  2.138029  2.085520  0.052509  10.228196  10.228196  4.185459  0.024560  3.087424e-01  6.168719e-01  6.168726e-01  0.019547  4.6452  5.195574e+05  8.918202e+03  3.027681e+57  3.148164e+56  1.614948e-06  4.096756e+108  +1  +1  1
35.1119  1278.4252  229.3427  763.0849  35.1119  2.164287  2.118737  0.045549  10.158060  10.158060  3.991862  0.021046  3.146919e-01  6.426227e-01  6.426233e-01  0.017789  3.8427  5.382416e+05  7.712971e+03  3.079458e+57  2.722691e+56  1.322698e-06  2.178709e+108  +1  +1  1
35.1119  1380.2298  229.3427  864.8903  35.1119  2.183103  2.143757  0.039346  10.079151  10.079151  3.801881  0.018023  3.199130e-01  6.662640e-01  6.662645e-01  0.016246  3.2321  5.555955e+05  6.644089e+03  3.120322e+57  2.345356e+56  9.659904e-07  1.127223e+108  +1  +1  1
35.1119  1495.6207  229.3427  980.2778  35.1119  2.194983  2.161129  0.033855  9.992567  9.992567  3.616209  0.015424  3.244411e-01  6.876157e-01  6.876161e-01  0.014893  2.7618  5.715506e+05  5.702182e+03  3.150705e+57  2.012851e+56  5.995256e-07  4.008046e+107  +1  +1  1
35.1119  1626.3973  229.3427  1111.0596  35.1119  2.200513  2.171489  0.029024  9.899495  9.899495  3.435435  0.013190  3.283164e-01  7.065560e-01  7.065565e-01  0.013729  2.3993  5.849898e+05  4.877082e+03  3.163651e+57  1.721583e+56  1.966354e-07  -1.297431e+107  +1  -1  1
35.1119  1774.6318  229.3427  1259.2893  35.1119  2.200311  2.175511  0.024800  9.801155  9.801155  3.260048  0.011271  3.315800e-01  7.230116e-01  7.230120e-01  0.012721  2.1159  5.969128e+05  4.158251e+03  3.166925e+57  1.467831e+56  -3.451227e-07  -3.819012e+107  -1  -1  1
35.1119  1942.6373  229.3427  1427.2948  35.1119  2.195005  2.173880  0.021125  9.698731  9.698731  3.090434  0.009624  3.342738e-01  7.369582e-01  7.369585e-01  0.011851  1.8930  6.063447e+05  3.535147e+03  3.154540e+57  1.247874e+56  -9.849736e-07  -5.176143e+107  -1  -1  1
35.1119  2133.0527  229.3427  1617.7144  35.1119  2.185226  2.167282  0.017945  9.593471  9.593471  2.926891  0.008212  3.364359e-01  7.484007e-01  7.484010e-01  0.011102  1.7172  6.143504e+05  2.997501e+03  3.134458e+57  1.058085e+56  -1.803376e-06  -4.763830e+107  -1  -1  1
35.1119  2348.8827  229.3427  1833.5384  35.1119  2.171582  2.156379  0.015204  9.486362  9.486362  2.769626  0.007001  3.381102e-01  7.574187e-01  7.574189e-01  0.010460  1.5781  6.209821e+05  2.535536e+03  3.107687e+57  8.950125e+55  -2.885303e-06  -4.134145e+107  -1  -1  1
35.1119  2593.4963  229.3427  2078.1562  35.1119  2.154653  2.141801  0.012851  9.378517  9.378517  2.618769  0.005965  3.393319e-01  7.640879e-01  7.640882e-01  0.009910  1.4684  6.263203e+05  2.140108e+03  3.075288e+57  7.554286e+55  -4.395712e-06  -3.280882e+107  -1  -1  1
35.1119  2870.7514  229.3427  2355.4091  35.1119  2.134989  2.124149  0.010840  9.270938  9.270938  2.474383  0.005077  3.401368e-01  7.685231e-01  7.685232e-01  0.009444  1.3829  6.304787e+05  1.802801e+03  3.038526e+57  6.363616e+55  -1.007281e-05  -2.901697e+107  -1  -1  1
35.1119  3184.9955  229.3427  2669.6512  35.1119  2.113107  2.103980  0.009126  9.164591  9.164591  2.336468  0.004319  3.405571e-01  7.708526e-01  7.708528e-01  0.009051  1.3173  6.325365e+05  1.515967e+03  2.991171e+57  5.351118e+55  -2.425187e-05  -2.409299e+107  -1  -1  1
35.1119  3541.1532  229.3427  3025.8172  35.1119  2.089470  2.081800  0.007670  9.060166  9.060166  2.204974  0.003671  3.406290e-01  7.712519e-01  7.712520e-01  0.008723  1.2682  6.335780e+05  1.272737e+03  2.941008e+57  4.492546e+55  4.591070e-04  -1.848405e+107  +1  -1  1
35.1119  3944.8452  229.3427  3429.5004  35.1119  2.064525  2.058088  0.006437  8.958560  8.958560  2.079807  0.003118  3.403796e-01  7.698676e-01  7.698677e-01  0.008452  1.2333  6.337247e+05  1.067003e+03  2.889078e+57  3.766330e+55  3.973421e-04  -1.394703e+107  +1  -1  1
35.1119  4402.3826  229.3427  3887.0401  35.1119  2.038660  2.033266  0.005394  8.860343  8.860343  1.960837  0.002646  3.398410e-01  7.668893e-01  7.668894e-01  0.008233  1.2109  6.330556e+05  8.933784e+02  2.835997e+57  3.153459e+55  2.592596e-05  -1.039718e+107  +1  -1  1
35.1119  4920.9625  229.3427  4405.6215  35.1119  2.012241  2.007727  0.004514  8.766156  8.766156  1.847907  0.002243  3.390412e-01  7.624940e-01  7.624941e-01  0.008058  1.1991  6.316735e+05  7.471476e+02  2.782497e+57  2.637287e+55  1.530163e-05  -7.656346e+106  +1  -1  1
35.1119  5508.7341  229.3427  4993.3885  35.1119  1.985595  1.981821  0.003774  8.676539  8.676539  1.740835  0.001901  3.380070e-01  7.568591e-01  7.568591e-01  0.007925  1.1975  6.296720e+05  6.242124e+02  2.729179e+57  2.203345e+55  1.072178e-05  -5.824453e+106  +1  -1  1
35.1119  6174.9095  229.3427  5659.5711  35.1119  1.959013  1.955861  0.003152  8.591909  8.591909  1.639422  0.001609  3.367668e-01  7.501721e-01  7.501726e-01  0.007828  1.2049  6.263675e+05  5.210257e+02  2.671178e+57  1.839113e+55  8.245900e-06  -4.254232e+106  +1  -1  1
35.1119  6929.9756  229.3427  6414.6311  35.1119  1.932760  1.930129  0.002630  8.512630  8.512630  1.543469  0.001361  3.353480e-01  7.426154e-01  7.426154e-01  0.007762  1.2202  6.234164e+05  4.345463e+02  2.619893e+57  1.533857e+55  7.634345e-06  -2.994402e+106  +1  -1  1
35.1119  7785.7703  229.3427  7270.4259  35.1119  1.907071  1.904878  0.002193  8.439178  8.439178  1.452747  0.001150  3.337709e-01  7.343288e-01  7.343288e-01  0.007728  1.2438  6.193952e+05  3.621562e+02  2.565231e+57  1.278334e+55  6.031884e-06  -2.236175e+106  +1  -1  1
35.1119  8755.7337  229.3427  8240.3948  35.1119  1.882155  1.880327  0.001827  8.371620  8.371620  1.367039  0.000971  3.320683e-01  7.255147e-01  7.255148e-01  0.007718  1.2744  6.151415e+05  3.016313e+02  2.512820e+57  1.064693e+55  6.071424e-06  -1.545180e+106  +1  -1  1
35.1119  9855.1162  229.3427  9339.7702  35.1119  1.858192  1.856670  0.001522  8.310163  8.310163  1.286120  0.000819  3.302650e-01  7.163243e-01  7.163244e-01  0.007732  1.3119  6.114071e+05  2.510777e+02  2.467680e+57  8.862489e+54  5.728575e-06  -1.034190e+106  +1  -1  1
35.1119  11101.1575  229.3427  10585.8164  35.1119  1.835342  1.834076  0.001266  8.254906  8.254906  1.209769  0.000690  3.283875e-01  7.069097e-01  7.069097e-01  0.007761  1.3549  6.068806e+05  2.088908e+02  2.420398e+57  7.373379e+54  4.855863e-06  -7.572792e+105  +1  -1  1
35.1119  12513.4446  229.3427  11998.1012  35.1119  1.813741  1.812687  0.001054  8.205978  8.205978  1.137761  0.000581  3.264574e-01  6.973913e-01  6.973915e-01  0.007811  1.4043  6.023293e+05  1.737132e+02  2.376066e+57  6.131680e+54  4.953706e-06  -4.958310e+105  +1  -1  1
35.1119  14114.1489  229.3427  13598.8032  35.1119  1.793508  1.792632  0.000876  8.163319  8.163319  1.069890  0.000488  3.245026e-01  6.879114e-01  6.879114e-01  0.007873  1.4586  5.984391e+05  1.444033e+02  2.339211e+57  5.097107e+54  4.710574e-06  -3.314086e+105  +1  -1  1
35.1119  15928.3955  229.3427  15413.0595  35.1119  1.774732  1.774003  0.000728  8.126804  8.126804  1.005936  0.000410  3.225481e-01  6.785904e-01  6.785904e-01  0.007944  1.5169  5.939875e+05  1.199958e+02  2.301045e+57  4.235573e+54  4.081412e-06  -2.385294e+105  +1  -1  1
35.1119  17984.7070  229.3427  17469.3612  35.1119  1.757490  1.756885  0.000605  8.096309  8.096309  0.945697  0.000344  3.206177e-01  6.695338e-01  6.695339e-01  0.008022  1.5786  5.896664e+05  9.968226e+01  2.266121e+57  3.518552e+54  3.859228e-06  -1.594466e+105  +1  -1  1
35.1119  20310.1824  229.3427  19794.8396  35.1119  1.741867  1.741364  0.000503  8.071632  8.071632  0.889091  0.000289  3.187390e-01  6.608592e-01  6.608592e-01  0.008102  1.6417  5.855189e+05  8.281681e+01  2.234474e+57  2.923239e+54  3.751713e-06  -1.170444e+105  +1  -1  1

48.0638  103.0404  246.6555  1.0000  48.0638  2.076364  0.008332  2.068033  14.083277  4.478372  14.083277  0.995987  2.177617e-01  3.309968e-01  3.089885e-02  0.047456  64.6091  1.250078e+03  3.885298e+05  1.050745e+55  1.349622e+58  4.497238e-06  5.248760e+109  +1  +1  0
48.0638  107.6573  246.6555  1.1334  48.0638  2.070076  0.009688  2.060388  14.068007  4.566384  14.068007  0.995320  2.173378e-01  3.299985e-01  3.245207e-02  0.047540  65.3563  1.455296e+03  3.869263e+05  1.220355e+55  1.344339e+58  4.504987e-06  5.154174e+109  +1  +1  0
48.0638  113.1115  246.6555  1.2846  48.0638  2.063042  0.011239  2.051803  14.050783  4.657625  14.050783  0.994552  2.168648e-01  3.288871e-01  3.412297e-02  0.047634  66.2040  1.690445e+03  3.851328e+05  1.412494e+55  1.338423e+58  4.505818e-06  5.135438e+109  +1  +1  0
48.0638  119.1072  246.6555  1.4560  48.0638  2.055094  0.013021  2.042073  14.030923  4.752427  14.030923  0.993664  2.163352e-01  3.276460e-01  3.592815e-02  0.047734  67.1585  1.961302e+03  3.830946e+05  1.632126e+55  1.331681e+58  4.511519e-06  5.669407e+109  +1  +1  0
48.0638  125.0167  246.6555  1.6503  48.0638  2.046261  0.015069  2.031192  14.008681  4.850757  14.008681  0.992636  2.157473e-01  3.262724e-01  3.787802e-02  0.047844  68.2353  2.273174e+03  3.808318e+05  1.883492e+55  1.324187e+58  4.532318e-06  6.175688e+109  +1  +1  0
48.0638  131.6026  246.6555  1.8704  48.0638  2.036378  0.017421  2.018957  13.983430  4.952715  13.983430  0.991445  2.150930e-01  3.247485e-01  3.998610e-02  0.047962  69.4499  2.632310e+03  3.782945e+05  2.171472e+55  1.315767e+58  4.551329e-06  6.878381e+109  +1  +1  0
48.0638  137.9494  246.6555  2.1200  48.0638  2.025413  0.020122  2.005291  13.955098  5.058318  13.955098  0.990065  2.143692e-01  3.230689e-01  4.226631e-02  0.048092  70.8217  3.045861e+03  3.754799e+05  2.501579e+55  1.306412e+58  4.562019e-06  6.255247e+109  +1  +1  0
48.0638  152.7256  246.6555  2.4028  48.0638  2.013403  0.023024  1.990379  13.923847  5.159772  13.923847  0.988565  2.135763e-01  3.212363e-01  4.456160e-02  0.048228  72.3502  3.491386e+03  3.723988e+05  2.855699e+55  1.296162e+58  4.571945e-06  9.868769e+109  +1  +1  0
48.0638  157.6382  246.6555  2.7234  48.0638  1.999995  0.026393  1.973603  13.888453  5.265000  13.888453  0.986804  2.126947e-01  3.192078e-01  4.706470e-02  0.048385  74.1030  4.010030e+03  3.689581e+05  3.266327e+55  1.284691e+58  4.599118e-06  1.283314e+110  +1  +1  0
48.0638  162.7167  246.6555  3.0867  48.0638  1.984884  0.030357  1.954527  13.847702  5.377067  13.847702  0.984706  2.117089e-01  3.169503e-01  4.985746e-02  0.048537  76.0834  4.622439e+03  3.650686e+05  3.749571e+55  1.271688e+58  4.625399e-06  1.459664e+110  +1  +1  0
48.0638  167.9681  246.6555  3.4985  48.0638  1.967935  0.034998  1.932937  13.801041  5.496195  13.801041  0.982216  2.106108e-01  3.144493e-01  5.296675e-02  0.048702  78.3517  5.342103e+03  3.606972e+05  4.315659e+55  1.257032e+58  4.654197e-06  1.653251e+110  +1  +1  0
48.0638  173.4000  246.6555  3.9652  48.0638  1.948984  0.040412  1.908572  13.747637  5.622520  13.747637  0.979265  2.093928e-01  3.116919e-01  5.642245e-02  0.048875  80.9436  6.185314e+03  3.557946e+05  4.976873e+55  1.240548e+58  4.682518e-06  1.866518e+110  +1  +1  0
48.0638  179.0190  246.6555  4.4943  48.0638  1.927834  0.046710  1.881125  13.686555  5.756187  13.686555  0.975771  2.080450e-01  3.086605e-01  6.025830e-02  0.049052  83.9036  7.170927e+03  3.503071e+05  5.747367e+55  1.222041e+58  4.715277e-06  2.101443e+110  +1  +1  0
48.0638  184.8335  246.6555  5.0939  48.0638  1.904344  0.054018  1.850326  13.616948  5.897251  13.616948  0.971634  2.065605e-01  3.053463e-01  6.451118e-02  0.049229  87.2754  8.320869e+03  3.441956e+05  6.643490e+55  1.201368e+58  4.751442e-06  2.359956e+110  +1  +1  0
48.0638  190.8524  246.6555  5.7734  48.0638  1.878330  0.062480  1.815850  13.537623  6.045800  13.537623  0.966736  2.049327e-01  3.017405e-01  6.922334e-02  0.049406  91.1231  9.660282e+03  3.374028e+05  7.683898e+55  1.178316e+58  4.786854e-06  2.641875e+110  +1  +1  0
48.0638  197.0844  246.6555  6.5437  48.0638  1.849574  0.072256  1.777318  13.447123  6.201785  13.447123  0.960934  2.031534e-01  2.978334e-01  7.443806e-02  0.049571  95.5037  1.121776e+04  3.298608e+05  8.889649e+55  1.152636e+58  4.824840e-06  2.948490e+110  +1  +1  0
48.0638  203.5396  246.6555  7.4167  48.0638  1.817977  0.083523  1.734454  13.344219  6.365206  13.344219  0.954057  2.012227e-01  2.936333e-01  8.020369e-02  0.049724  100.4828  1.302608e+04  3.215327e+05  1.028461e+56  1.124183e+58  4.868867e-06  3.279247e+110  +1  +1  0
48.0638  210.2287  246.6555  8.4062  48.0638  1.783465  0.096480  1.686985  13.227535  6.535912  13.227535  0.945903  1.991440e-01  2.891566e-01  8.657251e-02  0.049850  106.1055  1.512206e+04  3.123837e+05  1.189536e+56  1.092818e+58  4.916554e-06  3.632729e+110  +1  +1  0
48.0638  217.1631  246.6555  9.5277  48.0638  1.745994  0.111342  1.634651  13.095417  6.713736  13.095417  0.936230  1.969269e-01  2.844325e-01  9.360230e-02  0.049942  112.4224  1.754720e+04  3.023758e+05  1.375171e+56  1.058387e+58  4.966682e-06  4.005666e+110  +1  +1  0
48.0638  224.3537  246.6555  10.7988  48.0638  1.705621  0.128347  1.577274  12.946200  6.891951  12.946200  0.924751  1.945906e-01  2.795104e-01  1.012464e-01  0.049994  119.4589  2.034870e+04  2.914891e+05  1.588693e+56  1.020796e+58  5.021494e-06  4.393516e+110  +1  +1  0
48.0638  231.8138  246.6555  12.2395  48.0638  1.662545  0.147749  1.514797  12.778338  7.073121  12.778338  0.911131  1.921679e-01  2.744653e-01  1.096159e-01  0.049995  127.1843  2.357878e+04  2.797310e+05  1.833757e+56  9.800494e+57  5.081200e-06  4.787609e+110  +1  +1  0
48.0638  239.5612  246.6555  13.8724  48.0638  1.617124  0.169820  1.447304  12.590299  7.261183  12.590299  0.894986  1.897095e-01  2.694065e-01  1.188507e-01  0.049933  135.4736  2.729566e+04  2.671300e+05  2.114355e+56  9.362219e+57  5.146283e-06  5.178326e+110  +1  +1  0
48.0638  247.6067  246.6555  15.7232  48.0638  1.569956  0.194848  1.375108  12.380966  7.455803  12.380966  0.875889  1.872900e-01  2.644863e-01  1.290305e-01  0.049817  144.1156  3.156295e+04  2.537583e+05  2.434770e+56  8.895467e+57  5.219723e-06  5.555430e+110  +1  +1  0
48.0638  255.9695  246.6555  17.8208  48.0638  1.521897  0.223134  1.298764  12.149691  7.656437  12.149691  0.853385  1.850128e-01  2.599071e-01  1.402346e-01  0.049660  152.7228  3.645352e+04  2.397289e+05  2.799867e+56  8.404043e+57  5.300861e-06  5.899893e+110  +1  +1  0
48.0638  264.6662  246.6555  20.1984  48.0638  1.474059  0.254982  1.219077  11.896288  7.862472  11.896288  0.827021  1.830143e-01  2.559292e-01  1.525484e-01  0.049510  160.7600  4.204169e+04  2.251857e+05  3.214428e+56  7.892916e+57  5.395671e-06  6.191293e+110  +1  +1  0
48.0638  273.7197  246.6555  22.8931  48.0638  1.427991  0.290700  1.137291  11.622295  8.073051  11.622295  0.796427  1.814743e-01  2.528895e-01  1.660563e-01  0.049452  167.5007  4.840984e+04  2.103590e+05  3.683618e+56  7.370222e+57  5.517794e-06  6.417355e+110  +1  +1  0
48.0638  283.1505  246.6555  25.9473  48.0638  1.385476  0.330589  1.054887  11.330307  8.287179  11.330307  0.761389  1.806088e-01  2.511908e-01  1.808424e-01  0.049638  172.1978  5.565024e+04  1.955024e+05  4.213167e+56  6.845060e+57  5.688731e-06  6.559552e+110  +1  +1  0
48.0638  292.9824  246.6555  29.4090  48.0638  1.348534  0.374935  0.973599  11.024668  8.504093  11.024668  0.721969  1.806666e-01  2.513040e-01  1.969928e-01  0.050300  174.2168  6.385367e+04  1.809055e+05  4.808302e+56  6.327947e+57  5.498992e-06  6.023255e+110  +1  +1  0
48.0638  548.6687  246.6555  33.3326  48.0638  1.309454  0.394678  0.914776  10.802834  8.580535  10.802834  0.698593  1.790335e-01  2.481165e-01  2.030324e-01  0.051538  186.7954  6.749414e+04  1.697045e+05  5.069720e+56  5.940510e+57  5.177092e-06  3.901864e+110  +1  +1  1
48.0638  553.1161  246.6555  37.7796  48.0638  1.266360  0.413799  0.852561  10.557518  8.625885  10.557518  0.673238  1.771646e-01  2.444986e-01  2.081839e-01  0.052940  202.2130  7.100466e+04  1.578845e+05  5.316714e+56  5.531136e+57  5.251027e-06  4.077897e+110  +1  +1  1
48.0638  558.1558  246.6555  42.8198  48.0638  1.223108  0.437799  0.785310  10.275287  8.671844  10.275287  0.642061  1.758136e-01  2.419028e-01  2.146983e-01  0.054705  217.1061  7.546116e+04  1.452897e+05  5.626596e+56  5.092239e+57  5.407561e-06  4.522118e+110  +1  +1  1
48.0638  563.8691  246.6555  48.5326  48.0638  1.182507  0.466960  0.715547  9.961778  8.720526  9.961778  0.605110  1.753269e-01  2.409716e-01  2.226999e-01  0.057116  229.8374  8.098636e+04  1.323718e+05  6.007601e+56  4.639826e+57  5.617433e-06  4.766071e+110  +1  +1  1
48.0638  570.3441  246.6555  55.0074  48.0638  1.147562  0.501594  0.645968  9.625097  8.773433  9.625097  0.562905  1.760974e-01  2.424467e-01  2.322950e-01  0.060573  238.4653  8.765143e+04  1.195986e+05  6.463278e+56  4.190678e+57  6.013021e-06  4.777517e+110  +1  +1  1
48.0638  577.6823  246.6555  62.3461  48.0638  1.121263  0.541974  0.579289  9.276328  8.831666  9.276328  0.516640  1.785307e-01  2.471401e-01  2.435037e-01  0.065554  240.9607  9.559207e+04  1.074265e+05  7.001555e+56  3.761371e+57  7.381669e-06  4.595728e+110  +1  +1  1
48.0638  586.0010  246.6555  70.6639  48.0638  1.106191  0.588296  0.517894  8.928819  8.896123  8.928819  0.468178  1.829859e-01  2.558729e-01  2.558792e-01  0.072571  235.8232  1.048697e+05  9.624273e+04  7.624737e+56  3.366173e+57  -1.014826e-05  4.255326e+110  -1  +1  1
48.0638  595.4279  246.6555  80.0914  48.0638  1.104147  0.640787  0.463359  8.978898  8.978898  8.595653  0.419654  1.816291e-01  2.531940e-01  2.531980e-01  0.068266  230.2433  1.156210e+05  8.629389e+04  8.340241e+56  3.014373e+57  -1.458516e-06  3.837942e+110  -1  +1  1
48.0638  606.1136  246.6555  90.7766  48.0638  1.116101  0.700638  0.415463  9.090739  9.090739  8.280298  0.372245  1.813368e-01  2.526192e-01  2.526226e-01  0.063127  214.6307  1.279390e+05  7.753079e+04  9.153741e+56  2.704341e+57  3.522012e-06  3.486469e+110  +1  +1  1
48.0638  618.2249  246.6555  102.8874  48.0638  1.142390  0.768939  0.373451  9.224415  9.224415  7.981997  0.326904  1.829184e-01  2.557392e-01  2.557420e-01  0.057999  188.8168  1.425026e+05  6.983232e+04  1.011012e+57  2.431849e+57  3.922031e-06  3.156577e+110  +1  +1  1
48.0638  631.9498  246.6555  116.6139  48.0638  1.182517  0.845560  0.336957  9.370623  9.370623  7.703122  0.284949  1.863891e-01  2.626687e-01  2.626803e-01  0.054581  161.7511  1.591114e+05  6.311765e+04  1.119052e+57  2.194280e+57  4.100767e-06  2.754473e+110  +1  +1  1
48.0638  647.5096  246.6555  132.1717  48.0638  1.235109  0.929432  0.305677  9.520095  9.520095  7.447393  0.247490  1.916221e-01  2.733371e-01  2.733393e-01  0.052258  134.8432  1.775689e+05  5.730710e+04  1.237587e+57  1.989129e+57  4.084563e-06  2.389207e+110  +1  +1  1
48.0638  665.1426  246.6555  149.8051  48.0638  1.298027  1.018918  0.279110  9.664163  9.664163  7.217085  0.215026  1.983815e-01  2.875261e-01  2.875281e-01  0.049569  107.5500  1.983474e+05  5.228790e+04  1.369203e+57  1.812659e+57  4.006368e-06  2.025039e+110  +1  +1  1
48.0638  685.1283  246.6555  169.7911  48.0638  1.368771  1.112177  0.256594  9.796686  9.796686  7.012751  0.187463  2.063637e-01  3.049086e-01  3.049104e-01  0.047091  83.8837  2.202990e+05  4.792583e+04  1.505251e+57  1.660283e+57  3.939028e-06  1.674898e+110  +1  +1  1
48.0638  707.7821  246.6555  192.4434  48.0638  1.444783  1.207809  0.236973  9.913717  9.913717  6.829066  0.164020  2.152522e-01  3.251188e-01  3.251204e-01  0.044566  64.2944  2.439647e+05  4.402456e+04  1.648881e+57  1.524976e+57  3.783978e-06  1.400597e+110  +1  +1  1
48.0638  733.4544  246.6555  218.1178  48.0638  1.524022  1.306160  0.217862  10.013549  10.013549  6.640968  0.142952  2.247940e-01  3.478950e-01  3.478964e-01  0.041952  48.7230  2.690619e+05  4.024423e+04  1.797533e+57  1.394001e+57  3.638027e-06  1.141178e+110  +1  +1  1
48.0638  762.5564  246.6555  247.2176  48.0638  1.604744  1.405631  0.199113  10.095940  10.095940  6.445353  0.124078  2.347689e-01  3.730072e-01  3.730086e-01  0.039402  36.8322  2.954482e+05  3.657322e+04  1.949690e+57  1.266817e+57  3.457632e-06  9.185234e+109  +1  +1  1
48.0638  795.5386  246.6555  280.1996  48.0638  1.685066  1.504164  0.180902  10.160815  10.160815  6.243134  0.107356  2.449458e-01  4.001313e-01  4.001329e-01  0.036580  27.6567  3.229089e+05  3.304300e+04  2.103413e+57  1.144516e+57  3.289014e-06  7.174501e+109  +1  +1  1
48.0638  832.9189  246.6555  317.5819  48.0638  1.763103  1.599716  0.163387  10.208363  10.208363  6.035335  0.092670  2.550958e-01  4.288507e-01  4.288521e-01  0.033895  20.9186  3.505007e+05  2.968096e+04  2.251849e+57  1.028045e+57  3.094444e-06  5.522507e+109  +1  +1  1
48.0638  875.2916  246.6555  359.9514  48.0638  1.837118  1.690410  0.146708  10.238864  10.238864  5.823071  0.079857  2.650128e-01  4.586898e-01  4.586910e-01  0.031118  15.8705  3.786406e+05  2.650958e+04  2.397940e+57  9.181829e+56  2.876036e-06  4.135292e+109  +1  +1  1
48.0638  923.3117  246.6555  407.9736  48.0638  1.905622  1.774645  0.130977  10.252733  10.252733  5.607512  0.068732  2.745230e-01  4.891343e-01  4.891354e-01  0.028496  12.1841  4.061647e+05  2.354594e+04  2.533640e+57  8.155206e+56  2.693819e-06  2.937213e+109  +1  +1  1
48.0638  977.7420  246.6555  462.4025  48.0638  1.967452  1.851171  0.116281  10.250420  10.250420  5.389860  0.059102  2.834942e-01  5.196731e-01  5.196743e-01  0.026024  9.4746  4.326760e+05  2.080152e+04  2.656512e+57  7.204550e+56  2.504564e-06  1.961579e+109  +1  +1  1
48.0638  1039.4339  246.6555  524.0930  48.0638  2.021805  1.919127  0.102678  10.232843  10.232843  5.171313  0.050785  2.918264e-01  5.497876e-01  5.497887e-01  0.023682  7.4593  4.577235e+05  1.828231e+04  2.763949e+57  6.331930e+56  2.258632e-06  1.316231e+109  +1  +1  1
48.0638  1109.3497  246.6555  594.0138  48.0638  2.068216  1.978018  0.090198  10.200842  10.200842  4.953040  0.043611  2.994619e-01  5.790159e-01  5.790170e-01  0.021556  5.9672  4.820320e+05  1.598919e+04  2.861674e+57  5.537646e+56  1.997450e-06  8.532656e+108  +1  +1  1
48.0638  1188.6046  246.6555  673.2629  48.0638  2.106532  2.027689  0.078844  10.155587  10.155587  4.736152  0.037428  3.063689e-01  6.069319e-01  6.069329e-01  0.019629  4.8483  5.043133e+05  1.391849e+04  2.941489e+57  4.820421e+56  1.733448e-06  5.098889e+108  +1  +1  1
48.0638  1278.4252  246.6555  763.0849  48.0638  2.136846  2.068249  0.068598  10.098265  10.098265  4.521688  0.032102  3.125418e-01  6.331753e-01  6.331762e-01  0.017904  4.0023  5.253648e+05  1.206273e+04  3.009852e+57  4.177658e+56  1.447921e-06  2.969661e+108  +1  +1  1
48.0638  1380.2298  246.6555  864.8903  48.0638  2.159461  2.100040  0.059421  10.030253  10.030253  4.310590  0.027517  3.179913e-01  6.574441e-01  6.574448e-01  0.016367  3.3559  5.439971e+05  1.041136e+04  3.059360e+57  3.605702e+56  1.147508e-06  1.376044e+108  +1  +1  1
48.0638  1495.6207  246.6555  980.2778  48.0638  2.174822  2.123561  0.051261  9.952957  9.952957  4.103697  0.023570  3.227403e-01  6.795001e-01  6.795008e-01  0.015019  2.8595  5.611818e+05  8.951600e+03  3.097779e+57  3.100120e+56  8.007852e-07  4.206186e+107  +1  +1  1
48.0638  1626.3973  246.6555  1111.0596  48.0638  2.183479  2.139427  0.044052  9.867736  9.867736  3.901738  0.020175  3.268234e-01  6.991839e-01  6.991846e-01  0.013854  2.4770  5.757383e+05  7.669148e+03  3.117686e+57  2.655955e+56  4.219421e-07  -1.894070e+107  +1  -1  1
48.0638  1774.6318  246.6555  1259.2893  48.0638  2.186044  2.148320  0.037724  9.775963  9.775963  3.705325  0.017257  3.302790e-01  7.163948e-01  7.163954e-01  0.012835  2.1773  5.887263e+05  6.548878e+03  3.127392e+57  2.267967e+56  -4.570846e-08  -3.723309e+107  -1  -1  1
48.0638  1942.6373  246.6555  1427.2948  48.0638  2.183156  2.150957  0.032199  9.679009  9.679009  3.514961  0.014749  3.331467e-01  7.310817e-01  7.310822e-01  0.011953  1.9419  6.001520e+05  5.575405e+03  3.127773e+57  1.930824e+56  -6.610618e-07  -4.711300e+107  -1  -1  1
48.0638  2133.0527  246.6555  1617.7144  48.0638  2.175464  2.148062  0.027401  9.578215  9.578215  3.331042  0.012596  3.354663e-01  7.432417e-01  7.432421e-01  0.011193  1.7563  6.090318e+05  4.733554e+03  3.112585e+57  1.639269e+56  -1.406358e-06  -5.317178e+107  -1  -1  1
48.0638  2348.8827  246.6555  1833.5384  48.0638  2.163605  2.140350  0.023255  9.474821  9.474821  3.153860  0.010748  3.372784e-01  7.529214e-01  7.529218e-01  0.010539  1.6098  6.164226e+05  4.008723e+03  3.089848e+57  1.388245e+56  -2.377742e-06  -4.678778e+107  -1  -1  1
48.0638  2593.4963  246.6555  2078.1562  48.0638  2.148189  2.128502  0.019687  9.369978  9.369978  2.983618  0.009164  3.386222e-01  7.602046e-01  7.602050e-01  0.009980  1.4943  6.224315e+05  3.387136e+03  3.060863e+57  1.172979e+56  -4.617395e-06  -4.205321e+107  -1  -1  1
48.0638  2870.7514  246.6555  2355.4091  48.0638  2.129797  2.113168  0.016629  9.264870  9.264870  2.820434  0.007808  3.395318e-01  7.651860e-01  7.651863e-01  0.009505  1.4044  6.262041e+05  2.856018e+03  3.020152e+57  9.890453e+55  -6.214144e-06  -3.502039e+107  -1  -1  1
48.0638  3184.9955  246.6555  2669.6512  48.0638  2.108969  2.094952  0.014017  9.160402  9.160402  2.664354  0.006646  3.400458e-01  7.680200e-01  7.680202e-01  0.009104  1.3350  6.297511e+05  2.403689e+03  2.982011e+57  8.323985e+55  -1.695145e-05  -2.663308e+107  -1  -1  1
48.0638  3541.1532  246.6555  3025.8172  48.0638  2.086212  2.074418  0.011794  9.057491  9.057491  2.515361  0.005653  3.401983e-01  7.688632e-01  7.688634e-01  0.008767  1.2827  6.312400e+05  2.019597e+03  2.933832e+57  6.993845e+55  -1.045600e-04  -2.169366e+107  -1  -1  1
48.0638  3944.8452  246.6555  3429.5004  48.0638  2.061985  2.052078  0.009907  8.957023  8.957023  2.373381  0.004804  3.400191e-01  7.678727e-01  7.678729e-01  0.008491  1.2456  6.317673e+05  1.694317e+03  2.883497e+57  5.867381e+55  -1.992439e-04  -1.640716e+107  -1  -1  1
48.0638  4402.3826  246.6555  3887.0401  48.0638  2.036710  2.028401  0.008309  8.859711  8.859711  2.238301  0.004080  3.395403e-01  7.652329e-01  7.652331e-01  0.008266  1.2211  6.314296e+05  1.419501e+03  2.831749e+57  4.915682e+55  3.439843e-05  -1.224964e+107  +1  -1  1
48.0638  4920.9625  246.6555  4405.6215  48.0638  2.010768  2.003808  0.006960  8.766200  8.766200  2.109965  0.003461  3.387912e-01  7.611268e-01  7.611269e-01  0.008088  1.2080  6.303280e+05  1.187817e+03  2.779311e+57  4.113355e+55  1.700297e-05  -9.037025e+106  +1  -1  1
48.0638  5508.7341  246.6555  4993.3885  48.0638  1.984502  1.978679  0.005823  8.677034  8.677034  1.988194  0.002934  3.378017e-01  7.557466e-01  7.557467e-01  0.007950  1.2049  6.285613e+05  9.928689e+02  2.726821e+57  3.438250e+55  1.138464e-05  -6.991638e+106  +1  -1  1
48.0638  6174.9095  246.6555  5659.5711  48.0638  1.958225  1.953359  0.004866  8.592777  8.592777  1.872781  0.002485  3.365974e-01  7.492645e-01  7.492646e-01  0.007850  1.2112  6.254597e+05  8.291132e+02  2.669506e+57  2.871166e+55  8.491482e-06  -5.034995e+106  +1  -1  1
48.0638  6929.9756  246.6555  6414.6311  48.0638  1.932209  1.928146  0.004063  8.513643  8.513643  1.763507  0.002103  3.352126e-01  7.418992e-01  7.418993e-01  0.007779  1.2253  6.226706e+05  6.917684e+02  2.618702e+57  2.395545e+55  7.828988e-06  -3.548425e+106  +1  -1  1
48.0638  7785.7703  246.6555  7270.4259  48.0638  1.906708  1.903318  0.003390  8.440306  8.440306  1.660137  0.001778  3.336627e-01  7.337645e-01  7.337646e-01  0.007743  1.2482  6.187887e+05  5.767323e+02  2.564438e+57  1.997179e+55  6.121623e-06  -2.652432e+106  +1  -1  1
48.0638  8755.7337  246.6555  8240.3948  48.0638  1.881933  1.879107  0.002826  8.372771  8.372771  1.562432  0.001501  3.319835e-01  7.250792e-01  7.250793e-01  0.007731  1.2780  6.146480e+05  4.804969e+02  2.512310e+57  1.663920e+55  6.152436e-06  -1.787237e+106  +1  -1  1
48.0638  9855.1162  246.6555  9339.7702  48.0638  1.858079  1.855725  0.002354  8.311363  8.311363  1.470147  0.001267  3.301973e-01  7.159820e-01  7.159821e-01  0.007742  1.3148  6.110128e+05  4.000764e+02  2.467422e+57  1.385429e+55  5.798931e-06  -1.227691e+106  +1  -1  1
48.0638  11101.1575  246.6555  10585.8164  48.0638  1.835310  1.833350  0.001960  8.256095  8.256095  1.383037  0.001068  3.283343e-01  7.066453e-01  7.066454e-01  0.007772  1.3579  6.065665e+05  3.329363e+02  2.420316e+57  1.152927e+55  4.893285e-06  -8.998271e+105  +1  -1  1
48.0638  12513.4446  246.6555  11998.1012  48.0638  1.813767  1.812136  0.001631  8.207079  8.207079  1.300859  0.000899  3.264183e-01  6.972000e-01  6.972000e-01  0.007818  1.4064  6.020784e+05  2.769312e+02  2.376093e+57  9.589857e+54  4.986670e-06  -5.896535e+105  +1  -1  1
48.0638  14114.1489  246.6555  13598.8032  48.0638  1.793573  1.792216  0.001356  8.164328  8.164328  1.223371  0.000756  3.244742e-01  6.877750e-01  6.877751e-01  0.007879  1.4603  5.982392e+05  2.302493e+02  2.339309e+57  7.973297e+54  4.739362e-06  -3.942762e+105  +1  -1  1
48.0638  15928.3955  246.6555  15413.0595  48.0638  1.774824  1.773696  0.001128  8.127722  8.127722  1.150339  0.000635  3.225284e-01  6.784971e-01  6.784971e-01  0.007949  1.5183  5.938306e+05  1.913646e+02  2.301199e+57  6.626755e+54  4.099723e-06  -2.838821e+105  +1  -1  1
48.0638  17984.7070  246.6555  17469.3612  48.0638  1.757598  1.756661  0.000937  8.097115  8.097115  1.081533  0.000533  3.206054e-01  6.694766e-01  6.694766e-01  0.008026  1.5796  5.895426e+05  1.589938e+02  2.266297e+57  5.505783e+54  3.874143e-06  -1.898480e+105  +1  -1  1
48.0638  20310.1824  246.6555  19794.8396  48.0638  1.741980  1.741201  0.000779  8.072351  8.072351  1.016864  0.000447  3.187313e-01  6.608237e-01  6.608237e-01  0.008105  1.6427  5.854220e+05  1.321110e+02  2.234662e+57  4.574859e+54  3.765725e-06  -1.393662e+105  +1  -1  1

65.7933  103.0404  269.3669  1.0000  65.7933  2.448933  0.006684  2.442249  14.681495  4.146124  14.681495  0.997271  2.463702e-01  4.040575e-01  2.862833e-02  0.038030  27.9313  1.002065e+03  4.814424e+05  8.423416e+54  1.634296e+58  4.166730e-06  3.205432e+109  +1  +1  0
65.7933  107.6573  269.3669  1.1334  65.7933  2.444397  0.007787  2.436609  14.672476  4.230637  14.672476  0.996814  2.460650e-01  4.032135e-01  3.008796e-02  0.038093  28.1514  1.168768e+03  4.801871e+05  9.801272e+54  1.630372e+58  4.123184e-06  3.150910e+109  +1  +1  0
65.7933  113.1115  269.3669  1.2846  65.7933  2.439094  0.009053  2.430041  14.661359  4.318381  14.661359  0.996289  2.457174e-01  4.022540e-01  3.165952e-02  0.038162  28.4029  1.360344e+03  4.786930e+05  1.136681e+55  1.625664e+58  4.079770e-06  3.147954e+109  +1  +1  0
65.7933  119.1072  269.3669  1.4560  65.7933  2.433160  0.010511  2.422649  14.648797  4.409673  14.648797  0.995680  2.453299e-01  4.011867e-01  3.335845e-02  0.038238  28.6848  1.581611e+03  4.770208e+05  1.316128e+55  1.620385e+58  4.094224e-06  3.488954e+109  +1  +1  0
65.7933  125.0167  269.3669  1.6503  65.7933  2.426459  0.012191  2.414267  14.634418  4.504514  14.634418  0.994976  2.448945e-01  3.999906e-01  3.519497e-02  0.038322  29.0041  1.837111e+03  4.751306e+05  1.522095e+55  1.614403e+58  4.106753e-06  3.812195e+109  +1  +1  0
65.7933  131.6026  269.3669  1.8704  65.7933  2.418947  0.014127  2.404820  14.618091  4.602977  14.618091  0.994160  2.444091e-01  3.986605e-01  3.718155e-02  0.038413  29.3626  2.132162e+03  4.730100e+05  1.758728e+55  1.607677e+58  4.123744e-06  4.260115e+109  +1  +1  0
65.7933  137.9494  269.3669  2.1200  65.7933  2.410505  0.016357  2.394148  14.599517  4.705161  14.599517  0.993214  2.438659e-01  3.971767e-01  3.933234e-02  0.038514  29.7695  2.472937e+03  4.706269e+05  2.030806e+55  1.600100e+58  4.139476e-06  3.889426e+109  +1  +1  0
65.7933  152.7256  269.3669  2.4028  65.7933  2.401332  0.018769  2.382563  14.579327  4.803874  14.579327  0.992184  2.432744e-01  3.955662e-01  4.150668e-02  0.038622  30.2177  2.842521e+03  4.680448e+05  2.324632e+55  1.591890e+58  4.151001e-06  6.193786e+109  +1  +1  0
65.7933  157.6382  269.3669  2.7234  65.7933  2.390913  0.021577  2.369336  14.555966  4.906450  14.555966  0.990975  2.426076e-01  3.937573e-01  4.387846e-02  0.038741  30.7300  3.273903e+03  4.651071e+05  2.666263e+55  1.582518e+58  4.171007e-06  8.072655e+109  +1  +1  0
65.7933  162.7167  269.3669  3.0867  65.7933  2.379114  0.024888  2.354227  14.529033  5.015758  14.529033  0.989539  2.418579e-01  3.917319e-01  4.652318e-02  0.038880  31.3206  3.784039e+03  4.617787e+05  3.068916e+55  1.571866e+58  4.201203e-06  9.210778e+109  +1  +1  0
65.7933  167.9681  269.3669  3.4985  65.7933  2.365768  0.028771  2.336998  14.498006  5.131904  14.498006  0.987839  2.410158e-01  3.894676e-01  4.946482e-02  0.039017  31.9838  4.384605e+03  4.580138e+05  3.541438e+55  1.559777e+58  4.225697e-06  1.046842e+110  +1  +1  0
65.7933  173.4000  269.3669  3.9652  65.7933  2.350683  0.033310  2.317373  14.462089  5.255090  14.462089  0.985830  2.400737e-01  3.869472e-01  5.273268e-02  0.039165  32.7406  5.089711e+03  4.537464e+05  4.094491e+55  1.546020e+58  4.250923e-06  1.186647e+110  +1  +1  0
65.7933  179.0190  269.3669  4.4943  65.7933  2.333686  0.038604  2.295081  14.420813  5.385487  14.420813  0.983458  2.390200e-01  3.841444e-01  5.635920e-02  0.039327  33.6065  5.915771e+03  4.489387e+05  4.740431e+55  1.530468e+58  4.283682e-06  1.342439e+110  +1  +1  0
65.7933  184.8335  269.3669  5.0939  65.7933  2.314592  0.044764  2.269828  14.373377  5.523183  14.373377  0.980660  2.378467e-01  3.810435e-01  6.037931e-02  0.039499  34.5948  6.881867e+03  4.435324e+05  5.493472e+55  1.512915e+58  4.310546e-06  1.515001e+110  +1  +1  0
65.7933  190.8524  269.3669  5.7734  65.7933  2.293118  0.051916  2.241202  14.318575  5.668192  14.318575  0.977360  2.365420e-01  3.776195e-01  6.483057e-02  0.039678  35.7209  8.009834e+03  4.374361e+05  6.369854e+55  1.493037e+58  4.353396e-06  1.706895e+110  +1  +1  0
65.7933  197.0844  269.3669  6.5437  65.7933  2.269227  0.060203  2.209025  14.256480  5.820598  14.256480  0.973470  2.350971e-01  3.738575e-01  6.975706e-02  0.039869  37.0094  9.325143e+03  4.306758e+05  7.388333e+55  1.470928e+58  4.396691e-06  1.918938e+110  +1  +1  0
65.7933  203.5396  269.3669  7.4167  65.7933  2.242447  0.069784  2.172663  14.184611  5.980404  14.184611  0.968880  2.334997e-01  3.697338e-01  7.520629e-02  0.040060  38.4759  1.085642e+04  4.230674e+05  8.569920e+55  1.445928e+58  4.428475e-06  2.150529e+110  +1  +1  0
65.7933  210.2287  269.3669  8.4062  65.7933  2.212671  0.080839  2.131832  14.102375  6.147506  14.102375  0.963465  2.317427e-01  3.652408e-01  8.122762e-02  0.040253  40.1490  1.263658e+04  4.145995e+05  9.938320e+55  1.417991e+58  4.474358e-06  2.404639e+110  +1  +1  0
65.7933  217.1631  269.3669  9.5277  65.7933  2.179668  0.093565  2.086104  14.008282  6.321805  14.008282  0.957074  2.298197e-01  3.603734e-01  8.787546e-02  0.040440  42.0520  1.470296e+04  4.051968e+05  1.152053e+56  1.386836e+58  4.520969e-06  2.679591e+110  +1  +1  0
65.7933  224.3537  269.3669  10.7988  65.7933  2.143223  0.108178  2.035045  13.900640  6.497119  13.900640  0.949525  2.277269e-01  3.551352e-01  9.510782e-02  0.040617  44.2125  1.709760e+04  3.947844e+05  1.334618e+56  1.352181e+58  4.571576e-06  2.975423e+110  +1  +1  0
65.7933  231.8138  269.3669  12.2395  65.7933  2.103231  0.124917  1.978314  13.777906  6.675851  13.777906  0.940607  2.254682e-01  3.495491e-01  1.030314e-01  0.040774  46.6513  1.986837e+04  3.833193e+05  1.544909e+56  1.313851e+58  4.627190e-06  3.288892e+110  +1  +1  0
65.7933  239.5612  269.3669  13.8724  65.7933  2.059586  0.144038  1.915548  13.638146  6.861643  13.638146  0.930065  2.230520e-01  3.436492e-01  1.117810e-01  0.040905  49.3922  2.306801e+04  3.707471e+05  1.786536e+56  1.271627e+58  4.686231e-06  3.616701e+110  +1  +1  0
65.7933  247.6067  269.3669  15.7232  65.7933  2.012352  0.165814  1.846538  13.479480  7.054263  13.479480  0.917602  2.205019e-01  3.375056e-01  1.214365e-01  0.040993  52.4278  2.675644e+04  3.570468e+05  2.063617e+56  1.225401e+58  4.750356e-06  3.954295e+110  +1  +1  0
65.7933  255.9695  269.3669  17.8208  65.7933  1.961728  0.190536  1.771192  13.300052  7.253243  13.300052  0.902874  2.178548e-01  3.312163e-01  1.320791e-01  0.041016  55.7220  3.099874e+04  3.422242e+05  2.380454e+56  1.175154e+58  4.821115e-06  4.291649e+110  +1  +1  0
65.7933  264.6662  269.3669  20.1984  65.7933  1.908144  0.218504  1.689640  13.098208  7.458005  13.098208  0.885489  2.151695e-01  3.249265e-01  1.437945e-01  0.040995  59.2568  3.586715e+04  3.263280e+05  2.741801e+56  1.121018e+58  4.897614e-06  4.618564e+110  +1  +1  0
65.7933  273.7197  269.3669  22.8931  65.7933  1.852255  0.250027  1.602227  12.872343  7.667862  12.872343  0.865015  2.125322e-01  3.188348e-01  1.566733e-01  0.040901  62.8810  4.143995e+04  3.094353e+05  3.152641e+56  1.063227e+58  4.981857e-06  4.921933e+110  +1  +1  0
65.7933  283.1505  269.3669  25.9473  65.7933  1.795112  0.285415  1.509697  12.621748  7.881894  12.621748  0.841004  2.100650e-01  3.132114e-01  1.708084e-01  0.040747  66.4097  4.780343e+04  2.917039e+05  3.618307e+56  1.002300e+58  5.078683e-06  5.185773e+110  +1  +1  0
65.7933  292.9824  269.3669  29.4090  65.7933  1.738124  0.324969  1.413155  12.346573  8.099273  12.346573  0.813035  2.079294e-01  3.084017e-01  1.862968e-01  0.040566  69.5804  5.504693e+04  2.733507e+05  4.144151e+56  9.389785e+57  4.954933e-06  4.928887e+110  +1  +1  0
65.7933  548.6687  269.3669  33.3326  65.7933  1.690453  0.343587  1.346866  12.158734  8.180668  12.158734  0.796749  2.053508e-01  3.026638e-01  1.925340e-01  0.040888  74.6481  5.844790e+04  2.600158e+05  4.388592e+56  8.940903e+57  4.814611e-06  3.760000e+110  +1  +1  1
65.7933  553.1161  269.3669  37.7796  65.7933  1.637800  0.362116  1.275684  11.949893  8.233965  11.949893  0.778901  2.024317e-01  2.962587e-01  1.980887e-01  0.041227  80.8542  6.183422e+04  2.457326e+05  4.627447e+56  8.459327e+57  4.881231e-06  3.995734e+110  +1  +1  1
65.7933  558.1558  269.3669  42.8198  65.7933  1.580183  0.385276  1.194906  11.699739  8.289440  11.699739  0.756182  1.994862e-01  2.898903e-01  2.050412e-01  0.041508  87.5940  6.608962e+04  2.297997e+05  4.924548e+56  7.917819e+57  4.995559e-06  4.437993e+110  +1  +1  1
65.7933  563.8691  269.3669  48.5326  65.7933  1.519627  0.413322  1.106305  11.408253  8.348769  11.408253  0.728011  1.967431e-01  2.840434e-01  2.135252e-01  0.041764  94.4524  7.133866e+04  2.125799e+05  5.287869e+56  7.328474e+57  5.123216e-06  4.733425e+110  +1  +1  1
65.7933  570.3441  269.3669  55.0074  65.7933  1.458723  0.446552  1.012172  11.076985  8.413076  11.076985  0.693875  1.945060e-01  2.793332e-01  2.236877e-01  0.042080  100.7666  7.765365e+04  1.945224e+05  5.721234e+56  6.706631e+57  5.273470e-06  4.857126e+110  +1  +1  1
65.7933  577.6823  269.3669  62.3461  65.7933  1.400680  0.485233  0.915447  10.710200  8.483047  10.710200  0.653573  1.931626e-01  2.765296e-01  2.356683e-01  0.042622  105.6642  8.516500e+04  1.761693e+05  6.232329e+56  6.071214e+57  5.466900e-06  4.809784e+110  +1  +1  1
65.7933  586.0010  269.3669  70.6639  65.7933  1.349193  0.529567  0.819626  10.316196  8.558871  10.316196  0.607493  1.931684e-01  2.765415e-01  2.495825e-01  0.043675  108.2576  9.393616e+04  1.581437e+05  6.823639e+56  5.444375e+57  5.744064e-06  4.570742e+110  +1  +1  1
65.7933  595.4279  269.3669  80.0914  65.7933  1.307990  0.579651  0.728339  9.907223  8.640330  9.907223  0.556838  1.949998e-01  2.803683e-01  2.655037e-01  0.045648  107.9354  1.040086e+05  1.410649e+05  7.495655e+56  4.848511e+57  6.554359e-06  4.225995e+110  +1  +1  1
65.7933  606.1136  269.3669  90.7766  65.7933  1.280265  0.635466  0.644799  9.498634  8.726925  9.498634  0.503645  1.990766e-01  2.890122e-01  2.834251e-01  0.049013  104.5003  1.156183e+05  1.254593e+05  8.261989e+56  4.303009e+57  1.395377e-05  3.797025e+110  +1  +1  1
65.7933  618.2249  269.3669  102.8874  65.7933  1.268100  0.696855  0.571245  9.106515  8.817978  9.106515  0.450473  2.056756e-01  3.033825e-01  3.031177e-01  0.054192  98.1595  1.286166e+05  1.116683e+05  9.108811e+56  3.820800e+57  2.013134e-05  3.328327e+110  +1  +1  1
65.7933  631.9498  269.3669  116.6139  65.7933  1.272171  0.763547  0.508624  8.915236  8.915236  8.745019  0.399808  2.107629e-01  3.147949e-01  3.148001e-01  0.057282  91.8242  1.435891e+05  9.981408e+04  1.007302e+57  3.407026e+57  1.970857e-06  2.844400e+110  +1  +1  1
65.7933  647.5096  269.3669  132.1717  65.7933  1.291902  0.836033  0.455869  9.036453  9.036453  8.417932  0.352866  2.111607e-01  3.157000e-01  3.157042e-01  0.051710  82.1135  1.597706e+05  8.968201e+04  1.109900e+57  3.054377e+57  3.362818e-06  2.388796e+110  +1  +1  1
65.7933  665.1426  269.3669  149.8051  65.7933  1.326121  0.915485  0.410636  9.176828  9.176828  8.117296  0.309652  2.134382e-01  3.209179e-01  3.209216e-01  0.047467  71.4402  1.782675e+05  8.089212e+04  1.226087e+57  2.749297e+57  3.545986e-06  2.071382e+110  +1  +1  1
65.7933  685.1283  269.3669  169.7911  65.7933  1.373117  1.001439  0.371678  9.325653  9.325653  7.840872  0.270682  2.174752e-01  3.303219e-01  3.303252e-01  0.044607  61.1318  1.990911e+05  7.321725e+04  1.355362e+57  2.483917e+57  3.617217e-06  1.740639e+110  +1  +1  1
65.7933  707.7821  269.3669  192.4434  65.7933  1.430541  1.092376  0.338166  9.473126  9.473126  7.589007  0.236390  2.230431e-01  3.436275e-01  3.436312e-01  0.041175  49.7283  2.214723e+05  6.648973e+04  1.491703e+57  2.252563e+57  3.644943e-06  1.412157e+110  +1  +1  1
65.7933  733.4544  269.3669  218.1178  65.7933  1.495639  1.186384  0.309255  9.611191  9.611191  7.361314  0.206771  2.298430e-01  3.604321e-01  3.604345e-01  0.038935  40.4660  2.454108e+05  6.054425e+04  1.634448e+57  2.049562e+57  3.593305e-06  1.141041e+110  +1  +1  1
65.7933  762.5564  269.3669  247.2176  65.7933  1.565587  1.281866  0.283720  9.734306  9.734306  7.152942  0.181223  2.375493e-01  3.802607e-01  3.802638e-01  0.036335  32.0234  2.703945e+05  5.517319e+04  1.779428e+57  1.867497e+57  3.464784e-06  9.191559e+109  +1  +1  1
65.7933  795.5386  269.3669  280.1996  65.7933  1.638067  1.378988  0.259078  9.839546  9.839546  6.940582  0.158161  2.458885e-01  4.027260e-01  4.027281e-01  0.034329  25.4610  2.971573e+05  5.002882e+04  1.931270e+57  1.693317e+57  3.283194e-06  7.367834e+109  +1  +1  1
65.7933  832.9189  269.3669  317.5819  65.7933  1.711106  1.475935  0.235171  9.925552  9.925552  6.721134  0.137438  2.546266e-01  4.274841e-01  4.274863e-01  0.032069  19.9745  3.248393e+05  4.510017e+04  2.083467e+57  1.526452e+57  3.169425e-06  5.623533e+109  +1  +1  1
65.7933  875.2916  269.3669  359.9514  65.7933  1.782734  1.570528  0.212207  9.991973  9.991973  6.495733  0.119034  2.635220e-01  4.540846e-01  4.540865e-01  0.029780  15.6225  3.524108e+05  4.042354e+04  2.228691e+57  1.368127e+57  2.976866e-06  4.247798e+109  +1  +1  1
65.7933  923.3117  269.3669  407.9736  65.7933  1.851080  1.660714  0.190366  10.038786  10.038786  6.265605  0.102840  2.723489e-01  4.820067e-01  4.820084e-01  0.027528  12.2475  3.810766e+05  3.602798e+04  2.375304e+57  1.219326e+57  2.744220e-06  3.209795e+109  +1  +1  1
65.7933  977.7420  269.3669  462.4025  65.7933  1.914540  1.744745  0.169795  10.066465  10.066465  6.032037  0.088687  2.809112e-01  5.106886e-01  5.106903e-01  0.025376  9.6714  4.089023e+05  3.193468e+04  2.509962e+57  1.080764e+57  2.592087e-06  2.177223e+109  +1  +1  1
65.7933  1039.4339  269.3669  524.0930  65.7933  1.971839  1.821234  0.150605  10.075708  10.075708  5.796343  0.076378  2.890531e-01  5.395662e-01  5.395679e-01  0.023320  7.7045  4.354773e+05  2.815692e+04  2.630240e+57  9.528888e+56  2.377089e-06  1.486077e+109  +1  +1  1
65.7933  1109.3497  269.3669  594.0138  65.7933  2.022077  1.889211  0.132865  10.067605  10.067605  5.559828  0.065707  2.966559e-01  5.680837e-01  5.680853e-01  0.021367  6.1999  4.613297e+05  2.470034e+04  2.740406e+57  8.358912e+56  2.144187e-06  9.763092e+108  +1  +1  1
65.7933  1188.6046  269.3669  673.2629  65.7933  2.064722  1.948110  0.116612  10.043444  10.043444  5.323762  0.056479  3.036411e-01  5.957311e-01  5.957326e-01  0.019574  5.0556  4.852451e+05  2.156364e+04  2.832782e+57  7.297251e+56  1.899291e-06  5.984526e+108  +1  +1  1
65.7933  1278.4252  269.3669  763.0849  65.7933  2.099566  1.997719  0.101846  10.004580  10.004580  5.089347  0.048508  3.099647e-01  6.220634e-01  6.220647e-01  0.017925  4.1764  5.079475e+05  1.873941e+04  2.913315e+57  6.341385e+56  1.633231e-06  3.328142e+108  +1  +1  1
65.7933  1380.2298  269.3669  864.8903  65.7933  2.126678  2.038139  0.088538  9.952601  9.952601  4.857701  0.041632  3.156071e-01  6.466939e-01  6.466951e-01  0.016442  3.5005  5.282347e+05  1.621523e+04  2.974518e+57  5.487102e+56  1.352700e-06  1.632098e+108  +1  +1  1
65.7933  1495.6207  269.3669  980.2778  65.7933  2.146349  2.069714  0.076635  9.889159  9.889159  4.629834  0.035705  3.205698e-01  6.693108e-01  6.693121e-01  0.015119  2.9773  5.469874e+05  1.397479e+04  3.023556e+57  4.728874e+56  1.034407e-06  5.266975e+107  +1  +1  1
65.7933  1626.3973  269.3669  1111.0596  65.7933  2.159016  2.092954  0.066062  9.815765  9.815765  4.406644  0.030598  3.248728e-01  6.896945e-01  6.896955e-01  0.013965  2.5727  5.630252e+05  1.199900e+04  3.053117e+57  4.060230e+56  6.847840e-07  -1.650725e+107  +1  -1  1
65.7933  1774.6318  269.3669  1259.2893  65.7933  2.165232  2.108498  0.056733  9.734033  9.734033  4.188903  0.026202  3.285437e-01  7.076872e-01  7.076881e-01  0.012953  2.2558  5.774453e+05  1.026701e+04  3.071842e+57  3.474107e+56  2.477089e-07  -3.857367e+107  +1  -1  1
65.7933  1942.6373  269.3669  1427.2948  65.7933  2.165612  2.117060  0.048552  9.645527  9.645527  3.977261  0.022419  3.316166e-01  7.231987e-01  7.231996e-01  0.012067  2.0060  5.901551e+05  8.757105e+03  3.079944e+57  2.963152e+56  -2.927185e-07  -5.612257e+107  -1  -1  1
65.7933  2133.0527  269.3669  1617.7144  65.7933  2.160799  2.119383  0.041416  9.551744  9.551744  3.772244  0.019167  3.341283e-01  7.361967e-01  7.361973e-01  0.011298  1.8086  6.002375e+05  7.447481e+03  3.071762e+57  2.519982e+56  -9.433776e-07  -6.055998e+107  -1  -1  1
65.7933  2348.8827  269.3669  1833.5384  65.7933  2.151448  2.116221  0.035226  9.454222  9.454222  3.574265  0.016373  3.361140e-01  7.466828e-01  7.466835e-01  0.010636  1.6529  6.087098e+05  6.316847e+03  3.055064e+57  2.137390e+56  -1.787133e-06  -5.356691e+107  -1  -1  1
65.7933  2593.4963  269.3669  2078.1562  65.7933  2.138193  2.108313  0.029881  9.354213  9.354213  3.383627  0.013975  3.376147e-01  7.547357e-01  7.547362e-01  0.010066  1.5299  6.156871e+05  5.344874e+03  3.031271e+57  1.808492e+56  -2.923132e-06  -4.508202e+107  -1  -1  1
65.7933  2870.7514  269.3669  2355.4091  65.7933  2.121644  2.096360  0.025284  9.253010  9.253010  3.200532  0.011917  3.386656e-01  7.604413e-01  7.604418e-01  0.009585  1.4343  6.212631e+05  4.512512e+03  3.001524e+57  1.526840e+56  -5.893837e-06  -3.842588e+107  -1  -1  1
65.7933  3184.9955  269.3669  2669.6512  65.7933  2.102381  2.081033  0.021348  9.151774  9.151774  3.025096  0.010154  3.393031e-01  7.639294e-01  7.639298e-01  0.009174  1.3599  6.246332e+05  3.802195e+03  2.960641e+57  1.286489e+56  -7.989210e-06  -3.139314e+107  -1  -1  1
65.7933  3541.1532  269.3669  3025.8172  65.7933  2.080932  2.062944  0.017988  9.051413  9.051413  2.857357  0.008644  3.395652e-01  7.653699e-01  7.653702e-01  0.008830  1.3039  6.277077e+05  3.197939e+03  2.922042e+57  1.082029e+56  -3.422541e-05  -2.360046e+107  -1  -1  1
65.7933  3944.8452  269.3669  3429.5004  65.7933  2.057796  2.042666  0.015130  8.952972  8.952972  2.697286  0.007352  3.394820e-01  7.649122e-01  7.649125e-01  0.008545  1.2634  6.287961e+05  2.685368e+03  2.874209e+57  9.085938e+55  2.112299e-04  -1.921908e+107  +1  -1  1
65.7933  4402.3826  269.3669  3887.0401  65.7933  2.033420  2.020715  0.012705  8.857167  8.857167  2.544795  0.006248  3.390892e-01  7.627566e-01  7.627569e-01  0.008312  1.2361  6.289361e+05  2.251680e+03  2.824473e+57  7.618512e+55  7.010770e-05  -1.413950e+107  +1  -1  1
65.7933  4920.9625  269.3669  4405.6215  65.7933  2.008218  1.997565  0.010653  8.764880  8.764880  2.399752  0.005305  3.384126e-01  7.590623e-01  7.590625e-01  0.008128  1.2208  6.282502e+05  1.885577e+03  2.773714e+57  6.379780e+55  1.990118e-05  -1.109213e+107  +1  -1  1
65.7933  5508.7341  269.3669  4993.3885  65.7933  1.982556  1.973635  0.008921  8.676633  8.676633  2.261985  0.004500  3.374860e-01  7.540406e-01  7.540408e-01  0.007985  1.2160  6.260416e+05  1.577162e+03  2.717029e+57  5.336246e+55  1.081347e-05  -8.293466e+106  +1  -1  1
65.7933  6174.9095  269.3669  5659.5711  65.7933  1.956764  1.949302  0.007462  8.593001  8.593001  2.131292  0.003813  3.363375e-01  7.478752e-01  7.478754e-01  0.007879  1.2203  6.240327e+05  1.317822e+03  2.666319e+57  4.458764e+55  1.045035e-05  -5.511795e+106  +1  -1  1
65.7933  6929.9756  269.3669  6414.6311  65.7933  1.931141  1.924906  0.006235  8.514472  8.514472  2.007449  0.003229  3.349947e-01  7.407486e-01  7.407487e-01  0.007807  1.2338  6.215062e+05  1.100105e+03  2.616442e+57  3.722118e+55  8.169755e-06  -4.185108e+106  +1  -1  1
65.7933  7785.7703  269.3669  7270.4259  65.7933  1.905948  1.900743  0.005205  8.441347  8.441347  1.890211  0.002731  3.334885e-01  7.328577e-01  7.328578e-01  0.007764  1.2548  6.178293e+05  9.175971e+02  2.562794e+57  3.104608e+55  6.251480e-06  -3.088228e+106  +1  -1  1
65.7933  8755.7337  269.3669  8240.3948  65.7933  1.881416  1.877075  0.004341  8.373962  8.373962  1.779327  0.002308  3.318451e-01  7.243693e-01  7.243694e-01  0.007747  1.2834  6.138636e+05  7.648050e+02  2.511168e+57  2.587642e+55  6.273578e-06  -2.080949e+106  +1  -1  1
65.7933  9855.1162  269.3669  9339.7702  65.7933  1.857751  1.854133  0.003618  8.312700  8.312700  1.674534  0.001948  3.300860e-01  7.154196e-01  7.154197e-01  0.007757  1.3197  6.103794e+05  6.370382e+02  2.466700e+57  2.155351e+55  5.902745e-06  -1.430537e+106  +1  -1  1
65.7933  11101.1575  269.3669  10585.8164  65.7933  1.835125  1.832111  0.003014  8.257469  8.257469  1.575566  0.001642  3.282467e-01  7.062098e-01  7.062099e-01  0.007784  1.3619  6.060556e+05  5.303073e+02  2.419898e+57  1.794234e+55  4.948752e-06  -1.049731e+106  +1  -1  1
65.7933  12513.4446  269.3669  11998.1012  65.7933  1.813690  1.811181  0.002509  8.208442  8.208442  1.482158  0.001383  3.263503e-01  6.968676e-01  6.968677e-01  0.007829  1.4099  6.016688e+05  4.412305e+02  2.375900e+57  1.492850e+55  5.036997e-06  -6.883684e+105  +1  -1  1
65.7933  14114.1489  269.3669  13598.8032  65.7933  1.793574  1.791486  0.002088  8.165609  8.165609  1.394046  0.001164  3.244235e-01  6.875313e-01  6.875314e-01  0.007887  1.4631  5.979109e+05  3.669485e+02  2.339267e+57  1.241523e+55  4.782661e-06  -4.691564e+105  +1  -1  1
65.7933  15928.3955  269.3669  15413.0595  65.7933  1.774883  1.773147  0.001736  8.128935  8.128935  1.310971  0.000978  3.224911e-01  6.783208e-01  6.783208e-01  0.007955  1.5204  5.935716e+05  3.050481e+02  2.301282e+57  1.032090e+55  4.128401e-06  -3.316520e+105  +1  -1  1
65.7933  17984.7070  269.3669  17469.3612  65.7933  1.757694  1.756251  0.001443  8.098269  8.098269  1.232680  0.000821  3.205773e-01  6.693458e-01  6.693458e-01  0.008031  1.5814  5.893401e+05  2.534986e+02  2.266467e+57  8.576779e+54  3.897654e-06  -2.219040e+105  +1  -1  1
65.7933  20310.1824  269.3669  19794.8396  65.7933  1.742102  1.740902  0.001200  8.073409  8.073409  1.159073  0.000689  3.187118e-01  6.607347e-01  6.607347e-01  0.008110  1.6442  5.852650e+05  2.106749e+02  2.234888e+57  7.127889e+54  3.786533e-06  -1.629203e+105  +1  -1  1

90.0628  103.0404  299.3312  1.0000  90.0628  2.779636  0.005183  2.774453  15.083301  3.795839  15.083301  0.998135  2.721906e-01  4.814916e-01  2.636183e-02  0.030114  13.4375  7.763425e+02  5.755089e+05  6.526434e+54  1.900973e+58  3.629779e-06  1.728504e+109  +1  +1  0
90.0628  107.6573  299.3312  1.1334  90.0628  2.776381  0.006050  2.770331  15.077528  3.875942  15.077528  0.997821  2.719759e-01  4.807941e-01  2.772095e-02  0.030158  13.5101  9.071715e+02  5.744813e+05  7.607843e+54  1.897930e+58  3.634161e-06  1.701355e+109  +1  +1  0
90.0628  113.1115  299.3312  1.2846  90.0628  2.772693  0.007047  2.765646  15.070903  3.959217  15.070903  0.997458  2.717342e-01  4.800096e-01  2.918514e-02  0.030203  13.5907  1.057963e+03  5.733173e+05  8.840233e+54  1.894475e+58  3.649783e-06  1.707938e+109  +1  +1  0
90.0628  119.1072  299.3312  1.4560  90.0628  2.768581  0.008200  2.760381  15.063444  4.046006  15.063444  0.997038  2.714655e-01  4.791394e-01  3.076908e-02  0.030256  13.6818  1.232607e+03  5.720196e+05  1.025679e+55  1.890616e+58  3.660607e-06  1.897836e+109  +1  +1  0
90.0628  125.0167  299.3312  1.6503  90.0628  2.763834  0.009532  2.754302  15.054654  4.136278  15.054654  0.996551  2.711582e-01  4.781460e-01  3.248181e-02  0.030312  13.7851  1.434839e+03  5.705200e+05  1.188734e+55  1.886137e+58  3.619597e-06  2.077291e+109  +1  +1  0
90.0628  131.6026  299.3312  1.8704  90.0628  2.758210  0.011072  2.747139  15.043502  4.230190  15.043502  0.995986  2.708071e-01  4.770133e-01  3.433607e-02  0.030373  13.9026  1.669058e+03  5.687111e+05  1.376613e+55  1.880667e+58  3.700646e-06  2.333797e+109  +1  +1  0
90.0628  137.9494  299.3312  2.1200  90.0628  2.752527  0.012850  2.739677  15.033350  4.327796  15.033350  0.995331  2.704316e-01  4.758050e-01  3.634448e-02  0.030445  14.0324  1.940375e+03  5.669533e+05  1.593279e+55  1.875444e+58  3.769575e-06  2.143432e+109  +1  +1  0
90.0628  152.7256  299.3312  2.4028  90.0628  2.745941  0.014788  2.731153  15.020845  4.422628  15.020845  0.994614  2.700092e-01  4.744489e-01  3.838384e-02  0.030524  14.1792  2.236656e+03  5.648798e+05  1.828883e+55  1.869216e+58  3.714505e-06  3.432547e+109  +1  +1  0
90.0628  157.6382  299.3312  2.7234  90.0628  2.738465  0.017050  2.721414  15.006396  4.521377  15.006396  0.993774  2.695333e-01  4.729258e-01  4.060872e-02  0.030608  14.3442  2.583369e+03  5.625255e+05  2.103529e+55  1.862118e+58  3.739020e-06  4.482137e+109  +1  +1  0
90.0628  162.7167  299.3312  3.0867  90.0628  2.729914  0.019722  2.710192  14.989575  4.626584  14.989575  0.992776  2.689932e-01  4.712031e-01  4.308641e-02  0.030702  14.5335  2.994054e+03  5.598383e+05  2.427759e+55  1.853984e+58  3.766062e-06  5.126193e+109  +1  +1  0
90.0628  167.9681  299.3312  3.4985  90.0628  2.720168  0.022862  2.697306  14.969981  4.738444  14.969981  0.991595  2.683837e-01  4.692662e-01  4.584063e-02  0.030807  14.7494  3.478488e+03  5.567740e+05  2.809008e+55  1.844667e+58  3.790751e-06  5.843910e+109  +1  +1  0
90.0628  173.4000  299.3312  3.9652  90.0628  2.709085  0.026542  2.682543  14.947242  4.857109  14.947242  0.990202  2.676968e-01  4.670923e-01  4.889807e-02  0.030919  14.9939  4.048446e+03  5.532916e+05  3.256181e+55  1.834032e+58  3.820417e-06  6.647686e+109  +1  +1  0
90.0628  179.0190  299.3312  4.4943  90.0628  2.696503  0.030845  2.665657  14.920908  4.982746  14.920908  0.988561  2.669238e-01  4.646572e-01  5.228896e-02  0.031045  15.2745  4.717738e+03  5.493432e+05  3.779636e+55  1.821921e+58  3.849719e-06  7.549226e+109  +1  +1  0
90.0628  184.8335  299.3312  5.0939  90.0628  2.682208  0.035866  2.646342  14.890309  5.115499  14.890309  0.986628  2.660544e-01  4.619332e-01  5.604668e-02  0.031177  15.5918  5.502474e+03  5.448589e+05  4.391492e+55  1.808102e+58  3.879739e-06  8.558153e+109  +1  +1  0
90.0628  190.8524  299.3312  5.7734  90.0628  2.666030  0.041712  2.624318  14.854911  5.255426  14.854911  0.984354  2.650798e-01  4.588977e-01  6.020691e-02  0.031324  15.9553  6.421184e+03  5.397895e+05  5.105467e+55  1.792407e+58  3.914376e-06  9.689439e+109  +1  +1  0
90.0628  197.0844  299.3312  6.5437  90.0628  2.647731  0.048507  2.599224  14.813958  5.402635  14.813958  0.981680  2.639881e-01  4.555197e-01  6.481000e-02  0.031482  16.3699  7.495424e+03  5.340628e+05  5.937481e+55  1.774594e+58  3.950571e-06  1.094433e+110  +1  +1  0
90.0628  203.5396  299.3312  7.4167  90.0628  2.627072  0.056391  2.570681  14.766590  5.557116  14.766590  0.978535  2.627686e-01  4.517736e-01  6.989956e-02  0.031650  16.8428  8.749786e+03  5.276046e+05  6.905615e+55  1.754406e+58  3.988547e-06  1.234711e+110  +1  +1  0
90.0628  210.2287  299.3312  8.4062  90.0628  2.603794  0.065519  2.538275  14.711837  5.718899  14.711837  0.974837  2.614095e-01  4.476328e-01  7.552566e-02  0.031827  17.3818  1.021270e+04  5.203356e+05  8.030473e+55  1.731569e+58  4.028525e-06  1.389035e+110  +1  +1  0
90.0628  217.1631  299.3312  9.5277  90.0628  2.577591  0.076067  2.501524  14.648510  5.887919  14.648510  0.970489  2.598976e-01  4.430678e-01  8.174016e-02  0.032012  17.9975  1.191661e+04  5.121618e+05  9.335528e+55  1.705754e+58  4.072131e-06  1.560281e+110  +1  +1  0
90.0628  224.3537  299.3312  10.7988  90.0628  2.548215  0.088228  2.459987  14.575477  6.058526  14.575477  0.965376  2.582230e-01  4.380617e-01  8.850057e-02  0.032204  18.7001  1.389803e+04  5.030097e+05  1.084661e+56  1.676698e+58  4.119644e-06  1.749749e+110  +1  +1  0
90.0628  231.8138  299.3312  12.2395  90.0628  2.515356  0.102217  2.413139  14.491235  6.233034  14.491235  0.959363  2.563750e-01  4.325973e-01  9.590729e-02  0.032398  19.5007  1.619923e+04  4.927812e+05  1.259366e+56  1.644046e+58  4.169537e-06  1.954396e+110  +1  +1  0
90.0628  239.5612  299.3312  13.8724  90.0628  2.478751  0.118268  2.360483  14.394203  6.414708  14.394203  0.952287  2.543472e-01  4.266719e-01  1.040916e-01  0.032592  20.4118  1.886702e+04  4.813906e+05  1.460907e+56  1.607481e+58  4.224604e-06  2.175475e+110  +1  +1  0
90.0628  247.6067  299.3312  15.7232  90.0628  2.438152  0.136635  2.301517  14.282703  6.603516  14.282703  0.943960  2.521344e-01  4.202894e-01  1.131313e-01  0.032777  21.4446  2.195517e+04  4.687618e+05  1.692979e+56  1.566714e+58  4.283712e-06  2.411900e+110  +1  +1  0
90.0628  255.9695  299.3312  17.8208  90.0628  2.393352  0.157591  2.235761  14.154680  6.799024  14.154680  0.934155  2.497400e-01  4.134788e-01  1.231024e-01  0.032946  22.6083  2.552181e+04  4.548117e+05  1.959480e+56  1.521419e+58  4.346457e-06  2.661104e+110  +1  +1  0
90.0628  264.6662  299.3312  20.1984  90.0628  2.344249  0.181424  2.162825  14.008127  7.000786  14.008127  0.922609  2.471754e-01  4.062914e-01  1.340931e-01  0.033086  23.9072  2.963392e+04  4.394910e+05  2.264843e+56  1.471384e+58  4.415292e-06  2.917892e+110  +1  +1  0
90.0628  273.7197  299.3312  22.8931  90.0628  2.290867  0.208436  2.082431  13.840863  7.208187  13.840863  0.909014  2.444660e-01  3.988161e-01  1.461909e-01  0.033189  25.3402  3.436574e+04  4.227691e+05  2.613893e+56  1.416451e+58  4.489361e-06  3.177848e+110  +1  +1  0
90.0628  283.1505  299.3312  25.9473  90.0628  2.233419  0.238938  1.994481  13.650760  7.420459  13.650760  0.893017  2.416546e-01  3.911841e-01  1.594902e-01  0.033240  26.8901  3.979370e+04  4.046559e+05  3.011396e+56  1.356598e+58  4.570774e-06  3.432360e+110  +1  +1  0
90.0628  292.9824  299.3312  29.4090  90.0628  2.172386  0.273241  1.899145  13.435917  7.636877  13.435917  0.874221  2.388093e-01  3.835860e-01  1.740914e-01  0.033229  28.5211  4.600721e+04  3.852162e+05  3.462852e+56  1.291993e+58  4.473810e-06  3.361792e+110  +1  +1  0
90.0628  548.6687  299.3312  33.3326  90.0628  2.125640  0.290407  1.835233  13.295151  7.723595  13.295151  0.863379  2.361446e-01  3.765817e-01  1.803998e-01  0.033490  30.4046  4.910982e+04  3.713913e+05  3.686044e+56  1.247316e+58  4.377292e-06  3.011307e+110  +1  +1  1
90.0628  553.1161  299.3312  37.7796  90.0628  2.073624  0.307955  1.765669  13.138035  7.785568  13.138035  0.851490  2.331209e-01  3.687613e-01  1.862136e-01  0.033777  32.7054  5.229364e+04  3.563769e+05  3.911232e+56  1.198701e+58  4.440157e-06  3.226844e+110  +1  +1  1
90.0628  558.1558  299.3312  42.8198  90.0628  2.013828  0.329802  1.684027  12.944958  7.851282  12.944958  0.836232  2.297754e-01  3.602619e-01  1.934063e-01  0.034005  35.3947  5.625748e+04  3.390928e+05  4.188993e+56  1.142171e+58  4.541926e-06  3.585699e+110  +1  +1  1
90.0628  563.8691  299.3312  48.5326  90.0628  1.947019  0.356189  1.590830  12.713064  7.922118  12.713064  0.817059  2.262047e-01  3.513629e-01  2.021029e-01  0.034150  38.4406  6.112753e+04  3.196976e+05  4.527291e+56  1.078156e+58  4.653218e-06  3.873755e+110  +1  +1  1
90.0628  570.3441  299.3312  55.0074  90.0628  1.874364  0.387412  1.486951  12.439493  7.998841  12.439493  0.793310  2.225527e-01  3.424395e-01  2.124462e-01  0.034189  41.7481  6.698063e+04  2.984193e+05  4.930562e+56  1.007327e+58  4.773111e-06  4.063025e+110  +1  +1  1
90.0628  577.6823  299.3312  62.3461  90.0628  1.797706  0.423751  1.373955  12.122422  8.081946  12.122422  0.764282  2.190337e-01  3.340063e-01  2.245798e-01  0.034109  45.1045  7.394051e+04  2.756138e+05  5.406005e+56  9.308158e+57  4.904095e-06  4.138038e+110  +1  +1  1
90.0628  586.0010  299.3312  70.6639  90.0628  1.719723  0.465436  1.254287  11.761981  8.171322  11.761981  0.729354  2.159532e-01  3.267529e-01  2.386371e-01  0.033928  48.1575  8.207765e+04  2.517852e+05  5.956736e+56  8.502949e+57  5.041587e-06  4.066026e+110  +1  +1  1
90.0628  595.4279  299.3312  80.0914  90.0628  1.643964  0.512615  1.131349  11.361494  8.266554  11.361494  0.688184  2.137167e-01  3.215603e-01  2.547346e-01  0.033724  50.4267  9.144621e+04  2.275894e+05  6.584301e+56  7.680122e+57  5.234280e-06  3.908575e+110  +1  +1  1
90.0628  606.1136  299.3312  90.7766  90.0628  1.574653  0.565330  1.009323  10.928586  8.366942  10.928586  0.640981  2.128152e-01  3.194844e-01  2.729641e-01  0.033674  51.4269  1.022703e+05  2.037942e+05  7.301624e+56  6.866637e+57  5.483446e-06  3.637017e+110  +1  +1  1
90.0628  618.2249  299.3312  102.8874  90.0628  1.516211  0.623500  0.892711  10.475606  8.471325  10.475606  0.588778  2.137776e-01  3.217009e-01  2.933772e-01  0.034071  50.8731  1.144314e+05  1.811898e+05  8.097215e+56  6.090824e+57  5.992018e-06  3.273309e+110  +1  +1  1
90.0628  631.9498  299.3312  116.6139  90.0628  1.472512  0.686896  0.785616  10.018811  8.578535  10.018811  0.533521  2.170822e-01  3.293976e-01  3.159673e-01  0.035310  48.8303  1.281740e+05  1.604630e+05  8.984347e+56  5.377855e+57  8.037884e-06  2.879455e+110  +1  +1  1
90.0628  647.5096  299.3312  132.1717  90.0628  1.446150  0.755145  0.691005  9.576051  8.687057  9.576051  0.477824  2.230532e-01  3.436521e-01  3.406268e-01  0.037800  45.6413  1.435648e+05  1.420770e+05  9.963542e+56  4.745272e+57  -1.721967e-05  2.487598e+110  -1  +1  1
90.0628  665.1426  299.3312  149.8051  90.0628  1.437975  0.827726  0.610249  9.163606  8.795172  9.163606  0.424381  2.317750e-01  3.653228e-01  3.670100e-01  0.041803  41.6662  1.606286e+05  1.262071e+05  1.103185e+57  4.200450e+57  -5.148011e-06  2.057655e+110  -1  +1  1
90.0628  685.1283  299.3312  169.7911  90.0628  1.447131  0.904012  0.543119  8.903016  8.903016  8.793335  0.375308  2.400780e-01  3.869587e-01  3.869655e-01  0.045686  38.1883  1.790005e+05  1.127586e+05  1.215914e+57  3.741039e+57  2.232445e-06  1.644755e+110  +1  +1  1
90.0628  707.7821  299.3312  192.4434  90.0628  1.471579  0.984206  0.487373  9.026854  9.026854  8.465199  0.331190  2.407846e-01  3.888477e-01  3.888536e-01  0.041061  33.8218  1.989508e+05  1.013092e+05  1.336079e+57  3.352464e+57  2.958136e-06  1.352839e+110  +1  +1  1
90.0628  733.4544  299.3312  218.1178  90.0628  1.509009  1.069356  0.439653  9.163995  9.163995  8.166212  0.291352  2.432141e-01  3.954021e-01  3.954069e-01  0.037830  29.6346  2.211131e+05  9.131595e+04  1.467802e+57  3.015341e+57  3.149687e-06  1.108812e+110  +1  +1  1
90.0628  762.5564  299.3312  247.2176  90.0628  1.556890  1.158570  0.398319  9.303680  9.303680  7.891990  0.255843  2.471637e-01  4.062589e-01  4.062630e-01  0.034188  24.7090  2.447229e+05  8.248672e+04  1.605196e+57  2.719470e+57  3.235290e-06  8.794715e+109  +1  +1  1
90.0628  795.5386  299.3312  280.1996  90.0628  1.612366  1.250092  0.362273  9.436898  9.436898  7.640929  0.224684  2.523574e-01  4.209287e-01  4.209321e-01  0.031668  20.6274  2.697674e+05  7.461497e+04  1.747564e+57  2.457711e+57  3.168754e-06  7.015392e+109  +1  +1  1
90.0628  832.9189  299.3312  317.5819  90.0628  1.672506  1.342201  0.330305  9.556841  9.556841  7.409352  0.197491  2.584848e-01  4.388409e-01  4.388439e-01  0.029586  17.0930  2.962969e+05  6.749199e+04  1.894747e+57  2.222644e+57  3.053610e-06  5.542193e+109  +1  +1  1
90.0628  875.2916  299.3312  359.9514  90.0628  1.734828  1.434982  0.299847  9.659496  9.659496  7.175754  0.172839  2.652673e-01  4.594801e-01  4.594833e-01  0.027715  14.0672  3.237670e+05  6.076045e+04  2.042602e+57  2.000863e+57  2.947963e-06  4.237184e+109  +1  +1  1
90.0628  923.3117  299.3312  407.9736  90.0628  1.797286  1.526709  0.270577  9.742867  9.742867  6.935648  0.150547  2.724658e-01  4.823873e-01  4.823903e-01  0.026056  11.5679  3.517637e+05  5.438771e+04  2.187984e+57  1.790922e+57  2.862320e-06  3.020846e+109  +1  +1  1
90.0628  977.7420  299.3312  462.4025  90.0628  1.857916  1.615187  0.242729  9.806090  9.806090  6.690359  0.130646  2.798414e-01  5.070135e-01  5.070162e-01  0.024194  9.3984  3.791146e+05  4.841127e+04  2.322686e+57  1.594053e+57  2.693000e-06  2.143296e+109  +1  +1  1
90.0628  1039.4339  299.3312  524.0930  90.0628  1.914933  1.698438  0.216495  9.848928  9.848928  6.441277  0.113056  2.871747e-01  5.327573e-01  5.327599e-01  0.022468  7.6692  4.070948e+05  4.285770e+04  2.455842e+57  1.411129e+57  2.432902e-06  1.592921e+109  +1  +1  1
90.0628  1109.3497  299.3312  594.0138  90.0628  1.966879  1.774863  0.192016  9.871933  9.871933  6.189823  0.097625  2.942775e-01  5.589926e-01  5.589950e-01  0.020844  6.2967  4.345635e+05  3.774278e+04  2.579920e+57  1.242666e+57  2.247116e-06  1.054633e+109  +1  +1  1
90.0628  1188.6046  299.3312  673.2629  90.0628  2.012660  1.843273  0.169386  9.876056  9.876056  5.937408  0.084160  3.010013e-01  5.851119e-01  5.851142e-01  0.019261  5.1969  4.602841e+05  3.307193e+04  2.686979e+57  1.088839e+57  2.087364e-06  6.051813e+108  +1  +1  1
90.0628  1278.4252  299.3312  763.0849  90.0628  2.051576  1.902924  0.148652  9.862608  9.862608  5.685404  0.072458  3.072398e-01  6.105579e-01  6.105600e-01  0.017757  4.3240  4.839079e+05  2.884118e+04  2.775379e+57  9.495160e+56  1.820239e-06  3.588966e+108  +1  +1  1
90.0628  1380.2298  299.3312  864.8903  90.0628  2.083276  1.953460  0.129816  9.833170  9.833170  5.435112  0.062313  3.129211e-01  6.348299e-01  6.348317e-01  0.016384  3.6405  5.071145e+05  2.503855e+04  2.857779e+57  8.242987e+56  1.519200e-06  2.159027e+108  +1  +1  1
90.0628  1495.6207  299.3312  980.2778  90.0628  2.107717  1.994877  0.112840  9.789473  9.789473  5.187737  0.053537  3.180055e-01  6.575089e-01  6.575107e-01  0.015143  3.1042  5.277503e+05  2.164549e+04  2.920139e+57  7.125740e+56  1.279920e-06  5.683026e+107  +1  +1  1
90.0628  1626.3973  299.3312  1111.0596  90.0628  2.125106  2.027448  0.097658  9.733274  9.733274  4.944372  0.045954  3.224803e-01  6.782696e-01  6.782712e-01  0.014034  2.6826  5.457429e+05  1.863844e+04  2.963066e+57  6.135646e+56  9.658031e-07  -1.190701e+107  +1  -1  1
90.0628  1774.6318  299.3312  1259.2893  90.0628  2.135824  2.051649  0.084174  9.666375  9.666375  4.705982  0.039411  3.263498e-01  6.968653e-01  6.968668e-01  0.013042  2.3487  5.619653e+05  1.599034e+04  2.993562e+57  5.263780e+56  5.712129e-07  -3.941339e+107  +1  -1  1
90.0628  1942.6373  299.3312  1427.2948  90.0628  2.140379  2.068100  0.072279  9.590487  9.590487  4.473402  0.033769  3.296338e-01  7.131417e-01  7.131429e-01  0.012173  2.0853  5.763800e+05  1.367201e+04  3.012344e+57  4.500522e+56  1.255474e-07  -5.058279e+107  +1  -1  1
90.0628  2133.0527  299.3312  1617.7144  90.0628  2.139366  2.077518  0.061848  9.507532  9.507532  4.247329  0.028910  3.323524e-01  7.269764e-01  7.269775e-01  0.011407  1.8753  5.890373e+05  1.165338e+04  3.020674e+57  3.835955e+56  -4.520528e-07  -5.713635e+107  -1  -1  1
90.0628  2348.8827  299.3312  1833.5384  90.0628  2.133400  2.080647  0.052753  9.418999  9.418999  4.028334  0.024727  3.345409e-01  7.383598e-01  7.383608e-01  0.010743  1.7092  5.989900e+05  9.904430e+03  3.012635e+57  3.260191e+56  -1.158299e-06  -5.716720e+107  -1  -1  1
90.0628  2593.4963  299.3312  2078.1562  90.0628  2.123131  2.078267  0.044863  9.326572  9.326572  3.816856  0.021131  3.362299e-01  7.473007e-01  7.473015e-01  0.010172  1.5781  6.072787e+05  8.396017e+03  2.996158e+57  2.763629e+56  -2.468190e-06  -5.258000e+107  -1  -1  1
90.0628  2870.7514  299.3312  2355.4091  90.0628  2.109176  2.071125  0.038051  9.231593  9.231593  3.613222  0.018041  3.374566e-01  7.538817e-01  7.538824e-01  0.009676  1.4741  6.130741e+05  7.100460e+03  2.966031e+57  2.337149e+56  -3.578959e-06  -4.439591e+107  -1  -1  1
90.0628  3184.9955  299.3312  2669.6512  90.0628  2.092143  2.059948  0.032195  9.135421  9.135421  3.417650  0.015389  3.382551e-01  7.582060e-01  7.582066e-01  0.009258  1.3938  6.184114e+05  5.991902e+03  2.936905e+57  1.972236e+56  -7.297755e-06  -3.393107e+107  -1  -1  1
90.0628  3541.1532  299.3312  3025.8172  90.0628  2.072599  2.045419  0.027180  9.039294  9.039294  3.230264  0.013114  3.386589e-01  7.604044e-01  7.604050e-01  0.008907  1.3330  6.215329e+05  5.046588e+03  2.896795e+57  1.661065e+56  -1.579122e-05  -2.872896e+107  -1  -1  1
90.0628  3944.8452  299.3312  3429.5004  90.0628  2.051072  2.028171  0.022900  8.944187  8.944187  3.051104  0.011165  3.387050e-01  7.606563e-01  7.606568e-01  0.008614  1.2883  6.234529e+05  4.242961e+03  2.852931e+57  1.396540e+56  -2.084500e-05  -2.087266e+107  -1  -1  1
90.0628  4402.3826  299.3312  3887.0401  90.0628  2.028046  2.008786  0.019260  8.851082  8.851082  2.880139  0.009497  3.384255e-01  7.591329e-01  7.591333e-01  0.008373  1.2574  6.251672e+05  3.561679e+03  2.812431e+57  1.172289e+56  -1.120493e-04  -1.600022e+107  -1  -1  1
90.0628  4920.9625  299.3312  4405.6215  90.0628  2.003967  1.987795  0.016172  8.760893  8.760893  2.717276  0.008070  3.378500e-01  7.560082e-01  7.560085e-01  0.008181  1.2390  6.242661e+05  2.985556e+03  2.758544e+57  9.826563e+55  1.734915e-05  -1.290112e+107  +1  -1  1
90.0628  5508.7341  299.3312  4993.3885  90.0628  1.979234  1.965675  0.013559  8.674324  8.674324  2.562371  0.006851  3.370103e-01  7.514789e-01  7.514792e-01  0.008032  1.2317  6.234013e+05  2.499448e+03  2.709717e+57  8.226541e+55  1.601977e-05  -8.662504e+106  +1  -1  1
90.0628  6174.9095  299.3312  5659.5711  90.0628  1.954204  1.942850  0.011354  8.591926  8.591926  2.415241  0.005810  3.359394e-01  7.457533e-01  7.457536e-01  0.007920  1.2340  6.218358e+05  2.090116e+03  2.660718e+57  6.879241e+55  1.079939e-05  -6.557168e+106  +1  -1  1
90.0628  6929.9756  299.3312  6414.6311  90.0628  1.929200  1.919704  0.009497  8.514332  8.514332  2.275670  0.004923  3.346635e-01  7.390042e-01  7.390044e-01  0.007843  1.2455  6.189437e+05  1.746047e+03  2.607041e+57  5.746767e+55  8.139794e-06  -4.895436e+106  +1  -1  1
90.0628  7785.7703  299.3312  7270.4259  90.0628  1.904507  1.896572  0.007935  8.441879  8.441879  2.143417  0.004166  3.332154e-01  7.314381e-01  7.314383e-01  0.007794  1.2649  6.163309e+05  1.457301e+03  2.559681e+57  4.796389e+55  7.502644e-06  -3.339001e+106  +1  -1  1
90.0628  8755.7337  299.3312  8240.3948  90.0628  1.880376  1.873752  0.006623  8.375055  8.375055  2.018222  0.003522  3.316184e-01  7.232079e-01  7.232081e-01  0.007775  1.2924  6.126408e+05  1.215324e+03  2.508970e+57  3.999958e+55  6.455510e-06  -2.382660e+106  +1  -1  1
90.0628  9855.1162  299.3312  9339.7702  90.0628  1.857025  1.851501  0.005524  8.314032  8.314032  1.899814  0.002975  3.299041e-01  7.145022e-01  7.145023e-01  0.007779  1.3271  6.093770e+05  1.012802e+03  2.465143e+57  3.333390e+55  6.050437e-06  -1.668212e+106  +1  -1  1
90.0628  11101.1575  299.3312  10585.8164  90.0628  1.834647  1.830043  0.004604  8.258978  8.258978  1.787912  0.002510  3.281012e-01  7.054877e-01  7.054878e-01  0.007804  1.3683  6.052417e+05  8.434898e+02  2.418871e+57  2.776129e+55  5.030049e-06  -1.205087e+106  +1  -1  1
90.0628  12513.4446  299.3312  11998.1012  90.0628  1.813403  1.809568  0.003835  8.210027  8.210027  1.682233  0.002115  3.262356e-01  6.963074e-01  6.963074e-01  0.007845  1.4153  6.010107e+05  7.020850e+02  2.375269e+57  2.310723e+55  4.712508e-06  -8.279447e+105  +1  -1  1
90.0628  14114.1489  299.3312  13598.8032  90.0628  1.793433  1.790240  0.003192  8.167207  8.167207  1.582492  0.001780  3.243345e-01  6.871036e-01  6.871037e-01  0.007899  1.4673  5.967553e+05  5.840916e+02  2.334568e+57  1.922374e+55  4.810394e-06  -5.548381e+105  +1  -1  1
90.0628  15928.3955  299.3312  15413.0595  90.0628  1.774846  1.772190  0.002656  8.130504  8.130504  1.488408  0.001497  3.224222e-01  6.779950e-01  6.779951e-01  0.007967  1.5243  5.931492e+05  4.857124e+02  2.301173e+57  1.598583e+55  4.563504e-06  -3.561214e+105  +1  -1  1
90.0628  17984.7070  299.3312  17469.3612  90.0628  1.757734  1.755525  0.002209  8.099698  8.099698  1.399704  0.001257  3.205279e-01  6.691161e-01  6.691161e-01  0.008041  1.5844  5.890009e+05  4.037438e+02  2.266489e+57  1.328804e+55  3.928468e-06  -2.556648e+105  +1  -1  1
90.0628  20310.1824  299.3312  19794.8396  90.0628  1.742195  1.740358  0.001837  8.074743  8.074743  1.316277  0.001054  3.186763e-01  6.605721e-01  6.605721e-01  0.008116  1.6462  5.849971e+05  3.356204e+02  2.235022e+57  1.104593e+55  3.815954e-06  -1.876683e+105  +1  -1  1

123.2847  103.0404  339.1844  1.0000  123.2847  3.047622  0.003886  3.043736  15.289381  3.437369  15.289381  0.998725  2.944102e-01  5.594957e-01  2.420038e-02  0.023761  7.1616  5.815892e+02  6.651123e+05  4.889531e+54  2.128549e+58  3.188617e-06  8.122759e+108  +1  +1  0
123.2847  107.6573  339.1844  1.1334  123.2847  3.045506  0.004544  3.040963  15.286195  3.512231  15.286195  0.998508  2.942671e-01  5.589534e-01  2.545729e-02  0.023788  7.1871  6.807836e+02  6.643497e+05  5.709498e+54  2.126457e+58  3.270962e-06  8.022142e+108  +1  +1  0
123.2847  113.1115  339.1844  1.2846  123.2847  3.043268  0.005303  3.037964  15.283213  3.590187  15.283213  0.998257  2.941082e-01  5.583516e-01  2.681223e-02  0.023819  7.2161  7.954376e+02  6.635675e+05  6.646635e+54  2.124358e+58  3.250669e-06  8.069677e+108  +1  +1  0
123.2847  119.1072  339.1844  1.4560  123.2847  3.040400  0.006183  3.034217  15.278329  3.671528  15.278329  0.997966  2.939250e-01  5.576588e-01  2.827817e-02  0.023850  7.2480  9.285758e+02  6.625118e+05  7.726682e+54  2.121392e+58  3.189887e-06  8.987038e+108  +1  +1  0
123.2847  125.0167  339.1844  1.6503  123.2847  3.037413  0.007203  3.030210  15.273764  3.756291  15.273764  0.997628  2.937240e-01  5.568996e-01  2.986423e-02  0.023887  7.2840  1.083168e+03  6.614439e+05  8.973311e+54  2.118451e+58  3.251999e-06  9.892055e+108  +1  +1  0
123.2847  131.6026  339.1844  1.8704  123.2847  3.033833  0.008386  3.025447  15.267909  3.844568  15.267909  0.997236  2.934903e-01  5.560185e-01  3.158132e-02  0.023928  7.3257  1.262714e+03  6.601557e+05  1.041378e+55  2.114855e+58  3.250611e-06  1.115010e+109  +1  +1  0
123.2847  137.9494  339.1844  2.1200  123.2847  3.029854  0.009756  3.020099  15.261439  3.936488  15.261439  0.996780  2.932297e-01  5.550376e-01  3.344206e-02  0.023974  7.3724  1.471295e+03  6.587320e+05  1.207974e+55  2.110881e+58  3.274169e-06  1.022082e+109  +1  +1  0
123.2847  152.7256  339.1844  2.4028  123.2847  3.025466  0.011259  3.014208  15.254270  4.026321  15.254270  0.996279  2.929426e-01  5.539592e-01  3.533955e-02  0.024025  7.4244  1.700588e+03  6.571625e+05  1.390346e+55  2.106496e+58  3.282463e-06  1.653139e+109  +1  +1  0
123.2847  157.6382  339.1844  2.7234  123.2847  3.020448  0.013018  3.007430  15.245895  4.119999  15.245895  0.995690  2.926173e-01  5.527402e-01  3.740906e-02  0.024081  7.4832  1.969588e+03  6.553690e+05  1.603480e+55  2.101461e+58  3.306150e-06  2.164750e+109  +1  +1  0
123.2847  162.7167  339.1844  3.0867  123.2847  3.014670  0.015099  2.999571  15.236042  4.219851  15.236042  0.994992  2.922465e-01  5.513537e-01  3.971124e-02  0.024144  7.5504  2.288768e+03  6.533109e+05  1.855533e+55  2.095652e+58  3.341599e-06  2.482169e+109  +1  +1  0
123.2847  167.9681  339.1844  3.4985  123.2847  3.008076  0.017550  2.990525  15.224630  4.326035  15.224630  0.994166  2.918258e-01  5.497853e-01  4.226752e-02  0.024214  7.6271  2.665983e+03  6.509729e+05  2.152469e+55  2.089028e+58  3.364824e-06  2.836853e+109  +1  +1  0
123.2847  173.4000  339.1844  3.9652  123.2847  3.000466  0.020430  2.980036  15.210954  4.438732  15.210954  0.993191  2.913493e-01  5.480147e-01  4.510289e-02  0.024291  7.7139  3.110744e+03  6.482680e+05  2.501489e+55  2.081298e+58  3.388432e-06  3.236021e+109  +1  +1  0
123.2847  179.0190  339.1844  4.4943  123.2847  2.991800  0.023806  2.967993  15.195170  4.558122  15.195170  0.992043  2.908095e-01  5.460162e-01  4.824541e-02  0.024377  7.8134  3.634258e+03  6.452051e+05  2.911039e+55  2.072512e+58  3.422463e-06  3.682610e+109  +1  +1  0
123.2847  184.8335  339.1844  5.0939  123.2847  2.981831  0.027756  2.954074  15.176517  4.684342  15.176517  0.990691  2.901967e-01  5.437568e-01  5.172560e-02  0.024472  7.9271  4.249591e+03  6.416862e+05  3.390902e+55  2.062353e+58  3.449929e-06  4.196280e+109  +1  +1  0
123.2847  190.8524  339.1844  5.7734  123.2847  2.970466  0.032370  2.938096  15.154777  4.817534  15.154777  0.989103  2.895054e-01  5.412196e-01  5.557746e-02  0.024575  8.0558  4.971955e+03  6.376873e+05  3.952419e+55  2.050743e+58  3.483942e-06  4.768489e+109  +1  +1  0
123.2847  197.0844  339.1844  6.5437  123.2847  2.957511  0.037750  2.919760  15.129397  4.957784  15.129397  0.987236  2.887263e-01  5.383752e-01  5.983778e-02  0.024688  8.2028  5.819001e+03  6.331401e+05  4.608641e+55  2.037462e+58  3.520103e-06  5.413284e+109  +1  +1  0
123.2847  203.5396  339.1844  7.4167  123.2847  2.942747  0.044013  2.898733  15.099832  5.105182  15.099832  0.985043  2.878475e-01  5.351856e-01  6.454735e-02  0.024812  8.3708  6.811153e+03  6.279788e+05  5.374578e+55  2.022302e+58  3.535230e-06  6.123140e+109  +1  +1  0
123.2847  210.2287  339.1844  8.4062  123.2847  2.925534  0.051291  2.874243  15.063783  5.259749  15.063783  0.982468  2.868486e-01  5.315844e-01  6.975175e-02  0.024943  8.5624  7.971887e+03  6.219396e+05  6.267324e+55  2.004381e+58  3.572189e-06  6.922084e+109  +1  +1  0
123.2847  217.1631  339.1844  9.5277  123.2847  2.906450  0.059734  2.846716  15.023604  5.421527  15.023604  0.979448  2.857396e-01  5.276153e-01  7.550151e-02  0.025090  8.7812  9.328552e+03  6.153106e+05  7.306705e+55  1.984667e+58  3.656572e-06  7.868960e+109  +1  +1  0
123.2847  224.3537  339.1844  10.7988  123.2847  2.885110  0.069508  2.815602  14.978046  5.585382  14.978046  0.975908  2.845043e-01  5.232308e-01  8.175432e-02  0.025250  9.0308  1.091177e+04  6.079550e+05  8.514454e+55  1.962706e+58  3.700977e-06  8.887987e+109  +1  +1  0
123.2847  231.8138  339.1844  12.2395  123.2847  2.860542  0.080800  2.779742  14.923464  5.753503  14.923464  0.971754  2.831133e-01  5.183383e-01  8.860517e-02  0.025418  9.3166  1.275759e+04  5.994793e+05  9.916187e+55  1.937170e+58  3.726776e-06  9.988383e+109  +1  +1  0
123.2847  239.5612  339.1844  13.8724  123.2847  2.832700  0.093817  2.738884  14.859780  5.928973  14.859780  0.966881  2.815593e-01  5.129279e-01  9.617594e-02  0.025592  9.6418  1.490619e+04  5.899071e+05  1.154003e+56  1.908133e+58  3.775890e-06  1.122111e+110  +1  +1  0
123.2847  247.6067  339.1844  15.7232  123.2847  2.801356  0.108785  2.692571  14.785902  6.111718  14.785902  0.961167  2.798351e-01  5.069920e-01  1.045409e-01  0.025773  10.0132  1.740376e+04  5.791702e+05  1.341764e+56  1.875342e+58  3.836819e-06  1.258642e+110  +1  +1  0
123.2847  255.9695  339.1844  17.8208  123.2847  2.766220  0.125953  2.640267  14.700715  6.301484  14.700715  0.954468  2.779265e-01  5.005022e-01  1.137766e-01  0.025963  10.4379  2.030206e+04  5.671993e+05  1.558433e+56  1.838554e+58  3.889100e-06  1.405110e+110  +1  +1  0
123.2847  264.6662  339.1844  20.1984  123.2847  2.726612  0.145587  2.581025  14.600653  6.497898  14.600653  0.946605  2.758244e-01  4.934504e-01  1.239612e-01  0.026146  10.9182  2.365974e+04  5.537046e+05  1.807907e+56  1.796738e+58  3.943845e-06  1.561010e+110  +1  +1  0
123.2847  273.7197  339.1844  22.8931  123.2847  2.682597  0.167971  2.514626  14.485595  6.700478  14.485595  0.937385  2.735273e-01  4.858571e-01  1.351815e-01  0.026326  11.4628  2.754126e+04  5.387741e+05  2.094402e+56  1.750167e+58  4.016425e-06  1.729580e+110  +1  +1  0
123.2847  283.1505  339.1844  25.9473  123.2847  2.633808  0.193405  2.440404  14.352730  6.908617  14.352730  0.926568  2.710387e-01  4.777601e-01  1.475317e-01  0.026491  12.0739  3.202039e+04  5.222549e+05  2.422632e+56  1.698264e+58  4.088784e-06  1.903918e+110  +1  +1  0
123.2847  292.9824  339.1844  29.4090  123.2847  2.580099  0.222198  2.357901  14.199847  7.121723  14.199847  0.913880  2.683703e-01  4.692235e-01  1.611070e-01  0.026630  12.7530  3.717499e+04  5.040906e+05  2.797424e+56  1.640781e+58  3.999377e-06  1.906030e+110  +1  +1  0
123.2847  548.6687  339.1844  33.3326  123.2847  2.540709  0.237560  2.303148  14.102982  7.213348  14.102982  0.906498  2.660882e-01  4.620388e-01  1.673887e-01  0.026891  13.4396  3.992698e+04  4.912364e+05  2.995557e+56  1.601469e+58  3.909552e-06  1.952516e+110  +1  +1  1
123.2847  553.1161  339.1844  37.7796  123.2847  2.496565  0.253662  2.242903  13.994487  7.283772  13.994487  0.898396  2.634920e-01  4.539924e-01  1.733457e-01  0.027185  14.2693  4.279307e+04  4.771122e+05  3.198905e+56  1.558179e+58  3.969483e-06  2.127207e+110  +1  +1  1
123.2847  558.1558  339.1844  42.8198  123.2847  2.444412  0.273644  2.170768  13.859158  7.359371  13.859158  0.888053  2.605069e-01  4.449023e-01  1.806314e-01  0.027473  15.2656  4.639082e+04  4.605578e+05  3.451751e+56  1.506815e+58  4.066692e-06  2.380389e+110  +1  +1  1
123.2847  563.8691  339.1844  48.5326  123.2847  2.383850  0.297739  2.086112  13.692704  7.441229  13.692704  0.875102  2.571411e-01  4.348548e-01  1.893629e-01  0.027738  16.4487  5.077367e+04  4.414535e+05  3.757302e+56  1.446845e+58  4.164599e-06  2.582294e+110  +1  +1  1
123.2847  570.3441  339.1844  55.0074  123.2847  2.315223  0.326243  1.988980  13.492545  7.529949  13.492545  0.859088  2.534431e-01  4.240540e-01  1.996707e-01  0.027956  17.8231  5.603903e+04  4.199283e+05  4.121407e+56  1.378556e+58  4.275408e-06  2.758378e+110  +1  +1  1
123.2847  577.6823  339.1844  62.3461  123.2847  2.238758  0.359452  1.879306  13.254182  7.625623  13.254182  0.839441  2.494800e-01  4.127451e-01  2.116945e-01  0.028099  19.3831  6.230630e+04  3.960211e+05  4.551128e+56  1.301925e+58  4.391577e-06  2.880316e+110  +1  +1  1
123.2847  586.0010  339.1844  70.6639  123.2847  2.155380  0.397630  1.757749  12.973989  7.728222  12.973989  0.815517  2.453759e-01  4.013133e-01  2.255687e-01  0.028134  21.0853  6.965274e+04  3.699459e+05  5.050244e+56  1.217518e+58  4.509524e-06  2.921701e+110  +1  +1  1
123.2847  595.4279  339.1844  80.0914  123.2847  2.066706  0.440984  1.625722  12.648994  7.837135  12.648994  0.786625  2.413261e-01  3.903005e-01  2.414184e-01  0.028025  22.8262  7.814249e+04  3.420496e+05  5.621192e+56  1.126369e+58  4.649130e-06  2.916113e+110  +1  +1  1
123.2847  606.1136  339.1844  90.7766  123.2847  1.975350  0.489632  1.485719  12.278348  7.951516  12.278348  0.752129  2.376216e-01  3.804508e-01  2.593531e-01  0.027762  24.4301  8.798956e+04  3.128829e+05  6.276412e+56  1.030245e+58  4.798664e-06  2.823438e+110  +1  +1  1
123.2847  618.2249  339.1844  102.8874  123.2847  1.884894  0.543591  1.341303  11.864061  8.070239  11.864061  0.711607  2.346579e-01  3.727198e-01  2.794598e-01  0.027362  25.6375  9.911496e+04  2.831682e+05  7.007432e+56  9.315615e+57  4.978785e-06  2.655899e+110  +1  +1  1
123.2847  631.9498  339.1844  116.6139  123.2847  1.799790  0.602749  1.197040  11.412424  8.191880  11.412424  0.665100  2.329300e-01  3.682721e-01  3.017932e-01  0.026919  26.1724  1.117532e+05  2.537784e+05  7.827136e+56  8.333288e+57  5.192999e-06  2.421306e+110  +1  +1  1
123.2847  647.5096  339.1844  132.1717  123.2847  1.724897  0.666856  1.058040  10.934800  8.314893  10.934800  0.613394  2.329882e-01  3.684210e-01  3.263653e-01  0.026623  25.8519  1.257237e+05  2.256456e+05  8.718851e+56  7.388458e+57  5.643316e-06  2.158836e+110  +1  +1  1
123.2847  665.1426  339.1844  149.8051  123.2847  1.664693  0.735516  0.929177  10.447121  8.437538  10.447121  0.558167  2.353527e-01  3.745206e-01  3.531319e-01  0.026763  24.7083  1.415493e+05  1.996146e+05  9.714538e+56  6.511789e+57  6.490902e-06  1.873602e+110  +1  +1  1
123.2847  685.1283  339.1844  169.7911  123.2847  1.622396  0.808180  0.814215  9.967919  8.558077  9.967919  0.501860  2.403997e-01  3.878176e-01  3.819615e-01  0.027687  22.9886  1.586915e+05  1.762968e+05  1.077208e+57  5.726232e+57  1.248369e-05  1.550931e+110  +1  +1  1
123.2847  707.7821  339.1844  192.4434  123.2847  1.599328  0.884172  0.715157  9.515056  8.674710  9.515056  0.447161  2.482607e-01  4.093195e-01  4.125881e-01  0.029678  20.9796  1.773670e+05  1.559722e+05  1.190145e+57  5.043224e+57  3.050706e-05  1.296099e+110  +1  +1  1
123.2847  733.4544  339.1844  218.1178  123.2847  1.594821  0.962701  0.632120  9.102504  8.786042  9.102504  0.396358  2.587812e-01  4.397247e-01  4.444219e-01  0.032861  18.8764  1.979383e+05  1.385876e+05  1.312267e+57  4.462301e+57  -4.110208e-07  1.039864e+110  -1  +1  1
123.2847  762.5564  339.1844  247.2176  123.2847  1.606648  1.042957  0.563691  8.892876  8.892876  8.738314  0.350849  2.668456e-01  4.644118e-01  4.644200e-01  0.035002  17.2463  2.195035e+05  1.238387e+05  1.436863e+57  3.973821e+57  2.035195e-06  7.989719e+109  +1  +1  1
123.2847  795.5386  339.1844  280.1996  123.2847  1.631833  1.125393  0.506439  9.011106  9.011106  8.415704  0.310350  2.674725e-01  4.663844e-01  4.663915e-01  0.031187  15.1877  2.423733e+05  1.111157e+05  1.565900e+57  3.556461e+57  2.564061e-06  6.308428e+109  +1  +1  1
123.2847  832.9189  339.1844  317.5819  123.2847  1.667535  1.210673  0.456862  9.135863  9.135863  8.120248  0.273974  2.695920e-01  4.731136e-01  4.731193e-01  0.028263  13.2312  2.669936e+05  9.985666e+04  1.702135e+57  3.190151e+57  2.698569e-06  4.947399e+109  +1  +1  1
123.2847  875.2916  339.1844  359.9514  123.2847  1.710901  1.297527  0.413374  9.257607  9.257607  7.847699  0.241612  2.729655e-01  4.840178e-01  4.840229e-01  0.025959  11.4197  2.929544e+05  8.978072e+04  1.842363e+57  2.865051e+57  2.737519e-06  3.786060e+109  +1  +1  1
123.2847  923.3117  339.1844  407.9736  123.2847  1.759026  1.384261  0.374765  9.368668  9.368668  7.595203  0.213052  2.773167e-01  4.984462e-01  4.984505e-01  0.024068  9.7828  3.195879e+05  8.067386e+04  1.981552e+57  2.573580e+57  2.714626e-06  2.807573e+109  +1  +1  1
123.2847  977.7420  339.1844  462.4025  123.2847  1.809352  1.470826  0.338526  9.464200  9.464200  7.344226  0.187098  2.823715e-01  5.157484e-01  5.157527e-01  0.022529  8.3664  3.468479e+05  7.218371e+04  2.119301e+57  2.302559e+57  2.640925e-06  2.038508e+109  +1  +1  1
123.2847  1039.4339  339.1844  524.0930  123.2847  1.859851  1.555872  0.303979  9.541716  9.541716  7.087372  0.163443  2.878944e-01  5.353554e-01  5.353594e-01  0.021258  7.1657  3.742329e+05  6.422717e+04  2.251928e+57  2.048608e+57  2.488560e-06  1.458741e+109  +1  +1  1
123.2847  1109.3497  339.1844  594.0138  123.2847  1.908622  1.637252  0.271370  9.599631  9.599631  6.826120  0.142181  2.936616e-01  5.566642e-01  5.566681e-01  0.019815  6.0488  4.021877e+05  5.683862e+04  2.382829e+57  1.812818e+57  2.334660e-06  9.897267e+108  +1  +1  1
123.2847  1188.6046  339.1844  673.2629  123.2847  1.953995  1.713104  0.240891  9.637627  9.637627  6.561986  0.123281  2.994573e-01  5.789980e-01  5.790012e-01  0.018485  5.1173  4.287209e+05  5.003795e+04  2.498601e+57  1.595815e+57  2.155003e-06  6.382725e+108  +1  +1  1
123.2847  1278.4252  339.1844  763.0849  123.2847  1.994635  1.781966  0.212669  9.656208  9.656208  6.296483  0.106620  3.050973e-01  6.016811e-01  6.016844e-01  0.017246  4.3491  4.551780e+05  4.383135e+04  2.609164e+57  1.397791e+57  1.934068e-06  4.141883e+108  +1  +1  1
123.2847  1380.2298  339.1844  864.8903  123.2847  2.029577  1.842804  0.186773  9.656275  9.656275  6.031087  0.092025  3.104399e-01  6.240954e-01  6.240983e-01  0.016099  3.7224  4.795146e+05  3.821267e+04  2.701209e+57  1.218543e+57  1.777688e-06  1.666955e+108  +1  +1  1
123.2847  1495.6207  339.1844  980.2778  123.2847  2.058237  1.895023  0.163215  9.639273  9.639273  5.767203  0.079298  3.153790e-01  6.456767e-01  6.456794e-01  0.014968  3.1983  5.014480e+05  3.316514e+04  2.773708e+57  1.057532e+57  1.510474e-06  6.088065e+107  +1  +1  1
123.2847  1626.3973  339.1844  1111.0596  123.2847  2.080381  1.938422  0.141959  9.606903  9.606903  5.506135  0.068237  3.198461e-01  6.659547e-01  6.659571e-01  0.013970  2.7823  5.226535e+05  2.866337e+04  2.839386e+57  9.139420e+56  1.196972e-06  1.123492e+107  +1  +1  1
123.2847  1774.6318  339.1844  1259.2893  123.2847  2.096041  1.973114  0.122927  9.560956  9.560956  5.249070  0.058647  3.238025e-01  6.845546e-01  6.845567e-01  0.013050  2.4440  5.410637e+05  2.467548e+04  2.884820e+57  7.867531e+56  8.948922e-07  -3.912021e+107  +1  -1  1
123.2847  1942.6373  339.1844  1427.2948  123.2847  2.105482  1.999473  0.106009  9.503407  9.503407  4.997060  0.050349  3.272305e-01  7.011849e-01  7.011869e-01  0.012228  2.1726  5.576555e+05  2.116500e+04  2.917933e+57  6.747991e+56  5.121215e-07  -6.132308e+107  +1  -1  1
123.2847  2133.0527  339.1844  1617.7144  123.2847  2.109116  2.018046  0.091070  9.436171  9.436171  4.751016  0.043179  3.301310e-01  7.156470e-01  7.156487e-01  0.011491  1.9537  5.713596e+05  1.809282e+04  2.932216e+57  5.768292e+56  8.394386e-08  -6.857126e+107  +1  -1  1
123.2847  2348.8827  339.1844  1833.5384  123.2847  2.107465  2.029505  0.077960  9.361145  9.361145  4.511706  0.036992  3.325163e-01  7.278211e-01  7.278227e-01  0.010846  1.7788  5.841951e+05  1.541865e+04  2.942547e+57  4.915567e+56  -5.356846e-07  -5.706507e+107  -1  -1  1
123.2847  2593.4963  339.1844  2078.1562  123.2847  2.101106  2.034586  0.066520  9.280148  9.280148  4.279755  0.031660  3.344065e-01  7.376543e-01  7.376556e-01  0.010274  1.6378  5.942625e+05  1.310243e+04  2.936477e+57  4.177022e+56  -1.275093e-06  -5.490883e+107  -1  -1  1
123.2847  2870.7514  339.1844  2355.4091  123.2847  2.090644  2.034054  0.056591  9.194763  9.194763  4.055654  0.027068  3.358314e-01  7.451787e-01  7.451799e-01  0.009783  1.5268  6.026093e+05  1.110531e+04  2.921945e+57  3.540254e+56  -2.697254e-06  -4.637683e+107  -1  -1  1
123.2847  3184.9955  339.1844  2669.6512  123.2847  2.076686  2.028674  0.048012  9.106635  9.106635  3.839770  0.023120  3.368175e-01  7.504438e-01  7.504449e-01  0.009359  1.4393  6.084538e+05  9.390422e+03  2.894025e+57  2.993496e+56  -3.905118e-06  -3.910304e+107  -1  -1  1
123.2847  3541.1532  339.1844  3025.8172  123.2847  2.059816  2.019182  0.040634  9.017090  9.017090  3.632350  0.019727  3.373988e-01  7.535703e-01  7.535712e-01  0.008999  1.3722  6.137608e+05  7.923376e+03  2.866852e+57  2.525776e+56  -8.548352e-06  -2.894690e+107  -1  -1  1
123.2847  3944.8452  339.1844  3429.5004  123.2847  2.040588  2.006275  0.034313  8.927421  8.927421  3.433543  0.016815  3.376066e-01  7.546919e-01  7.546927e-01  0.008700  1.3224  6.168384e+05  6.672609e+03  2.828783e+57  2.127023e+56  -2.133144e-05  -2.378640e+107  -1  -1  1
123.2847  4402.3826  339.1844  3887.0401  123.2847  2.019526  1.990610  0.028916  8.838773  8.838773  3.243404  0.014318  3.374731e-01  7.539709e-01  7.539716e-01  0.008453  1.2874  6.187083e+05  5.609501e+03  2.787146e+57  1.788107e+56  2.882484e-04  -1.849232e+107  +1  -1  1
123.2847  4920.9625  339.1844  4405.6215  123.2847  1.997107  1.972783  0.024324  8.752115  8.752115  3.061912  0.012180  3.370312e-01  7.515910e-01  7.515916e-01  0.008251  1.2650  6.195211e+05  4.708382e+03  2.743084e+57  1.500841e+56  2.330925e-04  -1.334478e+107  +1  -1  1
123.2847  5508.7341  339.1844  4993.3885  123.2847  1.973763  1.953335  0.020428  8.668302  8.668302  2.888979  0.010350  3.363121e-01  7.477397e-01  7.477401e-01  0.008095  1.2543  6.194037e+05  3.946463e+03  2.697474e+57  1.257955e+56  2.250425e-05  -9.808119e+106  +1  -1  1
123.2847  6174.9095  339.1844  5659.5711  123.2847  1.949892  1.932761  0.017131  8.588165  8.588165  2.724461  0.008785  3.353450e-01  7.425992e-01  7.425996e-01  0.007977  1.2539  6.184917e+05  3.303671e+03  2.651184e+57  1.053050e+56  1.290042e-05  -7.434716e+106  +1  -1  1
123.2847  6929.9756  339.1844  6414.6311  123.2847  1.925847  1.911500  0.014346  8.512306  8.512306  2.568171  0.007449  3.341613e-01  7.363692e-01  7.363696e-01  0.007892  1.2627  6.161593e+05  2.762456e+03  2.599709e+57  8.805277e+55  8.817198e-06  -5.333417e+106  +1  -1  1
123.2847  7785.7703  339.1844  7270.4259  123.2847  1.901937  1.889937  0.012001  8.441149  8.441149  2.419885  0.006310  3.327946e-01  7.292583e-01  7.292585e-01  0.007838  1.2801  6.140218e+05  2.307581e+03  2.554121e+57  7.355303e+55  8.053144e-06  -3.804782e+106  +1  -1  1
123.2847  8755.7337  339.1844  8240.3948  123.2847  1.878442  1.868414  0.010028  8.375212  8.375212  2.279354  0.005338  3.312712e-01  7.214341e-01  7.214343e-01  0.007813  1.3056  6.107298e+05  1.925877e+03  2.504792e+57  6.138589e+55  6.118947e-06  -2.792090e+106  +1  -1  1
123.2847  9855.1162  339.1844  9339.7702  123.2847  1.855606  1.847234  0.008372  8.314883  8.314883  2.146305  0.004512  3.296183e-01  7.130636e-01  7.130638e-01  0.007810  1.3382  6.071284e+05  1.606027e+03  2.457367e+57  5.119053e+55  6.126485e-06  -1.925432e+106  +1  -1  1
123.2847  11101.1575  339.1844  10585.8164  123.2847  1.833638  1.826655  0.006983  8.260320  8.260320  2.020453  0.003808  3.278675e-01  7.043296e-01  7.043298e-01  0.007832  1.3781  6.039592e+05  1.338344e+03  2.416726e+57  4.265813e+55  5.750507e-06  -1.278394e+106  +1  -1  1
123.2847  12513.4446  339.1844  11998.1012  123.2847  1.812718  1.806897  0.005821  8.211688  8.211688  1.901504  0.003211  3.260464e-01  6.953850e-01  6.953851e-01  0.007869  1.4238  5.999688e+05  1.114571e+03  2.373825e+57  3.552544e+55  4.806366e-06  -9.339381e+105  +1  -1  1
123.2847  14114.1489  339.1844  13598.8032  123.2847  1.792999  1.788150  0.004848  8.169049  8.169049  1.789160  0.002704  3.241829e-01  6.863761e-01  6.863762e-01  0.007921  1.4748  5.959127e+05  9.276927e+02  2.333658e+57  2.956878e+55  4.896311e-06  -6.067419e+105  +1  -1  1
123.2847  15928.3955  339.1844  15413.0595  123.2847  1.774604  1.770568  0.004036  8.132334  8.132334  1.683121  0.002274  3.223056e-01  6.774442e-01  6.774445e-01  0.007983  1.5301  5.924670e+05  7.717629e+02  2.300633e+57  2.459865e+55  4.637746e-06  -4.026470e+105  +1  -1  1
123.2847  17984.7070  339.1844  17469.3612  123.2847  1.757638  1.754280  0.003358  8.101542  8.101542  1.583090  0.001911  3.204375e-01  6.686960e-01  6.686961e-01  0.008054  1.5893  5.884567e+05  6.417588e+02  2.266262e+57  2.045491e+55  3.974925e-06  -2.891736e+105  +1  -1  1
123.2847  20310.1824  339.1844  19794.8396  123.2847  1.742203  1.739409  0.002794  8.076507  8.076507  1.488962  0.001604  3.186081e-01  6.602598e-01  6.602598e-01  0.008129  1.6508  5.845622e+05  5.336500e+02  2.234998e+57  1.700908e+55  3.856218e-06  -2.124177e+105  +1  -1  1

168.7612  103.0404  392.6269  1.0000  168.7612  3.242679  0.002822  3.239857  15.317133  3.081034  15.317133  0.999130  3.126857e-01  6.338026e-01  2.222431e-02  0.018831  4.1999  4.220265e+02  7.456024e+05  3.548259e+54  2.302449e+58  2.769706e-06  3.246798e+108  +1  +1  0
168.7612  107.6573  392.6269  1.1334  168.7612  3.241445  0.003305  3.238140  15.315679  3.150031  15.315679  0.998980  3.125964e-01  6.334133e-01  2.338275e-02  0.018847  4.2095  4.947866e+02  7.450843e+05  4.149743e+54  2.301168e+58  2.763335e-06  3.200734e+108  +1  +1  0
168.7612  113.1115  392.6269  1.2846  168.7612  3.239980  0.003864  3.236116  15.313827  3.221956  15.313827  0.998807  3.124930e-01  6.329625e-01  2.463159e-02  0.018864  4.2203  5.791064e+02  7.444684e+05  4.839000e+54  2.299626e+58  2.777562e-06  3.231962e+108  +1  +1  0
168.7612  119.1072  392.6269  1.4560  168.7612  3.238361  0.004514  3.233847  15.311827  3.297124  15.311827  0.998606  3.123776e-01  6.324602e-01  2.598311e-02  0.018885  4.2328  6.772601e+02  7.437921e+05  5.635338e+54  2.297938e+58  2.802557e-06  3.619280e+108  +1  +1  0
168.7612  125.0167  392.6269  1.6503  168.7612  3.236435  0.005269  3.231166  15.309293  3.375557  15.309293  0.998372  3.122435e-01  6.318773e-01  2.744538e-02  0.018908  4.2471  7.915182e+02  7.429911e+05  6.556839e+54  2.295914e+58  2.884772e-06  3.994664e+108  +1  +1  0
168.7612  131.6026  392.6269  1.8704  168.7612  3.234458  0.006146  3.228311  15.307174  3.457382  15.307174  0.998100  3.120959e-01  6.312365e-01  2.902897e-02  0.018935  4.2631  9.245673e+02  7.421908e+05  7.624436e+54  2.293964e+58  2.875106e-06  4.508146e+108  +1  +1  0
168.7612  137.9494  392.6269  2.1200  168.7612  3.231819  0.007166  3.224652  15.303081  3.542691  15.303081  0.997783  3.119247e-01  6.304936e-01  3.074517e-02  0.018962  4.2810  1.079539e+03  7.410756e+05  8.862415e+54  2.291048e+58  2.730775e-06  4.122345e+108  +1  +1  0
168.7612  152.7256  392.6269  2.4028  168.7612  3.228580  0.008292  3.220288  15.297635  3.626505  15.297635  0.997432  3.117230e-01  6.296201e-01  3.250168e-02  0.018990  4.3013  1.250965e+03  7.397085e+05  1.022614e+55  2.287404e+58  2.920332e-06  6.810940e+108  +1  +1  0
168.7612  157.6382  392.6269  2.7234  168.7612  3.225929  0.009613  3.216316  15.294928  3.714075  15.294928  0.997020  3.115222e-01  6.287516e-01  3.441690e-02  0.019029  4.3240  1.452552e+03  7.386442e+05  1.182370e+55  2.284830e+58  3.002803e-06  8.917925e+108  +1  +1  0
168.7612  162.7167  392.6269  3.0867  168.7612  3.222275  0.011179  3.211097  15.289630  3.807407  15.289630  0.996531  3.112772e-01  6.276942e-01  3.654390e-02  0.019068  4.3500  1.692125e+03  7.371451e+05  1.371602e+55  2.280954e+58  2.914504e-06  1.018703e+109  +1  +1  0
168.7612  167.9681  392.6269  3.4985  168.7612  3.218065  0.013027  3.205038  15.283344  3.906711  15.283344  0.995952  3.109983e-01  6.264929e-01  3.890314e-02  0.019112  4.3796  1.975784e+03  7.354246e+05  1.594937e+55  2.276474e+58  2.946315e-06  1.165942e+109  +1  +1  0
168.7612  173.4000  392.6269  3.9652  168.7612  3.213197  0.015203  3.197994  15.275886  4.012155  15.275886  0.995269  3.106795e-01  6.251226e-01  4.151725e-02  0.019162  4.4136  2.310932e+03  7.334473e+05  1.857992e+55  2.271290e+58  2.939057e-06  1.329551e+109  +1  +1  0
168.7612  179.0190  392.6269  4.4943  168.7612  3.207089  0.017760  3.189329  15.265387  4.123944  15.265387  0.994462  3.103022e-01  6.235059e-01  4.441217e-02  0.019216  4.4528  2.706318e+03  7.309506e+05  2.167376e+55  2.264565e+58  3.040262e-06  1.526094e+109  +1  +1  0
168.7612  184.8335  392.6269  5.0939  168.7612  3.201237  0.020760  3.180477  15.257000  4.242209  15.257000  0.993515  3.099062e-01  6.218139e-01  4.761548e-02  0.019280  4.4964  3.172165e+03  7.286316e+05  2.530738e+55  2.258559e+58  3.104626e-06  1.751858e+109  +1  +1  0
168.7612  190.8524  392.6269  5.7734  168.7612  3.193654  0.024275  3.169379  15.244092  4.367116  15.244092  0.992399  3.094339e-01  6.198029e-01  5.115845e-02  0.019348  4.5469  3.720479e+03  7.255826e+05  2.957049e+55  2.250347e+58  3.060110e-06  1.987024e+109  +1  +1  0
168.7612  197.0844  392.6269  6.5437  168.7612  3.185069  0.028385  3.156683  15.229375  4.498801  15.229375  0.991088  3.089003e-01  6.175400e-01  5.507517e-02  0.019424  4.6043  4.365232e+03  7.221604e+05  3.456660e+55  2.241103e+58  3.104950e-06  2.266091e+109  +1  +1  0
168.7612  203.5396  392.6269  7.4167  168.7612  3.175170  0.033187  3.141983  15.211893  4.637375  15.211893  0.989548  3.082942e-01  6.149809e-01  5.940294e-02  0.019509  4.6699  5.122607e+03  7.182313e+05  4.041489e+55  2.230402e+58  3.117856e-06  2.574414e+109  +1  +1  0
168.7612  210.2287  392.6269  8.4062  168.7612  3.163469  0.038786  3.124683  15.190052  4.782919  15.190052  0.987739  3.075998e-01  6.120638e-01  6.418360e-02  0.019599  4.7447  6.011553e+03  7.135852e+05  4.725365e+55  2.217567e+58  3.181485e-06  2.944488e+109  +1  +1  0
168.7612  217.1631  392.6269  9.5277  168.7612  3.150808  0.045306  3.105502  15.167195  4.935534  15.167195  0.985621  3.068303e-01  6.088498e-01  6.946425e-02  0.019703  4.8300  7.053767e+03  7.086485e+05  5.523993e+55  2.204014e+58  3.247222e-06  3.363549e+109  +1  +1  0
168.7612  224.3537  392.6269  10.7988  168.7612  3.135891  0.052885  3.083006  15.138716  5.090629  15.138716  0.983136  3.059522e-01  6.052053e-01  7.520247e-02  0.019815  4.9277  8.274576e+03  7.028273e+05  6.455570e+55  2.187799e+58  3.262799e-06  3.801826e+109  +1  +1  0
168.7612  231.8138  392.6269  12.2395  168.7612  3.118795  0.061678  3.057117  15.105177  5.250288  15.105177  0.980224  3.049598e-01  6.011165e-01  8.148796e-02  0.019937  5.0392  9.703142e+03  6.961956e+05  7.540795e+55  2.169180e+58  3.306358e-06  4.310603e+109  +1  +1  0
168.7612  239.5612  392.6269  13.8724  168.7612  3.099224  0.071861  3.027363  15.065668  5.417244  15.065668  0.976813  3.038409e-01  5.965435e-01  8.843325e-02  0.020070  5.1669  1.137287e+04  6.886482e+05  8.803131e+55  2.147815e+58  3.353287e-06  4.883474e+109  +1  +1  0
168.7612  247.6067  392.6269  15.7232  168.7612  3.076905  0.083628  2.993277  15.019346  5.591591  15.019346  0.972821  3.025831e-01  5.914495e-01  9.610635e-02  0.020213  5.3127  1.332153e+04  6.800959e+05  1.026874e+56  2.123411e+58  3.403726e-06  5.523298e+109  +1  +1  0
168.7612  255.9695  392.6269  17.8208  168.7612  3.051446  0.097194  2.954252  14.964921  5.773097  14.964921  0.968148  3.011708e-01  5.857872e-01  1.045793e-01  0.020365  5.4794  1.559371e+04  6.704025e+05  1.196797e+56  2.095519e+58  3.456476e-06  6.227202e+109  +1  +1  0
168.7612  264.6662  392.6269  20.1984  168.7612  3.022506  0.112795  2.909710  14.901147  5.961637  14.901147  0.962681  2.995912e-01  5.795254e-01  1.139301e-01  0.020528  5.6702  1.823786e+04  6.594553e+05  1.393350e+56  2.063753e+58  3.513628e-06  7.014322e+109  +1  +1  0
168.7612  273.7197  392.6269  22.8931  168.7612  2.989711  0.130688  2.859022  14.826547  6.156684  14.826547  0.956287  2.978316e-01  5.726366e-01  1.242336e-01  0.020694  5.8872  2.131105e+04  6.471310e+05  1.620305e+56  2.027687e+58  3.573802e-06  7.868454e+109  +1  +1  0
168.7612  283.1505  392.6269  25.9473  168.7612  2.952624  0.151148  2.801476  14.739252  6.357934  14.739252  0.948809  2.958791e-01  5.650971e-01  1.355801e-01  0.020869  6.1352  2.487500e+04  6.332819e+05  1.881648e+56  1.986801e+58  3.637659e-06  8.793691e+109  +1  +1  0
168.7612  292.9824  392.6269  29.4090  168.7612  2.910892  0.174467  2.736425  14.637400  6.564915  14.637400  0.940064  2.937269e-01  5.569108e-01  1.480676e-01  0.021039  6.4154  2.900183e+04  6.177926e+05  2.181969e+56  1.940670e+58  3.548782e-06  8.954233e+109  +1  +1  0
168.7612  548.6687  392.6269  33.3326  168.7612  2.881173  0.187730  2.693443  14.575557  6.660199  14.575557  0.934843  2.919616e-01  5.502911e-01  1.542334e-01  0.021257  6.6802  3.134887e+04  6.068435e+05  2.351081e+56  1.909482e+58  3.454386e-06  1.044863e+110  +1  +1  1
168.7612  553.1161  392.6269  37.7796  168.7612  2.847363  0.201949  2.645414  14.504655  6.737843  14.504655  0.929075  2.899460e-01  5.428351e-01  1.602147e-01  0.021503  6.9954  3.385694e+04  5.945464e+05  2.529371e+56  1.874291e+58  3.500366e-06  1.143223e+110  +1  +1  1
168.7612  558.1558  392.6269  42.8198  168.7612  2.806735  0.219553  2.587182  14.415377  6.821896  14.415377  0.921776  2.875789e-01  5.342150e-01  1.674568e-01  0.021766  7.3775  3.698334e+04  5.799907e+05  2.749752e+56  1.832044e+58  3.596517e-06  1.279679e+110  +1  +1  1
168.7612  563.8691  392.6269  48.5326  168.7612  2.758717  0.240769  2.517949  14.304604  6.913168  14.304604  0.912724  2.848479e-01  5.244464e-01  1.760603e-01  0.022042  7.8360  4.078642e+04  5.630128e+05  3.015710e+56  1.782084e+58  3.689327e-06  1.399681e+110  +1  +1  1
168.7612  570.3441  392.6269  55.0074  168.7612  2.702811  0.265890  2.436921  14.169074  7.011989  14.169074  0.901625  2.817447e-01  5.135704e-01  1.861460e-01  0.022316  8.3800  4.535843e+04  5.434924e+05  3.332884e+56  1.723887e+58  3.789941e-06  1.517444e+110  +1  +1  1
168.7612  577.6823  392.6269  62.3461  168.7612  2.638590  0.295223  2.343368  14.005083  7.118560  14.005083  0.888113  2.782710e-01  5.016673e-01  1.978519e-01  0.022582  9.0224  5.081198e+04  5.213399e+05  3.708055e+56  1.657004e+58  3.896378e-06  1.614321e+110  +1  +1  1
168.7612  586.0010  392.6269  70.6639  168.7612  2.565807  0.329061  2.236746  13.808401  7.232567  13.808401  0.871751  2.744493e-01  4.888912e-01  2.113027e-01  0.022810  9.7661  5.722681e+04  4.965091e+05  4.145372e+56  1.581103e+58  4.004136e-06  1.680714e+110  +1  +1  1
168.7612  595.4279  392.6269  80.0914  168.7612  2.484566  0.367661  2.116905  13.574699  7.353516  13.574699  0.852022  2.703348e-01  4.754939e-01  2.266309e-01  0.022980  10.6110  6.467663e+04  4.690520e+05  4.648214e+56  1.496162e+58  4.113856e-06  1.709093e+110  +1  +1  1
168.7612  606.1136  392.6269  90.7766  168.7612  2.395514  0.411218  1.984296  13.299887  7.480326  13.299887  0.828338  2.660311e-01  4.618606e-01  2.439441e-01  0.023056  11.5356  7.322141e+04  4.391557e+05  5.218530e+56  1.402599e+58  4.239582e-06  1.707987e+110  +1  +1  1
168.7612  618.2249  392.6269  102.8874  168.7612  2.300007  0.459850  1.840158  12.980334  7.612097  12.980334  0.800066  2.617128e-01  4.485539e-01  2.633508e-01  0.023004  12.4909  8.307121e+04  4.071517e+05  5.868272e+56  1.301327e+58  4.389893e-06  1.702564e+110  +1  +1  1
168.7612  631.9498  392.6269  116.6139  168.7612  2.200355  0.513569  1.686786  12.614204  7.747384  12.614204  0.766597  2.576408e-01  4.363333e-01  2.849292e-01  0.022792  13.3850  9.433881e+04  3.735870e+05  6.602163e+56  1.194024e+58  4.560716e-06  1.651668e+110  +1  +1  1
168.7612  647.5096  392.6269  132.1717  168.7612  2.099936  0.572268  1.527668  12.202254  7.884563  12.202254  0.727483  2.541836e-01  4.261972e-01  3.087279e-01  0.022412  14.0815  1.071176e+05  3.392092e+05  7.423041e+56  1.083112e+58  4.728094e-06  1.545688e+110  +1  +1  1
168.7612  665.1426  392.6269  149.8051  168.7612  2.003108  0.635707  1.367401  11.749151  8.021973  11.749151  0.682640  2.518138e-01  4.193720e-01  3.347599e-01  0.021899  14.4191  1.212186e+05  3.049429e+05  8.313462e+56  9.717055e+57  4.933908e-06  1.372878e+110  +1  +1  1
168.7612  685.1283  392.6269  169.7911  168.7612  1.914844  0.703501  1.211343  11.264518  8.157894  11.264518  0.632607  2.510744e-01  4.172622e-01  3.629863e-01  0.021366  14.2768  1.368700e+05  2.718084e+05  9.284804e+56  8.633514e+57  5.253263e-06  1.211642e+110  +1  +1  1
168.7612  707.7821  392.6269  192.4434  168.7612  1.840009  0.775125  1.064884  10.763025  8.290312  10.763025  0.578739  2.525034e-01  4.213479e-01  3.933038e-01  0.021012  13.6469  1.540749e+05  2.407839e+05  1.033217e+57  7.615474e+57  5.825508e-06  1.036541e+110  +1  +1  1
168.7612  733.4544  392.6269  218.1178  168.7612  1.782400  0.849916  0.932484  10.262800  8.417557  10.262800  0.523162  2.565198e-01  4.330232e-01  4.255256e-01  0.021103  12.6663  1.727920e+05  2.126315e+05  1.144809e+57  6.691127e+57  7.457617e-06  8.488687e+109  +1  +1  1
168.7612  762.5564  392.6269  247.2176  168.7612  1.743978  0.927104  0.816874  9.782458  8.537974  9.782458  0.468397  2.633144e-01  4.534467e-01  4.593547e-01  0.021907  11.5379  1.929278e+05  1.877723e+05  1.262067e+57  5.877066e+57  -6.164063e-05  6.967933e+109  -1  +1  1
168.7612  795.5386  392.6269  280.1996  168.7612  1.724577  1.005826  0.718751  9.337673  8.650131  9.337673  0.416769  2.727882e-01  4.834387e-01  4.943009e-01  0.023602  10.4166  2.147914e+05  1.662516e+05  1.386652e+57  5.176672e+57  -5.224487e-05  5.492544e+109  -1  +1  1
168.7612  832.9189  392.6269  317.5819  168.7612  1.722233  1.085183  0.637049  8.938778  8.753061  8.938778  0.369897  2.845741e-01  5.234774e-01  5.293565e-01  0.026194  9.3570  2.373258e+05  1.478093e+05  1.510828e+57  4.582254e+57  8.191291e-08  4.166987e+109  +1  +1  1
168.7612  875.2916  392.6269  359.9514  168.7612  1.733869  1.164468  0.569402  8.850842  8.850842  8.589026  0.328399  2.893433e-01  5.406265e-01  5.406370e-01  0.026226  8.6212  2.614244e+05  1.319856e+05  1.640500e+57  4.078592e+57  1.667506e-06  3.203340e+109  +1  +1  1
168.7612  923.3117  392.6269  407.9736  168.7612  1.756252  1.244681  0.511570  8.957031  8.957031  8.274298  0.291285  2.896038e-01  5.415799e-01  5.415886e-01  0.023423  7.6654  2.864351e+05  1.180678e+05  1.771204e+57  3.640413e+57  2.161809e-06  2.317705e+109  +1  +1  1
168.7612  977.7420  392.6269  462.4025  168.7612  1.786505  1.325758  0.460747  9.063948  9.063948  7.983196  0.257904  2.911176e-01  5.471559e-01  5.471632e-01  0.021454  6.8404  3.118802e+05  1.056045e+05  1.899466e+57  3.251613e+57  2.317659e-06  1.671749e+109  +1  +1  1
168.7612  1039.4339  392.6269  524.0930  168.7612  1.821839  1.406274  0.415565  9.163622  9.163622  7.712264  0.228102  2.936463e-01  5.566065e-01  5.566127e-01  0.019636  5.9958  3.384753e+05  9.435505e+04  2.030137e+57  2.903645e+57  2.286840e-06  1.256746e+109  +1  +1  1
168.7612  1109.3497  392.6269  594.0138  168.7612  1.859718  1.485849  0.373869  9.250492  9.250492  7.448112  0.201035  2.969367e-01  5.691674e-01  5.691730e-01  0.018428  5.3220  3.655153e+05  8.400361e+04  2.158393e+57  2.584792e+57  2.201262e-06  9.024145e+108  +1  +1  1
168.7612  1188.6046  392.6269  673.2629  168.7612  1.898148  1.563773  0.334375  9.320828  9.320828  7.178699  0.176158  3.007858e-01  5.842540e-01  5.842592e-01  0.017342  4.6960  3.932031e+05  7.438267e+04  2.285827e+57  2.288505e+57  2.127093e-06  5.990119e+108  +1  +1  1
168.7612  1278.4252  392.6269  763.0849  168.7612  1.935342  1.638005  0.297337  9.373501  9.373501  6.905610  0.153635  3.049562e-01  6.011016e-01  6.011067e-01  0.016409  4.1477  4.195520e+05  6.551944e+04  2.398955e+57  2.015608e+57  2.055832e-06  3.084026e+108  +1  +1  1
168.7612  1380.2298  392.6269  864.8903  168.7612  1.969729  1.706794  0.262935  9.407578  9.407578  6.630451  0.133488  3.092504e-01  6.190235e-01  6.190279e-01  0.015408  3.6317  4.449692e+05  5.742349e+04  2.501303e+57  1.766381e+57  1.850038e-06  1.764075e+108  +1  +1  1
168.7612  1495.6207  392.6269  980.2778  168.7612  2.000061  1.768784  0.231276  9.423172  9.423172  6.354796  0.115635  3.134929e-01  6.373342e-01  6.373383e-01  0.014526  3.1982  4.700248e+05  5.008830e+04  2.597618e+57  1.540611e+57  1.643836e-06  8.718638e+107  +1  +1  1
168.7612  1626.3973  392.6269  1111.0596  168.7612  2.025458  1.823060  0.202399  9.421248  9.421248  6.080156  0.099927  3.175386e-01  6.553868e-01  6.553906e-01  0.013671  2.8230  4.926701e+05  4.349345e+04  2.674586e+57  1.337660e+57  1.449049e-06  -4.966831e+106  +1  -1  1
168.7612  1774.6318  392.6269  1259.2893  168.7612  2.045398  1.869120  0.176278  9.403091  9.403091  5.807943  0.086183  3.212838e-01  6.726420e-01  6.726453e-01  0.012884  2.5090  5.136168e+05  3.760720e+04  2.738240e+57  1.156541e+57  1.171131e-06  -3.883867e+107  +1  -1  1
168.7612  1942.6373  392.6269  1427.2948  168.7612  2.059674  1.906838  0.152836  9.370490  9.370490  5.539450  0.074204  3.246518e-01  6.886292e-01  6.886324e-01  0.012167  2.2491  5.326874e+05  3.238905e+04  2.788348e+57  9.959993e+56  8.759733e-07  -6.277979e+107  +1  -1  1
168.7612  2133.0527  392.6269  1617.7144  168.7612  2.068352  1.936399  0.131953  9.325309  9.325309  5.275832  0.063796  3.275993e-01  7.030033e-01  7.030061e-01  0.011487  2.0295  5.489150e+05  2.779249e+04  2.819261e+57  8.545979e+56  5.180769e-07  -6.561299e+107  +1  -1  1
168.7612  2348.8827  392.6269  1833.5384  168.7612  2.071690  1.958212  0.113478  9.269567  9.269567  5.018094  0.054775  3.301011e-01  7.154962e-01  7.154986e-01  0.010884  1.8513  5.640800e+05  2.376725e+04  2.844344e+57  7.307846e+56  3.182632e-08  -5.926936e+107  +1  -1  1
168.7612  2593.4963  392.6269  2078.1562  168.7612  2.070091  1.972855  0.097236  9.205238  9.205238  4.767094  0.046972  3.321514e-01  7.259416e-01  7.259438e-01  0.010354  1.7075  5.764308e+05  2.026144e+04  2.852227e+57  6.229583e+56  -5.268417e-07  -5.730266e+107  -1  -1  1
168.7612  2870.7514  392.6269  2355.4091  168.7612  2.064046  1.981005  0.083041  9.134126  9.134126  4.523535  0.040232  3.337597e-01  7.342707e-01  7.342726e-01  0.009870  1.5887  5.868729e+05  1.722323e+04  2.849966e+57  5.295217e+56  -1.471346e-06  -5.090200e+107  -1  -1  1
168.7612  3184.9955  392.6269  2669.6512  168.7612  2.054097  1.983396  0.070702  9.058039  9.058039  4.287977  0.034420  3.349411e-01  7.404661e-01  7.404677e-01  0.009457  1.4957  5.946543e+05  1.460228e+04  2.832971e+57  4.489233e+56  -2.372672e-06  -4.152909e+107  -1  -1  1
168.7612  3541.1532  392.6269  3025.8172  168.7612  2.040812  1.980784  0.060028  8.978654  8.978654  4.060846  0.029414  3.357171e-01  7.445715e-01  7.445733e-01  0.009095  1.4218  6.016778e+05  1.235067e+04  2.814998e+57  3.796876e+56  -4.746438e-06  -3.206197e+107  -1  -1  1
168.7612  3944.8452  392.6269  3429.5004  168.7612  2.024745  1.973908  0.050836  8.897513  8.897513  3.842440  0.025108  3.361114e-01  7.466690e-01  7.466701e-01  0.008796  1.3670  6.063413e+05  1.042368e+04  2.785257e+57  3.204371e+56  -9.086926e-06  -2.629314e+107  -1  -1  1
168.7612  4402.3826  392.6269  3887.0401  168.7612  2.006433  1.963480  0.042953  8.815898  8.815898  3.632948  0.021408  3.361552e-01  7.469026e-01  7.469037e-01  0.008544  1.3271  6.096439e+05  8.780151e+03  2.750874e+57  2.699051e+56  -2.498542e-05  -1.958562e+107  -1  -1  1
168.7612  4920.9625  392.6269  4405.6215  168.7612  1.986381  1.950163  0.036217  8.734946  8.734946  3.432456  0.018233  3.358798e-01  7.454362e-01  7.454371e-01  0.008338  1.3003  6.116986e+05  7.382724e+03  2.712790e+57  2.269417e+56  1.642046e-04  -1.464699e+107  +1  -1  1
168.7612  5508.7341  392.6269  4993.3885  168.7612  1.965059  1.934579  0.030480  8.655812  8.655812  3.240970  0.015511  3.353123e-01  7.424262e-01  7.424270e-01  0.008174  1.2855  6.126759e+05  6.197861e+03  2.672247e+57  1.905152e+56  8.858354e-05  -1.079832e+107  +1  -1  1
168.7612  6174.9095  392.6269  5659.5711  168.7612  1.942897  1.917289  0.025609  8.579372  8.579372  3.058416  0.013181  3.344845e-01  7.380635e-01  7.380642e-01  0.008048  1.2815  6.127123e+05  5.195743e+03  2.630151e+57  1.597079e+56  1.960170e-05  -7.876318e+106  +1  -1  1
168.7612  6929.9756  392.6269  6414.6311  168.7612  1.920286  1.898803  0.021483  8.506383  8.506383  2.884665  0.011187  3.334284e-01  7.325452e-01  7.325458e-01  0.007955  1.2869  6.119429e+05  4.350098e+03  2.587320e+57  1.337118e+56  1.180949e-05  -5.848747e+106  +1  -1  1
168.7612  7785.7703  392.6269  7270.4259  168.7612  1.897572  1.879575  0.017998  8.437625  8.437625  2.719534  0.009485  3.321695e-01  7.260348e-01  7.260352e-01  0.007897  1.3018  6.097872e+05  3.637924e+03  2.539541e+57  1.118195e+56  8.345904e-06  -4.284737e+106  +1  -1  1
168.7612  8755.7337  392.6269  8240.3948  168.7612  1.875064  1.860005  0.015060  8.373505  8.373505  2.562802  0.008031  3.307429e-01  7.187453e-01  7.187457e-01  0.007865  1.3248  6.078073e+05  3.039243e+03  2.497470e+57  9.341637e+55  7.637663e-06  -2.951821e+106  +1  -1  1
168.7612  9855.1162  392.6269  9339.7702  168.7612  1.853036  1.840449  0.012587  8.314446  8.314446  2.414217  0.006793  3.291791e-01  7.108602e-01  7.108605e-01  0.007856  1.3550  6.047062e+05  2.536773e+03  2.451820e+57  7.797108e+55  6.446213e-06  -2.063806e+106  +1  -1  1
168.7612  11101.1575  392.6269  10585.8164  168.7612  1.831723  1.821212  0.010511  8.260874  8.260874  2.273501  0.005738  3.275032e-01  7.025286e-01  7.025289e-01  0.007871  1.3927  6.019646e+05  2.115658e+03  2.412643e+57  6.502680e+55  6.021275e-06  -1.437414e+106  +1  -1  1
168.7612  12513.4446  392.6269  11998.1012  168.7612  1.811330  1.802560  0.008769  8.212899  8.212899  2.140363  0.004841  3.257486e-01  6.939357e-01  6.939359e-01  0.007903  1.4364  5.983317e+05  1.763178e+03  2.370873e+57  5.419244e+55  4.943071e-06  -1.034320e+106  +1  -1  1
168.7612  14114.1489  392.6269  13598.8032  168.7612  1.792030  1.784719  0.007311  8.170718  8.170718  2.014500  0.004080  3.239416e-01  6.852203e-01  6.852205e-01  0.007950  1.4858  5.945772e+05  1.468480e+03  2.331604e+57  4.513430e+55  5.029025e-06  -6.725875e+105  +1  -1  1
168.7612  15928.3955  392.6269  15413.0595  168.7612  1.773965  1.767874  0.006091  8.134290  8.134290  1.895599  0.003433  3.221120e-01  6.765316e-01  6.765317e-01  0.008009  1.5397  5.913838e+05  1.222340e+03  2.299281e+57  3.756880e+55  4.752090e-06  -4.559547e+105  +1  -1  1
168.7612  17984.7070  392.6269  17469.3612  168.7612  1.757253  1.752182  0.005071  8.103615  8.103615  1.783353  0.002886  3.202854e-01  6.679896e-01  6.679897e-01  0.008076  1.5974  5.875808e+05  1.016943e+03  2.265430e+57  3.125569e+55  4.040753e-06  -3.213494e+105  +1  -1  1
168.7612  20310.1824  392.6269  19794.8396  168.7612  1.742014  1.737792  0.004222  8.078632  8.078632  1.677660  0.002423  3.184897e-01  6.597183e-01  6.597184e-01  0.008147  1.6574  5.838603e+05  8.460046e+02  2.234576e+57  2.600173e+55  3.916107e-06  -2.359770e+105  +1  -1  1

231.0130  103.0404  464.8020  1.0000  231.0130  3.364167  0.001991  3.362176  15.193172  2.736461  15.193172  0.999408  3.270474e-01  7.002841e-01  2.048621e-02  0.015098  2.6902  2.975731e+02  8.135810e+05  2.502019e+54  2.415514e+58  2.213655e-06  1.008064e+108  +1  +1  0
231.0130  107.6573  464.8020  1.1334  231.0130  3.362944  0.002335  3.360609  15.190975  2.799188  15.190975  0.999306  3.269758e-01  6.999320e-01  2.155406e-02  0.015106  2.6946  3.493597e+02  8.129766e+05  2.930137e+54  2.413971e+58  2.778023e-06  1.007542e+108  +1  +1  0
231.0130  113.1115  464.8020  1.2846  231.0130  3.362634  0.002735  3.359899  15.191834  2.864672  15.191834  0.999187  3.269271e-01  6.996931e-01  2.270562e-02  0.015119  2.6988  4.095102e+02  8.128091e+05  3.421872e+54  2.413817e+58  2.776471e-06  1.040243e+108  +1  +1  0
231.0130  119.1072  464.8020  1.4560  231.0130  3.361704  0.003200  3.358505  15.191008  2.933193  15.191008  0.999048  3.268546e-01  6.993369e-01  2.395194e-02  0.015130  2.7039  4.796813e+02  8.123469e+05  3.991237e+54  2.412797e+58  2.376736e-06  1.153940e+108  +1  +1  0
231.0130  125.0167  464.8020  1.6503  231.0130  3.360637  0.003741  3.356895  15.190001  3.004775  15.190001  0.998887  3.267724e-01  6.989338e-01  2.530027e-02  0.015143  2.7096  5.615512e+02  8.118170e+05  4.651606e+54  2.411617e+58  2.393909e-06  1.276605e+108  +1  +1  0
231.0130  131.6026  464.8020  1.8704  231.0130  3.359409  0.004372  3.355037  15.188805  3.079556  15.188805  0.998698  3.266788e-01  6.984750e-01  2.676041e-02  0.015159  2.7164  6.571051e+02  8.112113e+05  5.418447e+54  2.410260e+58  2.413381e-06  1.442150e+108  +1  +1  0
231.0130  137.9494  464.8020  2.1200  231.0130  3.357959  0.005108  3.352851  15.187264  3.157636  15.187264  0.998479  3.265709e-01  6.979464e-01  2.834257e-02  0.015176  2.7238  7.686742e+02  8.105010e+05  6.309845e+54  2.408644e+58  2.390881e-06  1.330598e+108  +1  +1  0
231.0130  152.7256  464.8020  2.4028  231.0130  3.356083  0.005924  3.350159  15.184618  3.234704  15.184618  0.998235  3.264454e-01  6.973324e-01  2.996631e-02  0.015194  2.7323  8.927674e+02  8.095783e+05  7.297189e+54  2.406422e+58  2.479093e-06  2.225811e+108  +1  +1  0
231.0130  157.6382  464.8020  2.7234  231.0130  3.354521  0.006884  3.347637  15.183619  3.315331  15.183619  0.997948  3.263149e-01  6.966948e-01  3.173523e-02  0.015216  2.7418  1.039008e+03  8.088262e+05  8.456339e+54  2.404832e+58  2.537732e-06  2.897996e+108  +1  +1  0
231.0130  162.7167  464.8020  3.0867  231.0130  3.352359  0.008024  3.344335  15.181098  3.401296  15.181098  0.997606  3.261588e-01  6.959326e-01  3.369687e-02  0.015240  2.7526  1.213054e+03  8.077802e+05  9.831334e+54  2.402406e+58  2.470465e-06  3.300830e+108  +1  +1  0
231.0130  167.9681  464.8020  3.4985  231.0130  3.349548  0.009372  3.340176  15.177065  3.492783  15.177065  0.997202  3.259718e-01  6.950213e-01  3.586961e-02  0.015267  2.7654  1.419475e+03  8.064302e+05  1.145686e+55  2.399132e+58  2.556454e-06  3.807518e+108  +1  +1  0
231.0130  173.4000  464.8020  3.9652  231.0130  3.346929  0.010962  3.335967  15.174427  3.589987  15.174427  0.996725  3.257736e-01  6.940569e-01  3.827441e-02  0.015299  2.7796  1.663830e+03  8.051944e+05  1.337512e+55  2.396336e+58  2.620831e-06  4.406476e+108  +1  +1  0
231.0130  179.0190  464.8020  4.4943  231.0130  3.343531  0.012836  3.330696  15.169998  3.693081  15.169998  0.996161  3.255379e-01  6.929122e-01  4.093426e-02  0.015333  2.7960  1.952705e+03  8.035958e+05  1.563593e+55  2.392530e+58  2.592918e-06  5.032980e+108  +1  +1  0
231.0130  184.8335  464.8020  5.0939  231.0130  3.339360  0.015039  3.324321  15.163947  3.802269  15.163947  0.995496  3.252615e-01  6.915727e-01  4.387527e-02  0.015372  2.8149  2.293824e+03  8.016449e+05  1.829714e+55  2.387767e+58  2.638756e-06  5.744134e+108  +1  +1  0
231.0130  190.8524  464.8020  5.7734  231.0130  3.334939  0.017627  3.317312  15.157997  3.917689  15.157997  0.994715  3.249583e-01  6.901073e-01  4.712511e-02  0.015416  2.8362  2.696276e+03  7.995972e+05  2.142677e+55  2.382846e+58  2.679483e-06  6.601596e+108  +1  +1  0
231.0130  197.0844  464.8020  6.5437  231.0130  3.329379  0.020662  3.308716  15.149498  4.039549  15.149498  0.993794  3.245986e-01  6.883731e-01  5.071576e-02  0.015464  2.8609  3.170719e+03  7.970400e+05  2.510385e+55  2.376506e+58  2.714239e-06  7.540657e+108  +1  +1  0
231.0130  203.5396  464.8020  7.4167  231.0130  3.323386  0.024219  3.299167  15.140733  4.167906  15.140733  0.992713  3.242019e-01  6.864673e-01  5.467976e-02  0.015519  2.8886  3.729585e+03  7.943106e+05  2.942023e+55  2.369802e+58  2.764739e-06  8.703737e+108  +1  +1  0
231.0130  210.2287  464.8020  8.4062  231.0130  3.316210  0.028380  3.287830  15.129460  4.302908  15.129460  0.991442  3.237429e-01  6.842700e-01  5.905626e-02  0.015579  2.9204  4.387404e+03  7.910618e+05  3.448207e+55  2.361671e+58  2.788010e-06  9.966455e+108  +1  +1  0
231.0130  217.1631  464.8020  9.5277  231.0130  3.307863  0.033243  3.274621  15.115901  4.444716  15.115901  0.989950  3.232177e-01  6.817663e-01  6.388791e-02  0.015647  2.9570  5.160928e+03  7.873169e+05  4.041055e+55  2.352203e+58  2.834920e-06  1.138495e+109  +1  +1  0
231.0130  224.3537  464.8020  10.7988  231.0130  3.298299  0.038916  3.259383  15.100049  4.589338  15.100049  0.988201  3.226215e-01  6.789373e-01  6.913301e-02  0.015693  2.9932  6.070241e+03  7.830679e+05  4.735124e+55  2.341389e+58  2.871377e-06  1.301960e+109  +1  +1  0
231.0130  231.8138  464.8020  12.2395  231.0130  3.287050  0.045525  3.241525  15.080376  4.738580  15.080376  0.986150  3.219406e-01  6.757245e-01  7.487236e-02  0.015804  3.0466  7.137799e+03  7.780947e+05  5.546340e+55  2.328532e+58  2.907565e-06  1.485707e+109  +1  +1  0
231.0130  239.5612  464.8020  13.8724  231.0130  3.274152  0.053212  3.220940  15.057374  4.895051  15.057374  0.983748  3.211672e-01  6.720969e-01  8.121341e-02  0.015896  3.1014  8.390223e+03  7.724528e+05  6.493422e+55  2.313844e+58  2.959681e-06  1.696131e+109  +1  +1  0
231.0130  247.6067  464.8020  15.7232  231.0130  3.259258  0.062135  3.197123  15.029960  5.058747  15.029960  0.980936  3.202894e-01  6.680081e-01  8.821476e-02  0.015996  3.1638  9.858055e+03  7.659934e+05  7.597675e+55  2.296856e+58  3.007056e-06  1.942676e+109  +1  +1  0
231.0130  255.9695  464.8020  17.8208  231.0130  3.242100  0.072475  3.169626  14.997407  5.229711  14.997407  0.977646  3.192948e-01  6.634115e-01  9.594540e-02  0.016105  3.2354  1.157602e+04  7.586191e+05  8.883022e+55  2.277268e+58  3.056686e-06  2.216375e+109  +1  +1  0
231.0130  264.6662  464.8020  20.1984  231.0130  3.222338  0.084428  3.137910  14.958703  5.407770  14.958703  0.973799  3.181697e-01  6.582571e-01  1.044754e-01  0.016226  3.3176  1.358543e+04  7.501999e+05  1.037740e+56  2.254671e+58  3.108548e-06  2.523853e+109  +1  +1  0
231.0130  273.7197  464.8020  22.8931  231.0130  3.199626  0.098215  3.101411  14.912810  5.592719  14.912810  0.969304  3.168993e-01  6.524946e-01  1.138784e-01  0.016354  3.4114  1.593147e+04  7.406144e+05  1.211091e+56  2.228678e+58  3.166301e-06  2.870363e+109  +1  +1  0
231.0130  283.1505  464.8020  25.9473  231.0130  3.173641  0.114077  3.059564  14.858688  5.784166  14.858688  0.964055  3.154707e-01  6.460851e-01  1.242300e-01  0.016493  3.5190  1.866751e+04  7.297551e+05  1.411832e+56  2.198937e+58  3.226270e-06  3.258042e+109  +1  +1  0
231.0130  292.9824  464.8020  29.4090  231.0130  3.143923  0.132273  3.011650  14.794635  5.981851  14.794635  0.957927  3.138696e-01  6.389903e-01  1.356232e-01  0.016641  3.6420  2.185197e+04  7.174467e+05  1.643718e+56  2.164864e+58  3.117968e-06  3.368262e+109  +1  +1  0
231.0130  548.6687  464.8020  33.3326  231.0130  3.122999  0.143274  2.979725  14.756722  6.079103  14.756722  0.954123  3.125818e-01  6.333494e-01  1.416052e-01  0.016799  3.7530  2.377587e+04  7.085760e+05  1.782460e+56  2.141629e+58  3.022114e-06  4.455390e+109  +1  +1  1
231.0130  553.1161  464.8020  37.7796  231.0130  3.099283  0.155304  2.943978  14.713943  6.162015  14.713943  0.949890  3.111098e-01  6.269730e-01  1.475075e-01  0.016981  3.8842  2.587990e+04  6.986537e+05  1.932349e+56  2.115580e+58  3.078114e-06  4.898490e+109  +1  +1  1
231.0130  558.1558  464.8020  42.8198  231.0130  3.070424  0.170178  2.900246  14.659424  6.252103  14.659424  0.944575  3.093592e-01  6.194855e-01  1.545751e-01  0.017185  4.0433  2.848666e+04  6.868290e+05  2.116518e+56  2.084017e+58  3.158700e-06  5.441903e+109  +1  +1  1
231.0130  563.8691  464.8020  48.5326  231.0130  3.035398  0.188111  2.847287  14.588931  6.350179  14.588931  0.938028  3.073080e-01  6.108427e-01  1.629100e-01  0.017407  4.2341  3.165785e+04  6.726848e+05  2.338849e+56  2.045492e+58  3.248087e-06  6.071119e+109  +1  +1  1
231.0130  570.3441  464.8020  55.0074  231.0130  2.994323  0.209386  2.784937  14.503190  6.456377  14.503190  0.930072  3.049416e-01  6.010420e-01  1.726218e-01  0.017647  4.4617  3.551997e+04  6.564189e+05  2.607486e+56  2.000600e+58  3.339696e-06  6.640499e+109  +1  +1  1
231.0130  577.6823  464.8020  62.3461  231.0130  2.945842  0.234308  2.711534  14.396566  6.570847  14.396566  0.920461  3.022262e-01  5.900130e-01  1.838326e-01  0.017899  4.7323  4.004105e+04  6.375219e+05  2.919318e+56  1.947571e+58  3.425284e-06  7.079260e+109  +1  +1  1
231.0130  586.0010  464.8020  70.6639  231.0130  2.889736  0.263185  2.626551  14.267323  6.693293  14.267323  0.908924  2.991557e-01  5.778119e-01  1.966713e-01  0.018156  5.0518  4.543602e+04  6.160255e+05  3.288169e+56  1.886375e+58  3.533146e-06  7.636253e+109  +1  +1  1
231.0130  595.4279  464.8020  80.0914  231.0130  2.825418  0.296308  2.529110  14.111666  6.823290  14.111666  0.895128  2.957237e-01  5.645014e-01  2.112617e-01  0.018407  5.4259  5.173618e+04  5.917959e+05  3.714733e+56  1.816406e+58  3.634346e-06  7.975501e+109  +1  +1  1
231.0130  606.1136  464.8020  90.7766  231.0130  2.752360  0.333934  2.418426  13.924915  6.959706  13.924915  0.878674  2.919405e-01  5.502125e-01  2.277151e-01  0.018637  5.8589  5.901012e+04  5.647036e+05  4.201885e+56  1.737040e+58  3.746901e-06  8.314341e+109  +1  +1  1
231.0130  618.2249  464.8020  102.8874  231.0130  2.670516  0.376266  2.294250  13.702869  7.101796  13.702869  0.859104  2.878494e-01  5.351925e-01  2.461463e-01  0.018822  6.3496  6.745268e+04  5.347934e+05  4.760890e+56  1.648192e+58  3.865578e-06  8.474876e+109  +1  +1  1
231.0130  631.9498  464.8020  116.6139  231.0130  2.580255  0.423431  2.156824  13.441088  7.248294  13.441088  0.835896  2.835370e-01  5.198237e-01  2.666518e-01  0.018933  6.8877  7.702835e+04  5.022069e+05  5.386539e+56  1.550079e+58  4.004226e-06  8.567588e+109  +1  +1  1
231.0130  647.5096  464.8020  132.1717  231.0130  2.482569  0.475464  2.007106  13.135307  7.397447  13.135307  0.808479  2.791533e-01  5.046641e-01  2.892947e-01  0.018935  7.4467  8.812119e+04  4.672244e+05  6.102126e+56  1.443377e+58  4.154805e-06  8.469421e+109  +1  +1  1
231.0130  665.1426  464.8020  149.8051  231.0130  2.379573  0.532287  1.847286  12.784062  7.547916  12.784062  0.776310  2.749235e-01  4.904585e-01  3.141252e-01  0.018798  7.9793  1.004947e+05  4.304556e+05  6.887514e+56  1.329909e+58  4.303756e-06  8.020106e+109  +1  +1  1
231.0130  685.1283  464.8020  169.7911  231.0130  2.274063  0.593697  1.680367  12.385654  7.697782  12.385654  0.738927  2.711847e-01  4.782317e-01  3.411465e-01  0.018495  8.4069  1.143635e+05  3.925221e+05  7.753166e+56  1.211568e+58  4.481247e-06  7.487313e+109  +1  +1  1
231.0130  707.7821  464.8020  192.4434  231.0130  2.170123  0.659354  1.510769  11.943613  7.845418  11.943613  0.696167  2.683676e-01  4.692151e-01  3.703187e-01  0.018034  8.6366  1.297666e+05  3.543883e+05  8.697419e+56  1.091522e+58  4.690189e-06  6.715291e+109  +1  +1  1
231.0130  733.4544  464.8020  218.1178  231.0130  2.072586  0.728785  1.343801  11.465755  7.988705  11.465755  0.648369  2.669879e-01  4.648587e-01  4.015383e-01  0.017472  8.5859  1.466918e+05  3.171231e+05  9.713905e+56  9.734004e+57  4.956669e-06  5.823285e+109  +1  +1  1
231.0130  762.5564  464.8020  247.2176  231.0130  1.986399  0.801382  1.185017  10.964759  8.126114  10.964759  0.596566  2.675772e-01  4.667145e-01  4.346382e-01  0.016938  8.2323  1.651035e+05  2.817820e+05  1.079528e+57  8.609040e+57  5.355040e-06  4.879700e+109  +1  +1  1
231.0130  795.5386  464.8020  280.1996  231.0130  1.915773  0.876423  1.039350  10.457394  8.255924  10.457394  0.542523  2.705840e-01  4.762951e-01  4.693613e-01  0.016629  7.6429  1.849146e+05  2.492533e+05  1.193064e+57  7.572529e+57  6.373047e-06  4.001207e+109  +1  +1  1
231.0130  832.9189  464.8020  317.5819  231.0130  1.863312  0.953094  0.910218  9.962254  8.376691  9.962254  0.488495  2.762546e-01  4.948856e-01  5.053486e-01  0.016771  6.9489  2.064111e+05  2.201156e+05  1.313514e+57  6.646515e+57  8.886772e-06  3.192276e+109  +1  +1  1
231.0130  875.2916  464.8020  359.9514  231.0130  1.829529  1.030519  0.799010  9.495988  8.487202  9.495988  0.436730  2.845646e-01  5.234440e-01  5.420971e-01  0.017554  6.2716  2.285312e+05  1.945479e+05  1.433087e+57  5.839210e+57  -3.069176e-05  2.442849e+109  -1  +1  1
231.0130  923.3117  464.8020  407.9736  231.0130  1.813009  1.107801  0.705208  9.070882  8.586531  9.070882  0.388971  2.952107e-01  5.625409e-01  5.788464e-01  0.019061  5.6677  2.525452e+05  1.723889e+05  1.560312e+57  5.146697e+57  -6.595090e-06  1.883283e+109  -1  +1  1
231.0130  977.7420  464.8020  462.4025  231.0130  1.810989  1.184072  0.626917  8.693390  8.674365  8.693390  0.346174  3.076863e-01  6.124264e-01  6.136206e-01  0.021242  5.1353  2.766594e+05  1.532426e+05  1.682554e+57  4.556363e+57  1.752609e-07  1.294072e+109  +1  +1  1
231.0130  1039.4339  464.8020  524.0930  231.0130  1.820159  1.259203  0.560956  8.761377  8.761377  8.360120  0.308190  3.068447e-01  6.089096e-01  6.089223e-01  0.019904  4.8781  3.014937e+05  1.365393e+05  1.804202e+57  4.048715e+57  1.287900e-06  9.803268e+108  +1  +1  1
231.0130  1109.3497  464.8020  594.0138  231.0130  1.837523  1.334303  0.503220  8.852784  8.852784  8.053661  0.273858  3.065734e-01  6.077810e-01  6.077919e-01  0.017650  4.3450  3.278885e+05  1.216154e+05  1.931385e+57  3.599948e+57  1.658983e-06  7.126400e+108  +1  +1  1
231.0130  1188.6046  464.8020  673.2629  231.0130  1.860437  1.408591  0.451847  8.940495  8.940495  7.767484  0.242871  3.073514e-01  6.110240e-01  6.110328e-01  0.016247  3.9491  3.539414e+05  1.081631e+05  2.051001e+57  3.199057e+57  1.831783e-06  4.255093e+108  +1  +1  1
231.0130  1278.4252  464.8020  763.0849  231.0130  1.886454  1.481333  0.405121  9.018424  9.018424  7.493326  0.214753  3.089564e-01  6.177773e-01  6.177851e-01  0.015245  3.6104  3.802818e+05  9.591181e+04  2.167687e+57  2.836125e+57  1.849950e-06  2.581062e+108  +1  +1  1
231.0130  1380.2298  464.8020  864.8903  231.0130  1.913625  1.552438  0.361186  9.082829  9.082829  7.215410  0.188745  3.111840e-01  6.272924e-01  6.272999e-01  0.014416  3.2935  4.062433e+05  8.460963e+04  2.277198e+57  2.501512e+57  1.825569e-06  1.250402e+108  +1  +1  1
231.0130  1495.6207  464.8020  980.2778  231.0130  1.940281  1.620088  0.320192  9.131478  9.131478  6.934436  0.165024  3.138377e-01  6.388496e-01  6.388562e-01  0.013710  3.0021  4.314223e+05  7.426140e+04  2.377306e+57  2.195233e+57  1.700243e-06  3.949556e+107  +1  +1  1
231.0130  1626.3973  464.8020  1111.0596  231.0130  1.964942  1.682638  0.282304  9.163283  9.163283  6.652066  0.143671  3.167235e-01  6.517018e-01  6.517079e-01  0.013106  2.7414  4.562400e+05  6.486426e+04  2.471677e+57  1.917179e+57  1.559060e-06  -1.273925e+107  +1  -1  1
231.0130  1774.6318  464.8020  1259.2893  231.0130  1.986427  1.738822  0.247605  9.178108  9.178108  6.369909  0.124648  3.196695e-01  6.651385e-01  6.651440e-01  0.012478  2.4919  4.788210e+05  5.639719e+04  2.548214e+57  1.666707e+57  1.379376e-06  -4.958590e+107  +1  -1  1
231.0130  1942.6373  464.8020  1427.2948  231.0130  2.003887  1.787788  0.216100  9.176625  9.176625  6.089487  0.107840  3.225313e-01  6.785108e-01  6.785157e-01  0.011862  2.2658  5.005152e+05  4.882426e+04  2.617223e+57  1.442736e+57  1.137377e-06  -6.123359e+107  +1  -1  1
231.0130  2133.0527  464.8020  1617.7144  231.0130  2.016818  1.829092  0.187726  9.160215  9.160215  5.812205  0.093080  3.251942e-01  6.912470e-01  6.912513e-01  0.011314  2.0741  5.195444e+05  4.209787e+04  2.667460e+57  1.243842e+57  8.653257e-07  -6.425694e+107  +1  -1  1
231.0130  2348.8827  464.8020  1833.5384  231.0130  2.025006  1.862638  0.162368  9.130413  9.130413  5.539335  0.080182  3.275801e-01  7.029087e-01  7.029127e-01  0.010803  1.9093  5.374369e+05  3.616199e+04  2.710542e+57  1.068355e+57  5.036040e-07  -6.077178e+107  +1  -1  1
231.0130  2593.4963  464.8020  2078.1562  231.0130  2.028490  1.888624  0.139866  9.089151  9.089151  5.271994  0.068951  3.296334e-01  7.131399e-01  7.131434e-01  0.010337  1.7707  5.524644e+05  3.095512e+04  2.735413e+57  9.144455e+56  1.025802e-07  -5.874169e+107  +1  -1  1
231.0130  2870.7514  464.8020  2355.4091  231.0130  2.027496  1.907465  0.120031  9.038293  9.038293  5.011143  0.059201  3.313258e-01  7.217124e-01  7.217156e-01  0.009904  1.6536  5.655398e+05  2.641307e+04  2.749302e+57  7.802072e+56  -5.161569e-07  -5.227389e+107  -1  -1  1
231.0130  3184.9955  464.8020  2669.6512  231.0130  2.022380  1.919729  0.102651  8.979729  8.979729  4.757588  0.050758  3.326452e-01  7.284860e-01  7.284887e-01  0.009519  1.5582  5.757865e+05  2.247118e+04  2.746818e+57  6.637218e+56  -1.167594e-06  -4.305534e+107  -1  -1  1
231.0130  3541.1532  464.8020  3025.8172  231.0130  2.013590  1.926080  0.087509  8.915341  8.915341  4.511977  0.043459  3.335913e-01  7.333927e-01  7.333950e-01  0.009179  1.4812  5.850560e+05  1.906615e+04  2.741506e+57  5.631130e+56  -2.501859e-06  -3.350231e+107  -1  -1  1
231.0130  3944.8452  464.8020  3429.5004  231.0130  2.001617  1.927233  0.074384  8.846924  8.846924  4.274817  0.037162  3.341722e-01  7.364262e-01  7.364283e-01  0.008887  1.4217  5.917837e+05  1.613745e+04  2.722967e+57  4.765872e+56  -3.707955e-06  -2.636142e+107  -1  -1  1
231.0130  4402.3826  464.8020  3887.0401  231.0130  1.986973  1.923912  0.063061  8.776028  8.776028  4.046476  0.031737  3.344071e-01  7.376575e-01  7.376592e-01  0.008643  1.3779  5.977660e+05  1.362822e+04  2.704026e+57  4.024615e+56  -8.542049e-06  -1.918169e+107  -1  -1  1
231.0130  4920.9625  464.8020  4405.6215  231.0130  1.970155  1.916823  0.053332  8.704023  8.704023  3.827201  0.027070  3.343197e-01  7.371991e-01  7.372005e-01  0.008434  1.3463  6.015052e+05  1.148597e+04  2.674441e+57  3.391823e+56  -2.362195e-05  -1.534269e+107  -1  -1  1
231.0130  5508.7341  464.8020  4993.3885  231.0130  1.951656  1.906649  0.045007  8.632226  8.632226  3.617132  0.023061  3.339352e-01  7.351865e-01  7.351877e-01  0.008265  1.3269  6.039690e+05  9.662863e+03  2.641081e+57  2.853340e+56  1.556821e-04  -1.137267e+107  +1  -1  1
231.0130  6174.9095  464.8020  5659.5711  231.0130  1.931930  1.894024  0.037907  8.561906  8.561906  3.416312  0.019621  3.332749e-01  7.317474e-01  7.317485e-01  0.008135  1.3191  6.053132e+05  8.115816e+03  2.605041e+57  2.396426e+56  8.805764e-05  -8.689655e+106  +1  -1  1
231.0130  6929.9756  464.8020  6414.6311  231.0130  1.911398  1.879528  0.031870  8.493824  8.493824  3.224702  0.016674  3.323759e-01  7.270971e-01  7.270980e-01  0.008038  1.3211  6.049516e+05  6.806422e+03  2.562158e+57  2.009725e+56  1.295292e-05  -6.454104e+106  +1  -1  1
231.0130  7785.7703  464.8020  7270.4259  231.0130  1.890431  1.863679  0.026752  8.428928  8.428928  3.042181  0.014151  3.312609e-01  7.213817e-01  7.213885e-01  0.007972  1.3324  6.045120e+05  5.700710e+03  2.523641e+57  1.683191e+56  1.143768e-05  -4.499612e+106  +1  -1  1
231.0130  8755.7337  464.8020  8240.3948  231.0130  1.869418  1.846994  0.022424  8.367877  8.367877  2.868631  0.011995  3.299687e-01  7.148282e-01  7.148289e-01  0.007932  1.3519  6.026973e+05  4.769052e+03  2.480215e+57  1.408076e+56  8.080116e-06  -3.278092e+106  +1  -1  1
231.0130  9855.1162  464.8020  9339.7702  231.0130  1.848622  1.829849  0.018773  8.311261  8.311261  2.703797  0.010155  3.285208e-01  7.075728e-01  7.075734e-01  0.007918  1.3795  6.010239e+05  3.985411e+03  2.442226e+57  1.176677e+56  7.399786e-06  -2.204221e+106  +1  -1  1
231.0130  11101.1575  464.8020  10585.8164  231.0130  1.828327  1.812629  0.015698  8.259497  8.259497  2.547448  0.008586  3.269504e-01  6.998072e-01  6.998076e-01  0.007925  1.4142  5.982500e+05  3.327398e+03  2.400751e+57  9.823815e+55  6.243168e-06  -1.606695e+106  +1  -1  1
231.0130  12513.4446  464.8020  11998.1012  231.0130  1.808766  1.795653  0.013113  8.212880  8.212880  2.399313  0.007250  3.252884e-01  6.917030e-01  6.917033e-01  0.007950  1.4553  5.958065e+05  2.775695e+03  2.365414e+57  8.194822e+55  5.827789e-06  -1.077751e+106  +1  -1  1
231.0130  14114.1489  464.8020  13598.8032  231.0130  1.790133  1.779188  0.010945  8.171671  8.171671  2.259078  0.006114  3.235608e-01  6.834006e-01  6.834049e-01  0.007992  1.5025  5.924989e+05  2.313709e+03  2.327608e+57  6.830745e+55  4.770735e-06  -7.705464e+105  +1  -1  1
231.0130  15928.3955  464.8020  15413.0595  231.0130  1.772620  1.763493  0.009127  8.135953  8.135953  2.126493  0.005149  3.218020e-01  6.750724e-01  6.750726e-01  0.008046  1.5543  5.890752e+05  1.927379e+03  2.292197e+57  5.690125e+55  4.864862e-06  -5.144962e+105  +1  -1  1
231.0130  17984.7070  464.8020  17469.3612  231.0130  1.756335  1.748729  0.007606  8.105671  8.105671  2.001185  0.004331  3.200368e-01  6.668369e-01  6.668371e-01  0.008107  1.6098  5.861987e+05  1.604589e+03  2.263504e+57  4.737107e+55  4.586096e-06  -3.262349e+105  +1  -1  1
231.0130  20310.1824  464.8020  19794.8396  231.0130  1.741429  1.735092  0.006337  8.080927  8.080927  1.883093  0.003639  3.182924e-01  6.588168e-01  6.588170e-01  0.008174  1.6681  5.827401e+05  1.335669e+03  2.233339e+57  3.943151e+55  3.998789e-06  -2.584282e+105  +1  -1  1

316.2278  103.0404  562.3381  1.0000  316.2278  3.418649  0.001370  3.417279  14.949392  2.411270  14.949392  0.999599  3.377635e-01  7.555397e-01  1.901117e-02  0.012322  1.8686  2.046692e+02  8.671456e+05  1.720944e+54  2.468057e+58  1.888861e-06  1.814212e+107  +1  +1  0
316.2278  107.6573  562.3381  1.1334  316.2278  3.417905  0.001609  3.416296  14.947992  2.467614  14.947992  0.999529  3.377216e-01  7.553131e-01  2.000001e-02  0.012327  1.8705  2.405667e+02  8.667159e+05  2.017719e+54  2.467019e+58  1.837432e-06  1.887197e+107  +1  +1  0
316.2278  113.1115  562.3381  1.2846  316.2278  3.417857  0.001887  3.415970  14.949143  2.526507  14.949143  0.999448  3.376907e-01  7.551464e-01  2.106628e-02  0.012334  1.8725  2.823446e+02  8.666475e+05  2.359277e+54  2.467133e+58  1.841905e-06  1.966410e+107  +1  +1  0
316.2278  119.1072  562.3381  1.4560  316.2278  3.417357  0.002211  3.415147  14.948923  2.588187  14.948923  0.999353  3.376464e-01  7.549066e-01  2.221973e-02  0.012341  1.8748  3.311711e+02  8.663385e+05  2.755491e+54  2.466547e+58  1.951358e-06  2.165155e+107  +1  +1  0
316.2278  125.0167  562.3381  1.6503  316.2278  3.416835  0.002589  3.414246  14.948868  2.652693  14.948868  0.999242  3.375960e-01  7.546346e-01  2.346708e-02  0.012349  1.8774  3.882467e+02  8.660182e+05  3.215911e+54  2.465976e+58  1.964127e-06  2.417242e+107  +1  +1  0
316.2278  131.6026  562.3381  1.8704  316.2278  3.416151  0.003030  3.413121  14.948366  2.720184  14.948366  0.999113  3.375398e-01  7.543309e-01  2.481772e-02  0.012358  1.8803  4.549965e+02  8.655987e+05  3.751658e+54  2.465138e+58  1.963227e-06  2.722673e+107  +1  +1  0
316.2278  137.9494  562.3381  2.1200  316.2278  3.415368  0.003546  3.411822  14.947856  2.790714  14.947856  0.998962  3.374739e-01  7.539753e-01  2.628017e-02  0.012369  1.8838  5.330921e+02  8.651271e+05  4.375691e+54  2.464209e+58  1.994317e-06  2.541048e+107  +1  +1  0
316.2278  152.7256  562.3381  2.4028  316.2278  3.414700  0.004121  3.410579  14.947846  2.860601  14.947846  0.998793  3.374081e-01  7.536203e-01  2.778401e-02  0.012378  1.8871  6.203636e+02  8.647052e+05  5.070157e+54  2.463468e+58  2.017736e-06  4.205576e+107  +1  +1  0
316.2278  157.6382  562.3381  2.7234  316.2278  3.413530  0.004798  3.408732  14.946801  2.933819  14.946801  0.998594  3.373162e-01  7.531248e-01  2.942093e-02  0.012392  1.8918  7.233993e+02  8.640328e+05  5.886975e+54  2.462080e+58  2.062919e-06  5.546855e+107  +1  +1  0
316.2278  162.7167  562.3381  3.0867  316.2278  3.412502  0.005604  3.406898  14.946308  3.011886  14.946308  0.998358  3.372256e-01  7.526371e-01  3.123296e-02  0.012406  1.8965  8.461758e+02  8.634134e+05  6.857062e+54  2.460896e+58  2.085887e-06  6.455481e+107  +1  +1  0
316.2278  167.9681  562.3381  3.4985  316.2278  3.410945  0.006558  3.404388  14.944737  3.095018  14.944737  0.998077  3.371073e-01  7.520001e-01  3.323752e-02  0.012423  1.9024  9.920217e+02  8.625289e+05  8.005748e+54  2.459032e+58  2.133905e-06  7.464233e+107  +1  +1  0
316.2278  173.4000  562.3381  3.9652  316.2278  3.409297  0.007686  3.401612  14.943289  3.183388  14.943289  0.997746  3.369771e-01  7.513003e-01  3.545331e-02  0.012442  1.9089  1.164956e+03  8.615936e+05  9.363554e+54  2.457105e+58  2.176691e-06  8.653264e+107  +1  +1  0
316.2278  179.0190  562.3381  4.4943  316.2278  3.407394  0.009017  3.398377  14.941501  3.277180  14.941501  0.997354  3.368292e-01  7.505068e-01  3.790135e-02  0.012463  1.9163  1.369749e+03  8.605212e+05  1.096651e+55  2.454871e+58  2.211738e-06  1.001098e+108  +1  +1  0
316.2278  184.8335  562.3381  5.0939  316.2278  3.405096  0.010586  3.394510  14.939073  3.376598  14.939073  0.996891  3.366568e-01  7.495827e-01  4.060533e-02  0.012486  1.9249  1.612075e+03  8.592498e+05  1.285734e+55  2.452161e+58  2.250483e-06  1.160960e+108  +1  +1  0
316.2278  190.8524  562.3381  5.7734  316.2278  3.402410  0.012433  3.389977  14.936077  3.481758  14.936077  0.996346  3.364587e-01  7.485227e-01  4.358960e-02  0.012513  1.9348  1.898549e+03  8.577805e+05  1.508539e+55  2.448993e+58  2.275295e-06  1.314168e+108  +1  +1  0
316.2278  197.0844  562.3381  6.5437  316.2278  3.398836  0.014606  3.384230  14.931194  3.592894  14.931194  0.995703  3.362151e-01  7.472222e-01  4.688366e-02  0.012543  1.9464  2.237031e+03  8.558750e+05  1.770916e+55  2.444684e+58  2.345152e-06  1.554976e+108  +1  +1  0
316.2278  203.5396  562.3381  7.4167  316.2278  3.395638  0.017158  3.378480  14.927943  3.710124  14.927943  0.994947  3.359719e-01  7.459263e-01  5.051851e-02  0.012578  1.9589  2.636690e+03  8.541426e+05  2.079629e+55  2.441009e+58  2.396909e-06  1.839641e+108  +1  +1  0
316.2278  210.2287  562.3381  8.4062  316.2278  3.391320  0.020153  3.371167  14.922318  3.833587  14.922318  0.994057  3.356713e-01  7.443284e-01  5.452806e-02  0.012616  1.9736  3.108322e+03  8.518670e+05  2.442598e+55  2.435910e+58  2.414002e-06  2.092976e+108  +1  +1  0
316.2278  217.1631  562.3381  9.5277  316.2278  3.386292  0.023664  3.362629  14.915487  3.963417  14.915487  0.993012  3.353271e-01  7.425046e-01  5.894951e-02  0.012659  1.9905  3.664624e+03  8.492482e+05  2.869077e+55  2.429974e+58  2.456942e-06  2.435697e+108  +1  +1  0
316.2278  224.3537  562.3381  10.7988  316.2278  3.380413  0.027773  3.352639  14.907120  4.096295  14.907120  0.991784  3.349327e-01  7.404219e-01  6.374404e-02  0.012707  2.0099  4.320226e+03  8.462207e+05  3.369567e+55  2.423021e+58  2.498118e-06  2.823721e+108  +1  +1  0
316.2278  231.8138  562.3381  12.2395  316.2278  3.373527  0.032578  3.340948  14.896867  4.233703  14.896867  0.990343  3.344805e-01  7.380428e-01  6.898240e-02  0.012761  2.0320  5.092425e+03  8.427162e+05  3.956447e+55  2.414863e+58  2.509508e-06  3.219075e+108  +1  +1  0
316.2278  239.5612  562.3381  13.8724  316.2278  3.365060  0.038189  3.326871  14.882467  4.378056  14.882467  0.988651  3.339639e-01  7.353367e-01  7.476579e-02  0.012817  2.0569  6.001358e+03  8.384154e+05  4.644004e+55  2.404484e+58  2.596317e-06  3.809080e+108  +1  +1  0
316.2278  247.6067  562.3381  15.7232  316.2278  3.356140  0.044729  3.311411  14.869457  4.529470  14.869457  0.986673  3.333701e-01  7.322418e-01  8.114877e-02  0.012888  2.0867  7.070437e+03  8.340354e+05  5.448568e+55  2.394281e+58  2.680778e-06  4.572786e+108  +1  +1  0
316.2278  255.9695  562.3381  17.8208  316.2278  3.345225  0.052341  3.292884  14.851273  4.687943  14.851273  0.984354  3.326927e-01  7.287315e-01  8.819133e-02  0.012962  2.1202  8.327026e+03  8.286819e+05  6.388963e+55  2.381351e+58  2.687628e-06  5.211632e+108  +1  +1  0
316.2278  264.6662  562.3381  20.1984  316.2278  3.332548  0.061183  3.271365  14.829378  4.853474  14.829378  0.981641  3.319213e-01  7.247600e-01  9.595851e-02  0.013045  2.1586  9.801951e+03  8.225366e+05  7.486195e+55  2.366323e+58  2.738312e-06  6.070862e+108  +1  +1  0
316.2278  273.7197  562.3381  22.8931  316.2278  3.317778  0.071436  3.246342  14.802955  5.025947  14.802955  0.978469  3.310401e-01  7.202563e-01  1.045169e-01  0.013135  2.2026  1.153232e+04  8.154661e+05  8.765274e+55  2.348814e+58  2.791997e-06  7.070842e+108  +1  +1  0
316.2278  283.1505  562.3381  25.9473  316.2278  3.300664  0.083298  3.217366  14.771249  5.205106  14.771249  0.974763  3.300394e-01  7.151844e-01  1.139352e-01  0.013235  2.2532  1.355938e+04  8.073739e+05  1.025335e+56  2.328522e+58  2.853613e-06  8.253170e+108  +1  +1  0
316.2278  292.9824  562.3381  29.4090  316.2278  3.280926  0.096988  3.183938  14.733696  5.390838  14.733696  0.970439  3.289019e-01  7.094737e-01  1.242962e-01  0.013345  2.3114  1.593136e+04  7.981711e+05  1.198154e+56  2.305203e+58  2.727409e-06  8.758139e+108  +1  +1  0
316.2278  548.6687  562.3381  33.3326  316.2278  3.267142  0.105741  3.161401  14.712039  5.487727  14.712039  0.967635  3.280022e-01  7.049968e-01  1.300377e-01  0.013452  2.3622  1.744591e+04  7.913583e+05  1.307450e+56  2.289041e+58  2.615295e-06  1.275184e+109  +1  +1  1
316.2278  553.1161  562.3381  37.7796  316.2278  3.251515  0.115475  3.136040  14.687983  5.573225  14.687983  0.964486  3.269680e-01  6.998939e-01  1.357701e-01  0.013577  2.4221  1.912474e+04  7.837390e+05  1.427226e+56  2.270986e+58  2.661644e-06  1.396243e+109  +1  +1  1
316.2278  558.1558  562.3381  42.8198  316.2278  3.231516  0.127504  3.104012  14.654206  5.666554  14.654206  0.960544  3.257059e-01  6.937280e-01  1.425742e-01  0.013720  2.4953  2.121937e+04  7.742382e+05  1.575495e+56  2.247779e+58  2.759411e-06  1.610097e+109  +1  +1  1
316.2278  563.8691  562.3381  48.5326  316.2278  3.208642  0.142026  3.066616  14.615219  5.768151  14.615219  0.955737  3.242631e-01  6.867608e-01  1.505325e-01  0.013882  2.5815  2.375565e+04  7.636020e+05  1.753687e+56  2.221622e+58  2.853489e-06  1.885012e+109  +1  +1  1
316.2278  570.3441  562.3381  55.0074  316.2278  3.180200  0.159299  3.020901  14.562938  5.878356  14.562938  0.949909  3.225426e-01  6.785642e-01  1.597565e-01  0.014061  2.6853  2.685035e+04  7.506637e+05  1.969421e+56  2.188956e+58  2.929994e-06  2.054003e+109  +1  +1  1
316.2278  577.6823  562.3381  62.3461  316.2278  3.146764  0.179612  2.967152  14.499180  5.997010  14.499180  0.942922  3.205549e-01  6.692415e-01  1.703534e-01  0.014260  2.8087  3.048877e+04  7.357915e+05  2.220969e+56  2.150839e+58  3.012664e-06  2.279298e+109  +1  +1  1
316.2278  586.0010  562.3381  70.6639  316.2278  3.106870  0.203269  2.903601  14.418348  6.124103  14.418348  0.934574  3.182652e-01  6.586930e-01  1.824430e-01  0.014472  2.9546  3.484907e+04  7.183719e+05  2.519813e+56  2.105228e+58  3.095091e-06  2.470896e+109  +1  +1  1
316.2278  595.4279  562.3381  80.0914  316.2278  3.060427  0.230571  2.829856  14.320350  6.259109  14.320350  0.924661  3.156531e-01  6.468993e-01  1.961471e-01  0.014698  3.1270  3.989932e+04  6.985340e+05  2.862518e+56  2.052470e+58  3.199332e-06  2.722099e+109  +1  +1  1
316.2278  606.1136  562.3381  90.7766  316.2278  3.006592  0.261808  2.744784  14.201339  6.401378  14.201339  0.912922  3.126993e-01  6.338617e-01  2.115797e-01  0.014931  3.3294  4.592601e+04  6.760177e+05  3.267515e+56  1.991586e+58  3.300615e-06  2.959808e+109  +1  +1  1
316.2278  618.2249  562.3381  102.8874  316.2278  2.944599  0.297244  2.647355  14.057039  6.549997  14.057039  0.899055  3.093955e-01  6.196396e-01  2.288517e-01  0.015163  3.5655  5.278639e+04  6.506018e+05  3.722918e+56  1.921677e+58  3.413625e-06  3.146184e+109  +1  +1  1
316.2278  631.9498  562.3381  116.6139  316.2278  2.874295  0.337093  2.537202  13.885455  6.703907  13.885455  0.882721  3.057404e-01  6.043302e-01  2.480651e-01  0.015384  3.8390  6.085237e+04  6.224055e+05  4.252196e+56  1.842956e+58  3.530138e-06  3.375746e+109  +1  +1  1
316.2278  647.5096  562.3381  132.1717  316.2278  2.794597  0.381509  2.413088  13.677473  6.861538  13.677473  0.863483  3.017831e-01  5.882348e-01  2.693013e-01  0.015566  4.1459  7.001336e+04  5.909322e+05  4.844920e+56  1.753468e+58  3.641910e-06  3.386075e+109  +1  +1  1
316.2278  665.1426  562.3381  149.8051  316.2278  2.706438  0.430562  2.275876  13.433203  7.021689  13.433203  0.840912  2.975775e-01  5.716493e-01  2.926268e-01  0.015696  4.4843  8.046699e+04  5.567564e+05  5.511295e+56  1.654882e+58  3.788659e-06  3.467562e+109  +1  +1  1
316.2278  685.1283  562.3381  169.7911  316.2278  2.610511  0.484221  2.126290  13.147989  7.182670  13.147989  0.814511  2.932566e-01  5.551390e-01  3.180781e-01  0.015739  4.8379  9.231308e+04  5.200868e+05  6.254679e+56  1.547572e+58  3.916893e-06  3.342868e+109  +1  +1  1
316.2278  707.7821  562.3381  192.4434  316.2278  2.507964  0.542345  1.965619  12.816615  7.342712  12.816615  0.783751  2.890212e-01  5.394500e-01  3.456526e-01  0.015663  5.1775  1.053827e+05  4.811968e+05  7.058581e+56  1.432142e+58  4.066075e-06  3.126320e+109  +1  +1  1
316.2278  733.4544  562.3381  218.1178  316.2278  2.401213  0.604664  1.796549  12.437868  7.500093  12.437868  0.748184  2.851454e-01  5.255015e-01  3.753030e-01  0.015438  5.4597  1.201527e+05  4.407654e+05  7.951670e+56  1.310648e+58  4.251551e-06  2.967571e+109  +1  +1  1
316.2278  762.5564  562.3381  247.2176  316.2278  2.294364  0.670780  1.623585  12.015289  7.652969  12.015289  0.707640  2.820394e-01  5.145933e-01  4.069264e-01  0.015058  5.6252  1.364154e+05  3.998798e+05  8.914448e+56  1.186518e+58  4.443022e-06  2.631123e+109  +1  +1  1
316.2278  795.5386  562.3381  280.1996  316.2278  2.191650  0.740169  1.451481  11.554072  7.799661  11.554072  0.662278  2.801675e-01  5.081308e-01  4.403557e-01  0.014547  5.6182  1.541430e+05  3.595193e+05  9.939845e+56  1.063001e+58  4.710039e-06  2.304543e+109  +1  +1  1
316.2278  832.9189  562.3381  317.5819  316.2278  2.097726  0.812190  1.285536  11.063715  7.938642  11.063715  0.612823  2.800460e-01  5.077144e-01  4.753481e-01  0.013983  5.4120  1.736185e+05  3.207051e+05  1.104248e+57  9.435904e+57  5.062519e-06  1.926274e+109  +1  +1  1
316.2278  875.2916  562.3381  359.9514  316.2278  2.017178  0.886102  1.131076  10.560167  8.068335  10.560167  0.560722  2.821337e-01  5.149211e-01  5.115782e-01  0.013451  5.0162  1.944184e+05  2.844937e+05  1.218851e+57  8.320123e+57  5.585010e-06  1.546648e+109  +1  +1  1
316.2278  923.3117  562.3381  407.9736  316.2278  1.953054  0.961091  0.991963  10.061161  8.187570  10.061161  0.507904  2.867133e-01  5.310985e-01  5.486257e-01  0.013299  4.5759  2.163446e+05  2.515883e+05  1.336002e+57  7.308707e+57  6.677630e-06  1.103362e+109  +1  +1  1
316.2278  977.7420  562.3381  462.4025  316.2278  1.906602  1.036303  0.870299  9.583285  8.295385  9.583285  0.456466  2.938511e-01  5.573795e-01  5.859554e-01  0.013540  4.1198  2.391467e+05  2.223088e+05  1.453659e+57  6.414604e+57  1.503032e-05  8.200669e+108  +1  +1  1
316.2278  1039.4339  562.3381  524.0930  316.2278  1.877096  1.110872  0.766225  9.140409  8.391068  9.140409  0.408197  3.033211e-01  5.944323e-01  6.228674e-01  0.014351  3.7262  2.631019e+05  1.966303e+05  1.573629e+57  5.638757e+57  6.508282e-05  6.454344e+108  +1  +1  1
316.2278  1109.3497  562.3381  594.0138  316.2278  1.862313  1.183965  0.678347  8.741038  8.474455  8.741038  0.364250  3.146815e-01  6.425765e-01  6.582500e-01  0.015762  3.4054  2.880320e+05  1.742473e+05  1.694638e+57  4.971920e+57  -4.155011e-06  4.362997e+108  -1  +1  1
316.2278  1188.6046  562.3381  673.2629  316.2278  1.859220  1.254904  0.604316  8.547580  8.547580  8.387926  0.325038  3.212693e-01  6.725743e-01  6.725931e-01  0.016528  3.2194  3.131310e+05  1.547062e+05  1.811251e+57  4.399117e+57  -9.778305e-09  2.447252e+108  -1  +1  1
316.2278  1278.4252  562.3381  763.0849  316.2278  1.864764  1.324500  0.540264  8.624554  8.624554  8.068799  0.289722  3.193514e-01  6.636720e-01  6.636869e-01  0.014862  2.9829  3.380411e+05  1.373538e+05  1.921474e+57  3.897255e+57  9.102813e-07  1.248983e+108  +1  +1  1
316.2278  1380.2298  562.3381  864.8903  316.2278  1.876390  1.393071  0.483319  8.701497  8.701497  7.770830  0.257579  3.185010e-01  6.597700e-01  6.597827e-01  0.013849  2.8168  3.637901e+05  1.217388e+05  2.032953e+57  3.450078e+57  1.259061e-06  7.079060e+107  +1  +1  1
316.2278  1495.6207  562.3381  980.2778  316.2278  1.891794  1.459785  0.432009  8.772120  8.772120  7.488590  0.228359  3.185305e-01  6.599046e-01  6.599156e-01  0.012898  2.6224  3.890643e+05  1.076105e+05  2.137001e+57  3.048495e+57  1.420584e-06  6.145962e+105  +1  +1  1
316.2278  1626.3973  562.3381  1111.0596  316.2278  1.909066  1.524833  0.384233  8.832019  8.832019  7.205791  0.201267  3.192586e-01  6.632449e-01  6.632548e-01  0.012494  2.5112  4.138216e+05  9.467154e+04  2.233896e+57  2.681313e+57  1.422047e-06  -3.527000e+107  +1  -1  1
316.2278  1774.6318  562.3381  1259.2893  316.2278  1.926647  1.586818  0.339829  8.878569  8.878569  6.920433  0.176384  3.205095e-01  6.690304e-01  6.690389e-01  0.011718  2.3098  4.383596e+05  8.287760e+04  2.326370e+57  2.346771e+57  1.344364e-06  -4.823085e+107  +1  -1  1
316.2278  1942.6373  562.3381  1427.2948  316.2278  1.943149  1.644204  0.298946  8.910408  8.910408  6.634207  0.153846  3.220996e-01  6.764730e-01  6.764807e-01  0.011284  2.1698  4.616254e+05  7.221295e+04  2.407921e+57  2.044381e+57  1.241338e-06  -6.456371e+107  +1  -1  1
316.2278  2133.0527  562.3381  1617.7144  316.2278  1.957428  1.695788  0.261639  8.927039  8.927039  6.348734  0.133665  3.238620e-01  6.848391e-01  6.848464e-01  0.010884  2.0366  4.833420e+05  6.264215e+04  2.477591e+57  1.773102e+57  1.076075e-06  -6.619083e+107  +1  -1  1
316.2278  2348.8827  562.3381  1833.5384  316.2278  1.968652  1.740767  0.227884  8.928958  8.928958  6.065532  0.115757  3.256490e-01  6.934514e-01  6.934578e-01  0.010560  1.9224  5.032940e+05  5.411403e+04  2.534867e+57  1.531456e+57  8.506654e-07  -6.637102e+107  +1  -1  1
316.2278  2593.4963  562.3381  2078.1562  316.2278  1.976287  1.778702  0.197585  8.917143  8.917143  5.785991  0.099978  3.273452e-01  7.017498e-01  7.017559e-01  0.010146  1.7997  5.213032e+05  4.656559e+04  2.579507e+57  1.317631e+57  5.590362e-07  -5.938830e+107  +1  -1  1
316.2278  2870.7514  562.3381  2355.4091  316.2278  1.980092  1.809503  0.170589  8.893133  8.893133  5.511350  0.086152  3.288610e-01  7.092691e-01  7.092741e-01  0.009821  1.7022  5.373184e+05  3.992572e+04  2.612050e+57  1.129593e+57  1.761160e-07  -5.298075e+107  +1  -1  1
316.2278  3184.9955  562.3381  2669.6512  316.2278  1.980050  1.833347  0.146704  8.858565  8.858565  5.242693  0.074091  3.301372e-01  7.156782e-01  7.156825e-01  0.009493  1.6138  5.505452e+05  3.411867e+04  2.627899e+57  9.651779e+56  -2.769877e-07  -4.364964e+107  -1  -1  1
316.2278  3541.1532  562.3381  3025.8172  316.2278  1.976333  1.850629  0.125704  8.815313  8.815313  4.980939  0.063605  3.311342e-01  7.207356e-01  7.207395e-01  0.009205  1.5414  5.625801e+05  2.906689e+04  2.638868e+57  8.221770e+56  -1.053914e-06  -3.433019e+107  -1  -1  1
316.2278  3944.8452  562.3381  3429.5004  316.2278  1.969239  1.861888  0.107351  8.765259  8.765259  4.726850  0.054514  3.318297e-01  7.242901e-01  7.242934e-01  0.008943  1.4819  5.719296e+05  2.469361e+04  2.635198e+57  6.984057e+56  -1.824679e-06  -2.715438e+107  -1  -1  1
316.2278  4402.3826  562.3381  3887.0401  316.2278  1.959151  1.867754  0.091396  8.710102  8.710102  4.481029  0.046651  3.322204e-01  7.262965e-01  7.262992e-01  0.008717  1.4359  5.802978e+05  2.092456e+04  2.629252e+57  5.917529e+56  -3.755287e-06  -2.058328e+107  -1  -1  1
316.2278  4920.9625  562.3381  4405.6215  316.2278  1.946502  1.868906  0.077596  8.651533  8.651533  4.243937  0.039864  3.323100e-01  7.267576e-01  7.267600e-01  0.008523  1.4022  5.862389e+05  1.768947e+04  2.611259e+57  5.002233e+56  -7.140192e-06  -1.648324e+107  -1  -1  1
316.2278  5508.7341  562.3381  4993.3885  316.2278  1.931744  1.866031  0.065712  8.591048  8.591048  4.015901  0.034017  3.321123e-01  7.257407e-01  7.257428e-01  0.008363  1.3799  5.907041e+05  1.492295e+04  2.588054e+57  4.219614e+56  -1.711591e-05  -1.226618e+107  -1  -1  1
316.2278  6174.9095  562.3381  5659.5711  316.2278  1.915329  1.859809  0.055520  8.530041  8.530041  3.797129  0.028987  3.316453e-01  7.233458e-01  7.233475e-01  0.008232  1.3679  5.938439e+05  1.256506e+04  2.560795e+57  3.552666e+56  4.675861e-04  -9.022713e+106  +1  -1  1
316.2278  6929.9756  562.3381  6414.6311  316.2278  1.897691  1.850879  0.046812  8.469745  8.469745  3.587723  0.024668  3.309305e-01  7.196988e-01  7.197004e-01  0.008133  1.3660  5.958076e+05  1.056150e+04  2.530510e+57  2.986005e+56  4.312478e-04  -6.640404e+106  +1  -1  1
316.2278  7785.7703  562.3381  7270.4259  316.2278  1.879242  1.839847  0.039395  8.411194  8.411194  3.387693  0.020963  3.299945e-01  7.149579e-01  7.149592e-01  0.008062  1.3734  5.960476e+05  8.863656e+03  2.493281e+57  2.505854e+56  1.339854e-05  -4.903408e+106  +1  -1  1
316.2278  8755.7337  562.3381  8240.3948  316.2278  1.860355  1.827258  0.033098  8.355313  8.355313  3.196973  0.017791  3.288629e-01  7.092787e-01  7.092797e-01  0.008017  1.3895  5.961417e+05  7.428410e+03  2.459940e+57  2.099999e+56  1.248562e-05  -3.252107e+106  +1  -1  1
316.2278  9855.1162  562.3381  9339.7702  316.2278  1.841373  1.813608  0.027765  8.302704  8.302704  3.015430  0.015078  3.275697e-01  7.028572e-01  7.028581e-01  0.007996  1.4134  5.955073e+05  6.217807e+03  2.426204e+57  1.757692e+56  8.810815e-06  -2.397301e+106  +1  -1  1
316.2278  11101.1575  562.3381  10585.8164  316.2278  1.822606  1.799346  0.023260  8.254193  8.254193  2.842879  0.012762  3.261368e-01  6.958253e-01  6.958260e-01  0.007996  1.4447  5.936377e+05  5.198692e+03  2.388274e+57  1.469549e+56  6.153537e-06  -1.773066e+106  +1  -1  1
316.2278  12513.4446  562.3381  11998.1012  316.2278  1.804314  1.784852  0.019462  8.210044  8.210044  2.679092  0.010786  3.245999e-01  6.883796e-01  6.883802e-01  0.008015  1.4828  5.913281e+05  4.342286e+03  2.351387e+57  1.227424e+56  6.134586e-06  -1.191772e+106  +1  -1  1
316.2278  14114.1489  562.3381  13598.8032  316.2278  1.786738  1.770472  0.016267  8.170689  8.170689  2.523808  0.009104  3.229861e-01  6.806658e-01  6.806664e-01  0.008050  1.5267  5.893185e+05  3.623738e+03  2.320361e+57  1.024285e+56  5.721676e-06  -7.917546e+105  +1  -1  1
316.2278  15928.3955  562.3381  15413.0595  316.2278  1.770074  1.756491  0.013583  8.136382  8.136382  2.376741  0.007674  3.213229e-01  6.728251e-01  6.728255e-01  0.008096  1.5757  5.864528e+05  3.021703e+03  2.286834e+57  8.540924e+55  5.106332e-06  -5.345877e+105  +1  -1  1
316.2278  17984.7070  562.3381  17469.3612  316.2278  1.754483  1.743150  0.011332  8.107064  8.107064  2.237587  0.006459  3.196444e-01  6.650228e-01  6.650232e-01  0.008151  1.6285  5.840470e+05  2.517915e+03  2.259630e+57  7.116798e+55  4.793643e-06  -3.605685e+105  +1  -1  1
316.2278  20310.1824  562.3381  19794.8396  316.2278  1.740129  1.730678  0.009451  8.082938  8.082938  2.106297  0.005431  3.179756e-01  6.573729e-01  6.573732e-01  0.008211  1.6840  5.809806e+05  2.097608e+03  2.230616e+57  5.928701e+55  4.116562e-06  -2.794088e+105  +1  -1  1

432.8761  103.0404  694.5589  1.0000  432.8761  3.416983  0.000923  3.416060  14.619199  2.110631  14.619199  0.999730  3.452240e-01  7.973520e-01  1.779657e-02  0.010287  1.3986  1.378506e+02  9.058351e+05  1.159143e+54  2.466395e+58  1.376425e-06  -5.162750e+106  +1  -1  0
432.8761  107.6573  694.5589  1.1334  432.8761  3.416823  0.001085  3.415737  14.619331  2.160706  14.619331  0.999682  3.452046e-01  7.972395e-01  1.871808e-02  0.010286  1.3988  1.621825e+02  9.056940e+05  1.360308e+54  2.466193e+58  1.400883e-06  -4.956980e+106  +1  -1  0
432.8761  113.1115  694.5589  1.2846  432.8761  3.416630  0.001274  3.415356  14.619473  2.213120  14.619473  0.999627  3.451818e-01  7.971071e-01  1.971184e-02  0.010293  1.4002  1.905444e+02  9.055307e+05  1.592196e+54  2.465956e+58  1.436477e-06  -5.115022e+106  +1  -1  0
432.8761  119.1072  694.5589  1.4560  432.8761  3.416397  0.001494  3.414903  14.619570  2.268036  14.619570  0.999563  3.451560e-01  7.969574e-01  2.078588e-02  0.010297  1.4014  2.237418e+02  9.053365e+05  1.861601e+54  2.465658e+58  7.158439e-05  -5.445292e+106  +1  -1  0
432.8761  125.0167  694.5589  1.6503  432.8761  3.416448  0.001752  3.414696  14.620892  2.325557  14.620892  0.999487  3.451299e-01  7.968062e-01  2.194734e-02  0.010304  1.4028  2.626104e+02  9.052984e+05  2.175178e+54  2.465883e+58  7.141116e-05  -6.114815e+106  +1  -1  0
432.8761  131.6026  694.5589  1.8704  432.8761  3.415862  0.002053  3.413808  14.619970  2.385743  14.619970  0.999399  3.450924e-01  7.965889e-01  2.320334e-02  0.010307  1.4040  3.081395e+02  9.048935e+05  2.540630e+54  2.465021e+58  1.568236e-06  -7.259760e+106  +1  -1  0
432.8761  137.9494  694.5589  2.1200  432.8761  3.415513  0.002406  3.413107  14.620109  2.448733  14.620109  0.999296  3.450539e-01  7.963656e-01  2.456302e-02  0.010314  1.4057  3.614977e+02  9.046119e+05  2.967028e+54  2.464590e+58  1.552189e-06  -6.388242e+106  +1  -1  0
432.8761  152.7256  694.5589  2.4028  432.8761  3.415044  0.002801  3.412243  14.619986  2.511368  14.619986  0.999180  3.450094e-01  7.961076e-01  2.596339e-02  0.010320  1.4074  4.213607e+02  9.042557e+05  3.443450e+54  2.463980e+58  1.597409e-06  -1.078427e+107  +1  -1  0
432.8761  157.6382  694.5589  2.7234  432.8761  3.414486  0.003267  3.411219  14.619760  2.577033  14.619760  0.999043  3.449584e-01  7.958120e-01  2.748559e-02  0.010327  1.4095  4.921463e+02  9.038392e+05  4.004676e+54  2.463250e+58  1.621719e-06  -1.361588e+107  +1  -1  0
432.8761  162.7167  694.5589  3.0867  432.8761  3.413953  0.003822  3.410131  14.619932  2.647092  14.619932  0.998881  3.449005e-01  7.954767e-01  2.916853e-02  0.010336  1.4118  5.765837e+02  9.034276e+05  4.671900e+54  2.462614e+58  1.659561e-06  -1.533295e+107  +1  -1  0
432.8761  167.9681  694.5589  3.4985  432.8761  3.413242  0.004480  3.408762  14.619786  2.721700  14.619786  0.998688  3.448321e-01  7.950810e-01  3.102718e-02  0.010346  1.4146  6.770067e+02  9.029085e+05  5.462935e+54  2.461735e+58  1.712210e-06  -1.712905e+107  +1  -1  0
432.8761  173.4000  694.5589  3.9652  432.8761  3.412468  0.005259  3.407209  14.619676  2.801026  14.619676  0.998459  3.447565e-01  7.946442e-01  3.307860e-02  0.010356  1.4176  7.962507e+02  9.023414e+05  6.399316e+54  2.460784e+58  1.750345e-06  -1.916716e+107  +1  -1  0
432.8761  179.0190  694.5589  4.4943  432.8761  3.411516  0.006180  3.405336  14.619365  2.885297  14.619365  0.998188  3.446677e-01  7.941307e-01  3.534285e-02  0.010369  1.4212  9.376857e+02  9.016642e+05  7.506470e+54  2.459611e+58  1.810650e-06  -2.166356e+107  +1  -1  0
432.8761  184.8335  694.5589  5.0939  432.8761  3.410192  0.007268  3.402924  14.618454  2.974662  14.618454  0.997869  3.445554e-01  7.934824e-01  3.784050e-02  0.010384  1.4255  1.105300e+03  9.007827e+05  8.814468e+54  2.457976e+58  1.870091e-06  -2.402688e+107  +1  -1  0
432.8761  190.8524  694.5589  5.7734  432.8761  3.408744  0.008551  3.400193  14.617488  3.069284  14.617488  0.997491  3.444318e-01  7.927702e-01  4.059492e-02  0.010399  1.4302  1.303837e+03  8.998167e+05  1.035878e+55  2.456192e+58  1.904656e-06  -2.647897e+107  +1  -1  0
432.8761  197.0844  694.5589  6.5437  432.8761  3.407063  0.010064  3.396999  14.616241  3.169356  14.616241  0.997046  3.442913e-01  7.919610e-01  4.363225e-02  0.010418  1.4357  1.538843e+03  8.987084e+05  1.218069e+55  2.454116e+58  1.950303e-06  -2.823272e+107  +1  -1  0
432.8761  203.5396  694.5589  7.4167  432.8761  3.405017  0.011844  3.393172  14.614502  3.275055  14.614502  0.996521  3.441255e-01  7.910077e-01  4.698076e-02  0.010439  1.4421  1.816902e+03  8.973968e+05  1.432881e+55  2.451602e+58  1.999233e-06  -3.187458e+107  +1  -1  0
432.8761  210.2287  694.5589  8.4062  432.8761  3.402611  0.013939  3.388671  14.612243  3.386510  14.612243  0.995903  3.439355e-01  7.899171e-01  5.067039e-02  0.010463  1.4494  2.145770e+03  8.958779e+05  1.686022e+55  2.448639e+58  2.046060e-06  -3.424354e+107  +1  -1  0
432.8761  217.1631  694.5589  9.5277  432.8761  3.399781  0.016402  3.383379  14.609400  3.503843  14.609400  0.995176  3.437164e-01  7.886620e-01  5.473395e-02  0.010490  1.4578  2.534517e+03  8.941249e+05  1.984075e+55  2.445170e+58  2.096359e-06  -3.661936e+107  +1  -1  0
432.8761  224.3537  694.5589  10.7988  432.8761  3.396389  0.019293  3.377096  14.605712  3.624206  14.605712  0.994320  3.434601e-01  7.871972e-01  5.913202e-02  0.010521  1.4675  2.993892e+03  8.920672e+05  2.334845e+55  2.441025e+58  2.139998e-06  -3.949259e+107  +1  -1  0
432.8761  231.8138  694.5589  12.2395  432.8761  3.392399  0.022683  3.369716  14.600970  3.748969  14.600970  0.993313  3.431681e-01  7.855327e-01  6.393047e-02  0.010554  1.4784  3.536456e+03  8.896779e+05  2.747295e+55  2.436113e+58  2.185960e-06  -4.026504e+107  +1  -1  0
432.8761  239.5612  694.5589  13.8724  432.8761  3.387694  0.026655  3.361039  14.595093  3.880351  14.595093  0.992132  3.428301e-01  7.836118e-01  6.922503e-02  0.010593  1.4912  4.176903e+03  8.869139e+05  3.231828e+55  2.430350e+58  2.239283e-06  -3.820582e+107  +1  -1  0
432.8761  247.6067  694.5589  15.7232  432.8761  3.382142  0.031303  3.350840  14.587761  4.018258  14.587761  0.990745  3.424403e-01  7.814040e-01  7.505892e-02  0.010637  1.5060  4.932560e+03  8.837086e+05  3.800619e+55  2.423560e+58  2.288893e-06  -4.032404e+107  +1  -1  0
432.8761  255.9695  694.5589  17.8208  432.8761  3.375587  0.036733  3.338855  14.578595  4.163020  14.578595  0.989118  3.419915e-01  7.788724e-01  8.149344e-02  0.010685  1.5227  5.823452e+03  8.799860e+05  4.467558e+55  2.415539e+58  2.338345e-06  -3.843176e+107  +1  -1  0
432.8761  264.6662  694.5589  20.1984  432.8761  3.367863  0.043068  3.324796  14.567226  4.314609  14.567226  0.987212  3.414752e-01  7.759733e-01  8.858343e-02  0.010740  1.5422  6.873552e+03  8.756706e+05  5.249057e+55  2.406088e+58  2.391215e-06  -3.409884e+107  +1  -1  0
432.8761  273.7197  694.5589  22.8931  432.8761  3.358811  0.050446  3.308365  14.553300  4.472930  14.553300  0.984981  3.408833e-01  7.726668e-01  9.638672e-02  0.010801  1.5644  8.109734e+03  8.706948e+05  6.163130e+55  2.395026e+58  2.444901e-06  -2.699627e+107  +1  -1  0
432.8761  283.1505  694.5589  25.9473  432.8761  3.348151  0.059025  3.289126  14.536122  4.637949  14.536122  0.982371  3.402030e-01  7.688895e-01  1.049683e-01  0.010869  1.5900  9.563980e+03  8.649299e+05  7.231119e+55  2.382000e+58  2.489060e-06  -2.286742e+107  +1  -1  0
432.8761  292.9824  694.5589  29.4090  432.8761  3.335172  0.068980  3.266193  14.513849  4.809592  14.513849  0.979318  3.394043e-01  7.644852e-01  1.144006e-01  0.010945  1.6200  1.127371e+04  8.580462e+05  8.477488e+55  2.366091e+58  2.355662e-06  -1.749027e+107  +1  -1  0
432.8761  548.6687  694.5589  33.3326  432.8761  3.327255  0.075665  3.251591  14.504714  4.903830  14.504714  0.977259  3.388119e-01  7.612397e-01  1.198744e-01  0.011016  1.6449  1.242012e+04  8.533840e+05  9.305287e+55  2.356523e+58  2.253279e-06  1.972033e+106  +1  +1  1
432.8761  553.1161  694.5589  37.7796  432.8761  3.317584  0.083205  3.234379  14.492680  4.989252  14.492680  0.974920  3.381076e-01  7.574046e-01  1.253811e-01  0.011100  1.6748  1.371309e+04  8.478024e+05  1.022882e+56  2.344820e+58  2.297729e-06  3.730381e+107  +1  +1  1
432.8761  558.1558  694.5589  42.8198  432.8761  3.305407  0.092524  3.212882  14.476034  5.082671  14.476034  0.972008  3.372539e-01  7.527892e-01  1.318598e-01  0.011196  1.7108  1.531982e+04  8.410121e+05  1.136777e+56  2.330169e+58  2.384314e-06  7.733573e+107  +1  +1  1
432.8761  563.8691  694.5589  48.5326  432.8761  3.290375  0.103795  3.186580  14.453771  5.184417  14.453771  0.968455  3.362372e-01  7.473400e-01  1.393841e-01  0.011307  1.7540  1.726797e+04  8.328682e+05  1.273865e+56  2.312127e+58  2.465628e-06  1.105278e+108  +1  +1  1
432.8761  570.3441  694.5589  55.0074  432.8761  3.272106  0.117242  3.154864  14.424979  5.294812  14.424979  0.964169  3.350378e-01  7.409757e-01  1.480545e-01  0.011432  1.8054  1.962451e+04  8.232388e+05  1.438420e+56  2.290304e+58  2.551563e-06  1.707137e+108  +1  +1  1
432.8761  577.6823  694.5589  62.3461  432.8761  3.250069  0.133122  3.116947  14.388155  5.413914  14.388155  0.959040  3.336330e-01  7.336102e-01  1.579767e-01  0.011573  1.8665  2.246345e+04  8.119168e+05  1.635069e+56  2.264071e+58  2.632915e-06  2.319089e+108  +1  +1  1
432.8761  586.0010  694.5589  70.6639  432.8761  3.223745  0.151713  3.072032  14.341816  5.541629  14.341816  0.952939  3.320001e-01  7.251642e-01  1.692577e-01  0.011730  1.9387  2.580711e+04  7.987278e+05  1.864647e+56  2.232870e+58  2.721524e-06  3.136402e+108  +1  +1  1
432.8761  595.4279  694.5589  80.0914  432.8761  3.192662  0.173304  3.019358  14.284664  5.677565  14.284664  0.945718  3.301145e-01  7.155637e-01  1.820061e-01  0.011903  2.0242  2.979783e+04  7.835398e+05  2.136120e+56  2.196271e+58  2.809035e-06  4.135762e+108  +1  +1  1
432.8761  606.1136  694.5589  90.7766  432.8761  3.155579  0.198190  2.957389  14.212207  5.821226  14.212207  0.937194  3.279436e-01  7.047064e-01  1.963389e-01  0.012089  2.1248  3.447227e+04  7.658424e+05  2.450834e+56  2.152610e+58  2.898986e-06  4.936925e+108  +1  +1  1
432.8761  618.2249  694.5589  102.8874  432.8761  3.112355  0.226656  2.885699  14.124042  5.971901  14.124042  0.927175  3.254705e-01  6.925856e-01  2.123584e-01  0.012290  2.2434  3.997449e+04  7.457212e+05  2.817255e+56  2.102069e+58  2.999558e-06  6.155093e+108  +1  +1  1
432.8761  631.9498  694.5589  116.6139  432.8761  3.062072  0.258970  2.803103  14.016342  6.128683  14.016342  0.915427  3.226728e-01  6.791805e-01  2.301728e-01  0.012498  2.3820  4.632269e+04  7.228757e+05  3.234760e+56  2.043570e+58  3.099887e-06  6.908012e+108  +1  +1  1
432.8761  647.5096  694.5589  132.1717  432.8761  3.004000  0.295362  2.708638  13.885511  6.290414  13.885511  0.901677  3.195359e-01  6.645222e-01  2.498656e-01  0.012708  2.5433  5.368910e+04  6.971193e+05  3.712902e+56  1.976354e+58  3.205772e-06  7.944324e+108  +1  +1  1
432.8761  665.1426  694.5589  149.8051  432.8761  2.937073  0.336015  2.601058  13.725465  6.455891  13.725465  0.885595  3.160598e-01  6.487191e-01  2.715213e-01  0.012907  2.7282  6.218653e+04  6.680876e+05  4.256825e+56  1.899022e+58  3.323890e-06  8.608278e+108  +1  +1  1
432.8761  685.1283  694.5589  169.7911  432.8761  2.862465  0.381041  2.481423  13.538786  6.623664  13.538786  0.866883  3.122785e-01  6.320293e-01  2.951871e-01  0.013088  2.9381  7.175588e+04  6.365298e+05  4.858872e+56  1.813730e+58  3.454942e-06  9.327676e+108  +1  +1  1
432.8761  707.7821  694.5589  192.4434  432.8761  2.778348  0.430471  2.347877  13.313342  6.792132  13.313342  0.845062  3.082345e-01  6.147293e-01  3.208906e-01  0.013221  3.1679  8.277543e+04  6.016281e+05  5.541581e+56  1.717542e+58  3.594796e-06  1.015648e+109  +1  +1  1
432.8761  733.4544  694.5589  218.1178  432.8761  2.686340  0.484234  2.202106  13.049754  6.959838  13.049754  0.819742  3.040467e-01  5.973819e-01  3.486274e-01  0.013289  3.4095  9.519113e+04  5.641493e+05  6.297017e+56  1.612604e+58  3.743318e-06  1.039137e+109  +1  +1  1
432.8761  762.5564  694.5589  247.2176  432.8761  2.587240  0.542149  2.045091  12.743118  7.124771  12.743118  0.790453  2.998766e-01  5.806513e-01  3.783353e-01  0.013260  3.6453  1.090535e+05  5.243319e+05  7.123880e+56  1.499390e+58  3.887944e-06  9.745843e+108  +1  +1  1
432.8761  795.5386  694.5589  280.1996  432.8761  2.482736  0.603915  1.878820  12.389544  7.285514  12.389544  0.756754  2.959762e-01  5.654694e-01  4.099142e-01  0.013101  3.8453  1.243601e+05  4.826281e+05  8.016791e+56  1.379088e+58  4.038300e-06  8.585230e+108  +1  +1  1
432.8761  832.9189  694.5589  317.5819  432.8761  2.376040  0.669113  1.706927  11.990389  7.440320  11.990389  0.718392  2.926861e-01  5.529978e-01  4.431963e-01  0.012799  3.9726  1.411073e+05  4.399604e+05  8.970597e+56  1.254530e+58  4.237699e-06  7.321094e+108  +1  +1  1
432.8761  875.2916  694.5589  359.9514  432.8761  2.271450  0.737205  1.534245  11.551012  7.587618  11.551012  0.675448  2.904456e-01  5.446732e-01  4.779480e-01  0.012360  3.9865  1.595626e+05  3.974633e+05  9.998901e+56  1.129331e+58  4.459576e-06  6.175972e+108  +1  +1  1
432.8761  923.3117  694.5589  407.9736  432.8761  2.173293  0.807550  1.365743  11.079145  7.726056  11.079145  0.628421  2.897302e-01  5.420432e-01  5.138592e-01  0.011829  3.8627  1.793301e+05  3.561581e+05  1.106965e+57  1.006895e+58  4.692141e-06  4.357503e+108  +1  +1  1
432.8761  977.7420  694.5589  462.4025  432.8761  2.085951  0.879424  1.206527  10.587658  7.854334  10.587658  0.578406  2.909952e-01  5.467027e-01  5.505467e-01  0.011303  3.6112  2.002382e+05  3.170756e+05  1.216660e+57  8.907752e+57  5.095504e-06  3.114162e+108  +1  +1  1
432.8761  1039.4339  694.5589  524.0930  432.8761  2.012931  0.952039  1.060892  10.092828  7.971480  10.092828  0.527038  2.945761e-01  5.601255e-01  5.875426e-01  0.010922  3.2827  2.225256e+05  2.810484e+05  1.330388e+57  7.839372e+57  5.937529e-06  2.452441e+108  +1  +1  1
432.8761  1109.3497  694.5589  594.0138  432.8761  1.956082  1.024576  0.931506  9.611384  8.076710  9.611384  0.476210  3.005957e-01  5.834988e-01  6.242906e-01  0.010846  2.9463  2.460578e+05  2.485551e+05  1.447035e+57  6.881921e+57  7.738398e-06  1.554421e+108  +1  +1  1
432.8761  1188.6046  694.5589  673.2629  432.8761  1.915441  1.096219  0.819223  9.158047  8.169615  9.158047  0.427694  3.089211e-01  6.176281e-01  6.601247e-01  0.011211  2.6565  2.701024e+05  2.197201e+05  1.561519e+57  6.041343e+57  1.927735e-05  5.165859e+107  +1  +1  1
432.8761  1278.4252  694.5589  763.0849  432.8761  1.889437  1.166180  0.723258  8.743040  8.249981  8.743040  0.382790  3.191917e-01  6.629373e-01  6.941737e-01  0.012091  2.4328  2.942820e+05  1.943557e+05  1.671323e+57  5.312499e+57  3.940338e-05  1.925553e+107  +1  +1  1
432.8761  1380.2298  694.5589  864.8903  432.8761  1.875503  1.233750  0.641754  8.371558  8.318238  8.371558  0.342177  3.308973e-01  7.195298e-01  7.246032e-01  0.013485  2.2661  3.195401e+05  1.720883e+05  1.783402e+57  4.683337e+57  -3.256797e-06  -7.234068e+106  -1  -1  1
432.8761  1495.6207  694.5589  980.2778  432.8761  1.870743  1.298839  0.571904  8.382811  8.382811  8.040541  0.305709  3.296142e-01  7.130434e-01  7.130652e-01  0.012780  2.1899  3.440661e+05  1.524176e+05  1.885700e+57  4.136695e+57  -4.997572e-07  -4.116608e+107  -1  -1  1
432.8761  1626.3973  694.5589  1111.0596  432.8761  1.872612  1.362529  0.510083  8.450918  8.450918  7.733575  0.272391  3.272846e-01  7.014511e-01  7.014689e-01  0.011697  2.0766  3.692724e+05  1.347592e+05  1.988840e+57  3.651516e+57  5.094395e-07  -5.520917e+107  +1  -1  1
432.8761  1774.6318  694.5589  1259.2893  432.8761  1.878968  1.424318  0.454650  8.516178  8.516178  7.444383  0.241968  3.258789e-01  6.945691e-01  6.945842e-01  0.011141  2.0209  3.932509e+05  1.188376e+05  2.080165e+57  3.217866e+57  8.529977e-07  -7.332440e+107  +1  -1  1
432.8761  1942.6373  694.5589  1427.2948  432.8761  1.887948  1.484290  0.403658  8.573762  8.573762  7.159696  0.213808  3.252372e-01  6.914551e-01  6.914679e-01  0.010547  1.9322  4.173871e+05  1.043584e+05  2.170048e+57  2.824850e+57  9.738777e-07  -7.033386e+107  +1  -1  1
432.8761  2133.0527  694.5589  1617.7144  432.8761  1.898082  1.541678  0.356404  8.620649  8.620649  6.872837  0.187771  3.252047e-01  6.912978e-01  6.913095e-01  0.010288  1.8856  4.404893e+05  9.120039e+04  2.250945e+57  2.467914e+57  1.015139e-06  -7.401855e+107  +1  -1  1
432.8761  2348.8827  694.5589  1833.5384  432.8761  1.908063  1.595045  0.313018  8.655077  8.655077  6.585504  0.164050  3.256142e-01  6.932828e-01  6.932932e-01  0.009956  1.8133  4.622240e+05  7.933594e+04  2.321372e+57  2.146250e+57  9.635107e-07  -7.115553e+107  +1  -1  1
432.8761  2593.4963  694.5589  2078.1562  432.8761  1.916783  1.643249  0.273534  8.676286  8.676286  6.299313  0.142705  3.263027e-01  6.966353e-01  6.966446e-01  0.009738  1.7550  4.823463e+05  6.871661e+04  2.380567e+57  1.858488e+57  8.030953e-07  -6.018207e+107  +1  -1  1
432.8761  2870.7514  694.5589  2355.4091  432.8761  1.923402  1.685503  0.237899  8.684332  8.684332  6.015766  0.123686  3.271262e-01  7.006713e-01  7.006791e-01  0.009506  1.6918  5.014207e+05  5.927763e+04  2.433387e+57  1.602827e+57  5.795291e-07  -5.175169e+107  +1  -1  1
432.8761  3184.9955  694.5589  2669.6512  432.8761  1.927348  1.721360  0.205988  8.679871  8.679871  5.736226  0.106876  3.279657e-01  7.048161e-01  7.048232e-01  0.009295  1.6331  5.178137e+05  5.094212e+04  2.469361e+57  1.377146e+57  3.047526e-07  -4.287554e+107  +1  -1  1
432.8761  3541.1532  694.5589  3025.8172  432.8761  1.928324  1.750705  0.177619  8.664295  8.664295  5.461904  0.092111  3.287217e-01  7.085741e-01  7.085802e-01  0.009095  1.5796  5.330157e+05  4.362543e+04  2.499757e+57  1.179123e+57  -1.392612e-07  -3.442429e+107  -1  -1  1
432.8761  3944.8452  694.5589  3429.5004  432.8761  1.926251  1.773681  0.152570  8.639099  8.639099  5.193849  0.079205  3.293260e-01  7.115964e-01  7.116016e-01  0.008903  1.5323  5.454695e+05  3.723890e+04  2.514436e+57  1.006331e+57  -6.165577e-07  -2.741775e+107  -1  -1  1
432.8761  4402.3826  694.5589  3887.0401  432.8761  1.921225  1.790636  0.130589  8.605938  8.605938  4.932945  0.067972  3.297325e-01  7.136379e-01  7.136428e-01  0.008730  1.4932  5.567500e+05  3.169294e+04  2.525002e+57  8.563247e+56  -1.530660e-06  -2.093827e+107  -1  -1  1
432.8761  4920.9625  694.5589  4405.6215  432.8761  1.913481  1.802069  0.111412  8.566543  8.566543  4.679915  0.058225  3.299136e-01  7.145501e-01  7.145542e-01  0.008575  1.4626  5.654595e+05  2.689964e+04  2.522215e+57  7.267105e+56  -2.868562e-06  -1.682196e+107  -1  -1  1
432.8761  5508.7341  694.5589  4993.3885  432.8761  1.903328  1.808560  0.094768  8.522540  8.522540  4.435328  0.049791  3.298574e-01  7.142672e-01  7.142708e-01  0.008435  1.4399  5.724654e+05  2.277472e+04  2.512438e+57  6.151958e+56  -5.211828e-06  -1.260870e+107  -1  -1  1
432.8761  6174.9095  694.5589  5659.5711  432.8761  1.891147  1.810755  0.080392  8.475623  8.475623  4.199611  0.042510  3.295606e-01  7.127737e-01  7.127767e-01  0.008320  1.4268  5.779232e+05  1.923892e+04  2.496963e+57  5.196275e+56  -1.075649e-05  -9.321092e+106  -1  -1  1
432.8761  6929.9756  694.5589  6414.6311  432.8761  1.877327  1.809298  0.068029  8.427169  8.427169  3.973060  0.036237  3.290333e-01  7.101303e-01  7.101327e-01  0.008226  1.4220  5.819926e+05  1.621891e+04  2.477026e+57  4.380156e+56  -4.900528e-05  -6.807697e+106  -1  -1  1
432.8761  7785.7703  694.5589  7270.4259  432.8761  1.862262  1.804823  0.057439  8.378498  8.378498  3.755852  0.030844  3.282890e-01  7.064199e-01  7.064220e-01  0.008159  1.4265  5.848240e+05  1.364778e+04  2.453652e+57  3.685454e+56  -8.013458e-05  -4.973208e+106  -1  -1  1
432.8761  8755.7337  694.5589  8240.3948  432.8761  1.846344  1.797944  0.048400  8.330720  8.330720  3.548066  0.026214  3.273495e-01  7.017709e-01  7.017726e-01  0.008114  1.4391  5.859007e+05  1.146518e+04  2.423135e+57  3.095817e+56  1.533862e-05  -3.711407e+106  +1  -1  1
432.8761  9855.1162  694.5589  9339.7702  432.8761  1.829937  1.789228  0.040709  8.284854  8.284854  3.349687  0.022246  3.262367e-01  6.963129e-01  6.963144e-01  0.008090  1.4594  5.867360e+05  9.617256e+03  2.395837e+57  2.596657e+56  1.348259e-05  -2.595778e+106  +1  -1  1
432.8761  11101.1575  694.5589  10585.8164  432.8761  1.813371  1.779186  0.034185  8.241633  8.241633  3.160632  0.018851  3.249787e-01  6.902058e-01  6.902070e-01  0.008084  1.4868  5.861474e+05  8.056374e+03  2.363284e+57  2.175082e+56  8.252461e-06  -1.814506e+106  +1  -1  1
432.8761  12513.4446  694.5589  11998.1012  432.8761  1.796950  1.768286  0.028664  8.201711  8.201711  2.980751  0.015951  3.236035e-01  6.836044e-01  6.836054e-01  0.008097  1.5212  5.855821e+05  6.740731e+03  2.335289e+57  1.819779e+56  7.523261e-06  -1.221852e+106  +1  -1  1
432.8761  14114.1489  694.5589  13598.8032  432.8761  1.780947  1.756944  0.024003  8.165698  8.165698  2.809846  0.013478  3.221361e-01  6.766451e-01  6.766462e-01  0.008124  1.5613  5.838974e+05  5.633893e+03  2.303546e+57  1.520893e+56  6.143242e-06  -8.661627e+105  +1  -1  1
432.8761  15928.3955  694.5589  15413.0595  432.8761  1.765594  1.745517  0.020077  8.133924  8.133924  2.647677  0.011371  3.206065e-01  6.694815e-01  6.694822e-01  0.008163  1.6066  5.824617e+05  4.704298e+03  2.277279e+57  1.269889e+56  5.710132e-06  -5.701537e+105  +1  -1  1
432.8761  17984.7070  694.5589  17469.3612  432.8761  1.751083  1.734307  0.016776  8.106523  8.106523  2.493974  0.009580  3.190463e-01  6.622690e-01  6.622695e-01  0.008210  1.6558  5.801458e+05  3.924733e+03  2.248274e+57  1.059410e+56  5.034683e-06  -3.977900e+105  +1  -1  1
432.8761  20310.1824  694.5589  19794.8396  432.8761  1.737610  1.723601  0.014009  8.083817  8.083817  2.348739  0.008062  3.174808e-01  6.551247e-01  6.551252e-01  0.008265  1.7082  5.782643e+05  3.273108e+03  2.225358e+57  8.834849e+55  5.318519e-06  -2.641084e+105  +1  -1  1

592.5531  103.0404  874.4253  1.0000  592.5531  3.371731  0.000611  3.371120  14.234531  1.837421  14.234531  0.999819  3.498577e-01  8.248763e-01  1.681785e-02  0.008814  1.1210  9.125211e+01  9.303659e+05  7.673307e+53  2.420605e+58  7.913961e-07  -8.171447e+106  +1  -1  0
592.5531  107.6573  874.4253  1.1334  592.5531  3.371690  0.000719  3.370970  14.234867  1.881557  14.234867  0.999787  3.498451e-01  8.247999e-01  1.768411e-02  0.008813  1.1211  1.074393e+02  9.302973e+05  9.011614e+53  2.420577e+58  8.038066e-07  -8.081818e+106  +1  -1  0
592.5531  113.1115  874.4253  1.2846  592.5531  3.371625  0.000845  3.370780  14.235105  1.927759  14.235105  0.999749  3.498326e-01  8.247239e-01  1.861738e-02  0.008817  1.1219  1.263325e+02  9.302001e+05  1.055639e+54  2.420482e+58  7.928482e-07  -8.198401e+106  +1  -1  0
592.5531  119.1072  874.4253  1.4560  592.5531  3.371566  0.000992  3.370573  14.235415  1.976261  14.235415  0.999706  3.498188e-01  8.246400e-01  1.962659e-02  0.008820  1.1224  1.484743e+02  9.300998e+05  1.235336e+54  2.420399e+58  8.781541e-07  -9.211416e+106  +1  -1  0
592.5531  125.0167  874.4253  1.6503  592.5531  3.371438  0.001164  3.370274  14.235598  2.027016  14.235598  0.999655  3.498011e-01  8.245324e-01  2.071571e-02  0.008823  1.1230  1.744307e+02  9.299533e+05  1.444751e+54  2.420217e+58  1.015977e-06  -1.025653e+107  +1  -1  0
592.5531  131.6026  874.4253  1.8704  592.5531  3.371323  0.001366  3.369957  14.235892  2.080224  14.235892  0.999595  3.497819e-01  8.244159e-01  2.189384e-02  0.008825  1.1237  2.048757e+02  9.298049e+05  1.689148e+54  2.420057e+58  1.014567e-06  -1.154630e+107  +1  -1  0
592.5531  137.9494  874.4253  2.1200  592.5531  3.371172  0.001602  3.369569  14.236168  2.135944  14.236168  0.999525  3.497594e-01  8.242793e-01  2.316815e-02  0.008829  1.1245  2.406057e+02  9.296263e+05  1.974703e+54  2.419847e+58  1.046698e-06  -1.061704e+107  +1  -1  0
592.5531  152.7256  874.4253  2.4028  592.5531  3.371012  0.001868  3.369144  14.236497  2.191456  14.236497  0.999446  3.497347e-01  8.241297e-01  2.448093e-02  0.008832  1.1254  2.808183e+02  9.294315e+05  2.294754e+54  2.419624e+58  1.063314e-06  -1.763186e+107  +1  -1  0
592.5531  157.6382  874.4253  2.7234  592.5531  3.370808  0.002182  3.368626  14.236838  2.249803  14.236838  0.999353  3.497052e-01  8.239503e-01  2.590842e-02  0.008837  1.1264  3.284247e+02  9.291982e+05  2.672236e+54  2.419345e+58  1.138547e-06  -2.297706e+107  +1  -1  0
592.5531  162.7167  874.4253  3.0867  592.5531  3.370556  0.002556  3.368000  14.237198  2.311972  14.237198  0.999242  3.496702e-01  8.237382e-01  2.748227e-02  0.008842  1.1276  3.852634e+02  9.289286e+05  3.121431e+54  2.419015e+58  1.194740e-06  -2.637176e+107  +1  -1  0
592.5531  167.9681  874.4253  3.4985  592.5531  3.370242  0.003000  3.367243  14.237443  2.378228  14.237443  0.999110  3.496317e-01  8.235045e-01  2.921875e-02  0.008847  1.1289  4.529356e+02  9.286015e+05  3.654532e+54  2.418572e+58  1.329302e-06  -3.037727e+107  +1  -1  0
592.5531  173.4000  874.4253  3.9652  592.5531  3.369614  0.003526  3.366088  14.237183  2.448730  14.237183  0.998954  3.495729e-01  8.231483e-01  3.113381e-02  0.008854  1.1308  5.333821e+02  9.281081e+05  4.286288e+54  2.417761e+58  1.184619e-06  -3.455391e+107  +1  -1  0
592.5531  179.0190  874.4253  4.4943  592.5531  3.369396  0.004149  3.365247  14.238073  2.523637  14.238073  0.998769  3.495285e-01  8.228789e-01  3.324477e-02  0.008862  1.1325  6.289238e+02  9.277964e+05  5.034289e+54  2.417486e+58  1.086372e-06  -3.870673e+107  +1  -1  0
592.5531  184.8335  874.4253  5.0939  592.5531  3.369125  0.004886  3.364239  14.239392  2.603086  14.239392  0.998550  3.494679e-01  8.225123e-01  3.557017e-02  0.008871  1.1347  7.423077e+02  9.274509e+05  5.919171e+54  2.417257e+58  1.265725e-06  -4.455135e+107  +1  -1  0
592.5531  190.8524  874.4253  5.7734  592.5531  3.368113  0.005757  3.362356  14.238274  2.687342  14.238274  0.998291  3.493904e-01  8.220430e-01  3.813343e-02  0.008880  1.1371  8.767942e+02  9.266584e+05  6.965389e+54  2.415794e+58  1.535949e-06  -5.126989e+107  +1  -1  0
592.5531  197.0844  874.4253  6.5437  592.5531  3.367261  0.006786  3.360475  14.238214  2.776459  14.238214  0.997985  3.493035e-01  8.215177e-01  4.095498e-02  0.008892  1.1399  1.036254e+03  9.259438e+05  8.201723e+54  2.414690e+58  1.557612e-06  -5.741660e+107  +1  -1  0
592.5531  203.5396  874.4253  7.4167  592.5531  3.366236  0.007999  3.358237  14.238006  2.870664  14.238006  0.997624  3.492023e-01  8.209063e-01  4.406170e-02  0.008905  1.1433  1.225230e+03  9.251082e+05  9.661822e+54  2.413367e+58  1.611415e-06  -6.493241e+107  +1  -1  0
592.5531  210.2287  874.4253  8.4062  592.5531  3.365011  0.009429  3.355582  14.237611  2.970141  14.237611  0.997198  3.490849e-01  8.201980e-01  4.748188e-02  0.008919  1.1470  1.449152e+03  9.241382e+05  1.138557e+55  2.411797e+58  1.666154e-06  -7.303111e+107  +1  -1  0
592.5531  217.1631  874.4253  9.5277  592.5531  3.363514  0.011114  3.352400  14.236861  3.075089  14.236861  0.996696  3.489479e-01  8.193725e-01  5.124697e-02  0.008936  1.1514  1.714400e+03  9.229892e+05  1.341965e+55  2.409874e+58  1.723581e-06  -8.368881e+107  +1  -1  0
592.5531  224.3537  874.4253  10.7988  592.5531  3.361429  0.013097  3.348332  14.234713  3.182706  14.234713  0.996104  3.487842e-01  8.183874e-01  5.530696e-02  0.008954  1.1565  2.028406e+03  9.214922e+05  1.581748e+55  2.407104e+58  1.784589e-06  -9.338430e+107  +1  -1  0
592.5531  231.8138  874.4253  12.2395  592.5531  3.359591  0.015428  3.344162  14.234271  3.294588  14.234271  0.995408  3.486043e-01  8.173068e-01  5.973270e-02  0.008976  1.1623  2.400130e+03  9.201014e+05  1.864367e+55  2.404880e+58  1.828408e-06  -1.030546e+108  +1  -1  0
592.5531  239.5612  874.4253  13.8724  592.5531  3.356988  0.018168  3.338820  14.232060  3.412529  14.232060  0.994588  3.483884e-01  8.160121e-01  6.460929e-02  0.009001  1.1691  2.840059e+03  9.182640e+05  2.197262e+55  2.401577e+58  1.888540e-06  -1.169706e+108  +1  -1  0
592.5531  247.6067  874.4253  15.7232  592.5531  3.353887  0.021382  3.332505  14.229154  3.536610  14.229154  0.993625  3.481376e-01  8.145123e-01  6.997988e-02  0.009028  1.1769  3.360339e+03  9.161275e+05  2.588957e+55  2.397660e+58  1.943703e-06  -1.302149e+108  +1  -1  0
592.5531  255.9695  874.4253  17.8208  592.5531  3.350192  0.025150  3.325042  14.225320  3.667101  14.225320  0.992493  3.478478e-01  8.127834e-01  7.589634e-02  0.009059  1.1859  3.975608e+03  9.136392e+05  3.049658e+55  2.392998e+58  1.999873e-06  -1.446260e+108  +1  -1  0
592.5531  264.6662  874.4253  20.1984  592.5531  3.345778  0.029562  3.316215  14.220350  3.804007  14.220350  0.991164  3.475109e-01  8.107796e-01  8.240667e-02  0.009095  1.1964  4.702836e+03  9.107390e+05  3.591003e+55  2.387452e+58  2.055546e-06  -1.593751e+108  +1  -1  0
592.5531  273.7197  874.4253  22.8931  592.5531  3.340520  0.034721  3.305799  14.213913  3.947346  14.213913  0.989606  3.471220e-01  8.084747e-01  8.956360e-02  0.009135  1.2084  5.561971e+03  9.073565e+05  4.226488e+55  2.380842e+58  2.111112e-06  -1.761923e+108  +1  -1  0
592.5531  283.1505  874.4253  25.9473  592.5531  3.334276  0.040744  3.293531  14.205757  4.097073  14.205757  0.987780  3.466720e-01  8.058191e-01  9.742239e-02  0.009180  1.2223  6.576429e+03  9.034280e+05  4.971767e+55  2.373016e+58  2.169968e-06  -1.923035e+108  +1  -1  0
592.5531  292.9824  874.4253  29.4090  592.5531  3.326828  0.047765  3.279062  14.195372  4.253329  14.195372  0.985642  3.461507e-01  8.027571e-01  1.060537e-01  0.009231  1.2384  7.773209e+03  8.988479e+05  5.844577e+55  2.363702e+58  2.020116e-06  -1.892297e+108  +1  -1  0
592.5531  548.6687  874.4253  33.3326  592.5531  3.321453  0.052682  3.268771  14.189221  4.342933  14.189221  0.984139  3.457413e-01  8.003631e-01  1.112588e-01  0.009276  1.2517  8.610129e+03  8.951304e+05  6.449072e+55  2.356633e+58  1.883127e-06  -2.929558e+108  +1  -1  1
592.5531  553.1161  874.4253  37.7796  592.5531  3.316473  0.058291  3.258181  14.186787  4.425779  14.186787  0.982424  3.452821e-01  7.976894e-01  1.165146e-01  0.009332  1.2677  9.562723e+03  8.915550e+05  7.130169e+55  2.350592e+58  1.937247e-06  -3.106855e+108  +1  -1  1
592.5531  558.1558  874.4253  42.8198  592.5531  3.309309  0.065228  3.244081  14.179571  4.516450  14.179571  0.980290  3.447116e-01  7.943843e-01  1.226458e-01  0.009396  1.2870  1.074599e+04  8.867718e+05  7.969895e+55  2.341627e+58  2.031110e-06  -3.445372e+108  +1  -1  1
592.5531  563.8691  874.4253  48.5326  592.5531  3.300326  0.073634  3.226693  14.169268  4.615311  14.169268  0.977689  3.440259e-01  7.904357e-01  1.297218e-01  0.009470  1.3100  1.219659e+04  8.810036e+05  8.991908e+55  2.330455e+58  2.117939e-06  -3.509716e+108  +1  -1  1
592.5531  570.3441  874.4253  55.0074  592.5531  3.289213  0.083695  3.205518  14.155116  4.722642  14.155116  0.974555  3.432102e-01  7.857723e-01  1.378325e-01  0.009555  1.3376  1.394474e+04  8.741162e+05  1.021431e+56  2.316706e+58  2.200193e-06  -3.553367e+108  +1  -1  1
592.5531  577.6823  874.4253  62.3461  592.5531  3.275375  0.095625  3.179750  14.136087  4.838582  14.136087  0.970805  3.422264e-01  7.801958e-01  1.470750e-01  0.009653  1.3709  1.603415e+04  8.658641e+05  1.166362e+56  2.299780e+58  2.275500e-06  -3.571605e+108  +1  -1  1
592.5531  586.0010  874.4253  70.6639  592.5531  3.258797  0.109663  3.149134  14.110085  4.963093  14.110085  0.966349  3.411216e-01  7.739959e-01  1.575466e-01  0.009758  1.4084  1.856031e+04  8.561628e+05  1.340108e+56  2.279102e+58  2.364513e-06  -3.398340e+108  +1  -1  1
592.5531  595.4279  874.4253  80.0914  592.5531  3.239116  0.126066  3.113050  14.079972  5.095963  14.079972  0.961080  3.397867e-01  7.665896e-01  1.693470e-01  0.009884  1.4549  2.152295e+04  8.450862e+05  1.541942e+56  2.255420e+58  2.460883e-06  -3.127421e+108  +1  -1  1
592.5531  606.1136  874.4253  90.7766  592.5531  3.215522  0.145104  3.070418  14.040346  5.236820  14.040346  0.954874  3.382637e-01  7.582524e-01  1.825847e-01  0.010021  1.5085  2.505033e+04  8.321288e+05  1.779868e+56  2.226816e+58  2.544569e-06  -2.844314e+108  +1  -1  1
592.5531  618.2249  874.4253  102.8874  592.5531  3.187197  0.167055  3.020142  13.989944  5.385146  13.989944  0.947585  3.364919e-01  7.487003e-01  1.973582e-01  0.010173  1.5721  2.923289e+04  8.170264e+05  2.058977e+56  2.192656e+58  2.634328e-06  -2.540524e+108  +1  -1  1
592.5531  631.9498  874.4253  116.6139  592.5531  3.153697  0.192198  2.961500  13.927167  5.540268  13.927167  0.939056  3.344559e-01  7.379136e-01  2.137665e-01  0.010338  1.6468  3.409832e+04  7.996638e+05  2.379723e+56  2.152493e+58  2.728062e-06  -2.157138e+108  +1  -1  1
592.5531  647.5096  874.4253  132.1717  592.5531  3.114309  0.220797  2.893513  13.849428  5.701288  13.849428  0.929103  3.321327e-01  7.258454e-01  2.319025e-01  0.010515  1.7344  3.979412e+04  7.798091e+05  2.750486e+56  2.105530e+58  2.822496e-06  -1.754288e+108  +1  -1  1
592.5531  665.1426  874.4253  149.8051  592.5531  3.068252  0.253096  2.815156  13.753684  5.867193  13.753684  0.917511  3.294987e-01  7.124627e-01  2.518423e-01  0.010701  1.8367  4.632155e+04  7.572259e+05  3.169057e+56  2.050928e+58  2.928830e-06  -1.244707e+108  +1  -1  1
592.5531  685.1283  874.4253  169.7911  592.5531  3.014891  0.289304  2.725587  13.636828  6.036785  13.636828  0.904042  3.265426e-01  6.978082e-01  2.736521e-01  0.010890  1.9554  5.396983e+04  7.317648e+05  3.652762e+56  1.988043e+58  3.040862e-06  -7.119797e+107  +1  -1  1
592.5531  707.7821  874.4253  192.4434  592.5531  2.953556  0.329575  2.623981  13.495043  6.208804  13.495043  0.888414  3.232605e-01  6.819697e-01  2.973775e-01  0.011074  2.0915  6.261966e+04  7.032733e+05  4.190148e+56  1.916189e+58  3.160411e-06  -2.771649e+107  +1  -1  1
592.5531  733.4544  874.4253  218.1178  592.5531  2.883970  0.373998  2.509971  13.325015  6.381773  13.325015  0.870318  3.196720e-01  6.651503e-01  3.230275e-01  0.011243  2.2453  7.261193e+04  6.717733e+05  4.801105e+56  1.835172e+58  3.286155e-06  1.265911e+107  +1  +1  1
592.5531  762.5564  874.4253  247.2176  592.5531  2.804921  0.422582  2.382339  13.118135  6.554176  13.118135  0.849343  3.158131e-01  6.476148e-01  3.505860e-01  0.011374  2.4137  8.391280e+04  6.368190e+05  5.479043e+56  1.743264e+58  3.420834e-06  3.166506e+107  +1  +1  1
592.5531  795.5386  874.4253  280.1996  592.5531  2.718517  0.475238  2.243279  12.878525  6.724432  12.878525  0.825185  3.117796e-01  6.298649e-01  3.799924e-01  0.011458  2.5928  9.657558e+04  5.994913e+05  6.222993e+56  1.643598e+58  3.563369e-06  5.770951e+107  +1  +1  1
592.5531  832.9189  874.4253  317.5819  592.5531  2.624094  0.531775  2.092318  12.595488  6.890986  12.595488  0.797349  3.077131e-01  6.125387e-01  4.111378e-01  0.011458  2.7687  1.106373e+05  5.593959e+05  7.030679e+56  1.534544e+58  3.714660e-06  6.137086e+107  +1  +1  1
592.5531  875.2916  874.4253  359.9514  592.5531  2.523704  0.591891  1.931813  12.268432  7.052263  12.268432  0.765467  3.038303e-01  5.965003e-01  4.438576e-01  0.011351  2.9227  1.263490e+05  5.172906e+05  7.914426e+56  1.418228e+58  3.880163e-06  5.184543e+107  +1  +1  1
592.5531  923.3117  874.4253  407.9736  592.5531  2.419891  0.655171  1.764720  11.896809  7.206773  11.896809  0.729256  3.004325e-01  5.828514e-01  4.779263e-01  0.011112  3.0268  1.434672e+05  4.739326e+05  8.852507e+56  1.296839e+58  4.035503e-06  3.116541e+105  +1  +1  1
592.5531  977.7420  874.4253  462.4025  592.5531  2.316066  0.721097  1.594969  11.482977  7.353162  11.482977  0.688654  2.979052e-01  5.729229e-01  5.130522e-01  0.010749  3.0542  1.618978e+05  4.302508e+05  9.833459e+56  1.173230e+58  4.232246e-06  -3.395703e+107  +1  -1  1
592.5531  1039.4339  874.4253  524.0930  592.5531  2.216345  0.789053  1.427292  11.033484  7.490093  11.033484  0.643985  2.966923e-01  5.682242e-01  5.488771e-01  0.010273  2.9790  1.818717e+05  3.873098e+05  1.086962e+57  1.050827e+58  4.499231e-06  -4.298368e+107  +1  -1  1
592.5531  1109.3497  874.4253  594.0138  592.5531  2.124983  0.858350  1.266633  10.559147  7.616742  10.559147  0.596067  2.972406e-01  5.703431e-01  5.849755e-01  0.009751  2.8018  2.033025e+05  3.461645e+05  1.195176e+57  9.331499e+57  4.793421e-06  -7.302347e+107  +1  -1  1
592.5531  1188.6046  874.4253  673.2629  592.5531  2.045653  0.928244  1.117409  10.074448  7.732161  10.074448  0.546236  2.999109e-01  5.807869e-01  6.208597e-01  0.009294  2.5535  2.256350e+05  3.077195e+05  1.303984e+57  8.233241e+57  5.147117e-06  -1.151302e+108  +1  -1  1
592.5531  1278.4252  874.4253  763.0849  592.5531  1.980753  0.997960  0.982793  9.595466  7.835752  9.595466  0.496171  3.048919e-01  6.008379e-01  6.559778e-01  0.009035  2.2860  2.485543e+05  2.725930e+05  1.411106e+57  7.235693e+57  6.264574e-06  -1.071650e+108  +1  -1  1
592.5531  1380.2298  874.4253  864.8903  592.5531  1.931016  1.066730  0.864286  9.137359  7.927292  9.137359  0.447581  3.121382e-01  6.314199e-01  6.897072e-01  0.009109  2.0495  2.728065e+05  2.410588e+05  1.521920e+57  6.349565e+57  8.695784e-06  -9.482504e+107  +1  -1  1
592.5531  1495.6207  874.4253  980.2778  592.5531  1.895573  1.133811  0.761763  8.711858  8.006644  8.711858  0.401864  3.213745e-01  6.730667e-01  7.213232e-01  0.009616  1.8699  2.971192e+05  2.130687e+05  1.627891e+57  5.574382e+57  3.114325e-05  -1.041335e+108  +1  -1  1
592.5531  1626.3973  874.4253  1111.0596  592.5531  1.872413  1.198527  0.673886  8.326034  8.074311  8.326034  0.359903  3.321583e-01  7.259770e-01  7.497385e-01  0.010606  1.7488  3.211792e+05  1.883472e+05  1.727292e+57  4.901472e+57  4.704326e-05  -1.008636e+108  +1  -1  1
592.5531  1774.6318  874.4253  1259.2893  592.5531  1.858959  1.260368  0.598591  8.132426  8.132426  7.981967  0.322003  3.376225e-01  7.547776e-01  7.548088e-01  0.011427  1.7365  3.458722e+05  1.665005e+05  1.826942e+57  4.317644e+57  -3.423524e-06  -8.155866e+107  -1  -1  1
592.5531  1942.6373  874.4253  1427.2948  592.5531  1.852715  1.320151  0.532564  8.193942  8.193942  7.667812  0.287450  3.339622e-01  7.353280e-01  7.353532e-01  0.010259  1.6464  3.697217e+05  1.469731e+05  1.917512e+57  3.803117e+57  -9.025460e-07  -8.624917e+107  -1  -1  1
592.5531  2133.0527  874.4253  1617.7144  592.5531  1.851644  1.378156  0.473488  8.256202  8.256202  7.372444  0.255712  3.312522e-01  7.213373e-01  7.213576e-01  0.009687  1.6192  3.929968e+05  1.293930e+05  2.001696e+57  3.344449e+57  4.942076e-08  -7.836587e+107  +1  -1  1
592.5531  2348.8827  874.4253  1833.5384  592.5531  1.853960  1.434127  0.419833  8.313847  8.313847  7.087658  0.226452  3.293669e-01  7.118012e-01  7.118193e-01  0.009367  1.6110  4.157687e+05  1.135041e+05  2.080802e+57  2.932331e+57  4.296660e-07  -6.571661e+107  +1  -1  1
592.5531  2593.4963  874.4253  2078.1562  592.5531  1.858248  1.487991  0.370257  8.363615  8.363615  6.801494  0.199251  3.281643e-01  7.058009e-01  7.058166e-01  0.009182  1.6083  4.381536e+05  9.909545e+04  2.156433e+57  2.558985e+57  6.131360e-07  -5.772864e+107  +1  -1  1
592.5531  2870.7514  874.4253  2355.4091  592.5531  1.863278  1.538449  0.324829  8.403253  8.403253  6.515139  0.174332  3.275004e-01  7.025150e-01  7.025286e-01  0.008966  1.5865  4.584904e+05  8.612459e+04  2.217853e+57  2.223156e+57  6.422925e-07  -5.262729e+107  +1  -1  1
592.5531  3184.9955  874.4253  2669.6512  592.5531  1.867971  1.584408  0.283563  8.431553  8.431553  6.230187  0.151803  3.272232e-01  7.011487e-01  7.011603e-01  0.008869  1.5759  4.779135e+05  7.453270e+04  2.273843e+57  1.923240e+57  5.348975e-07  -4.128574e+107  +1  -1  1
592.5531  3541.1532  874.4253  3025.8172  592.5531  1.871466  1.625083  0.246383  8.448232  8.448232  5.948117  0.131653  3.271883e-01  7.009770e-01  7.009874e-01  0.008786  1.5621  4.955713e+05  6.424374e+04  2.319340e+57  1.657203e+57  3.579513e-07  -3.482855e+107  +1  -1  1
592.5531  3944.8452  874.4253  3429.5004  592.5531  1.873157  1.660015  0.213143  8.453704  8.453704  5.670262  0.113788  3.272720e-01  7.013891e-01  7.013983e-01  0.008688  1.5427  5.113610e+05  5.516945e+04  2.354449e+57  1.422706e+57  8.795582e-08  -2.672159e+107  +1  -1  1
592.5531  4402.3826  874.4253  3887.0401  592.5531  1.872674  1.689038  0.183636  8.448953  8.448953  5.397804  0.098061  3.273715e-01  7.018794e-01  7.018872e-01  0.008600  1.5248  5.259205e+05  4.721380e+04  2.384335e+57  1.217221e+57  -3.504524e-07  -2.089185e+107  -1  -1  1
592.5531  4920.9625  874.4253  4405.6215  592.5531  1.869865  1.712248  0.157618  8.435344  8.435344  5.131760  0.084294  3.274079e-01  7.020588e-01  7.020655e-01  0.008515  1.5089  5.378660e+05  4.027713e+04  2.399980e+57  1.038137e+57  -9.437609e-07  -1.683942e+107  -1  -1  1
592.5531  5508.7341  874.4253  4993.3885  592.5531  1.864748  1.729933  0.134815  8.414272  8.414272  4.872982  0.072297  3.273296e-01  7.016729e-01  7.016786e-01  0.008432  1.4960  5.479596e+05  3.425942e+04  2.407204e+57  8.828404e+56  -1.848078e-06  -1.269625e+107  -1  -1  1
592.5531  6174.9095  874.4253  5659.5711  592.5531  1.857480  1.742537  0.114943  8.387379  8.387379  4.622165  0.061881  3.270992e-01  7.005388e-01  7.005437e-01  0.008360  1.4885  5.563074e+05  2.906310e+04  2.407095e+57  7.487896e+56  -3.330194e-06  -9.449983e+106  -1  -1  1
592.5531  6929.9756  874.4253  6414.6311  592.5531  1.848307  1.750592  0.097715  8.356189  8.356189  4.379851  0.052867  3.266988e-01  6.985731e-01  6.985772e-01  0.008295  1.4858  5.630328e+05  2.459504e+04  2.400733e+57  6.335631e+56  -6.190215e-06  -6.951784e+106  -1  -1  1
592.5531  7785.7703  874.4253  7270.4259  592.5531  1.837539  1.754691  0.082848  8.322251  8.322251  4.146440  0.045086  3.261200e-01  6.957435e-01  6.957471e-01  0.008245  1.4902  5.682887e+05  2.076794e+04  2.389313e+57  5.348948e+56  -5.859629e-04  -5.335439e+106  -1  -1  1
592.5531  8755.7337  874.4253  8240.3948  592.5531  1.825509  1.755435  0.070074  8.286881  8.286881  3.922205  0.038386  3.253677e-01  6.920871e-01  6.920901e-01  0.008210  1.5011  5.715756e+05  1.750132e+04  2.369356e+57  4.506979e+56  -5.381781e-04  -3.818762e+106  -1  -1  1
592.5531  9855.1162  874.4253  9339.7702  592.5531  1.812568  1.753428  0.059140  8.251377  8.251377  3.707307  0.032628  3.244513e-01  6.876647e-01  6.876673e-01  0.008190  1.5186  5.743831e+05  1.472190e+04  2.351142e+57  3.790747e+56  -4.863961e-04  -2.570248e+106  -1  -1  1
592.5531  11101.1575  874.4253  10585.8164  592.5531  1.799049  1.749236  0.049813  8.216656  8.216656  3.501805  0.027689  3.233922e-01  6.825968e-01  6.825989e-01  0.008185  1.5426  5.761874e+05  1.236375e+04  2.330839e+57  3.183197e+56  2.037858e-05  -1.829255e+106  +1  -1  1
592.5531  12513.4446  874.4253  11998.1012  592.5531  1.785277  1.743394  0.041883  8.183750  8.183750  3.305674  0.023460  3.222070e-01  6.769791e-01  6.769810e-01  0.008195  1.5732  5.765204e+05  1.036817e+04  2.304945e+57  2.669149e+56  9.044532e-06  -1.336300e+106  +1  -1  1
592.5531  14114.1489  874.4253  13598.8032  592.5531  1.771546  1.736386  0.035160  8.153317  8.153317  3.118814  0.019847  3.209222e-01  6.709526e-01  6.709541e-01  0.008217  1.6093  5.767887e+05  8.683298e+03  2.282967e+57  2.235206e+56  8.213818e-06  -8.765958e+105  +1  -1  1
592.5531  15928.3955  874.4253  15413.0595  592.5531  1.758121  1.728647  0.029473  8.125906  8.125906  2.941069  0.016764  3.195645e-01  6.646542e-01  6.646555e-01  0.008250  1.6503  5.758915e+05  7.263688e+03  2.256918e+57  1.869633e+56  6.310933e-06  -6.185483e+105  +1  -1  1
592.5531  17984.7070  874.4253  17469.3612  592.5531  1.745236  1.720561  0.024675  8.101982  8.101982  2.772235  0.014139  3.181592e-01  6.582093e-01  6.582103e-01  0.008290  1.6953  5.751728e+05  6.069807e+03  2.235826e+57  1.562228e+56  5.842674e-06  -4.025176e+105  +1  -1  1
592.5531  20310.1824  874.4253  19794.8396  592.5531  1.733111  1.712469  0.020642  8.081853  8.081853  2.612388  0.011910  3.167357e-01  6.517566e-01  6.517574e-01  0.008335  1.7431  5.735453e+05  5.069312e+03  2.211786e+57  1.304644e+56  4.613794e-06  -3.266080e+105  +1  -1  1

811.1308  103.0404  1119.6411  1.0000  811.1308  3.295341  0.000399  3.294942  13.824573  1.592685  13.824573  0.999879  3.520711e-01  8.384780e-01  1.604323e-02  0.007766  0.9572  5.957990e+01  9.423392e+05  5.010118e+53  2.342544e+58  -2.066688e-09  -5.870333e+106  -1  -1  0
811.1308  107.6573  1119.6411  1.1334  811.1308  3.295342  0.000470  3.294872  13.824767  1.631238  13.824767  0.999857  3.520661e-01  8.384473e-01  1.686368e-02  0.007767  0.9573  7.019039e+01  9.422935e+05  5.887380e+53  2.342525e+58  -3.694063e-09  -5.809569e+106  -1  -1  0
811.1308  113.1115  1119.6411  1.2846  811.1308  3.295342  0.000553  3.294789  13.825028  1.671745  13.825028  0.999832  3.520595e-01  8.384061e-01  1.774970e-02  0.007769  0.9576  8.258722e+01  9.422405e+05  6.901020e+53  2.342511e+58  1.822157e-07  -5.900135e+106  +1  -1  0
811.1308  119.1072  1119.6411  1.4560  811.1308  3.295318  0.000649  3.294669  13.825260  1.714206  13.825260  0.999803  3.520511e-01  8.383540e-01  1.870555e-02  0.007770  0.9579  9.712907e+01  9.421718e+05  8.081246e+53  2.342467e+58  2.641019e-07  -6.638576e+106  +1  -1  0
811.1308  125.0167  1119.6411  1.6503  811.1308  3.295313  0.000763  3.294550  13.825558  1.758735  13.825558  0.999769  3.520429e-01  8.383033e-01  1.973788e-02  0.007771  0.9582  1.141940e+02  9.421022e+05  9.458126e+53  2.342438e+58  6.211660e-08  -7.340797e+106  +1  -1  0
811.1308  131.6026  1119.6411  1.8704  811.1308  3.295312  0.000895  3.294416  13.826010  1.805372  13.826010  0.999728  3.520313e-01  8.382310e-01  2.085238e-02  0.007774  0.9586  1.342312e+02  9.420297e+05  1.106668e+54  2.342441e+58  -4.544681e-06  -8.264164e+106  -1  -1  0
811.1308  137.9494  1119.6411  2.1200  811.1308  3.295567  0.001051  3.294516  13.827473  1.854281  13.827473  0.999681  3.520213e-01  8.381688e-01  2.205797e-02  0.007776  0.9590  1.577706e+02  9.420923e+05  1.294804e+54  2.342870e+58  3.703250e-06  -7.601605e+106  +1  -1  0
811.1308  152.7256  1119.6411  2.4028  811.1308  3.295206  0.001227  3.293979  13.826587  1.903175  13.826587  0.999628  3.520053e-01  8.380692e-01  2.330222e-02  0.007777  0.9594  1.843309e+02  9.417859e+05  1.506215e+54  2.342231e+58  7.584483e-07  -1.285604e+107  +1  -1  0
811.1308  157.6382  1119.6411  2.7234  811.1308  3.295142  0.001434  3.293708  13.827107  1.954446  13.827107  0.999565  3.519853e-01  8.379451e-01  2.465038e-02  0.007781  0.9601  2.158064e+02  9.416355e+05  1.755814e+54  2.342139e+58  3.906934e-07  -1.676659e+107  +1  -1  0
811.1308  162.7167  1119.6411  3.0867  811.1308  3.295117  0.001682  3.293435  13.827552  2.009185  13.827552  0.999490  3.519713e-01  8.378581e-01  2.613718e-02  0.007783  0.9606  2.534117e+02  9.415107e+05  2.053021e+54  2.342066e+58  4.557274e-07  -1.926454e+107  +1  -1  0
811.1308  167.9681  1119.6411  3.4985  811.1308  3.295009  0.001976  3.293033  13.828007  2.067515  13.828007  0.999400  3.519482e-01  8.377148e-01  2.777524e-02  0.007786  0.9613  2.982209e+02  9.413199e+05  2.406044e+54  2.341900e+58  8.827414e-07  -2.224126e+107  +1  -1  0
811.1308  173.4000  1119.6411  3.9652  811.1308  3.294582  0.002326  3.292257  13.827868  2.129590  13.827868  0.999294  3.519061e-01  8.374535e-01  2.957918e-02  0.007791  0.9625  3.515395e+02  9.409184e+05  2.824809e+54  2.341294e+58  1.311083e-06  -2.574401e+107  +1  -1  0
811.1308  179.0190  1119.6411  4.4943  811.1308  3.293981  0.002740  3.291242  13.826617  2.195581  13.826617  0.999168  3.518737e-01  8.372529e-01  3.156553e-02  0.007793  0.9631  4.149226e+02  9.404300e+05  3.321059e+54  2.340311e+58  1.296318e-05  -2.906143e+107  +1  -1  0
811.1308  184.8335  1119.6411  5.0939  811.1308  3.294247  0.003230  3.291017  13.828643  2.265582  13.828643  0.999020  3.518506e-01  8.371092e-01  3.375033e-02  0.007799  0.9642  4.902267e+02  9.403761e+05  3.908801e+54  2.340706e+58  1.614639e-05  -3.249589e+107  +1  -1  0
811.1308  190.8524  1119.6411  5.7734  811.1308  3.294285  0.003810  3.290475  13.830508  2.339905  13.830508  0.998843  3.518071e-01  8.368400e-01  3.615706e-02  0.007806  0.9657  5.796568e+02  9.401924e+05  4.604555e+54  2.340875e+58  -9.297956e-08  -3.738282e+107  -1  -1  0
811.1308  197.0844  1119.6411  6.5437  811.1308  3.293839  0.004496  3.289343  13.830547  2.418594  13.830547  0.998635  3.517585e-01  8.365390e-01  3.880389e-02  0.007812  0.9671  6.858186e+02  9.397013e+05  5.427726e+54  2.340185e+58  1.153250e-06  -4.304777e+107  +1  -1  0
811.1308  203.5396  1119.6411  7.4167  811.1308  3.293388  0.005306  3.288082  13.831018  2.501776  13.831018  0.998389  3.516984e-01  8.361666e-01  4.171308e-02  0.007820  0.9689  8.118223e+02  9.391827e+05  6.401388e+54  2.339554e+58  7.694914e-07  -4.829442e+107  +1  -1  0
811.1308  210.2287  1119.6411  8.4062  811.1308  3.293267  0.006263  3.287004  13.833044  2.589622  13.833044  0.998098  3.516339e-01  8.357677e-01  4.491012e-02  0.007831  0.9711  9.613312e+02  9.388171e+05  7.552430e+54  2.339500e+58  7.574015e-07  -5.517909e+107  +1  -1  0
811.1308  217.1631  1119.6411  9.5277  811.1308  3.292156  0.007393  3.284763  13.831914  2.682475  13.831914  0.997754  3.515440e-01  8.352116e-01  4.842817e-02  0.007840  0.9734  1.138664e+03  9.378754e+05  8.912350e+54  2.337893e+58  1.409139e-06  -6.385718e+107  +1  -1  0
811.1308  224.3537  1119.6411  10.7988  811.1308  3.291205  0.008724  3.282481  13.831898  2.777922  13.831898  0.997349  3.514430e-01  8.345873e-01  5.221649e-02  0.007852  0.9763  1.349038e+03  9.369708e+05  1.051905e+55  2.336593e+58  1.393011e-06  -7.127423e+107  +1  -1  0
811.1308  231.8138  1119.6411  12.2395  811.1308  3.290215  0.010294  3.279922  13.832049  2.877186  13.832049  0.996871  3.513334e-01  8.339112e-01  5.633630e-02  0.007864  0.9794  1.598483e+03  9.360229e+05  1.241573e+55  2.335271e+58  1.457290e-06  -8.080346e+107  +1  -1  0
811.1308  239.5612  1119.6411  13.8724  811.1308  3.288829  0.012141  3.276688  13.831521  2.981937  13.831521  0.996308  3.511988e-01  8.330813e-01  6.087085e-02  0.007880  0.9832  1.894235e+03  9.348086e+05  1.465404e+55  2.333408e+58  1.524858e-06  -9.136188e+107  +1  -1  0
811.1308  247.6067  1119.6411  15.7232  811.1308  3.287351  0.014315  3.273036  13.831420  3.092493  13.831420  0.995645  3.510435e-01  8.321257e-01  6.586495e-02  0.007898  0.9876  2.244845e+03  9.334988e+05  1.729413e+55  2.331503e+58  1.575290e-06  -1.026881e+108  +1  -1  0
811.1308  255.9695  1119.6411  17.8208  811.1308  3.285423  0.016870  3.268553  13.830495  3.208643  13.830495  0.994865  3.508611e-01  8.310050e-01  7.134897e-02  0.007917  0.9927  2.660409e+03  9.318918e+05  2.040620e+55  2.328981e+58  1.646059e-06  -1.146253e+108  +1  -1  0
811.1308  264.6662  1119.6411  20.1984  811.1308  3.283389  0.019870  3.263519  13.830318  3.330809  13.830318  0.993948  3.506484e-01  8.297007e-01  7.737856e-02  0.007942  0.9987  3.152658e+03  9.301851e+05  2.407108e+55  2.326484e+58  1.703666e-06  -1.295637e+108  +1  -1  0
811.1308  273.7197  1119.6411  22.8931  811.1308  3.280277  0.023390  3.256888  13.827012  3.458952  13.827012  0.992870  3.503998e-01  8.281798e-01  8.399729e-02  0.007967  1.0055  3.735883e+03  9.278197e+05  2.838633e+55  2.322321e+58  1.781755e-06  -1.456213e+108  +1  -1  0
811.1308  283.1505  1119.6411  25.9473  811.1308  3.277121  0.027513  3.249608  13.825213  3.593260  13.825213  0.991605  3.501082e-01  8.264009e-01  9.126196e-02  0.007998  1.0136  4.426538e+03  9.253916e+05  3.346145e+55  2.318409e+58  1.836583e-06  -1.622409e+108  +1  -1  0
811.1308  292.9824  1119.6411  29.4090  811.1308  3.272641  0.032337  3.240303  13.819745  3.733518  13.819745  0.990119  3.497679e-01  8.243310e-01  9.922069e-02  0.008029  1.0226  5.243960e+03  9.221710e+05  3.942470e+55  2.312515e+58  1.645179e-06  -1.673435e+108  +1  -1  0
811.1308  548.6687  1119.6411  33.3326  811.1308  3.270164  0.035835  3.234330  13.819440  3.816952  13.819440  0.989042  3.495109e-01  8.227726e-01  1.041742e-01  0.008060  1.0302  5.835763e+03  9.199214e+05  4.370033e+55  2.309215e+58  1.502463e-06  -2.882060e+108  +1  -1  1
811.1308  553.1161  1119.6411  37.7796  811.1308  3.267234  0.039861  3.227373  13.818888  3.895220  13.818888  0.987800  3.492117e-01  8.209632e-01  1.091802e-01  0.008094  1.0391  6.514455e+03  9.173053e+05  4.855652e+55  2.305322e+58  1.560811e-06  -3.065954e+108  +1  -1  1
811.1308  558.1558  1119.6411  42.8198  811.1308  3.263043  0.044843  3.218199  13.816676  3.980935  13.816676  0.986257  3.488196e-01  8.186000e-01  1.149751e-01  0.008138  1.0506  7.357409e+03  9.138835e+05  5.454444e+55  2.299867e+58  1.681639e-06  -3.271123e+108  +1  -1  1
811.1308  563.8691  1119.6411  48.5326  811.1308  3.258394  0.050894  3.207500  13.813903  4.074457  13.813903  0.984381  3.483925e-01  8.160367e-01  1.216237e-01  0.008185  1.0631  8.392309e+03  9.101768e+05  6.184262e+55  2.293871e+58  1.773712e-06  -3.400716e+108  +1  -1  1
811.1308  570.3441  1119.6411  55.0074  811.1308  3.252076  0.058157  3.193919  13.808516  4.176065  13.808516  0.982117  3.478527e-01  8.128122e-01  1.292074e-01  0.008241  1.0787  9.642851e+03  9.054502e+05  7.059575e+55  2.285783e+58  1.860808e-06  -3.580688e+108  +1  -1  1
811.1308  577.6823  1119.6411  62.3461  811.1308  3.244262  0.066802  3.177459  13.800820  4.285963  13.800820  0.979409  3.472103e-01  8.089975e-01  1.378135e-01  0.008307  1.0974  1.115987e+04  8.998457e+05  8.113012e+55  2.275882e+58  1.946220e-06  -3.711141e+108  +1  -1  1
811.1308  586.0010  1119.6411  70.6639  811.1308  3.234149  0.077023  3.157126  13.788507  4.404150  13.788507  0.976185  3.464371e-01  8.044377e-01  1.475283e-01  0.008380  1.1195  1.296345e+04  8.929581e+05  9.354763e+55  2.263059e+58  2.028839e-06  -3.795515e+108  +1  -1  1
811.1308  595.4279  1119.6411  80.0914  811.1308  3.222227  0.089030  3.133197  13.773304  4.530628  13.773304  0.972370  3.455410e-01  7.991959e-01  1.584464e-01  0.008465  1.1455  1.511011e+04  8.850626e+05  1.081908e+56  2.248106e+58  2.122690e-06  -3.760333e+108  +1  -1  1
811.1308  606.1136  1119.6411  90.7766  811.1308  3.208239  0.103056  3.105183  13.755059  4.665090  13.755059  0.967878  3.444973e-01  7.931475e-01  1.706626e-01  0.008562  1.1764  1.768122e+04  8.760668e+05  1.255591e+56  2.230850e+58  2.215319e-06  -3.743049e+108  +1  -1  1
811.1308  618.2249  1119.6411  102.8874  811.1308  3.190744  0.119344  3.071400  13.729085  4.807253  13.729085  0.962597  3.432670e-01  7.860959e-01  1.842703e-01  0.008671  1.2128  2.074763e+04  8.652632e+05  1.460585e+56  2.209232e+58  2.293799e-06  -3.768521e+108  +1  -1  1
811.1308  631.9498  1119.6411  116.6139  811.1308  3.169709  0.138153  3.031557  13.695650  4.956598  13.695650  0.956415  3.418365e-01  7.780005e-01  1.993576e-01  0.008792  1.2557  2.429089e+04  8.526997e+05  1.694433e+56  2.183402e+58  2.381347e-06  -3.690484e+108  +1  -1  1
811.1308  647.5096  1119.6411  132.1717  811.1308  3.144529  0.159742  2.984786  13.652944  5.112506  13.652944  0.949200  3.401817e-01  7.687713e-01  2.160161e-01  0.008926  1.3063  2.851798e+04  8.381437e+05  1.970162e+56  2.152659e+58  2.484192e-06  -3.576363e+108  +1  -1  1
811.1308  665.1426  1119.6411  149.8051  811.1308  3.114599  0.184372  2.930228  13.599077  5.274215  13.599077  0.940804  3.382785e-01  7.583330e-01  2.343174e-01  0.009072  1.3654  3.348104e+04  8.213838e+05  2.289577e+56  2.116336e+58  2.580906e-06  -3.376046e+108  +1  -1  1
811.1308  685.1283  1119.6411  169.7911  811.1308  3.079441  0.212289  2.867152  13.532673  5.440758  13.532673  0.931063  3.361011e-01  7.466140e-01  2.543323e-01  0.009232  1.4350  3.919070e+04  8.023088e+05  2.651286e+56  2.074057e+58  2.679931e-06  -3.196345e+108  +1  -1  1
811.1308  707.7821  1119.6411  192.4434  811.1308  3.037693  0.243717  2.793976  13.448011  5.611092  13.448011  0.919769  3.336319e-01  7.336041e-01  2.761041e-01  0.009397  1.5156  4.590197e+04  7.803405e+05  3.070454e+56  2.023903e+58  2.783794e-06  -2.976305e+108  +1  -1  1
811.1308  733.4544  1119.6411  218.1178  811.1308  2.989378  0.278847  2.710531  13.345311  5.784113  13.345311  0.906721  3.308520e-01  7.192998e-01  2.996672e-01  0.009570  1.6093  5.352407e+04  7.556871e+05  3.537565e+56  1.966414e+58  2.896706e-06  -2.784103e+108  +1  -1  1
811.1308  762.5564  1119.6411  247.2176  811.1308  2.933398  0.317819  2.615578  13.219131  5.958500  13.219131  0.891655  3.277553e-01  7.037741e-01  3.250237e-01  0.009739  1.7166  6.235756e+04  7.279611e+05  4.069964e+56  1.900178e+58  3.021285e-06  -2.467063e+108  +1  -1  1
811.1308  795.5386  1119.6411  280.1996  811.1308  2.869460  0.360713  2.508747  13.066570  6.132899  13.066570  0.874292  3.243547e-01  6.872006e-01  3.521397e-01  0.009898  1.8380  7.239813e+04  6.971958e+05  4.663377e+56  1.825044e+58  3.144310e-06  -2.263388e+108  +1  -1  1
811.1308  832.9189  1119.6411  317.5819  811.1308  2.797274  0.407531  2.389743  12.883660  6.305820  12.883660  0.854311  3.206840e-01  6.698425e-01  3.809458e-01  0.010030  1.9716  8.369707e+04  6.633990e+05  5.316774e+56  1.740747e+58  3.278089e-06  -2.064762e+108  +1  -1  1
811.1308  875.2916  1119.6411  359.9514  811.1308  2.716371  0.458189  2.258181  12.663956  6.475856  12.663956  0.831323  3.168118e-01  6.520995e-01  4.113325e-01  0.010118  2.1135  9.650799e+04  6.264571e+05  6.043101e+56  1.646580e+58  3.419997e-06  -1.877990e+108  +1  -1  1
811.1308  923.3117  1119.6411  407.9736  811.1308  2.627854  0.512508  2.115346  12.405934  6.641640  12.405934  0.804971  3.128624e-01  6.345734e-01  4.431399e-01  0.010142  2.2556  1.106961e+05  5.869114e+05  6.828069e+56  1.543892e+58  3.556585e-06  -1.853657e+108  +1  -1  1
811.1308  977.7420  1119.6411  462.4025  811.1308  2.532741  0.570205  1.962535  12.105579  6.801688  12.105579  0.774866  3.090201e-01  6.180474e-01  4.761507e-01  0.010075  2.3834  1.262415e+05  5.451258e+05  7.665312e+56  1.433490e+58  3.712530e-06  -1.806573e+108  +1  -1  1
811.1308  1039.4339  1119.6411  524.0930  811.1308  2.433073  0.630896  1.802177  11.761407  6.954718  11.761407  0.740700  3.055467e-01  6.035308e-01  5.100921e-01  0.009895  2.4771  1.433778e+05  5.017634e+05  8.566462e+56  1.317186e+58  3.897517e-06  -1.683360e+108  +1  -1  1
811.1308  1109.3497  1119.6411  594.0138  811.1308  2.331780  0.694099  1.637681  11.374525  7.099521  11.374525  0.702331  3.027861e-01  5.922681e-01  5.446342e-01  0.009591  2.5125  1.620805e+05  4.576838e+05  9.525590e+56  1.197508e+58  4.073570e-06  -1.763025e+108  +1  -1  1
811.1308  1188.6046  1119.6411  673.2629  811.1308  2.232511  0.759243  1.473268  10.949587  7.235074  10.949587  0.659915  3.011463e-01  5.856896e-01  5.793944e-01  0.009172  2.4688  1.819629e+05  4.138862e+05  1.051283e+57  1.077557e+58  4.235457e-06  -1.916368e+108  +1  -1  1
811.1308  1278.4252  1119.6411  763.0849  811.1308  2.139278  0.825686  1.313591  10.495389  7.360465  10.495389  0.614035  3.010581e-01  5.853380e-01  6.139321e-01  0.008679  2.3396  2.028099e+05  3.714172e+05  1.151075e+57  9.607127e+57  4.521990e-06  -1.742626e+108  +1  -1  1
811.1308  1380.2298  1119.6411  864.8903  811.1308  2.055821  0.892734  1.163087  10.024584  7.475020  10.024584  0.565753  3.029009e-01  5.927318e-01  6.477680e-01  0.008194  2.1423  2.252175e+05  3.312326e+05  1.256037e+57  8.501681e+57  4.861267e-06  -1.585436e+108  +1  -1  1
811.1308  1495.6207  1119.6411  980.2778  811.1308  1.984939  0.959662  1.025277  9.552150  7.578485  9.552150  0.516528  3.069218e-01  6.092309e-01  6.803740e-01  0.007828  1.9162  2.481998e+05  2.940577e+05  1.359432e+57  7.484235e+57  5.236262e-06  -1.559808e+108  +1  -1  1
811.1308  1626.3973  1119.6411  1111.0596  811.1308  1.927999  1.025745  0.902254  9.093386  7.670424  9.093386  0.467974  3.131576e-01  6.358642e-01  7.112056e-01  0.007709  1.7064  2.714298e+05  2.603135e+05  1.459186e+57  6.569961e+57  6.492659e-06  -1.306194e+108  +1  -1  1
811.1308  1774.6318  1119.6411  1259.2893  811.1308  1.884824  1.090281  0.794543  8.661089  7.750900  8.661089  0.421548  3.214252e-01  6.733045e-01  7.396575e-01  0.007950  1.5449  2.955827e+05  2.300919e+05  1.560467e+57  5.762856e+57  9.118716e-06  -1.086382e+108  +1  -1  1
811.1308  1942.6373  1119.6411  1427.2948  811.1308  1.853995  1.152621  0.701373  8.264172  7.820145  8.264172  0.378304  3.313529e-01  7.218508e-01  7.649821e-01  0.008627  1.4398  3.193960e+05  2.032335e+05  1.655098e+57  5.058131e+57  2.421465e-04  -9.487364e+107  +1  -1  1
811.1308  2133.0527  1119.6411  1617.7144  811.1308  1.833350  1.212208  0.621143  7.906976  7.879129  7.906976  0.338802  3.424654e-01  7.815457e-01  7.853325e-01  0.009775  1.3833  3.431265e+05  1.794199e+05  1.745635e+57  4.445186e+57  2.601845e-04  -7.876306e+107  +1  -1  1
811.1308  2348.8827  1119.6411  1833.5384  811.1308  1.820531  1.269124  0.551407  7.936378  7.936378  7.585679  0.302883  3.388109e-01  7.612343e-01  7.612693e-01  0.009457  1.4122  3.662197e+05  1.582212e+05  1.829135e+57  3.909046e+57  -5.090657e-06  -6.881107e+107  -1  -1  1
811.1308  2593.4963  1119.6411  2078.1562  811.1308  1.813540  1.324290  0.489250  7.997796  7.997796  7.285488  0.269776  3.349180e-01  7.403441e-01  7.403725e-01  0.008731  1.3813  3.887678e+05  1.391626e+05  1.907275e+57  3.432525e+57  -1.412881e-06  -5.797511e+107  -1  -1  1
811.1308  2870.7514  1119.6411  2355.4091  811.1308  1.810692  1.377421  0.433272  8.057963  8.057963  7.000169  0.239285  3.318953e-01  7.246264e-01  7.246496e-01  0.008413  1.3926  4.108797e+05  1.219991e+05  1.981657e+57  3.006850e+57  -3.132896e-07  -4.684652e+107  -1  -1  1
811.1308  3184.9955  1119.6411  2669.6512  811.1308  1.810590  1.428746  0.381844  8.112953  8.112953  6.716203  0.210895  3.296270e-01  7.131076e-01  7.131282e-01  0.008288  1.4199  4.319727e+05  1.064727e+05  2.049036e+57  2.622632e+57  1.161098e-07  -4.033246e+107  +1  -1  1
811.1308  3541.1532  1119.6411  3025.8172  811.1308  1.812076  1.477299  0.334777  8.160161  8.160161  6.432245  0.184748  3.279890e-01  7.049315e-01  7.049496e-01  0.008315  1.4603  4.517397e+05  9.250485e+04  2.108077e+57  2.277348e+57  3.037496e-07  -3.367736e+107  +1  -1  1
811.1308  3944.8452  1119.6411  3429.5004  811.1308  1.814093  1.522022  0.292071  8.197946  8.197946  6.149858  0.161001  3.268407e-01  6.992691e-01  6.992843e-01  0.008264  1.4772  4.699648e+05  8.002934e+04  2.158090e+57  1.969251e+57  3.141150e-07  -2.682768e+107  +1  -1  1
811.1308  4402.3826  1119.6411  3887.0401  811.1308  1.815772  1.562137  0.253635  8.225637  8.225637  5.870487  0.139684  3.260419e-01  6.953630e-01  6.953761e-01  0.008268  1.4961  4.871344e+05  6.896204e+04  2.203231e+57  1.696166e+57  1.940049e-07  -2.089199e+107  +1  -1  1
811.1308  4920.9625  1119.6411  4405.6215  811.1308  1.816442  1.597138  0.219304  8.243144  8.243144  5.595437  0.120733  3.254695e-01  6.925805e-01  6.925919e-01  0.008285  1.5124  5.024969e+05  5.920601e+04  2.238977e+57  1.455622e+57  -2.631125e-08  -1.632941e+107  -1  -1  1
811.1308  5508.7341  1119.6411  4993.3885  811.1308  1.815671  1.626815  0.188856  8.251243  8.251243  5.325856  0.104014  3.250119e-01  6.903661e-01  6.903764e-01  0.008287  1.5234  5.160106e+05  5.065640e+04  2.265650e+57  1.244970e+57  -3.836053e-07  -1.258089e+107  -1  -1  1
811.1308  6174.9095  1119.6411  5659.5711  811.1308  1.813222  1.651193  0.162029  8.250976  8.250976  5.062734  0.089360  3.245841e-01  6.883035e-01  6.883120e-01  0.008293  1.5345  5.276970e+05  4.320477e+04  2.283920e+57  1.061485e+57  -9.269150e-07  -9.433476e+106  -1  -1  1
811.1308  6929.9756  1119.6411  6414.6311  811.1308  1.809033  1.670499  0.138534  8.243603  8.243603  4.806900  0.076579  3.241239e-01  6.860933e-01  6.861007e-01  0.008284  1.5439  5.376164e+05  3.674264e+04  2.294587e+57  9.024523e+56  -2.258372e-06  -7.248643e+106  -1  -1  1
811.1308  7785.7703  1119.6411  7270.4259  811.1308  1.803183  1.685110  0.118073  8.230582  8.230582  4.559021  0.065480  3.235868e-01  6.835248e-01  6.835309e-01  0.008277  1.5553  5.452299e+05  3.116430e+04  2.294142e+57  7.652378e+56  -3.362881e-06  -5.508893e+106  -1  -1  1
811.1308  8755.7337  1119.6411  8240.3948  811.1308  1.795844  1.695501  0.100344  8.213295  8.213295  4.319620  0.055875  3.229482e-01  6.804856e-01  6.804910e-01  0.008274  1.5701  5.519445e+05  2.636913e+04  2.292540e+57  6.473390e+56  -5.797454e-06  -3.681569e+106  -1  -1  1
811.1308  9855.1162  1119.6411  9339.7702  811.1308  1.787263  1.702211  0.085052  8.193208  8.193208  4.089080  0.047588  3.221931e-01  6.769135e-01  6.769180e-01  0.008274  1.5887  5.572680e+05  2.226288e+04  2.286377e+57  5.464186e+56  -1.335371e-05  -2.630701e+106  -1  -1  1
811.1308  11101.1575  1119.6411  10585.8164  811.1308  1.777716  1.705796  0.071920  8.171601  8.171601  3.867660  0.040456  3.213193e-01  6.728085e-01  6.728123e-01  0.008283  1.6121  5.613552e+05  1.875879e+04  2.276655e+57  4.603273e+56  -1.117483e-02  -1.940345e+106  -1  -1  1
811.1308  12513.4446  1119.6411  11998.1012  811.1308  1.767496  1.706813  0.060684  8.149512  8.149512  3.655506  0.034333  3.203381e-01  6.682340e-01  6.682372e-01  0.008299  1.6402  5.637512e+05  1.577791e+04  2.260045e+57  3.871135e+56  2.129108e-05  -1.374164e+106  +1  -1  1
811.1308  14114.1489  1119.6411  13598.8032  811.1308  1.756900  1.705796  0.051103  8.128019  8.128019  3.452667  0.029087  3.192596e-01  6.632492e-01  6.632519e-01  0.008321  1.6725  5.658411e+05  1.324930e+04  2.245964e+57  3.250246e+56  2.022925e-05  -8.947343e+105  +1  -1  1
811.1308  15928.3955  1119.6411  15413.0595  811.1308  1.746199  1.703239  0.042960  8.107853  8.107853  3.259114  0.024602  3.181043e-01  6.579591e-01  6.579613e-01  0.008352  1.7095  5.671366e+05  1.110980e+04  2.230703e+57  2.725033e+56  1.051837e-05  -6.200673e+105  +1  -1  1
811.1308  17984.7070  1119.6411  17469.3612  811.1308  1.735661  1.699603  0.036058  8.089805  8.089805  3.074739  0.020775  3.168899e-01  6.524522e-01  6.524542e-01  0.008387  1.7498  5.672123e+05  9.303679e+03  2.211003e+57  2.281753e+56  6.843391e-06  -4.442972e+105  +1  -1  1
811.1308  20310.1824  1119.6411  19794.8396  811.1308  1.725527  1.695294  0.030233  8.074182  8.074182  2.899738  0.017521  3.156493e-01  6.468823e-01  6.468838e-01  0.008425  1.7925  5.673682e+05  7.785001e+03  2.195604e+57  1.909091e+56  7.436596e-06  -2.890420e+105  +1  -1  1

1110.3363  103.0404  1453.8982  1.0000  1110.3363  3.199026  0.000258  3.198768  13.413751  1.375875  13.413751  0.999919  3.522485e-01  8.395815e-01  1.543966e-02  0.007045  0.8660  3.848503e+01  9.437816e+05  3.236284e+53  2.243694e+58  -2.683527e-05  -3.343149e+106  -1  -1  0
1110.3363  107.6573  1453.8982  1.1334  1110.3363  3.199073  0.000304  3.198769  13.413975  1.409471  13.413975  0.999905  3.522478e-01  8.395773e-01  1.622644e-02  0.007045  0.8660  4.535952e+01  9.437730e+05  3.804665e+53  2.243738e+58  -2.540378e-05  -3.311649e+106  -1  -1  0
1110.3363  113.1115  1453.8982  1.2846  1110.3363  3.199075  0.000357  3.198717  13.414136  1.444689  13.414136  0.999888  3.522438e-01  8.395521e-01  1.707366e-02  0.007046  0.8662  5.339732e+01  9.437338e+05  4.461903e+53  2.243725e+58  -4.572638e-07  -3.369446e+106  -1  -1  0
1110.3363  119.1072  1453.8982  1.4560  1110.3363  3.199096  0.000420  3.198676  13.414314  1.481628  13.414314  0.999869  3.522414e-01  8.395375e-01  1.798732e-02  0.007047  0.8663  6.283316e+01  9.436979e+05  5.227747e+53  2.243722e+58  -2.207578e-06  -3.790274e+106  -1  -1  0
1110.3363  125.0167  1453.8982  1.6503  1110.3363  3.199159  0.000494  3.198666  13.414650  1.520440  13.414650  0.999846  3.522396e-01  8.395261e-01  1.897491e-02  0.007047  0.8664  7.391497e+01  9.436672e+05  6.121920e+53  2.243763e+58  -2.164939e-06  -4.201917e+106  -1  -1  0
1110.3363  131.6026  1453.8982  1.8704  1110.3363  3.199134  0.000580  3.198553  13.414943  1.561130  13.414943  0.999819  3.522291e-01  8.394605e-01  2.004100e-02  0.007049  0.8667  8.693707e+01  9.436053e+05  7.167354e+53  2.243751e+58  2.244200e-07  -4.766198e+106  +1  -1  0
1110.3363  137.9494  1453.8982  2.1200  1110.3363  3.199138  0.000682  3.198457  13.415208  1.603775  13.415208  0.999787  3.522226e-01  8.394205e-01  2.119229e-02  0.007049  0.8669  1.022487e+02  9.435389e+05  8.391170e+53  2.243727e+58  -4.601203e-07  -4.438582e+106  -1  -1  0
1110.3363  152.7256  1453.8982  2.4028  1110.3363  3.199168  0.000796  3.198372  13.415578  1.646457  13.415578  0.999751  3.522162e-01  8.393806e-01  2.238033e-02  0.007051  0.8671  1.195580e+02  9.434815e+05  9.769013e+53  2.243741e+58  -6.200734e-07  -7.374189e+106  -1  -1  0
1110.3363  157.6382  1453.8982  2.7234  1110.3363  3.199192  0.000932  3.198261  13.416000  1.691298  13.416000  0.999709  3.522078e-01  8.393281e-01  2.366777e-02  0.007052  0.8674  1.400871e+02  9.434081e+05  1.139702e+54  2.243746e+58  -3.119056e-07  -9.653793e+106  -1  -1  0
1110.3363  162.7167  1453.8982  3.0867  1110.3363  3.199201  0.001093  3.198108  13.416409  1.739142  13.416409  0.999658  3.521980e-01  8.392673e-01  2.508497e-02  0.007053  0.8677  1.646267e+02  9.433156e+05  1.333663e+54  2.243722e+58  -3.704111e-07  -1.109342e+107  -1  -1  0
1110.3363  167.9681  1453.8982  3.4985  1110.3363  3.199236  0.001286  3.197950  13.416942  1.790118  13.416942  0.999598  3.521878e-01  8.392041e-01  2.664404e-02  0.007056  0.8681  1.938871e+02  9.432266e+05  1.564197e+54  2.243733e+58  -2.482617e-07  -1.275286e+107  -1  -1  0
1110.3363  173.4000  1453.8982  3.9652  1110.3363  3.199182  0.001514  3.197668  13.417347  1.844404  13.417347  0.999527  3.521712e-01  8.391008e-01  2.835978e-02  0.007058  0.8686  2.287275e+02  9.430686e+05  1.837841e+54  2.243620e+58  2.743889e-07  -1.456499e+107  +1  -1  0
1110.3363  179.0190  1453.8982  4.4943  1110.3363  3.199168  0.001785  3.197383  13.417954  1.902133  13.417954  0.999442  3.521538e-01  8.389922e-01  3.024693e-02  0.007060  0.8691  2.701787e+02  9.429210e+05  2.162401e+54  2.243569e+58  2.073414e-07  -1.657934e+107  +1  -1  0
1110.3363  184.8335  1453.8982  5.0939  1110.3363  3.199128  0.002106  3.197022  13.418559  1.963429  13.418559  0.999342  3.521335e-01  8.388663e-01  3.232142e-02  0.007063  0.8697  3.194691e+02  9.427402e+05  2.547137e+54  2.243474e+58  3.629348e-07  -1.909797e+107  +1  -1  0
1110.3363  190.8524  1453.8982  5.7734  1110.3363  3.199056  0.002487  3.196570  13.419169  2.028417  13.419169  0.999223  3.521096e-01  8.387177e-01  3.460056e-02  0.007067  0.8705  3.780556e+02  9.425185e+05  3.002953e+54  2.243325e+58  4.661757e-07  -2.190970e+107  +1  -1  0
1110.3363  197.0844  1453.8982  6.5437  1110.3363  3.198965  0.002937  3.196027  13.419880  2.097353  13.419880  0.999082  3.520809e-01  8.385389e-01  3.710734e-02  0.007071  0.8713  4.476722e+02  9.422639e+05  3.542792e+54  2.243154e+58  5.627094e-07  -2.492386e+107  +1  -1  0
1110.3363  203.5396  1453.8982  7.4167  1110.3363  3.198818  0.003470  3.195348  13.420559  2.170284  13.420559  0.998915  3.520469e-01  8.383280e-01  3.986003e-02  0.007076  0.8723  5.303880e+02  9.419537e+05  4.181969e+54  2.242902e+58  3.987221e-07  -2.833949e+107  +1  -1  0
1110.3363  210.2287  1453.8982  8.4062  1110.3363  3.198784  0.004100  3.194684  13.422567  2.247329  13.422567  0.998718  3.519905e-01  8.379773e-01  4.288084e-02  0.007084  0.8740  6.286362e+02  9.417183e+05  4.938419e+54  2.243054e+58  4.106700e-07  -3.258470e+107  +1  -1  0
1110.3363  217.1631  1453.8982  9.5277  1110.3363  3.198377  0.004845  3.193532  13.422107  2.328789  13.422107  0.998485  3.519578e-01  8.377744e-01  4.620042e-02  0.007088  0.8749  7.453473e+02  9.411615e+05  5.833517e+54  2.242209e+58  9.020882e-07  -3.724703e+107  +1  -1  0
1110.3363  224.3537  1453.8982  10.7988  1110.3363  3.198053  0.005724  3.192329  13.422912  2.412724  13.422912  0.998210  3.519010e-01  8.374222e-01  4.977256e-02  0.007095  0.8765  8.839565e+02  9.406562e+05  6.892236e+54  2.241722e+58  7.385995e-07  -4.184306e+107  +1  -1  0
1110.3363  231.8138  1453.8982  12.2395  1110.3363  3.197864  0.006762  3.191102  13.424579  2.500007  13.424579  0.997886  3.518365e-01  8.370223e-01  5.364734e-02  0.007104  0.8784  1.048562e+03  9.401857e+05  8.143971e+54  2.241481e+58  8.081820e-07  -4.772458e+107  +1  -1  0
1110.3363  239.5612  1453.8982  13.8724  1110.3363  3.197076  0.007986  3.189090  13.424415  2.592258  13.424415  0.997502  3.517542e-01  8.365121e-01  5.790863e-02  0.007113  0.8805  1.244026e+03  9.393407e+05  9.623412e+54  2.240309e+58  1.181831e-06  -5.451041e+107  +1  -1  0
1110.3363  247.6067  1453.8982  15.7232  1110.3363  3.196362  0.009429  3.186933  13.425027  2.689603  13.425027  0.997050  3.516596e-01  8.359266e-01  6.259102e-02  0.007124  0.8831  1.476133e+03  9.384893e+05  1.137140e+55  2.239306e+58  1.112864e-06  -6.114831e+107  +1  -1  0
1110.3363  255.9695  1453.8982  17.8208  1110.3363  3.195758  0.011129  3.184629  13.426767  2.792220  13.426767  0.996518  3.515475e-01  8.352333e-01  6.773419e-02  0.007138  0.8862  1.751728e+03  9.376523e+05  1.343551e+55  2.238577e+58  1.181194e-06  -6.938235e+107  +1  -1  0
1110.3363  264.6662  1453.8982  20.1984  1110.3363  3.194382  0.013130  3.181253  13.425941  2.900231  13.425941  0.995890  3.514178e-01  8.344322e-01  7.337862e-02  0.007151  0.8895  2.078843e+03  9.363199e+05  1.587126e+55  2.236588e+58  1.375901e-06  -7.936061e+107  +1  -1  0
1110.3363  273.7197  1453.8982  22.8931  1110.3363  3.192973  0.015483  3.177490  13.425971  3.013695  13.425971  0.995151  3.512620e-01  8.334707e-01  7.956577e-02  0.007168  0.8936  2.467226e+03  9.349125e+05  1.874535e+55  2.234688e+58  1.414164e-06  -8.856372e+107  +1  -1  0
1110.3363  283.1505  1453.8982  25.9473  1110.3363  3.191261  0.018247  3.173014  13.425707  3.132725  13.425707  0.994282  3.510805e-01  8.323535e-01  8.634461e-02  0.007187  0.8983  2.928168e+03  9.332706e+05  2.213324e+55  2.232398e+58  1.485516e-06  -9.984474e+107  +1  -1  0
1110.3363  292.9824  1453.8982  29.4090  1110.3363  3.189143  0.021491  3.167651  13.425019  3.257478  13.425019  0.993261  3.508655e-01  8.310319e-01  9.376801e-02  0.007209  0.9038  3.475168e+03  9.313371e+05  2.612464e+55  2.229608e+58  1.268158e-06  -1.010279e+108  +1  -1  0
1110.3363  548.6687  1453.8982  33.3326  1110.3363  3.188031  0.023909  3.164122  13.426373  3.333624  13.426373  0.992501  3.507078e-01  8.300649e-01  9.849207e-02  0.007228  0.9082  3.882650e+03  9.298953e+05  2.906939e+55  2.227991e+58  1.055536e-06  -1.851636e+108  +1  -1  1
1110.3363  553.1161  1453.8982  37.7796  1110.3363  3.186884  0.026712  3.160172  13.428595  3.405915  13.428595  0.991618  3.505237e-01  8.289371e-01  1.032665e-01  0.007251  0.9136  4.352692e+03  9.283173e+05  3.243460e+55  2.226384e+58  1.130685e-06  -1.968949e+108  +1  -1  1
1110.3363  558.1558  1453.8982  42.8198  1110.3363  3.184849  0.030184  3.154665  13.428961  3.485160  13.428961  0.990523  3.502903e-01  8.275110e-01  1.087571e-01  0.007277  0.9198  4.936573e+03  9.261296e+05  3.658490e+55  2.223512e+58  1.305955e-06  -2.134673e+108  +1  -1  1
1110.3363  563.8691  1453.8982  48.5326  1110.3363  3.182399  0.034408  3.147990  13.429509  3.571659  13.429509  0.989188  3.500065e-01  8.257813e-01  1.150234e-01  0.007308  0.9276  5.654351e+03  9.235939e+05  4.165023e+55  2.220192e+58  1.398188e-06  -2.264252e+108  +1  -1  1
1110.3363  570.3441  1453.8982  55.0074  1110.3363  3.179127  0.039492  3.139635  13.429003  3.665728  13.429003  0.987578  3.496599e-01  8.236755e-01  1.221393e-01  0.007346  0.9369  6.523808e+03  9.204841e+05  4.774076e+55  2.215830e+58  1.505880e-06  -2.386828e+108  +1  -1  1
1110.3363  577.6823  1453.8982  62.3461  1110.3363  3.174987  0.045564  3.129423  13.427453  3.767560  13.427453  0.985649  3.492448e-01  8.211629e-01  1.301808e-01  0.007389  0.9481  7.581641e+03  9.167722e+05  5.509321e+55  2.210388e+58  1.601681e-06  -2.491743e+108  +1  -1  1
1110.3363  586.0010  1453.8982  70.6639  1110.3363  3.169726  0.052771  3.116954  13.424361  3.877301  13.424361  0.983351  3.487463e-01  8.181598e-01  1.392292e-01  0.007439  0.9613  8.844059e+03  9.123241e+05  6.379306e+55  2.203560e+58  1.693644e-06  -2.561458e+108  +1  -1  1
1110.3363  595.4279  1453.8982  80.0914  1110.3363  3.163110  0.061279  3.101831  13.419198  3.994928  13.419198  0.980627  3.481524e-01  8.146008e-01  1.493660e-01  0.007497  0.9771  1.035298e+04  9.070217e+05  7.409630e+55  2.195062e+58  1.787787e-06  -2.643392e+108  +1  -1  1
1110.3363  606.1136  1453.8982  90.7766  1110.3363  3.154915  0.071271  3.083644  13.411487  4.120369  13.411487  0.977410  3.474500e-01  8.104184e-01  1.606796e-01  0.007563  0.9957  1.216799e+04  9.007513e+05  8.637011e+55  2.184623e+58  1.879474e-06  -2.722183e+108  +1  -1  1
1110.3363  618.2249  1453.8982  102.8874  1110.3363  3.144781  0.082948  3.061833  13.400428  4.253429  13.400428  0.973624  3.466198e-01  8.055118e-01  1.732512e-01  0.007638  1.0177  1.431721e+04  8.933423e+05  1.007485e+56  2.171827e+58  1.972551e-06  -2.753806e+108  +1  -1  1
1110.3363  631.9498  1453.8982  116.6139  1110.3363  3.132719  0.096527  3.036192  13.386155  4.393856  13.386155  0.969188  3.456585e-01  7.998804e-01  1.871651e-01  0.007724  1.0436  1.687729e+04  8.848242e+05  1.176810e+56  2.156744e+58  2.063758e-06  -2.788041e+108  +1  -1  1
1110.3363  647.5096  1453.8982  132.1717  1110.3363  3.117230  0.112237  3.004993  13.364631  4.541033  13.364631  0.963995  3.445034e-01  7.931828e-01  2.024936e-01  0.007821  1.0745  1.991870e+04  8.744495e+05  1.375561e+56  2.137430e+58  2.153335e-06  -2.825983e+108  +1  -1  1
1110.3363  665.1426  1453.8982  149.8051  1110.3363  3.098900  0.130318  2.968582  13.337491  4.694589  13.337491  0.957947  3.431745e-01  7.855693e-01  2.193111e-01  0.007930  1.1107  2.346489e+04  8.625720e+05  1.604009e+56  2.114766e+58  2.255819e-06  -2.776639e+108  +1  -1  1
1110.3363  685.1283  1453.8982  169.7911  1110.3363  3.077150  0.151013  2.926137  13.303413  4.853831  13.303413  0.950924  3.416389e-01  7.768906e-01  2.376845e-01  0.008051  1.1532  2.768920e+04  8.489667e+05  1.872651e+56  2.088160e+58  2.358796e-06  -2.715105e+108  +1  -1  1
1110.3363  707.7821  1453.8982  192.4434  1110.3363  3.050784  0.174564  2.876220  13.259022  5.017977  13.259022  0.942781  3.398455e-01  7.669143e-01  2.576563e-01  0.008185  1.2037  3.256454e+04  8.331321e+05  2.177483e+56  2.056211e+58  2.441280e-06  -2.702904e+108  +1  -1  1
1110.3363  733.4544  1453.8982  218.1178  1110.3363  3.019109  0.201201  2.817908  13.199932  5.186180  13.199932  0.933357  3.378227e-01  7.558602e-01  2.792669e-01  0.008325  1.2614  3.823206e+04  8.147055e+05  2.525954e+56  2.017561e+58  2.545603e-06  -2.639133e+108  +1  -1  1
1110.3363  762.5564  1453.8982  247.2176  1110.3363  2.982047  0.231135  2.750912  13.127922  5.357127  13.127922  0.922491  3.355059e-01  7.434512e-01  3.025111e-01  0.008477  1.3293  4.486918e+04  7.938991e+05  2.927521e+56  1.972975e+58  2.667356e-06  -2.499762e+108  +1  -1  1
1110.3363  795.5386  1453.8982  280.1996  1110.3363  2.938638  0.264544  2.674094  13.038422  5.530055  13.038422  0.909977  3.328914e-01  7.297592e-01  3.273903e-01  0.008635  1.4081  5.250283e+04  7.703380e+05  3.380773e+56  1.921128e+58  2.769650e-06  -2.435252e+108  +1  -1  1
1110.3363  832.9189  1453.8982  317.5819  1110.3363  2.887367  0.301565  2.585802  12.924901  5.703654  12.924901  0.895557  3.299563e-01  7.147654e-01  3.538586e-01  0.008789  1.4983  6.120754e+04  7.434529e+05  3.886959e+56  1.860125e+58  2.902239e-06  -2.284899e+108  +1  -1  1
1110.3363  875.2916  1453.8982  359.9514  1110.3363  2.830118  0.342278  2.487840  12.792919  5.876673  12.792919  0.879059  3.267507e-01  6.988272e-01  3.818389e-01  0.008942  1.6004  7.120980e+04  7.142958e+05  4.457687e+56  1.792873e+58  3.037432e-06  -2.059592e+108  +1  -1  1
1110.3363  923.3117  1453.8982  407.9736  1110.3363  2.763985  0.386696  2.377289  12.629163  6.047861  12.629163  0.860095  3.232532e-01  6.819349e-01  4.112158e-01  0.009073  1.7136  8.245752e+04  6.816583e+05  5.084806e+56  1.715473e+58  3.150391e-06  -2.042940e+108  +1  -1  1
1110.3363  977.7420  1453.8982  462.4025  1110.3363  2.689691  0.434754  2.254937  12.432592  6.215864  12.432592  0.838363  3.195378e-01  6.645311e-01  4.418291e-01  0.009168  1.8347  9.498544e+04  6.460127e+05  5.765931e+56  1.629005e+58  3.287875e-06  -1.921665e+108  +1  -1  1
1110.3363  1039.4339  1453.8982  524.0930  1110.3363  2.607472  0.486299  2.121173  12.198976  6.379546  12.198976  0.813498  3.157025e-01  6.471200e-01  4.734778e-01  0.009209  1.9576  1.090238e+05  6.075497e+05  6.512241e+56  1.533706e+58  3.425441e-06  -1.857771e+108  +1  -1  1
1110.3363  1109.3497  1453.8982  594.0138  1110.3363  2.517925  0.541086  1.976839  11.923768  6.537420  11.923768  0.785106  3.118968e-01  6.303730e-01  5.059070e-01  0.009172  2.0718  1.243636e+05  5.665349e+05  7.304472e+56  1.430063e+58  3.574834e-06  -1.854486e+108  +1  -1  1
1110.3363  1188.6046  1453.8982  673.2629  1110.3363  2.423505  0.598775  1.824731  11.607798  6.688583  11.607798  0.752930  3.083726e-01  6.153111e-01  5.388225e-01  0.009039  2.1610  1.412274e+05  5.238895e+05  8.154044e+56  1.320549e+58  3.749366e-06  -1.726210e+108  +1  -1  1
1110.3363  1278.4252  1453.8982  763.0849  1110.3363  2.325873  0.658933  1.666941  11.248296  6.831924  11.248296  0.716695  3.054084e-01  6.029610e-01  5.718759e-01  0.008790  2.2055  1.595947e+05  4.800663e+05  9.055888e+56  1.206409e+58  3.903275e-06  -1.651041e+108  +1  -1  1
1110.3363  1380.2298  1453.8982  864.8903  1110.3363  2.228404  0.721044  1.507360  10.848736  6.966453  10.848736  0.676430  3.033867e-01  5.946983e-01  6.046814e-01  0.008425  2.1852  1.790408e+05  4.360615e+05  9.977919e+56  1.090594e+58  4.074383e-06  -1.660143e+108  +1  -1  1
1110.3363  1495.6207  1453.8982  980.2778  1110.3363  2.134840  0.784523  1.350317  10.416097  7.091692  10.416097  0.632514  3.027206e-01  5.920038e-01  6.368136e-01  0.007969  2.0899  1.997669e+05  3.929022e+05  1.093336e+57  9.763076e+57  4.296687e-06  -1.514333e+108  +1  -1  1
1110.3363  1626.3973  1453.8982  1111.0596  1110.3363  2.048904  0.848727  1.200177  9.961161  7.206784  9.961161  0.585765  3.038038e-01  5.963928e-01  6.678348e-01  0.007481  1.9272  2.215939e+05  3.515715e+05  1.190943e+57  8.667251e+57  4.576622e-06  -1.306886e+108  +1  -1  1
1110.3363  1774.6318  1453.8982  1259.2893  1110.3363  1.973686  0.912982  1.060704  9.497874  7.311465  9.497874  0.537423  3.069258e-01  6.092475e-01  6.972799e-01  0.007053  1.7263  2.443250e+05  3.128911e+05  1.289469e+57  7.645837e+57  4.872729e-06  -1.187854e+108  +1  -1  1
1110.3363  1942.6373  1453.8982  1427.2948  1110.3363  1.911099  0.976607  0.934492  9.041023  7.405572  9.041023  0.488982  3.122103e-01  6.317330e-01  7.246814e-01  0.006801  1.5283  2.672889e+05  2.773991e+05  1.384613e+57  6.717258e+57  5.402245e-06  -1.023591e+108  +1  -1  1
1110.3363  2133.0527  1453.8982  1617.7144  1110.3363  1.861629  1.038934  0.822695  8.604366  7.489160  8.604366  0.441922  3.195626e-01  6.646452e-01  7.495555e-01  0.006841  1.3686  2.906512e+05  2.453344e+05  1.478101e+57  5.890076e+57  6.175055e-06  -8.689932e+107  +1  -1  1
1110.3363  2348.8827  1453.8982  1833.5384  1110.3363  1.824465  1.099340  0.725125  8.198419  7.562557  8.198419  0.397445  3.286904e-01  7.084183e-01  7.713499e-01  0.007274  1.2641  3.136067e+05  2.166591e+05  1.564984e+57  5.163415e+57  1.038434e-05  -7.158222e+107  +1  -1  1
1110.3363  2593.4963  1453.8982  2078.1562  1110.3363  1.797893  1.157273  0.640620  7.829415  7.626343  7.829415  0.356317  3.391690e-01  7.631938e-01  7.891681e-01  0.008164  1.2126  3.368928e+05  1.911403e+05  1.651191e+57  4.529523e+57  6.433246e-05  -5.573577e+107  +1  -1  1
1110.3363  2870.7514  1453.8982  2355.4091  1110.3363  1.779795  1.212394  0.567401  7.683811  7.683811  7.498838  0.318802  3.421172e-01  7.795803e-01  7.796307e-01  0.008912  1.2677  3.593324e+05  1.684435e+05  1.729496e+57  3.976914e+57  8.736879e-05  -4.758909e+107  +1  -1  1
1110.3363  3184.9955  1453.8982  2669.6512  1110.3363  1.768185  1.265561  0.502624  7.746532  7.746532  7.194278  0.284260  3.371336e-01  7.521418e-01  7.521821e-01  0.008202  1.2555  3.811267e+05  1.480928e+05  1.802334e+57  3.488484e+57  -6.189038e-06  -3.827427e+107  -1  -1  1
1110.3363  3541.1532  1453.8982  3025.8172  1110.3363  1.761454  1.316891  0.444563  7.811228  7.811228  6.907135  0.252384  3.330685e-01  7.306765e-01  7.307080e-01  0.007776  1.2648  4.025887e+05  1.297949e+05  1.872899e+57  3.053703e+57  -1.557073e-06  -3.086593e+107  -1  -1  1
1110.3363  3944.8452  1453.8982  3429.5004  1110.3363  1.758214  1.366539  0.391675  7.873503  7.873503  6.626227  0.222769  3.298263e-01  7.141104e-01  7.141373e-01  0.007707  1.3164  4.225880e+05  1.132910e+05  1.934102e+57  2.663303e+57  -6.050725e-07  -2.512280e+107  -1  -1  1
1110.3363  4402.3826  1453.8982  3887.0401  1110.3363  1.757352  1.414049  0.343303  7.930345  7.930345  6.345465  0.195352  3.273017e-01  7.015355e-01  7.015586e-01  0.007743  1.3742  4.419213e+05  9.844159e+04  1.992240e+57  2.312541e+57  -4.485300e-08  -1.995116e+107  -1  -1  1
1110.3363  4920.9625  1453.8982  4405.6215  1110.3363  1.757844  1.458407  0.299437  7.979619  7.979619  6.066375  0.170343  3.253718e-01  6.921068e-01  6.921271e-01  0.007825  1.4305  4.597997e+05  8.517671e+04  2.042539e+57  1.999608e+57  1.596873e-07  -1.613010e+107  +1  -1  1
1110.3363  5508.7341  1453.8982  4993.3885  1110.3363  1.758794  1.498818  0.259976  8.020140  8.020140  5.790367  0.147815  3.239028e-01  6.850347e-01  6.850517e-01  0.007930  1.4828  4.760651e+05  7.340707e+04  2.084577e+57  1.722272e+57  1.792749e-07  -1.228609e+107  +1  -1  1
1110.3363  6174.9095  1453.8982  5659.5711  1110.3363  1.759488  1.534743  0.224745  8.051548  8.051548  5.518712  0.127733  3.227666e-01  6.796245e-01  6.796393e-01  0.008025  1.5273  4.912180e+05  6.303018e+04  2.122449e+57  1.478008e+57  5.900464e-08  -9.134717e+106  +1  -1  1
1110.3363  6929.9756  1453.8982  6414.6311  1110.3363  1.759407  1.565897  0.193509  8.074132  8.074132  5.252528  0.109986  3.218489e-01  6.752927e-01  6.753054e-01  0.008145  1.5724  5.046266e+05  5.393488e+04  2.152278e+57  1.264110e+57  -2.236866e-07  -7.153119e+106  -1  -1  1
1110.3363  7785.7703  1453.8982  7270.4259  1110.3363  1.758233  1.592236  0.165997  8.088667  8.088667  4.992782  0.094411  3.210563e-01  6.715784e-01  6.715892e-01  0.008193  1.6011  5.157006e+05  4.600630e+04  2.170348e+57  1.077806e+57  -5.751156e-07  -5.250124e+106  -1  -1  1
1110.3363  8755.7337  1453.8982  8240.3948  1110.3363  1.755817  1.613908  0.141909  8.096183  8.096183  4.740277  0.080822  3.203175e-01  6.681386e-01  6.681477e-01  0.008248  1.6307  5.256935e+05  3.912937e+04  2.185680e+57  9.163335e+56  -1.170680e-06  -3.699063e+106  -1  -1  1
1110.3363  9855.1162  1453.8982  9339.7702  1110.3363  1.752152  1.631216  0.120936  8.097925  8.097925  4.495665  0.069021  3.195801e-01  6.647260e-01  6.647338e-01  0.008296  1.6592  5.341005e+05  3.319205e+04  2.194943e+57  7.770161e+56  -2.130585e-06  -2.660023e+106  -1  -1  1
1110.3363  11101.1575  1453.8982  10585.8164  1110.3363  1.747343  1.644576  0.102767  8.095270  8.095270  4.259452  0.058813  3.188074e-01  6.611725e-01  6.611792e-01  0.008341  1.6884  5.410461e+05  2.808751e+04  2.199059e+57  6.573105e+56  -7.217349e-06  -2.002069e+106  -1  -1  1
1110.3363  12513.4446  1453.8982  11998.1012  1110.3363  1.741558  1.654459  0.087099  8.089445  8.089445  4.032008  0.050012  3.179808e-01  6.573964e-01  6.574020e-01  0.008384  1.7192  5.460713e+05  2.371574e+04  2.194788e+57  5.548429e+56  -8.962490e-06  -1.402746e+106  -1  -1  1
1110.3363  14114.1489  1453.8982  13598.8032  1110.3363  1.735022  1.661377  0.073645  8.081662  8.081662  3.813583  0.042446  3.170924e-01  6.533667e-01  6.533713e-01  0.008420  1.7509  5.505220e+05  1.998457e+04  2.191381e+57  4.674309e+56  -2.293727e-05  -9.187207e+105  -1  -1  1
1110.3363  15928.3955  1453.8982  15413.0595  1110.3363  1.727972  1.665837  0.062135  8.072889  8.072889  3.604318  0.035958  3.161473e-01  6.491113e-01  6.491152e-01  0.008458  1.7853  5.539498e+05  1.681014e+04  2.185497e+57  3.930930e+56  -4.814780e-05  -6.763964e+105  -1  -1  1
1110.3363  17984.7070  1453.8982  17469.3612  1110.3363  1.720661  1.668339  0.052323  8.064121  8.064121  3.404257  0.030408  3.151520e-01  6.446655e-01  6.446688e-01  0.008495  1.8217  5.559172e+05  1.411704e+04  2.173812e+57  3.300500e+56  1.342013e-05  -4.585547e+105  +1  -1  1
1110.3363  20310.1824  1453.8982  19794.8396  1110.3363  1.713338  1.669339  0.043999  8.056108  8.056108  3.213752  0.025680  3.141227e-01  6.401056e-01  6.401085e-01  0.008532  1.8597  5.577219e+05  1.184250e+04  2.165107e+57  2.768224e+56  1.558662e-05  -3.148273e+105  +1  -1  1

1519.9111  103.0404  1910.0456  1.0000  1519.9111  3.092410  0.000165  3.092244  13.022513  1.185475  13.022513  0.999947  3.507388e-01  8.302548e-01  1.497736e-02  0.006573  0.8256  2.465282e+01  9.369951e+05  2.073130e+53  2.134516e+58  -2.830230e-06  -1.685209e+106  -1  -1  0
1519.9111  107.6573  1910.0456  1.1334  1519.9111  3.092435  0.000195  3.092240  13.022660  1.214571  13.022660  0.999937  3.507378e-01  8.302484e-01  1.573695e-02  0.006573  0.8256  2.906648e+01  9.369817e+05  2.438053e+53  2.134536e+58  -3.037360e-06  -1.669707e+106  -1  -1  0
1519.9111  113.1115  1910.0456  1.2846  1519.9111  3.092464  0.000229  3.092235  13.022740  1.245109  13.022740  0.999926  3.507389e-01  8.302551e-01  1.655531e-02  0.006573  0.8256  3.423004e+01  9.369677e+05  2.860279e+53  2.134541e+58  -2.957069e-06  -1.697966e+106  -1  -1  0
1519.9111  119.1072  1910.0456  1.4560  1519.9111  3.092494  0.000269  3.092224  13.023002  1.277135  13.023002  0.999913  3.507352e-01  8.302328e-01  1.743700e-02  0.006574  0.8257  4.029541e+01  9.369499e+05  3.352577e+53  2.134583e+58  -3.047545e-06  -1.914946e+106  -1  -1  0
1519.9111  125.0167  1910.0456  1.6503  1519.9111  3.092531  0.000317  3.092214  13.023235  1.310786  13.023235  0.999898  3.507332e-01  8.302201e-01  1.838928e-02  0.006574  0.8258  4.742248e+01  9.369321e+05  3.927660e+53  2.134619e+58  -3.641537e-06  -2.091896e+106  -1  -1  0
1519.9111  131.6026  1910.0456  1.8704  1519.9111  3.093212  0.000372  3.092840  13.026347  1.346077  13.026347  0.999880  3.507266e-01  8.301799e-01  1.941666e-02  0.006578  0.8264  5.580281e+01  9.372781e+05  4.600473e+53  2.135778e+58  5.583750e-06  -2.410996e+106  +1  -1  0
1519.9111  137.9494  1910.0456  2.1200  1519.9111  3.092606  0.000438  3.092168  13.023701  1.383023  13.023701  0.999858  3.507291e-01  8.301954e-01  2.052393e-02  0.006575  0.8260  6.566324e+01  9.368783e+05  5.388623e+53  2.134670e+58  -1.285451e-06  -2.299304e+106  -1  -1  0
1519.9111  152.7256  1910.0456  2.4028  1519.9111  3.092643  0.000512  3.092132  13.023982  1.420161  13.023982  0.999835  3.507258e-01  8.301750e-01  2.166989e-02  0.006576  0.8261  7.682599e+01  9.368417e+05  6.277210e+53  2.134695e+58  -3.030008e-06  -3.720364e+106  -1  -1  0
1519.9111  157.6382  1910.0456  2.7234  1519.9111  3.092708  0.000599  3.092108  13.024397  1.459166  13.024397  0.999806  3.507219e-01  8.301510e-01  2.290993e-02  0.006578  0.8264  9.007250e+01  9.368125e+05  7.327733e+53  2.134761e+58  -7.608361e-06  -4.873733e+106  -1  -1  0
1519.9111  162.7167  1910.0456  3.0867  1519.9111  3.092863  0.000704  3.092159  13.025539  1.500704  13.025539  0.999773  3.507087e-01  8.300703e-01  2.427102e-02  0.006580  0.8268  1.059146e+02  9.368448e+05  8.579947e+53  2.135069e+58  4.990794e-06  -5.628726e+106  +1  -1  0
1519.9111  167.9681  1910.0456  3.4985  1519.9111  3.092796  0.000828  3.091968  13.025162  1.545046  13.025162  0.999732  3.507113e-01  8.300861e-01  2.576928e-02  0.006579  0.8266  1.248128e+02  9.367051e+05  1.006894e+54  2.134818e+58  4.444473e-04  -6.458843e+106  +1  -1  0
1519.9111  173.4000  1910.0456  3.9652  1519.9111  3.093156  0.000976  3.092180  13.026718  1.592257  13.026718  0.999685  3.507102e-01  8.300793e-01  2.741593e-02  0.006581  0.8270  1.473273e+02  9.368027e+05  1.183734e+54  2.135313e+58  -4.219080e-06  -7.360945e+106  -1  -1  0
1519.9111  179.0190  1910.0456  4.4943  1519.9111  3.093220  0.001151  3.092069  13.027370  1.642478  13.027370  0.999628  3.506999e-01  8.300164e-01  2.922557e-02  0.006583  0.8273  1.741323e+02  9.367281e+05  1.393627e+54  2.135377e+58  -9.086775e-07  -8.549622e+106  -1  -1  0
1519.9111  184.8335  1910.0456  5.0939  1519.9111  3.092935  0.001359  3.091576  13.026600  1.695758  13.026600  0.999561  3.506884e-01  8.299456e-01  3.121094e-02  0.006584  0.8275  2.060252e+02  9.364639e+05  1.642574e+54  2.134875e+58  2.484838e-07  -9.818947e+106  +1  -1  0
1519.9111  190.8524  1910.0456  5.7734  1519.9111  3.092953  0.001606  3.091347  13.027216  1.752347  13.027216  0.999481  3.506738e-01  8.298565e-01  3.339286e-02  0.006586  0.8280  2.439599e+02  9.363246e+05  1.937730e+54  2.134851e+58  -1.590218e-05  -1.105266e+107  -1  -1  0
1519.9111  197.0844  1910.0456  6.5437  1519.9111  3.093323  0.001898  3.091426  13.029861  1.812381  13.029861  0.999386  3.506446e-01  8.296775e-01  3.578995e-02  0.006591  0.8289  2.890751e+02  9.364015e+05  2.287593e+54  2.135563e+58  4.106311e-06  -1.272772e+107  +1  -1  0
1519.9111  203.5396  1910.0456  7.4167  1519.9111  3.092971  0.002244  3.090727  13.028575  1.875949  13.028575  0.999275  3.506393e-01  8.296449e-01  3.842100e-02  0.006591  0.8290  3.427171e+02  9.359935e+05  2.702124e+54  2.134769e+58  3.110916e-07  -1.472356e+107  +1  -1  0
1519.9111  210.2287  1910.0456  8.4062  1519.9111  3.092966  0.002653  3.090313  13.029368  1.943118  13.029368  0.999142  3.506174e-01  8.295109e-01  4.130517e-02  0.006594  0.8297  4.064938e+02  9.357856e+05  3.193174e+54  2.134701e+58  -1.087779e-08  -1.667832e+107  -1  -1  0
1519.9111  217.1631  1910.0456  9.5277  1519.9111  3.092975  0.003138  3.089837  13.030283  2.014127  13.030283  0.998986  3.505937e-01  8.293660e-01  4.446984e-02  0.006598  0.8304  4.823262e+02  9.355579e+05  3.774809e+54  2.134638e+58  1.221543e-07  -1.898068e+107  +1  -1  0
1519.9111  224.3537  1910.0456  10.7988  1519.9111  3.092891  0.003711  3.089180  13.031133  2.087346  13.031133  0.998800  3.505614e-01  8.291678e-01  4.786873e-02  0.006602  0.8314  5.724738e+02  9.352479e+05  4.463417e+54  2.134454e+58  3.630986e-07  -2.164284e+107  +1  -1  0
1519.9111  231.8138  1910.0456  12.2395  1519.9111  3.092811  0.004388  3.088424  13.032286  2.163600  13.032286  0.998581  3.505213e-01  8.289229e-01  5.155173e-02  0.006607  0.8325  6.796527e+02  9.349087e+05  5.278523e+54  2.134301e+58  4.660254e-07  -2.470575e+107  +1  -1  0
1519.9111  239.5612  1910.0456  13.8724  1519.9111  3.092601  0.005187  3.087413  13.033060  2.244313  13.033060  0.998323  3.504766e-01  8.286496e-01  5.559992e-02  0.006613  0.8337  8.070811e+02  9.344525e+05  6.243059e+54  2.133914e+58  7.270326e-07  -2.814995e+107  +1  -1  0
1519.9111  247.6067  1910.0456  15.7232  1519.9111  3.092191  0.006131  3.086060  13.033866  2.329490  13.033866  0.998017  3.504086e-01  8.282336e-01  6.003995e-02  0.006622  0.8356  9.585947e+02  9.338215e+05  7.384172e+54  2.133301e+58  5.823544e-07  -3.187372e+107  +1  -1  0
1519.9111  255.9695  1910.0456  17.8208  1519.9111  3.092070  0.007245  3.084825  13.035235  2.419361  13.035235  0.997657  3.503580e-01  8.279247e-01  6.491064e-02  0.006628  0.8370  1.138727e+03  9.333515e+05  8.733471e+54  2.133040e+58  5.730213e-07  -3.612872e+107  +1  -1  0
1519.9111  264.6662  1910.0456  20.1984  1519.9111  3.091664  0.008559  3.083105  13.036392  2.514053  13.036392  0.997232  3.502809e-01  8.274536e-01  7.024936e-02  0.006637  0.8391  1.352908e+03  9.326492e+05  1.032847e+55  2.132422e+58  8.862442e-07  -4.093924e+107  +1  -1  0
1519.9111  273.7197  1910.0456  22.8931  1519.9111  3.091094  0.010107  3.080987  13.037425  2.613717  13.037425  0.996730  3.501886e-01  8.268905e-01  7.609844e-02  0.006648  0.8416  1.607609e+03  9.317956e+05  1.221350e+55  2.131578e+58  9.856672e-07  -4.631062e+107  +1  -1  0
1519.9111  283.1505  1910.0456  25.9473  1519.9111  3.090382  0.011929  3.078453  13.038464  2.718408  13.038464  0.996140  3.500801e-01  8.262294e-01  8.249737e-02  0.006660  0.8444  1.910414e+03  9.307990e+05  1.443951e+55  2.130550e+58  1.075573e-06  -5.221395e+107  +1  -1  0
1519.9111  292.9824  1910.0456  29.4090  1519.9111  3.089414  0.014073  3.075341  13.039319  2.828166  13.039319  0.995445  3.499474e-01  8.254220e-01  8.948693e-02  0.006675  0.8478  2.270483e+03  9.295873e+05  1.706734e+55  2.129197e+58  7.732996e-07  -5.337387e+107  +1  -1  0
1519.9111  548.6687  1910.0456  33.3326  1519.9111  3.089106  0.015705  3.073401  13.041384  2.896714  13.041384  0.994916  3.498572e-01  8.248733e-01  9.402016e-02  0.006686  0.8504  2.544239e+03  9.287233e+05  1.904631e+55  2.128609e+58  5.580663e-07  -1.026554e+108  +1  -1  1
1519.9111  553.1161  1910.0456  37.7796  1519.9111  3.088671  0.017609  3.071062  13.043667  2.962359  13.043667  0.994299  3.497467e-01  8.242021e-01  9.859655e-02  0.006701  0.8536  2.863028e+03  9.276831e+05  2.132941e+55  2.127843e+58  6.718075e-07  -1.082864e+108  +1  -1  1
1519.9111  558.1558  1910.0456  42.8198  1519.9111  3.087990  0.019969  3.068022  13.045907  3.034283  13.045907  0.993533  3.496096e-01  8.233704e-01  1.038257e-01  0.006718  0.8575  3.258205e+03  9.263891e+05  2.413972e+55  2.126736e+58  8.553138e-07  -1.173214e+108  +1  -1  1
1519.9111  563.8691  1910.0456  48.5326  1519.9111  3.086798  0.022844  3.063954  13.047625  3.112838  13.047625  0.992599  3.494285e-01  8.222740e-01  1.097660e-01  0.006738  0.8623  3.744422e+03  9.246948e+05  2.757268e+55  2.124979e+58  9.855763e-07  -1.250354e+108  +1  -1  1
1519.9111  570.3441  1910.0456  55.0074  1519.9111  3.085552  0.026312  3.059240  13.050019  3.198323  13.050019  0.991472  3.492234e-01  8.210341e-01  1.164832e-01  0.006762  0.8679  4.334656e+03  9.228385e+05  3.170973e+55  2.123165e+58  1.062039e-06  -1.317004e+108  +1  -1  1
1519.9111  577.6823  1910.0456  62.3461  1519.9111  3.083619  0.030467  3.053153  13.051562  3.290972  13.051562  0.990120  3.489634e-01  8.194661e-01  1.240471e-01  0.006791  0.8748  5.046763e+03  9.204666e+05  3.666200e+55  2.120470e+58  1.211375e-06  -1.388546e+108  +1  -1  1
1519.9111  586.0010  1910.0456  70.6639  1519.9111  3.081186  0.035414  3.045772  13.052993  3.390957  13.052993  0.988506  3.486498e-01  8.175800e-01  1.325303e-01  0.006824  0.8831  5.916326e+03  9.176745e+05  4.265932e+55  2.117185e+58  1.320429e-06  -1.454943e+108  +1  -1  1
1519.9111  595.4279  1910.0456  80.0914  1519.9111  3.077790  0.041277  3.036513  13.052740  3.498311  13.052740  0.986589  3.482723e-01  8.153174e-01  1.420070e-01  0.006862  0.8929  6.950396e+03  9.141972e+05  4.972616e+55  2.112605e+58  1.437132e-06  -1.514898e+108  +1  -1  1
1519.9111  606.1136  1910.0456  90.7766  1519.9111  3.073522  0.048195  3.025328  13.051698  3.613076  13.051698  0.984319  3.478172e-01  8.126007e-01  1.525548e-01  0.006907  0.9046  8.198871e+03  9.100889e+05  5.817635e+55  2.106994e+58  1.536380e-06  -1.569396e+108  +1  -1  1
1519.9111  618.2249  1910.0456  102.8874  1519.9111  3.068121  0.056321  3.011800  13.049107  3.735135  13.049107  0.981643  3.472749e-01  8.093798e-01  1.642436e-01  0.006959  0.9185  9.683141e+03  9.052050e+05  6.811552e+55  2.099985e+58  1.636284e-06  -1.615124e+108  +1  -1  1
1519.9111  631.9498  1910.0456  116.6139  1519.9111  3.061356  0.065827  2.995529  13.044507  3.864375  13.044507  0.978497  3.466313e-01  8.055796e-01  1.771511e-01  0.007018  0.9350  1.146167e+04  8.994286e+05  7.989420e+55  2.091315e+58  1.733353e-06  -1.657542e+108  +1  -1  1
1519.9111  647.5096  1910.0456  132.1717  1519.9111  3.052879  0.076898  2.975981  13.037083  4.000488  13.037083  0.974811  3.458683e-01  8.011051e-01  1.913440e-01  0.007087  0.9545  1.355704e+04  8.925770e+05  9.359374e+55  2.080553e+58  1.827873e-06  -1.680871e+108  +1  -1  1
1519.9111  665.1426  1910.0456  149.8051  1519.9111  3.042413  0.089735  2.952677  13.026211  4.143143  13.026211  0.970505  3.449703e-01  7.958808e-01  2.068828e-01  0.007164  0.9776  1.604410e+04  8.845264e+05  1.096411e+56  2.067394e+58  1.932337e-06  -1.705547e+108  +1  -1  1
1519.9111  685.1283  1910.0456  169.7911  1519.9111  3.029519  0.104551  2.924968  13.010785  4.291887  13.010785  0.965489  3.439155e-01  7.898025e-01  2.238271e-01  0.007252  1.0049  1.902656e+04  8.750704e+05  1.286405e+56  2.051315e+58  2.032278e-06  -1.723633e+108  +1  -1  1
1519.9111  707.7821  1910.0456  192.4434  1519.9111  3.013813  0.121566  2.892247  12.989807  4.446174  12.989807  0.959664  3.426851e-01  7.827893e-01  2.422151e-01  0.007350  1.0369  2.249658e+04  8.640475e+05  1.503825e+56  2.031886e+58  2.131915e-06  -1.732224e+108  +1  -1  1
1519.9111  733.4544  1910.0456  218.1178  1519.9111  2.994711  0.141007  2.853705  12.961578  4.605328  12.961578  0.952915  3.412547e-01  7.747395e-01  2.620804e-01  0.007460  1.0746  2.662157e+04  8.512100e+05  1.758548e+56  2.008422e+58  2.233379e-06  -1.708300e+108  +1  -1  1
1519.9111  762.5564  1910.0456  247.2176  1519.9111  2.971710  0.163098  2.808612  12.924697  4.768584  12.924697  0.945116  3.396000e-01  7.655612e-01  2.834311e-01  0.007580  1.1188  3.137406e+04  8.363726e+05  2.046456e+56  1.980396e+58  2.335671e-06  -1.685846e+108  +1  -1  1
1519.9111  795.5386  1910.0456  280.1996  1519.9111  2.944226  0.188057  2.756168  12.877254  4.935167  12.877254  0.936127  3.376987e-01  7.551897e-01  3.062642e-01  0.007712  1.1707  3.696113e+04  8.193245e+05  2.379358e+56  1.947166e+58  2.446219e-06  -1.652980e+108  +1  -1  1
1519.9111  832.9189  1910.0456  317.5819  1519.9111  2.911464  0.216085  2.695379  12.816289  5.104143  12.816289  0.925781  3.355295e-01  7.435766e-01  3.305515e-01  0.007852  1.2309  4.340809e+04  7.997795e+05  2.755929e+56  1.907806e+58  2.560366e-06  -1.593513e+108  +1  -1  1
1519.9111  875.2916  1910.0456  359.9514  1519.9111  2.872859  0.247356  2.625503  12.739615  5.274427  12.739615  0.913899  3.330732e-01  7.307005e-01  3.562297e-01  0.007998  1.3008  5.090325e+04  7.775870e+05  3.185750e+56  1.861784e+58  2.669621e-06  -1.559512e+108  +1  -1  1
1519.9111  923.3117  1910.0456  407.9736  1519.9111  2.827711  0.282009  2.545702  12.643957  5.445115  12.643957  0.900270  3.303191e-01  7.165977e-01  3.832185e-01  0.008147  1.3811  5.932482e+04  7.525559e+05  3.656482e+56  1.808359e+58  2.792051e-06  -1.510852e+108  +1  -1  1
1519.9111  977.7420  1910.0456  462.4025  1519.9111  2.775367  0.320134  2.455233  12.526023  5.614952  12.526023  0.884652  3.272569e-01  7.013147e-01  4.113928e-01  0.008291  1.4726  6.910823e+04  7.245537e+05  4.194189e+56  1.746959e+58  2.926810e-06  -1.423059e+108  +1  -1  1
1519.9111  1039.4339  1910.0456  524.0930  1519.9111  2.715377  0.361763  2.353614  12.381117  5.782913  12.381117  0.866772  3.239306e-01  6.851676e-01  4.406030e-01  0.008420  1.5739  8.009547e+04  6.934765e+05  4.783273e+56  1.676915e+58  3.043601e-06  -1.380043e+108  +1  -1  1
1519.9111  1109.3497  1910.0456  594.0138  1519.9111  2.647420  0.406859  2.240560  12.205851  5.947780  12.205851  0.846319  3.203586e-01  6.683292e-01  4.706550e-01  0.008521  1.6836  9.231285e+04  6.593816e+05  5.420900e+56  1.598162e+58  3.179144e-06  -1.315452e+108  +1  -1  1
1519.9111  1188.6046  1910.0456  673.2629  1519.9111  2.571751  0.455308  2.116443  11.996646  6.108639  11.996646  0.822958  3.166290e-01  6.512761e-01  5.013237e-01  0.008579  1.7971  1.059736e+05  6.224849e+05  6.117369e+56  1.510987e+58  3.327845e-06  -1.250994e+108  +1  -1  1
1519.9111  1278.4252  1910.0456  763.0849  1519.9111  2.488361  0.506910  1.981451  11.747051  6.264264  11.747051  0.796288  3.128716e-01  6.346140e-01  5.323374e-01  0.008569  1.9055  1.211250e+05  5.828291e+05  6.871630e+56  1.415138e+58  3.468171e-06  -1.220939e+108  +1  -1  1
1519.9111  1380.2298  1910.0456  864.8903  1519.9111  2.399245  0.561377  1.837868  11.457704  6.413781  11.457704  0.766019  3.092848e-01  6.191696e-01  5.633920e-01  0.008474  1.9963  1.375066e+05  5.412388e+05  7.661766e+56  1.312806e+58  3.614741e-06  -1.179964e+108  +1  -1  1
1519.9111  1495.6207  1910.0456  980.2778  1519.9111  2.305800  0.618336  1.687465  11.124966  6.556124  11.124966  0.731835  3.061291e-01  6.059377e-01  5.941579e-01  0.008274  2.0515  1.553136e+05  4.981396e+05  8.498726e+56  1.205016e+58  3.776661e-06  -1.125831e+108  +1  -1  1
1519.9111  1626.3973  1910.0456  1111.0596  1519.9111  2.210730  0.677329  1.533401  10.749572  6.690611  10.749572  0.693617  3.037569e-01  5.962017e-01  6.242680e-01  0.007957  2.0513  1.744560e+05  4.543461e+05  9.373989e+56  1.094060e+58  3.923559e-06  -1.089456e+108  +1  -1  1
1519.9111  1774.6318  1910.0456  1259.2893  1519.9111  2.117852  0.737831  1.380021  10.338979  6.816553  10.338979  0.651613  3.025517e-01  5.913229e-01  6.533517e-01  0.007540  1.9829  1.944921e+05  4.110137e+05  1.025657e+57  9.834493e+57  4.125428e-06  -1.020110e+108  +1  -1  1
1519.9111  1942.6373  1910.0456  1427.2948  1519.9111  2.030579  0.799256  1.231323  9.901014  6.933492  9.901014  0.606390  3.029157e-01  5.927918e-01  6.810164e-01  0.007063  1.8462  2.159199e+05  3.690398e+05  1.118236e+57  8.759870e+57  4.330961e-06  -8.912200e+107  +1  -1  1
1519.9111  2133.0527  1910.0456  1617.7144  1519.9111  1.952199  0.860982  1.091217  9.448051  7.041056  9.448051  0.558968  3.051852e-01  6.020426e-01  7.068826e-01  0.006598  1.6615  2.378553e+05  3.293034e+05  1.209276e+57  7.745062e+57  4.488589e-06  -8.202313e+107  +1  -1  1
1519.9111  2348.8827  1910.0456  1833.5384  1519.9111  1.885104  0.922368  0.962736  8.994507  7.139205  8.994507  0.510707  3.095563e-01  6.203234e-01  7.305664e-01  0.006249  1.4657  2.599781e+05  2.924644e+05  1.296951e+57  6.811850e+57  4.881174e-06  -6.841284e+107  +1  -1  1
1519.9111  2593.4963  1910.0456  2078.1562  1519.9111  1.830412  0.982783  0.847628  8.554750  7.227868  8.554750  0.463081  3.160262e-01  6.485684e-01  7.517076e-01  0.006134  1.2973  2.828512e+05  2.588989e+05  1.385783e+57  5.972922e+57  5.359919e-06  -5.568245e+107  +1  -1  1
1519.9111  2870.7514  1910.0456  2355.4091  1519.9111  1.787916  1.041627  0.746289  8.140728  7.307475  8.140728  0.417407  3.243885e-01  6.873631e-01  7.698989e-01  0.006365  1.1814  3.053804e+05  2.286931e+05  1.468918e+57  5.231297e+57  6.315153e-06  -4.625416e+107  +1  -1  1
1519.9111  3184.9955  1910.0456  2669.6512  1519.9111  1.756380  1.098355  0.658025  7.760586  7.378335  7.760586  0.374649  3.342763e-01  7.369713e-01  7.846184e-01  0.007033  1.1233  3.277173e+05  2.017096e+05  1.548271e+57  4.582329e+57  9.430454e-06  -3.656532e+107  +1  -1  1
1519.9111  3541.1532  1910.0456  3025.8172  1519.9111  1.733980  1.152518  0.581462  7.441532  7.441532  7.418447  0.335334  3.441624e-01  7.912196e-01  7.912920e-01  0.008276  1.1427  3.496373e+05  1.776822e+05  1.623218e+57  4.016861e+57  -9.202764e-05  -2.872155e+107  -1  -1  1
1519.9111  3944.8452  1910.0456  3429.5004  1519.9111  1.718778  1.204431  0.514347  7.507043  7.507043  7.108644  0.299252  3.381681e-01  7.577330e-01  7.577890e-01  0.007781  1.1729  3.712950e+05  1.562074e+05  1.695908e+57  3.520563e+57  -7.197313e-05  -2.263055e+107  -1  -1  1
1519.9111  4402.3826  1910.0456  3887.0401  1519.9111  1.709179  1.254792  0.454387  7.577852  7.577852  6.818256  0.265851  3.331372e-01  7.310325e-01  7.310763e-01  0.007356  1.1953  3.916184e+05  1.369119e+05  1.759830e+57  3.079953e+57  -7.167682e-06  -1.881508e+107  -1  -1  1
1519.9111  4920.9625  1910.0456  4405.6215  1519.9111  1.703820  1.303531  0.400289  7.649220  7.649220  6.539994  0.234936  3.289941e-01  7.099346e-01  7.099712e-01  0.007377  1.2759  4.112513e+05  1.195594e+05  1.820298e+57  2.686686e+57  -1.670875e-06  -1.450546e+107  -1  -1  1
1519.9111  5508.7341  1910.0456  4993.3885  1519.9111  1.701586  1.350718  0.350869  7.717320  7.717320  6.262674  0.206201  3.256635e-01  6.935222e-01  6.935536e-01  0.007538  1.3719  4.302815e+05  1.039408e+05  1.878664e+57  2.333473e+57  -3.324238e-07  -1.132800e+107  -1  -1  1
1519.9111  6174.9095  1910.0456  5659.5711  1519.9111  1.701487  1.395432  0.306055  7.779704  7.779704  5.987087  0.179875  3.230332e-01  6.808895e-01  6.809162e-01  0.007650  1.4499  4.474335e+05  8.997826e+04  1.926664e+57  2.018250e+57  1.172114e-07  -9.188268e+106  +1  -1  1
1519.9111  6929.9756  1910.0456  6414.6311  1519.9111  1.702607  1.436866  0.265741  7.834715  7.834715  5.714605  0.156079  3.209762e-01  6.712044e-01  6.712269e-01  0.007733  1.5132  4.636365e+05  7.758075e+04  1.971361e+57  1.738787e+57  3.302447e-07  -6.716429e+106  +1  -1  1
1519.9111  7785.7703  1910.0456  7270.4259  1519.9111  1.704171  1.474424  0.229747  7.881457  7.881457  5.446466  0.134814  3.193658e-01  6.637382e-01  6.637575e-01  0.007905  1.5863  4.788001e+05  6.664264e+04  2.012646e+57  1.492560e+57  3.966215e-07  -4.955116e+106  +1  -1  1
1519.9111  8755.7337  1910.0456  8240.3948  1519.9111  1.705580  1.507747  0.197833  7.919754  7.919754  5.183760  0.115992  3.180842e-01  6.578673e-01  6.578837e-01  0.008056  1.6494  4.917670e+05  5.704914e+04  2.042857e+57  1.276868e+57  3.304969e-07  -3.776128e+106  +1  -1  1
1519.9111  9855.1162  1910.0456  9339.7702  1519.9111  1.706423  1.536701  0.169721  7.950048  7.950048  4.927429  0.099460  3.170287e-01  6.530785e-01  6.530924e-01  0.008206  1.7083  5.036512e+05  4.868108e+04  2.070099e+57  1.088936e+57  1.069174e-07  -2.756062e+106  +1  -1  1
1519.9111  11101.1575  1910.0456  10585.8164  1519.9111  1.706457  1.561351  0.145106  7.973188  7.973188  4.678258  0.085034  3.161148e-01  6.489658e-01  6.489775e-01  0.008300  1.7529  5.133823e+05  4.141877e+04  2.087124e+57  9.259984e+56  -1.635611e-07  -2.055648e+106  -1  -1  1
1519.9111  12513.4446  1910.0456  11998.1012  1519.9111  1.705591  1.581920  0.123671  7.990310  7.990310  4.436882  0.072509  3.152775e-01  6.452241e-01  6.452342e-01  0.008395  1.7967  5.221704e+05  3.514534e+04  2.102469e+57  7.853712e+56  -6.431160e-07  -1.341563e+106  -1  -1  1
1519.9111  14114.1489  1910.0456  13598.8032  1519.9111  1.703843  1.598743  0.105100  8.002359  8.002359  4.203800  0.061684  3.144800e-01  6.416844e-01  6.416928e-01  0.008473  1.8366  5.295548e+05  2.974917e+04  2.112927e+57  6.645042e+56  -2.125236e-06  -9.978432e+105  -1  -1  1
1519.9111  15928.3955  1910.0456  15413.0595  1519.9111  1.701316  1.612232  0.089084  8.010689  8.010689  3.979371  0.052362  3.136871e-01  6.381874e-01  6.381946e-01  0.008540  1.8744  5.351110e+05  2.512551e+04  2.115443e+57  5.610128e+56  -2.858525e-06  -7.126283e+105  -1  -1  1
1519.9111  17984.7070  1910.0456  17469.3612  1519.9111  1.698147  1.622818  0.075329  8.016275  8.016275  3.763838  0.044359  3.128847e-01  6.346708e-01  6.346844e-01  0.008597  1.9113  5.401061e+05  2.117770e+04  2.118689e+57  4.727037e+56  -4.498922e-06  -4.377932e+105  -1  -1  1
1519.9111  20310.1824  1910.0456  19794.8396  1519.9111  1.694598  1.631014  0.063583  8.020232  8.020232  3.557767  0.037521  3.120767e-01  6.311529e-01  6.311579e-01  0.008641  1.9461  5.441145e+05  1.782415e+04  2.119483e+57  3.977298e+56  -5.419960e-06  -3.237371e+105  -1  -1  1

2080.5675  103.0404  2533.3351  1.0000  2080.5675  2.983419  0.000105  2.983313  12.666991  1.019367  12.666991  0.999965  3.478743e-01  8.129413e-01  1.462519e-02  0.006297  0.8241  1.569056e+01  9.242984e+05  1.319478e+53  2.023720e+58  2.857999e-05  -7.808505e+105  +1  -1  0
2080.5675  107.6573  2533.3351  1.1334  2080.5675  2.983445  0.000124  2.983321  12.667142  1.044483  12.667142  0.999958  3.478732e-01  8.129348e-01  1.536390e-02  0.006298  0.8241  1.850443e+01  9.242966e+05  1.552131e+53  2.023755e+58  3.198800e-05  -7.732516e+105  +1  -1  0
2080.5675  113.1115  2533.3351  1.2846  2080.5675  2.983473  0.000146  2.983327  12.667256  1.070838  12.667256  0.999951  3.478734e-01  8.129358e-01  1.615910e-02  0.006298  0.8241  2.179791e+01  9.242838e+05  1.821444e+53  2.023771e+58  -2.780992e-06  -7.917086e+105  -1  -1  0
2080.5675  119.1072  2533.3351  1.4560  2080.5675  2.983146  0.000172  2.982975  12.666473  1.098505  12.666473  0.999942  3.478568e-01  8.128368e-01  1.701611e-02  0.006298  0.8244  2.566811e+01  9.240871e+05  2.135577e+53  2.023344e+58  1.920954e-05  -8.882135e+105  +1  -1  0
2080.5675  125.0167  2533.3351  1.6503  2080.5675  2.983532  0.000202  2.983330  12.667530  1.127567  12.667530  0.999932  3.478727e-01  8.129317e-01  1.794090e-02  0.006298  0.8242  3.021799e+01  9.242716e+05  2.502711e+53  2.023828e+58  2.487161e-05  -9.775305e+105  +1  -1  0
2080.5675  131.6026  2533.3351  1.8704  2080.5675  2.983584  0.000237  2.983346  12.667734  1.158087  12.667734  0.999920  3.478732e-01  8.129345e-01  1.893915e-02  0.006298  0.8242  3.557036e+01  9.242683e+05  2.932435e+53  2.023877e+58  3.063336e-05  -1.129192e+106  +1  -1  0
2080.5675  137.9494  2533.3351  2.1200  2080.5675  2.983616  0.000279  2.983337  12.667922  1.190099  12.667922  0.999906  3.478717e-01  8.129259e-01  2.001612e-02  0.006299  0.8243  4.187121e+01  9.242496e+05  3.436084e+53  2.023903e+58  -2.714642e-06  -1.032954e+106  -1  -1  0
2080.5675  152.7256  2533.3351  2.4028  2080.5675  2.984371  0.000326  2.984045  12.671295  1.222148  12.671295  0.999891  3.478672e-01  8.128988e-01  2.112560e-02  0.006303  0.8248  4.901214e+01  9.246242e+05  4.004535e+53  2.025123e+58  7.143703e-06  -1.778893e+106  +1  -1  0
2080.5675  157.6382  2533.3351  2.7234  2080.5675  2.983704  0.000383  2.983322  12.668400  1.255835  12.668400  0.999872  3.478690e-01  8.129093e-01  2.232578e-02  0.006300  0.8244  5.749002e+01  9.242088e+05  4.676912e+53  2.023978e+58  -3.576934e-06  -2.319446e+106  -1  -1  0
2080.5675  162.7167  2533.3351  3.0867  2080.5675  2.983751  0.000449  2.983301  12.668641  1.291893  12.668641  0.999849  3.478677e-01  8.129020e-01  2.364821e-02  0.006300  0.8245  6.763187e+01  9.241863e+05  5.478566e+53  2.024015e+58  -3.381194e-06  -2.628894e+106  -1  -1  0
2080.5675  167.9681  2533.3351  3.4985  2080.5675  2.983805  0.000529  2.983276  12.668962  1.330301  12.668962  0.999823  3.478652e-01  8.128872e-01  2.509970e-02  0.006301  0.8247  7.973465e+01  9.241550e+05  6.432190e+53  2.024060e+58  -3.039212e-06  -3.016115e+106  -1  -1  0
2080.5675  173.4000  2533.3351  3.9652  2080.5675  2.983872  0.000624  2.983248  12.669331  1.371125  12.669331  0.999791  3.478629e-01  8.128731e-01  2.669095e-02  0.006302  0.8248  9.416057e+01  9.241201e+05  7.565321e+53  2.024114e+58  -3.585024e-06  -3.480216e+106  -1  -1  0
2080.5675  179.0190  2533.3351  4.4943  2080.5675  2.983944  0.000736  2.983207  12.669762  1.414625  12.669762  0.999753  3.478594e-01  8.128526e-01  2.844084e-02  0.006303  0.8250  1.113427e+02  9.240844e+05  8.910787e+53  2.024180e+58  -3.121853e-06  -3.984691e+106  -1  -1  0
2080.5675  184.8335  2533.3351  5.0939  2080.5675  2.984003  0.000870  2.983134  12.670206  1.460860  12.670206  0.999709  3.478542e-01  8.128214e-01  3.036224e-02  0.006304  0.8251  1.317952e+02  9.240242e+05  1.050728e+54  2.024222e+58  -1.835344e-06  -4.554970e+106  -1  -1  0
2080.5675  190.8524  2533.3351  5.7734  2080.5675  2.984081  0.001028  2.983053  12.670702  1.509909  12.670702  0.999655  3.478497e-01  8.127943e-01  3.246973e-02  0.006304  0.8252  1.561382e+02  9.239635e+05  1.240140e+54  2.024277e+58  -1.583914e-06  -5.220315e+106  -1  -1  0
2080.5675  197.0844  2533.3351  6.5437  2080.5675  2.984076  0.001216  2.982860  12.671131  1.561913  12.671131  0.999593  3.478373e-01  8.127205e-01  3.478156e-02  0.006307  0.8257  1.851049e+02  9.238281e+05  1.464778e+54  2.024222e+58  -1.723852e-05  -5.998548e+106  -1  -1  0
2080.5675  203.5396  2533.3351  7.4167  2080.5675  2.984223  0.001438  2.982784  12.671857  1.616949  12.671857  0.999518  3.478345e-01  8.127039e-01  3.731482e-02  0.006308  0.8259  2.195665e+02  9.237857e+05  1.731100e+54  2.024358e+58  -1.688966e-05  -6.815455e+106  -1  -1  0
2080.5675  210.2287  2533.3351  8.4062  2080.5675  2.984285  0.001702  2.982584  12.672507  1.675160  12.672507  0.999430  3.478239e-01  8.126411e-01  4.009068e-02  0.006310  0.8263  2.605713e+02  9.236667e+05  2.046834e+54  2.024380e+58  -8.350398e-07  -7.775952e+106  -1  -1  0
2080.5675  217.1631  2533.3351  9.5277  2080.5675  2.984360  0.002014  2.982346  12.673305  1.736825  12.673305  0.999325  3.478107e-01  8.125620e-01  4.313827e-02  0.006312  0.8267  3.093600e+02  9.235327e+05  2.421067e+54  2.024419e+58  -5.585826e-07  -8.920642e+106  -1  -1  0
2080.5675  224.3537  2533.3351  10.7988  2080.5675  2.984367  0.002383  2.981983  12.673910  1.800452  12.673910  0.999201  3.477949e-01  8.124682e-01  4.640655e-02  0.006314  0.8272  3.673997e+02  9.233359e+05  2.864417e+54  2.024340e+58  -7.708606e-07  -1.014279e+107  -1  -1  0
2080.5675  231.8138  2533.3351  12.2395  2080.5675  2.984484  0.002820  2.981664  12.675105  1.866860  12.675105  0.999055  3.477757e-01  8.123542e-01  4.994810e-02  0.006318  0.8279  4.364711e+02  9.231735e+05  3.389753e+54  2.024438e+58  -8.601791e-07  -1.158033e+107  -1  -1  0
2080.5675  239.5612  2533.3351  13.8724  2080.5675  2.984517  0.003337  2.981180  12.676160  1.936877  12.676160  0.998882  3.477506e-01  8.122047e-01  5.382153e-02  0.006321  0.8287  5.186608e+02  9.229393e+05  4.011892e+54  2.024416e+58  -1.266127e-07  -1.323250e+107  -1  -1  0
2080.5675  247.6067  2533.3351  15.7232  2080.5675  2.984518  0.003947  2.980571  12.677210  2.011009  12.677210  0.998677  3.477220e-01  8.120343e-01  5.807513e-02  0.006325  0.8295  6.164860e+02  9.226400e+05  4.748691e+54  2.024318e+58  1.585678e-07  -1.504089e+107  +1  -1  0
2080.5675  255.9695  2533.3351  17.8208  2080.5675  2.984404  0.004669  2.979735  12.678205  2.089307  12.678205  0.998436  3.476814e-01  8.117930e-01  6.273813e-02  0.006331  0.8307  7.329096e+02  9.222349e+05  5.620860e+54  2.024073e+58  1.213801e-07  -1.710499e+107  +1  -1  0
2080.5675  264.6662  2533.3351  20.1984  2080.5675  2.984424  0.005521  2.978903  12.679622  2.171786  12.679622  0.998150  3.476448e-01  8.115753e-01  6.783968e-02  0.006336  0.8318  8.715275e+02  9.218752e+05  6.653253e+54  2.023990e+58  9.223519e-08  -1.938809e+107  +1  -1  0
2080.5675  273.7197  2533.3351  22.8931  2080.5675  2.984302  0.006526  2.977777  12.680962  2.258583  12.680962  0.997813  3.475940e-01  8.112732e-01  7.341671e-02  0.006343  0.8333  1.036545e+03  9.213772e+05  7.874642e+54  2.023715e+58  -3.598728e-07  -2.187306e+107  -1  -1  0
2080.5675  283.1505  2533.3351  25.9473  2080.5675  2.984467  0.007711  2.976756  12.683480  2.350083  12.683480  0.997416  3.475442e-01  8.109773e-01  7.952276e-02  0.006351  0.8350  1.233021e+03  9.209759e+05  9.319173e+54  2.023835e+58  -3.811935e-07  -2.486145e+107  -1  -1  0
2080.5675  292.9824  2533.3351  29.4090  2080.5675  2.983871  0.009109  2.974762  12.684203  2.446071  12.684203  0.996947  3.474549e-01  8.104473e-01  8.617987e-02  0.006360  0.8373  1.467006e+03  9.201050e+05  1.102704e+55  2.022949e+58  3.878626e-07  -2.575600e+107  +1  -1  0
2080.5675  548.6687  2533.3351  33.3326  2080.5675  2.983847  0.010191  2.973656  12.685912  2.507000  12.685912  0.996585  3.474053e-01  8.101529e-01  9.055493e-02  0.006367  0.8388  1.648205e+03  9.195478e+05  1.233712e+55  2.022717e+58  -1.460021e-06  -4.918913e+107  -1  -1  1
2080.5675  553.1161  2533.3351  37.7796  2080.5675  2.984263  0.011458  2.972805  12.689246  2.565719  12.689246  0.996161  3.473625e-01  8.098991e-01  9.496516e-02  0.006376  0.8405  1.858823e+03  9.191496e+05  1.384615e+55  2.023067e+58  -1.626605e-06  -5.295374e+107  -1  -1  1
2080.5675  558.1558  2533.3351  42.8198  2080.5675  2.983821  0.013030  2.970792  12.690784  2.630069  12.690784  0.995633  3.472690e-01  8.093450e-01  9.997903e-02  0.006387  0.8430  2.122420e+03  9.181756e+05  1.572112e+55  2.022275e+58  4.754054e-07  -5.797572e+107  +1  -1  1
2080.5675  563.8691  2533.3351  48.5326  2080.5675  2.983602  0.014947  2.968654  12.693463  2.700416  12.693463  0.994990  3.471701e-01  8.087598e-01  1.056531e-01  0.006399  0.8459  2.443030e+03  9.172160e+05  1.798592e+55  2.021770e+58  5.628658e-07  -6.235683e+107  +1  -1  1
2080.5675  570.3441  2533.3351  55.0074  2080.5675  2.982505  0.017265  2.965240  12.693621  2.776974  12.693621  0.994211  3.470382e-01  8.079798e-01  1.120432e-01  0.006413  0.8493  2.838927e+03  9.156734e+05  2.076183e+55  2.019974e+58  2.746264e-07  -6.583188e+107  +1  -1  1
2080.5675  577.6823  2533.3351  62.3461  2080.5675  2.982554  0.020047  2.962507  12.699108  2.860032  12.699108  0.993279  3.468939e-01  8.071275e-01  1.192162e-01  0.006433  0.8538  3.314199e+03  9.145993e+05  2.406855e+55  2.019950e+58  2.197849e-07  -6.761452e+107  +1  -1  1
2080.5675  586.0010  2533.3351  70.6639  2080.5675  2.981583  0.023369  2.958214  12.701904  2.949729  12.701904  0.992162  3.467047e-01  8.060116e-01  1.272357e-01  0.006454  0.8589  3.889201e+03  9.128360e+05  2.803576e+55  2.018458e+58  8.149115e-07  -7.200590e+107  +1  -1  1
2080.5675  595.4279  2533.3351  80.0914  2080.5675  2.980566  0.027319  2.953247  12.705535  3.046247  12.705535  0.990834  3.464874e-01  8.047331e-01  1.361741e-01  0.006479  0.8650  4.581091e+03  9.108930e+05  3.276676e+55  2.016928e+58  9.510958e-07  -7.578329e+107  +1  -1  1
2080.5675  606.1136  2533.3351  90.7766  2080.5675  2.978316  0.031996  2.946320  12.706755  3.149575  12.706755  0.989257  3.461926e-01  8.030028e-01  1.460925e-01  0.006510  0.8727  5.419537e+03  9.081233e+05  3.844572e+55  2.013791e+58  1.182716e-06  -8.004234e+107  +1  -1  1
2080.5675  618.2249  2533.3351  102.8874  2080.5675  2.975795  0.037514  2.938281  12.708449  3.259756  12.708449  0.987393  3.458535e-01  8.010182e-01  1.570579e-01  0.006545  0.8818  6.419573e+03  9.050257e+05  4.514675e+55  2.010339e+58  1.255071e-06  -8.238762e+107  +1  -1  1
2080.5675  631.9498  2533.3351  116.6139  2080.5675  2.972506  0.044000  2.928506  12.709395  3.376737  12.709395  0.985198  3.454454e-01  7.986393e-01  1.691381e-01  0.006586  0.8925  7.623186e+03  9.013268e+05  5.312476e+55  2.005940e+58  1.367641e-06  -8.505352e+107  +1  -1  1
2080.5675  647.5096  2533.3351  132.1717  2080.5675  2.968234  0.051595  2.916639  12.709174  3.500360  12.709174  0.982618  3.449550e-01  7.957925e-01  1.823889e-01  0.006632  0.9052  9.047470e+03  8.969088e+05  6.244533e+55  2.000342e+58  1.480549e-06  -8.695912e+107  +1  -1  1
2080.5675  665.1426  2533.3351  149.8051  2080.5675  2.963145  0.060455  2.902690  12.709400  3.630426  12.709400  0.979598  3.443574e-01  7.923417e-01  1.968639e-01  0.006689  0.9209  1.076995e+04  8.918813e+05  7.358452e+55  1.994020e+58  1.582377e-06  -8.849144e+107  +1  -1  1
2080.5675  685.1283  2533.3351  169.7911  2080.5675  2.956471  0.070749  2.885722  12.706288  3.766637  12.706288  0.976070  3.436660e-01  7.883736e-01  2.126104e-01  0.006752  0.9390  1.279615e+04  8.857729e+05  8.649471e+55  1.985560e+58  1.686717e-06  -9.189607e+107  +1  -1  1
2080.5675  707.7821  2533.3351  192.4434  2080.5675  2.947180  0.082662  2.864518  12.696418  3.908703  12.696418  0.971952  3.428523e-01  7.837376e-01  2.296653e-01  0.006819  0.9596  1.519723e+04  8.780747e+05  1.015650e+56  1.973561e+58  1.808920e-06  -9.475706e+107  +1  -1  1
2080.5675  733.4544  2533.3351  218.1178  2080.5675  2.936402  0.096388  2.840014  12.685802  4.056068  12.685802  0.967175  3.418844e-01  7.782697e-01  2.480478e-01  0.006900  0.9848  1.806925e+04  8.694354e+05  1.193327e+56  1.960130e+58  1.911630e-06  -9.400989e+107  +1  -1  1
2080.5675  762.5564  2533.3351  247.2176  2080.5675  2.923090  0.112132  2.810958  12.670356  4.208287  12.670356  0.961639  3.407494e-01  7.719212e-01  2.677693e-01  0.006990  1.0144  2.140771e+04  8.593123e+05  1.396071e+56  1.943695e+58  2.016117e-06  -9.410666e+107  +1  -1  1
2080.5675  795.5386  2533.3351  280.1996  2080.5675  2.906783  0.130103  2.776680  12.648812  4.364741  12.648812  0.955242  3.394255e-01  7.646020e-01  2.888200e-01  0.007091  1.0493  2.536329e+04  8.475113e+05  1.632399e+56  1.923739e+58  2.127313e-06  -9.404980e+107  +1  -1  1
2080.5675  832.9189  2533.3351  317.5819  2080.5675  2.886966  0.150512  2.736454  12.619707  4.524760  12.619707  0.947865  3.378890e-01  7.562191e-01  3.111761e-01  0.007203  1.0904  2.997322e+04  8.338262e+05  1.902584e+56  1.899701e+58  2.240115e-06  -9.315562e+107  +1  -1  1
2080.5675  875.2916  2533.3351  359.9514  2080.5675  2.863052  0.173566  2.689486  12.581080  4.687603  12.581080  0.939377  3.361189e-01  7.467091e-01  3.347861e-01  0.007325  1.1383  3.538773e+04  8.180354e+05  2.214300e+56  1.870913e+58  2.346568e-06  -9.183875e+107  +1  -1  1
2080.5675  923.3117  2533.3351  407.9736  2080.5675  2.834431  0.199458  2.634973  12.530912  4.852493  12.530912  0.929630  3.340910e-01  7.360012e-01  3.595799e-01  0.007457  1.1944  4.154675e+04  7.999252e+05  2.560261e+56  1.836739e+58  2.458607e-06  -9.021902e+107  +1  -1  1
2080.5675  977.7420  2533.3351  462.4025  2080.5675  2.800024  0.228363  2.571660  12.465192  5.018555  12.465192  0.918442  3.317755e-01  7.240125e-01  3.854612e-01  0.007594  1.2594  4.878467e+04  7.790936e+05  2.960229e+56  1.795928e+58  2.588724e-06  -8.767415e+107  +1  -1  1
2080.5675  1039.4339  2533.3351  524.0930  2080.5675  2.760230  0.260427  2.499803  12.384634  5.184886  12.384634  0.905650  3.291878e-01  7.109036e-01  4.123074e-01  0.007737  1.3344  5.702794e+04  7.558471e+05  3.405113e+56  1.749184e+58  2.702500e-06  -8.457823e+107  +1  -1  1
2080.5675  1109.3497  2533.3351  594.0138  2080.5675  2.713373  0.295755  2.417618  12.282423  5.350547  12.282423  0.891001  3.262925e-01  6.965854e-01  4.399672e-01  0.007877  1.4198  6.633733e+04  7.295562e+05  3.894938e+56  1.694533e+58  2.822913e-06  -8.229568e+107  +1  -1  1
2080.5675  1188.6046  2533.3351  673.2629  2080.5675  2.659234  0.334404  2.324831  12.155897  5.514599  12.155897  0.874248  3.231106e-01  6.812571e-01  4.682624e-01  0.008006  1.5156  7.690517e+04  7.002748e+05  4.438681e+56  1.631859e+58  2.960426e-06  -7.910717e+107  +1  -1  1
2080.5675  1278.4252  2533.3351  763.0849  2080.5675  2.597391  0.376369  2.221022  12.000961  5.675859  12.000961  0.855097  3.196708e-01  6.651446e-01  4.969813e-01  0.008113  1.6203  8.882069e+04  6.679748e+05  5.038114e+56  1.560785e+58  3.090894e-06  -7.707584e+107  +1  -1  1
2080.5675  1380.2298  2533.3351  864.8903  2080.5675  2.527742  0.421577  2.106165  11.813394  5.834047  11.813394  0.833220  3.160383e-01  6.486229e-01  5.259001e-01  0.008184  1.7306  1.019570e+05  6.327468e+05  5.680091e+56  1.481237e+58  3.223920e-06  -7.467840e+107  +1  -1  1
2080.5675  1495.6207  2533.3351  980.2778  2080.5675  2.450517  0.469880  1.980637  11.588908  5.987586  11.588908  0.808253  3.123179e-01  6.322008e-01  5.547461e-01  0.008199  1.8394  1.165060e+05  5.947918e+05  6.374171e+56  1.393453e+58  3.373205e-06  -7.166485e+107  +1  -1  1
2080.5675  1626.3973  2533.3351  1111.0596  2080.5675  2.366633  0.521047  1.845586  11.324301  6.135793  11.324301  0.779836  3.086747e-01  6.165861e-01  5.832373e-01  0.008138  1.9361  1.324565e+05  5.545263e+05  7.116003e+56  1.298328e+58  3.508835e-06  -7.043941e+107  +1  -1  1
2080.5675  1774.6318  2533.3351  1259.2893  2080.5675  2.277616  0.574766  1.702850  11.017243  6.277927  11.017243  0.747646  3.053439e-01  6.026952e-01  6.110770e-01  0.007980  2.0044  1.495348e+05  5.125082e+05  7.884307e+56  1.197226e+58  3.646682e-06  -6.825559e+107  +1  -1  1
2080.5675  1942.6373  2533.3351  1427.2948  2080.5675  2.185789  0.630644  1.555145  10.667829  6.413234  10.667829  0.711480  3.026313e-01  5.916436e-01  6.379520e-01  0.007712  2.0253  1.678865e+05  4.694933e+05  8.688054e+56  1.092200e+58  3.804544e-06  -6.560470e+107  +1  -1  1
2080.5675  2133.0527  2533.3351  1617.7144  2080.5675  2.094191  0.688215  1.405976  10.279261  6.541184  10.279261  0.671369  3.009096e-01  5.847467e-01  6.635462e-01  0.007335  1.9821  1.874016e+05  4.263847e+05  9.519886e+56  9.858615e+57  3.968751e-06  -6.067032e+107  +1  -1  1
2080.5675  2348.8827  2533.3351  1833.5384  2080.5675  2.006289  0.746955  1.259334  9.858563  6.661283  9.858563  0.627693  3.005811e-01  5.834407e-01  6.875479e-01  0.006876  1.8682  2.079199e+05  3.841531e+05  1.036991e+57  8.811487e+57  4.147963e-06  -5.335960e+107  +1  -1  1
2080.5675  2593.4963  2533.3351  2078.1562  2080.5675  1.925512  0.806294  1.119218  9.416670  6.773375  9.416670  0.581257  3.020164e-01  5.891703e-01  7.096482e-01  0.006391  1.6957  2.292726e+05  3.437290e+05  1.122979e+57  7.809761e+57  4.301057e-06  -4.776418e+107  +1  -1  1
2080.5675  2870.7514  2533.3351  2355.4091  2080.5675  1.854641  0.865637  0.989004  8.967174  6.877183  8.967174  0.533259  3.054822e-01  6.032651e-01  7.295696e-01  0.005971  1.4963  2.508695e+05  3.058659e+05  1.206342e+57  6.877614e+57  4.494703e-06  -4.142269e+107  +1  -1  1
2080.5675  3184.9955  2533.3351  2669.6512  2080.5675  1.795379  0.924386  0.870993  8.524440  6.972688  8.524440  0.485130  3.110799e-01  6.268439e-01  7.470526e-01  0.005727  1.3107  2.728040e+05  2.710586e+05  1.288374e+57  6.031124e+57  4.821054e-06  -3.389407e+107  +1  -1  1
2080.5675  3541.1532  2533.3351  3025.8172  2080.5675  1.748177  0.981965  0.766212  8.102248  7.060287  8.102248  0.438292  3.186850e-01  6.606118e-01  7.618072e-01  0.005784  1.1732  2.948411e+05  2.395454e+05  1.368212e+57  5.278096e+57  5.369147e-06  -2.706472e+107  +1  -1  1
2080.5675  3944.8452  2533.3351  3429.5004  2080.5675  1.712295  1.037841  0.674454  7.710639  7.140125  7.710639  0.393889  3.279969e-01  7.049707e-01  7.735268e-01  0.006252  1.0979  3.167249e+05  2.112883e+05  1.444940e+57  4.617078e+57  6.518705e-06  -2.159386e+107  +1  -1  1
2080.5675  4402.3826  2533.3351  3887.0401  2080.5675  1.686228  1.091555  0.594674  7.355593  7.212940  7.355593  0.352665  3.385948e-01  7.600551e-01  7.814253e-01  0.007222  1.0819  3.382294e+05  1.860787e+05  1.517922e+57  4.040756e+57  8.742291e-06  -1.692354e+107  +1  -1  1
2080.5675  4920.9625  2533.3351  4405.6215  2080.5675  1.668157  1.142952  0.525205  7.283426  7.283426  7.037490  0.314841  3.382851e-01  7.583688e-01  7.584481e-01  0.007486  1.1265  3.588239e+05  1.636034e+05  1.584462e+57  3.538122e+57  -7.192016e-05  -1.319413e+107  -1  -1  1
2080.5675  5508.7341  2533.3351  4993.3885  2080.5675  1.656436  1.192918  0.463519  7.361522  7.361522  6.742997  0.279829  3.323447e-01  7.269363e-01  7.269978e-01  0.007164  1.1779  3.791717e+05  1.434388e+05  1.650203e+57  3.093876e+57  -5.642868e-05  -1.028476e+107  -1  -1  1
2080.5675  6174.9095  2533.3351  5659.5711  2080.5675  1.649722  1.241485  0.408237  7.443107  7.443107  6.464938  0.247458  3.273695e-01  7.018696e-01  7.019197e-01  0.007078  1.2549  3.985131e+05  1.253352e+05  1.710669e+57  2.699186e+57  -3.914331e-06  -8.009042e+106  -1  -1  1
2080.5675  6929.9756  2533.3351  6414.6311  2080.5675  1.646869  1.288924  0.357945  7.523757  7.523757  6.190829  0.217349  3.233002e-01  6.821588e-01  6.822012e-01  0.007260  1.3703  4.168893e+05  1.090482e+05  1.766827e+57  2.345497e+57  -7.505840e-07  -6.353635e+106  -1  -1  1
2080.5675  7785.7703  2533.3351  7270.4259  2080.5675  1.646905  1.334581  0.312324  7.600535  7.600535  5.918497  0.189643  3.200413e-01  6.668578e-01  6.668934e-01  0.007395  1.4683  4.340626e+05  9.447068e+04  1.817588e+57  2.029634e+57  2.655900e-07  -4.924659e+106  +1  -1  1
2080.5675  8755.7337  2533.3351  8240.3948  2080.5675  1.648890  1.377621  0.271268  7.671139  7.671139  5.649273  0.164516  3.174778e-01  6.551112e-01  6.551413e-01  0.007679  1.5873  4.503779e+05  8.151227e+04  1.865863e+57  1.749413e+57  7.498475e-07  -3.580241e+106  +1  -1  1
2080.5675  9855.1162  2533.3351  9339.7702  2080.5675  1.651988  1.417391  0.234597  7.734160  7.734160  5.384363  0.142009  3.154826e-01  6.461382e-01  6.461636e-01  0.007876  1.6802  4.652258e+05  7.006680e+04  1.907839e+57  1.502355e+57  9.960861e-07  -2.735284e+106  +1  -1  1
2080.5675  11101.1575  2533.3351  10585.8164  2080.5675  1.655516  1.453447  0.202069  7.788982  7.788982  5.124832  0.122058  3.139311e-01  6.392609e-01  6.392823e-01  0.008081  1.7668  4.785465e+05  6.001796e+04  1.943448e+57  1.285794e+57  1.029104e-06  -1.916022e+106  +1  -1  1
2080.5675  12513.4446  2533.3351  11998.1012  2080.5675  1.658959  1.485555  0.173404  7.835730  7.835730  4.871599  0.104526  3.127072e-01  6.338961e-01  6.339143e-01  0.008265  1.8428  4.908478e+05  5.124423e+04  1.976478e+57  1.096986e+57  1.069214e-06  -1.397053e+106  +1  -1  1
2080.5675  14114.1489  2533.3351  13598.8032  2080.5675  1.661973  1.513678  0.148295  7.874864  7.874864  4.625433  0.089228  3.117184e-01  6.296002e-01  6.296157e-01  0.008417  1.9066  5.011147e+05  4.362299e+04  2.000016e+57  9.331914e+56  1.005229e-06  -1.013544e+106  +1  -1  1
2080.5675  15928.3955  2533.3351  15413.0595  2080.5675  1.664363  1.537942  0.126421  7.907184  7.907184  4.386958  0.075958  3.108907e-01  6.260301e-01  6.260430e-01  0.008549  1.9624  5.104651e+05  3.703402e+04  2.021901e+57  7.917462e+56  7.917252e-07  -6.557035e+105  +1  -1  1
2080.5675  17984.7070  2533.3351  17469.3612  2080.5675  1.666068  1.558606  0.107462  7.933794  7.933794  4.156660  0.064500  3.101654e-01  6.229208e-01  6.229318e-01  0.008643  2.0073  5.184750e+05  3.136205e+04  2.039126e+57  6.701118e+56  6.263463e-07  -4.487536e+105  +1  -1  1
2080.5675  20310.1824  2533.3351  19794.8396  2080.5675  1.667108  1.575970  0.091138  7.955645  7.955645  3.935350  0.054668  3.095066e-01  6.201121e-01  6.201214e-01  0.008725  2.0479  5.252489e+05  2.650802e+04  2.052387e+57  5.661138e+56  5.418342e-07  -3.431279e+105  +1  -1  1

2848.0359  103.0404  3385.4663  1.0000  2848.0359  2.878246  0.000067  2.878180  12.358805  0.875196  12.358805  0.999977  3.439799e-01  7.901719e-01  1.435774e-02  0.006177  0.8551  9.938159e+00  9.078199e+05  8.357422e+52  1.917949e+58  2.260220e-06  -3.373150e+105  +1  -1  0
2848.0359  107.6573  3385.4663  1.1334  2848.0359  2.878409  0.000079  2.878330  12.359382  0.896826  12.359382  0.999973  3.439833e-01  7.901914e-01  1.508069e-02  0.006178  0.8552  1.172272e+01  9.078901e+05  9.832921e+52  1.918165e+58  9.595222e-06  -3.347315e+105  +1  -1  0
2848.0359  113.1115  3385.4663  1.2846  2848.0359  2.878433  0.000092  2.878340  12.359486  0.919517  12.359486  0.999968  3.439832e-01  7.901910e-01  1.585837e-02  0.006178  0.8552  1.381213e+01  9.078904e+05  1.154148e+53  1.918192e+58  1.697863e-05  -3.422262e+105  +1  -1  0
2848.0359  119.1072  3385.4663  1.4560  2848.0359  2.878460  0.000109  2.878351  12.359593  0.943363  12.359593  0.999962  3.439836e-01  7.901930e-01  1.669692e-02  0.006178  0.8552  1.626816e+01  9.078893e+05  1.353500e+53  1.918220e+58  5.594305e-04  -3.845290e+105  +1  -1  0
2848.0359  125.0167  3385.4663  1.6503  2848.0359  2.878488  0.000128  2.878360  12.359719  0.968387  12.359719  0.999956  3.439834e-01  7.901921e-01  1.760043e-02  0.006178  0.8552  1.915659e+01  9.078850e+05  1.586573e+53  1.918248e+58  -1.710882e-05  -4.284365e+105  -1  -1  0
2848.0359  131.6026  3385.4663  1.8704  2848.0359  2.878509  0.000151  2.878358  12.359798  0.994729  12.359798  0.999948  3.439837e-01  7.901934e-01  1.857744e-02  0.006178  0.8552  2.255562e+01  9.078736e+05  1.859475e+53  1.918258e+58  4.274983e-05  -4.882130e+105  +1  -1  0
2848.0359  137.9494  3385.4663  2.1200  2848.0359  2.878547  0.000177  2.878370  12.359936  1.022275  12.359936  0.999938  3.439844e-01  7.901974e-01  1.962780e-02  0.006178  0.8552  2.655819e+01  9.078706e+05  2.179419e+53  1.918292e+58  3.157693e-05  -4.519703e+105  +1  -1  0
2848.0359  152.7256  3385.4663  2.4028  2848.0359  2.878595  0.000207  2.878387  12.360137  1.049965  12.360137  0.999928  3.439845e-01  7.901982e-01  2.071333e-02  0.006178  0.8553  3.109874e+01  9.078690e+05  2.540879e+53  1.918343e+58  5.287940e-05  -7.635424e+105  +1  -1  0
2848.0359  157.6382  3385.4663  2.7234  2848.0359  2.878632  0.000243  2.878389  12.360300  1.079058  12.360300  0.999916  3.439844e-01  7.901977e-01  2.188626e-02  0.006179  0.8553  3.649081e+01  9.078587e+05  2.968534e+53  1.918375e+58  -7.395436e-06  -9.929923e+105  -1  -1  0
2848.0359  162.7167  3385.4663  3.0867  2848.0359  2.878680  0.000285  2.878394  12.360507  1.110112  12.360507  0.999901  3.439843e-01  7.901974e-01  2.317437e-02  0.006179  0.8554  4.294247e+01  9.078456e+05  3.478506e+53  1.918415e+58  -6.578678e-06  -1.143945e+106  -1  -1  0
2848.0359  167.9681  3385.4663  3.4985  2848.0359  2.878726  0.000336  2.878390  12.360721  1.143229  12.360721  0.999883  3.439839e-01  7.901949e-01  2.458884e-02  0.006180  0.8555  5.064441e+01  9.078301e+05  4.085385e+53  1.918455e+58  -5.698368e-06  -1.330598e+106  -1  -1  0
2848.0359  173.4000  3385.4663  3.9652  2848.0359  2.878306  0.000396  2.877909  12.358749  1.178518  12.358749  0.999862  3.439886e-01  7.902218e-01  2.614212e-02  0.006177  0.8550  5.982798e+01  9.075525e+05  4.806772e+53  1.917716e+58  4.231015e-06  -1.518090e+106  +1  -1  0
2848.0359  179.0190  3385.4663  4.4943  2848.0359  2.878755  0.000468  2.878287  12.360956  1.216083  12.360956  0.999837  3.439809e-01  7.901777e-01  2.784746e-02  0.006180  0.8555  7.076897e+01  9.077445e+05  5.663533e+53  1.918431e+58  -1.788842e-05  -1.715869e+106  -1  -1  0
2848.0359  184.8335  3385.4663  5.0939  2848.0359  2.878964  0.000553  2.878411  12.360877  1.255991  12.360877  0.999808  3.440080e-01  7.903331e-01  2.971762e-02  0.006164  0.8529  8.379697e+01  9.077190e+05  6.680495e+53  1.918436e+58  -4.206900e-05  -1.985969e+106  -1  -1  0
2848.0359  190.8524  3385.4663  5.7734  2848.0359  2.878977  0.000654  2.878323  12.361931  1.298281  12.361931  0.999773  3.439803e-01  7.901739e-01  3.176494e-02  0.006181  0.8557  9.931107e+01  9.077245e+05  7.887672e+53  1.918657e+58  7.415871e-07  -2.277759e+106  +1  -1  0
2848.0359  197.0844  3385.4663  6.5437  2848.0359  2.878950  0.000774  2.878176  12.361978  1.343195  12.361978  0.999731  3.439757e-01  7.901478e-01  3.401237e-02  0.006182  0.8559  1.177794e+02  9.076306e+05  9.319932e+53  1.918573e+58  1.117886e-05  -2.607309e+106  +1  -1  0
2848.0359  203.5396  3385.4663  7.4167  2848.0359  2.879167  0.000916  2.878251  12.362945  1.390901  12.362945  0.999682  3.439747e-01  7.901421e-01  3.648114e-02  0.006184  0.8561  1.397624e+02  9.076500e+05  1.101887e+54  1.918832e+58  4.898907e-06  -2.935810e+106  +1  -1  0
2848.0359  210.2287  3385.4663  8.4062  2848.0359  2.879869  0.001084  2.878785  12.366136  1.441225  12.366136  0.999624  3.439699e-01  7.901144e-01  3.917704e-02  0.006187  0.8566  1.659298e+02  9.079316e+05  1.303379e+54  1.919887e+58  5.765410e-06  -3.404886e+106  +1  -1  0
2848.0359  217.1631  3385.4663  9.5277  2848.0359  2.879345  0.001284  2.878061  12.364017  1.494402  12.364017  0.999554  3.439662e-01  7.900933e-01  4.212701e-02  0.006185  0.8564  1.970822e+02  9.075094e+05  1.542344e+54  1.918952e+58  5.205937e-06  -3.915996e+106  +1  -1  0
2848.0359  224.3537  3385.4663  10.7988  2848.0359  2.880030  0.001520  2.878510  12.366948  1.549408  12.366948  0.999472  3.439665e-01  7.900948e-01  4.529232e-02  0.006189  0.8569  2.341679e+02  9.077441e+05  1.825636e+54  1.919910e+58  5.755860e-06  -4.442011e+106  +1  -1  0
2848.0359  231.8138  3385.4663  12.2395  2848.0359  2.879566  0.001799  2.877767  12.365507  1.606759  12.365507  0.999375  3.439512e-01  7.900072e-01  4.871381e-02  0.006189  0.8572  2.783240e+02  9.073187e+05  2.161483e+54  1.919115e+58  9.884964e-07  -5.200016e+106  +1  -1  0
2848.0359  239.5612  3385.4663  13.8724  2848.0359  2.879345  0.002130  2.877215  12.364661  1.667539  12.364661  0.999260  3.439482e-01  7.899903e-01  5.246885e-02  0.006189  0.8572  3.309103e+02  9.069991e+05  2.559560e+54  1.918597e+58  6.718666e-06  -5.821853e+106  +1  -1  0
2848.0359  247.6067  3385.4663  15.7232  2848.0359  2.879780  0.002522  2.877258  12.367330  1.731749  12.367330  0.999124  3.439260e-01  7.898628e-01  5.657964e-02  0.006194  0.8581  3.935423e+02  9.070299e+05  3.031307e+54  1.919247e+58  3.045018e-05  -6.558768e+106  +1  -1  0
2848.0359  255.9695  3385.4663  17.8208  2848.0359  2.879893  0.002985  2.876908  12.368408  1.799562  12.368408  0.998964  3.439095e-01  7.897681e-01  6.107968e-02  0.006196  0.8586  4.681403e+02  9.068414e+05  3.590187e+54  1.919302e+58  -7.726539e-07  -7.532090e+106  -1  -1  0
2848.0359  264.6662  3385.4663  20.1984  2848.0359  2.879967  0.003532  2.876435  12.369482  1.871131  12.369482  0.998774  3.438885e-01  7.896478e-01  6.600324e-02  0.006200  0.8594  5.570465e+02  9.065967e+05  4.252395e+54  1.919293e+58  -5.382912e-07  -8.566905e+106  -1  -1  0
2848.0359  273.7197  3385.4663  22.8931  2848.0359  2.880064  0.004178  2.875886  12.370874  1.946540  12.370874  0.998549  3.438614e-01  7.894923e-01  7.138242e-02  0.006204  0.8603  6.629831e+02  9.063293e+05  5.036541e+54  1.919328e+58  -2.711226e-07  -9.757284e+106  -1  -1  0
2848.0359  283.1505  3385.4663  25.9473  2848.0359  2.879933  0.004942  2.874991  12.371903  2.025917  12.371903  0.998284  3.438172e-01  7.892389e-01  7.725374e-02  0.006209  0.8616  7.892483e+02  9.058743e+05  5.964946e+54  1.919054e+58  -9.696872e-07  -1.108226e+107  -1  -1  0
2848.0359  292.9824  3385.4663  29.4090  2848.0359  2.880147  0.005843  2.874304  12.373897  2.109383  12.373897  0.997971  3.437872e-01  7.890675e-01  8.365543e-02  0.006214  0.8627  9.398015e+02  9.055855e+05  7.063959e+54  1.919212e+58  -1.375378e-06  -1.121264e+107  -1  -1  0
2848.0359  548.6687  3385.4663  33.3326  2848.0359  2.880352  0.006550  2.873802  12.375552  2.163052  12.375552  0.997726  3.437657e-01  7.889445e-01  8.790704e-02  0.006219  0.8636  1.057791e+03  9.052905e+05  7.917177e+54  1.919305e+58  -1.141896e-06  -2.274926e+107  -1  -1  1
2848.0359  553.1161  3385.4663  37.7796  2848.0359  2.880582  0.007380  2.873202  12.377567  2.214793  12.377567  0.997438  3.437373e-01  7.887816e-01  9.216963e-02  0.006225  0.8648  1.195966e+03  9.049471e+05  8.907292e+54  1.919428e+58  -9.774086e-07  -2.412794e+107  -1  -1  1
2848.0359  558.1558  3385.4663  42.8198  2848.0359  2.880792  0.008411  2.872381  12.379849  2.271905  12.379849  0.997080  3.436989e-01  7.885620e-01  9.702342e-02  0.006231  0.8661  1.367345e+03  9.045098e+05  1.012669e+55  1.919503e+58  -6.514647e-07  -2.604495e+107  -1  -1  1
2848.0359  563.8691  3385.4663  48.5326  2848.0359  2.880954  0.009669  2.871285  12.382384  2.334141  12.382384  0.996644  3.436479e-01  7.882701e-01  1.024813e-01  0.006239  0.8679  1.578656e+03  9.039586e+05  1.161972e+55  1.919503e+58  -8.741638e-07  -2.776923e+107  -1  -1  1
2848.0359  570.3441  3385.4663  55.0074  2848.0359  2.881312  0.011192  2.870120  12.386169  2.401957  12.386169  0.996116  3.435856e-01  7.879142e-01  1.086127e-01  0.006249  0.8701  1.835911e+03  9.034070e+05  1.342420e+55  1.919782e+58  -7.264856e-07  -2.937594e+107  -1  -1  1
2848.0359  577.6823  3385.4663  62.3461  2848.0359  2.881044  0.013024  2.868020  12.388166  2.475506  12.388166  0.995479  3.434982e-01  7.874150e-01  1.154711e-01  0.006260  0.8727  2.147375e+03  9.024222e+05  1.559189e+55  1.919153e+58  2.946958e-07  -3.176679e+107  +1  -1  1
2848.0359  586.0010  3385.4663  70.6639  2848.0359  2.880917  0.015217  2.865701  12.391426  2.555060  12.391426  0.994718  3.433928e-01  7.868130e-01  1.231239e-01  0.006274  0.8760  2.529243e+03  9.013857e+05  1.822781e+55  1.918740e+58  2.812826e-07  -3.332706e+107  +1  -1  1
2848.0359  595.4279  3385.4663  80.0914  2848.0359  2.880596  0.017830  2.862766  12.394789  2.640747  12.394789  0.993810  3.432613e-01  7.860635e-01  1.316304e-01  0.006290  0.8799  2.985733e+03  9.001082e+05  2.135054e+55  1.918060e+58  5.134671e-07  -3.502753e+107  +1  -1  1
2848.0359  606.1136  3385.4663  90.7766  2848.0359  2.879850  0.020933  2.858917  12.397583  2.732629  12.397583  0.992731  3.430951e-01  7.851171e-01  1.410467e-01  0.006309  0.8847  3.533450e+03  8.984591e+05  2.506118e+55  1.916804e+58  6.393279e-07  -3.650307e+107  +1  -1  1
2848.0359  618.2249  3385.4663  102.8874  2848.0359  2.879175  0.024606  2.854569  12.401818  2.830797  12.401818  0.991454  3.428976e-01  7.839946e-01  1.514349e-01  0.006333  0.8906  4.195391e+03  8.966739e+05  2.949917e+55  1.915694e+58  7.103869e-07  -3.803981e+107  +1  -1  1
2848.0359  631.9498  3385.4663  116.6139  2848.0359  2.877922  0.028940  2.848982  12.405287  2.935247  12.405287  0.989944  3.426524e-01  7.826044e-01  1.628513e-01  0.006360  0.8976  4.994382e+03  8.944068e+05  3.479830e+55  1.913821e+58  9.218397e-07  -3.994628e+107  +1  -1  1
2848.0359  647.5096  3385.4663  132.1717  2848.0359  2.876124  0.034037  2.842088  12.408372  3.045919  12.408372  0.988166  3.423533e-01  7.809123e-01  1.753435e-01  0.006391  0.9060  5.955849e+03  8.916561e+05  4.109989e+55  1.911263e+58  1.061070e-06  -4.132431e+107  +1  -1  1
2848.0359  665.1426  3385.4663  149.8051  2848.0359  2.873687  0.040011  2.833676  12.411012  3.162725  12.411012  0.986077  3.419904e-01  7.788660e-01  1.889602e-01  0.006429  0.9161  7.095699e+03  8.883577e+05  4.847170e+55  1.907919e+58  1.184957e-06  -4.272466e+107  +1  -1  1
2848.0359  685.1283  3385.4663  169.7911  2848.0359  2.870425  0.046991  2.823434  12.412885  3.285499  12.412885  0.983629  3.415507e-01  7.763960e-01  2.037363e-01  0.006472  0.9283  8.457658e+03  8.843911e+05  5.715808e+55  1.903565e+58  1.313512e-06  -4.403533e+107  +1  -1  1
2848.0359  707.7821  3385.4663  192.4434  2848.0359  2.866199  0.055117  2.811082  12.413606  3.414044  12.413606  0.980770  3.410280e-01  7.734736e-01  2.197008e-01  0.006521  0.9424  1.008030e+04  8.797178e+05  6.735579e+55  1.898062e+58  1.442822e-06  -4.498699e+107  +1  -1  1
2848.0359  733.4544  3385.4663  218.1178  2848.0359  2.860689  0.064544  2.796144  12.412585  3.548040  12.412585  0.977437  3.404003e-01  7.699827e-01  2.368659e-01  0.006578  0.9595  1.203112e+04  8.741216e+05  7.944168e+55  1.891006e+58  1.560202e-06  -4.587974e+107  +1  -1  1
2848.0359  762.5564  3385.4663  247.2176  2848.0359  2.853670  0.075439  2.778231  12.409345  3.687181  12.409345  0.973564  3.396538e-01  7.658576e-01  2.552370e-01  0.006644  0.9798  1.431450e+04  8.675000e+05  9.333417e+55  1.882160e+58  1.674826e-06  -4.643684e+107  +1  -1  1
2848.0359  795.5386  3385.4663  280.1996  2848.0359  2.844801  0.087979  2.756822  12.402994  3.831072  12.402994  0.969074  3.387716e-01  7.610197e-01  2.747986e-01  0.006718  1.0037  1.703829e+04  8.596839e+05  1.096412e+56  1.871114e+58  1.793443e-06  -4.701486e+107  +1  -1  1
2848.0359  832.9189  3385.4663  317.5819  2848.0359  2.833712  0.102353  2.731359  12.392695  3.979235  12.392695  0.963880  3.377315e-01  7.553667e-01  2.955229e-01  0.006802  1.0320  2.023814e+04  8.505038e+05  1.284439e+56  1.857474e+58  1.905233e-06  -4.706632e+107  +1  -1  1
2848.0359  875.2916  3385.4663  359.9514  2848.0359  2.819993  0.118755  2.701238  12.377320  4.131228  12.377320  0.957888  3.365140e-01  7.488183e-01  3.173648e-01  0.006896  1.0654  2.397834e+04  8.397812e+05  1.499810e+56  1.840779e+58  2.020882e-06  -4.717237e+107  +1  -1  1
2848.0359  923.3117  3385.4663  407.9736  2848.0359  2.803104  0.137386  2.665719  12.355252  4.286313  12.355252  0.950988  3.350960e-01  7.412834e-01  3.402456e-01  0.007001  1.1047  2.838336e+04  8.272799e+05  1.748836e+56  1.820402e+58  2.144802e-06  -4.690457e+107  +1  -1  1
2848.0359  977.7420  3385.4663  462.4025  2848.0359  2.782551  0.158441  2.624110  12.325062  4.444041  12.325062  0.943059  3.334538e-01  7.326769e-01  3.640924e-01  0.007116  1.1508  3.355157e+04  8.128209e+05  2.035614e+56  1.795842e+58  2.255664e-06  -4.620088e+107  +1  -1  1
2848.0359  1039.4339  3385.4663  524.0930  2848.0359  2.757687  0.182111  2.575576  12.284575  4.603722  12.284575  0.933962  3.315633e-01  7.229262e-01  3.887973e-01  0.007241  1.2046  3.942959e+04  7.961609e+05  2.353231e+56  1.766388e+58  2.372876e-06  -4.570402e+107  +1  -1  1
2848.0359  1109.3497  3385.4663  594.0138  2848.0359  2.727911  0.208573  2.519338  12.231513  4.764492  12.231513  0.923541  3.294061e-01  7.119981e-01  4.142253e-01  0.007373  1.2674  4.632200e+04  7.771064e+05  2.719408e+56  1.731410e+58  2.500376e-06  -4.450203e+107  +1  -1  1
2848.0359  1188.6046  3385.4663  673.2629  2848.0359  2.692476  0.237980  2.454496  12.162900  4.925960  12.162900  0.911613  3.269613e-01  6.998607e-01  4.402467e-01  0.007511  1.3400  5.416328e+04  7.554216e+05  3.125714e+56  1.690128e+58  2.609882e-06  -4.399256e+107  +1  -1  1
2848.0359  1278.4252  3385.4663  763.0849  2848.0359  2.650318  0.270455  2.379863  12.074259  5.087014  12.074259  0.897954  3.242045e-01  6.864799e-01  4.666779e-01  0.007648  1.4235  6.301819e+04  7.307604e+05  3.572601e+56  1.641403e+58  2.745476e-06  -4.303372e+107  +1  -1  1
2848.0359  1380.2298  3385.4663  864.8903  2848.0359  2.602058  0.306080  2.295979  11.965813  5.246977  11.965813  0.882370  3.211859e-01  6.721840e-01  4.933387e-01  0.007778  1.5171  7.318904e+04  7.035364e+05  4.076910e+56  1.586096e+58  2.884901e-06  -4.063563e+107  +1  -1  1
2848.0359  1495.6207  3385.4663  980.2778  2848.0359  2.546124  0.344884  2.201240  11.830626  5.405080  11.830626  0.864545  3.178729e-01  6.569053e-01  5.200259e-01  0.007893  1.6215  8.451697e+04  6.732225e+05  4.623431e+56  1.522544e+58  2.999867e-06  -4.036431e+107  +1  -1  1
2848.0359  1626.3973  3385.4663  1111.0596  2848.0359  2.482378  0.386840  2.095538  11.664381  5.560473  11.664381  0.844165  3.143315e-01  6.410276e-01  5.465191e-01  0.007978  1.7332  9.699516e+04  6.399050e+05  5.207520e+56  1.450596e+58  3.139738e-06  -3.983865e+107  +1  -1  1
2848.0359  1774.6318  3385.4663  1259.2893  2848.0359  2.410955  0.431849  1.979106  11.463198  5.712391  11.463198  0.820881  3.106454e-01  6.249763e-01  5.725849e-01  0.008015  1.8471  1.109845e+05  6.037731e+05  5.850881e+56  1.370462e+58  3.284081e-06  -3.803773e+107  +1  -1  1
2848.0359  1942.6373  3385.4663  1427.2948  2848.0359  2.332400  0.479738  1.852662  11.223196  5.860033  11.223196  0.794316  3.069503e-01  6.093498e-01  5.979786e-01  0.007986  1.9539  1.261440e+05  5.651367e+05  6.526954e+56  1.282687e+58  3.418156e-06  -3.744315e+107  +1  -1  1
2848.0359  2133.0527  3385.4663  1617.7144  2848.0359  2.247850  0.530258  1.717592  10.941272  6.002790  10.941272  0.764105  3.034458e-01  5.949383e-01  6.224536e-01  0.007869  2.0389  1.426107e+05  5.244612e+05  7.243353e+56  1.188316e+58  3.570740e-06  -3.587574e+107  +1  -1  1
2848.0359  2348.8827  3385.4663  1833.5384  2848.0359  2.159515  0.583080  1.576435  10.618222  6.139988  10.618222  0.729995  3.003904e-01  5.826844e-01  6.457606e-01  0.007649  2.0850  1.603173e+05  4.825463e+05  7.994273e+56  1.089494e+58  3.715256e-06  -3.431526e+107  +1  -1  1
2848.0359  2593.4963  3385.4663  2078.1562  2848.0359  2.069192  0.637805  1.431387  10.249274  6.271129  10.249274  0.691761  2.981874e-01  5.740224e-01  6.676537e-01  0.007310  2.0673  1.791719e+05  4.398010e+05  8.773991e+56  9.871371e+57  3.839243e-06  -3.337558e+107  +1  -1  1
2848.0359  2870.7514  3385.4663  2355.4091  2848.0359  1.981025  0.693968  1.287057  9.845860  6.395791  9.845860  0.649692  2.971789e-01  5.701039e-01  6.878975e-01  0.006876  1.9776  1.987472e+05  3.975883e+05  9.554797e+56  8.853936e+57  3.971930e-06  -3.067230e+107  +1  -1  1
2848.0359  3184.9955  3385.4663  2669.6512  2848.0359  1.898213  0.751056  1.147156  9.415018  6.513655  9.415018  0.604335  2.977867e-01  5.724620e-01  7.062774e-01  0.006383  1.8173  2.191241e+05  3.567223e+05  1.034595e+57  7.867085e+57  4.126493e-06  -2.700768e+107  +1  -1  1
2848.0359  3541.1532  3385.4663  3025.8172  2848.0359  1.823916  0.808521  1.015395  8.969485  6.624496  8.969485  0.556712  3.003440e-01  5.825005e-01  7.225997e-01  0.005909  1.6118  2.401026e+05  3.180525e+05  1.113862e+57  6.937437e+57  4.302259e-06  -2.300705e+107  +1  -1  1
2848.0359  3944.8452  3385.4663  3429.5004  2848.0359  1.760411  0.865803  0.894607  8.523945  6.728413  8.523945  0.508181  3.050388e-01  6.014407e-01  7.366727e-01  0.005559  1.4032  2.614699e+05  2.822070e+05  1.192453e+57  6.085002e+57  4.527250e-06  -1.894718e+107  +1  -1  1
2848.0359  4402.3826  3385.4663  3887.0401  2848.0359  1.708769  0.922353  0.786416  8.093125  6.825391  8.093125  0.460224  3.118521e-01  6.301792e-01  7.483418e-01  0.005460  1.2341  2.829911e+05  2.495458e+05  1.269507e+57  5.321298e+57  4.858963e-06  -1.515458e+107  +1  -1  1
2848.0359  4920.9625  3385.4663  4405.6215  2848.0359  1.668787  0.977651  0.691136  7.688818  6.915721  7.688818  0.414155  3.205701e-01  6.693124e-01  7.574040e-01  0.005741  1.1304  3.044336e+05  2.201366e+05  1.344265e+57  4.648201e+57  5.187042e-06  -1.198855e+107  +1  -1  1
2848.0359  5508.7341  3385.4663  4993.3885  2848.0359  1.639350  1.031235  0.608115  7.319450  6.999821  7.319450  0.370949  3.308072e-01  7.190719e-01  7.634725e-01  0.006520  1.0973  3.251641e+05  1.938566e+05  1.413232e+57  4.061203e+57  6.710659e-06  -9.516415e+106  +1  -1  1
2848.0359  6174.9095  3385.4663  5659.5711  2848.0359  1.618798  1.082756  0.536043  7.079091  7.079091  6.988841  0.331136  3.377512e-01  7.554733e-01  7.555889e-01  0.007665  1.1626  3.458033e+05  1.704450e+05  1.481674e+57  3.551105e+57  8.703694e-06  -7.271026e+106  +1  -1  1
2848.0359  6929.9756  3385.4663  6414.6311  2848.0359  1.605426  1.132784  0.472643  7.164931  7.164931  6.688454  0.294403  3.309482e-01  7.197887e-01  7.198769e-01  0.007090  1.1906  3.653167e+05  1.495042e+05  1.543396e+57  3.103638e+57  -3.245178e-05  -5.771490e+106  -1  -1  1
2848.0359  7785.7703  3385.4663  7270.4259  2848.0359  1.597868  1.181791  0.416077  7.257312  7.257312  6.407411  0.260395  3.251972e-01  6.912618e-01  6.913310e-01  0.006992  1.2816  3.844354e+05  1.307186e+05  1.604305e+57  2.707491e+57  -1.895421e-05  -4.264378e+106  -1  -1  1
2848.0359  8755.7337  3385.4663  8240.3948  2848.0359  1.594926  1.229919  0.365007  7.351354  7.351354  6.135881  0.228855  3.204460e-01  6.687355e-01  6.687927e-01  0.007160  1.4128  4.028234e+05  1.138455e+05  1.662740e+57  2.354215e+57  -1.025467e-06  -3.326580e+106  -1  -1  1
2848.0359  9855.1162  3385.4663  9339.7702  2848.0359  1.595616  1.276967  0.318649  7.443264  7.443264  5.866174  0.199703  3.166261e-01  6.512628e-01  6.513110e-01  0.007354  1.5406  4.201588e+05  9.872078e+04  1.716958e+57  2.038448e+57  6.277250e-07  -2.502110e+106  +1  -1  1
2848.0359  11101.1575  3385.4663  10585.8164  2848.0359  1.598975  1.322074  0.276901  7.530195  7.530195  5.599582  0.173174  3.136296e-01  6.379346e-01  6.379748e-01  0.007628  1.6758  4.367501e+05  8.525635e+04  1.769547e+57  1.758068e+57  1.445592e-06  -1.854832e+106  +1  -1  1
2848.0359  12513.4446  3385.4663  11998.1012  2848.0359  1.604102  1.364518  0.239584  7.610102  7.610102  5.337278  0.149357  3.113316e-01  6.279288e-01  6.279627e-01  0.007900  1.8006  4.515289e+05  7.334747e+04  1.813420e+57  1.510655e+57  1.699296e-06  -1.384905e+106  +1  -1  1
2848.0359  14114.1489  3385.4663  13598.8032  2848.0359  1.610212  1.403752  0.206460  7.681863  7.681863  5.080300  0.128219  3.095980e-01  6.205008e-01  6.205294e-01  0.008164  1.9135  4.658606e+05  6.287807e+04  1.858383e+57  1.293601e+57  1.803858e-06  -9.351467e+105  +1  -1  1
2848.0359  15928.3955  3385.4663  15413.0595  2848.0359  1.616680  1.439429  0.177251  7.745119  7.745119  4.829548  0.109639  3.083029e-01  6.150174e-01  6.150414e-01  0.008382  2.0061  4.782621e+05  5.372590e+04  1.894295e+57  1.104212e+57  1.906185e-06  -6.855643e+105  +1  -1  1
2848.0359  17984.7070  3385.4663  17469.3612  2848.0359  1.623044  1.471397  0.151647  7.800044  7.800044  4.585777  0.093434  3.073371e-01  6.109645e-01  6.109849e-01  0.008564  2.0822  4.897274e+05  4.576683e+04  1.928192e+57  9.397880e+56  2.047683e-06  -4.790742e+105  +1  -1  1
2848.0359  20310.1824  3385.4663  19794.8396  2848.0359  1.628997  1.499625  0.129372  7.847174  7.847174  4.350083  0.079418  3.066117e-01  6.079402e-01  6.079574e-01  0.008713  2.1437  4.992778e+05  3.889178e+04  1.953335e+57  7.979711e+56  2.225095e-06  -4.032131e+105  +1  -1  1

3898.6037  103.0404  4550.3889  1.0000  3898.6037  2.782225  0.000042  2.782183  12.107655  0.750543  12.107655  0.999985  3.394016e-01  7.644705e-01  1.415562e-02  0.006181  0.9150  6.271911e+00  8.897396e+05  5.274343e+52  1.822798e+58  -4.550005e-07  -1.390212e+105  -1  -1  0
3898.6037  107.6573  4550.3889  1.1334  3898.6037  2.782228  0.000050  2.782178  12.107682  0.769125  12.107682  0.999982  3.394012e-01  7.644682e-01  1.486631e-02  0.006182  0.9151  7.399147e+00  8.897325e+05  6.206362e+52  1.822798e+58  -3.002200e-07  -1.384491e+105  -1  -1  0
3898.6037  113.1115  4550.3889  1.2846  3898.6037  2.782099  0.000058  2.782040  12.107001  0.788665  12.107001  0.999979  3.394045e-01  7.644865e-01  1.563236e-02  0.006181  0.9149  8.719366e+00  8.896544e+05  7.285943e+52  1.822572e+58  -1.002409e-06  -1.406208e+105  -1  -1  0
3898.6037  119.1072  4550.3889  1.4560  3898.6037  2.782266  0.000069  2.782198  12.107885  0.809122  12.107885  0.999975  3.394001e-01  7.644625e-01  1.645505e-02  0.006182  0.9151  1.027157e+01  8.897378e+05  8.545854e+52  1.822854e+58  -9.863616e-07  -1.576602e+105  -1  -1  0
3898.6037  125.0167  4550.3889  1.6503  3898.6037  2.782273  0.000081  2.782192  12.107828  0.830696  12.107828  0.999971  3.394026e-01  7.644759e-01  1.734536e-02  0.006181  0.9150  1.209752e+01  8.897241e+05  1.001927e+53  1.822833e+58  -1.140587e-05  -1.761684e+105  -1  -1  0
3898.6037  131.6026  4550.3889  1.8704  3898.6037  2.782291  0.000095  2.782196  12.107900  0.853215  12.107900  0.999966  3.394028e-01  7.644770e-01  1.829984e-02  0.006182  0.9150  1.424676e+01  8.897205e+05  1.174488e+53  1.822849e+58  -1.769015e-05  -2.003473e+105  -1  -1  0
3898.6037  137.9494  4550.3889  2.1200  3898.6037  2.782329  0.000112  2.782217  12.108020  0.877047  12.108020  0.999960  3.394040e-01  7.644836e-01  1.933745e-02  0.006182  0.9150  1.677840e+01  8.897247e+05  1.376855e+53  1.822887e+58  -3.711967e-05  -1.857463e+105  -1  -1  0
3898.6037  152.7256  4550.3889  2.4028  3898.6037  2.782356  0.000131  2.782225  12.108147  0.900844  12.108147  0.999953  3.394038e-01  7.644825e-01  2.040234e-02  0.006182  0.9150  1.965200e+01  8.897210e+05  1.605619e+53  1.822916e+58  -8.645352e-05  -3.117534e+105  -1  -1  0
3898.6037  157.6382  4550.3889  2.7234  3898.6037  2.782391  0.000154  2.782238  12.108252  0.925903  12.108252  0.999945  3.394051e-01  7.644897e-01  2.155479e-02  0.006182  0.9151  2.306540e+01  8.897193e+05  1.876345e+53  1.822945e+58  4.154366e-05  -4.086706e+105  +1  -1  0
3898.6037  162.7167  4550.3889  3.0867  3898.6037  2.782424  0.000180  2.782243  12.108369  0.952559  12.108369  0.999935  3.394058e-01  7.644935e-01  2.281539e-02  0.006183  0.9151  2.715044e+01  8.897112e+05  2.199255e+53  1.822969e+58  3.036358e-04  -4.708053e+105  +1  -1  0
3898.6037  167.9681  4550.3889  3.4985  3898.6037  2.782472  0.000213  2.782259  12.108555  0.981149  12.108555  0.999924  3.394064e-01  7.644970e-01  2.420652e-02  0.006182  0.9151  3.202792e+01  8.897100e+05  2.583586e+53  1.823018e+58  1.556471e-05  -5.414723e+105  +1  -1  0
3898.6037  173.4000  4550.3889  3.9652  3898.6037  2.782523  0.000251  2.782272  12.108746  1.011518  12.108746  0.999910  3.394073e-01  7.645020e-01  2.572866e-02  0.006183  0.9151  3.784502e+01  8.897071e+05  3.040540e+53  1.823067e+58  1.730986e-05  -6.154696e+105  +1  -1  0
3898.6037  179.0190  4550.3889  4.4943  3898.6037  2.782802  0.000296  2.782506  12.109739  1.043953  12.109739  0.999894  3.394135e-01  7.645360e-01  2.740426e-02  0.006183  0.9152  4.477724e+01  8.898057e+05  3.583386e+53  1.823411e+58  1.297397e-05  -7.124085e+105  +1  -1  0
3898.6037  184.8335  4550.3889  5.0939  3898.6037  2.782626  0.000350  2.782275  12.109189  1.078162  12.109189  0.999874  3.394074e-01  7.645025e-01  2.922782e-02  0.006183  0.9152  5.303382e+01  8.896803e+05  4.227908e+53  1.823158e+58  -3.739706e-04  -8.223246e+105  -1  -1  0
3898.6037  190.8524  4550.3889  5.7734  3898.6037  2.782701  0.000414  2.782286  12.109451  1.114672  12.109451  0.999851  3.394092e-01  7.645124e-01  3.123632e-02  0.006183  0.9152  6.286976e+01  8.896703e+05  4.993271e+53  1.823221e+58  -3.569892e-04  -9.380480e+105  -1  -1  0
3898.6037  197.0844  4550.3889  6.5437  3898.6037  2.782776  0.000490  2.782286  12.109805  1.153360  12.109805  0.999824  3.394086e-01  7.645088e-01  3.343496e-02  0.006184  0.9153  7.458150e+01  8.896547e+05  5.901560e+53  1.823295e+58  -1.686022e-05  -1.074584e+106  -1  -1  0
3898.6037  203.5396  4550.3889  7.4167  3898.6037  2.782847  0.000580  2.782267  12.110081  1.194426  12.110081  0.999791  3.394094e-01  7.645136e-01  3.584694e-02  0.006184  0.9153  8.852729e+01  8.896248e+05  6.979373e+53  1.823342e+58  -3.665464e-06  -1.235760e+106  -1  -1  0
3898.6037  210.2287  4550.3889  8.4062  3898.6037  2.782802  0.000687  2.782115  12.110223  1.237760  12.110223  0.999753  3.394000e-01  7.644617e-01  3.847950e-02  0.006185  0.9156  1.051349e+02  8.895195e+05  8.258219e+53  1.823264e+58  9.864948e-06  -1.419820e+106  +1  -1  0
3898.6037  217.1631  4550.3889  9.5277  3898.6037  2.783022  0.000814  2.782208  12.110945  1.283659  12.110945  0.999708  3.394066e-01  7.644980e-01  4.136409e-02  0.006186  0.9156  1.249137e+02  8.895564e+05  9.775430e+53  1.823496e+58  -8.983360e-05  -1.609821e+106  -1  -1  0
3898.6037  224.3537  4550.3889  10.7988  3898.6037  2.783116  0.000964  2.782152  12.111518  1.331010  12.111518  0.999654  3.394020e-01  7.644728e-01  4.444766e-02  0.006187  0.9158  1.484713e+02  8.894796e+05  1.157501e+54  1.823560e+58  1.478606e-05  -1.855296e+106  +1  -1  0
3898.6037  231.8138  4550.3889  12.2395  3898.6037  2.783256  0.001142  2.782115  12.112060  1.380562  12.112060  0.999590  3.394039e-01  7.644831e-01  4.778857e-02  0.006188  0.9159  1.765301e+02  8.894645e+05  1.370917e+54  1.823690e+58  1.987077e-05  -2.104891e+106  +1  -1  0
3898.6037  239.5612  4550.3889  13.8724  3898.6037  2.783377  0.001352  2.782025  12.112722  1.432977  12.112722  0.999514  3.394001e-01  7.644621e-01  5.144539e-02  0.006188  0.9160  2.099666e+02  8.893976e+05  1.624041e+54  1.823789e+58  -3.440287e-06  -2.390987e+106  -1  -1  0
3898.6037  247.6067  4550.3889  15.7232  3898.6037  2.783513  0.001602  2.781911  12.113494  1.488392  12.113494  0.999425  3.393950e-01  7.644340e-01  5.544704e-02  0.006190  0.9164  2.498112e+02  8.893159e+05  1.924161e+54  1.823899e+58  -2.975308e-06  -2.741753e+106  -1  -1  0
3898.6037  255.9695  4550.3889  17.8208  3898.6037  2.783653  0.001897  2.781757  12.114330  1.547011  12.114330  0.999319  3.393887e-01  7.643998e-01  5.982898e-02  0.006192  0.9167  2.972982e+02  8.892150e+05  2.279947e+54  1.824005e+58  -1.102117e-04  -3.121675e+106  -1  -1  0
3898.6037  264.6662  4550.3889  20.1984  3898.6037  2.783905  0.002246  2.781659  12.115165  1.608879  12.115165  0.999193  3.393960e-01  7.644396e-01  6.461761e-02  0.006192  0.9167  3.539315e+02  8.891562e+05  2.701798e+54  1.824184e+58  -1.129957e-04  -3.555736e+106  -1  -1  0
3898.6037  273.7197  4550.3889  22.8931  3898.6037  2.783953  0.002658  2.781295  12.116322  1.673943  12.116322  0.999045  3.393695e-01  7.642941e-01  6.983304e-02  0.006196  0.9176  4.214613e+02  8.889376e+05  3.201682e+54  1.824211e+58  -1.533759e-06  -4.046075e+106  -1  -1  0
3898.6037  283.1505  4550.3889  25.9473  3898.6037  2.784123  0.003146  2.780977  12.117501  1.742694  12.117501  0.998870  3.393571e-01  7.642261e-01  7.553754e-02  0.006198  0.9181  5.020174e+02  8.887787e+05  3.794035e+54  1.824336e+58  -2.050129e-03  -4.558820e+106  -1  -1  0
3898.6037  292.9824  4550.3889  29.4090  3898.6037  2.784536  0.003723  2.780813  12.119533  1.814977  12.119533  0.998663  3.393505e-01  7.641900e-01  8.174770e-02  0.006202  0.9187  5.981666e+02  8.886823e+05  4.495978e+54  1.824739e+58  -2.053518e-03  -4.656460e+106  -1  -1  0
3898.6037  548.6687  4550.3889  33.3326  3898.6037  2.784530  0.004179  2.780351  12.120297  1.861824  12.120297  0.998499  3.393284e-01  7.640687e-01  8.589682e-02  0.006205  0.9195  6.741739e+02  8.883847e+05  5.045664e+54  1.824620e+58  -1.274373e-06  -9.625609e+106  -1  -1  1
3898.6037  553.1161  4550.3889  37.7796  3898.6037  2.784781  0.004717  2.780064  12.121880  1.907367  12.121880  0.998306  3.393147e-01  7.639933e-01  9.006721e-02  0.006208  0.9201  7.633627e+02  8.881706e+05  5.684858e+54  1.824796e+58  -2.618284e-06  -1.016787e+107  -1  -1  1
3898.6037  558.1558  4550.3889  42.8198  3898.6037  2.785101  0.005384  2.779717  12.123692  1.957295  12.123692  0.998067  3.393029e-01  7.639288e-01  9.477196e-02  0.006212  0.9208  8.740011e+02  8.879574e+05  6.472247e+54  1.825038e+58  -2.686445e-06  -1.100321e+107  -1  -1  1
3898.6037  563.8691  4550.3889  48.5326  3898.6037  2.785418  0.006200  2.779218  12.125821  2.011902  12.125821  0.997774  3.392820e-01  7.638137e-01  1.000622e-01  0.006216  0.9218  1.010536e+03  8.876643e+05  7.437175e+54  1.825263e+58  -1.737939e-06  -1.182289e+107  -1  -1  1
3898.6037  570.3441  4550.3889  55.0074  3898.6037  2.785710  0.007188  2.778522  12.128175  2.071377  12.128175  0.997420  3.392518e-01  7.636480e-01  1.059864e-01  0.006222  0.9230  1.176893e+03  8.872794e+05  8.604312e+54  1.825436e+58  -1.228432e-06  -1.267748e+107  -1  -1  1
3898.6037  577.6823  4550.3889  62.3461  3898.6037  2.786004  0.008379  2.777625  12.130860  2.136014  12.130860  0.996993  3.392124e-01  7.634322e-01  1.126071e-01  0.006229  0.9247  1.380721e+03  8.868068e+05  1.002326e+55  1.825588e+58  -1.019398e-06  -1.340790e+107  -1  -1  1
3898.6037  586.0010  4550.3889  70.6639  3898.6037  2.786302  0.009806  2.776496  12.133984  2.205903  12.133984  0.996481  3.391613e-01  7.631521e-01  1.199713e-01  0.006238  0.9266  1.626237e+03  8.862421e+05  1.171831e+55  1.825736e+58  -6.963723e-07  -1.412726e+107  -1  -1  1
3898.6037  595.4279  4550.3889  80.0914  3898.6037  2.786465  0.011510  2.774955  12.137138  2.281245  12.137138  0.995869  3.390931e-01  7.627783e-01  1.281387e-01  0.006248  0.9291  1.922769e+03  8.854947e+05  1.374738e+55  1.825682e+58  -2.879429e-07  -1.496935e+107  -1  -1  1
3898.6037  606.1136  4550.3889  90.7766  3898.6037  2.786572  0.013539  2.773033  12.140679  2.362154  12.140679  0.995141  3.390072e-01  7.623079e-01  1.371629e-01  0.006260  0.9321  2.283620e+03  8.845940e+05  1.619367e+55  1.825539e+58  -9.809473e-08  -1.570904e+107  -1  -1  1
3898.6037  618.2249  4550.3889  102.8874  3898.6037  2.786556  0.015946  2.770610  12.144555  2.448962  12.144555  0.994278  3.388970e-01  7.617051e-01  1.471209e-01  0.006275  0.9358  2.716735e+03  8.834942e+05  1.909910e+55  1.825237e+58  1.130858e-07  -1.638305e+107  +1  -1  1
3898.6037  631.9498  4550.3889  116.6139  3898.6037  2.786372  0.018795  2.767577  12.148639  2.540989  12.148639  0.993255  3.387607e-01  7.609604e-01  1.579939e-01  0.006293  0.9403  3.233626e+03  8.821513e+05  2.252687e+55  1.824698e+58  3.084341e-07  -1.723465e+107  +1  -1  1
3898.6037  647.5096  4550.3889  132.1717  3898.6037  2.785959  0.022156  2.763803  12.152924  2.638957  12.152924  0.992047  3.385911e-01  7.600348e-01  1.698906e-01  0.006313  0.9457  3.864198e+03  8.805198e+05  2.666195e+55  1.823861e+58  4.939856e-07  -1.794552e+107  +1  -1  1
3898.6037  665.1426  4550.3889  149.8051  3898.6037  2.785223  0.026111  2.759112  12.157268  2.742600  12.157268  0.990625  3.383807e-01  7.588889e-01  1.828292e-01  0.006338  0.9525  4.614224e+03  8.785326e+05  3.151572e+55  1.822612e+58  6.676433e-07  -1.853587e+107  +1  -1  1
3898.6037  685.1283  4550.3889  169.7911  3898.6037  2.784088  0.030751  2.753337  12.161589  2.851859  12.161589  0.988955  3.381226e-01  7.574863e-01  1.968374e-01  0.006367  0.9604  5.513656e+03  8.761320e+05  3.725669e+55  1.820859e+58  8.334629e-07  -1.923859e+107  +1  -1  1
3898.6037  707.7821  4550.3889  192.4434  3898.6037  2.782315  0.036179  2.746136  12.165558  2.966607  12.165558  0.986997  3.377971e-01  7.557215e-01  2.119360e-01  0.006401  0.9703  6.589533e+03  8.731528e+05  4.402452e+55  1.818324e+58  9.935383e-07  -1.993604e+107  +1  -1  1
3898.6037  733.4544  4550.3889  218.1178  3898.6037  2.780097  0.042510  2.737588  12.169370  3.086665  12.169370  0.984709  3.374221e-01  7.536958e-01  2.281280e-01  0.006440  0.9816  7.888772e+03  8.697645e+05  5.208298e+55  1.815260e+58  1.124605e-06  -2.042436e+107  +1  -1  1
3898.6037  762.5564  4550.3889  247.2176  3898.6037  2.776926  0.049870  2.727057  12.172252  3.211846  12.172252  0.982041  3.369575e-01  7.511951e-01  2.454122e-01  0.006486  0.9954  9.417138e+03  8.656027e+05  6.139423e+55  1.811041e+58  1.269970e-06  -2.085579e+107  +1  -1  1
3898.6037  795.5386  4550.3889  280.1996  3898.6037  2.772708  0.058398  2.714310  12.173967  3.341912  12.173967  0.978938  3.363982e-01  7.481995e-01  2.637662e-01  0.006539  1.0119  1.125035e+04  8.606409e+05  7.238676e+55  1.805581e+58  1.407676e-06  -2.130061e+107  +1  -1  1
3898.6037  832.9189  4550.3889  317.5819  3898.6037  2.767186  0.068246  2.698941  12.173918  3.476575  12.173918  0.975337  3.357296e-01  7.446383e-01  2.831571e-01  0.006600  1.0315  1.341776e+04  8.547391e+05  8.514687e+55  1.798577e+58  1.535836e-06  -2.155849e+107  +1  -1  1
3898.6037  875.2916  4550.3889  359.9514  3898.6037  2.760065  0.079577  2.680488  12.171420  3.615490  12.171420  0.971169  3.349343e-01  7.404302e-01  3.035325e-01  0.006669  1.0548  1.596908e+04  8.477474e+05  9.987281e+55  1.789693e+58  1.664909e-06  -2.177756e+107  +1  -1  1
3898.6037  923.3117  4550.3889  407.9736  3898.6037  2.751024  0.092563  2.658460  12.165746  3.758293  12.165746  0.966353  3.339929e-01  7.354881e-01  3.248235e-01  0.006747  1.0823  1.899679e+04  8.395132e+05  1.170355e+56  1.778585e+58  1.798256e-06  -2.207698e+107  +1  -1  1
3898.6037  977.7420  4550.3889  462.4025  3898.6037  2.739438  0.107388  2.632050  12.154809  3.904603  12.154809  0.960799  3.328856e-01  7.297290e-01  3.469500e-01  0.006835  1.1147  2.257874e+04  8.297413e+05  1.369737e+56  1.764463e+58  1.919224e-06  -2.199251e+107  +1  -1  1
3898.6037  1039.4339  4550.3889  524.0930  3898.6037  2.725478  0.124238  2.601240  12.140353  4.053925  12.140353  0.954416  3.315836e-01  7.230299e-01  3.698097e-01  0.006936  1.1535  2.669384e+04  8.185529e+05  1.592976e+56  1.747812e+58  2.039703e-06  -2.162578e+107  +1  -1  1
3898.6037  1109.3497  4550.3889  594.0138  3898.6037  2.707998  0.143304  2.564695  12.117826  4.205808  12.117826  0.947081  3.300695e-01  7.153363e-01  3.932904e-01  0.007045  1.1988  3.156758e+04  8.054217e+05  1.853058e+56  1.727087e+58  2.169786e-06  -2.162778e+107  +1  -1  1
3898.6037  1188.6046  4550.3889  673.2629  3898.6037  2.686629  0.164772  2.521857  12.086321  4.359709  12.086321  0.938670  3.283184e-01  7.065660e-01  4.172609e-01  0.007164  1.2519  3.717576e+04  7.902357e+05  2.145173e+56  1.701993e+58  2.282255e-06  -2.142364e+107  +1  -1  1
3898.6037  1278.4252  4550.3889  763.0849  3898.6037  2.660519  0.188821  2.471698  12.043046  4.515107  12.043046  0.929028  3.262959e-01  6.966021e-01  4.415806e-01  0.007291  1.3142  4.359309e+04  7.726687e+05  2.471133e+56  1.671611e+58  2.411336e-06  -2.101559e+107  +1  -1  1
3898.6037  1380.2298  4550.3889  864.8903  3898.6037  2.629441  0.215615  2.413827  11.986713  4.671341  11.986713  0.918000  3.240000e-01  6.854995e-01  4.660914e-01  0.007427  1.3867  5.105850e+04  7.527184e+05  2.843891e+56  1.635790e+58  2.548276e-06  -2.042529e+107  +1  -1  1
3898.6037  1495.6207  4550.3889  980.2778  3898.6037  2.592878  0.245291  2.347588  11.914483  4.827826  11.914483  0.905398  3.214316e-01  6.733344e-01  4.906302e-01  0.007563  1.4694  5.950107e+04  7.302907e+05  3.254622e+56  1.594013e+58  2.664028e-06  -2.015244e+107  +1  -1  1
3898.6037  1626.3973  4550.3889  1111.0596  3898.6037  2.549425  0.277956  2.271469  11.821085  4.983981  11.821085  0.890973  3.185419e-01  6.599569e-01  5.150239e-01  0.007696  1.5644  6.895978e+04  7.048607e+05  3.701960e+56  1.544793e+58  2.795064e-06  -1.976554e+107  +1  -1  1
3898.6037  1774.6318  4550.3889  1259.2893  3898.6037  2.498858  0.313675  2.185183  11.703610  5.139055  11.703610  0.874473  3.153576e-01  6.455811e-01  5.390900e-01  0.007819  1.6712  7.973598e+04  6.765074e+05  4.203056e+56  1.488013e+58  2.933278e-06  -1.937547e+107  +1  -1  1
3898.6037  1942.6373  4550.3889  1427.2948  3898.6037  2.440724  0.352459  2.088265  11.557679  5.292345  11.557679  0.855593  3.119102e-01  6.304309e-01  5.626434e-01  0.007917  1.7878  9.164143e+04  6.451951e+05  4.741167e+56  1.423258e+58  3.062736e-06  -1.912035e+107  +1  -1  1
3898.6037  2133.0527  4550.3889  1617.7144  3898.6037  2.374839  0.394261  1.980578  11.378753  5.443318  11.378753  0.833984  3.082628e-01  6.148485e-01  5.854949e-01  0.007976  1.9103  1.048274e+05  6.109964e+05  5.323605e+56  1.350386e+58  3.204274e-06  -1.875976e+107  +1  -1  1
3898.6037  2348.8827  4550.3889  1833.5384  3898.6037  2.301415  0.438964  1.862451  11.162378  5.591241  11.162378  0.809263  3.045228e-01  5.993259e-01  6.074525e-01  0.007978  2.0310  1.193027e+05  5.741195e+05  5.948178e+56  1.269633e+58  3.333278e-06  -1.881546e+107  +1  -1  1
3898.6037  2593.4963  4550.3889  2078.1562  3898.6037  2.221198  0.486382  1.734815  10.904456  5.735545  10.904456  0.781027  3.008603e-01  5.845503e-01  6.283337e-01  0.007900  2.1364  1.348532e+05  5.349203e+05  6.598430e+56  1.181670e+58  3.478803e-06  -1.861389e+107  +1  -1  1
3898.6037  2870.7514  4550.3889  2355.4091  3898.6037  2.135859  0.536252  1.599607  10.603482  5.875655  10.603482  0.748929  2.975129e-01  5.713984e-01  6.479550e-01  0.007723  2.2087  1.518124e+05  4.940340e+05  7.297058e+56  1.088066e+58  3.621473e-06  -1.759785e+107  +1  -1  1
3898.6037  3184.9955  4550.3889  2669.6512  3898.6037  2.047631  0.588240  1.459392  10.258929  6.011087  10.258929  0.712722  2.948027e-01  5.609865e-01  6.661469e-01  0.007432  2.2252  1.696740e+05  4.521747e+05  8.009540e+56  9.906886e+57  3.743917e-06  -1.711963e+107  +1  -1  1
3898.6037  3541.1532  4550.3889  3025.8172  3898.6037  1.959250  0.641944  1.317306  9.872336  6.141395  9.872336  0.672352  2.931241e-01  5.546409e-01  6.827501e-01  0.007028  2.1650  1.885185e+05  4.101274e+05  8.743654e+56  8.917275e+57  3.879079e-06  -1.591788e+107  +1  -1  1
3898.6037  3944.8452  4550.3889  3429.5004  3898.6037  1.874437  0.696911  1.177527  9.452084  6.266218  9.452084  0.628203  2.929038e-01  5.538135e-01  6.976310e-01  0.006537  2.0216  2.081943e+05  3.689472e+05  9.492505e+56  7.943253e+57  4.021145e-06  -1.420372e+107  +1  -1  1
3898.6037  4402.3826  4550.3889  3887.0401  3898.6037  1.796892  0.752643  1.044249  9.011595  6.385374  9.011595  0.581142  2.945112e-01  5.598792e-01  7.106629e-01  0.006026  1.8132  2.285215e+05  3.296565e+05  1.024868e+57  7.016432e+57  4.167078e-06  -1.221434e+107  +1  -1  1
3898.6037  4920.9625  4550.3889  4405.6215  3898.6037  1.729089  0.808623  0.920466  8.562711  6.498742  8.562711  0.532342  2.982551e-01  5.742861e-01  7.217419e-01  0.005586  1.5779  2.492976e+05  2.928622e+05  1.100453e+57  6.155700e+57  4.267893e-06  -1.042306e+107  +1  -1  1
3898.6037  5508.7341  4550.3889  4993.3885  3898.6037  1.672873  0.864329  0.808544  8.121864  6.606292  8.121864  0.483327  3.042208e-01  5.980916e-01  7.307781e-01  0.005345  1.3674  2.699704e+05  2.591053e+05  1.172912e+57  5.378215e+57  4.499674e-06  -8.398210e+106  +1  -1  1
3898.6037  6174.9095  4550.3889  5659.5711  3898.6037  1.628697  0.919261  0.709437  7.703301  6.708123  7.703301  0.435585  3.122807e-01  6.320391e-01  7.376692e-01  0.005444  1.2222  2.909724e+05  2.285975e+05  1.246100e+57  4.690471e+57  4.724129e-06  -6.561843e+106  +1  -1  1
3898.6037  6929.9756  4550.3889  6414.6311  3898.6037  1.595839  0.972960  0.622879  7.317383  6.804700  7.317383  0.390315  3.221179e-01  6.765590e-01  7.421809e-01  0.006032  1.1596  3.114104e+05  2.012849e+05  1.314683e+57  4.090173e+57  5.450508e-06  -5.043843e+106  +1  -1  1
3898.6037  7785.7703  4550.3889  7270.4259  3898.6037  1.572857  1.025035  0.547822  6.970393  6.896328  6.970393  0.348297  3.332834e-01  7.317915e-01  7.434803e-01  0.007239  1.1736  3.317997e+05  1.769570e+05  1.383149e+57  3.569770e+57  5.978435e-06  -3.848367e+106  +1  -1  1
3898.6037  8755.7337  4550.3889  8240.3948  3898.6037  1.558033  1.075564  0.482469  6.989970  6.989970  6.660657  0.309665  3.292175e-01  7.110525e-01  7.111799e-01  0.007302  1.2587  3.510330e+05  1.552805e+05  1.444708e+57  3.117403e+57  1.695469e-05  -3.060205e+106  +1  -1  1
3898.6037  9855.1162  4550.3889  9339.7702  3898.6037  1.549884  1.125419  0.424464  7.093305  7.093305  6.373896  0.273869  3.227246e-01  6.794257e-01  6.795249e-01  0.007009  1.3348  3.700255e+05  1.358562e+05  1.506611e+57  2.718668e+57  3.308542e-05  -2.236251e+106  +1  -1  1
3898.6037  11101.1575  4550.3889  10585.8164  3898.6037  1.547168  1.174635  0.372533  7.200876  7.200876  6.102686  0.240784  3.173466e-01  6.545166e-01  6.545964e-01  0.007113  1.4734  3.885189e+05  1.184445e+05  1.567707e+57  2.365208e+57  -1.335274e-06  -1.695940e+106  -1  -1  1
3898.6037  12513.4446  4550.3889  11998.1012  3898.6037  1.548829  1.223392  0.325437  7.308158  7.308158  5.834681  0.210118  3.130237e-01  6.352785e-01  6.353454e-01  0.007341  1.6284  4.061374e+05  1.028209e+05  1.625846e+57  2.049383e+57  1.303507e-06  -1.274566e+106  +1  -1  1
3898.6037  14114.1489  4550.3889  13598.8032  3898.6037  1.553884  1.270900  0.282984  7.411602  7.411602  5.569811  0.182114  3.096621e-01  6.207735e-01  6.208286e-01  0.007653  1.7918  4.226962e+05  8.888941e+04  1.680117e+57  1.768683e+57  2.023363e-06  -9.516167e+105  +1  -1  1
3898.6037  15928.3955  4550.3889  15413.0595  3898.6037  1.561355  1.316354  0.245001  7.508505  7.508505  5.309219  0.156915  3.071352e-01  6.101212e-01  6.101674e-01  0.007973  1.9449  4.385049e+05  7.654790e+04  1.732984e+57  1.520754e+57  2.305543e-06  -6.694791e+105  +1  -1  1
3898.6037  17984.7070  4550.3889  17469.3612  3898.6037  1.570347  1.359092  0.211255  7.597124  7.597124  5.053918  0.134528  3.053009e-01  6.025184e-01  6.025571e-01  0.008264  2.0772  4.530202e+05  6.568185e+04  1.780894e+57  1.303046e+57  2.572576e-06  -4.951449e+105  +1  -1  1
3898.6037  20310.1824  4550.3889  19794.8396  3898.6037  1.580085  1.398557  0.181528  7.676413  7.676413  4.805304  0.114885  3.040212e-01  5.972776e-01  5.973103e-01  0.008521  2.1870  4.661471e+05  5.618799e+04  1.823412e+57  1.113285e+57  2.680448e-06  -3.888620e+105  +1  -1  1

5336.6992  103.0404  6143.5142  1.0000  5336.6992  2.698504  0.000026  2.698478  11.916305  0.643117  11.916305  0.999990  3.344746e-01  7.380117e-01  1.400559e-02  0.006280  1.0002  3.947356e+00  8.715001e+05  3.319528e+52  1.740997e+58  8.089562e-06  -5.398334e+104  +1  -1  0
5336.6992  107.6573  6143.5142  1.1334  5336.6992  2.698516  0.000031  2.698485  11.916344  0.659081  11.916344  0.999988  3.344749e-01  7.380133e-01  1.470811e-02  0.006280  1.0002  4.657322e+00  8.715008e+05  3.906542e+52  1.741009e+58  7.490891e-06  -5.346892e+104  +1  -1  0
5336.6992  113.1115  6143.5142  1.2846  5336.6992  2.698547  0.000037  2.698511  11.916458  0.675813  11.916458  0.999986  3.344756e-01  7.380170e-01  1.546273e-02  0.006281  1.0002  5.488945e+00  8.715107e+05  4.586588e+52  1.741047e+58  2.839547e-06  -5.406293e+104  +1  -1  0
5336.6992  119.1072  6143.5142  1.4560  5336.6992  2.698779  0.000043  2.698736  11.917176  0.693415  11.917176  0.999984  3.344842e-01  7.380621e-01  1.627668e-02  0.006281  1.0002  6.466928e+00  8.716179e+05  5.380415e+52  1.741330e+58  -8.310122e-06  -6.145410e+104  -1  -1  0
5336.6992  125.0167  6143.5142  1.6503  5336.6992  2.698572  0.000051  2.698521  11.916536  0.711903  11.916536  0.999981  3.344765e-01  7.380214e-01  1.715380e-02  0.006281  1.0003  7.617504e+00  8.715106e+05  6.308860e+52  1.741070e+58  5.906207e-06  -6.841365e+104  +1  -1  0
5336.6992  131.6026  6143.5142  1.8704  5336.6992  2.698793  0.000060  2.698733  11.917236  0.731300  11.917236  0.999978  3.344843e-01  7.380624e-01  1.809848e-02  0.006281  1.0002  8.972130e+00  8.716071e+05  7.396488e+52  1.741337e+58  -4.840682e-04  -7.781411e+104  -1  -1  0
5336.6992  137.9494  6143.5142  2.1200  5336.6992  2.698604  0.000071  2.698533  11.916620  0.751687  11.916620  0.999974  3.344781e-01  7.380299e-01  1.911822e-02  0.006281  1.0002  1.056803e+01  8.715077e+05  8.672188e+52  1.741095e+58  3.817426e-06  -7.284292e+104  +1  -1  0
5336.6992  152.7256  6143.5142  2.4028  5336.6992  2.698638  0.000083  2.698556  11.916782  0.772147  11.916782  0.999969  3.344778e-01  7.380285e-01  2.016944e-02  0.006281  1.0002  1.238035e+01  8.715154e+05  1.011497e+53  1.741142e+58  -5.900751e-05  -1.212692e+105  -1  -1  0
5336.6992  157.6382  6143.5142  2.7234  5336.6992  2.698646  0.000097  2.698549  11.916742  0.793671  11.916742  0.999964  3.344798e-01  7.380391e-01  2.130545e-02  0.006281  1.0002  1.453350e+01  8.715044e+05  1.182270e+53  1.741129e+58  1.642465e-05  -1.587982e+105  +1  -1  0
5336.6992  162.7167  6143.5142  3.0867  5336.6992  2.698678  0.000114  2.698564  11.916865  0.816641  11.916865  0.999958  3.344804e-01  7.380422e-01  2.255146e-02  0.006281  1.0003  1.711038e+01  8.715071e+05  1.385967e+53  1.741165e+58  7.045445e-06  -1.831645e+105  +1  -1  0
5336.6992  167.9681  6143.5142  3.4985  5336.6992  2.698646  0.000134  2.698512  11.916848  0.841138  11.916848  0.999950  3.344769e-01  7.380236e-01  2.391836e-02  0.006281  1.0003  2.018836e+01  8.714635e+05  1.628506e+53  1.741116e+58  6.615713e-06  -2.107098e+105  +1  -1  0
5336.6992  173.4000  6143.5142  3.9652  5336.6992  2.698722  0.000158  2.698563  11.917023  0.867263  11.917023  0.999941  3.344814e-01  7.380472e-01  2.541910e-02  0.006281  1.0002  2.385937e+01  8.714838e+05  1.916879e+53  1.741190e+58  3.007463e-06  -2.414639e+105  +1  -1  0
5336.6992  179.0190  6143.5142  4.4943  5336.6992  2.698786  0.000187  2.698599  11.917231  0.895059  11.917231  0.999931  3.344835e-01  7.380585e-01  2.706420e-02  0.006281  1.0002  2.823511e+01  8.715021e+05  2.259535e+53  1.741265e+58  -3.246736e-05  -2.781511e+105  -1  -1  0
5336.6992  184.8335  6143.5142  5.0939  5336.6992  2.698828  0.000221  2.698607  11.917367  0.924544  11.917367  0.999918  3.344849e-01  7.380658e-01  2.886358e-02  0.006281  1.0002  3.344832e+01  8.714955e+05  2.666498e+53  1.741299e+58  -3.088293e-05  -3.174673e+105  -1  -1  0
5336.6992  190.8524  6143.5142  5.7734  5336.6992  2.699068  0.000261  2.698806  11.917928  0.955771  11.917928  0.999903  3.344989e-01  7.381392e-01  3.082986e-02  0.006281  0.9999  3.965862e+01  8.715714e+05  3.149742e+53  1.741529e+58  -2.658635e-05  -3.648920e+105  -1  -1  0
5336.6992  197.0844  6143.5142  6.5437  5336.6992  2.698944  0.000309  2.698635  11.917797  0.989166  11.917797  0.999885  3.344873e-01  7.380781e-01  3.300021e-02  0.006282  1.0002  4.705660e+01  8.714857e+05  3.723492e+53  1.741407e+58  -3.858415e-06  -4.204228e+105  -1  -1  0
5336.6992  203.5396  6143.5142  7.4167  5336.6992  2.698988  0.000366  2.698621  11.917970  1.024465  11.917970  0.999864  3.344878e-01  7.380808e-01  3.537038e-02  0.006282  1.0002  5.586789e+01  8.714673e+05  4.404495e+53  1.741439e+58  -5.160009e-06  -4.771279e+105  -1  -1  0
5336.6992  210.2287  6143.5142  8.4062  5336.6992  2.699303  0.000434  2.698869  11.919010  1.061710  11.919010  0.999839  3.344977e-01  7.381328e-01  3.795553e-02  0.006283  1.0002  6.636420e+01  8.715742e+05  5.212763e+53  1.741808e+58  1.104351e-05  -5.481753e+105  +1  -1  0
5336.6992  217.1631  6143.5142  9.5277  5336.6992  2.699140  0.000514  2.698626  11.918326  1.101204  11.918326  0.999810  3.344966e-01  7.381274e-01  4.078971e-02  0.006282  1.0001  7.886698e+01  8.714231e+05  6.171843e+53  1.741513e+58  7.392499e-06  -6.323463e+105  +1  -1  0
5336.6992  224.3537  6143.5142  10.7988  5336.6992  2.699260  0.000609  2.698651  11.918933  1.142005  11.918933  0.999774  3.344945e-01  7.381162e-01  4.382047e-02  0.006283  1.0003  9.376550e+01  8.714265e+05  7.309984e+53  1.741666e+58  -3.673454e-05  -7.175305e+105  -1  -1  0
5336.6992  231.8138  6143.5142  12.2395  5336.6992  2.699339  0.000722  2.698617  11.919351  1.184649  11.919351  0.999733  3.344925e-01  7.381057e-01  4.709717e-02  0.006283  1.0004  1.115158e+02  8.713958e+05  8.660098e+53  1.741745e+58  -7.633045e-06  -8.171668e+105  -1  -1  0
5336.6992  239.5612  6143.5142  13.8724  5336.6992  2.699662  0.000855  2.698807  11.920660  1.229559  11.920660  0.999683  3.344958e-01  7.381230e-01  5.066570e-02  0.006285  1.0006  1.326766e+02  8.714661e+05  1.026207e+54  1.742130e+58  1.472319e-05  -9.356789e+105  +1  -1  0
5336.6992  247.6067  6143.5142  15.7232  5336.6992  2.699576  0.001013  2.698563  11.920391  1.277480  11.920391  0.999625  3.344927e-01  7.381069e-01  5.460166e-02  0.006285  1.0006  1.579022e+02  8.713266e+05  1.216217e+54  1.741952e+58  -9.114939e-06  -1.076707e+106  -1  -1  0
5336.6992  255.9695  6143.5142  17.8208  5336.6992  2.699721  0.001200  2.698521  11.921032  1.327881  11.921032  0.999556  3.344927e-01  7.381066e-01  5.888464e-02  0.006286  1.0008  1.879813e+02  8.712826e+05  1.441587e+54  1.742077e+58  -8.693190e-06  -1.220577e+106  -1  -1  0
5336.6992  264.6662  6143.5142  20.1984  5336.6992  2.699871  0.001421  2.698449  11.921783  1.381185  11.921783  0.999474  3.344902e-01  7.380936e-01  6.356942e-02  0.006287  1.0010  2.238723e+02  8.712196e+05  1.708945e+54  1.742206e+58  -3.257051e-05  -1.386476e+106  -1  -1  0
5336.6992  273.7197  6143.5142  22.8931  5336.6992  2.700201  0.001683  2.698518  11.923109  1.437386  11.923109  0.999377  3.344939e-01  7.381132e-01  6.867891e-02  0.006289  1.0012  2.666919e+02  8.712175e+05  2.025925e+54  1.742537e+58  -2.942945e-05  -1.573646e+106  -1  -1  0
5336.6992  283.1505  6143.5142  25.9473  5336.6992  2.700405  0.001993  2.698412  11.924090  1.496594  11.924090  0.999262  3.344917e-01  7.381015e-01  7.424637e-02  0.006290  1.0015  3.178008e+02  8.711446e+05  2.401761e+54  1.742717e+58  -8.296664e-06  -1.806896e+106  -1  -1  0
5336.6992  292.9824  6143.5142  29.4090  5336.6992  2.700350  0.002359  2.697991  11.924362  1.558917  11.924362  0.999126  3.344773e-01  7.380257e-01  8.030587e-02  0.006292  1.0019  3.788334e+02  8.709097e+05  2.847346e+54  1.742559e+58  -2.443549e-05  -1.876307e+106  -1  -1  0
5336.6992  548.6687  6143.5142  33.3326  5336.6992  2.700616  0.002652  2.697964  11.925498  1.599692  11.925498  0.999018  3.344783e-01  7.380312e-01  8.438508e-02  0.006293  1.0021  4.274277e+02  8.708508e+05  3.198827e+54  1.742801e+58  -2.168947e-05  -3.799873e+106  -1  -1  1
5336.6992  553.1161  6143.5142  37.7796  5336.6992  2.700901  0.002997  2.697904  11.926719  1.639364  11.926719  0.998891  3.344793e-01  7.380363e-01  8.847289e-02  0.006294  1.0023  4.845092e+02  8.707697e+05  3.607959e+54  1.743046e+58  -1.001446e-05  -4.033242e+106  -1  -1  1
5336.6992  558.1558  6143.5142  42.8198  5336.6992  2.701197  0.003425  2.697773  11.928123  1.682861  11.928123  0.998732  3.344767e-01  7.380226e-01  9.307198e-02  0.006296  1.0027  5.558283e+02  8.706534e+05  4.115537e+54  1.743298e+58  -5.716154e-06  -4.387151e+106  -1  -1  1
5336.6992  563.8691  6143.5142  48.5326  5336.6992  2.701514  0.003949  2.697565  11.929634  1.730445  11.929634  0.998538  3.344735e-01  7.380059e-01  9.823249e-02  0.006299  1.0032  6.435148e+02  8.704913e+05  4.735320e+54  1.743534e+58  -3.832184e-06  -4.706774e+106  -1  -1  1
5336.6992  570.3441  6143.5142  55.0074  5336.6992  2.701842  0.004584  2.697258  11.931515  1.782287  11.931515  0.998303  3.344614e-01  7.379421e-01  1.040003e-01  0.006303  1.0039  7.504358e+02  8.702839e+05  5.485579e+54  1.743802e+58  -3.345238e-06  -5.004740e+106  -1  -1  1
5336.6992  577.6823  6143.5142  62.3461  5336.6992  2.702227  0.005350  2.696878  11.933653  1.838654  11.933653  0.998020  3.344491e-01  7.378780e-01  1.104341e-01  0.006306  1.0047  8.801873e+02  8.700420e+05  6.389001e+54  1.744100e+58  -2.927809e-06  -5.316072e+106  -1  -1  1
5336.6992  586.0010  6143.5142  70.6639  5336.6992  2.702600  0.006269  2.696331  11.936077  1.899613  11.936077  0.997680  3.344274e-01  7.377639e-01  1.175747e-01  0.006311  1.0058  1.037884e+03  8.697092e+05  7.477969e+54  1.744363e+58  -1.803928e-06  -5.647373e+106  -1  -1  1
5336.6992  595.4279  6143.5142  80.0914  5336.6992  2.702919  0.007368  2.695551  11.938443  1.965413  11.938443  0.997274  3.344006e-01  7.376231e-01  1.254839e-01  0.006318  1.0072  1.228619e+03  8.692859e+05  8.783404e+54  1.744527e+58  -1.765934e-06  -5.970579e+106  -1  -1  1
5336.6992  606.1136  6143.5142  90.7766  5336.6992  2.703393  0.008679  2.694714  11.941897  2.036132  11.941897  0.996790  3.343624e-01  7.374230e-01  1.342078e-01  0.006325  1.0090  1.461016e+03  8.688323e+05  1.035920e+55  1.744891e+58  -1.748217e-06  -6.277484e+106  -1  -1  1
5336.6992  618.2249  6143.5142  102.8874  5336.6992  2.703774  0.010238  2.693536  11.945395  2.111873  11.945395  0.996214  3.343116e-01  7.371566e-01  1.437948e-01  0.006334  1.0112  1.740445e+03  8.682276e+05  1.223432e+55  1.745104e+58  -6.766909e-07  -6.728296e+106  -1  -1  1
5336.6992  631.9498  6143.5142  116.6139  5336.6992  2.703432  0.012086  2.691345  11.946227  2.192693  11.946227  0.995529  3.342460e-01  7.368129e-01  1.542856e-01  0.006342  1.0135  2.078935e+03  8.671423e+05  1.448117e+55  1.744237e+58  -3.158305e-06  -6.982896e+106  -1  -1  1
5336.6992  647.5096  6143.5142  132.1717  5336.6992  2.704325  0.014273  2.690051  11.953267  2.278665  11.953267  0.994722  3.341595e-01  7.363599e-01  1.657233e-01  0.006358  1.0174  2.483185e+03  8.665249e+05  1.713142e+55  1.745180e+58  -3.201962e-06  -7.023674e+106  -1  -1  1
5336.6992  665.1426  6143.5142  149.8051  5336.6992  2.704683  0.016854  2.687830  11.958509  2.369793  11.958509  0.993769  3.340573e-01  7.358251e-01  1.781378e-01  0.006374  1.0215  2.970355e+03  8.654879e+05  2.028565e+55  1.745296e+58  -3.096049e-07  -7.503525e+106  -1  -1  1
5336.6992  685.1283  6143.5142  169.7911  5336.6992  2.704446  0.019891  2.684555  11.962714  2.466037  11.962714  0.992645  3.339106e-01  7.350583e-01  1.915479e-01  0.006393  1.0267  3.556141e+03  8.639886e+05  2.402683e+55  1.744654e+58  2.738162e-07  -7.926257e+106  +1  -1  1
5336.6992  707.7821  6143.5142  192.4434  5336.6992  2.704153  0.023458  2.680695  11.967658  2.567372  11.967658  0.991325  3.337365e-01  7.341497e-01  2.059702e-01  0.006415  1.0330  4.268172e+03  8.622647e+05  2.851515e+55  1.743915e+58  4.392751e-07  -8.208321e+106  +1  -1  1
5336.6992  733.4544  6143.5142  218.1178  5336.6992  2.703301  0.027634  2.675666  11.972067  2.673694  11.972067  0.989778  3.335085e-01  7.329616e-01  2.213999e-01  0.006440  1.0406  5.110704e+03  8.600845e+05  3.373843e+55  1.742534e+58  5.402223e-07  -8.368063e+106  +1  -1  1
5336.6992  762.5564  6143.5142  247.2176  5336.6992  2.702718  0.032513  2.670206  11.978476  2.784927  11.978476  0.987970  3.332582e-01  7.316605e-01  2.378300e-01  0.006471  1.0495  6.116585e+03  8.577707e+05  3.987271e+55  1.741409e+58  5.912278e-07  -8.530397e+106  +1  -1  1
5336.6992  795.5386  6143.5142  280.1996  5336.6992  2.701305  0.038195  2.663110  11.983986  2.900906  11.983986  0.985861  3.329308e-01  7.299628e-01  2.552291e-01  0.006508  1.0607  7.328222e+03  8.547712e+05  4.714663e+55  1.739287e+58  8.991373e-07  -8.891726e+106  +1  -1  1
5336.6992  832.9189  6143.5142  317.5819  5336.6992  2.698919  0.044794  2.654125  11.988287  3.021481  11.988287  0.983403  3.325173e-01  7.278263e-01  2.735575e-01  0.006550  1.0742  8.767795e+03  8.510343e+05  5.563366e+55  1.736015e+58  1.093423e-06  -9.088764e+106  +1  -1  1
5336.6992  875.2916  6143.5142  359.9514  5336.6992  2.695858  0.052436  2.643422  11.992288  3.146483  11.992288  0.980549  3.320294e-01  7.253149e-01  2.927626e-01  0.006599  1.0902  1.047212e+04  8.466833e+05  6.548861e+55  1.731945e+58  1.225563e-06  -9.183138e+106  +1  -1  1
5336.6992  923.3117  6143.5142  407.9736  5336.6992  2.691765  0.061258  2.630507  11.995446  3.275642  11.995446  0.977242  3.314381e-01  7.222862e-01  3.127658e-01  0.006656  1.1095  1.250643e+04  8.415185e+05  7.704338e+55  1.726700e+58  1.377567e-06  -9.325637e+106  +1  -1  1
5336.6992  977.7420  6143.5142  462.4025  5336.6992  2.686156  0.071409  2.614747  11.995966  3.408750  11.995966  0.973416  3.307331e-01  7.186957e-01  3.334858e-01  0.006721  1.1322  1.489929e+04  8.352933e+05  9.035237e+55  1.719624e+58  1.528275e-06  -9.430230e+106  +1  -1  1
5336.6992  1039.4339  6143.5142  524.0930  5336.6992  2.678948  0.083050  2.595898  11.994334  3.545507  11.994334  0.968999  3.298904e-01  7.144334e-01  3.548217e-01  0.006794  1.1593  1.773518e+04  8.279634e+05  1.058283e+56  1.710741e+58  1.670784e-06  -9.487229e+106  +1  -1  1
5336.6992  1109.3497  6143.5142  594.0138  5336.6992  2.669717  0.096349  2.573368  11.989344  3.685595  11.989344  0.963911  3.288905e-01  7.094169e-01  3.766614e-01  0.006878  1.1916  2.108431e+04  8.193368e+05  1.237586e+56  1.699571e+58  1.807274e-06  -9.490398e+106  +1  -1  1
5336.6992  1188.6046  6143.5142  673.2629  5336.6992  2.658021  0.111485  2.546536  11.979747  3.828712  11.979747  0.958057  3.277120e-01  7.035601e-01  3.988857e-01  0.006972  1.2297  2.497514e+04  8.092113e+05  1.441046e+56  1.685613e+58  1.932966e-06  -9.468556e+106  +1  -1  1
5336.6992  1278.4252  6143.5142  763.0849  5336.6992  2.643179  0.128640  2.514539  11.963540  3.974533  11.963540  0.951331  3.263236e-01  6.967371e-01  4.213659e-01  0.007077  1.2750  2.947461e+04  7.972938e+05  1.670682e+56  1.668112e+58  2.062451e-06  -9.320346e+106  +1  -1  1
5336.6992  1380.2298  6143.5142  864.8903  5336.6992  2.625269  0.147999  2.477270  11.940965  4.122692  11.940965  0.943625  3.247252e-01  6.889830e-01  4.439656e-01  0.007191  1.3278  3.470355e+04  7.836655e+05  1.931937e+56  1.647246e+58  2.192000e-06  -9.257361e+106  +1  -1  1
5336.6992  1495.6207  6143.5142  980.2778  5336.6992  2.602770  0.169742  2.433028  11.907468  4.272651  11.907468  0.934784  3.228479e-01  6.800100e-01  4.665360e-01  0.007316  1.3906  4.075445e+04  7.676711e+05  2.227982e+56  1.621320e+58  2.331063e-06  -9.185404e+106  +1  -1  1
5336.6992  1626.3973  6143.5142  1111.0596  5336.6992  2.576083  0.194040  2.382043  11.863162  4.424033  11.863162  0.924676  3.207310e-01  6.700613e-01  4.889367e-01  0.007447  1.4629  4.771046e+04  7.496291e+05  2.561039e+56  1.590865e+58  2.458570e-06  -8.939649e+106  +1  -1  1
5336.6992  1774.6318  6143.5142  1259.2893  5336.6992  2.543653  0.221046  2.322607  11.803160  4.576375  11.803160  0.913099  3.183033e-01  6.588668e-01  5.110214e-01  0.007584  1.5473  5.557218e+04  7.288890e+05  2.927528e+56  1.554202e+58  2.591150e-06  -8.915449e+106  +1  -1  1
5336.6992  1942.6373  6143.5142  1427.2948  5336.6992  2.505056  0.250888  2.254167  11.724937  4.729084  11.724937  0.899847  3.155647e-01  6.465049e-01  5.326435e-01  0.007720  1.6447  6.459851e+04  7.054229e+05  3.341797e+56  1.511002e+58  2.728860e-06  -8.694417e+106  +1  -1  1
5336.6992  2133.0527  6143.5142  1617.7144  5336.6992  2.459622  0.283663  2.175959  11.624583  4.881690  11.624583  0.884672  3.125163e-01  6.330640e-01  5.536627e-01  0.007851  1.7557  7.466204e+04  6.790856e+05  3.791292e+56  1.460611e+58  2.857571e-06  -8.668344e+106  +1  -1  1
5336.6992  2348.8827  6143.5142  1833.5384  5336.6992  2.406783  0.319420  2.087362  11.497888  5.033669  11.497888  0.867283  3.091722e-01  6.186918e-01  5.739392e-01  0.007963  1.8792  8.591481e+04  6.498015e+05  4.283034e+56  1.402528e+58  2.986727e-06  -8.739434e+106  +1  -1  1
5336.6992  2593.4963  6143.5142  2078.1562  5336.6992  2.346148  0.358160  1.987988  11.340157  5.184436  11.340157  0.847341  3.055751e-01  6.036481e-01  5.933368e-01  0.008044  2.0128  9.825499e+04  6.175735e+05  4.807040e+56  1.336419e+58  3.127701e-06  -8.663753e+106  +1  -1  1
5336.6992  2870.7514  6143.5142  2355.4091  5336.6992  2.277701  0.399822  1.877879  11.146697  5.333501  11.146697  0.824463  3.018089e-01  5.883380e-01  6.117230e-01  0.008076  2.1501  1.119791e+05  5.825408e+05  5.381642e+56  1.262306e+58  3.269025e-06  -8.641042e+106  +1  -1  1
5336.6992  3184.9955  6143.5142  2669.6512  5336.6992  2.201804  0.444277  1.757527  10.912782  5.480238  10.912782  0.798221  2.980058e-01  5.733147e-01  6.289845e-01  0.008038  2.2800  1.267715e+05  5.449553e+05  5.983339e+56  1.180542e+58  3.398550e-06  -8.720876e+106  +1  -1  1
5336.6992  3541.1532  6143.5142  3025.8172  5336.6992  2.119625  0.491329  1.628296  10.635041  5.624176  10.635041  0.768200  2.943753e-01  5.593636e-01  6.450008e-01  0.007907  2.3846  1.427407e+05  5.053032e+05  6.619281e+56  1.092180e+58  3.538531e-06  -8.565361e+106  +1  -1  1
5336.6992  3944.8452  6143.5142  3429.5004  5336.6992  2.033022  0.540709  1.492313  10.311579  5.764787  10.311579  0.734037  2.912048e-01  5.474789e-01  6.596801e-01  0.007664  2.4399  1.598169e+05  4.642241e+05  7.285398e+56  9.988087e+57  3.676312e-06  -8.278470e+106  +1  -1  1
5336.6992  4402.3826  6143.5142  3887.0401  5336.6992  1.944757  0.592083  1.352674  9.943775  5.901695  9.943775  0.695549  2.888656e-01  5.388825e-01  6.729247e-01  0.007300  2.4196  1.778970e+05  4.225652e+05  7.976658e+56  9.027392e+57  3.810466e-06  -7.821798e+106  +1  -1  1
5336.6992  4920.9625  6143.5142  4405.6215  5336.6992  1.858196  0.645058  1.213138  9.536630  6.034471  9.536630  0.652858  2.877916e-01  5.349836e-01  6.846684e-01  0.006828  2.3057  1.968479e+05  3.812702e+05  8.687328e+56  8.066979e+57  3.912985e-06  -7.311136e+106  +1  -1  1
5336.6992  5508.7341  6143.5142  4993.3885  5336.6992  1.777025  0.699191  1.077835  9.099897  6.162795  9.099897  0.606539  2.884289e-01  5.372936e-01  6.948555e-01  0.006293  2.1016  2.162423e+05  3.413202e+05  9.392581e+56  7.136417e+57  4.042695e-06  -6.429336e+106  +1  -1  1
5336.6992  6174.9095  6143.5142  5659.5711  5336.6992  1.704626  0.754008  0.950618  8.647541  6.286505  8.647541  0.557670  2.911509e-01  5.472794e-01  7.034337e-01  0.005779  1.8414  2.364098e+05  3.035925e+05  1.012159e+57  6.262900e+57  4.149457e-06  -5.408530e+106  +1  -1  1
5336.6992  6929.9756  6143.5142  6414.6311  5336.6992  1.643438  0.809024  0.834414  8.195824  6.405533  8.195824  0.507725  2.961708e-01  5.662166e-01  7.103579e-01  0.005409  1.5824  2.566057e+05  2.687289e+05  1.082969e+57  5.466635e+57  4.313172e-06  -4.392365e+106  +1  -1  1
5336.6992  7785.7703  6143.5142  7270.4259  5336.6992  1.594596  0.863758  0.730838  7.760794  6.519765  7.760794  0.458322  3.034773e-01  5.950661e-01  7.155915e-01  0.005334  1.3816  2.772075e+05  2.370765e+05  1.155123e+57  4.758460e+57  4.450806e-06  -3.436683e+106  +1  -1  1
5336.6992  8755.7337  6143.5142  8240.3948  5336.6992  1.557917  0.917755  0.640162  7.355666  6.629331  7.355666  0.410909  3.128268e-01  6.344183e-01  7.190206e-01  0.005722  1.2732  2.973908e+05  2.086946e+05  1.223726e+57  4.139792e+57  4.648390e-06  -2.676151e+106  +1  -1  1
5336.6992  9855.1162  6143.5142  9339.7702  5336.6992  1.532231  0.970616  0.561615  6.989131  6.734607  6.989131  0.366534  3.238043e-01  6.845633e-01  7.202488e-01  0.006737  1.2618  3.172689e+05  1.834238e+05  1.290420e+57  3.604756e+57  5.230347e-06  -2.029121e+106  +1  -1  1
5336.6992  11101.1575  6143.5142  10585.8164  5336.6992  1.515848  1.022102  0.493745  6.837929  6.837929  6.664579  0.325722  3.274256e-01  7.021459e-01  7.023341e-01  0.007497  1.3281  3.367307e+05  1.609772e+05  1.355292e+57  3.143179e+57  7.245694e-06  -1.531080e+106  +1  -1  1
5336.6992  12513.4446  6143.5142  11998.1012  5336.6992  1.507116  1.073044  0.434072  6.951437  6.951437  6.369622  0.288015  3.202240e-01  6.677045e-01  6.678472e-01  0.007246  1.4346  3.556766e+05  1.409256e+05  1.418519e+57  2.739609e+57  -2.334525e-05  -1.138719e+106  -1  -1  1
5336.6992  14114.1489  6143.5142  13598.8032  5336.6992  1.504711  1.123709  0.381002  7.072080  7.072080  6.094913  0.253206  3.142590e-01  6.407072e-01  6.408199e-01  0.007308  1.5895  3.743275e+05  1.229803e+05  1.482307e+57  2.383833e+57  -1.730529e-06  -8.498447e+105  -1  -1  1
5336.6992  15928.3955  6143.5142  15413.0595  5336.6992  1.507464  1.174366  0.333097  7.194422  7.194422  5.827478  0.220965  3.094800e-01  6.199990e-01  6.200919e-01  0.007538  1.7701  3.919235e+05  1.068841e+05  1.541818e+57  2.066969e+57  2.082898e-06  -6.626378e+105  +1  -1  1
5336.6992  17984.7070  6143.5142  17469.3612  5336.6992  1.514345  1.224478  0.289866  7.314085  7.314085  5.563219  0.191414  3.058063e-01  6.046022e-01  6.046792e-01  0.007752  1.9324  4.090197e+05  9.250580e+04  1.601246e+57  1.785083e+57  2.598836e-06  -4.586687e+105  +1  -1  1
5336.6992  20310.1824  6143.5142  19794.8396  5336.6992  1.524270  1.273050  0.251220  7.427327  7.427327  5.303788  0.164814  3.031175e-01  5.936077e-01  5.936720e-01  0.008070  2.1024  4.254433e+05  7.977177e+04  1.659731e+57  1.536357e+57  2.690085e-06  -3.686018e+105  +1  -1  1

7305.2715  103.0404  8323.1862  1.0000  7305.2715  2.629780  0.000017  2.629763  11.786242  0.550685  11.786242  0.999994  3.295533e-01  7.127372e-01  1.389230e-02  0.006449  1.1061  2.479224e+00  8.545898e+05  2.084908e+52  1.674855e+58  1.925346e-06  -1.960975e+104  +1  -1  0
7305.2715  107.6573  8323.1862  1.1334  7305.2715  2.629794  0.000020  2.629774  11.786337  0.564365  11.786337  0.999993  3.295524e-01  7.127325e-01  1.458779e-02  0.006449  1.1061  2.925343e+00  8.545964e+05  2.453769e+52  1.674883e+58  2.659975e-06  -1.945335e+104  +1  -1  0
7305.2715  113.1115  8323.1862  1.2846  7305.2715  2.629789  0.000023  2.629766  11.786352  0.578725  11.786352  0.999991  3.295514e-01  7.127274e-01  1.533578e-02  0.006449  1.1062  3.448015e+00  8.545720e+05  2.881178e+52  1.674863e+58  -1.969338e-06  -1.985547e+104  -1  -1  0
7305.2715  119.1072  8323.1862  1.4560  7305.2715  2.629779  0.000027  2.629752  11.786211  0.593712  11.786211  0.999990  3.295541e-01  7.127409e-01  1.613608e-02  0.006449  1.1060  4.062724e+00  8.545795e+05  3.380137e+52  1.674845e+58  4.311433e-07  -2.244797e+104  +1  -1  0
7305.2715  125.0167  8323.1862  1.6503  7305.2715  2.629804  0.000032  2.629772  11.786312  0.609662  11.786312  0.999988  3.295543e-01  7.127422e-01  1.700957e-02  0.006449  1.1061  4.786046e+00  8.545887e+05  3.963819e+52  1.674878e+58  2.832146e-06  -2.483512e+104  +1  -1  0
7305.2715  131.6026  8323.1862  1.8704  7305.2715  2.629828  0.000038  2.629791  11.786372  0.626307  11.786372  0.999986  3.295557e-01  7.127493e-01  1.794516e-02  0.006449  1.1060  5.637736e+00  8.545958e+05  4.647645e+52  1.674903e+58  -8.978947e-06  -2.840863e+104  -1  -1  0
7305.2715  137.9494  8323.1862  2.1200  7305.2715  2.629835  0.000044  2.629790  11.786405  0.643717  11.786405  0.999983  3.295556e-01  7.127487e-01  1.895004e-02  0.006449  1.1061  6.641275e+00  8.545939e+05  5.449837e+52  1.674911e+58  -7.448315e-06  -2.629456e+104  -1  -1  0
7305.2715  152.7256  8323.1862  2.4028  7305.2715  2.629792  0.000052  2.629740  11.786298  0.661230  11.786298  0.999980  3.295533e-01  7.127370e-01  1.998787e-02  0.006449  1.1061  7.781347e+00  8.545616e+05  6.357462e+52  1.674854e+58  -6.029050e-07  -4.397117e+104  -1  -1  0
7305.2715  157.6382  8323.1862  2.7234  7305.2715  2.629881  0.000061  2.629820  11.786541  0.679793  11.786541  0.999977  3.295576e-01  7.127587e-01  2.111731e-02  0.006450  1.1061  9.135958e+00  8.546028e+05  7.431852e+52  1.674958e+58  -3.328378e-06  -5.768149e+104  -1  -1  0
7305.2715  162.7167  8323.1862  3.0867  7305.2715  2.629892  0.000072  2.629821  11.786560  0.699546  11.786560  0.999973  3.295585e-01  7.127633e-01  2.235237e-02  0.006449  1.1060  1.075752e+01  8.545970e+05  8.713676e+52  1.674961e+58  -2.543645e-06  -6.670582e+104  -1  -1  0
7305.2715  167.9681  8323.1862  3.4985  7305.2715  2.629900  0.000084  2.629816  11.786565  0.720585  11.786565  0.999968  3.295593e-01  7.127673e-01  2.370515e-02  0.006449  1.1059  1.269408e+01  8.545918e+05  1.023966e+53  1.674964e+58  -1.350893e-05  -7.662198e+104  -1  -1  0
7305.2715  173.4000  8323.1862  3.9652  7305.2715  2.629931  0.000099  2.629832  11.786680  0.742919  11.786680  0.999962  3.295600e-01  7.127709e-01  2.518315e-02  0.006449  1.1060  1.500440e+01  8.545951e+05  1.205452e+53  1.674997e+58  9.073231e-06  -8.805053e+104  +1  -1  0
7305.2715  179.0190  8323.1862  4.4943  7305.2715  2.629962  0.000118  2.629844  11.786778  0.766801  11.786778  0.999955  3.295611e-01  7.127762e-01  2.681069e-02  0.006449  1.1060  1.775864e+01  8.545952e+05  1.421132e+53  1.675026e+58  1.010221e-05  -1.011685e+105  +1  -1  0
7305.2715  184.8335  8323.1862  5.0939  7305.2715  2.629995  0.000139  2.629856  11.786884  0.792200  11.786884  0.999947  3.295623e-01  7.127822e-01  2.859485e-02  0.006449  1.1059  2.104071e+01  8.545955e+05  1.677348e+53  1.675058e+58  8.221051e-06  -1.160587e+105  +1  -1  0
7305.2715  190.8524  8323.1862  5.7734  7305.2715  2.630045  0.000164  2.629881  11.787053  0.819021  11.787053  0.999937  3.295639e-01  7.127905e-01  3.053826e-02  0.006449  1.1060  2.495112e+01  8.546002e+05  1.981634e+53  1.675109e+58  2.427696e-05  -1.334187e+105  +1  -1  0
7305.2715  197.0844  8323.1862  6.5437  7305.2715  2.630083  0.000195  2.629889  11.787138  0.847560  11.787138  0.999926  3.295663e-01  7.128023e-01  3.267220e-02  0.006449  1.1059  2.960993e+01  8.545970e+05  2.342951e+53  1.675137e+58  3.733179e-05  -1.527976e+105  +1  -1  0
7305.2715  203.5396  8323.1862  7.4167  7305.2715  2.630114  0.000231  2.629883  11.787230  0.877772  11.787230  0.999912  3.295675e-01  7.128086e-01  3.500482e-02  0.006450  1.1059  3.515981e+01  8.545856e+05  2.771896e+53  1.675158e+58  -4.617119e-05  -1.748473e+105  -1  -1  0
7305.2715  210.2287  8323.1862  8.4062  7305.2715  2.630179  0.000273  2.629906  11.787464  0.909866  11.787464  0.999896  3.295692e-01  7.128170e-01  3.756447e-02  0.006450  1.1059  4.177235e+01  8.545868e+05  3.281097e+53  1.675223e+58  1.063785e-05  -2.009004e+105  +1  -1  0
7305.2715  217.1631  8323.1862  9.5277  7305.2715  2.630243  0.000324  2.629920  11.787665  0.943827  11.787665  0.999877  3.295716e-01  7.128291e-01  4.036384e-02  0.006450  1.1059  4.965100e+01  8.545842e+05  3.885468e+53  1.675280e+58  -6.358776e-05  -2.291597e+105  -1  -1  0
7305.2715  224.3537  8323.1862  10.7988  7305.2715  2.630310  0.000384  2.629927  11.787906  0.978858  11.787906  0.999854  3.295732e-01  7.128373e-01  4.335062e-02  0.006450  1.1058  5.904138e+01  8.545720e+05  4.602835e+53  1.675337e+58  -2.124443e-05  -2.626714e+105  -1  -1  0
7305.2715  231.8138  8323.1862  12.2395  7305.2715  2.630354  0.000455  2.629899  11.788057  1.015414  11.788057  0.999827  3.295745e-01  7.128435e-01  4.657237e-02  0.006450  1.1058  7.023262e+01  8.545459e+05  5.454062e+53  1.675362e+58  -4.575748e-06  -2.988765e+105  -1  -1  0
7305.2715  239.5612  8323.1862  13.8724  7305.2715  2.630587  0.000539  2.630049  11.789053  1.054235  11.789053  0.999795  3.295759e-01  7.128507e-01  5.010716e-02  0.006451  1.1060  8.358225e+01  8.546033e+05  6.464760e+53  1.675652e+58  2.267011e-05  -3.432806e+105  +1  -1  0
7305.2715  247.6067  8323.1862  15.7232  7305.2715  2.630541  0.000638  2.629902  11.788817  1.095211  11.788817  0.999757  3.295766e-01  7.128544e-01  5.396346e-02  0.006450  1.1059  9.949107e+01  8.545067e+05  7.663070e+53  1.675529e+58  9.898432e-06  -3.930540e+105  +1  -1  0
7305.2715  255.9695  8323.1862  17.8208  7305.2715  2.630685  0.000757  2.629929  11.789272  1.138517  11.789272  0.999712  3.295820e-01  7.128813e-01  5.817581e-02  0.006451  1.1059  1.184649e+02  8.545063e+05  9.084699e+53  1.675659e+58  -4.101368e-05  -4.463662e+105  -1  -1  0
7305.2715  264.6662  8323.1862  20.1984  7305.2715  2.630796  0.000896  2.629900  11.789731  1.184419  11.789731  0.999659  3.295831e-01  7.128867e-01  6.279028e-02  0.006451  1.1059  1.411314e+02  8.544715e+05  1.077325e+54  1.675752e+58  4.653480e-03  -5.086802e+105  +1  -1  0
7305.2715  273.7197  8323.1862  22.8931  7305.2715  2.630978  0.001062  2.629916  11.790449  1.232739  11.790449  0.999596  3.295858e-01  7.129005e-01  6.781136e-02  0.006452  1.1060  1.681740e+02  8.544566e+05  1.277518e+54  1.675926e+58  4.504446e-05  -5.801548e+105  +1  -1  0
7305.2715  283.1505  8323.1862  25.9473  7305.2715  2.631117  0.001258  2.629859  11.791090  1.283623  11.791090  0.999522  3.295853e-01  7.128977e-01  7.327522e-02  0.006453  1.1062  2.004675e+02  8.544034e+05  1.515002e+54  1.676045e+58  -7.197757e-06  -6.614259e+105  -1  -1  0
7305.2715  292.9824  8323.1862  29.4090  7305.2715  2.631279  0.001490  2.629789  11.791822  1.337320  11.791822  0.999434  3.295851e-01  7.128968e-01  7.923038e-02  0.006454  1.1064  2.390491e+02  8.543439e+05  1.796689e+54  1.676183e+58  -2.452316e-05  -6.768445e+105  -1  -1  0
7305.2715  548.6687  8323.1862  33.3326  7305.2715  2.631466  0.001676  2.629790  11.792451  1.372635  11.792451  0.999363  3.295910e-01  7.129264e-01  8.325518e-02  0.006455  1.1064  2.699224e+02  8.543067e+05  2.020009e+54  1.676331e+58  1.687086e-04  -1.403073e+106  +1  -1  1
7305.2715  553.1161  8323.1862  37.7796  7305.2715  2.631693  0.001895  2.629798  11.793298  1.406980  11.793298  0.999280  3.295957e-01  7.129501e-01  8.727499e-02  0.006455  1.1064  3.062245e+02  8.542730e+05  2.280225e+54  1.676535e+58  9.563244e-05  -1.495264e+106  +1  -1  1
7305.2715  558.1558  8323.1862  42.8198  7305.2715  2.631895  0.002168  2.629727  11.794125  1.444709  11.794125  0.999176  3.295979e-01  7.129614e-01  9.179642e-02  0.006456  1.1066  3.515876e+02  8.541943e+05  2.603120e+54  1.676693e+58  8.414287e-05  -1.621970e+106  +1  -1  1
7305.2715  563.8691  8323.1862  48.5326  7305.2715  2.632219  0.002502  2.629717  11.795404  1.485972  11.795404  0.999049  3.296028e-01  7.129857e-01  9.685905e-02  0.006458  1.1067  4.073841e+02  8.541430e+05  2.997547e+54  1.676989e+58  1.568008e-04  -1.732864e+106  +1  -1  1
7305.2715  570.3441  8323.1862  55.0074  7305.2715  2.632564  0.002907  2.629657  11.796934  1.530912  11.796934  0.998896  3.296032e-01  7.129880e-01  1.025053e-01  0.006459  1.1070  4.754495e+02  8.540648e+05  3.475213e+54  1.677312e+58  -3.001165e-05  -1.850957e+106  -1  -1  1
7305.2715  577.6823  8323.1862  62.3461  7305.2715  2.632882  0.003396  2.629485  11.798293  1.579791  11.798293  0.998710  3.296050e-01  7.129968e-01  1.087941e-01  0.006462  1.1073  5.581164e+02  8.539198e+05  4.050874e+54  1.677543e+58  -7.063160e-06  -1.971836e+106  -1  -1  1
7305.2715  586.0010  8323.1862  70.6639  7305.2715  2.633291  0.003984  2.629307  11.800198  1.632719  11.800198  0.998487  3.296030e-01  7.129868e-01  1.157687e-01  0.006464  1.1078  6.586873e+02  8.537715e+05  4.745487e+54  1.677892e+58  -7.467706e-06  -2.097730e+106  -1  -1  1
7305.2715  595.4279  8323.1862  80.0914  7305.2715  2.633717  0.004687  2.629030  11.802329  1.689852  11.802329  0.998220  3.295968e-01  7.129557e-01  1.234802e-01  0.006468  1.1085  7.818532e+02  8.535743e+05  5.588770e+54  1.678246e+58  -4.991004e-06  -2.216548e+106  -1  -1  1
7305.2715  606.1136  8323.1862  90.7766  7305.2715  2.634160  0.005527  2.628633  11.804646  1.751315  11.804646  0.997902  3.295876e-01  7.129092e-01  1.319761e-01  0.006472  1.1093  9.289424e+02  8.533101e+05  6.586014e+54  1.678580e+58  -3.211249e-06  -2.336285e+106  -1  -1  1
7305.2715  618.2249  8323.1862  102.8874  7305.2715  2.634572  0.006527  2.628045  11.807168  1.817187  11.807168  0.997523  3.295687e-01  7.128143e-01  1.412967e-01  0.006477  1.1106  1.107744e+03  8.529569e+05  7.786164e+54  1.678867e+58  -3.555408e-06  -2.465271e+106  -1  -1  1
7305.2715  631.9498  8323.1862  116.6139  7305.2715  2.635182  0.007714  2.627468  11.810793  1.887514  11.810793  0.997073  3.295439e-01  7.126896e-01  1.514770e-01  0.006484  1.1122  1.324568e+03  8.526040e+05  9.225696e+54  1.679395e+58  -3.533113e-06  -2.552195e+106  -1  -1  1
7305.2715  647.5096  8323.1862  132.1717  7305.2715  2.635622  0.009122  2.626500  11.813940  1.962494  11.813940  0.996539  3.295111e-01  7.125252e-01  1.625691e-01  0.006492  1.1141  1.584117e+03  8.520660e+05  1.092791e+55  1.679637e+58  -1.526782e-06  -2.710265e+106  -1  -1  1
7305.2715  665.1426  8323.1862  149.8051  7305.2715  2.636097  0.010788  2.625310  11.817758  2.042020  11.817758  0.995908  3.294640e-01  7.122886e-01  1.745793e-01  0.006501  1.1165  1.897384e+03  8.514283e+05  1.295688e+55  1.679917e+58  -1.353737e-06  -2.836391e+106  -1  -1  1
7305.2715  685.1283  8323.1862  169.7911  7305.2715  2.636579  0.012753  2.623826  11.822198  2.126134  11.822198  0.995163  3.294004e-01  7.119695e-01  1.875290e-01  0.006513  1.1196  2.274773e+03  8.506564e+05  1.536805e+55  1.680185e+58  -1.056537e-06  -2.966293e+106  -1  -1  1
7305.2715  707.7821  8323.1862  192.4434  7305.2715  2.636999  0.015066  2.621933  11.827026  2.214909  11.827026  0.994287  3.293185e-01  7.115584e-01  2.014337e-01  0.006526  1.1233  2.734661e+03  8.497027e+05  1.826851e+55  1.680342e+58  -7.010435e-07  -3.084400e+106  -1  -1  1
7305.2715  733.4544  8323.1862  218.1178  7305.2715  2.637318  0.017784  2.619534  11.832408  2.308248  11.832408  0.993257  3.292085e-01  7.110071e-01  2.162790e-01  0.006543  1.1280  3.280379e+03  8.485331e+05  2.165392e+55  1.680374e+58  -3.564527e-07  -3.162885e+106  -1  -1  1
7305.2715  762.5564  8323.1862  247.2176  7305.2715  2.637444  0.020970  2.616474  11.837963  2.406128  11.837963  0.992049  3.290697e-01  7.103126e-01  2.320483e-01  0.006563  1.1339  3.933739e+03  8.470708e+05  2.564135e+55  1.680121e+58  -5.869289e-08  -3.301434e+106  -1  -1  1
7305.2715  795.5386  8323.1862  280.1996  7305.2715  2.637389  0.024695  2.612694  11.843954  2.508494  11.843954  0.990637  3.288964e-01  7.094462e-01  2.487106e-01  0.006586  1.1409  4.723371e+03  8.453188e+05  3.038602e+55  1.679633e+58  1.821901e-07  -3.416689e+106  +1  -1  1
7305.2715  832.9189  8323.1862  317.5819  7305.2715  2.636965  0.029041  2.607923  11.850147  2.615233  11.850147  0.988987  3.286716e-01  7.083245e-01  2.662126e-01  0.006615  1.1498  5.665122e+03  8.431396e+05  3.594410e+55  1.678693e+58  4.323680e-07  -3.487578e+106  +1  -1  1
7305.2715  875.2916  8323.1862  359.9514  7305.2715  2.636174  0.034099  2.602074  11.856434  2.726199  11.856434  0.987065  3.283988e-01  7.069658e-01  2.844878e-01  0.006647  1.1603  6.784675e+03  8.405508e+05  4.242605e+55  1.677302e+58  6.313079e-07  -3.569878e+106  +1  -1  1
7305.2715  923.3117  8323.1862  407.9736  7305.2715  2.634829  0.039971  2.594858  11.862660  2.841430  11.862660  0.984830  3.280590e-01  7.052786e-01  3.034778e-01  0.006686  1.1730  8.127320e+03  8.374043e+05  5.006369e+55  1.675245e+58  8.294437e-07  -3.643845e+106  +1  -1  1
7305.2715  977.7420  8323.1862  462.4025  7305.2715  2.632786  0.046769  2.586016  11.868569  2.960727  11.868569  0.982236  3.276414e-01  7.032113e-01  3.230827e-01  0.006731  1.1886  9.715195e+03  8.336233e+05  5.891157e+55  1.672372e+58  1.012187e-06  -3.679086e+106  +1  -1  1
7305.2715  1039.4339  8323.1862  524.0930  7305.2715  2.629893  0.054619  2.575274  11.874098  3.083867  11.874098  0.979232  3.271291e-01  7.006855e-01  3.431929e-01  0.006784  1.2073  1.160776e+04  8.291199e+05  6.926106e+55  1.668551e+58  1.190229e-06  -3.727597e+106  +1  -1  1
7305.2715  1109.3497  8323.1862  594.0138  7305.2715  2.625692  0.063656  2.562036  11.877432  3.210758  11.877432  0.975757  3.265148e-01  6.976718e-01  3.637046e-01  0.006844  1.2294  1.383102e+04  8.236467e+05  8.115026e+55  1.663135e+58  1.366347e-06  -3.786099e+106  +1  -1  1
7305.2715  1188.6046  8323.1862  673.2629  7305.2715  2.620057  0.074028  2.546029  11.879052  3.341224  11.879052  0.971746  3.257696e-01  6.940374e-01  3.844975e-01  0.006913  1.2561  1.646013e+04  8.171422e+05  9.493162e+55  1.656117e+58  1.522410e-06  -3.786649e+106  +1  -1  1
7305.2715  1278.4252  8323.1862  763.0849  7305.2715  2.612874  0.085895  2.526979  11.878609  3.475071  11.878609  0.967126  3.248886e-01  6.897707e-01  4.054457e-01  0.006992  1.2877  1.956193e+04  8.095551e+05  1.108753e+56  1.647371e+58  1.671322e-06  -3.774128e+106  +1  -1  1
7305.2715  1380.2298  8323.1862  864.8903  7305.2715  2.603102  0.099425  2.503677  11.873261  3.612094  11.873261  0.961805  3.238193e-01  6.846352e-01  4.264201e-01  0.007081  1.3258  2.316263e+04  8.003957e+05  1.289387e+56  1.635718e+58  1.819786e-06  -3.762081e+106  +1  -1  1
7305.2715  1495.6207  8323.1862  980.2778  7305.2715  2.591379  0.114794  2.476586  11.864814  3.752030  11.864814  0.955702  3.225906e-01  6.787911e-01  4.472890e-01  0.007180  1.3702  2.737099e+04  7.899812e+05  1.496244e+56  1.621932e+58  1.958793e-06  -3.722593e+106  +1  -1  1
7305.2715  1626.3973  8323.1862  1111.0596  7305.2715  2.575742  0.132182  2.443560  11.847531  3.894642  11.847531  0.948682  3.211117e-01  6.718374e-01  4.679254e-01  0.007290  1.4234  3.226214e+04  7.774434e+05  1.731690e+56  1.603804e+58  2.100810e-06  -3.718249e+106  +1  -1  1
7305.2715  1774.6318  8323.1862  1259.2893  7305.2715  2.557337  0.151771  2.405566  11.824880  4.039593  11.824880  0.940653  3.194279e-01  6.640243e-01  4.882021e-01  0.007411  1.4856  3.785938e+04  7.633368e+05  1.994290e+56  1.582742e+58  2.236019e-06  -3.574495e+106  +1  -1  1
7305.2715  1942.6373  8323.1862  1427.2948  7305.2715  2.534123  0.173738  2.360385  11.790300  4.186661  11.790300  0.931441  3.174567e-01  6.550153e-01  5.080031e-01  0.007541  1.5592  4.436831e+04  7.468300e+05  2.295105e+56  1.556480e+58  2.379049e-06  -3.607245e+106  +1  -1  1
7305.2715  2133.0527  8323.1862  1617.7144  7305.2715  2.505852  0.198248  2.307604  11.742489  4.335321  11.742489  0.920886  3.151933e-01  6.448494e-01  5.272117e-01  0.007677  1.6453  5.173360e+04  7.279028e+05  2.626803e+56  1.524838e+58  2.501373e-06  -3.626671e+106  +1  -1  1
7305.2715  2348.8827  8323.1862  1833.5384  7305.2715  2.471784  0.225451  2.246333  11.678280  4.485326  11.678280  0.908790  3.126175e-01  6.335050e-01  5.457280e-01  0.007817  1.7454  6.000825e+04  7.063510e+05  2.989484e+56  1.487099e+58  2.636042e-06  -3.700452e+106  +1  -1  1
7305.2715  2593.4963  8323.1862  2078.1562  7305.2715  2.430676  0.255467  2.175209  11.591676  4.636249  11.591676  0.894899  3.097152e-01  6.209996e-01  5.634556e-01  0.007951  1.8601  6.943644e+04  6.817871e+05  3.396804e+56  1.441906e+58  2.779763e-06  -3.626452e+106  +1  -1  1
7305.2715  2870.7514  8323.1862  2355.4091  7305.2715  2.383358  0.288384  2.094974  11.485556  4.787623  11.485556  0.879001  3.064918e-01  6.074418e-01  5.803079e-01  0.008080  1.9917  7.988663e+04  6.547325e+05  3.836401e+56  1.390647e+58  2.922300e-06  -3.593706e+106  +1  -1  1
7305.2715  3184.9955  8323.1862  2669.6512  7305.2715  2.327755  0.324245  2.003510  11.348113  4.939035  11.348113  0.860705  3.029670e-01  5.929989e-01  5.962039e-01  0.008183  2.1371  9.162195e+04  6.244827e+05  4.323811e+56  1.330820e+58  3.061470e-06  -3.642308e+106  +1  -1  1
7305.2715  3541.1532  8323.1862  3025.8172  7305.2715  2.264077  0.363041  1.901037  11.176623  5.089964  11.176623  0.839652  2.992005e-01  5.779878e-01  6.110804e-01  0.008244  2.2922  1.044300e+05  5.913018e+05  4.842042e+56  1.262852e+58  3.193915e-06  -3.765167e+106  +1  -1  1
7305.2715  3944.8452  8323.1862  3429.5004  7305.2715  2.192429  0.404702  1.787727  10.966076  5.239977  10.966076  0.815409  2.952949e-01  5.628621e-01  6.248754e-01  0.008246  2.4485  1.184280e+05  5.553757e+05  5.397859e+56  1.186885e+58  3.336188e-06  -3.811321e+106  +1  -1  1
7305.2715  4402.3826  8323.1862  3887.0401  7305.2715  2.113509  0.449096  1.664413  10.711918  5.388525  10.711918  0.787512  2.914194e-01  5.482747e-01  6.375392e-01  0.008164  2.5895  1.335910e+05  5.170607e+05  5.989078e+56  1.103558e+58  3.477315e-06  -3.837185e+106  +1  -1  1
7305.2715  4920.9625  8323.1862  4405.6215  7305.2715  2.028762  0.496019  1.532744  10.410792  5.535109  10.410792  0.755507  2.878254e-01  5.351056e-01  6.490385e-01  0.007973  2.6910  1.498658e+05  4.769003e+05  6.612740e+56  1.014108e+58  3.600210e-06  -3.901141e+106  +1  -1  1
7305.2715  5508.7341  8323.1862  4993.3885  7305.2715  1.940545  0.545203  1.395342  10.061862  5.679330  10.061862  0.719047  2.848571e-01  5.244790e-01  6.593362e-01  0.007658  2.7220  1.669687e+05  4.356480e+05  7.251064e+56  9.204914e+57  3.734206e-06  -3.776386e+106  +1  -1  1
7305.2715  6174.9095  8323.1862  5659.5711  7305.2715  1.852139  0.596317  1.255821  9.668351  5.820738  9.668351  0.678039  2.829455e-01  5.177511e-01  6.684144e-01  0.007217  2.6531  1.851747e+05  3.942517e+05  7.926504e+56  8.253722e+57  3.853525e-06  -3.529381e+106  +1  -1  1
7305.2715  6929.9756  8323.1862  6414.6311  7305.2715  1.767286  0.648979  1.118308  9.237594  5.958944  9.237594  0.632782  2.825723e-01  5.164482e-01  6.762646e-01  0.006678  2.4712  2.039213e+05  3.537053e+05  8.604457e+56  7.316882e+57  3.975520e-06  -3.176380e+106  +1  -1  1
7305.2715  7785.7703  8323.1862  7270.4259  7305.2715  1.689862  0.702761  0.987101  8.782417  6.093684  8.782417  0.584131  2.841966e-01  5.221445e-01  6.828758e-01  0.006111  2.1974  2.235021e+05  3.150003e+05  9.311184e+56  6.424795e+57  4.072058e-06  -2.723704e+106  +1  -1  1
7305.2715  8755.7337  8323.1862  8240.3948  7305.2715  1.623046  0.757215  0.865831  8.319287  6.224563  8.319287  0.533460  2.881552e-01  5.363001e-01  6.882600e-01  0.005628  1.8885  2.432399e+05  2.789348e+05  1.000623e+57  5.602500e+57  4.144245e-06  -2.296807e+106  +1  -1  1
7305.2715  9855.1162  8323.1862  9339.7702  7305.2715  1.568795  0.811884  0.756911  7.866157  6.351623  7.866157  0.482479  2.945677e-01  5.600937e-01  6.923808e-01  0.005386  1.6189  2.631879e+05  2.460253e+05  1.070099e+57  4.866316e+57  4.330202e-06  -1.760666e+106  +1  -1  1
7305.2715  11101.1575  8323.1862  10585.8164  7305.2715  1.527571  0.866324  0.661247  7.438979  6.474712  7.438979  0.432875  3.032981e-01  5.943391e-01  6.951922e-01  0.005567  1.4460  2.834589e+05  2.164569e+05  1.141138e+57  4.221824e+57  4.448187e-06  -1.312956e+106  +1  -1  1
7305.2715  12513.4446  8323.1862  11998.1012  7305.2715  1.498575  0.920122  0.578453  7.049502  6.593805  7.049502  0.386002  3.139797e-01  6.394751e-01  6.964967e-01  0.006368  1.3913  3.032659e+05  1.901459e+05  1.209072e+57  3.665686e+57  4.661397e-06  -1.017308e+106  +1  -1  1
7305.2715  14114.1489  8323.1862  13598.8032  7305.2715  1.480211  0.972933  0.507278  6.709359  6.709359  6.704246  0.342707  3.258550e-01  6.944527e-01  6.947362e-01  0.007941  1.4409  3.227368e+05  1.668344e+05  1.275597e+57  3.188735e+57  5.210401e-06  -7.757817e+105  +1  -1  1
7305.2715  15928.3955  8323.1862  15413.0595  7305.2715  1.470656  1.025141  0.445515  6.831417  6.831417  6.397650  0.302936  3.179669e-01  6.573333e-01  6.575445e-01  0.007416  1.5212  3.416862e+05  1.461180e+05  1.340254e+57  2.776550e+57  -9.445896e-06  -5.602722e+105  -1  -1  1
7305.2715  17984.7070  8323.1862  17469.3612  7305.2715  1.468414  1.077517  0.390897  6.963993  6.963993  6.115081  0.266203  3.114381e-01  6.283886e-01  6.285509e-01  0.007302  1.6614  3.605388e+05  1.276060e+05  1.406688e+57  2.415123e+57  -4.890310e-06  -4.065448e+105  -1  -1  1
7305.2715  20310.1824  8323.1862  19794.8396  7305.2715  1.472163  1.130031  0.342131  7.100089  7.100089  5.847339  0.232401  3.062483e-01  6.064315e-01  6.065633e-01  0.007508  1.8580  3.785646e+05  1.110707e+05  1.470406e+57  2.096070e+57  2.515159e-06  -3.811127e+105  +1  -1  1

10000.0000  103.0404  11305.6923  1.0000  10000.0000  2.577337  0.000010  2.577327  11.714275  0.471313  11.714275  0.999996  3.249657e-01  6.901428e-01  1.380736e-02  0.006660  1.2252  1.554762e+00  8.400174e+05  1.307482e+52  1.625087e+58  9.893534e-07  -8.352897e+103  +1  -1  0
10000.0000  107.6573  11305.6923  1.1334  10000.0000  2.577348  0.000012  2.577336  11.714312  0.483001  11.714312  0.999995  3.249660e-01  6.901444e-01  1.449601e-02  0.006660  1.2251  1.834643e+00  8.400279e+05  1.538895e+52  1.625106e+58  5.185681e-06  -8.283900e+103  +1  -1  0
10000.0000  113.1115  11305.6923  1.2846  10000.0000  2.577352  0.000014  2.577338  11.714328  0.495249  11.714328  0.999994  3.249661e-01  6.901447e-01  1.523525e-02  0.006660  1.2252  2.162574e+00  8.400284e+05  1.807057e+52  1.625111e+58  6.253913e-06  -8.447068e+103  +1  -1  0
10000.0000  119.1072  11305.6923  1.4560  10000.0000  2.577350  0.000017  2.577333  11.714260  0.508250  11.714260  0.999993  3.249677e-01  6.901524e-01  1.603942e-02  0.006660  1.2252  2.548294e+00  8.400222e+05  2.120148e+52  1.625094e+58  -2.552314e-06  -9.525217e+103  -1  -1  0
10000.0000  125.0167  11305.6923  1.6503  10000.0000  2.577369  0.000020  2.577348  11.714355  0.521857  11.714355  0.999992  3.249674e-01  6.901510e-01  1.690273e-02  0.006660  1.2251  3.002200e+00  8.400308e+05  2.486427e+52  1.625124e+58  2.236312e-06  -1.056864e+104  +1  -1  0
10000.0000  131.6026  11305.6923  1.8704  10000.0000  2.577386  0.000024  2.577362  11.714429  0.536139  11.714429  0.999991  3.249675e-01  6.901518e-01  1.783248e-02  0.006660  1.2251  3.536733e+00  8.400375e+05  2.915608e+52  1.625149e+58  2.562039e-06  -1.209689e+104  +1  -1  0
10000.0000  137.9494  11305.6923  2.1200  10000.0000  2.577332  0.000028  2.577305  11.714246  0.551098  11.714246  0.999989  3.249658e-01  6.901436e-01  1.883221e-02  0.006660  1.2251  4.166638e+00  8.400082e+05  3.419134e+52  1.625080e+58  4.152130e-06  -1.125327e+104  +1  -1  0
10000.0000  152.7256  11305.6923  2.4028  10000.0000  2.577384  0.000033  2.577351  11.714381  0.566139  11.714381  0.999987  3.249686e-01  6.901567e-01  1.986413e-02  0.006660  1.2251  4.882405e+00  8.400276e+05  3.988968e+52  1.625135e+58  3.166755e-06  -1.875321e+104  +1  -1  0
10000.0000  157.6382  11305.6923  2.7234  10000.0000  2.577408  0.000038  2.577370  11.714430  0.581983  11.714430  0.999985  3.249703e-01  6.901650e-01  2.098002e-02  0.006660  1.2251  5.732951e+00  8.400340e+05  4.663570e+52  1.625156e+58  5.606804e-06  -2.466554e+104  +1  -1  0
10000.0000  162.7167  11305.6923  3.0867  10000.0000  2.577392  0.000045  2.577347  11.714396  0.598876  11.714396  0.999983  3.249692e-01  6.901599e-01  2.220219e-02  0.006660  1.2252  6.751133e+00  8.400183e+05  5.468433e+52  1.625135e+58  -1.872784e-06  -2.841929e+104  -1  -1  0
10000.0000  167.9681  11305.6923  3.4985  10000.0000  2.577436  0.000053  2.577383  11.714528  0.616890  11.714528  0.999979  3.249711e-01  6.901688e-01  2.354205e-02  0.006660  1.2250  7.967405e+00  8.400372e+05  6.426853e+52  1.625188e+58  -2.221595e-06  -3.263831e+104  -1  -1  0
10000.0000  173.4000  11305.6923  3.9652  10000.0000  2.577441  0.000062  2.577379  11.714525  0.636090  11.714525  0.999976  3.249718e-01  6.901725e-01  2.501134e-02  0.006660  1.2251  9.418411e+00  8.400320e+05  7.566688e+52  1.625187e+58  -5.207568e-06  -3.757127e+104  -1  -1  0
10000.0000  179.0190  11305.6923  4.4943  10000.0000  2.577475  0.000074  2.577402  11.714602  0.656525  11.714602  0.999971  3.249740e-01  6.901830e-01  2.662165e-02  0.006660  1.2251  1.114842e+01  8.400392e+05  8.921439e+52  1.625218e+58  1.001582e-05  -4.311033e+104  +1  -1  0
10000.0000  184.8335  11305.6923  5.0939  10000.0000  2.577490  0.000087  2.577403  11.714685  0.678245  11.714685  0.999966  3.249736e-01  6.901810e-01  2.838521e-02  0.006660  1.2249  1.321012e+01  8.400385e+05  1.053093e+53  1.625240e+58  1.018104e-05  -4.952214e+104  +1  -1  0
10000.0000  190.8524  11305.6923  5.7734  10000.0000  2.577518  0.000103  2.577415  11.714711  0.701320  11.714711  0.999960  3.249763e-01  6.901942e-01  3.031699e-02  0.006660  1.2249  1.566701e+01  8.400393e+05  1.244274e+53  1.625256e+58  7.290224e-06  -5.680826e+104  +1  -1  0
10000.0000  197.0844  11305.6923  6.5437  10000.0000  2.577561  0.000122  2.577439  11.714839  0.725776  11.714839  0.999953  3.249783e-01  6.902036e-01  3.242944e-02  0.006660  1.2249  1.859432e+01  8.400473e+05  1.471307e+53  1.625301e+58  3.718359e-06  -6.486728e+104  +1  -1  0
10000.0000  203.5396  11305.6923  7.4167  10000.0000  2.577651  0.000145  2.577506  11.715269  0.751785  11.715269  0.999944  3.249776e-01  6.902005e-01  3.474820e-02  0.006661  1.2250  2.208239e+01  8.400742e+05  1.740898e+53  1.625424e+58  9.224608e-06  -7.452164e+104  +1  -1  0
10000.0000  210.2287  11305.6923  8.4062  10000.0000  2.577605  0.000172  2.577434  11.714955  0.779228  11.714955  0.999933  3.249806e-01  6.902148e-01  3.727523e-02  0.006660  1.2249  2.623840e+01  8.400310e+05  2.060937e+53  1.625330e+58  7.678120e-06  -8.584185e+104  +1  -1  0
10000.0000  217.1631  11305.6923  9.5277  10000.0000  2.577664  0.000203  2.577460  11.715143  0.808309  11.715143  0.999921  3.249827e-01  6.902250e-01  4.004145e-02  0.006660  1.2249  3.118802e+01  8.400356e+05  2.440618e+53  1.625387e+58  6.183641e-06  -9.778526e+104  +1  -1  0
10000.0000  224.3537  11305.6923  10.7988  10000.0000  2.577718  0.000241  2.577477  11.715324  0.838316  11.715324  0.999906  3.249846e-01  6.902343e-01  4.299185e-02  0.006660  1.2248  3.709568e+01  8.400384e+05  2.891941e+53  1.625443e+58  -2.222348e-05  -1.120527e+105  -1  -1  0
10000.0000  231.8138  11305.6923  12.2395  10000.0000  2.577756  0.000286  2.577470  11.715435  0.869786  11.715435  0.999889  3.249863e-01  6.902424e-01  4.618813e-02  0.006660  1.2248  4.413394e+01  8.400278e+05  3.427291e+53  1.625471e+58  -3.133175e-05  -1.280518e+105  -1  -1  0
10000.0000  239.5612  11305.6923  13.8724  10000.0000  2.577831  0.000339  2.577492  11.715666  0.902992  11.715666  0.999869  3.249893e-01  6.902567e-01  4.967184e-02  0.006660  1.2248  5.252841e+01  8.400266e+05  4.062819e+53  1.625538e+58  -6.397126e-05  -1.468792e+105  -1  -1  0
10000.0000  247.6067  11305.6923  15.7232  10000.0000  2.577896  0.000401  2.577494  11.715853  0.938208  11.715853  0.999844  3.249923e-01  6.902713e-01  5.348799e-02  0.006660  1.2247  6.254006e+01  8.400153e+05  4.816970e+53  1.625588e+58  -1.133782e-04  -1.671969e+105  -1  -1  0
10000.0000  255.9695  11305.6923  17.8208  10000.0000  2.577977  0.000476  2.577502  11.716126  0.975452  11.716126  0.999815  3.249950e-01  6.902844e-01  5.765743e-02  0.006660  1.2247  7.448981e+01  8.400063e+05  5.712357e+53  1.625661e+58  2.414867e-05  -1.907429e+105  +1  -1  0
10000.0000  264.6662  11305.6923  20.1984  10000.0000  2.578082  0.000564  2.577519  11.716503  1.014778  11.716503  0.999781  3.249978e-01  6.902979e-01  6.220547e-02  0.006661  1.2247  8.874934e+01  8.400003e+05  6.774622e+53  1.625761e+58  9.977460e-05  -2.173207e+105  +1  -1  0
10000.0000  273.7197  11305.6923  22.8931  10000.0000  2.578190  0.000668  2.577521  11.716858  1.056276  11.716858  0.999741  3.250014e-01  6.903155e-01  6.716250e-02  0.006661  1.2246  1.057775e+02  8.399842e+05  8.035222e+53  1.625851e+58  9.671801e-05  -2.479165e+105  +1  -1  0
10000.0000  283.1505  11305.6923  25.9473  10000.0000  2.578319  0.000792  2.577527  11.717354  1.100030  11.717354  0.999693  3.250040e-01  6.903280e-01  7.255929e-02  0.006661  1.2247  1.261207e+02  8.399692e+05  9.531288e+53  1.625974e+58  -1.366880e-04  -2.820082e+105  -1  -1  0
10000.0000  292.9824  11305.6923  29.4090  10000.0000  2.578460  0.000938  2.577523  11.717818  1.146122  11.717818  0.999636  3.250090e-01  6.903520e-01  7.842718e-02  0.006661  1.2246  1.504289e+02  8.399432e+05  1.130608e+54  1.626086e+58  -8.640353e-05  -2.898632e+105  -1  -1  0
10000.0000  548.6687  11305.6923  33.3326  10000.0000  2.578582  0.001056  2.577526  11.718256  1.176553  11.718256  0.999591  3.250121e-01  6.903671e-01  8.240465e-02  0.006662  1.2247  1.699554e+02  8.399223e+05  1.271861e+54  1.626195e+58  -8.416608e-05  -6.158115e+105  -1  -1  1
10000.0000  553.1161  11305.6923  37.7796  10000.0000  2.578561  0.001195  2.577366  11.718261  1.206249  11.718261  0.999537  3.250094e-01  6.903538e-01  8.638132e-02  0.006662  1.2247  1.929282e+02  8.398189e+05  1.436538e+54  1.626127e+58  -1.206180e-05  -6.459509e+105  -1  -1  1
10000.0000  558.1558  11305.6923  42.8198  10000.0000  2.578948  0.001368  2.577580  11.719409  1.238822  11.719409  0.999470  3.250263e-01  6.904354e-01  9.084039e-02  0.006662  1.2244  2.216487e+02  8.398934e+05  1.640995e+54  1.626517e+58  -1.778742e-04  -6.893768e+105  -1  -1  1
10000.0000  563.8691  11305.6923  48.5326  10000.0000  2.579151  0.001579  2.577572  11.720123  1.274470  11.720123  0.999388  3.250321e-01  6.904637e-01  9.582912e-02  0.006663  1.2244  2.569746e+02  8.398569e+05  1.890735e+54  1.626693e+58  -1.938182e-04  -7.481566e+105  -1  -1  1
10000.0000  570.3441  11305.6923  55.0074  10000.0000  2.579435  0.001836  2.577598  11.721123  1.313305  11.721123  0.999288  3.250401e-01  6.905022e-01  1.013862e-01  0.006664  1.2245  3.000884e+02  8.398276e+05  2.193321e+54  1.626946e+58  8.024212e-03  -7.978028e+105  +1  -1  1
10000.0000  577.6823  11305.6923  62.3461  10000.0000  2.579700  0.002147  2.577553  11.722135  1.355544  11.722135  0.999168  3.250454e-01  6.905279e-01  1.075672e-01  0.006664  1.2245  3.524825e+02  8.397613e+05  2.558214e+54  1.627169e+58  -4.183692e-05  -8.539554e+105  -1  -1  1
10000.0000  586.0010  11305.6923  70.6639  10000.0000  2.580032  0.002520  2.577512  11.723426  1.401303  11.723426  0.999023  3.250515e-01  6.905572e-01  1.144160e-01  0.006666  1.2246  4.169771e+02  8.396905e+05  3.003753e+54  1.627458e+58  -4.433712e-05  -9.077786e+105  -1  -1  1
10000.0000  595.4279  11305.6923  80.0914  10000.0000  2.580391  0.002967  2.577424  11.724837  1.450713  11.724837  0.998850  3.250576e-01  6.905866e-01  1.219794e-01  0.006668  1.2249  4.944429e+02  8.395898e+05  3.534122e+54  1.627752e+58  -2.768737e-05  -9.529499e+105  -1  -1  1
10000.0000  606.1136  11305.6923  90.7766  10000.0000  2.580835  0.003501  2.577333  11.726748  1.503886  11.726748  0.998643  3.250605e-01  6.906009e-01  1.303009e-01  0.006670  1.2252  5.878754e+02  8.394835e+05  4.167665e+54  1.628153e+58  -2.975704e-05  -1.005554e+106  -1  -1  1
10000.0000  618.2249  11305.6923  102.8874  10000.0000  2.581250  0.004138  2.577112  11.728589  1.560911  11.728589  0.998397  3.250618e-01  6.906072e-01  1.394196e-01  0.006672  1.2256  7.015596e+02  8.393064e+05  4.930857e+54  1.628479e+58  -7.209489e-06  -1.067310e+106  -1  -1  1
10000.0000  631.9498  11305.6923  116.6139  10000.0000  2.581751  0.004896  2.576855  11.730906  1.621875  11.730906  0.998104  3.250607e-01  6.906017e-01  1.493732e-01  0.006676  1.2263  8.395840e+02  8.391048e+05  5.847397e+54  1.628890e+58  -6.970973e-06  -1.121587e+106  -1  -1  1
10000.0000  647.5096  11305.6923  132.1717  10000.0000  2.582287  0.005796  2.576491  11.733556  1.686872  11.733556  0.997756  3.250547e-01  6.905728e-01  1.601954e-01  0.006680  1.2272  1.004993e+03  8.388442e+05  6.932469e+54  1.629320e+58  -5.174413e-06  -1.170013e+106  -1  -1  1
10000.0000  665.1426  11305.6923  149.8051  10000.0000  2.582866  0.006861  2.576005  11.736597  1.755912  11.736597  0.997344  3.250433e-01  6.905179e-01  1.719015e-01  0.006685  1.2283  1.204914e+03  8.385175e+05  8.227628e+54  1.629774e+58  -4.184361e-06  -1.224866e+106  -1  -1  1
10000.0000  685.1283  11305.6923  169.7911  10000.0000  2.583479  0.008121  2.575359  11.740080  1.829054  11.740080  0.996857  3.250241e-01  6.904249e-01  1.845091e-01  0.006692  1.2299  1.446172e+03  8.381096e+05  9.769570e+54  1.630245e+58  -3.361871e-06  -1.288201e+106  -1  -1  1
10000.0000  707.7821  11305.6923  192.4434  10000.0000  2.584118  0.009607  2.574511  11.744024  1.906304  11.744024  0.996282  3.249952e-01  6.902854e-01  1.980162e-01  0.006700  1.2320  1.740597e+03  8.375984e+05  1.162715e+55  1.630714e+58  -2.630984e-06  -1.342751e+106  -1  -1  1
10000.0000  733.4544  11305.6923  218.1178  10000.0000  2.584756  0.011357  2.573399  11.748443  1.987676  11.748443  0.995606  3.249533e-01  6.900830e-01  2.124150e-01  0.006710  1.2347  2.090748e+03  8.369599e+05  1.380036e+55  1.631154e+58  -1.951936e-06  -1.384438e+106  -1  -1  1
10000.0000  762.5564  11305.6923  247.2176  10000.0000  2.585366  0.013414  2.571952  11.753306  2.073157  11.753306  0.994812  3.248955e-01  6.898039e-01  2.276787e-01  0.006722  1.2379  2.510869e+03  8.361601e+05  1.636573e+55  1.631523e+58  -1.460641e-06  -1.436352e+106  -1  -1  1
10000.0000  795.5386  11305.6923  280.1996  10000.0000  2.585960  0.015827  2.570133  11.758850  2.162747  11.758850  0.993880  3.248169e-01  6.894248e-01  2.437728e-01  0.006737  1.2422  3.019901e+03  8.351883e+05  1.942637e+55  1.631852e+58  -1.097650e-06  -1.483865e+106  -1  -1  1
10000.0000  832.9189  11305.6923  317.5819  10000.0000  2.586466  0.018651  2.567816  11.764888  2.256383  11.764888  0.992789  3.247138e-01  6.889279e-01  2.606380e-01  0.006754  1.2473  3.628747e+03  8.339916e+05  2.302249e+55  1.632044e+58  -6.127419e-07  -1.525590e+106  -1  -1  1
10000.0000  875.2916  11305.6923  359.9514  10000.0000  2.586685  0.021950  2.564735  11.770828  2.354068  11.770828  0.991514  3.245773e-01  6.882706e-01  2.782123e-01  0.006775  1.2538  4.354964e+03  8.324487e+05  2.723126e+55  1.631840e+58  -2.437138e-07  -1.568611e+106  -1  -1  1
10000.0000  923.3117  11305.6923  407.9736  10000.0000  2.586883  0.025796  2.561086  11.778039  2.455728  11.778039  0.990028  3.244034e-01  6.874346e-01  2.964107e-01  0.006800  1.2618  5.228872e+03  8.306646e+05  3.220801e+55  1.631625e+58  -5.775949e-08  -1.583922e+106  -1  -1  1
10000.0000  977.7420  11305.6923  462.4025  10000.0000  2.586707  0.030271  2.556436  11.785335  2.561317  11.785335  0.988298  3.241805e-01  6.863645e-01  3.151381e-01  0.006830  1.2718  6.266497e+03  8.284479e+05  3.799727e+55  1.630941e+58  2.755703e-07  -1.616845e+106  +1  -1  1
10000.0000  1039.4339  11305.6923  524.0930  10000.0000  2.586078  0.035464  2.550613  11.792515  2.670791  11.792515  0.986286  3.239043e-01  6.850417e-01  3.342902e-01  0.006865  1.2838  7.508980e+03  8.257479e+05  4.480242e+55  1.629687e+58  5.308994e-07  -1.642576e+106  +1  -1  1
10000.0000  1109.3497  11305.6923  594.0138  10000.0000  2.584907  0.041480  2.543427  11.799792  2.784109  11.799792  0.983953  3.235580e-01  6.833873e-01  3.537547e-01  0.006906  1.2983  8.976317e+03  8.224881e+05  5.266430e+55  1.627803e+58  7.512534e-07  -1.640305e+106  +1  -1  1
10000.0000  1188.6046  11305.6923  673.2629  10000.0000  2.583008  0.048429  2.534579  11.806776  2.901158  11.806776  0.981251  3.231291e-01  6.813451e-01  3.734044e-01  0.006954  1.3160  1.072112e+04  8.185627e+05  6.183010e+55  1.625082e+58  9.635375e-07  -1.643154e+106  +1  -1  1
10000.0000  1278.4252  11305.6923  763.0849  10000.0000  2.580159  0.056438  2.523720  11.812902  3.021883  11.812902  0.978126  3.226053e-01  6.788606e-01  3.931165e-01  0.007010  1.3373  1.279251e+04  8.138437e+05  7.250386e+55  1.621254e+58  1.159092e-06  -1.642655e+106  +1  -1  1
10000.0000  1380.2298  11305.6923  864.8903  10000.0000  2.576100  0.065644  2.510456  11.817754  3.146211  11.817754  0.974518  3.219656e-01  6.758418e-01  4.127645e-01  0.007074  1.3631  1.521459e+04  8.082000e+05  8.469084e+55  1.616069e+58  1.355123e-06  -1.638983e+106  +1  -1  1
10000.0000  1495.6207  11305.6923  980.2778  10000.0000  2.570138  0.076196  2.493942  11.819399  3.274109  11.819399  0.970353  3.211757e-01  6.721365e-01  4.322274e-01  0.007148  1.3943  1.806811e+04  8.013038e+05  9.876595e+55  1.608736e+58  1.528477e-06  -1.641815e+106  +1  -1  1
10000.0000  1626.3973  11305.6923  1111.0596  10000.0000  2.563037  0.088252  2.474786  11.820395  3.405342  11.820395  0.965568  3.202614e-01  6.678781e-01  4.513743e-01  0.007231  1.4308  2.141305e+04  7.934871e+05  1.149306e+56  1.600178e+58  1.663619e-06  -1.528174e+106  +1  -1  1
10000.0000  1774.6318  11305.6923  1259.2893  10000.0000  2.553434  0.101982  2.451451  11.816668  3.539866  11.816668  0.960061  3.191620e-01  6.628005e-01  4.700973e-01  0.007326  1.4747  2.527998e+04  7.841517e+05  1.331596e+56  1.588851e+58  1.828886e-06  -1.544172e+106  +1  -1  1
10000.0000  1942.6373  11305.6923  1427.2948  10000.0000  2.540965  0.117563  2.423402  11.807426  3.677517  11.807426  0.953733  3.178521e-01  6.568107e-01  4.882900e-01  0.007431  1.5270  2.977510e+04  7.731468e+05  1.539296e+56  1.574418e+58  1.984245e-06  -1.536554e+106  +1  -1  1
10000.0000  2133.0527  11305.6923  1617.7144  10000.0000  2.525174  0.135176  2.389998  11.791214  3.818048  11.791214  0.946469  3.163111e-01  6.498464e-01  5.058559e-01  0.007547  1.5890  3.497143e+04  7.603041e+05  1.774568e+56  1.556411e+58  2.133386e-06  -1.508141e+106  +1  -1  1
10000.0000  2348.8827  11305.6923  1833.5384  10000.0000  2.505447  0.155001  2.350445  11.766037  3.961326  11.766037  0.938134  3.145115e-01  6.418238e-01  5.227163e-01  0.007675  1.6626  4.095000e+04  7.454109e+05  2.039906e+56  1.534215e+58  2.279965e-06  -1.463513e+106  +1  -1  1
10000.0000  2593.4963  11305.6923  2078.1562  10000.0000  2.481005  0.177216  2.303789  11.729182  4.107095  11.729182  0.928571  3.124220e-01  6.326535e-01  5.388016e-01  0.007811  1.7494  4.779173e+04  7.282035e+05  2.337763e+56  1.507048e+58  2.411487e-06  -1.450970e+106  +1  -1  1
10000.0000  2870.7514  11305.6923  2355.4091  10000.0000  2.451225  0.201984  2.249240  11.677163  4.255199  11.677163  0.917599  3.100469e-01  6.224145e-01  5.540539e-01  0.007940  1.8476  5.549874e+04  7.084576e+05  2.665009e+56  1.474113e+58  2.560396e-06  -1.469741e+106  +1  -1  1
10000.0000  3184.9955  11305.6923  2669.6512  10000.0000  2.415120  0.229453  2.185667  11.608668  4.405219  11.608668  0.904993  3.072826e-01  6.107367e-01  5.684275e-01  0.008096  1.9701  6.429106e+04  6.860830e+05  3.033752e+56  1.435106e+58  2.711534e-06  -1.467328e+106  +1  -1  1
10000.0000  3541.1532  11305.6923  3025.8172  10000.0000  2.372041  0.259740  2.112301  11.517235  4.556773  11.517235  0.890499  3.041975e-01  5.979969e-01  5.818900e-01  0.008234  2.1073  7.406704e+04  6.607694e+05  3.433892e+56  1.388799e+58  2.840033e-06  -1.554680e+106  +1  -1  1
10000.0000  3944.8452  11305.6923  3429.5004  10000.0000  2.321285  0.292930  2.028355  11.399044  4.709580  11.399044  0.873807  3.007749e-01  5.842110e-01  5.944186e-01  0.008355  2.2629  8.495736e+04  6.324708e+05  3.871875e+56  1.334778e+58  2.983723e-06  -1.621363e+106  +1  -1  1
10000.0000  4402.3826  11305.6923  3887.0401  10000.0000  2.262301  0.329060  1.933241  11.248861  4.863133  11.248861  0.854546  2.970459e-01  5.695895e-01  6.060063e-01  0.008446  2.4346  9.699591e+04  6.011510e+05  4.347931e+56  1.272576e+58  3.128111e-06  -1.717398e+106  +1  -1  1
10000.0000  4920.9625  11305.6923  4405.6215  10000.0000  2.194871  0.368118  1.826752  11.061133  5.017102  11.061133  0.832282  2.930832e-01  5.544872e-01  6.166388e-01  0.008487  2.6163  1.102006e+05  5.668968e+05  4.861932e+56  1.202033e+58  3.262098e-06  -1.888066e+106  +1  -1  1
10000.0000  5508.7341  11305.6923  4993.3885  10000.0000  2.119307  0.410031  1.709275  10.830538  5.170865  10.830538  0.806526  2.890183e-01  5.394395e-01  6.263348e-01  0.008454  2.7946  1.244111e+05  5.299632e+05  5.402168e+56  1.123463e+58  3.405186e-06  -2.018700e+106  +1  -1  1
10000.0000  6174.9095  11305.6923  5659.5711  10000.0000  2.036626  0.454661  1.581965  10.552509  5.324045  10.552509  0.776758  2.850606e-01  5.252007e-01  6.350929e-01  0.008320  2.9469  1.398794e+05  4.907932e+05  5.986744e+56  1.037753e+58  3.543570e-06  -2.140206e+106  +1  -1  1
10000.0000  6929.9756  11305.6923  6414.6311  10000.0000  1.948731  0.501805  1.446925  10.224118  5.476140  10.224118  0.742496  2.815189e-01  5.127882e-01  6.429337e-01  0.008063  3.0400  1.562276e+05  4.500325e+05  6.591037e+56  9.464648e+57  3.680225e-06  -2.225047e+106  +1  -1  1
10000.0000  7785.7703  11305.6923  7270.4259  10000.0000  1.858581  0.551198  1.307383  9.846127  5.626691  9.846127  0.703431  2.788032e-01  5.034729e-01  6.498702e-01  0.007668  3.0348  1.737080e+05  4.085674e+05  7.235522e+56  8.520013e+57  3.803864e-06  -2.234407e+106  +1  -1  1
10000.0000  8755.7337  11305.6923  8240.3948  10000.0000  1.769950  0.602514  1.167436  9.423524  5.775096  9.423524  0.659587  2.774146e-01  4.987758e-01  6.559405e-01  0.007147  2.9000  1.918240e+05  3.674143e+05  7.889783e+56  7.572985e+57  3.902111e-06  -2.193266e+106  +1  -1  1
10000.0000  9855.1162  11305.6923  9339.7702  10000.0000  1.687089  0.655380  1.031709  8.967342  5.921087  8.967342  0.611532  2.778791e-01  5.003422e-01  6.611496e-01  0.006550  2.6357  2.106137e+05  3.276577e+05  8.561807e+56  6.656458e+57  4.030613e-06  -1.952629e+106  +1  -1  1
10000.0000  11101.1575  11305.6923  10585.8164  10000.0000  1.613926  0.709384  0.904542  8.493612  6.064199  8.493612  0.560461  2.806550e-01  5.098059e-01  6.655220e-01  0.005977  2.2885  2.301590e+05  2.902571e+05  9.263613e+56  5.800411e+57  4.111960e-06  -1.675275e+106  +1  -1  1
10000.0000  12513.4446  11305.6923  11998.1012  10000.0000  1.553311  0.764095  0.789217  8.021511  6.204094  8.021511  0.508087  2.860118e-01  5.285869e-01  6.690644e-01  0.005580  1.9436  2.498076e+05  2.559098e+05  9.956840e+56  5.027026e+57  4.165527e-06  -1.385547e+106  +1  -1  1
10000.0000  14114.1489  11305.6923  13598.8032  10000.0000  1.506533  0.819079  0.687453  7.569910  6.340486  7.569910  0.456315  2.939473e-01  5.577432e-01  6.717516e-01  0.005552  1.6867  2.696063e+05  2.249658e+05  1.065232e+57  4.347382e+57  4.250211e-06  -1.065864e+106  +1  -1  1
10000.0000  15928.3955  11305.6923  15413.0595  10000.0000  1.473313  0.873918  0.599395  7.154065  6.473335  7.154065  0.406835  3.041753e-01  5.979060e-01  6.734412e-01  0.006120  1.5669  2.893784e+05  1.974450e+05  1.134554e+57  3.761669e+57  4.380143e-06  -7.813139e+105  +1  -1  1
10000.0000  17984.7070  11305.6923  17469.3612  10000.0000  1.452238  0.928234  0.524004  6.783484  6.602513  6.783484  0.360825  3.162034e-01  6.493629e-01  6.736266e-01  0.007513  1.5844  3.089491e+05  1.731244e+05  1.203191e+57  3.261926e+57  4.883805e-06  -5.714790e+105  +1  -1  1
10000.0000  20310.1824  11305.6923  19794.8396  10000.0000  1.441369  0.981834  0.459536  6.732186  6.732186  6.460300  0.318819  3.162283e-01  6.494750e-01  6.497930e-01  0.007969  1.6801  3.282567e+05  1.516794e+05  1.271602e+57  2.836057e+57  5.084784e-06  -4.907952e+105  +1  -1  1

