# Phase transition detected in NM EOS:
#   P_t    = 10.0000 MeV/fm3
#   e_low  = 219.9037 MeV/fm3
#   e_high = 470.7574 MeV/fm3
#   delta_e= 250.8538 MeV/fm3
# Two-fluid TOV: Full results
# Columns: Pc_DM[MeV/fm3]  ec_NM[MeV/fm3]  ec_DM[MeV/fm3]  Pc_NM[MeV/fm3]  Pc_DM[MeV/fm3]  M[Msun]  M_NM[Msun]  M_DM[Msun]  R_total[km]  R_NM[km]  R_DM[km]  f_DM  Compactness  z_total  z_NM_surf  k2  Lambda  A_NM  A_DM  N_NM  N_DM  dM_dNB  detJ  stable_hippert  stable_jac  phase
1.000000e+00  1.030404e+02  7.225940e+04  1.000000e+00  1.000000e+00  1.178090e-01  1.178090e-01  0.000000e+00  1.602450e+01  1.602450e+01  8.619000e-03  1.000000e-06  1.085864e-02  1.103877e-02  1.103877e-02  2.418946e-02  1.068230e+08  1.771254e+04  2.400448e-02  1.481880e+56  3.364490e+45  6.515784e-06  4.789393e+96  1.000000e+00  1.000000e+00  0.000000e+00
1.000000e+00  1.076573e+02  7.225940e+04  1.133400e+00  1.000000e+00  1.266840e-01  1.266840e-01  0.000000e+00  1.527996e+01  1.527996e+01  8.619000e-03  1.000000e-06  1.224560e-02  1.247523e-02  1.247523e-02  2.884670e-02  6.983995e+07  1.907459e+04  2.400196e-02  1.594461e+56  3.364136e+45  6.509523e-06  4.614432e+96  1.000000e+00  1.000000e+00  0.000000e+00
1.000000e+00  1.131115e+02  7.225940e+04  1.284600e+00  1.000000e+00  1.364840e-01  1.364840e-01  0.000000e+00  1.467226e+01  1.467226e+01  8.619000e-03  1.000000e-06  1.373941e-02  1.402921e-02  1.402921e-02  3.412964e-02  4.647296e+07  2.058180e+04  2.399892e-02  1.716881e+56  3.363712e+45  6.495121e-06  4.395415e+96  1.000000e+00  1.000000e+00  0.000000e+00
1.000000e+00  1.191072e+02  7.225940e+04  1.456000e+00  1.000000e+00  1.472860e-01  1.472860e-01  0.000000e+00  1.416668e+01  1.416668e+01  8.618000e-03  1.000000e-06  1.535590e-02  1.571891e-02  1.571891e-02  4.000139e-02  3.123242e+07  2.224696e+04  2.399564e-02  1.850682e+56  3.363252e+45  6.477851e-06  4.609265e+96  1.000000e+00  1.000000e+00  0.000000e+00
1.000000e+00  1.250167e+02  7.225940e+04  1.650300e+00  1.000000e+00  1.590920e-01  1.590920e-01  0.000000e+00  1.374402e+01  1.374402e+01  8.618000e-03  1.000000e-06  1.709686e-02  1.754820e-02  1.754820e-02  4.635478e-02  2.115544e+07  2.407225e+04  2.399234e-02  1.996185e+56  3.362791e+45  6.458636e-06  4.777905e+96  1.000000e+00  1.000000e+00  0.000000e+00
1.000000e+00  1.316026e+02  7.225940e+04  1.870400e+00  1.000000e+00  1.719740e-01  1.719730e-01  0.000000e+00  1.338873e+01  1.338873e+01  8.618000e-03  1.000000e-06  1.897160e-02  1.952914e-02  1.952914e-02  5.311321e-02  1.440755e+07  2.606987e+04  2.398874e-02  2.154406e+56  3.362284e+45  6.437343e-06  5.021671e+96  1.000000e+00  1.000000e+00  0.000000e+00
1.000000e+00  1.379494e+02  7.225940e+04  2.120000e+00  1.000000e+00  1.859920e-01  1.859920e-01  0.000000e+00  1.308885e+01  1.308885e+01  8.617000e-03  1.000000e-06  2.098820e-02  2.167296e-02  2.167296e-02  6.016557e-02  9.848711e+06  2.825170e+04  2.398525e-02  2.326289e+56  3.361792e+45  6.411949e-06  4.346124e+96  1.000000e+00  1.000000e+00  0.000000e+00
1.000000e+00  1.527256e+02  7.225940e+04  2.402800e+00  1.000000e+00  1.988510e-01  1.988510e-01  0.000000e+00  1.285920e+01  1.285920e+01  8.616000e-03  1.000000e-06  2.283995e-02  2.365347e-02  2.365347e-02  6.619666e-02  7.100161e+06  3.026093e+04  2.397726e-02  2.483539e+56  3.360676e+45  6.386462e-06  5.681791e+96  1.000000e+00  1.000000e+00  0.000000e+00
1.000000e+00  1.576382e+02  7.225940e+04  2.723400e+00  1.000000e+00  2.129480e-01  2.129480e-01  0.000000e+00  1.264353e+01  1.264353e+01  8.616000e-03  1.000000e-06  2.487636e-02  2.584485e-02  2.584485e-02  7.229171e-02  5.058973e+06  3.247332e+04  2.397410e-02  2.655695e+56  3.360240e+45  6.360333e-06  7.325589e+96  1.000000e+00  1.000000e+00  0.000000e+00
1.000000e+00  1.627167e+02  7.225940e+04  3.086700e+00  1.000000e+00  2.294450e-01  2.294440e-01  0.000000e+00  1.244407e+01  1.244407e+01  8.615000e-03  1.000000e-06  2.723311e-02  2.839859e-02  2.839859e-02  7.893854e-02  3.513282e+06  3.507256e+04  2.397098e-02  2.857404e+56  3.359803e+45  6.334311e-06  8.260377e+96  1.000000e+00  1.000000e+00  0.000000e+00
1.000000e+00  1.679681e+02  7.225940e+04  3.498500e+00  1.000000e+00  2.485530e-01  2.485530e-01  0.000000e+00  1.226947e+01  1.226947e+01  8.615000e-03  1.000000e-06  2.992090e-02  3.133446e-02  3.133446e-02  8.606210e-02  2.392474e+06  3.809608e+04  2.396788e-02  3.091561e+56  3.359362e+45  6.305200e-06  9.229589e+96  1.000000e+00  1.000000e+00  0.000000e+00
1.000000e+00  1.734000e+02  7.225940e+04  3.965200e+00  1.000000e+00  2.704780e-01  2.704780e-01  0.000000e+00  1.212412e+01  1.212412e+01  8.615000e-03  1.000000e-06  3.295057e-02  3.467410e-02  3.467410e-02  9.353775e-02  1.605388e+06  4.158269e+04  2.396419e-02  3.361063e+56  3.358854e+45  6.272491e-06  1.022440e+97  1.000000e+00  1.000000e+00  0.000000e+00
1.000000e+00  1.790190e+02  7.225940e+04  4.494300e+00  1.000000e+00  2.954240e-01  2.954240e-01  0.000000e+00  1.200966e+01  1.200966e+01  8.614000e-03  1.000000e-06  3.633267e-02  3.844083e-02  3.844083e-02  1.012052e-01  1.065672e+06  4.557137e+04  2.396056e-02  3.668720e+56  3.358346e+45  6.236346e-06  1.123947e+97  1.000000e+00  1.000000e+00  0.000000e+00
1.000000e+00  1.848335e+02  7.225940e+04  5.093900e+00  1.000000e+00  3.235980e-01  3.235980e-01  0.000000e+00  1.192583e+01  1.192583e+01  8.614000e-03  1.000000e-06  4.007730e-02  4.265968e-02  4.265968e-02  1.088769e-01  7.020259e+05  5.010386e+04  2.395706e-02  4.017538e+56  3.357843e+45  6.196209e-06  1.227089e+97  1.000000e+00  1.000000e+00  0.000000e+00
1.000000e+00  1.908524e+02  7.225940e+04  5.773400e+00  1.000000e+00  3.552040e-01  3.552040e-01  0.000000e+00  1.187124e+01  1.187124e+01  8.613000e-03  0.000000e+00  4.419397e-02  4.735755e-02  4.735755e-02  1.163514e-01  4.601157e+05  5.522305e+04  2.395269e-02  4.410497e+56  3.357242e+45  6.151812e-06  1.331346e+97  1.000000e+00  1.000000e+00  0.000000e+00
1.000000e+00  1.970844e+02  7.225940e+04  6.543700e+00  1.000000e+00  3.904460e-01  3.904460e-01  0.000000e+00  1.184371e+01  1.184371e+01  8.613000e-03  0.000000e+00  4.869172e-02  5.256361e-02  5.256361e-02  1.234324e-01  3.006512e+05  6.097518e+04  2.394867e-02  4.850759e+56  3.356668e+45  6.102626e-06  1.436120e+97  1.000000e+00  1.000000e+00  0.000000e+00
1.000000e+00  2.035396e+02  7.225940e+04  7.416700e+00  1.000000e+00  4.295260e-01  4.295260e-01  0.000000e+00  1.184070e+01  1.184070e+01  8.612000e-03  0.000000e+00  5.357894e-02  5.830943e-02  5.830943e-02  1.299179e-01  1.961579e+05  6.740759e+04  2.394366e-02  5.341522e+56  3.355982e+45  6.048989e-06  1.541207e+97  1.000000e+00  1.000000e+00  0.000000e+00
1.000000e+00  2.102287e+02  7.225940e+04  8.406200e+00  1.000000e+00  4.726350e-01  4.726350e-01  0.000000e+00  1.185950e+01  1.185950e+01  8.612000e-03  0.000000e+00  5.886282e-02  6.462870e-02  6.462870e-02  1.356310e-01  1.279567e+05  7.456908e+04  2.393882e-02  5.885964e+56  3.355303e+45  5.990528e-06  1.645602e+97  1.000000e+00  1.000000e+00  0.000000e+00
1.000000e+00  2.171631e+02  7.225940e+04  9.527700e+00  1.000000e+00  5.199500e-01  5.199490e-01  0.000000e+00  1.189739e+01  1.189739e+01  8.611000e-03  0.000000e+00  6.454925e-02  7.155751e-02  7.155751e-02  1.404121e-01  8.353257e+04  8.250987e+04  2.393394e-02  6.487209e+56  3.354608e+45  5.890234e-06  1.653510e+97  1.000000e+00  1.000000e+00  0.000000e+00
1.000000e+00  4.714565e+02  7.225940e+04  1.079880e+01  1.000000e+00  5.328000e-01  5.328000e-01  0.000000e+00  1.187363e+01  1.187363e+01  8.595000e-03  0.000000e+00  6.627686e-02  7.368950e-02  7.368950e-02  1.418210e-01  7.393375e+04  8.469847e+04  2.380374e-02  6.650744e+56  3.336397e+45  6.840662e-06  -1.798004e+97  1.000000e+00  -1.000000e+00  1.000000e+00
1.000000e+00  4.728972e+02  7.225940e+04  1.223950e+01  1.000000e+00  5.225320e-01  5.225320e-01  0.000000e+00  1.176763e+01  1.176763e+01  8.595000e-03  0.000000e+00  6.558512e-02  7.283432e-02  7.283432e-02  1.400254e-01  7.692478e+04  8.301371e+04  2.380086e-02  6.517098e+56  3.335994e+45  6.295492e-06  -1.530373e+97  1.000000e+00  -1.000000e+00  1.000000e+00
1.000000e+00  4.745300e+02  7.225940e+04  1.387240e+01  1.000000e+00  5.146930e-01  5.146920e-01  0.000000e+00  1.162793e+01  1.162793e+01  8.595000e-03  0.000000e+00  6.537733e-02  7.257783e-02  7.257783e-02  1.370227e-01  7.648528e+04  8.179655e+04  2.379745e-02  6.415210e+56  3.335522e+45  7.209430e-06  -9.296788e+96  1.000000e+00  -1.000000e+00  1.000000e+00
1.000000e+00  4.763807e+02  7.225940e+04  1.572320e+01  1.000000e+00  5.102520e-01  5.102520e-01  0.000000e+00  1.145896e+01  1.145896e+01  8.594000e-03  0.000000e+00  6.576897e-02  7.306140e-02  7.306140e-02  1.331509e-01  7.213507e+04  8.121068e+04  2.379351e-02  6.357636e+56  3.334979e+45  -3.167382e-06  -3.283756e+96  -1.000000e+00  -1.000000e+00  1.000000e+00
1.000000e+00  4.784787e+02  7.225940e+04  1.782080e+01  1.000000e+00  5.103480e-01  5.103480e-01  0.000000e+00  1.126600e+01  1.126600e+01  8.594000e-03  0.000000e+00  6.690805e-02  7.447161e-02  7.447161e-02  1.287631e-01  6.401895e+04  8.140965e+04  2.378937e-02  6.356132e+56  3.334397e+45  1.092154e-06  2.675724e+96  1.000000e+00  1.000000e+00  1.000000e+00
1.000000e+00  4.808563e+02  7.225940e+04  2.019840e+01  1.000000e+00  5.161540e-01  5.161540e-01  0.000000e+00  1.105737e+01  1.105737e+01  8.593000e-03  0.000000e+00  6.894607e-02  7.700866e-02  7.700866e-02  1.242353e-01  5.316315e+04  8.261945e+04  2.378456e-02  6.427731e+56  3.333725e+45  4.968735e-06  8.428382e+96  1.000000e+00  1.000000e+00  1.000000e+00
1.000000e+00  4.835509e+02  7.225940e+04  2.289310e+01  1.000000e+00  5.287890e-01  5.287890e-01  0.000000e+00  1.084410e+01  1.084410e+01  8.592000e-03  0.000000e+00  7.202282e-02  8.087307e-02  8.087307e-02  1.199708e-01  4.127024e+04  8.500238e+04  2.377915e-02  6.584654e+56  3.332969e+45  5.375656e-06  1.360704e+97  1.000000e+00  1.000000e+00  1.000000e+00
1.000000e+00  4.866048e+02  7.225940e+04  2.594730e+01  1.000000e+00  5.491970e-01  5.491970e-01  0.000000e+00  1.063856e+01  1.063856e+01  8.592000e-03  0.000000e+00  7.624780e-02  8.624807e-02  8.624807e-02  1.162503e-01  3.007237e+04  8.871937e+04  2.377307e-02  6.838572e+56  3.332117e+45  5.503683e-06  1.818143e+97  1.000000e+00  1.000000e+00  1.000000e+00
1.000000e+00  4.900671e+02  7.225940e+04  2.940900e+01  1.000000e+00  5.780830e-01  5.780830e-01  0.000000e+00  1.045312e+01  1.045312e+01  8.591000e-03  0.000000e+00  8.168194e-02  9.328073e-02  9.328073e-02  1.132333e-01  2.076131e+04  9.395035e+04  2.376609e-02  7.202415e+56  3.331142e+45  5.487398e-06  2.218773e+97  1.000000e+00  1.000000e+00  1.000000e+00
1.000000e+00  4.939909e+02  7.225940e+04  3.333260e+01  1.000000e+00  6.158630e-01  6.158630e-01  0.000000e+00  1.029768e+01  1.029768e+01  8.590000e-03  0.000000e+00  8.833374e-02  1.020781e-01  1.020781e-01  1.108933e-01  1.374606e+04  1.008935e+05  2.375821e-02  7.689778e+56  3.330041e+45  5.366644e-06  2.567013e+97  1.000000e+00  1.000000e+00  1.000000e+00
1.000000e+00  4.984378e+02  7.225940e+04  3.777960e+01  1.000000e+00  6.626770e-01  6.626770e-01  0.000000e+00  1.017786e+01  1.017786e+01  8.589000e-03  0.000000e+00  9.616721e-02  1.127157e-01  1.127157e-01  1.091025e-01  8.843190e+03  1.097747e+05  2.374932e-02  8.316005e+56  3.328798e+45  5.315003e-06  2.775358e+97  1.000000e+00  1.000000e+00  1.000000e+00
1.000000e+00  5.034775e+02  7.225940e+04  4.281980e+01  1.000000e+00  7.184120e-01  7.184120e-01  0.000000e+00  1.009535e+01  1.009535e+01  8.588000e-03  0.000000e+00  1.051074e-01  1.252409e-01  1.252409e-01  1.075854e-01  5.591049e+03  1.201607e+05  2.373937e-02  9.046396e+56  3.327400e+45  5.309471e-06  2.867781e+97  1.000000e+00  1.000000e+00  1.000000e+00
1.000000e+00  5.091908e+02  7.225940e+04  4.853260e+01  1.000000e+00  7.827380e-01  7.827380e-01  0.000000e+00  1.004864e+01  1.004864e+01  8.586000e-03  0.000000e+00  1.150510e-01  1.396813e-01  1.396813e-01  1.060724e-01  3.507991e+03  1.324313e+05  2.372783e-02  9.906640e+56  3.325791e+45  5.164601e-06  2.952836e+97  1.000000e+00  1.000000e+00  1.000000e+00
1.000000e+00  5.156662e+02  7.225940e+04  5.500740e+01  1.000000e+00  8.551130e-01  8.551120e-01  0.000000e+00  1.003403e+01  1.003403e+01  8.585000e-03  0.000000e+00  1.258721e-01  1.560455e-01  1.560455e-01  1.042242e-01  2.199036e+03  1.466943e+05  2.371490e-02  1.090174e+57  3.323983e+45  5.052759e-06  2.943976e+97  1.000000e+00  1.000000e+00  1.000000e+00
1.000000e+00  5.230050e+02  7.225940e+04  6.234610e+01  1.000000e+00  9.348170e-01  9.348170e-01  0.000000e+00  1.004688e+01  1.004688e+01  8.583000e-03  0.000000e+00  1.374286e-01  1.743248e-01  1.743248e-01  1.017917e-01  1.384318e+03  1.625438e+05  2.370050e-02  1.199767e+57  3.321959e+45  4.932689e-06  2.877596e+97  1.000000e+00  1.000000e+00  1.000000e+00
1.000000e+00  5.313221e+02  7.225940e+04  7.066390e+01  1.000000e+00  1.020945e+00  1.020945e+00  0.000000e+00  1.008158e+01  1.008158e+01  8.581000e-03  0.000000e+00  1.495738e-01  1.945015e-01  1.945015e-01  9.865741e-02  8.785376e+02  1.803964e+05  2.368413e-02  1.322158e+57  3.319663e+45  4.792344e-06  2.769678e+97  1.000000e+00  1.000000e+00  1.000000e+00
1.000000e+00  5.407496e+02  7.225940e+04  8.009140e+01  1.000000e+00  1.112431e+00  1.112430e+00  0.000000e+00  1.013264e+01  1.013264e+01  8.579000e-03  0.000000e+00  1.621556e-01  2.165407e-01  2.165407e-01  9.467279e-02  5.629551e+02  1.996250e+05  2.366497e-02  1.452227e+57  3.316996e+45  4.659373e-06  2.612376e+97  1.000000e+00  1.000000e+00  1.000000e+00
1.000000e+00  5.514360e+02  7.225940e+04  9.077660e+01  1.000000e+00  1.208049e+00  1.208049e+00  0.000000e+00  1.019475e+01  1.019475e+01  8.576000e-03  0.000000e+00  1.750209e-01  2.403872e-01  2.403872e-01  8.997887e-02  3.652586e+02  2.206314e+05  2.364414e-02  1.592525e+57  3.314068e+45  4.522964e-06  2.425301e+97  1.000000e+00  1.000000e+00  1.000000e+00
1.000000e+00  5.635472e+02  7.225940e+04  1.028874e+02  1.000000e+00  1.306471e+00  1.306471e+00  0.000000e+00  1.026323e+01  1.026323e+01  8.573000e-03  0.000000e+00  1.880171e-01  2.659588e-01  2.659588e-01  8.466643e-02  2.402336e+02  2.425378e+05  2.361983e-02  1.736015e+57  3.310677e+45  4.400079e-06  2.202599e+97  1.000000e+00  1.000000e+00  1.000000e+00
1.000000e+00  5.772730e+02  7.225940e+04  1.166139e+02  1.000000e+00  1.406269e+00  1.406269e+00  0.000000e+00  1.033363e+01  1.033363e+01  8.570000e-03  0.000000e+00  2.010005e-01  2.931526e-01  2.931526e-01  7.891603e-02  1.603570e+02  2.657367e+05  2.359251e-02  1.885206e+57  3.306861e+45  4.143454e-06  2.041141e+97  1.000000e+00  1.000000e+00  1.000000e+00
1.000000e+00  5.928297e+02  7.225940e+04  1.321717e+02  1.000000e+00  1.505999e+00  1.505999e+00  0.000000e+00  1.040249e+01  1.040249e+01  8.566000e-03  0.000000e+00  2.138301e-01  3.218222e-01  3.218222e-01  7.287496e-02  1.086770e+02  2.908450e+05  2.356178e-02  2.044237e+57  3.302562e+45  3.947969e-06  1.835732e+97  1.000000e+00  1.000000e+00  1.000000e+00
1.000000e+00  6.104652e+02  7.225940e+04  1.498051e+02  1.000000e+00  1.604214e+00  1.604214e+00  0.000000e+00  1.046656e+01  1.046656e+01  8.562000e-03  0.000000e+00  2.263810e-01  3.517983e-01  3.517983e-01  6.679186e-02  7.489143e+01  3.158741e+05  2.352734e-02  2.197877e+57  3.297732e+45  3.773001e-06  1.608248e+97  1.000000e+00  1.000000e+00  1.000000e+00
1.000000e+00  6.304521e+02  7.225940e+04  1.697911e+02  1.000000e+00  1.699539e+00  1.699539e+00  0.000000e+00  1.052328e+01  1.052328e+01  8.557000e-03  0.000000e+00  2.385402e-01  3.828738e-01  3.828738e-01  6.077379e-02  5.245864e+01  3.422519e+05  2.348770e-02  2.356459e+57  3.292199e+45  3.601003e-06  1.391706e+97  1.000000e+00  1.000000e+00  1.000000e+00
1.000000e+00  6.531038e+02  7.225940e+04  1.924434e+02  1.000000e+00  1.790708e+00  1.790708e+00  0.000000e+00  1.057057e+01  1.057057e+01  8.552000e-03  0.000000e+00  2.502120e-01  4.148135e-01  4.148135e-01  5.499718e-02  3.738577e+01  3.676568e+05  2.344329e-02  2.502397e+57  3.285986e+45  3.443078e-06  1.166996e+97  1.000000e+00  1.000000e+00  1.000000e+00
1.000000e+00  6.787757e+02  7.225940e+04  2.181178e+02  1.000000e+00  1.876604e+00  1.876604e+00  0.000000e+00  1.060690e+01  1.060690e+01  8.546000e-03  0.000000e+00  2.613160e-01  4.473492e-01  4.473492e-01  4.956168e-02  2.711595e+01  3.937361e+05  2.339315e-02  2.647817e+57  3.278972e+45  3.147020e-06  1.020141e+97  1.000000e+00  1.000000e+00  1.000000e+00
1.000000e+00  7.078781e+02  7.225940e+04  2.472176e+02  1.000000e+00  1.956288e+00  1.956288e+00  0.000000e+00  1.063113e+01  1.063113e+01  8.539000e-03  0.000000e+00  2.717909e-01  4.801937e-01  4.801937e-01  4.451340e-02  2.000897e+01  4.203189e+05  2.333678e-02  2.791519e+57  3.271076e+45  2.995057e-06  8.305045e+96  1.000000e+00  1.000000e+00  1.000000e+00
1.000000e+00  7.408620e+02  7.225940e+04  2.801996e+02  1.000000e+00  2.029014e+00  2.029014e+00  0.000000e+00  1.064258e+01  1.064258e+01  8.531000e-03  0.000000e+00  2.815915e-01  5.130395e-01  5.130395e-01  3.989477e-02  1.502195e+01  4.446195e+05  2.327258e-02  2.912632e+57  3.262104e+45  2.784062e-06  6.692419e+96  1.000000e+00  1.000000e+00  1.000000e+00
1.000000e+00  7.782441e+02  7.225940e+04  3.175819e+02  1.000000e+00  2.094241e+00  2.094241e+00  0.000000e+00  1.064099e+01  1.064099e+01  8.522000e-03  0.000000e+00  2.906876e-01  5.455659e-01  5.455659e-01  3.573272e-02  1.147737e+01  4.700421e+05  2.320050e-02  3.036988e+57  3.252019e+45  2.490390e-06  5.603152e+96  1.000000e+00  1.000000e+00  1.000000e+00
1.000000e+00  8.206108e+02  7.225940e+04  3.599514e+02  1.000000e+00  2.151627e+00  2.151627e+00  0.000000e+00  1.062627e+01  1.062627e+01  8.512000e-03  0.000000e+00  2.990665e-01  5.774616e-01  5.774616e-01  3.201245e-02  8.920499e+00  4.937541e+05  2.311927e-02  3.143659e+57  3.240654e+45  2.344294e-06  4.148830e+96  1.000000e+00  1.000000e+00  1.000000e+00
1.000000e+00  8.686339e+02  7.225940e+04  4.079736e+02  1.000000e+00  2.201014e+00  2.201013e+00  0.000000e+00  1.059881e+01  1.059881e+01  8.501000e-03  0.000000e+00  3.067237e-01  6.084059e-01  6.084059e-01  2.870507e-02  7.049055e+00  5.154637e+05  2.302804e-02  3.230963e+57  3.227879e+45  2.127342e-06  3.074848e+96  1.000000e+00  1.000000e+00  1.000000e+00
1.000000e+00  9.230662e+02  7.225940e+04  4.624025e+02  1.000000e+00  2.242413e+00  2.242413e+00  0.000000e+00  1.055910e+01  1.055910e+01  8.488000e-03  0.000000e+00  3.136681e-01  6.381036e-01  6.381036e-01  2.579884e-02  5.664445e+00  5.363129e+05  2.292475e-02  3.307995e+57  3.213438e+45  1.835791e-06  2.358133e+96  1.000000e+00  1.000000e+00  1.000000e+00
1.000000e+00  9.847572e+02  7.225940e+04  5.240930e+02  1.000000e+00  2.275981e+00  2.275981e+00  0.000000e+00  1.050773e+01  1.050773e+01  8.474000e-03  0.000000e+00  3.199201e-01  6.662969e-01  6.662969e-01  2.324506e-02  4.624222e+00  5.561369e+05  2.280877e-02  3.374189e+57  3.197218e+45  1.538699e-06  1.757976e+96  1.000000e+00  1.000000e+00  1.000000e+00
1.000000e+00  1.054675e+03  7.225940e+04  5.940138e+02  1.000000e+00  2.302000e+00  2.302000e+00  0.000000e+00  1.044577e+01  1.044577e+01  8.458000e-03  0.000000e+00  3.254965e-01  6.927116e-01  6.927116e-01  2.101761e-02  3.835006e+00  5.748145e+05  2.267877e-02  3.429372e+57  3.179026e+45  1.232440e-06  1.263837e+96  1.000000e+00  1.000000e+00  1.000000e+00
1.000000e+00  1.133922e+03  7.225940e+04  6.732629e+02  1.000000e+00  2.320845e+00  2.320845e+00  0.000000e+00  1.037405e+01  1.037405e+01  8.439000e-03  0.000000e+00  3.304301e-01  7.171593e-01  7.171593e-01  1.907612e-02  3.228501e+00  5.922188e+05  2.253271e-02  3.473363e+57  3.158593e+45  9.465481e-07  7.556512e+95  1.000000e+00  1.000000e+00  1.000000e+00
1.000000e+00  1.223749e+03  7.225940e+04  7.630849e+02  1.000000e+00  2.332970e+00  2.332970e+00  0.000000e+00  1.029369e+01  1.029369e+01  8.419000e-03  0.000000e+00  3.347495e-01  7.394565e-01  7.394565e-01  1.739503e-02  2.758890e+00  6.067830e+05  2.236914e-02  3.495187e+57  3.135706e+45  6.302548e-07  3.369873e+95  1.000000e+00  1.000000e+00  1.000000e+00
1.000000e+00  1.325556e+03  7.225940e+04  8.648903e+02  1.000000e+00  2.338876e+00  2.338876e+00  0.000000e+00  1.020577e+01  1.020577e+01  8.396000e-03  0.000000e+00  3.384879e-01  7.594725e-01  7.594725e-01  1.593243e-02  2.390427e+00  6.200097e+05  2.218603e-02  3.507027e+57  3.110089e+45  2.202503e-07  1.217915e+95  1.000000e+00  1.000000e+00  1.000000e+00
1.000000e+00  1.440942e+03  7.225940e+04  9.802778e+02  1.000000e+00  2.339105e+00  2.339105e+00  0.000000e+00  1.011148e+01  1.011148e+01  8.370000e-03  0.000000e+00  3.416778e-01  7.771093e-01  7.771093e-01  1.467055e-02  2.100250e+00  6.317440e+05  2.198194e-02  3.508279e+57  3.081519e+45  -3.031350e-07  -1.080274e+95  -1.000000e+00  -1.000000e+00  1.000000e+00
1.000000e+00  1.571717e+03  7.225940e+04  1.111060e+03  1.000000e+00  2.334208e+00  2.334208e+00  0.000000e+00  1.001179e+01  1.001179e+01  8.341000e-03  0.000000e+00  3.443574e-01  7.923418e-01  7.923418e-01  1.359314e-02  1.871522e+00  6.406714e+05  2.175366e-02  3.489974e+57  3.049589e+45  -8.036982e-07  -2.237035e+95  -1.000000e+00  -1.000000e+00  1.000000e+00
1.000000e+00  1.719954e+03  7.225940e+04  1.259289e+03  1.000000e+00  2.324746e+00  2.324746e+00  0.000000e+00  9.907978e+00  9.907978e+00  8.308000e-03  0.000000e+00  3.465550e-01  8.051305e-01  8.051305e-01  1.266598e-02  1.689206e+00  6.496057e+05  2.150005e-02  3.473902e+57  3.014102e+45  -1.460617e-06  -2.204749e+95  -1.000000e+00  -1.000000e+00  1.000000e+00
1.000000e+00  1.887962e+03  7.225940e+04  1.427295e+03  1.000000e+00  2.311270e+00  2.311270e+00  0.000000e+00  9.800923e+00  9.800923e+00  8.272000e-03  0.000000e+00  3.483096e-01  8.155403e-01  8.155403e-01  1.187059e-02  1.543693e+00  6.571023e+05  2.121847e-02  3.449828e+57  2.974698e+45  -2.825886e-06  -3.074345e+95  -1.000000e+00  -1.000000e+00  1.000000e+00
1.000000e+00  2.078381e+03  7.225940e+04  1.617714e+03  1.000000e+00  2.294318e+00  2.294318e+00  0.000000e+00  9.691832e+00  9.691832e+00  8.231000e-03  0.000000e+00  3.496467e-01  8.235955e-01  8.235955e-01  1.119124e-02  1.427709e+00  6.619571e+05  2.090668e-02  3.409170e+57  2.931068e+45  -4.619003e-06  -3.668281e+95  -1.000000e+00  -1.000000e+00  1.000000e+00
1.000000e+00  2.294199e+03  7.225940e+04  1.833538e+03  1.000000e+00  2.274408e+00  2.274407e+00  0.000000e+00  9.581688e+00  9.581688e+00  8.186000e-03  0.000000e+00  3.505968e-01  8.293845e-01  8.293845e-01  1.061071e-02  1.335407e+00  6.656005e+05  2.056274e-02  3.363207e+57  2.882925e+45  -5.736138e-06  -3.252688e+95  -1.000000e+00  -1.000000e+00  1.000000e+00
1.000000e+00  2.538819e+03  7.225940e+04  2.078156e+03  1.000000e+00  2.252026e+00  2.252026e+00  0.000000e+00  9.471374e+00  9.471374e+00  8.135000e-03  0.000000e+00  3.511900e-01  8.330272e-01  8.330272e-01  1.011897e-02  1.262800e+00  6.693225e+05  2.018394e-02  3.321978e+57  2.829907e+45  -1.455240e-05  -3.016933e+95  -1.000000e+00  -1.000000e+00  1.000000e+00
1.000000e+00  2.816077e+03  7.225940e+04  2.355409e+03  1.000000e+00  2.227638e+00  2.227638e+00  0.000000e+00  9.361835e+00  9.361835e+00  8.079000e-03  0.000000e+00  3.514514e-01  8.346391e-01  8.346391e-01  9.707072e-03  1.206899e+00  6.706995e+05  1.976839e-02  3.267620e+57  2.771746e+45  -5.704571e-05  -3.086989e+95  -1.000000e+00  -1.000000e+00  1.000000e+00
1.000000e+00  3.130319e+03  7.225940e+04  2.669651e+03  1.000000e+00  2.201673e+00  2.201672e+00  0.000000e+00  9.253851e+00  9.253851e+00  8.017000e-03  0.000000e+00  3.514082e-01  8.343726e-01  8.343726e-01  9.363190e-03  1.164859e+00  6.710816e+05  1.931410e-02  3.210465e+57  2.708169e+45  -4.243509e-04  -2.778296e+95  -1.000000e+00  -1.000000e+00  1.000000e+00
1.000000e+00  3.486480e+03  7.225940e+04  3.025817e+03  1.000000e+00  2.174533e+00  2.174533e+00  0.000000e+00  9.148221e+00  9.148221e+00  7.948000e-03  0.000000e+00  3.510839e-01  8.323743e-01  8.323743e-01  9.081270e-03  1.135013e+00  6.705698e+05  1.882037e-02  3.151423e+57  2.639049e+45  4.412823e-05  -2.455413e+95  1.000000e+00  -1.000000e+00  1.000000e+00
1.000000e+00  3.890162e+03  7.225940e+04  3.429500e+03  1.000000e+00  2.146587e+00  2.146587e+00  0.000000e+00  9.045588e+00  9.045588e+00  7.872000e-03  0.000000e+00  3.505044e-01  8.288191e-01  8.288191e-01  8.854173e-03  1.115808e+00  6.692530e+05  1.828547e-02  3.091228e+57  2.564168e+45  1.837540e-05  -2.137511e+95  1.000000e+00  -1.000000e+00  1.000000e+00
1.000000e+00  4.347708e+03  7.225940e+04  3.887040e+03  1.000000e+00  2.118177e+00  2.118177e+00  0.000000e+00  8.946557e+00  8.946557e+00  7.788000e-03  0.000000e+00  3.496939e-01  8.238816e-01  8.238816e-01  8.675895e-03  1.106089e+00  6.672211e+05  1.770903e-02  3.030536e+57  2.483469e+45  1.260008e-05  -1.833978e+95  1.000000e+00  -1.000000e+00  1.000000e+00
1.000000e+00  4.866291e+03  7.225940e+04  4.405622e+03  1.000000e+00  2.089613e+00  2.089613e+00  0.000000e+00  8.851799e+00  8.851799e+00  7.696000e-03  0.000000e+00  3.486711e-01  8.177076e-01  8.177076e-01  8.541660e-03  1.105023e+00  6.645767e+05  1.709186e-02  2.970062e+57  2.397047e+45  9.275602e-06  -1.632793e+95  1.000000e+00  -1.000000e+00  1.000000e+00
1.000000e+00  5.454054e+03  7.225940e+04  4.993389e+03  1.000000e+00  2.061176e+00  2.061176e+00  0.000000e+00  8.761681e+00  8.761681e+00  7.596000e-03  0.000000e+00  3.474635e-01  8.104985e-01  8.104985e-01  8.447372e-03  1.111968e+00  6.604520e+05  1.643423e-02  2.903182e+57  2.304966e+45  7.394238e-06  -1.383610e+95  1.000000e+00  -1.000000e+00  1.000000e+00
1.000000e+00  6.120229e+03  7.225940e+04  5.659571e+03  1.000000e+00  2.033124e+00  2.033124e+00  0.000000e+00  8.676713e+00  8.676713e+00  7.487000e-03  0.000000e+00  3.460909e-01  8.024070e-01  8.024070e-01  8.389466e-03  1.126399e+00  6.568687e+05  1.573873e-02  2.844882e+57  2.207558e+45  7.412635e-06  -1.067889e+95  1.000000e+00  -1.000000e+00  1.000000e+00
1.000000e+00  6.875298e+03  7.225940e+04  6.414631e+03  1.000000e+00  2.005683e+00  2.005683e+00  0.000000e+00  8.597109e+00  8.597109e+00  7.370000e-03  0.000000e+00  3.445811e-01  7.936312e-01  7.936312e-01  8.361778e-03  1.147491e+00  6.529230e+05  1.500749e-02  2.788221e+57  2.105148e+45  6.647245e-06  -8.707582e+94  1.000000e+00  -1.000000e+00  1.000000e+00
1.000000e+00  7.731096e+03  7.225940e+04  7.270426e+03  1.000000e+00  1.979063e+00  1.979063e+00  0.000000e+00  8.523287e+00  8.523287e+00  7.243000e-03  0.000000e+00  3.429526e-01  7.843074e-01  7.843074e-01  8.365613e-03  1.175535e+00  6.487104e+05  1.424505e-02  2.733689e+57  1.998346e+45  5.682983e-06  -7.364159e+94  1.000000e+00  -1.000000e+00  1.000000e+00
1.000000e+00  8.701063e+03  7.225940e+04  8.240395e+03  1.000000e+00  1.953444e+00  1.953444e+00  0.000000e+00  8.455426e+00  8.455426e+00  7.106000e-03  0.000000e+00  3.412300e-01  7.746010e-01  7.746010e-01  8.395135e-03  1.209764e+00  6.434738e+05  1.345623e-02  2.675371e+57  1.887827e+45  5.179570e-06  -5.945685e+94  1.000000e+00  -1.000000e+00  1.000000e+00
1.000000e+00  9.800430e+03  7.225940e+04  9.339770e+03  1.000000e+00  1.928988e+00  1.928988e+00  0.000000e+00  8.393685e+00  8.393685e+00  6.961000e-03  0.000000e+00  3.394365e-01  7.646624e-01  7.646624e-01  8.447084e-03  1.249762e+00  6.389673e+05  1.264618e-02  2.626123e+57  1.774334e+45  5.255856e-06  -4.357219e+94  1.000000e+00  -1.000000e+00  1.000000e+00
1.000000e+00  1.104648e+04  7.225940e+04  1.058582e+04  1.000000e+00  1.905836e+00  1.905836e+00  0.000000e+00  8.338190e+00  8.338190e+00  6.806000e-03  0.000000e+00  3.375945e-01  7.546260e-01  7.546260e-01  8.518217e-03  1.295033e+00  6.344124e+05  1.182213e-02  2.579844e+57  1.658858e+45  4.933387e-06  -3.371972e+94  1.000000e+00  -1.000000e+00  1.000000e+00
1.000000e+00  1.245877e+04  7.225940e+04  1.199810e+04  1.000000e+00  1.884102e+00  1.884102e+00  0.000000e+00  8.288947e+00  8.288947e+00  6.643000e-03  0.000000e+00  3.357274e-01  7.446262e-01  7.446262e-01  8.606708e-03  1.345268e+00  6.298696e+05  1.099124e-02  2.536699e+57  1.542405e+45  4.358559e-06  -2.726040e+94  1.000000e+00  -1.000000e+00  1.000000e+00
1.000000e+00  1.405947e+04  7.225940e+04  1.359880e+04  1.000000e+00  1.863888e+00  1.863888e+00  0.000000e+00  8.245883e+00  8.245883e+00  6.471000e-03  0.000000e+00  3.338599e-01  7.347933e-01  7.347933e-01  8.709924e-03  1.399916e+00  6.246451e+05  1.016122e-02  2.491195e+57  1.426053e+45  4.100351e-06  -2.093730e+94  1.000000e+00  -1.000000e+00  1.000000e+00
1.000000e+00  1.587372e+04  7.225940e+04  1.541306e+04  1.000000e+00  1.845272e+00  1.845272e+00  0.000000e+00  8.208959e+00  8.208959e+00  6.292000e-03  0.000000e+00  3.320121e-01  7.252258e-01  7.252258e-01  8.823342e-03  1.458051e+00  6.203079e+05  9.339656e-03  2.454789e+57  1.310877e+45  4.180031e-06  -1.429169e+94  1.000000e+00  -1.000000e+00  1.000000e+00
1.000000e+00  1.793002e+04  7.225940e+04  1.746936e+04  1.000000e+00  1.828313e+00  1.828313e+00  0.000000e+00  8.178053e+00  8.178053e+00  6.105000e-03  0.000000e+00  3.302039e-01  7.160154e-01  7.160154e-01  8.944358e-03  1.518938e+00  6.161434e+05  8.534581e-03  2.421860e+57  1.197992e+45  3.957712e-06  -1.041622e+94  1.000000e+00  -1.000000e+00  1.000000e+00
1.000000e+00  2.025605e+04  7.225940e+04  1.979538e+04  1.000000e+00  1.813077e+00  1.813077e+00  0.000000e+00  8.152883e+00  8.152883e+00  5.913000e-03  0.000000e+00  3.284632e-01  7.072862e-01  7.072862e-01  9.068909e-03  1.581365e+00  6.121849e+05  7.754666e-03  2.392308e+57  1.088618e+45  3.848867e-06  -8.331010e+93  1.000000e+00  -1.000000e+00  1.000000e+00
1.373800e+00  1.030404e+02  7.341644e+04  1.000000e+00  1.373800e+00  1.177090e-01  1.177090e-01  0.000000e+00  1.603440e+01  1.603440e+01  9.944000e-03  2.000000e-06  1.084273e-02  1.102232e-02  1.102232e-02  2.413863e-02  1.073829e+08  1.769725e+04  3.744595e-02  1.480597e+56  5.637101e+45  6.516112e-06  6.430873e+96  1.000000e+00  1.000000e+00  0.000000e+00
1.373800e+00  1.076573e+02  7.341644e+04  1.133400e+00  1.373800e+00  1.265770e-01  1.265770e-01  0.000000e+00  1.528758e+01  1.528758e+01  9.943000e-03  2.000000e-06  1.222920e-02  1.245820e-02  1.245820e-02  2.878954e-02  7.017032e+07  1.905820e+04  3.744211e-02  1.593119e+56  5.636522e+45  6.509848e-06  6.196767e+96  1.000000e+00  1.000000e+00  0.000000e+00
1.373800e+00  1.131115e+02  7.341644e+04  1.284600e+00  1.373800e+00  1.363750e-01  1.363750e-01  0.000000e+00  1.467813e+01  1.467813e+01  9.943000e-03  2.000000e-06  1.372288e-02  1.401198e-02  1.401198e-02  3.406999e-02  4.667176e+07  2.056488e+04  3.743680e-02  1.715512e+56  5.635756e+45  6.495300e-06  5.904263e+96  1.000000e+00  1.000000e+00  0.000000e+00
1.373800e+00  1.191072e+02  7.341644e+04  1.456000e+00  1.373800e+00  1.471750e-01  1.471750e-01  0.000000e+00  1.417122e+01  1.417122e+01  9.943000e-03  2.000000e-06  1.533941e-02  1.570163e-02  1.570163e-02  3.994119e-02  3.135346e+07  2.222979e+04  3.743174e-02  1.849308e+56  5.634995e+45  6.478031e-06  6.191829e+96  1.000000e+00  1.000000e+00  0.000000e+00
1.373800e+00  1.250167e+02  7.341644e+04  1.650300e+00  1.373800e+00  1.589790e-01  1.589790e-01  0.000000e+00  1.374756e+01  1.374756e+01  9.942000e-03  2.000000e-06  1.708030e-02  1.753075e-02  1.753075e-02  4.629379e-02  2.123022e+07  2.405467e+04  3.742667e-02  1.994788e+56  5.634234e+45  6.458824e-06  6.418455e+96  1.000000e+00  1.000000e+00  0.000000e+00
1.373800e+00  1.316026e+02  7.341644e+04  1.870400e+00  1.373800e+00  1.718600e-01  1.718600e-01  0.000000e+00  1.339148e+01  1.339148e+01  9.942000e-03  1.000000e-06  1.895515e-02  1.951171e-02  1.951171e-02  5.305213e-02  1.445354e+07  2.605219e+04  3.742145e-02  2.153011e+56  5.633429e+45  6.437432e-06  6.746020e+96  1.000000e+00  1.000000e+00  0.000000e+00
1.373800e+00  1.379494e+02  7.341644e+04  2.120000e+00  1.373800e+00  1.858770e-01  1.858770e-01  0.000000e+00  1.309102e+01  1.309102e+01  9.941000e-03  1.000000e-06  2.097170e-02  2.165536e-02  2.165536e-02  6.010777e-02  9.878038e+06  2.823369e+04  3.741552e-02  2.324876e+56  5.632556e+45  6.412242e-06  5.839475e+96  1.000000e+00  1.000000e+00  0.000000e+00
1.373800e+00  1.527256e+02  7.341644e+04  2.402800e+00  1.373800e+00  1.987510e-01  1.987510e-01  0.000000e+00  1.286089e+01  1.286089e+01  9.940000e-03  1.000000e-06  2.282549e-02  2.363796e-02  2.363796e-02  6.615042e-02  7.117701e+06  3.024525e+04  3.740389e-02  2.482314e+56  5.630784e+45  6.386713e-06  7.630532e+96  1.000000e+00  1.000000e+00  0.000000e+00
1.373800e+00  1.576382e+02  7.341644e+04  2.723400e+00  1.373800e+00  2.128410e-01  2.128410e-01  0.000000e+00  1.264499e+01  1.264499e+01  9.940000e-03  1.000000e-06  2.486097e-02  2.582824e-02  2.582824e-02  7.224560e-02  5.071411e+06  3.245645e+04  3.739891e-02  2.654384e+56  5.630054e+45  6.360500e-06  9.837183e+96  1.000000e+00  1.000000e+00  0.000000e+00
1.373800e+00  1.627167e+02  7.341644e+04  3.086700e+00  1.373800e+00  2.293310e-01  2.293310e-01  0.000000e+00  1.244527e+01  1.244527e+01  9.939000e-03  1.000000e-06  2.721700e-02  2.838108e-02  2.838108e-02  7.889293e-02  3.521654e+06  3.505457e+04  3.739391e-02  2.856010e+56  5.629312e+45  6.334475e-06  1.109365e+97  1.000000e+00  1.000000e+00  0.000000e+00
1.373800e+00  1.679681e+02  7.341644e+04  3.498500e+00  1.373800e+00  2.484330e-01  2.484330e-01  0.000000e+00  1.227041e+01  1.227041e+01  9.939000e-03  1.000000e-06  2.990422e-02  3.131617e-02  3.131617e-02  8.601516e-02  2.397844e+06  3.807710e+04  3.738882e-02  3.090094e+56  5.628549e+45  6.305353e-06  1.239640e+97  1.000000e+00  1.000000e+00  0.000000e+00
1.373800e+00  1.734000e+02  7.341644e+04  3.965200e+00  1.373800e+00  2.703530e-01  2.703530e-01  0.000000e+00  1.212481e+01  1.212481e+01  9.938000e-03  1.000000e-06  3.293351e-02  3.465520e-02  3.465520e-02  9.349599e-02  1.608831e+06  4.156280e+04  3.738349e-02  3.359530e+56  5.627749e+45  6.272602e-06  1.373366e+97  1.000000e+00  1.000000e+00  0.000000e+00
1.373800e+00  1.790190e+02  7.341644e+04  4.494300e+00  1.373800e+00  2.952950e-01  2.952950e-01  0.000000e+00  1.201014e+01  1.201014e+01  9.938000e-03  1.000000e-06  3.631537e-02  3.842145e-02  3.842145e-02  1.011684e-01  1.067825e+06  4.555077e+04  3.737797e-02  3.667136e+56  5.626915e+45  6.236600e-06  1.509720e+97  1.000000e+00  1.000000e+00  0.000000e+00
1.373800e+00  1.848335e+02  7.341644e+04  5.093900e+00  1.373800e+00  3.234650e-01  3.234650e-01  0.000000e+00  1.192614e+01  1.192614e+01  9.937000e-03  1.000000e-06  4.005985e-02  4.263990e-02  4.263990e-02  1.088422e-01  7.033317e+05  5.008231e+04  3.737197e-02  4.015875e+56  5.626017e+45  6.196420e-06  1.648373e+97  1.000000e+00  1.000000e+00  0.000000e+00
1.373800e+00  1.908524e+02  7.341644e+04  5.773400e+00  1.373800e+00  3.550680e-01  3.550680e-01  0.000000e+00  1.187141e+01  1.187141e+01  9.937000e-03  1.000000e-06  4.417650e-02  4.733749e-02  4.733749e-02  1.163229e-01  4.609129e+05  5.520115e+04  3.736569e-02  4.408816e+56  5.625074e+45  6.151832e-06  1.788555e+97  1.000000e+00  1.000000e+00  0.000000e+00
1.373800e+00  1.970844e+02  7.341644e+04  6.543700e+00  1.373800e+00  3.903090e-01  3.903080e-01  0.000000e+00  1.184376e+01  1.184376e+01  9.936000e-03  1.000000e-06  4.867435e-02  5.254335e-02  5.254335e-02  1.234073e-01  3.011265e+05  6.095272e+04  3.735913e-02  4.849048e+56  5.624084e+45  6.102961e-06  1.929241e+97  1.000000e+00  1.000000e+00  0.000000e+00
1.373800e+00  2.035396e+02  7.341644e+04  7.416700e+00  1.373800e+00  4.293870e-01  4.293870e-01  0.000000e+00  1.184066e+01  1.184066e+01  9.936000e-03  1.000000e-06  5.356174e-02  5.828904e-02  5.828904e-02  1.298952e-01  1.964383e+05  6.738435e+04  3.735249e-02  5.339747e+56  5.623068e+45  6.049142e-06  2.070463e+97  1.000000e+00  1.000000e+00  0.000000e+00
1.373800e+00  2.102287e+02  7.341644e+04  8.406200e+00  1.373800e+00  4.724950e-01  4.724950e-01  0.000000e+00  1.185941e+01  1.185941e+01  9.935000e-03  1.000000e-06  5.884586e-02  6.460823e-02  6.460823e-02  1.356099e-01  1.281217e+05  7.454601e+04  3.734452e-02  5.884216e+56  5.621891e+45  5.990557e-06  2.210850e+97  1.000000e+00  1.000000e+00  0.000000e+00
1.373800e+00  2.171631e+02  7.341644e+04  9.527700e+00  1.373800e+00  5.198090e-01  5.198090e-01  0.000000e+00  1.189725e+01  1.189725e+01  9.934000e-03  0.000000e+00  6.453257e-02  7.153698e-02  7.153698e-02  1.404003e-01  8.363358e+04  8.248635e+04  3.733684e-02  6.485431e+56  5.620723e+45  5.887173e-06  2.221365e+97  1.000000e+00  1.000000e+00  0.000000e+00
1.373800e+00  4.714565e+02  7.341644e+04  1.079880e+01  1.373800e+00  5.328570e-01  5.328570e-01  0.000000e+00  1.187392e+01  1.187392e+01  9.916000e-03  0.000000e+00  6.628240e-02  7.369636e-02  7.369636e-02  1.418366e-01  7.391053e+04  8.471023e+04  3.713698e-02  6.651654e+56  5.590704e+45  6.827833e-06  -2.415296e+97  1.000000e+00  -1.000000e+00  1.000000e+00
1.373800e+00  4.728972e+02  7.341644e+04  1.223950e+01  1.373800e+00  5.225810e-01  5.225800e-01  0.000000e+00  1.176805e+01  1.176805e+01  9.916000e-03  0.000000e+00  6.558892e-02  7.283901e-02  7.283901e-02  1.400473e-01  7.691844e+04  8.302558e+04  3.713252e-02  6.518031e+56  5.590036e+45  6.300033e-06  -2.057444e+97  1.000000e+00  -1.000000e+00  1.000000e+00
1.373800e+00  4.745300e+02  7.341644e+04  1.387240e+01  1.373800e+00  5.147190e-01  5.147180e-01  0.000000e+00  1.162843e+01  1.162843e+01  9.916000e-03  0.000000e+00  6.537782e-02  7.257843e-02  7.257843e-02  1.370508e-01  7.649611e+04  8.180567e+04  3.712766e-02  6.415944e+56  5.589297e+45  7.213797e-06  -1.251685e+97  1.000000e+00  -1.000000e+00  1.000000e+00
1.373800e+00  4.763807e+02  7.341644e+04  1.572320e+01  1.373800e+00  5.102610e-01  5.102600e-01  0.000000e+00  1.145952e+01  1.145952e+01  9.915000e-03  0.000000e+00  6.576692e-02  7.305887e-02  7.305887e-02  1.331731e-01  7.215950e+04  8.121790e+04  3.712140e-02  6.358232e+56  5.588383e+45  -3.229130e-06  -4.431739e+96  -1.000000e+00  -1.000000e+00  1.000000e+00
1.373800e+00  4.784787e+02  7.341644e+04  1.782080e+01  1.373800e+00  5.103380e-01  5.103380e-01  0.000000e+00  1.126655e+01  1.126655e+01  9.914000e-03  0.000000e+00  6.690341e-02  7.446585e-02  7.446585e-02  1.287820e-01  6.405044e+04  8.141471e+04  3.711490e-02  6.356569e+56  5.587408e+45  1.163569e-06  3.066276e+96  1.000000e+00  1.000000e+00  1.000000e+00
1.373800e+00  4.808563e+02  7.341644e+04  2.019840e+01  1.373800e+00  5.161280e-01  5.161270e-01  0.000000e+00  1.105790e+01  1.105790e+01  9.914000e-03  0.000000e+00  6.893917e-02  7.700004e-02  7.700004e-02  1.242540e-01  5.319776e+04  8.249035e+04  3.710759e-02  6.418127e+56  5.586309e+45  5.274256e-06  1.118062e+97  1.000000e+00  1.000000e+00  1.000000e+00
1.373800e+00  4.835509e+02  7.341644e+04  2.289310e+01  1.373800e+00  5.287460e-01  5.287450e-01  0.000000e+00  1.084457e+01  1.084457e+01  9.913000e-03  0.000000e+00  7.201387e-02  8.086177e-02  8.086177e-02  1.199872e-01  4.130150e+04  8.500349e+04  3.709937e-02  6.584795e+56  5.585072e+45  5.209890e-06  1.877940e+97  1.000000e+00  1.000000e+00  1.000000e+00
1.373800e+00  4.866048e+02  7.341644e+04  2.594730e+01  1.373800e+00  5.491400e-01  5.491400e-01  0.000000e+00  1.063896e+01  1.063896e+01  9.912000e-03  0.000000e+00  7.623703e-02  8.623427e-02  8.623427e-02  1.162686e-01  3.009830e+04  8.871879e+04  3.708988e-02  6.838589e+56  5.583651e+45  5.502862e-06  2.441747e+97  1.000000e+00  1.000000e+00  1.000000e+00
1.373800e+00  4.900671e+02  7.341644e+04  2.940900e+01  1.373800e+00  5.780130e-01  5.780130e-01  0.000000e+00  1.045342e+01  1.045342e+01  9.911000e-03  0.000000e+00  8.166971e-02  9.326475e-02  9.326475e-02  1.132450e-01  2.077881e+04  9.394771e+04  3.707940e-02  7.202281e+56  5.582068e+45  5.487268e-06  2.980049e+97  1.000000e+00  1.000000e+00  1.000000e+00
1.373800e+00  4.939909e+02  7.341644e+04  3.333260e+01  1.373800e+00  6.157840e-01  6.157830e-01  0.000000e+00  1.029788e+01  1.029788e+01  9.910000e-03  0.000000e+00  8.832062e-02  1.020605e-01  1.020605e-01  1.108946e-01  1.375653e+04  1.008889e+05  3.706764e-02  7.689504e+56  5.580288e+45  5.366752e-06  3.448150e+97  1.000000e+00  1.000000e+00  1.000000e+00
1.373800e+00  4.984378e+02  7.341644e+04  3.777960e+01  1.373800e+00  6.625910e-01  6.625900e-01  0.000000e+00  1.017799e+01  1.017799e+01  9.909000e-03  0.000000e+00  9.615343e-02  1.126967e-01  1.126967e-01  1.090968e-01  8.849055e+03  1.097687e+05  3.705398e-02  8.315622e+56  5.578236e+45  5.315051e-06  3.728485e+97  1.000000e+00  1.000000e+00  1.000000e+00
1.373800e+00  5.034775e+02  7.341644e+04  4.281980e+01  1.373800e+00  7.183230e-01  7.183230e-01  0.000000e+00  1.009544e+01  1.009544e+01  9.908000e-03  0.000000e+00  1.050936e-01  1.252212e-01  1.252212e-01  1.075870e-01  5.594863e+03  1.201543e+05  3.703802e-02  9.045996e+56  5.575861e+45  5.309626e-06  3.852851e+97  1.000000e+00  1.000000e+00  1.000000e+00
1.373800e+00  5.091908e+02  7.341644e+04  4.853260e+01  1.373800e+00  7.826440e-01  7.826440e-01  0.000000e+00  1.004869e+01  1.004869e+01  9.906000e-03  0.000000e+00  1.150368e-01  1.396602e-01  1.396602e-01  1.060743e-01  3.510151e+03  1.324231e+05  3.702051e-02  9.906116e+56  5.573230e+45  5.165008e-06  3.967020e+97  1.000000e+00  1.000000e+00  1.000000e+00
1.373800e+00  5.156662e+02  7.341644e+04  5.500740e+01  1.373800e+00  8.550200e-01  8.550200e-01  0.000000e+00  1.003403e+01  1.003403e+01  9.904000e-03  0.000000e+00  1.258585e-01  1.560246e-01  1.560246e-01  1.042263e-01  2.200261e+03  1.466850e+05  3.700061e-02  1.090115e+57  5.570244e+45  5.053115e-06  3.955365e+97  1.000000e+00  1.000000e+00  1.000000e+00
1.373800e+00  5.230050e+02  7.341644e+04  6.234610e+01  1.373800e+00  9.347250e-01  9.347250e-01  0.000000e+00  1.004685e+01  1.004685e+01  9.902000e-03  0.000000e+00  1.374155e-01  1.743035e-01  1.743035e-01  1.017964e-01  1.385051e+03  1.625339e+05  3.697830e-02  1.199704e+57  5.566885e+45  4.932998e-06  3.866237e+97  1.000000e+00  1.000000e+00  1.000000e+00
1.373800e+00  5.313221e+02  7.341644e+04  7.066390e+01  1.373800e+00  1.020856e+00  1.020856e+00  0.000000e+00  1.008154e+01  1.008154e+01  9.900000e-03  0.000000e+00  1.495613e-01  1.944803e-01  1.944803e-01  9.863153e-02  8.786731e+02  1.803856e+05  3.695272e-02  1.322090e+57  5.563049e+45  4.792741e-06  3.721268e+97  1.000000e+00  1.000000e+00  1.000000e+00
1.373800e+00  5.407496e+02  7.341644e+04  8.009140e+01  1.373800e+00  1.112344e+00  1.112343e+00  0.000000e+00  1.013257e+01  1.013257e+01  9.897000e-03  0.000000e+00  1.621441e-01  2.165200e-01  2.165200e-01  9.467869e-02  5.631926e+02  1.996130e+05  3.692387e-02  1.452152e+57  5.558717e+45  4.659659e-06  3.510105e+97  1.000000e+00  1.000000e+00  1.000000e+00
1.373800e+00  5.514360e+02  7.341644e+04  9.077660e+01  1.373800e+00  1.207969e+00  1.207969e+00  0.000000e+00  1.019469e+01  1.019469e+01  9.894000e-03  0.000000e+00  1.750102e-01  2.403668e-01  2.403668e-01  8.999682e-02  3.654443e+02  2.206203e+05  3.689188e-02  1.592458e+57  5.553884e+45  4.523375e-06  3.258623e+97  1.000000e+00  1.000000e+00  1.000000e+00
1.373800e+00  5.635472e+02  7.341644e+04  1.028874e+02  1.373800e+00  1.306394e+00  1.306394e+00  0.000000e+00  1.026312e+01  1.026312e+01  9.891000e-03  0.000000e+00  1.880080e-01  2.659405e-01  2.659405e-01  8.466971e-02  2.403007e+02  2.425241e+05  3.685479e-02  1.735929e+57  5.548322e+45  4.400297e-06  2.959600e+97  1.000000e+00  1.000000e+00  1.000000e+00
1.373800e+00  5.772730e+02  7.341644e+04  1.166139e+02  1.373800e+00  1.406201e+00  1.406201e+00  0.000000e+00  1.033360e+01  1.033360e+01  9.887000e-03  0.000000e+00  2.009914e-01  2.931329e-01  2.931329e-01  7.890387e-02  1.603675e+02  2.657267e+05  3.681261e-02  1.885150e+57  5.542006e+45  4.143415e-06  2.742891e+97  1.000000e+00  1.000000e+00  1.000000e+00
1.373800e+00  5.928297e+02  7.341644e+04  1.321717e+02  1.373800e+00  1.505936e+00  1.505935e+00  0.000000e+00  1.040246e+01  1.040246e+01  9.883000e-03  0.000000e+00  2.138218e-01  3.218029e-01  3.218029e-01  7.289189e-02  1.087230e+02  2.908341e+05  3.676550e-02  2.044176e+57  5.534925e+45  3.948262e-06  2.466627e+97  1.000000e+00  1.000000e+00  1.000000e+00
1.373800e+00  6.104652e+02  7.341644e+04  1.498051e+02  1.373800e+00  1.604156e+00  1.604156e+00  0.000000e+00  1.046652e+01  1.046652e+01  9.878000e-03  0.000000e+00  2.263736e-01  3.517800e-01  3.517800e-01  6.678175e-02  7.489233e+01  3.158630e+05  3.671196e-02  2.197816e+57  5.526889e+45  3.773253e-06  2.161060e+97  1.000000e+00  1.000000e+00  1.000000e+00
1.373800e+00  6.304521e+02  7.341644e+04  1.697911e+02  1.373800e+00  1.699487e+00  1.699487e+00  0.000000e+00  1.052325e+01  1.052325e+01  9.873000e-03  0.000000e+00  2.385337e-01  3.828565e-01  3.828565e-01  6.077477e-02  5.246624e+01  3.422407e+05  3.665167e-02  2.356398e+57  5.517829e+45  3.601271e-06  1.870067e+97  1.000000e+00  1.000000e+00  1.000000e+00
1.373800e+00  6.531038e+02  7.341644e+04  1.924434e+02  1.373800e+00  1.790663e+00  1.790663e+00  0.000000e+00  1.057052e+01  1.057052e+01  9.867000e-03  0.000000e+00  2.502067e-01  4.147987e-01  4.147987e-01  5.499922e-02  3.739113e+01  3.676453e+05  3.658337e-02  2.502335e+57  5.507574e+45  3.443295e-06  1.568170e+97  1.000000e+00  1.000000e+00  1.000000e+00
1.373800e+00  6.787757e+02  7.341644e+04  2.181178e+02  1.373800e+00  1.876564e+00  1.876564e+00  0.000000e+00  1.060687e+01  1.060687e+01  9.860000e-03  0.000000e+00  2.613110e-01  4.473342e-01  4.473342e-01  4.955625e-02  2.711555e+01  3.937250e+05  3.650640e-02  2.647760e+57  5.496008e+45  3.147148e-06  1.370917e+97  1.000000e+00  1.000000e+00  1.000000e+00
1.373800e+00  7.078781e+02  7.341644e+04  2.472176e+02  1.373800e+00  1.956253e+00  1.956253e+00  0.000000e+00  1.063110e+01  1.063110e+01  9.852000e-03  0.000000e+00  2.717868e-01  4.801803e-01  4.801803e-01  4.450905e-02  2.000870e+01  4.203088e+05  3.641923e-02  2.791470e+57  5.482921e+45  2.995044e-06  1.116174e+97  1.000000e+00  1.000000e+00  1.000000e+00
1.373800e+00  7.408620e+02  7.341644e+04  2.801996e+02  1.373800e+00  2.028985e+00  2.028985e+00  0.000000e+00  1.064260e+01  1.064260e+01  9.843000e-03  0.000000e+00  2.815872e-01  5.130243e-01  5.130243e-01  3.989801e-02  1.502442e+01  4.446124e+05  3.632106e-02  2.912605e+57  5.468173e+45  2.784102e-06  8.994474e+96  1.000000e+00  1.000000e+00  1.000000e+00
1.373800e+00  7.782441e+02  7.341644e+04  3.175819e+02  1.373800e+00  2.094218e+00  2.094217e+00  0.000000e+00  1.064098e+01  1.064098e+01  9.833000e-03  0.000000e+00  2.906844e-01  5.455539e-01  5.455539e-01  3.573957e-02  1.148032e+01  4.700345e+05  3.621028e-02  3.036958e+57  5.451531e+45  2.490426e-06  7.530748e+96  1.000000e+00  1.000000e+00  1.000000e+00
1.373800e+00  8.206108e+02  7.341644e+04  3.599514e+02  1.373800e+00  2.151608e+00  2.151608e+00  0.000000e+00  1.062631e+01  1.062631e+01  9.822000e-03  0.000000e+00  2.990628e-01  5.774471e-01  5.774471e-01  3.200873e-02  8.920013e+00  4.937501e+05  3.608593e-02  3.143658e+57  5.432827e+45  2.344322e-06  5.576367e+96  1.000000e+00  1.000000e+00  1.000000e+00
1.373800e+00  8.686339e+02  7.341644e+04  4.079736e+02  1.373800e+00  2.200998e+00  2.200998e+00  0.000000e+00  1.059883e+01  1.059883e+01  9.809000e-03  0.000000e+00  3.067208e-01  6.083938e-01  6.083938e-01  2.870786e-02  7.049995e+00  5.154590e+05  3.594463e-02  3.230956e+57  5.411630e+45  2.127763e-06  4.131417e+96  1.000000e+00  1.000000e+00  1.000000e+00
1.373800e+00  9.230662e+02  7.341644e+04  4.624025e+02  1.373800e+00  2.242399e+00  2.242399e+00  0.000000e+00  1.055907e+01  1.055907e+01  9.795000e-03  0.000000e+00  3.136670e-01  6.380988e-01  6.380988e-01  2.579836e-02  5.664479e+00  5.363023e+05  3.578654e-02  3.307944e+57  5.387869e+45  1.836000e-06  3.169026e+96  1.000000e+00  1.000000e+00  1.000000e+00
1.373800e+00  9.847572e+02  7.341644e+04  5.240930e+02  1.373800e+00  2.275970e+00  2.275970e+00  0.000000e+00  1.050776e+01  1.050776e+01  9.778000e-03  0.000000e+00  3.199176e-01  6.662852e-01  6.662852e-01  2.324633e-02  4.624594e+00  5.561317e+05  3.560853e-02  3.374177e+57  5.361125e+45  1.538624e-06  2.363745e+96  1.000000e+00  1.000000e+00  1.000000e+00
1.373800e+00  1.054675e+03  7.341644e+04  5.940138e+02  1.373800e+00  2.301992e+00  2.301992e+00  0.000000e+00  1.044579e+01  1.044579e+01  9.760000e-03  0.000000e+00  3.254949e-01  6.927036e-01  6.927036e-01  2.101759e-02  3.835047e+00  5.748094e+05  3.540812e-02  3.429361e+57  5.331035e+45  1.232521e-06  1.699222e+96  1.000000e+00  1.000000e+00  1.000000e+00
1.373800e+00  1.133922e+03  7.341644e+04  6.732629e+02  1.373800e+00  2.320841e+00  2.320841e+00  0.000000e+00  1.037409e+01  1.037409e+01  9.739000e-03  0.000000e+00  3.304282e-01  7.171500e-01  7.171500e-01  1.907792e-02  3.228895e+00  5.922174e+05  3.518360e-02  3.473380e+57  5.297307e+45  9.466832e-07  1.013689e+96  1.000000e+00  1.000000e+00  1.000000e+00
1.373800e+00  1.223749e+03  7.341644e+04  7.630849e+02  1.373800e+00  2.332966e+00  2.332966e+00  0.000000e+00  1.029368e+01  1.029368e+01  9.716000e-03  0.000000e+00  3.347490e-01  7.394540e-01  7.394540e-01  1.739346e-02  2.758661e+00  6.067753e+05  3.493260e-02  3.495155e+57  5.259573e+45  6.305344e-07  4.528141e+95  1.000000e+00  1.000000e+00  1.000000e+00
1.373800e+00  1.325556e+03  7.341644e+04  8.648903e+02  1.373800e+00  2.338876e+00  2.338876e+00  0.000000e+00  1.020581e+01  1.020581e+01  9.690000e-03  0.000000e+00  3.384866e-01  7.594652e-01  7.594652e-01  1.593322e-02  2.390591e+00  6.200078e+05  3.465097e-02  3.507038e+57  5.217266e+45  2.202306e-07  1.640300e+95  1.000000e+00  1.000000e+00  1.000000e+00
1.373800e+00  1.440942e+03  7.341644e+04  9.802778e+02  1.373800e+00  2.339105e+00  2.339105e+00  0.000000e+00  1.011149e+01  1.011149e+01  9.660000e-03  0.000000e+00  3.416775e-01  7.771075e-01  7.771075e-01  1.467060e-02  2.100267e+00  6.317389e+05  3.433621e-02  3.508265e+57  5.169987e+45  -3.026383e-07  -1.451175e+95  -1.000000e+00  -1.000000e+00  1.000000e+00
1.373800e+00  1.571717e+03  7.341644e+04  1.111060e+03  1.373800e+00  2.334209e+00  2.334209e+00  0.000000e+00  1.001185e+01  1.001185e+01  9.627000e-03  0.000000e+00  3.443556e-01  7.923311e-01  7.923311e-01  1.359312e-02  1.871510e+00  6.406725e+05  3.398503e-02  3.490006e+57  5.117241e+45  -8.038967e-07  -3.007059e+95  -1.000000e+00  -1.000000e+00  1.000000e+00
1.373800e+00  1.719954e+03  7.341644e+04  1.259289e+03  1.373800e+00  2.324748e+00  2.324748e+00  0.000000e+00  9.907980e+00  9.907980e+00  9.590000e-03  0.000000e+00  3.465552e-01  8.051319e-01  8.051319e-01  1.266573e-02  1.689196e+00  6.496010e+05  3.359514e-02  3.473888e+57  5.058634e+45  -1.459684e-06  -2.965624e+95  -1.000000e+00  -1.000000e+00  1.000000e+00
1.373800e+00  1.887962e+03  7.341644e+04  1.427295e+03  1.373800e+00  2.311274e+00  2.311274e+00  0.000000e+00  9.800980e+00  9.800980e+00  9.549000e-03  0.000000e+00  3.483081e-01  8.155318e-01  8.155318e-01  1.187074e-02  1.543719e+00  6.571039e+05  3.316097e-02  3.449860e+57  4.993425e+45  -2.825079e-06  -4.131261e+95  -1.000000e+00  -1.000000e+00  1.000000e+00
1.373800e+00  2.078381e+03  7.341644e+04  1.617714e+03  1.373800e+00  2.294324e+00  2.294323e+00  0.000000e+00  9.691889e+00  9.691889e+00  9.502000e-03  0.000000e+00  3.496454e-01  8.235879e-01  8.235879e-01  1.119024e-02  1.427607e+00  6.619593e+05  3.268119e-02  3.409205e+57  4.921310e+45  -4.621919e-06  -4.935283e+95  -1.000000e+00  -1.000000e+00  1.000000e+00
1.373800e+00  2.294199e+03  7.341644e+04  1.833538e+03  1.373800e+00  2.274413e+00  2.274412e+00  0.000000e+00  9.581715e+00  9.581715e+00  9.451000e-03  0.000000e+00  3.505966e-01  8.293834e-01  8.293834e-01  1.061049e-02  1.335384e+00  6.655995e+05  3.215063e-02  3.363217e+57  4.841586e+45  -5.738572e-06  -4.377388e+95  -1.000000e+00  -1.000000e+00  1.000000e+00
1.373800e+00  2.538819e+03  7.341644e+04  2.078156e+03  1.373800e+00  2.252032e+00  2.252031e+00  0.000000e+00  9.471394e+00  9.471394e+00  9.393000e-03  0.000000e+00  3.511900e-01  8.330276e-01  8.330276e-01  1.011996e-02  1.262922e+00  6.693213e+05  3.156649e-02  3.321985e+57  4.753804e+45  -1.457011e-05  -4.059941e+95  -1.000000e+00  -1.000000e+00  1.000000e+00
1.373800e+00  2.816077e+03  7.341644e+04  2.355409e+03  1.373800e+00  2.227643e+00  2.227643e+00  0.000000e+00  9.361838e+00  9.361838e+00  9.329000e-03  0.000000e+00  3.514521e-01  8.346436e-01  8.346436e-01  9.706928e-03  1.206867e+00  6.706967e+05  3.092532e-02  3.267613e+57  4.657453e+45  -5.648472e-05  -4.154128e+95  -1.000000e+00  -1.000000e+00  1.000000e+00
1.373800e+00  3.130319e+03  7.341644e+04  2.669651e+03  1.373800e+00  2.201678e+00  2.201678e+00  0.000000e+00  9.253885e+00  9.253885e+00  9.258000e-03  0.000000e+00  3.514078e-01  8.343704e-01  8.343704e-01  9.363107e-03  1.164849e+00  6.710822e+05  3.022466e-02  3.210484e+57  4.552145e+45  -4.198965e-04  -3.739821e+95  -1.000000e+00  -1.000000e+00  1.000000e+00
1.373800e+00  3.486480e+03  7.341644e+04  3.025817e+03  1.373800e+00  2.174538e+00  2.174538e+00  0.000000e+00  9.148201e+00  9.148201e+00  9.179000e-03  0.000000e+00  3.510855e-01  8.323843e-01  8.323843e-01  9.080971e-03  1.134954e+00  6.705656e+05  2.946208e-02  3.151403e+57  4.437517e+45  4.370921e-05  -3.305984e+95  1.000000e+00  -1.000000e+00  1.000000e+00
1.373800e+00  3.890162e+03  7.341644e+04  3.429500e+03  1.373800e+00  2.146594e+00  2.146594e+00  0.000000e+00  9.045613e+00  9.045613e+00  9.093000e-03  0.000000e+00  3.505044e-01  8.288194e-01  8.288194e-01  8.853455e-03  1.115718e+00  6.692540e+05  2.863583e-02  3.091245e+57  4.313306e+45  1.844436e-05  -2.876388e+95  1.000000e+00  -1.000000e+00  1.000000e+00
1.373800e+00  4.347708e+03  7.341644e+04  3.887040e+03  1.373800e+00  2.118184e+00  2.118184e+00  0.000000e+00  8.946657e+00  8.946657e+00  8.997000e-03  0.000000e+00  3.496910e-01  8.238643e-01  8.238643e-01  8.675772e-03  1.106060e+00  6.672286e+05  2.774482e-02  3.030602e+57  4.179357e+45  1.262579e-05  -2.469498e+95  1.000000e+00  -1.000000e+00  1.000000e+00
1.373800e+00  4.866291e+03  7.341644e+04  4.405622e+03  1.373800e+00  2.089619e+00  2.089619e+00  0.000000e+00  8.851875e+00  8.851875e+00  8.893000e-03  0.000000e+00  3.486692e-01  8.176961e-01  8.176961e-01  8.541936e-03  1.105052e+00  6.645825e+05  2.679006e-02  2.970113e+57  4.035783e+45  9.269084e-06  -2.200559e+95  1.000000e+00  -1.000000e+00  1.000000e+00
1.373800e+00  5.454054e+03  7.341644e+04  4.993389e+03  1.373800e+00  2.061182e+00  2.061181e+00  0.000000e+00  8.761719e+00  8.761719e+00  8.779000e-03  0.000000e+00  3.474630e-01  8.104953e-01  8.104953e-01  8.447596e-03  1.111985e+00  6.604544e+05  2.577171e-02  2.903207e+57  3.882663e+45  7.388871e-06  -1.865363e+95  1.000000e+00  -1.000000e+00  1.000000e+00
1.373800e+00  6.120229e+03  7.341644e+04  5.659571e+03  1.373800e+00  2.033129e+00  2.033129e+00  0.000000e+00  8.676721e+00  8.676721e+00  8.654000e-03  0.000000e+00  3.460914e-01  8.024101e-01  8.024101e-01  8.388946e-03  1.126320e+00  6.568685e+05  2.469349e-02  2.844887e+57  3.720511e+45  7.413072e-06  -1.439593e+95  1.000000e+00  -1.000000e+00  1.000000e+00
1.373800e+00  6.875298e+03  7.341644e+04  6.414631e+03  1.373800e+00  2.005689e+00  2.005689e+00  0.000000e+00  8.597165e+00  8.597165e+00  8.520000e-03  0.000000e+00  3.445799e-01  7.936238e-01  7.936238e-01  8.363440e-03  1.147732e+00  6.529273e+05  2.355968e-02  2.788258e+57  3.549971e+45  6.650403e-06  -1.174021e+95  1.000000e+00  -1.000000e+00  1.000000e+00
1.373800e+00  7.731096e+03  7.341644e+04  7.270426e+03  1.373800e+00  1.979068e+00  1.979068e+00  0.000000e+00  8.523326e+00  8.523326e+00  8.375000e-03  0.000000e+00  3.429519e-01  7.843033e-01  7.843033e-01  8.366628e-03  1.175691e+00  6.487131e+05  2.237610e-02  2.733713e+57  3.371912e+45  5.682334e-06  -9.934807e+94  1.000000e+00  -1.000000e+00  1.000000e+00
1.373800e+00  8.701063e+03  7.341644e+04  8.240395e+03  1.373800e+00  1.953449e+00  1.953449e+00  0.000000e+00  8.455485e+00  8.455485e+00  8.219000e-03  0.000000e+00  3.412285e-01  7.745928e-01  7.745928e-01  8.395114e-03  1.209787e+00  6.434784e+05  2.114961e-02  2.675409e+57  3.187386e+45  5.179199e-06  -8.024320e+94  1.000000e+00  -1.000000e+00  1.000000e+00
1.373800e+00  9.800430e+03  7.341644e+04  9.339770e+03  1.373800e+00  1.928993e+00  1.928993e+00  0.000000e+00  8.393722e+00  8.393722e+00  8.052000e-03  0.000000e+00  3.394358e-01  7.646584e-01  7.646584e-01  8.446583e-03  1.249697e+00  6.389702e+05  1.988990e-02  2.626147e+57  2.997816e+45  5.253660e-06  -5.884608e+94  1.000000e+00  -1.000000e+00  1.000000e+00
1.373800e+00  1.104648e+04  7.341644e+04  1.058582e+04  1.373800e+00  1.905839e+00  1.905839e+00  0.000000e+00  8.338198e+00  8.338198e+00  7.875000e-03  0.000000e+00  3.375947e-01  7.546274e-01  7.546274e-01  8.518277e-03  1.295053e+00  6.344129e+05  1.860629e-02  2.579849e+57  2.804638e+45  4.931762e-06  -4.555612e+94  1.000000e+00  -1.000000e+00  1.000000e+00
1.373800e+00  1.245877e+04  7.341644e+04  1.199810e+04  1.373800e+00  1.884105e+00  1.884105e+00  0.000000e+00  8.288938e+00  8.288938e+00  7.688000e-03  0.000000e+00  3.357283e-01  7.446311e-01  7.446311e-01  8.607285e-03  1.345342e+00  6.298693e+05  1.731064e-02  2.536697e+57  2.609605e+45  4.358260e-06  -3.683775e+94  1.000000e+00  -1.000000e+00  1.000000e+00
1.373800e+00  1.405947e+04  7.341644e+04  1.359880e+04  1.373800e+00  1.863891e+00  1.863890e+00  0.000000e+00  8.245881e+00  8.245881e+00  7.491000e-03  0.000000e+00  3.338605e-01  7.347963e-01  7.347963e-01  8.709996e-03  1.399948e+00  6.246452e+05  1.601474e-02  2.491197e+57  2.414499e+45  4.101657e-06  -2.829774e+94  1.000000e+00  -1.000000e+00  1.000000e+00
1.373800e+00  1.587372e+04  7.341644e+04  1.541306e+04  1.373800e+00  1.845274e+00  1.845274e+00  0.000000e+00  8.208981e+00  8.208981e+00  7.285000e-03  0.000000e+00  3.320117e-01  7.252238e-01  7.252238e-01  8.823023e-03  1.458011e+00  6.203101e+05  1.473074e-02  2.454805e+57  2.221153e+45  4.180108e-06  -1.932780e+94  1.000000e+00  -1.000000e+00  1.000000e+00
1.373800e+00  1.793002e+04  7.341644e+04  1.746936e+04  1.373800e+00  1.828315e+00  1.828315e+00  0.000000e+00  8.178050e+00  8.178050e+00  7.071000e-03  0.000000e+00  3.302044e-01  7.160179e-01  7.160179e-01  8.944252e-03  1.518932e+00  6.161435e+05  1.347083e-02  2.421860e+57  2.031400e+45  3.956790e-06  -1.409843e+94  1.000000e+00  -1.000000e+00  1.000000e+00
1.373800e+00  2.025605e+04  7.341644e+04  1.979538e+04  1.373800e+00  1.813079e+00  1.813079e+00  0.000000e+00  8.152877e+00  8.152877e+00  6.850000e-03  0.000000e+00  3.284637e-01  7.072890e-01  7.072890e-01  9.068320e-03  1.581242e+00  6.121849e+05  1.224882e-02  2.392308e+57  1.847321e+45  3.848894e-06  -1.127682e+94  1.000000e+00  -1.000000e+00  1.000000e+00
1.887400e+00  1.030404e+02  7.459213e+04  1.000000e+00  1.887400e+00  1.175740e-01  1.175740e-01  0.000000e+00  1.604782e+01  1.604782e+01  1.147200e-02  3.000000e-06  1.082126e-02  1.100014e-02  1.100014e-02  2.406900e-02  1.081394e+08  1.767649e+04  5.841299e-02  1.478856e+56  9.545268e+45  6.515729e-06  1.094079e+97  1.000000e+00  1.000000e+00  0.000000e+00
1.887400e+00  1.076573e+02  7.459213e+04  1.133400e+00  1.887400e+00  1.264330e-01  1.264330e-01  0.000000e+00  1.529794e+01  1.529794e+01  1.147100e-02  3.000000e-06  1.220700e-02  1.243516e-02  1.243516e-02  2.870996e-02  7.061490e+07  1.903606e+04  5.840732e-02  1.591307e+56  9.544325e+45  6.509825e-06  1.054433e+97  1.000000e+00  1.000000e+00  0.000000e+00
1.887400e+00  1.131115e+02  7.459213e+04  1.284600e+00  1.887400e+00  1.362270e-01  1.362260e-01  0.000000e+00  1.468611e+01  1.468611e+01  1.147100e-02  3.000000e-06  1.370054e-02  1.398868e-02  1.398868e-02  3.399177e-02  4.694562e+07  2.054205e+04  5.839984e-02  1.713668e+56  9.543129e+45  6.495529e-06  1.004981e+97  1.000000e+00  1.000000e+00  0.000000e+00
1.887400e+00  1.191072e+02  7.459213e+04  1.456000e+00  1.887400e+00  1.470250e-01  1.470240e-01  0.000000e+00  1.417736e+01  1.417736e+01  1.147000e-02  3.000000e-06  1.531711e-02  1.567826e-02  1.567826e-02  3.985860e-02  3.151704e+07  2.220661e+04  5.839292e-02  1.847455e+56  9.541949e+45  6.478343e-06  1.053926e+97  1.000000e+00  1.000000e+00  0.000000e+00
1.887400e+00  1.250167e+02  7.459213e+04  1.650300e+00  1.887400e+00  1.588260e-01  1.588260e-01  0.000000e+00  1.375236e+01  1.375236e+01  1.147000e-02  2.000000e-06  1.705791e-02  1.750716e-02  1.750716e-02  4.621284e-02  2.133253e+07  2.403092e+04  5.838429e-02  1.992901e+56  9.540592e+45  6.459113e-06  1.092552e+97  1.000000e+00  1.000000e+00  0.000000e+00
1.887400e+00  1.316026e+02  7.459213e+04  1.870400e+00  1.887400e+00  1.717060e-01  1.717060e-01  0.000000e+00  1.339522e+01  1.339522e+01  1.146900e-02  2.000000e-06  1.893290e-02  1.948813e-02  1.948813e-02  5.297326e-02  1.451706e+07  2.602831e+04  5.837586e-02  2.151126e+56  9.539204e+45  6.437663e-06  1.148329e+97  1.000000e+00  1.000000e+00  0.000000e+00
1.887400e+00  1.379494e+02  7.459213e+04  2.120000e+00  1.887400e+00  1.857210e-01  1.857200e-01  0.000000e+00  1.309396e+01  1.309396e+01  1.146900e-02  2.000000e-06  2.094938e-02  2.163155e-02  2.163155e-02  6.002951e-02  9.917809e+06  2.820928e+04  5.836798e-02  2.322958e+56  9.537882e+45  6.412651e-06  9.941837e+96  1.000000e+00  1.000000e+00  0.000000e+00
1.887400e+00  1.527256e+02  7.459213e+04  2.402800e+00  1.887400e+00  1.986160e-01  1.986160e-01  0.000000e+00  1.286317e+01  1.286317e+01  1.146700e-02  2.000000e-06  2.280595e-02  2.361701e-02  2.361701e-02  6.609127e-02  7.141835e+06  3.022406e+04  5.834832e-02  2.480659e+56  9.534734e+45  6.386849e-06  1.298452e+97  1.000000e+00  1.000000e+00  0.000000e+00
1.887400e+00  1.576382e+02  7.459213e+04  2.723400e+00  1.887400e+00  2.126960e-01  2.126960e-01  0.000000e+00  1.264697e+01  1.264697e+01  1.146700e-02  2.000000e-06  2.484017e-02  2.580579e-02  2.580579e-02  7.218555e-02  5.088439e+06  3.243372e+04  5.834128e-02  2.652616e+56  9.533586e+45  6.360717e-06  1.673668e+97  1.000000e+00  1.000000e+00  0.000000e+00
1.887400e+00  1.627167e+02  7.459213e+04  3.086700e+00  1.887400e+00  2.291770e-01  2.291770e-01  0.000000e+00  1.244689e+01  1.244689e+01  1.146600e-02  2.000000e-06  2.719522e-02  2.835739e-02  2.835739e-02  7.883207e-02  3.533044e+06  3.503025e+04  5.833407e-02  2.854124e+56  9.532400e+45  6.334670e-06  1.887708e+97  1.000000e+00  1.000000e+00  0.000000e+00
1.887400e+00  1.679681e+02  7.459213e+04  3.498500e+00  1.887400e+00  2.482720e-01  2.482710e-01  0.000000e+00  1.227167e+01  1.227167e+01  1.146600e-02  2.000000e-06  2.988168e-02  3.129144e-02  3.129144e-02  8.596043e-02  2.405365e+06  3.805156e+04  5.832613e-02  3.088119e+56  9.531117e+45  6.305612e-06  2.109571e+97  1.000000e+00  1.000000e+00  0.000000e+00
1.887400e+00  1.734000e+02  7.459213e+04  3.965200e+00  1.887400e+00  2.701850e-01  2.701840e-01  0.000000e+00  1.212575e+01  1.212575e+01  1.146500e-02  1.000000e-06  3.291045e-02  3.462966e-02  3.462966e-02  9.344206e-02  1.613543e+06  4.153579e+04  5.831886e-02  3.357438e+56  9.529878e+45  6.273049e-06  2.337322e+97  1.000000e+00  1.000000e+00  0.000000e+00
1.887400e+00  1.790190e+02  7.459213e+04  4.494300e+00  1.887400e+00  2.951210e-01  2.951210e-01  0.000000e+00  1.201079e+01  1.201079e+01  1.146500e-02  1.000000e-06  3.629198e-02  3.839527e-02  3.839527e-02  1.011154e-01  1.070711e+06  4.552277e+04  5.831023e-02  3.664982e+56  9.528472e+45  6.236814e-06  2.569620e+97  1.000000e+00  1.000000e+00  0.000000e+00
1.887400e+00  1.848335e+02  7.459213e+04  5.093900e+00  1.887400e+00  3.232860e-01  3.232860e-01  0.000000e+00  1.192656e+01  1.192656e+01  1.146400e-02  1.000000e-06  4.003628e-02  4.261318e-02  4.261318e-02  1.087959e-01  7.051046e+05  5.005329e+04  5.830026e-02  4.013642e+56  9.526898e+45  6.196528e-06  2.805855e+97  1.000000e+00  1.000000e+00  0.000000e+00
1.887400e+00  1.908524e+02  7.459213e+04  5.773400e+00  1.887400e+00  3.548850e-01  3.548850e-01  0.000000e+00  1.187163e+01  1.187163e+01  1.146400e-02  1.000000e-06  4.415291e-02  4.731038e-02  4.731038e-02  1.162831e-01  4.619870e+05  5.517158e+04  5.829085e-02  4.406547e+56  9.525351e+45  6.151894e-06  3.044652e+97  1.000000e+00  1.000000e+00  0.000000e+00
1.887400e+00  1.970844e+02  7.459213e+04  6.543700e+00  1.887400e+00  3.901230e-01  3.901230e-01  0.000000e+00  1.184384e+01  1.184384e+01  1.146300e-02  1.000000e-06  4.865088e-02  5.251599e-02  5.251599e-02  1.233760e-01  3.017763e+05  6.092248e+04  5.828075e-02  4.846747e+56  9.523698e+45  6.103371e-06  3.284041e+97  1.000000e+00  1.000000e+00  0.000000e+00
1.887400e+00  2.035396e+02  7.459213e+04  7.416700e+00  1.887400e+00  4.291990e-01  4.291990e-01  0.000000e+00  1.184063e+01  1.184063e+01  1.146200e-02  1.000000e-06  5.353845e-02  5.826144e-02  5.826144e-02  1.298702e-01  1.968281e+05  6.735312e+04  5.826949e-02  5.337362e+56  9.521888e+45  6.049371e-06  3.524639e+97  1.000000e+00  1.000000e+00  0.000000e+00
1.887400e+00  2.102287e+02  7.459213e+04  8.406200e+00  1.887400e+00  4.723060e-01  4.723060e-01  0.000000e+00  1.185929e+01  1.185929e+01  1.146100e-02  1.000000e-06  5.882289e-02  6.458052e-02  6.458052e-02  1.355912e-01  1.283535e+05  7.451481e+04  5.825798e-02  5.881852e+56  9.520010e+45  5.990582e-06  3.763912e+97  1.000000e+00  1.000000e+00  0.000000e+00
1.887400e+00  2.171631e+02  7.459213e+04  9.527700e+00  1.887400e+00  5.196200e-01  5.196200e-01  0.000000e+00  1.189708e+01  1.189708e+01  1.146100e-02  1.000000e-06  6.451004e-02  7.150926e-02  7.150926e-02  1.403846e-01  8.377007e+04  8.245478e+04  5.824567e-02  6.483053e+56  9.518004e+45  5.883486e-06  3.781755e+97  1.000000e+00  1.000000e+00  0.000000e+00
1.887400e+00  4.714565e+02  7.459213e+04  1.079880e+01  1.887400e+00  5.329350e-01  5.329350e-01  0.000000e+00  1.187430e+01  1.187430e+01  1.144000e-02  1.000000e-06  6.628997e-02  7.370572e-02  7.370572e-02  1.418568e-01  7.387892e+04  8.472620e+04  5.793872e-02  6.652889e+56  9.467978e+45  6.813243e-06  -4.115004e+97  1.000000e+00  -1.000000e+00  1.000000e+00
1.887400e+00  4.728972e+02  7.459213e+04  1.223950e+01  1.887400e+00  5.226380e-01  5.226380e-01  0.000000e+00  1.176862e+01  1.176862e+01  1.144000e-02  1.000000e-06  6.559293e-02  7.284396e-02  7.284396e-02  1.400774e-01  7.691094e+04  8.304012e+04  5.793282e-02  6.519178e+56  9.466963e+45  6.306626e-06  -3.506466e+97  1.000000e+00  -1.000000e+00  1.000000e+00
1.887400e+00  4.745300e+02  7.459213e+04  1.387240e+01  1.887400e+00  5.147530e-01  5.147530e-01  0.000000e+00  1.162911e+01  1.162911e+01  1.143900e-02  1.000000e-06  6.537840e-02  7.257915e-02  7.257915e-02  1.370784e-01  7.650764e+04  8.181795e+04  5.792492e-02  6.416932e+56  9.465685e+45  6.609945e-06  -2.202143e+97  1.000000e+00  -1.000000e+00  1.000000e+00
1.887400e+00  4.763807e+02  7.459213e+04  1.572320e+01  1.887400e+00  5.102720e-01  5.102710e-01  0.000000e+00  1.146026e+01  1.146026e+01  1.143900e-02  1.000000e-06  6.576410e-02  7.305538e-02  7.305538e-02  1.332056e-01  7.219138e+04  8.114874e+04  5.791549e-02  6.353129e+56  9.464188e+45  -1.826834e-06  -8.536589e+96  -1.000000e+00  -1.000000e+00  1.000000e+00
1.887400e+00  4.784787e+02  7.459213e+04  1.782080e+01  1.887400e+00  5.103250e-01  5.103250e-01  0.000000e+00  1.126731e+01  1.126731e+01  1.143800e-02  1.000000e-06  6.689728e-02  7.445826e-02  7.445826e-02  1.288099e-01  6.409346e+04  8.131701e+04  5.790619e-02  6.349335e+56  9.462635e+45  8.890646e-07  5.650643e+96  1.000000e+00  1.000000e+00  1.000000e+00
1.887400e+00  4.808563e+02  7.459213e+04  2.019840e+01  1.887400e+00  5.160910e-01  5.160900e-01  0.000000e+00  1.105863e+01  1.105863e+01  1.143800e-02  1.000000e-06  6.892973e-02  7.698825e-02  7.698825e-02  1.242829e-01  5.324584e+04  8.249457e+04  5.789519e-02  6.418524e+56  9.460828e+45  4.935042e-06  1.978119e+97  1.000000e+00  1.000000e+00  1.000000e+00
1.887400e+00  4.835509e+02  7.459213e+04  2.289310e+01  1.887400e+00  5.286880e-01  5.286870e-01  0.000000e+00  1.084523e+01  1.084523e+01  1.143700e-02  1.000000e-06  7.200161e-02  8.084629e-02  8.084629e-02  1.200033e-01  4.134247e+04  8.500516e+04  5.788153e-02  6.584998e+56  9.458656e+45  5.207373e-06  3.194311e+97  1.000000e+00  1.000000e+00  1.000000e+00
1.887400e+00  4.866048e+02  7.459213e+04  2.594730e+01  1.887400e+00  5.490630e-01  5.490620e-01  0.000000e+00  1.063949e+01  1.063949e+01  1.143600e-02  1.000000e-06  7.622240e-02  8.621552e-02  8.621552e-02  1.162785e-01  3.013025e+04  8.871764e+04  5.786746e-02  6.838584e+56  9.456341e+45  5.501919e-06  4.154789e+97  1.000000e+00  1.000000e+00  1.000000e+00
1.887400e+00  4.900671e+02  7.459213e+04  2.940900e+01  1.887400e+00  5.779200e-01  5.779190e-01  0.000000e+00  1.045384e+01  1.045384e+01  1.143500e-02  1.000000e-06  8.165322e-02  9.324321e-02  9.324321e-02  1.132569e-01  2.080206e+04  9.394425e+04  5.785075e-02  7.202109e+56  9.453639e+45  5.486900e-06  5.071974e+97  1.000000e+00  1.000000e+00  1.000000e+00
1.887400e+00  4.939909e+02  7.459213e+04  3.333260e+01  1.887400e+00  6.156770e-01  6.156760e-01  0.000000e+00  1.029817e+01  1.029817e+01  1.143300e-02  1.000000e-06  8.830274e-02  1.020366e-01  1.020366e-01  1.109093e-01  1.377224e+04  1.008831e+05  5.783242e-02  7.689165e+56  9.450639e+45  5.366829e-06  5.869126e+97  1.000000e+00  1.000000e+00  1.000000e+00
1.887400e+00  4.984378e+02  7.459213e+04  3.777960e+01  1.887400e+00  6.624740e-01  6.624730e-01  0.000000e+00  1.017817e+01  1.017817e+01  1.143200e-02  1.000000e-06  9.613478e-02  1.126710e-01  1.126710e-01  1.090999e-01  8.857890e+03  1.097605e+05  5.781119e-02  8.315109e+56  9.447194e+45  5.315462e-06  6.346583e+97  1.000000e+00  1.000000e+00  1.000000e+00
1.887400e+00  5.034775e+02  7.459213e+04  4.281980e+01  1.887400e+00  7.181970e-01  7.181970e-01  0.000000e+00  1.009551e+01  1.009551e+01  1.143000e-02  1.000000e-06  1.050745e-01  1.251940e-01  1.251940e-01  1.075925e-01  5.600165e+03  1.201434e+05  5.778752e-02  9.045280e+56  9.443329e+45  5.310202e-06  6.558884e+97  1.000000e+00  1.000000e+00  1.000000e+00
1.887400e+00  5.091908e+02  7.459213e+04  4.853260e+01  1.887400e+00  7.825170e-01  7.825170e-01  0.000000e+00  1.004866e+01  1.004866e+01  1.142900e-02  0.000000e+00  1.150184e-01  1.396330e-01  1.396330e-01  1.060823e-01  3.513308e+03  1.324106e+05  5.776071e-02  9.905297e+56  9.438953e+45  5.165442e-06  6.754068e+97  1.000000e+00  1.000000e+00  1.000000e+00
1.887400e+00  5.156662e+02  7.459213e+04  5.500740e+01  1.887400e+00  8.548940e-01  8.548930e-01  0.000000e+00  1.003401e+01  1.003401e+01  1.142700e-02  0.000000e+00  1.258402e-01  1.559962e-01  1.559962e-01  1.042329e-01  2.201996e+03  1.466720e+05  5.773015e-02  1.090031e+57  9.433977e+45  5.053586e-06  6.734260e+97  1.000000e+00  1.000000e+00  1.000000e+00
1.887400e+00  5.230050e+02  7.459213e+04  6.234610e+01  1.887400e+00  9.345990e-01  9.345990e-01  0.000000e+00  1.004676e+01  1.004676e+01  1.142400e-02  0.000000e+00  1.373981e-01  1.742755e-01  1.742755e-01  1.018020e-01  1.385992e+03  1.625186e+05  5.769544e-02  1.199604e+57  9.428331e+45  4.933604e-06  6.582564e+97  1.000000e+00  1.000000e+00  1.000000e+00
1.887400e+00  5.313221e+02  7.459213e+04  7.066390e+01  1.887400e+00  1.020734e+00  1.020733e+00  0.000000e+00  1.008143e+01  1.008143e+01  1.142200e-02  0.000000e+00  1.495449e-01  1.944524e-01  1.944524e-01  9.863625e-02  8.792013e+02  1.803694e+05  5.765639e-02  1.321985e+57  9.421963e+45  4.793172e-06  6.336168e+97  1.000000e+00  1.000000e+00  1.000000e+00
1.887400e+00  5.407496e+02  7.459213e+04  8.009140e+01  1.887400e+00  1.112226e+00  1.112226e+00  0.000000e+00  1.013245e+01  1.013245e+01  1.141900e-02  0.000000e+00  1.621289e-01  2.164926e-01  2.164926e-01  9.470536e-02  5.636182e+02  1.995962e+05  5.761264e-02  1.452045e+57  9.414803e+45  4.659923e-06  5.977025e+97  1.000000e+00  1.000000e+00  1.000000e+00
1.887400e+00  5.514360e+02  7.459213e+04  9.077660e+01  1.887400e+00  1.207859e+00  1.207859e+00  0.000000e+00  1.019462e+01  1.019462e+01  1.141500e-02  0.000000e+00  1.749956e-01  2.403389e-01  2.403389e-01  8.999065e-02  3.655697e+02  2.206048e+05  5.756203e-02  1.592363e+57  9.406585e+45  4.523734e-06  5.548774e+97  1.000000e+00  1.000000e+00  1.000000e+00
1.887400e+00  5.635472e+02  7.459213e+04  1.028874e+02  1.887400e+00  1.306291e+00  1.306291e+00  0.000000e+00  1.026302e+01  1.026302e+01  1.141200e-02  0.000000e+00  1.879951e-01  2.659143e-01  2.659143e-01  8.467541e-02  2.404014e+02  2.425069e+05  5.750624e-02  1.735823e+57  9.397439e+45  4.400803e-06  5.039288e+97  1.000000e+00  1.000000e+00  1.000000e+00
1.887400e+00  5.772730e+02  7.459213e+04  1.166139e+02  1.887400e+00  1.406105e+00  1.406104e+00  0.000000e+00  1.033351e+01  1.033351e+01  1.140700e-02  0.000000e+00  2.009794e-01  2.931069e-01  2.931069e-01  7.891047e-02  1.604300e+02  2.657091e+05  5.744128e-02  1.885043e+57  9.386900e+45  4.143686e-06  4.670804e+97  1.000000e+00  1.000000e+00  1.000000e+00
1.887400e+00  5.928297e+02  7.459213e+04  1.321717e+02  1.887400e+00  1.505848e+00  1.505848e+00  0.000000e+00  1.040240e+01  1.040240e+01  1.140300e-02  0.000000e+00  2.138107e-01  3.217772e-01  3.217772e-01  7.288528e-02  1.087429e+02  2.908177e+05  5.736937e-02  2.044080e+57  9.375142e+45  3.948525e-06  4.200443e+97  1.000000e+00  1.000000e+00  1.000000e+00
1.887400e+00  6.104652e+02  7.459213e+04  1.498051e+02  1.887400e+00  1.604077e+00  1.604077e+00  0.000000e+00  1.046646e+01  1.046646e+01  1.139700e-02  0.000000e+00  2.263639e-01  3.517559e-01  3.517559e-01  6.678608e-02  7.491325e+01  3.158464e+05  5.728711e-02  2.197721e+57  9.361748e+45  3.773520e-06  3.680185e+97  1.000000e+00  1.000000e+00  1.000000e+00
1.887400e+00  6.304521e+02  7.459213e+04  1.697911e+02  1.887400e+00  1.699417e+00  1.699417e+00  0.000000e+00  1.052320e+01  1.052320e+01  1.139100e-02  0.000000e+00  2.385250e-01  3.828336e-01  3.828336e-01  6.080231e-02  5.250002e+01  3.422254e+05  5.719384e-02  2.356315e+57  9.346576e+45  3.601449e-06  3.184841e+97  1.000000e+00  1.000000e+00  1.000000e+00
1.887400e+00  6.531038e+02  7.459213e+04  1.924434e+02  1.887400e+00  1.790600e+00  1.790600e+00  0.000000e+00  1.057049e+01  1.057049e+01  1.138400e-02  0.000000e+00  2.501987e-01  4.147759e-01  4.147759e-01  5.502066e-02  3.741226e+01  3.676308e+05  5.708909e-02  2.502260e+57  9.329499e+45  3.443447e-06  2.670790e+97  1.000000e+00  1.000000e+00  1.000000e+00
1.887400e+00  6.787757e+02  7.459213e+04  2.181178e+02  1.887400e+00  1.876510e+00  1.876510e+00  0.000000e+00  1.060686e+01  1.060686e+01  1.137600e-02  0.000000e+00  2.613039e-01  4.473126e-01  4.473126e-01  4.955869e-02  2.712040e+01  3.937124e+05  5.697153e-02  2.647699e+57  9.310287e+45  3.147206e-06  2.334968e+97  1.000000e+00  1.000000e+00  1.000000e+00
1.887400e+00  7.078781e+02  7.459213e+04  2.472176e+02  1.887400e+00  1.956207e+00  1.956207e+00  0.000000e+00  1.063112e+01  1.063112e+01  1.136700e-02  0.000000e+00  2.717800e-01  4.801582e-01  4.801582e-01  4.451294e-02  2.001285e+01  4.202987e+05  5.683693e-02  2.791430e+57  9.288399e+45  2.995354e-06  1.901016e+97  1.000000e+00  1.000000e+00  1.000000e+00
1.887400e+00  7.408620e+02  7.459213e+04  2.801996e+02  1.887400e+00  2.028945e+00  2.028945e+00  0.000000e+00  1.064259e+01  1.064259e+01  1.135700e-02  0.000000e+00  2.815819e-01  5.130062e-01  5.130062e-01  3.989975e-02  1.502651e+01  4.445994e+05  5.668647e-02  2.912545e+57  9.263848e+45  2.784522e-06  1.531780e+97  1.000000e+00  1.000000e+00  1.000000e+00
1.887400e+00  7.782441e+02  7.459213e+04  3.175819e+02  1.887400e+00  2.094185e+00  2.094184e+00  0.000000e+00  1.064095e+01  1.064095e+01  1.134600e-02  0.000000e+00  2.906808e-01  5.455406e-01  5.455406e-01  3.574656e-02  1.148334e+01  4.700223e+05  5.651650e-02  3.036904e+57  9.236125e+45  2.490554e-06  1.282749e+97  1.000000e+00  1.000000e+00  1.000000e+00
1.887400e+00  8.206108e+02  7.459213e+04  3.599514e+02  1.887400e+00  2.151580e+00  2.151580e+00  0.000000e+00  1.062631e+01  1.062631e+01  1.133300e-02  0.000000e+00  2.990587e-01  5.774312e-01  5.774312e-01  3.201258e-02  8.921773e+00  4.937394e+05  5.632412e-02  3.143616e+57  9.204794e+45  2.344447e-06  9.498993e+96  1.000000e+00  1.000000e+00  1.000000e+00
1.887400e+00  8.686339e+02  7.459213e+04  4.079736e+02  1.887400e+00  2.200975e+00  2.200975e+00  0.000000e+00  1.059884e+01  1.059884e+01  1.131800e-02  0.000000e+00  3.067174e-01  6.083798e-01  6.083798e-01  2.870810e-02  7.050576e+00  5.154487e+05  5.610744e-02  3.230916e+57  9.169500e+45  2.128097e-06  7.037186e+96  1.000000e+00  1.000000e+00  1.000000e+00
1.887400e+00  9.230662e+02  7.459213e+04  4.624025e+02  1.887400e+00  2.242382e+00  2.242382e+00  0.000000e+00  1.055902e+01  1.055902e+01  1.130200e-02  0.000000e+00  3.136661e-01  6.380948e-01  6.380948e-01  2.579927e-02  5.664975e+00  5.362898e+05  5.586403e-02  3.307888e+57  9.129821e+45  1.835942e-06  5.400486e+96  1.000000e+00  1.000000e+00  1.000000e+00
1.887400e+00  9.847572e+02  7.459213e+04  5.240930e+02  1.887400e+00  2.275958e+00  2.275958e+00  0.000000e+00  1.050784e+01  1.050784e+01  1.128400e-02  0.000000e+00  3.199134e-01  6.662657e-01  6.662657e-01  2.324727e-02  4.624958e+00  5.561298e+05  5.559107e-02  3.374201e+57  9.085279e+45  1.538471e-06  4.029057e+96  1.000000e+00  1.000000e+00  1.000000e+00
1.887400e+00  1.054675e+03  7.459213e+04  5.940138e+02  1.887400e+00  2.301983e+00  2.301983e+00  0.000000e+00  1.044583e+01  1.044583e+01  1.126300e-02  0.000000e+00  3.254924e-01  6.926917e-01  6.926917e-01  2.101943e-02  3.835491e+00  5.748039e+05  5.528271e-02  3.429356e+57  9.035057e+45  1.278601e-06  2.623624e+96  1.000000e+00  1.000000e+00  1.000000e+00
1.887400e+00  1.133922e+03  7.459213e+04  6.732629e+02  1.887400e+00  2.320835e+00  2.320834e+00  0.000000e+00  1.037413e+01  1.037413e+01  1.123900e-02  0.000000e+00  3.304259e-01  7.171381e-01  7.171381e-01  1.907954e-02  3.229282e+00  5.907773e+05  5.493744e-02  3.462636e+57  8.978774e+45  9.690984e-07  1.663007e+96  1.000000e+00  1.000000e+00  1.000000e+00
1.887400e+00  1.223749e+03  7.459213e+04  7.630849e+02  1.887400e+00  2.332964e+00  2.332964e+00  0.000000e+00  1.029396e+01  1.029396e+01  1.121300e-02  0.000000e+00  3.347398e-01  7.394056e-01  7.394056e-01  1.739344e-02  2.758753e+00  6.067899e+05  5.455122e-02  3.495300e+57  8.915768e+45  5.875446e-07  1.040114e+96  1.000000e+00  1.000000e+00  1.000000e+00
1.887400e+00  1.325556e+03  7.459213e+04  8.648903e+02  1.887400e+00  2.338876e+00  2.338875e+00  0.000000e+00  1.020586e+01  1.020586e+01  1.118300e-02  0.000000e+00  3.384846e-01  7.594545e-01  7.594545e-01  1.593461e-02  2.390814e+00  6.200067e+05  5.411763e-02  3.507064e+57  8.845110e+45  2.206784e-07  2.765539e+95  1.000000e+00  1.000000e+00  1.000000e+00
1.887400e+00  1.440942e+03  7.459213e+04  9.802778e+02  1.887400e+00  2.339105e+00  2.339105e+00  0.000000e+00  1.011152e+01  1.011152e+01  1.114900e-02  0.000000e+00  3.416764e-01  7.771013e-01  7.771013e-01  1.467521e-02  2.101002e+00  6.317348e+05  5.363330e-02  3.508267e+57  8.766169e+45  -3.023872e-07  -2.476906e+95  -1.000000e+00  -1.000000e+00  1.000000e+00
1.887400e+00  1.571717e+03  7.459213e+04  1.111060e+03  1.887400e+00  2.334212e+00  2.334212e+00  0.000000e+00  1.001189e+01  1.001189e+01  1.111200e-02  0.000000e+00  3.443546e-01  7.923253e-01  7.923253e-01  1.359316e-02  1.871539e+00  6.406696e+05  5.309371e-02  3.490016e+57  8.678176e+45  -8.033210e-07  -5.121454e+95  -1.000000e+00  -1.000000e+00  1.000000e+00
1.887400e+00  1.719954e+03  7.459213e+04  1.259289e+03  1.887400e+00  2.324753e+00  2.324753e+00  0.000000e+00  9.908050e+00  9.908050e+00  1.107000e-02  0.000000e+00  3.465535e-01  8.051219e-01  8.051219e-01  1.266669e-02  1.689344e+00  6.496023e+05  5.249285e-02  3.473927e+57  8.580197e+45  -1.460229e-06  -5.056853e+95  -1.000000e+00  -1.000000e+00  1.000000e+00
1.887400e+00  1.887962e+03  7.459213e+04  1.427295e+03  1.887400e+00  2.311279e+00  2.311279e+00  0.000000e+00  9.800999e+00  9.800999e+00  1.102300e-02  0.000000e+00  3.483082e-01  8.155323e-01  8.155323e-01  1.187103e-02  1.543767e+00  6.571000e+05  5.182499e-02  3.449858e+57  8.471311e+45  -2.824408e-06  -7.049724e+95  -1.000000e+00  -1.000000e+00  1.000000e+00
1.887400e+00  2.078381e+03  7.459213e+04  1.617714e+03  1.887400e+00  2.294330e+00  2.294329e+00  0.000000e+00  9.691916e+00  9.691916e+00  1.097000e-02  0.000000e+00  3.496454e-01  8.235877e-01  8.235877e-01  1.118996e-02  1.427575e+00  6.619568e+05  5.108526e-02  3.409212e+57  8.350685e+45  -4.622772e-06  -8.418293e+95  -1.000000e+00  -1.000000e+00  1.000000e+00
1.887400e+00  2.294199e+03  7.459213e+04  1.833538e+03  1.887400e+00  2.274419e+00  2.274418e+00  0.000000e+00  9.581727e+00  9.581727e+00  1.091100e-02  0.000000e+00  3.505971e-01  8.293863e-01  8.293863e-01  1.061193e-02  1.335555e+00  6.655957e+05  5.026759e-02  3.363212e+57  8.217361e+45  -5.736679e-06  -7.467895e+95  -1.000000e+00  -1.000000e+00  1.000000e+00
1.887400e+00  2.538819e+03  7.459213e+04  2.078156e+03  1.887400e+00  2.252039e+00  2.252039e+00  0.000000e+00  9.471426e+00  9.471426e+00  1.084500e-02  0.000000e+00  3.511901e-01  8.330278e-01  8.330278e-01  1.011920e-02  1.262827e+00  6.693206e+05  4.936701e-02  3.322001e+57  8.070500e+45  -1.457490e-05  -6.926977e+95  -1.000000e+00  -1.000000e+00  1.000000e+00
1.887400e+00  2.816077e+03  7.459213e+04  2.355409e+03  1.887400e+00  2.227651e+00  2.227650e+00  0.000000e+00  9.361866e+00  9.361866e+00  1.077300e-02  0.000000e+00  3.514522e-01  8.346443e-01  8.346443e-01  9.706740e-03  1.206843e+00  6.706956e+05  4.837922e-02  3.267625e+57  7.909355e+45  -5.637059e-05  -7.091183e+95  -1.000000e+00  -1.000000e+00  1.000000e+00
1.887400e+00  3.130319e+03  7.459213e+04  2.669651e+03  1.887400e+00  2.201687e+00  2.201686e+00  0.000000e+00  9.253911e+00  9.253911e+00  1.069200e-02  0.000000e+00  3.514081e-01  8.343724e-01  8.343724e-01  9.363527e-03  1.164901e+00  6.710819e+05  4.729797e-02  3.210499e+57  7.733006e+45  -4.186989e-04  -6.385988e+95  -1.000000e+00  -1.000000e+00  1.000000e+00
1.887400e+00  3.486480e+03  7.459213e+04  3.025817e+03  1.887400e+00  2.174546e+00  2.174545e+00  0.000000e+00  9.148217e+00  9.148217e+00  1.060200e-02  0.000000e+00  3.510862e-01  8.323882e-01  8.323882e-01  9.080106e-03  1.134834e+00  6.705642e+05  4.612020e-02  3.151408e+57  7.540905e+45  4.361739e-05  -5.647552e+95  1.000000e+00  -1.000000e+00  1.000000e+00
1.887400e+00  3.890162e+03  7.459213e+04  3.429500e+03  1.887400e+00  2.146601e+00  2.146601e+00  0.000000e+00  9.045619e+00  9.045619e+00  1.050300e-02  0.000000e+00  3.505054e-01  8.288253e-01  8.288253e-01  8.854347e-03  1.115823e+00  6.692519e+05  4.484414e-02  3.091244e+57  7.332693e+45  1.842994e-05  -4.916317e+95  1.000000e+00  -1.000000e+00  1.000000e+00
1.887400e+00  4.347708e+03  7.459213e+04  3.887040e+03  1.887400e+00  2.118191e+00  2.118190e+00  0.000000e+00  8.946610e+00  8.946610e+00  1.039500e-02  0.000000e+00  3.496940e-01  8.238823e-01  8.238823e-01  8.675945e-03  1.106095e+00  6.672223e+05  4.346663e-02  3.030567e+57  7.107959e+45  1.261399e-05  -4.221679e+95  1.000000e+00  -1.000000e+00  1.000000e+00
1.887400e+00  4.866291e+03  7.459213e+04  4.405622e+03  1.887400e+00  2.089627e+00  2.089626e+00  0.000000e+00  8.851871e+00  8.851871e+00  1.027500e-02  0.000000e+00  3.486706e-01  8.177046e-01  8.177046e-01  8.541881e-03  1.105030e+00  6.645807e+05  4.198871e-02  2.970110e+57  6.866809e+45  9.283465e-06  -3.761431e+95  1.000000e+00  -1.000000e+00  1.000000e+00
1.887400e+00  5.454054e+03  7.459213e+04  4.993389e+03  1.887400e+00  2.061189e+00  2.061189e+00  0.000000e+00  8.761757e+00  8.761757e+00  1.014500e-02  0.000000e+00  3.474628e-01  8.104942e-01  8.104942e-01  8.447474e-03  1.111951e+00  6.604567e+05  4.041248e-02  2.903233e+57  6.609570e+45  7.388164e-06  -3.191206e+95  1.000000e+00  -1.000000e+00  1.000000e+00
1.887400e+00  6.120229e+03  7.459213e+04  5.659571e+03  1.887400e+00  2.033136e+00  2.033135e+00  0.000000e+00  8.676721e+00  8.676721e+00  1.000300e-02  0.000000e+00  3.460926e-01  8.024171e-01  8.024171e-01  8.388912e-03  1.126296e+00  6.568678e+05  3.874196e-02  2.844889e+57  6.336901e+45  7.410160e-06  -2.464814e+95  1.000000e+00  -1.000000e+00  1.000000e+00
1.887400e+00  6.875298e+03  7.459213e+04  6.414631e+03  1.887400e+00  2.005695e+00  2.005695e+00  0.000000e+00  8.597170e+00  8.597170e+00  9.850000e-03  0.000000e+00  3.445808e-01  7.936293e-01  7.936293e-01  8.363163e-03  1.147689e+00  6.529273e+05  3.698342e-02  2.788264e+57  6.049825e+45  6.650579e-06  -2.010882e+95  1.000000e+00  -1.000000e+00  1.000000e+00
1.887400e+00  7.731096e+03  7.459213e+04  7.270426e+03  1.887400e+00  1.979074e+00  1.979073e+00  0.000000e+00  8.523320e+00  8.523320e+00  9.684000e-03  0.000000e+00  3.429532e-01  7.843104e-01  7.843104e-01  8.365711e-03  1.175540e+00  6.487121e+05  3.514581e-02  2.733711e+57  5.749790e+45  5.681072e-06  -1.702861e+95  1.000000e+00  -1.000000e+00  1.000000e+00
1.887400e+00  8.701063e+03  7.459213e+04  8.240395e+03  1.887400e+00  1.953455e+00  1.953454e+00  0.000000e+00  8.455454e+00  8.455454e+00  9.505000e-03  0.000000e+00  3.412306e-01  7.746048e-01  7.746048e-01  8.394499e-03  1.209660e+00  6.434759e+05  3.324036e-02  2.675394e+57  5.438626e+45  5.181109e-06  -1.375850e+95  1.000000e+00  -1.000000e+00  1.000000e+00
1.887400e+00  9.800430e+03  7.459213e+04  9.339770e+03  1.887400e+00  1.928998e+00  1.928998e+00  0.000000e+00  8.393733e+00  8.393733e+00  9.314000e-03  0.000000e+00  3.394363e-01  7.646612e-01  7.646612e-01  8.445759e-03  1.249555e+00  6.389714e+05  3.128044e-02  2.626159e+57  5.118510e+45  5.257132e-06  -1.009225e+95  1.000000e+00  -1.000000e+00  1.000000e+00
1.887400e+00  1.104648e+04  7.459213e+04  1.058582e+04  1.887400e+00  1.905844e+00  1.905844e+00  0.000000e+00  8.338242e+00  8.338242e+00  9.112000e-03  0.000000e+00  3.375938e-01  7.546225e-01  7.546225e-01  8.518845e-03  1.295141e+00  6.344162e+05  2.928177e-02  2.579877e+57  4.792004e+45  4.931387e-06  -7.822499e+94  1.000000e+00  -1.000000e+00  1.000000e+00
1.887400e+00  1.245877e+04  7.459213e+04  1.199810e+04  1.887400e+00  1.884109e+00  1.884109e+00  0.000000e+00  8.288935e+00  8.288935e+00  8.897000e-03  0.000000e+00  3.357291e-01  7.446355e-01  7.446355e-01  8.605813e-03  1.345090e+00  6.298692e+05  2.726202e-02  2.536698e+57  4.461974e+45  4.356711e-06  -6.330792e+94  1.000000e+00  -1.000000e+00  1.000000e+00
1.887400e+00  1.405947e+04  7.459213e+04  1.359880e+04  1.887400e+00  1.863894e+00  1.863894e+00  0.000000e+00  8.245895e+00  8.245895e+00  8.671000e-03  0.000000e+00  3.338606e-01  7.347968e-01  7.347968e-01  8.710233e-03  1.399969e+00  6.246464e+05  2.523891e-02  2.491207e+57  4.131364e+45  4.103152e-06  -4.864151e+94  1.000000e+00  -1.000000e+00  1.000000e+00
1.887400e+00  1.587372e+04  7.459213e+04  1.541306e+04  1.887400e+00  1.845278e+00  1.845278e+00  0.000000e+00  8.209022e+00  8.209022e+00  8.435000e-03  0.000000e+00  3.320106e-01  7.252183e-01  7.252183e-01  8.823425e-03  1.458037e+00  6.203131e+05  2.323267e-02  2.454829e+57  3.803412e+45  4.179489e-06  -3.325887e+94  1.000000e+00  -1.000000e+00  1.000000e+00
1.887400e+00  1.793002e+04  7.459213e+04  1.746936e+04  1.887400e+00  1.828317e+00  1.828317e+00  0.000000e+00  8.178042e+00  8.178042e+00  8.189000e-03  0.000000e+00  3.302052e-01  7.160216e-01  7.160216e-01  8.944430e-03  1.518945e+00  6.161430e+05  2.126124e-02  2.421857e+57  3.481097e+45  3.957162e-06  -2.427454e+94  1.000000e+00  -1.000000e+00  1.000000e+00
1.887400e+00  2.025605e+04  7.459213e+04  1.979538e+04  1.887400e+00  1.813082e+00  1.813081e+00  0.000000e+00  8.152922e+00  8.152922e+00  7.936000e-03  0.000000e+00  3.284624e-01  7.072824e-01  7.072824e-01  9.068893e-03  1.581328e+00  6.121886e+05  1.934640e-02  2.392336e+57  3.167992e+45  3.852774e-06  -1.941116e+94  1.000000e+00  -1.000000e+00  1.000000e+00
2.592900e+00  1.030404e+02  7.578687e+04  1.000000e+00  2.592900e+00  1.173930e-01  1.173920e-01  1.000000e-06  1.606602e+01  1.606602e+01  1.323400e-02  5.000000e-06  1.079232e-02  1.097023e-02  1.097023e-02  2.397584e-02  1.091732e+08  1.764861e+04  9.112051e-02  1.476516e+56  1.633014e+46  6.516036e-06  1.877010e+97  1.000000e+00  1.000000e+00  0.000000e+00
2.592900e+00  1.076573e+02  7.578687e+04  1.133400e+00  2.592900e+00  1.262380e-01  1.262370e-01  1.000000e-06  1.531201e+01  1.531201e+01  1.323400e-02  5.000000e-06  1.217698e-02  1.240401e-02  1.240401e-02  2.860817e-02  7.123603e+07  1.900608e+04  9.111258e-02  1.588853e+56  1.632863e+46  6.509929e-06  1.809573e+97  1.000000e+00  1.000000e+00  0.000000e+00
2.592900e+00  1.131115e+02  7.578687e+04  1.284600e+00  2.592900e+00  1.360270e-01  1.360260e-01  1.000000e-06  1.469693e+01  1.469693e+01  1.323300e-02  5.000000e-06  1.367033e-02  1.395719e-02  1.395719e-02  3.388121e-02  4.731222e+07  2.051128e+04  9.110137e-02  1.711183e+56  1.632665e+46  6.495805e-06  1.725451e+97  1.000000e+00  1.000000e+00  0.000000e+00
2.592900e+00  1.191072e+02  7.578687e+04  1.456000e+00  2.592900e+00  1.468220e-01  1.468210e-01  1.000000e-06  1.418571e+01  1.418571e+01  1.323200e-02  4.000000e-06  1.528694e-02  1.564665e-02  1.564665e-02  3.974895e-02  3.174170e+07  2.217519e+04  9.108922e-02  1.844939e+56  1.632449e+46  6.478831e-06  1.809555e+97  1.000000e+00  1.000000e+00  0.000000e+00
2.592900e+00  1.250167e+02  7.578687e+04  1.650300e+00  2.592900e+00  1.586190e-01  1.586190e-01  1.000000e-06  1.375887e+01  1.375887e+01  1.323200e-02  4.000000e-06  1.702765e-02  1.747528e-02  1.747528e-02  4.610387e-02  2.147206e+07  2.399888e+04  9.107667e-02  1.990356e+56  1.632230e+46  6.459351e-06  1.876043e+97  1.000000e+00  1.000000e+00  0.000000e+00
2.592900e+00  1.316026e+02  7.578687e+04  1.870400e+00  2.592900e+00  1.714980e-01  1.714970e-01  1.000000e-06  1.340028e+01  1.340028e+01  1.323100e-02  4.000000e-06  1.890282e-02  1.945626e-02  1.945626e-02  5.286548e-02  1.460319e+07  2.599600e+04  9.106322e-02  2.148572e+56  1.631990e+46  6.438162e-06  1.971732e+97  1.000000e+00  1.000000e+00  0.000000e+00
2.592900e+00  1.379494e+02  7.578687e+04  2.120000e+00  2.592900e+00  1.855100e-01  1.855090e-01  1.000000e-06  1.309794e+01  1.309794e+01  1.323100e-02  3.000000e-06  2.091922e-02  2.159940e-02  2.159940e-02  5.992634e-02  9.972371e+06  2.817624e+04  9.105047e-02  2.320355e+56  1.631760e+46  6.412947e-06  1.707534e+97  1.000000e+00  1.000000e+00  0.000000e+00
2.592900e+00  1.527256e+02  7.578687e+04  2.402800e+00  2.592900e+00  1.984340e-01  1.984330e-01  1.000000e-06  1.286624e+01  1.286624e+01  1.322900e-02  3.000000e-06  2.277958e-02  2.358872e-02  2.358872e-02  6.600907e-02  7.174347e+06  3.019557e+04  9.102133e-02  2.478440e+56  1.631242e+46  6.387123e-06  2.228283e+97  1.000000e+00  1.000000e+00  0.000000e+00
2.592900e+00  1.576382e+02  7.578687e+04  2.723400e+00  2.592900e+00  2.125010e-01  2.125000e-01  1.000000e-06  1.264966e+01  1.264966e+01  1.322900e-02  3.000000e-06  2.481207e-02  2.577546e-02  2.577546e-02  7.210281e-02  5.111444e+06  3.240288e+04  9.101076e-02  2.650215e+56  1.631052e+46  6.361139e-06  2.871831e+97  1.000000e+00  1.000000e+00  0.000000e+00
2.592900e+00  1.627167e+02  7.578687e+04  3.086700e+00  2.592900e+00  2.289700e-01  2.289690e-01  1.000000e-06  1.244909e+01  1.244909e+01  1.322800e-02  3.000000e-06  2.716577e-02  2.832537e-02  2.832537e-02  7.875283e-02  3.548666e+06  3.499751e+04  9.099934e-02  2.851586e+56  1.630848e+46  6.334715e-06  3.239912e+97  1.000000e+00  1.000000e+00  0.000000e+00
2.592900e+00  1.679681e+02  7.578687e+04  3.498500e+00  2.592900e+00  2.480530e-01  2.480530e-01  1.000000e-06  1.227338e+01  1.227338e+01  1.322800e-02  2.000000e-06  2.985124e-02  3.125806e-02  3.125806e-02  8.588224e-02  2.415455e+06  3.801706e+04  9.098867e-02  3.085452e+56  1.630648e+46  6.306113e-06  3.620771e+97  1.000000e+00  1.000000e+00  0.000000e+00
2.592900e+00  1.734000e+02  7.578687e+04  3.965200e+00  2.592900e+00  2.699570e-01  2.699560e-01  1.000000e-06  1.212701e+01  1.212701e+01  1.322700e-02  2.000000e-06  3.287927e-02  3.459514e-02  3.459514e-02  9.336673e-02  1.619899e+06  4.149928e+04  9.097600e-02  3.354609e+56  1.630423e+46  6.273751e-06  4.012113e+97  1.000000e+00  1.000000e+00  0.000000e+00
2.592900e+00  1.790190e+02  7.578687e+04  4.494300e+00  2.592900e+00  2.948850e-01  2.948850e-01  1.000000e-06  1.201166e+01  1.201166e+01  1.322600e-02  2.000000e-06  3.626036e-02  3.835986e-02  3.835986e-02  1.010469e-01  1.074661e+06  4.548466e+04  9.096161e-02  3.662049e+56  1.630174e+46  6.237124e-06  4.411741e+97  1.000000e+00  1.000000e+00  0.000000e+00
2.592900e+00  1.848335e+02  7.578687e+04  5.093900e+00  2.592900e+00  3.230440e-01  3.230430e-01  1.000000e-06  1.192711e+01  1.192711e+01  1.322600e-02  2.000000e-06  4.000442e-02  4.257708e-02  4.257708e-02  1.087349e-01  7.075202e+05  5.001410e+04  9.094845e-02  4.010629e+56  1.629933e+46  6.196837e-06  4.817544e+97  1.000000e+00  1.000000e+00  0.000000e+00
2.592900e+00  1.908524e+02  7.578687e+04  5.773400e+00  2.592900e+00  3.546380e-01  3.546370e-01  1.000000e-06  1.187192e+01  1.187192e+01  1.322500e-02  2.000000e-06  4.412104e-02  4.727377e-02  4.727377e-02  1.162285e-01  4.634412e+05  5.513109e+04  9.093266e-02  4.403440e+56  1.629658e+46  6.152436e-06  5.227864e+97  1.000000e+00  1.000000e+00  0.000000e+00
2.592900e+00  1.970844e+02  7.578687e+04  6.543700e+00  2.592900e+00  3.898710e-01  3.898710e-01  1.000000e-06  1.184393e+01  1.184393e+01  1.322400e-02  2.000000e-06  4.861912e-02  5.247896e-02  5.247896e-02  1.233274e-01  3.026453e+05  6.088080e+04  9.091724e-02  4.843573e+56  1.629380e+46  6.103685e-06  5.639311e+97  1.000000e+00  1.000000e+00  0.000000e+00
2.592900e+00  2.035396e+02  7.578687e+04  7.416700e+00  2.592900e+00  4.289450e-01  4.289450e-01  1.000000e-06  1.184057e+01  1.184057e+01  1.322300e-02  1.000000e-06  5.350701e-02  5.822417e-02  5.822417e-02  1.298311e-01  1.973480e+05  6.731097e+04  9.090081e-02  5.334149e+56  1.629085e+46  6.049305e-06  6.053054e+97  1.000000e+00  1.000000e+00  0.000000e+00
2.592900e+00  2.102287e+02  7.578687e+04  8.406200e+00  2.592900e+00  4.720500e-01  4.720500e-01  1.000000e-06  1.185913e+01  1.185913e+01  1.322200e-02  1.000000e-06  5.879185e-02  6.454307e-02  6.454307e-02  1.355628e-01  1.286658e+05  7.447262e+04  9.088276e-02  5.878655e+56  1.628765e+46  5.990658e-06  6.464193e+97  1.000000e+00  1.000000e+00  0.000000e+00
2.592900e+00  2.171631e+02  7.578687e+04  9.527700e+00  2.592900e+00  5.193640e-01  5.193630e-01  1.000000e-06  1.189682e+01  1.189682e+01  1.322200e-02  1.000000e-06  6.447964e-02  7.147186e-02  7.147186e-02  1.403644e-01  8.395631e+04  8.241201e+04  9.086436e-02  6.479835e+56  1.628433e+46  5.900547e-06  6.494600e+97  1.000000e+00  1.000000e+00  0.000000e+00
2.592900e+00  4.714565e+02  7.578687e+04  1.079880e+01  2.592900e+00  5.330400e-01  5.330390e-01  1.000000e-06  1.187482e+01  1.187482e+01  1.319900e-02  1.000000e-06  6.630012e-02  7.371829e-02  7.371829e-02  1.418860e-01  7.383740e+04  8.473652e+04  9.039241e-02  6.653715e+56  1.620005e+46  6.865450e-06  -7.030023e+97  1.000000e+00  -1.000000e+00  1.000000e+00
2.592900e+00  4.728972e+02  7.578687e+04  1.223950e+01  2.592900e+00  5.227150e-01  5.227150e-01  1.000000e-06  1.176938e+01  1.176938e+01  1.319800e-02  1.000000e-06  6.559841e-02  7.285072e-02  7.285072e-02  1.401154e-01  7.690019e+04  8.305963e+04  9.038227e-02  6.520716e+56  1.619821e+46  6.332510e-06  -6.006672e+97  1.000000e+00  -1.000000e+00  1.000000e+00
2.592900e+00  4.745300e+02  7.578687e+04  1.387240e+01  2.592900e+00  5.148010e-01  5.148000e-01  1.000000e-06  1.163003e+01  1.163003e+01  1.319800e-02  1.000000e-06  6.537925e-02  7.258019e-02  7.258019e-02  1.371209e-01  7.652674e+04  8.183462e+04  9.037106e-02  6.418273e+56  1.619616e+46  6.621362e-06  -3.791898e+97  1.000000e+00  -1.000000e+00  1.000000e+00
2.592900e+00  4.763807e+02  7.578687e+04  1.572320e+01  2.592900e+00  5.102880e-01  5.102880e-01  1.000000e-06  1.146129e+01  1.146129e+01  1.319700e-02  1.000000e-06  6.576030e-02  7.305069e-02  7.305069e-02  1.332446e-01  7.223345e+04  8.116205e+04  9.035789e-02  6.354228e+56  1.619378e+46  -2.010072e-06  -1.475991e+97  -1.000000e+00  -1.000000e+00  1.000000e+00
2.592900e+00  4.784787e+02  7.578687e+04  1.782080e+01  2.592900e+00  5.103090e-01  5.103080e-01  1.000000e-06  1.126834e+01  1.126834e+01  1.319600e-02  1.000000e-06  6.688903e-02  7.444801e-02  7.444801e-02  1.288455e-01  6.415096e+04  8.132672e+04  9.034141e-02  6.350169e+56  1.619093e+46  7.105734e-07  9.609942e+96  1.000000e+00  1.000000e+00  1.000000e+00
2.592900e+00  4.808563e+02  7.578687e+04  2.019840e+01  2.592900e+00  5.160420e-01  5.160410e-01  1.000000e-06  1.105961e+01  1.105961e+01  1.319500e-02  1.000000e-06  6.891706e-02  7.697242e-02  7.697242e-02  1.243140e-01  5.330787e+04  8.250030e+04  9.032410e-02  6.419063e+56  1.618784e+46  5.042599e-06  3.228107e+97  1.000000e+00  1.000000e+00  1.000000e+00
2.592900e+00  4.835509e+02  7.578687e+04  2.289310e+01  2.592900e+00  5.286090e-01  5.286080e-01  1.000000e-06  1.084609e+01  1.084609e+01  1.319400e-02  1.000000e-06  7.198509e-02  8.082543e-02  8.082543e-02  1.200307e-01  4.139900e+04  8.484589e+04  9.030588e-02  6.573181e+56  1.618448e+46  5.320025e-06  5.438089e+97  1.000000e+00  1.000000e+00  1.000000e+00
2.592900e+00  4.866048e+02  7.578687e+04  2.594730e+01  2.592900e+00  5.489540e-01  5.489530e-01  1.000000e-06  1.064019e+01  1.064019e+01  1.319300e-02  1.000000e-06  7.620231e-02  8.618977e-02  8.618977e-02  1.163032e-01  3.017510e+04  8.871535e+04  9.028323e-02  6.838520e+56  1.618047e+46  5.369562e-06  7.290478e+97  1.000000e+00  1.000000e+00  1.000000e+00
2.592900e+00  4.900671e+02  7.578687e+04  2.940900e+01  2.592900e+00  5.777920e-01  5.777910e-01  1.000000e-06  1.045439e+01  1.045439e+01  1.319200e-02  1.000000e-06  8.163083e-02  9.321395e-02  9.321395e-02  1.132647e-01  2.083197e+04  9.393933e+04  9.025851e-02  7.201857e+56  1.617603e+46  5.486414e-06  8.707055e+97  1.000000e+00  1.000000e+00  1.000000e+00
2.592900e+00  4.939909e+02  7.578687e+04  3.333260e+01  2.592900e+00  6.155310e-01  6.155300e-01  1.000000e-06  1.029856e+01  1.029856e+01  1.319100e-02  1.000000e-06  8.827855e-02  1.020042e-01  1.020042e-01  1.109141e-01  1.379168e+04  1.008749e+05  9.022880e-02  7.688675e+56  1.617081e+46  5.366989e-06  1.007652e+98  1.000000e+00  1.000000e+00  1.000000e+00
2.592900e+00  4.984378e+02  7.578687e+04  3.777960e+01  2.592900e+00  6.623150e-01  6.623140e-01  1.000000e-06  1.017840e+01  1.017840e+01  1.318900e-02  1.000000e-06  9.610960e-02  1.126363e-01  1.126363e-01  1.091153e-01  8.870762e+03  1.097492e+05  9.019710e-02  8.314398e+56  1.616511e+46  5.315729e-06  1.089817e+98  1.000000e+00  1.000000e+00  1.000000e+00
2.592900e+00  5.034775e+02  7.578687e+04  4.281980e+01  2.592900e+00  7.180330e-01  7.180320e-01  1.000000e-06  1.009564e+01  1.009564e+01  1.318700e-02  1.000000e-06  1.050491e-01  1.251578e-01  1.251578e-01  1.076037e-01  5.607573e+03  1.201307e+05  9.016130e-02  9.044472e+56  1.615866e+46  5.310677e-06  1.126338e+98  1.000000e+00  1.000000e+00  1.000000e+00
2.592900e+00  5.091908e+02  7.578687e+04  4.853260e+01  2.592900e+00  7.823470e-01  7.823460e-01  1.000000e-06  1.004869e+01  1.004869e+01  1.318500e-02  1.000000e-06  1.149930e-01  1.395955e-01  1.395955e-01  1.060819e-01  3.517155e+03  1.323949e+05  9.011876e-02  9.904281e+56  1.615114e+46  5.166222e-06  1.159865e+98  1.000000e+00  1.000000e+00  1.000000e+00
2.592900e+00  5.156662e+02  7.578687e+04  5.500740e+01  2.592900e+00  8.547230e-01  8.547220e-01  1.000000e-06  1.003397e+01  1.003397e+01  1.318300e-02  1.000000e-06  1.258155e-01  1.559581e-01  1.559581e-01  1.042382e-01  2.204277e+03  1.466540e+05  9.007203e-02  1.089915e+57  1.614279e+46  5.054108e-06  1.156617e+98  1.000000e+00  1.000000e+00  1.000000e+00
2.592900e+00  5.230050e+02  7.578687e+04  6.234610e+01  2.592900e+00  9.344320e-01  9.344310e-01  1.000000e-06  1.004671e+01  1.004671e+01  1.318000e-02  1.000000e-06  1.373743e-01  1.742368e-01  1.742368e-01  1.018109e-01  1.387320e+03  1.625006e+05  9.002027e-02  1.199491e+57  1.613344e+46  4.934036e-06  1.130614e+98  1.000000e+00  1.000000e+00  1.000000e+00
2.592900e+00  5.313221e+02  7.578687e+04  7.066390e+01  2.592900e+00  1.020571e+00  1.020570e+00  1.000000e-06  1.008136e+01  1.008136e+01  1.317700e-02  1.000000e-06  1.495223e-01  1.944138e-01  1.944138e-01  9.864408e-02  8.799297e+02  1.803500e+05  8.995879e-02  1.321863e+57  1.612257e+46  4.793769e-06  1.088286e+98  1.000000e+00  1.000000e+00  1.000000e+00
2.592900e+00  5.407496e+02  7.578687e+04  8.009140e+01  2.592900e+00  1.112069e+00  1.112069e+00  1.000000e-06  1.013236e+01  1.013236e+01  1.317400e-02  1.000000e-06  1.621074e-01  2.164540e-01  2.164540e-01  9.469213e-02  5.639083e+02  1.995757e+05  8.989208e-02  1.451917e+57  1.611055e+46  4.660558e-06  1.026605e+98  1.000000e+00  1.000000e+00  1.000000e+00
2.592900e+00  5.514360e+02  7.578687e+04  9.077660e+01  2.592900e+00  1.207710e+00  1.207710e+00  1.000000e-06  1.019449e+01  1.019449e+01  1.317000e-02  1.000000e-06  1.749761e-01  2.403018e-01  2.403018e-01  8.999862e-02  3.658061e+02  2.205827e+05  8.981396e-02  1.592226e+57  1.609668e+46  4.524287e-06  9.531180e+97  1.000000e+00  1.000000e+00  1.000000e+00
2.592900e+00  5.635472e+02  7.578687e+04  1.028874e+02  2.592900e+00  1.306152e+00  1.306152e+00  1.000000e-06  1.026293e+01  1.026293e+01  1.316600e-02  0.000000e+00  1.879768e-01  2.658771e-01  2.658771e-01  8.468443e-02  2.405439e+02  2.424852e+05  8.972686e-02  1.735692e+57  1.608112e+46  4.401240e-06  8.656424e+97  1.000000e+00  1.000000e+00  1.000000e+00
2.592900e+00  5.772730e+02  7.578687e+04  1.166139e+02  2.592900e+00  1.405978e+00  1.405977e+00  1.000000e-06  1.033340e+01  1.033340e+01  1.316100e-02  0.000000e+00  2.009633e-01  2.930721e-01  2.930721e-01  7.891574e-02  1.605049e+02  2.656875e+05  8.962857e-02  1.884915e+57  1.606354e+46  4.144233e-06  8.023301e+97  1.000000e+00  1.000000e+00  1.000000e+00
2.592900e+00  5.928297e+02  7.578687e+04  1.321717e+02  2.592900e+00  1.505730e+00  1.505730e+00  1.000000e-06  1.040228e+01  1.040228e+01  1.315600e-02  0.000000e+00  2.137963e-01  3.217441e-01  3.217441e-01  7.289283e-02  1.087918e+02  2.907947e+05  8.951687e-02  2.043945e+57  1.604360e+46  3.948865e-06  7.215776e+97  1.000000e+00  1.000000e+00  1.000000e+00
2.592900e+00  6.104652e+02  7.578687e+04  1.498051e+02  2.592900e+00  1.603971e+00  1.603970e+00  1.000000e-06  1.046639e+01  1.046639e+01  1.315000e-02  0.000000e+00  2.263504e-01  3.517227e-01  3.517227e-01  6.679360e-02  7.494394e+01  3.158258e+05  8.939096e-02  2.197607e+57  1.602109e+46  3.773742e-06  6.322460e+97  1.000000e+00  1.000000e+00  1.000000e+00
2.592900e+00  6.304521e+02  7.578687e+04  1.697911e+02  2.592900e+00  1.699322e+00  1.699321e+00  1.000000e-06  1.052314e+01  1.052314e+01  1.314300e-02  0.000000e+00  2.385129e-01  3.828016e-01  3.828016e-01  6.078645e-02  5.249962e+01  3.422050e+05  8.924933e-02  2.356205e+57  1.599572e+46  3.601822e-06  5.470845e+97  1.000000e+00  1.000000e+00  1.000000e+00
2.592900e+00  6.531038e+02  7.578687e+04  1.924434e+02  2.592900e+00  1.790515e+00  1.790514e+00  1.000000e-06  1.057046e+01  1.057046e+01  1.313500e-02  0.000000e+00  2.501876e-01  4.147445e-01  4.147445e-01  5.501838e-02  3.741860e+01  3.676106e+05  8.908834e-02  2.502153e+57  1.596695e+46  3.443774e-06  4.588369e+97  1.000000e+00  1.000000e+00  1.000000e+00
2.592900e+00  6.787757e+02  7.578687e+04  2.181178e+02  2.592900e+00  1.876436e+00  1.876436e+00  1.000000e-06  1.060682e+01  1.060682e+01  1.312600e-02  0.000000e+00  2.612945e-01  4.472841e-01  4.472841e-01  4.956422e-02  2.712852e+01  3.936934e+05  8.890550e-02  2.647604e+57  1.593435e+46  3.147478e-06  4.011676e+97  1.000000e+00  1.000000e+00  1.000000e+00
2.592900e+00  7.078781e+02  7.578687e+04  2.472176e+02  2.592900e+00  1.956143e+00  1.956143e+00  1.000000e-06  1.063110e+01  1.063110e+01  1.311600e-02  0.000000e+00  2.717716e-01  4.801311e-01  4.801311e-01  4.451719e-02  2.001822e+01  4.202806e+05  8.870122e-02  2.791344e+57  1.589775e+46  2.995519e-06  3.266319e+97  1.000000e+00  1.000000e+00  1.000000e+00
2.592900e+00  7.408620e+02  7.578687e+04  2.801996e+02  2.592900e+00  2.028891e+00  2.028890e+00  1.000000e-06  1.064259e+01  1.064259e+01  1.310400e-02  0.000000e+00  2.815743e-01  5.129800e-01  5.129800e-01  3.991035e-02  1.503252e+01  4.445840e+05  8.846796e-02  2.912479e+57  1.585617e+46  2.784640e-06  2.632103e+97  1.000000e+00  1.000000e+00  1.000000e+00
2.592900e+00  7.782441e+02  7.578687e+04  3.175819e+02  2.592900e+00  2.094138e+00  2.094138e+00  1.000000e-06  1.064099e+01  1.064099e+01  1.309100e-02  0.000000e+00  2.906731e-01  5.455123e-01  5.455123e-01  3.574341e-02  1.148346e+01  4.700082e+05  8.820661e-02  3.036850e+57  1.580945e+46  2.491018e-06  2.203889e+97  1.000000e+00  1.000000e+00  1.000000e+00
2.592900e+00  8.206108e+02  7.578687e+04  3.599514e+02  2.592900e+00  2.151542e+00  2.151542e+00  1.000000e-06  1.062626e+01  1.062626e+01  1.307700e-02  0.000000e+00  2.990549e-01  5.774164e-01  5.774164e-01  3.202126e-02  8.925439e+00  4.937217e+05  8.791132e-02  3.143534e+57  1.575670e+46  2.344648e-06  1.632298e+97  1.000000e+00  1.000000e+00  1.000000e+00
2.592900e+00  8.686339e+02  7.578687e+04  4.079736e+02  2.592900e+00  2.200945e+00  2.200945e+00  1.000000e-06  1.059888e+01  1.059888e+01  1.306000e-02  0.000000e+00  3.067122e-01  6.083582e-01  6.083582e-01  2.871191e-02  7.052030e+00  5.154376e+05  8.757955e-02  3.230885e+57  1.569736e+46  2.127854e-06  1.209848e+97  1.000000e+00  1.000000e+00  1.000000e+00
2.592900e+00  9.230662e+02  7.578687e+04  4.624025e+02  2.592900e+00  2.242357e+00  2.242357e+00  1.000000e-06  1.055912e+01  1.055912e+01  1.304100e-02  0.000000e+00  3.136597e-01  6.380667e-01  6.380667e-01  2.580138e-02  5.665816e+00  5.362829e+05  8.720488e-02  3.307888e+57  1.563044e+46  1.836351e-06  9.279382e+96  1.000000e+00  1.000000e+00  1.000000e+00
2.592900e+00  9.847572e+02  7.578687e+04  5.240930e+02  2.592900e+00  2.275940e+00  2.275939e+00  1.000000e-06  1.050780e+01  1.050780e+01  1.302000e-02  0.000000e+00  3.199121e-01  6.662599e-01  6.662599e-01  2.324897e-02  4.625582e+00  5.561146e+05  8.678400e-02  3.374138e+57  1.555523e+46  1.539074e-06  6.920928e+96  1.000000e+00  1.000000e+00  1.000000e+00
2.592900e+00  1.054675e+03  7.578687e+04  5.940138e+02  2.592900e+00  2.301970e+00  2.301969e+00  1.000000e-06  1.044580e+01  1.044580e+01  1.299700e-02  0.000000e+00  3.254914e-01  6.926865e-01  6.926865e-01  2.102292e-02  3.836468e+00  5.747904e+05  8.631105e-02  3.429306e+57  1.547070e+46  1.278612e-06  4.511576e+96  1.000000e+00  1.000000e+00  1.000000e+00
2.592900e+00  1.133922e+03  7.578687e+04  6.732629e+02  2.592900e+00  2.320825e+00  2.320825e+00  1.000000e-06  1.037417e+01  1.037417e+01  1.297000e-02  0.000000e+00  3.304234e-01  7.171253e-01  7.171253e-01  1.907966e-02  3.229410e+00  5.907687e+05  8.578013e-02  3.462621e+57  1.537582e+46  9.693469e-07  2.862012e+96  1.000000e+00  1.000000e+00  1.000000e+00
2.592900e+00  1.223749e+03  7.578687e+04  7.630849e+02  2.592900e+00  2.332958e+00  2.332958e+00  1.000000e-06  1.029380e+01  1.029380e+01  1.294000e-02  0.000000e+00  3.347440e-01  7.394279e-01  7.394279e-01  1.739548e-02  2.759217e+00  6.067681e+05  8.518515e-02  3.495185e+57  1.526946e+46  5.879584e-07  1.787166e+96  1.000000e+00  1.000000e+00  1.000000e+00
2.592900e+00  1.325556e+03  7.578687e+04  8.648903e+02  2.592900e+00  2.338873e+00  2.338873e+00  1.000000e-06  1.020590e+01  1.020590e+01  1.290600e-02  0.000000e+00  3.384833e-01  7.594471e-01  7.594471e-01  1.593489e-02  2.390965e+00  6.199992e+05  8.451891e-02  3.507054e+57  1.515038e+46  2.206793e-07  4.805577e+95  1.000000e+00  1.000000e+00  1.000000e+00
2.592900e+00  1.440942e+03  7.578687e+04  9.802778e+02  2.592900e+00  2.339107e+00  2.339107e+00  1.000000e-06  1.011159e+01  1.011159e+01  1.286800e-02  0.000000e+00  3.416742e-01  7.770887e-01  7.770887e-01  1.467200e-02  2.100555e+00  6.317328e+05  8.377450e-02  3.508297e+57  1.501730e+46  -3.024371e-07  -4.255201e+95  -1.000000e+00  -1.000000e+00  1.000000e+00
2.592900e+00  1.571717e+03  7.578687e+04  1.111060e+03  2.592900e+00  2.334215e+00  2.334215e+00  1.000000e-06  1.001191e+01  1.001191e+01  1.282500e-02  0.000000e+00  3.443543e-01  7.923236e-01  7.923236e-01  1.359393e-02  1.871700e+00  6.406632e+05  8.294359e-02  3.490009e+57  1.486877e+46  -8.031915e-07  -8.817820e+95  -1.000000e+00  -1.000000e+00  1.000000e+00
2.592900e+00  1.719954e+03  7.578687e+04  1.259289e+03  2.592900e+00  2.324758e+00  2.324758e+00  1.000000e-06  9.908074e+00  9.908074e+00  1.277700e-02  0.000000e+00  3.465534e-01  8.051212e-01  8.051212e-01  1.266381e-02  1.688930e+00  6.495961e+05  8.201783e-02  3.473920e+57  1.470332e+46  -1.459257e-06  -8.691919e+95  -1.000000e+00  -1.000000e+00  1.000000e+00
2.592900e+00  1.887962e+03  7.578687e+04  1.427295e+03  2.592900e+00  2.311286e+00  2.311286e+00  1.000000e-06  9.801059e+00  9.801059e+00  1.272400e-02  0.000000e+00  3.483071e-01  8.155259e-01  8.155259e-01  1.187042e-02  1.543716e+00  6.570984e+05  8.098982e-02  3.449884e+57  1.451953e+46  -2.825324e-06  -1.212454e+96  -1.000000e+00  -1.000000e+00  1.000000e+00
2.592900e+00  2.078381e+03  7.578687e+04  1.617714e+03  2.592900e+00  2.294338e+00  2.294337e+00  1.000000e-06  9.691940e+00  9.691940e+00  1.266400e-02  0.000000e+00  3.496458e-01  8.235901e-01  8.235901e-01  1.118956e-02  1.427533e+00  6.619525e+05  7.985143e-02  3.409214e+57  1.431592e+46  -4.626151e-06  -1.449263e+96  -1.000000e+00  -1.000000e+00  1.000000e+00
2.592900e+00  2.294199e+03  7.578687e+04  1.833538e+03  2.592900e+00  2.274427e+00  2.274426e+00  1.000000e-06  9.581721e+00  9.581721e+00  1.259700e-02  0.000000e+00  3.505985e-01  8.293953e-01  8.293953e-01  1.061095e-02  1.335438e+00  6.655886e+05  7.859112e-02  3.363191e+57  1.409064e+46  -5.733353e-06  -1.285041e+96  -1.000000e+00  -1.000000e+00  1.000000e+00
2.592900e+00  2.538819e+03  7.578687e+04  2.078156e+03  2.592900e+00  2.252049e+00  2.252049e+00  1.000000e-06  9.471472e+00  9.471472e+00  1.252200e-02  0.000000e+00  3.511899e-01  8.330269e-01  8.330269e-01  1.011921e-02  1.262807e+00  6.693198e+05  7.720345e-02  3.322024e+57  1.384248e+46  -1.457420e-05  -1.191848e+96  -1.000000e+00  -1.000000e+00  1.000000e+00
2.592900e+00  2.816077e+03  7.578687e+04  2.355409e+03  2.592900e+00  2.227661e+00  2.227660e+00  1.000000e-06  9.361910e+00  9.361910e+00  1.243900e-02  0.000000e+00  3.514522e-01  8.346444e-01  8.346444e-01  9.706966e-03  1.206869e+00  6.706949e+05  7.567912e-02  3.267647e+57  1.356988e+46  -5.635595e-05  -1.221060e+96  -1.000000e+00  -1.000000e+00  1.000000e+00
2.592900e+00  3.130319e+03  7.578687e+04  2.669651e+03  2.592900e+00  2.201697e+00  2.201697e+00  1.000000e-06  9.253950e+00  9.253950e+00  1.234700e-02  0.000000e+00  3.514084e-01  8.343738e-01  8.343738e-01  9.364840e-03  1.165050e+00  6.710813e+05  7.400996e-02  3.210518e+57  1.327145e+46  -4.243448e-04  -1.099878e+96  -1.000000e+00  -1.000000e+00  1.000000e+00
2.592900e+00  3.486480e+03  7.578687e+04  3.025817e+03  2.592900e+00  2.174557e+00  2.174557e+00  0.000000e+00  9.148261e+00  9.148261e+00  1.224500e-02  0.000000e+00  3.510864e-01  8.323894e-01  8.323894e-01  9.079403e-03  1.134748e+00  6.705653e+05  7.219225e-02  3.151438e+57  1.294633e+46  4.376851e-05  -9.730200e+95  1.000000e+00  -1.000000e+00  1.000000e+00
2.592900e+00  3.890162e+03  7.578687e+04  3.429500e+03  2.592900e+00  2.146612e+00  2.146612e+00  0.000000e+00  9.045660e+00  9.045660e+00  1.213200e-02  0.000000e+00  3.505056e-01  8.288267e-01  8.288267e-01  8.854436e-03  1.115822e+00  6.692526e+05  7.022028e-02  3.091269e+57  1.259359e+46  1.843669e-05  -8.471519e+95  1.000000e+00  -1.000000e+00  1.000000e+00
2.592900e+00  4.347708e+03  7.578687e+04  3.887040e+03  2.592900e+00  2.118203e+00  2.118202e+00  0.000000e+00  8.946713e+00  8.946713e+00  1.200900e-02  0.000000e+00  3.496919e-01  8.238700e-01  8.238700e-01  8.676345e-03  1.106155e+00  6.672293e+05  6.809261e-02  3.030637e+57  1.221287e+46  1.263161e-05  -7.278951e+95  1.000000e+00  -1.000000e+00  1.000000e+00
2.592900e+00  4.866291e+03  7.578687e+04  4.405622e+03  2.592900e+00  2.089637e+00  2.089637e+00  0.000000e+00  8.851900e+00  8.851900e+00  1.187300e-02  0.000000e+00  3.486712e-01  8.177083e-01  8.177083e-01  8.541410e-03  1.104985e+00  6.645811e+05  6.580624e-02  2.970128e+57  1.180383e+46  9.265602e-06  -6.491330e+95  1.000000e+00  -1.000000e+00  1.000000e+00
2.592900e+00  5.454054e+03  7.578687e+04  4.993389e+03  2.592900e+00  2.061200e+00  2.061199e+00  0.000000e+00  8.761795e+00  8.761795e+00  1.172400e-02  0.000000e+00  3.474631e-01  8.104956e-01  8.104956e-01  8.447160e-03  1.111927e+00  6.604583e+05  6.336633e-02  2.903258e+57  1.136722e+46  7.388676e-06  -5.507536e+95  1.000000e+00  -1.000000e+00  1.000000e+00
2.592900e+00  6.120229e+03  7.578687e+04  5.659571e+03  2.592900e+00  2.033145e+00  2.033144e+00  0.000000e+00  8.676756e+00  8.676756e+00  1.156200e-02  0.000000e+00  3.460928e-01  8.024180e-01  8.024180e-01  8.389193e-03  1.126340e+00  6.568690e+05  6.077920e-02  2.844909e+57  1.090410e+46  7.408948e-06  -4.256519e+95  1.000000e+00  -1.000000e+00  1.000000e+00
2.592900e+00  6.875298e+03  7.578687e+04  6.414631e+03  2.592900e+00  2.005704e+00  2.005704e+00  0.000000e+00  8.597187e+00  8.597187e+00  1.138600e-02  0.000000e+00  3.445816e-01  7.936340e-01  7.936340e-01  8.362711e-03  1.147611e+00  6.529274e+05  5.805244e-02  2.788274e+57  1.041598e+46  6.650649e-06  -3.474133e+95  1.000000e+00  -1.000000e+00  1.000000e+00
2.592900e+00  7.731096e+03  7.578687e+04  7.270426e+03  2.592900e+00  1.979083e+00  1.979082e+00  0.000000e+00  8.523343e+00  8.523343e+00  1.119700e-02  0.000000e+00  3.429538e-01  7.843139e-01  7.843139e-01  8.366231e-03  1.175620e+00  6.487138e+05  5.520004e-02  2.733731e+57  9.905289e+45  5.683101e-06  -2.942999e+95  1.000000e+00  -1.000000e+00  1.000000e+00
2.592900e+00  8.701063e+03  7.578687e+04  8.240395e+03  2.592900e+00  1.953463e+00  1.953462e+00  0.000000e+00  8.455498e+00  8.455498e+00  1.099300e-02  0.000000e+00  3.412303e-01  7.746029e-01  7.746029e-01  8.394780e-03  1.209706e+00  6.434792e+05  5.223863e-02  2.675425e+57  9.375022e+45  5.181901e-06  -2.379458e+95  1.000000e+00  -1.000000e+00  1.000000e+00
2.592900e+00  9.800430e+03  7.578687e+04  9.339770e+03  2.592900e+00  1.929006e+00  1.929006e+00  0.000000e+00  8.393775e+00  8.393775e+00  1.077400e-02  0.000000e+00  3.394360e-01  7.646595e-01  7.646595e-01  8.446892e-03  1.249722e+00  6.389747e+05  4.919070e-02  2.626189e+57  8.829068e+45  5.254416e-06  -1.747469e+95  1.000000e+00  -1.000000e+00  1.000000e+00
2.592900e+00  1.104648e+04  7.578687e+04  1.058582e+04  2.592900e+00  1.905850e+00  1.905849e+00  0.000000e+00  8.338211e+00  8.338211e+00  1.054200e-02  0.000000e+00  3.375961e-01  7.546348e-01  7.546348e-01  8.518549e-03  1.295068e+00  6.344139e+05  4.607849e-02  2.579863e+57  8.271537e+45  4.928872e-06  -1.355474e+95  1.000000e+00  -1.000000e+00  1.000000e+00
2.592900e+00  1.245877e+04  7.578687e+04  1.199810e+04  2.592900e+00  1.884114e+00  1.884114e+00  0.000000e+00  8.288915e+00  8.288915e+00  1.029600e-02  0.000000e+00  3.357308e-01  7.446446e-01  7.446446e-01  8.607375e-03  1.345340e+00  6.298677e+05  4.292972e-02  2.536689e+57  7.707313e+45  4.357714e-06  -1.096935e+95  1.000000e+00  -1.000000e+00  1.000000e+00
2.592900e+00  1.405947e+04  7.578687e+04  1.359880e+04  2.592900e+00  1.863899e+00  1.863899e+00  0.000000e+00  8.245891e+00  8.245891e+00  1.003700e-02  0.000000e+00  3.338615e-01  7.348019e-01  7.348019e-01  8.709898e-03  1.399877e+00  6.246463e+05  3.977311e-02  2.491208e+57  7.141524e+45  4.104436e-06  -8.433727e+94  1.000000e+00  -1.000000e+00  1.000000e+00
2.592900e+00  1.587372e+04  7.578687e+04  1.541306e+04  2.592900e+00  1.845283e+00  1.845282e+00  0.000000e+00  8.209032e+00  8.209032e+00  9.766000e-03  0.000000e+00  3.320111e-01  7.252207e-01  7.252207e-01  8.823961e-03  1.458174e+00  6.203144e+05  3.663699e-02  2.454840e+57  6.579357e+45  4.180935e-06  -5.771159e+94  1.000000e+00  -1.000000e+00  1.000000e+00
2.592900e+00  1.793002e+04  7.578687e+04  1.746936e+04  2.592900e+00  1.828322e+00  1.828321e+00  0.000000e+00  8.178069e+00  8.178069e+00  9.484000e-03  0.000000e+00  3.302049e-01  7.160202e-01  7.160202e-01  8.945201e-03  1.519123e+00  6.161458e+05  3.355293e-02  2.421879e+57  6.026352e+45  3.956245e-06  -4.217066e+94  1.000000e+00  -1.000000e+00  1.000000e+00
2.592900e+00  2.025605e+04  7.578687e+04  1.979538e+04  2.592900e+00  1.813084e+00  1.813084e+00  0.000000e+00  8.152904e+00  8.152904e+00  9.192000e-03  0.000000e+00  3.284636e-01  7.072884e-01  7.072884e-01  9.068636e-03  1.581300e+00  6.121875e+05  3.055409e-02  2.392327e+57  5.488507e+45  3.849460e-06  -3.377597e+94  1.000000e+00  -1.000000e+00  1.000000e+00
3.562200e+00  1.030404e+02  7.700098e+04  1.000000e+00  3.562200e+00  1.171480e-01  1.171470e-01  1.000000e-06  1.609071e+01  1.609071e+01  1.526700e-02  8.000000e-06  1.075333e-02  1.092995e-02  1.092995e-02  2.385220e-02  1.105934e+08  1.761113e+04  1.421381e-01  1.473367e+56  2.820765e+46  6.516664e-06  3.242852e+97  1.000000e+00  1.000000e+00  0.000000e+00
3.562200e+00  1.076573e+02  7.700098e+04  1.133400e+00  3.562200e+00  1.259750e-01  1.259740e-01  1.000000e-06  1.533117e+01  1.533117e+01  1.526600e-02  8.000000e-06  1.213638e-02  1.236189e-02  1.236189e-02  2.846707e-02  7.207842e+07  1.896553e+04  1.421239e-01  1.585532e+56  2.820485e+46  6.510550e-06  3.127830e+97  1.000000e+00  1.000000e+00  0.000000e+00
3.562200e+00  1.131115e+02  7.700098e+04  1.284600e+00  3.562200e+00  1.357560e-01  1.357550e-01  1.000000e-06  1.471164e+01  1.471164e+01  1.526600e-02  7.000000e-06  1.362949e-02  1.391462e-02  1.391462e-02  3.373447e-02  4.781721e+07  2.046950e+04  1.421071e-01  1.707807e+56  2.820153e+46  6.496101e-06  2.984712e+97  1.000000e+00  1.000000e+00  0.000000e+00
3.562200e+00  1.191072e+02  7.700098e+04  1.456000e+00  3.562200e+00  1.465470e-01  1.465460e-01  1.000000e-06  1.419704e+01  1.419704e+01  1.526500e-02  7.000000e-06  1.524616e-02  1.560393e-02  1.560393e-02  3.959873e-02  3.204713e+07  2.213280e+04  1.420905e-01  1.841545e+56  2.819808e+46  6.479023e-06  3.130393e+97  1.000000e+00  1.000000e+00  0.000000e+00
3.562200e+00  1.250167e+02  7.700098e+04  1.650300e+00  3.562200e+00  1.583400e-01  1.583390e-01  1.000000e-06  1.376771e+01  1.376771e+01  1.526500e-02  6.000000e-06  1.698673e-02  1.743218e-02  1.743218e-02  4.595433e-02  2.166149e+07  2.395561e+04  1.420710e-01  1.986914e+56  2.819433e+46  6.459883e-06  3.245475e+97  1.000000e+00  1.000000e+00  0.000000e+00
3.562200e+00  1.316026e+02  7.700098e+04  1.870400e+00  3.562200e+00  1.712170e-01  1.712160e-01  1.000000e-06  1.340716e+01  1.340716e+01  1.526400e-02  6.000000e-06  1.886213e-02  1.941315e-02  1.941315e-02  5.272023e-02  1.472081e+07  2.595225e+04  1.420507e-01  2.145115e+56  2.819030e+46  6.438675e-06  3.411173e+97  1.000000e+00  1.000000e+00  0.000000e+00
3.562200e+00  1.379494e+02  7.700098e+04  2.120000e+00  3.562200e+00  1.852240e-01  1.852230e-01  1.000000e-06  1.310334e+01  1.310334e+01  1.526300e-02  5.000000e-06  2.087843e-02  2.155591e-02  2.155591e-02  5.978893e-02  1.004706e+07  2.813172e+04  1.420298e-01  2.316856e+56  2.818625e+46  6.413228e-06  2.955449e+97  1.000000e+00  1.000000e+00  0.000000e+00
3.562200e+00  1.527256e+02  7.700098e+04  2.402800e+00  3.562200e+00  1.981880e-01  1.981870e-01  1.000000e-06  1.287041e+01  1.287041e+01  1.526200e-02  5.000000e-06  2.274393e-02  2.355050e-02  2.355050e-02  6.589820e-02  7.218576e+06  3.015713e+04  1.419858e-01  2.475450e+56  2.817752e+46  6.387655e-06  3.851930e+97  1.000000e+00  1.000000e+00  0.000000e+00
3.562200e+00  1.576382e+02  7.700098e+04  2.723400e+00  3.562200e+00  2.122370e-01  2.122360e-01  1.000000e-06  1.265329e+01  1.265329e+01  1.526100e-02  5.000000e-06  2.477412e-02  2.573449e-02  2.573449e-02  7.199310e-02  5.142890e+06  3.236128e+04  1.419700e-01  2.646980e+56  2.817433e+46  6.362039e-06  4.963180e+97  1.000000e+00  1.000000e+00  0.000000e+00
3.562200e+00  1.627167e+02  7.700098e+04  3.086700e+00  3.562200e+00  2.286890e-01  2.286880e-01  1.000000e-06  1.245207e+01  1.245207e+01  1.526000e-02  4.000000e-06  2.712600e-02  2.828212e-02  2.828212e-02  7.864246e-02  3.569750e+06  3.495302e+04  1.419529e-01  2.848139e+56  2.817092e+46  6.335395e-06  5.600913e+97  1.000000e+00  1.000000e+00  0.000000e+00
3.562200e+00  1.679681e+02  7.700098e+04  3.498500e+00  3.562200e+00  2.477580e-01  2.477570e-01  1.000000e-06  1.227570e+01  1.227570e+01  1.526000e-02  4.000000e-06  2.981009e-02  3.121293e-02  3.121293e-02  8.577615e-02  2.429171e+06  3.796997e+04  1.419333e-01  3.081804e+56  2.816716e+46  6.306211e-06  6.261202e+97  1.000000e+00  1.000000e+00  0.000000e+00
3.562200e+00  1.734000e+02  7.700098e+04  3.965200e+00  3.562200e+00  2.696490e-01  2.696480e-01  1.000000e-06  1.212872e+01  1.212872e+01  1.525900e-02  4.000000e-06  3.283716e-02  3.454851e-02  3.454851e-02  9.326754e-02  1.628585e+06  4.145047e+04  1.419140e-01  3.350841e+56  2.816335e+46  6.273954e-06  6.938749e+97  1.000000e+00  1.000000e+00  0.000000e+00
3.562200e+00  1.790190e+02  7.700098e+04  4.494300e+00  3.562200e+00  2.945670e-01  2.945660e-01  1.000000e-06  1.201285e+01  1.201285e+01  1.525800e-02  3.000000e-06  3.621759e-02  3.831199e-02  3.831199e-02  1.009544e-01  1.080027e+06  4.543348e+04  1.418940e-01  3.658090e+56  2.815935e+46  6.237968e-06  7.630289e+97  1.000000e+00  1.000000e+00  0.000000e+00
3.562200e+00  1.848335e+02  7.700098e+04  5.093900e+00  3.562200e+00  3.227160e-01  3.227160e-01  1.000000e-06  1.192786e+01  1.192786e+01  1.525700e-02  3.000000e-06  3.996134e-02  4.252827e-02  4.252827e-02  1.086511e-01  7.107925e+05  4.996099e+04  1.418724e-01  4.006546e+56  2.815509e+46  6.197547e-06  8.333365e+97  1.000000e+00  1.000000e+00  0.000000e+00
3.562200e+00  1.908524e+02  7.700098e+04  5.773400e+00  3.562200e+00  3.543030e-01  3.543030e-01  1.000000e-06  1.187233e+01  1.187233e+01  1.525700e-02  3.000000e-06  4.407792e-02  4.722425e-02  4.722425e-02  1.161558e-01  4.654223e+05  5.507623e+04  1.418512e-01  4.399230e+56  2.815076e+46  6.152897e-06  9.044135e+97  1.000000e+00  1.000000e+00  0.000000e+00
3.562200e+00  1.970844e+02  7.700098e+04  6.543700e+00  3.562200e+00  3.895320e-01  3.895310e-01  1.000000e-06  1.184406e+01  1.184406e+01  1.525600e-02  2.000000e-06  4.857620e-02  5.242893e-02  5.242893e-02  1.232632e-01  3.038261e+05  6.082497e+04  1.418254e-01  4.839298e+56  2.814582e+46  6.103908e-06  9.757053e+97  1.000000e+00  1.000000e+00  0.000000e+00
3.562200e+00  2.035396e+02  7.700098e+04  7.416700e+00  3.562200e+00  4.286020e-01  4.286010e-01  1.000000e-06  1.184050e+01  1.184050e+01  1.525500e-02  2.000000e-06  5.346449e-02  5.817379e-02  5.817379e-02  1.297791e-01  1.980547e+05  6.725412e+04  1.417998e-01  5.329827e+56  2.814076e+46  6.049657e-06  1.047326e+98  1.000000e+00  1.000000e+00  0.000000e+00
3.562200e+00  2.102287e+02  7.700098e+04  8.406200e+00  3.562200e+00  4.717050e-01  4.717040e-01  1.000000e-06  1.185890e+01  1.185890e+01  1.525400e-02  2.000000e-06  5.874992e-02  6.449250e-02  6.449250e-02  1.355200e-01  1.290852e+05  7.441504e+04  1.417748e-01  5.874291e+56  2.813561e+46  5.990862e-06  1.118527e+98  1.000000e+00  1.000000e+00  0.000000e+00
3.562200e+00  2.171631e+02  7.700098e+04  9.527700e+00  3.562200e+00  5.190180e-01  5.190170e-01  1.000000e-06  1.189649e+01  1.189649e+01  1.525300e-02  2.000000e-06  6.443844e-02  7.142118e-02  7.142118e-02  1.403334e-01  8.420642e+04  8.235426e+04  1.417436e-01  6.475491e+56  2.812964e+46  5.894054e-06  1.123872e+98  1.000000e+00  1.000000e+00  0.000000e+00
3.562200e+00  4.714565e+02  7.700098e+04  1.079880e+01  3.562200e+00  5.331810e-01  5.331800e-01  1.000000e-06  1.187551e+01  1.187551e+01  1.522700e-02  2.000000e-06  6.631381e-02  7.373523e-02  7.373523e-02  1.419225e-01  7.378011e+04  8.476531e+04  1.410200e-01  6.655941e+56  2.798650e+46  6.848096e-06  -1.217890e+98  1.000000e+00  -1.000000e+00  1.000000e+00
3.562200e+00  4.728972e+02  7.700098e+04  1.223950e+01  3.562200e+00  5.228200e-01  5.228190e-01  1.000000e-06  1.177041e+01  1.177041e+01  1.522600e-02  2.000000e-06  6.560579e-02  7.285984e-02  7.285984e-02  1.401645e-01  7.688450e+04  8.308604e+04  1.410038e-01  6.522798e+56  2.798331e+46  6.186562e-06  -1.056706e+98  1.000000e+00  -1.000000e+00  1.000000e+00
3.562200e+00  4.745300e+02  7.700098e+04  1.387240e+01  3.562200e+00  5.148640e-01  5.148630e-01  1.000000e-06  1.163126e+01  1.163126e+01  1.522600e-02  2.000000e-06  6.538041e-02  7.258162e-02  7.258162e-02  1.371735e-01  7.655010e+04  8.180273e+04  1.409862e-01  6.416010e+56  2.797977e+46  6.947750e-06  -6.624539e+97  1.000000e+00  -1.000000e+00  1.000000e+00
3.562200e+00  4.763807e+02  7.700098e+04  1.572320e+01  3.562200e+00  5.103090e-01  5.103080e-01  1.000000e-06  1.146262e+01  1.146262e+01  1.522500e-02  2.000000e-06  6.575536e-02  7.304458e-02  7.304458e-02  1.332989e-01  7.229029e+04  8.117971e+04  1.409652e-01  6.355686e+56  2.797564e+46  -2.722400e-06  -2.423286e+97  -1.000000e+00  -1.000000e+00  1.000000e+00
3.562200e+00  4.784787e+02  7.700098e+04  1.782080e+01  3.562200e+00  5.102860e-01  5.102850e-01  1.000000e-06  1.126972e+01  1.126972e+01  1.522400e-02  2.000000e-06  6.687782e-02  7.443411e-02  7.443411e-02  1.288974e-01  6.423065e+04  8.133958e+04  1.409417e-01  6.351275e+56  2.797100e+46  4.558318e-07  1.642244e+97  1.000000e+00  1.000000e+00  1.000000e+00
3.562200e+00  4.808563e+02  7.700098e+04  2.019840e+01  3.562200e+00  5.159770e-01  5.159760e-01  1.000000e-06  1.106093e+01  1.106093e+01  1.522300e-02  2.000000e-06  6.890021e-02  7.695137e-02  7.695137e-02  1.243564e-01  5.339193e+04  8.250847e+04  1.409150e-01  6.419822e+56  2.796574e+46  5.030280e-06  5.566173e+97  1.000000e+00  1.000000e+00  1.000000e+00
3.562200e+00  4.835509e+02  7.700098e+04  2.289310e+01  3.562200e+00  5.285030e-01  5.285020e-01  1.000000e-06  1.084727e+01  1.084727e+01  1.522200e-02  2.000000e-06  7.196286e-02  8.079736e-02  8.079736e-02  1.200666e-01  4.147542e+04  8.484833e+04  1.408849e-01  6.573504e+56  2.795979e+46  5.315839e-06  9.394271e+97  1.000000e+00  1.000000e+00  1.000000e+00
3.562200e+00  4.866048e+02  7.700098e+04  2.594730e+01  3.562200e+00  5.488150e-01  5.488140e-01  1.000000e-06  1.064118e+01  1.064118e+01  1.522100e-02  2.000000e-06  7.617587e-02  8.615589e-02  8.615589e-02  1.163269e-01  3.023455e+04  8.871413e+04  1.408509e-01  6.838578e+56  2.795306e+46  5.367206e-06  1.260377e+98  1.000000e+00  1.000000e+00  1.000000e+00
3.562200e+00  4.900671e+02  7.700098e+04  2.940900e+01  3.562200e+00  5.776200e-01  5.776190e-01  1.000000e-06  1.045515e+01  1.045515e+01  1.521900e-02  2.000000e-06  8.160067e-02  9.317455e-02  9.317455e-02  1.132924e-01  2.087561e+04  9.393285e+04  1.408124e-01  7.201531e+56  2.794545e+46  5.485908e-06  1.505594e+98  1.000000e+00  1.000000e+00  1.000000e+00
3.562200e+00  4.939909e+02  7.700098e+04  3.333260e+01  3.562200e+00  6.153360e-01  6.153350e-01  1.000000e-06  1.029909e+01  1.029909e+01  1.521800e-02  2.000000e-06  8.824600e-02  1.019607e-01  1.019607e-01  1.109287e-01  1.381902e+04  1.008645e+05  1.407686e-01  7.688067e+56  2.793679e+46  5.366916e-06  1.743007e+98  1.000000e+00  1.000000e+00  1.000000e+00
3.562200e+00  4.984378e+02  7.700098e+04  3.777960e+01  3.562200e+00  6.621040e-01  6.621030e-01  1.000000e-06  1.017875e+01  1.017875e+01  1.521600e-02  1.000000e-06  9.607560e-02  1.125895e-01  1.125895e-01  1.091205e-01  8.887014e+03  1.097356e+05  1.407193e-01  8.313558e+56  2.792702e+46  5.316228e-06  1.885253e+98  1.000000e+00  1.000000e+00  1.000000e+00
3.562200e+00  5.034775e+02  7.700098e+04  4.281980e+01  3.562200e+00  7.178070e-01  7.178060e-01  1.000000e-06  1.009580e+01  1.009580e+01  1.521400e-02  1.000000e-06  1.050144e-01  1.251085e-01  1.251085e-01  1.076084e-01  5.617152e+03  1.201124e+05  1.406632e-01  9.043300e+56  2.791592e+46  5.311525e-06  1.948630e+98  1.000000e+00  1.000000e+00  1.000000e+00
3.562200e+00  5.091908e+02  7.700098e+04  4.853260e+01  3.562200e+00  7.821180e-01  7.821170e-01  1.000000e-06  1.004874e+01  1.004874e+01  1.521200e-02  1.000000e-06  1.149588e-01  1.395447e-01  1.395447e-01  1.061142e-01  3.523474e+03  1.323744e+05  1.405997e-01  9.902971e+56  2.790336e+46  5.167169e-06  2.006847e+98  1.000000e+00  1.000000e+00  1.000000e+00
3.562200e+00  5.156662e+02  7.700098e+04  5.500740e+01  3.562200e+00  8.544910e-01  8.544900e-01  1.000000e-06  1.003389e+01  1.003389e+01  1.520900e-02  1.000000e-06  1.257823e-01  1.559068e-01  1.559068e-01  1.042471e-01  2.207397e+03  1.466294e+05  1.405276e-01  1.089756e+57  2.788912e+46  5.055112e-06  2.001300e+98  1.000000e+00  1.000000e+00  1.000000e+00
3.562200e+00  5.230050e+02  7.700098e+04  6.234610e+01  3.562200e+00  9.342030e-01  9.342030e-01  1.000000e-06  1.004660e+01  1.004660e+01  1.520600e-02  1.000000e-06  1.373422e-01  1.741849e-01  1.741849e-01  1.018309e-01  1.389216e+03  1.624745e+05  1.404463e-01  1.199323e+57  2.787303e+46  4.934718e-06  1.956579e+98  1.000000e+00  1.000000e+00  1.000000e+00
3.562200e+00  5.313221e+02  7.700098e+04  7.066390e+01  3.562200e+00  1.020350e+00  1.020349e+00  1.000000e-06  1.008123e+01  1.008123e+01  1.520300e-02  1.000000e-06  1.494917e-01  1.943617e-01  1.943617e-01  9.865506e-02  8.809302e+02  1.803230e+05  1.403553e-01  1.321691e+57  2.785491e+46  4.794390e-06  1.883409e+98  1.000000e+00  1.000000e+00  1.000000e+00
3.562200e+00  5.407496e+02  7.700098e+04  8.009140e+01  3.562200e+00  1.111858e+00  1.111857e+00  1.000000e-06  1.013222e+01  1.013222e+01  1.519900e-02  1.000000e-06  1.620788e-01  2.164025e-01  2.164025e-01  9.470286e-02  5.644702e+02  1.995484e+05  1.402513e-01  1.451748e+57  2.783430e+46  4.661346e-06  1.776622e+98  1.000000e+00  1.000000e+00  1.000000e+00
3.562200e+00  5.514360e+02  7.700098e+04  9.077660e+01  3.562200e+00  1.207507e+00  1.207507e+00  1.000000e-06  1.019432e+01  1.019432e+01  1.519500e-02  1.000000e-06  1.749497e-01  2.402514e-01  2.402514e-01  9.000860e-02  3.661229e+02  2.205525e+05  1.401335e-01  1.592038e+57  2.781096e+46  4.525204e-06  1.649425e+98  1.000000e+00  1.000000e+00  1.000000e+00
3.562200e+00  5.635472e+02  7.700098e+04  1.028874e+02  3.562200e+00  1.305963e+00  1.305962e+00  1.000000e-06  1.026275e+01  1.026275e+01  1.519000e-02  1.000000e-06  1.879527e-01  2.658283e-01  2.658283e-01  8.470803e-02  2.407641e+02  2.424542e+05  1.399979e-01  1.735503e+57  2.778432e+46  4.401718e-06  1.498301e+98  1.000000e+00  1.000000e+00  1.000000e+00
3.562200e+00  5.772730e+02  7.700098e+04  1.166139e+02  3.562200e+00  1.405804e+00  1.405803e+00  1.000000e-06  1.033330e+01  1.033330e+01  1.518500e-02  1.000000e-06  2.009404e-01  2.930227e-01  2.930227e-01  7.892971e-02  1.606247e+02  2.656594e+05  1.398485e-01  1.884751e+57  2.775459e+46  4.144536e-06  1.388786e+98  1.000000e+00  1.000000e+00  1.000000e+00
3.562200e+00  5.928297e+02  7.700098e+04  1.321717e+02  3.562200e+00  1.505572e+00  1.505571e+00  1.000000e-06  1.040220e+01  1.040220e+01  1.517800e-02  1.000000e-06  2.137754e-01  3.216959e-01  3.216959e-01  7.290121e-02  1.088549e+02  2.907671e+05  1.396771e-01  2.043788e+57  2.772070e+46  3.949470e-06  1.248934e+98  1.000000e+00  1.000000e+00  1.000000e+00
3.562200e+00  6.104652e+02  7.700098e+04  1.498051e+02  3.562200e+00  1.603828e+00  1.603827e+00  1.000000e-06  1.046629e+01  1.046629e+01  1.517100e-02  1.000000e-06  2.263323e-01  3.516780e-01  3.516780e-01  6.681156e-02  7.499403e+01  3.157977e+05  1.394817e-01  2.197450e+57  2.768223e+46  3.843770e-06  1.070775e+98  1.000000e+00  1.000000e+00  1.000000e+00
3.562200e+00  6.304521e+02  7.700098e+04  1.697911e+02  3.562200e+00  1.699193e+00  1.699192e+00  1.000000e-06  1.052301e+01  1.052301e+01  1.516300e-02  1.000000e-06  2.384978e-01  3.827616e-01  3.827616e-01  6.079576e-02  5.252538e+01  3.411537e+05  1.392630e-01  2.348392e+57  2.763895e+46  3.609118e-06  9.411173e+97  1.000000e+00  1.000000e+00  1.000000e+00
3.562200e+00  6.531038e+02  7.700098e+04  1.924434e+02  3.562200e+00  1.790402e+00  1.790401e+00  1.000000e-06  1.057041e+01  1.057041e+01  1.515400e-02  1.000000e-06  2.501729e-01  4.147029e-01  4.147029e-01  5.501768e-02  3.742906e+01  3.675856e+05  1.390155e-01  2.502027e+57  2.759000e+46  3.372140e-06  8.177778e+97  1.000000e+00  1.000000e+00  1.000000e+00
3.562200e+00  6.787757e+02  7.700098e+04  2.181178e+02  3.562200e+00  1.876337e+00  1.876336e+00  1.000000e-06  1.060678e+01  1.060678e+01  1.514400e-02  1.000000e-06  2.612816e-01  4.472450e-01  4.472450e-01  4.957028e-02  2.713827e+01  3.936692e+05  1.387363e-01  2.647485e+57  2.753475e+46  3.147800e-06  6.944825e+97  1.000000e+00  1.000000e+00  1.000000e+00
3.562200e+00  7.078781e+02  7.700098e+04  2.472176e+02  3.562200e+00  1.956057e+00  1.956057e+00  1.000000e-06  1.063110e+01  1.063110e+01  1.513300e-02  0.000000e+00  2.717597e-01  4.800925e-01  4.800925e-01  4.452124e-02  2.002377e+01  4.202590e+05  1.384204e-01  2.791247e+57  2.747228e+46  2.995942e-06  5.654476e+97  1.000000e+00  1.000000e+00  1.000000e+00
3.562200e+00  7.408620e+02  7.700098e+04  2.801996e+02  3.562200e+00  2.028817e+00  2.028816e+00  1.000000e-06  1.064257e+01  1.064257e+01  1.512000e-02  0.000000e+00  2.815646e-01  5.129461e-01  5.129461e-01  3.990811e-02  1.503429e+01  4.445615e+05  1.380642e-01  2.912377e+57  2.740181e+46  2.784980e-06  4.556943e+97  1.000000e+00  1.000000e+00  1.000000e+00
3.562200e+00  7.782441e+02  7.700098e+04  3.175819e+02  3.562200e+00  2.094077e+00  2.094077e+00  1.000000e-06  1.064103e+01  1.064103e+01  1.510500e-02  0.000000e+00  2.906637e-01  5.454775e-01  5.454775e-01  3.574448e-02  1.148604e+01  4.699907e+05  1.376639e-01  3.036787e+57  2.732246e+46  2.491108e-06  3.816269e+97  1.000000e+00  1.000000e+00  1.000000e+00
3.562200e+00  8.206108e+02  7.700098e+04  3.599514e+02  3.562200e+00  2.151491e+00  2.151490e+00  1.000000e-06  1.062633e+01  1.062633e+01  1.508800e-02  0.000000e+00  2.990458e-01  5.773804e-01  5.773804e-01  3.201836e-02  8.925228e+00  4.937061e+05  1.372088e-01  3.143487e+57  2.723261e+46  2.345120e-06  2.825907e+97  1.000000e+00  1.000000e+00  1.000000e+00
3.562200e+00  8.686339e+02  7.700098e+04  4.079736e+02  3.562200e+00  2.200903e+00  2.200902e+00  1.000000e-06  1.059889e+01  1.059889e+01  1.507000e-02  0.000000e+00  3.067060e-01  6.083322e-01  6.083322e-01  2.872188e-02  7.055232e+00  5.154189e+05  1.366984e-01  3.230815e+57  2.713160e+46  2.128332e-06  2.094597e+97  1.000000e+00  1.000000e+00  1.000000e+00
3.562200e+00  9.230662e+02  7.700098e+04  4.624025e+02  3.562200e+00  2.242325e+00  2.242324e+00  1.000000e-06  1.055915e+01  1.055915e+01  1.504800e-02  0.000000e+00  3.136542e-01  6.380425e-01  6.380425e-01  2.580340e-02  5.666702e+00  5.362672e+05  1.361239e-01  3.307840e+57  2.701789e+46  1.836456e-06  1.607237e+97  1.000000e+00  1.000000e+00  1.000000e+00
3.562200e+00  9.847572e+02  7.700098e+04  5.240930e+02  3.562200e+00  2.275914e+00  2.275913e+00  1.000000e-06  1.050788e+01  1.050788e+01  1.502400e-02  0.000000e+00  3.199060e-01  6.662317e-01  6.662317e-01  2.325142e-02  4.626450e+00  5.561028e+05  1.354761e-01  3.374119e+57  2.688981e+46  1.539195e-06  1.198858e+97  1.000000e+00  1.000000e+00  1.000000e+00
3.562200e+00  1.054675e+03  7.700098e+04  5.940138e+02  3.562200e+00  2.301951e+00  2.301950e+00  1.000000e-06  1.044590e+01  1.044590e+01  1.499800e-02  0.000000e+00  3.254858e-01  6.926594e-01  6.926594e-01  2.102164e-02  3.836324e+00  5.747806e+05  1.347490e-01  3.429300e+57  2.674596e+46  1.278954e-06  7.813717e+96  1.000000e+00  1.000000e+00  1.000000e+00
3.562200e+00  1.133922e+03  7.700098e+04  6.732629e+02  3.562200e+00  2.320814e+00  2.320813e+00  1.000000e-06  1.037423e+01  1.037423e+01  1.496700e-02  0.000000e+00  3.304198e-01  7.171071e-01  7.171071e-01  1.907936e-02  3.229514e+00  5.907584e+05  1.339330e-01  3.462610e+57  2.658449e+46  9.697505e-07  4.955589e+96  1.000000e+00  1.000000e+00  1.000000e+00
3.562200e+00  1.223749e+03  7.700098e+04  7.630849e+02  3.562200e+00  2.332951e+00  2.332950e+00  1.000000e-06  1.029384e+01  1.029384e+01  1.493300e-02  0.000000e+00  3.347418e-01  7.394162e-01  7.394162e-01  1.739565e-02  2.759305e+00  6.067568e+05  1.330188e-01  3.495164e+57  2.640351e+46  5.882588e-07  3.095899e+96  1.000000e+00  1.000000e+00  1.000000e+00
3.562200e+00  1.325556e+03  7.700098e+04  8.648903e+02  3.562200e+00  2.338871e+00  2.338870e+00  1.000000e-06  1.020596e+01  1.020596e+01  1.489500e-02  0.000000e+00  3.384807e-01  7.594334e-01  7.594334e-01  1.593653e-02  2.391277e+00  6.199906e+05  1.319935e-01  3.507052e+57  2.620069e+46  2.209306e-07  8.339168e+95  1.000000e+00  1.000000e+00  1.000000e+00
3.562200e+00  1.440942e+03  7.700098e+04  9.802778e+02  3.562200e+00  2.339108e+00  2.339107e+00  1.000000e-06  1.011165e+01  1.011165e+01  1.485100e-02  0.000000e+00  3.416722e-01  7.770779e-01  7.770779e-01  1.467308e-02  2.100785e+00  6.317251e+05  1.308471e-01  3.508299e+57  2.597392e+46  -3.019855e-07  -7.364993e+95  -1.000000e+00  -1.000000e+00  1.000000e+00
3.562200e+00  1.571717e+03  7.700098e+04  1.111060e+03  3.562200e+00  2.334220e+00  2.334219e+00  1.000000e-06  1.001199e+01  1.001199e+01  1.480300e-02  0.000000e+00  3.443524e-01  7.923127e-01  7.923127e-01  1.359532e-02  1.871934e+00  6.406575e+05  1.295687e-01  3.490023e+57  2.572092e+46  -8.031083e-07  -1.528518e+96  -1.000000e+00  -1.000000e+00  1.000000e+00
3.562200e+00  1.719954e+03  7.700098e+04  1.259289e+03  3.562200e+00  2.324765e+00  2.324764e+00  1.000000e-06  9.908100e+00  9.908100e+00  1.474800e-02  0.000000e+00  3.465535e-01  8.051218e-01  8.051218e-01  1.266467e-02  1.689075e+00  6.495866e+05  1.281442e-01  3.473902e+57  2.543906e+46  -1.458807e-06  -1.507202e+96  -1.000000e+00  -1.000000e+00  1.000000e+00
3.562200e+00  1.887962e+03  7.700098e+04  1.427295e+03  3.562200e+00  2.311295e+00  2.311294e+00  1.000000e-06  9.801095e+00  9.801095e+00  1.468700e-02  0.000000e+00  3.483072e-01  8.155260e-01  8.155260e-01  1.187159e-02  1.543843e+00  6.570910e+05  1.265616e-01  3.449879e+57  2.512581e+46  -2.820173e-06  -2.099146e+96  -1.000000e+00  -1.000000e+00  1.000000e+00
3.562200e+00  2.078381e+03  7.700098e+04  1.617714e+03  3.562200e+00  2.294349e+00  2.294348e+00  1.000000e-06  9.692055e+00  9.692055e+00  1.461900e-02  0.000000e+00  3.496433e-01  8.235752e-01  8.235752e-01  1.119033e-02  1.427604e+00  6.619541e+05  1.248064e-01  3.409274e+57  2.477844e+46  -4.619033e-06  -2.509611e+96  -1.000000e+00  -1.000000e+00  1.000000e+00
3.562200e+00  2.294199e+03  7.700098e+04  1.833538e+03  3.562200e+00  2.274441e+00  2.274441e+00  1.000000e-06  9.581862e+00  9.581862e+00  1.454300e-02  0.000000e+00  3.505956e-01  8.293774e-01  8.293774e-01  1.061058e-02  1.335401e+00  6.655947e+05  1.228657e-01  3.363281e+57  2.439431e+46  -5.738384e-06  -2.229212e+96  -1.000000e+00  -1.000000e+00  1.000000e+00
3.562200e+00  2.538819e+03  7.700098e+04  2.078156e+03  3.562200e+00  2.252062e+00  2.252061e+00  1.000000e-06  9.471514e+00  9.471514e+00  1.445800e-02  0.000000e+00  3.511904e-01  8.330295e-01  8.330295e-01  1.011914e-02  1.262810e+00  6.693156e+05  1.207281e-01  3.322034e+57  2.397099e+46  -1.447329e-05  -2.067944e+96  -1.000000e+00  -1.000000e+00  1.000000e+00
3.562200e+00  2.816077e+03  7.700098e+04  2.355409e+03  3.562200e+00  2.227676e+00  2.227675e+00  1.000000e-06  9.362026e+00  9.362026e+00  1.436300e-02  0.000000e+00  3.514502e-01  8.346322e-01  8.346322e-01  9.707628e-03  1.206977e+00  6.706997e+05  1.183768e-01  3.267720e+57  2.350555e+46  -5.717962e-05  -2.117775e+96  -1.000000e+00  -1.000000e+00  1.000000e+00
3.562200e+00  3.130319e+03  7.700098e+04  2.669651e+03  3.562200e+00  2.201712e+00  2.201711e+00  1.000000e-06  9.254005e+00  9.254005e+00  1.425800e-02  0.000000e+00  3.514086e-01  8.343755e-01  8.343755e-01  9.363846e-03  1.164933e+00  6.710810e+05  1.158021e-01  3.210550e+57  2.299590e+46  -4.110371e-04  -1.909556e+96  -1.000000e+00  -1.000000e+00  1.000000e+00
3.562200e+00  3.486480e+03  7.700098e+04  3.025817e+03  3.562200e+00  2.174572e+00  2.174571e+00  1.000000e-06  9.148321e+00  9.148321e+00  1.414200e-02  0.000000e+00  3.510864e-01  8.323894e-01  8.323894e-01  9.081353e-03  1.134990e+00  6.705654e+05  1.129964e-01  3.151469e+57  2.244032e+46  4.379571e-05  -1.688948e+96  1.000000e+00  -1.000000e+00  1.000000e+00
3.562200e+00  3.890162e+03  7.700098e+04  3.429500e+03  3.562200e+00  2.146628e+00  2.146627e+00  1.000000e-06  9.045732e+00  9.045732e+00  1.401400e-02  0.000000e+00  3.505054e-01  8.288252e-01  8.288252e-01  8.854527e-03  1.115839e+00  6.692555e+05  1.099516e-01  3.091316e+57  2.183724e+46  1.845911e-05  -1.471310e+96  1.000000e+00  -1.000000e+00  1.000000e+00
3.562200e+00  4.347708e+03  7.700098e+04  3.887040e+03  3.562200e+00  2.118217e+00  2.118216e+00  1.000000e-06  8.946737e+00  8.946737e+00  1.387300e-02  0.000000e+00  3.496933e-01  8.238783e-01  8.238783e-01  8.676413e-03  1.106142e+00  6.672280e+05  1.066607e-01  3.030650e+57  2.118551e+46  1.262175e-05  -1.264681e+96  1.000000e+00  -1.000000e+00  1.000000e+00
3.562200e+00  4.866291e+03  7.700098e+04  4.405622e+03  3.562200e+00  2.089652e+00  2.089651e+00  1.000000e-06  8.851975e+00  8.851975e+00  1.371800e-02  0.000000e+00  3.486706e-01  8.177050e-01  8.177050e-01  8.542116e-03  1.105082e+00  6.645852e+05  1.031273e-01  2.970179e+57  2.048542e+46  9.278248e-06  -1.128233e+96  1.000000e+00  -1.000000e+00  1.000000e+00
3.562200e+00  5.454054e+03  7.700098e+04  4.993389e+03  3.562200e+00  2.061213e+00  2.061212e+00  1.000000e-06  8.761793e+00  8.761793e+00  1.354800e-02  0.000000e+00  3.474653e-01  8.105089e-01  8.105089e-01  8.447773e-03  1.111991e+00  6.604560e+05  9.934965e-02  2.903258e+57  1.973710e+46  7.387550e-06  -9.579883e+95  1.000000e+00  -1.000000e+00  1.000000e+00
3.562200e+00  6.120229e+03  7.700098e+04  5.659571e+03  3.562200e+00  2.033158e+00  2.033157e+00  1.000000e-06  8.676776e+00  8.676776e+00  1.336300e-02  0.000000e+00  3.460942e-01  8.024265e-01  8.024265e-01  8.387839e-03  1.126114e+00  6.568693e+05  9.534057e-02  2.844926e+57  1.894267e+46  7.412392e-06  -7.403616e+95  1.000000e+00  -1.000000e+00  1.000000e+00
3.562200e+00  6.875298e+03  7.700098e+04  6.414631e+03  3.562200e+00  2.005716e+00  2.005716e+00  1.000000e-06  8.597203e+00  8.597203e+00  1.316300e-02  0.000000e+00  3.445831e-01  7.936423e-01  7.936423e-01  8.362808e-03  1.147602e+00  6.529279e+05  9.111286e-02  2.788289e+57  1.810474e+46  6.651900e-06  -6.046766e+95  1.000000e+00  -1.000000e+00  1.000000e+00
3.562200e+00  7.731096e+03  7.700098e+04  7.270426e+03  3.562200e+00  1.979094e+00  1.979094e+00  1.000000e-06  8.523375e+00  8.523375e+00  1.294600e-02  0.000000e+00  3.429545e-01  7.843179e-01  7.843179e-01  8.365992e-03  1.175569e+00  6.487156e+05  8.668641e-02  2.733754e+57  1.722725e+46  5.684095e-06  -5.125555e+95  1.000000e+00  -1.000000e+00  1.000000e+00
3.562200e+00  8.701063e+03  7.700098e+04  8.240395e+03  3.562200e+00  1.953474e+00  1.953473e+00  1.000000e-06  8.455511e+00  8.455511e+00  1.271200e-02  0.000000e+00  3.412316e-01  7.746103e-01  7.746103e-01  8.394321e-03  1.209614e+00  6.434799e+05  8.208725e-02  2.675438e+57  1.631533e+46  5.180772e-06  -4.147440e+95  1.000000e+00  -1.000000e+00  1.000000e+00
3.562200e+00  9.800430e+03  7.700098e+04  9.339770e+03  3.562200e+00  1.929015e+00  1.929015e+00  1.000000e-06  8.393769e+00  8.393769e+00  1.246300e-02  0.000000e+00  3.394379e-01  7.646697e-01  7.646697e-01  8.446269e-03  1.249599e+00  6.389741e+05  7.734695e-02  2.626190e+57  1.537522e+46  5.255075e-06  -3.047228e+95  1.000000e+00  -1.000000e+00  1.000000e+00
3.562200e+00  1.104648e+04  7.700098e+04  1.058582e+04  3.562200e+00  1.905858e+00  1.905858e+00  0.000000e+00  8.338235e+00  8.338235e+00  1.219700e-02  0.000000e+00  3.375966e-01  7.546377e-01  7.546377e-01  8.517300e-03  1.294830e+00  6.344156e+05  7.250225e-02  2.579881e+57  1.441420e+46  4.932862e-06  -2.363720e+95  1.000000e+00  -1.000000e+00  1.000000e+00
3.562200e+00  1.245877e+04  7.700098e+04  1.199810e+04  3.562200e+00  1.884123e+00  1.884123e+00  0.000000e+00  8.289000e+00  8.289000e+00  1.191500e-02  0.000000e+00  3.357290e-01  7.446346e-01  7.446346e-01  8.607574e-03  1.345381e+00  6.298745e+05  6.759542e-02  2.536744e+57  1.344054e+46  4.359761e-06  -1.914986e+95  1.000000e+00  -1.000000e+00  1.000000e+00
3.562200e+00  1.405947e+04  7.700098e+04  1.359880e+04  3.562200e+00  1.863907e+00  1.863906e+00  0.000000e+00  8.245921e+00  8.245921e+00  1.161800e-02  0.000000e+00  3.338617e-01  7.348027e-01  7.348027e-01  8.710157e-03  1.399943e+00  6.246493e+05  6.266876e-02  2.491233e+57  1.246284e+46  4.100415e-06  -1.474853e+95  1.000000e+00  -1.000000e+00  1.000000e+00
3.562200e+00  1.587372e+04  7.700098e+04  1.541306e+04  3.562200e+00  1.845288e+00  1.845287e+00  0.000000e+00  8.208990e+00  8.208990e+00  1.130700e-02  0.000000e+00  3.320137e-01  7.252341e-01  7.252341e-01  8.822263e-03  1.457834e+00  6.203117e+05  5.777064e-02  2.454820e+57  1.149048e+46  4.179617e-06  -1.009615e+95  1.000000e+00  -1.000000e+00  1.000000e+00
3.562200e+00  1.793002e+04  7.700098e+04  1.746936e+04  3.562200e+00  1.828327e+00  1.828326e+00  0.000000e+00  8.178055e+00  8.178055e+00  1.098300e-02  0.000000e+00  3.302063e-01  7.160276e-01  7.160276e-01  8.943867e-03  1.518823e+00  6.161457e+05  5.294699e-02  2.421878e+57  1.053262e+46  3.957600e-06  -7.377194e+94  1.000000e+00  -1.000000e+00  1.000000e+00
3.562200e+00  2.025605e+04  7.700098e+04  1.979538e+04  3.562200e+00  1.813088e+00  1.813088e+00  0.000000e+00  8.152892e+00  8.152892e+00  1.064800e-02  0.000000e+00  3.284648e-01  7.072944e-01  7.072944e-01  9.068368e-03  1.581218e+00  6.121872e+05  4.825011e-02  2.392325e+57  9.599779e+45  3.849614e-06  -5.914397e+94  1.000000e+00  -1.000000e+00  1.000000e+00
4.893900e+00  1.030404e+02  7.823489e+04  1.000000e+00  4.893900e+00  1.168200e-01  1.168190e-01  2.000000e-06  1.612428e+01  1.612428e+01  1.761200e-02  1.300000e-05  1.070088e-02  1.087577e-02  1.087577e-02  2.368275e-02  1.125252e+08  1.756072e+04  2.217128e-01  1.469128e+56  4.915011e+46  6.516785e-06  5.634335e+97  1.000000e+00  1.000000e+00  0.000000e+00
4.893900e+00  1.076573e+02  7.823489e+04  1.133400e+00  4.893900e+00  1.256180e-01  1.256170e-01  2.000000e-06  1.535732e+01  1.535732e+01  1.761100e-02  1.200000e-05  1.208146e-02  1.230491e-02  1.230491e-02  2.827668e-02  7.323839e+07  1.891079e+04  2.216914e-01  1.581046e+56  4.914536e+46  6.510833e-06  5.438521e+97  1.000000e+00  1.000000e+00  0.000000e+00
4.893900e+00  1.131115e+02  7.823489e+04  1.284600e+00  4.893900e+00  1.353910e-01  1.353890e-01  2.000000e-06  1.473169e+01  1.473169e+01  1.761100e-02  1.100000e-05  1.357430e-02  1.385709e-02  1.385709e-02  3.353467e-02  4.850832e+07  2.041322e+04  2.216662e-01  1.703256e+56  4.913974e+46  6.496870e-06  5.194811e+97  1.000000e+00  1.000000e+00  0.000000e+00
4.893900e+00  1.191072e+02  7.823489e+04  1.456000e+00  4.893900e+00  1.461750e-01  1.461740e-01  2.000000e-06  1.421248e+01  1.421248e+01  1.761000e-02  1.000000e-05  1.519100e-02  1.554615e-02  1.554615e-02  3.939777e-02  3.246738e+07  2.207532e+04  2.216373e-01  1.836940e+56  4.913343e+46  6.479754e-06  5.448887e+97  1.000000e+00  1.000000e+00  0.000000e+00
4.893900e+00  1.250167e+02  7.823489e+04  1.650300e+00  4.893900e+00  1.579620e-01  1.579600e-01  2.000000e-06  1.377975e+01  1.377975e+01  1.760900e-02  9.000000e-06  1.693139e-02  1.737390e-02  1.737390e-02  4.575199e-02  2.192082e+07  2.389704e+04  2.216097e-01  1.982259e+56  4.912727e+46  6.460463e-06  5.649763e+97  1.000000e+00  1.000000e+00  0.000000e+00
4.893900e+00  1.316026e+02  7.823489e+04  1.870400e+00  4.893900e+00  1.708360e-01  1.708350e-01  1.000000e-06  1.341651e+01  1.341651e+01  1.760800e-02  9.000000e-06  1.880711e-02  1.935487e-02  1.935487e-02  5.252448e-02  1.488193e+07  2.589303e+04  2.215777e-01  2.140436e+56  4.912025e+46  6.439242e-06  5.938531e+97  1.000000e+00  1.000000e+00  0.000000e+00
4.893900e+00  1.379494e+02  7.823489e+04  2.120000e+00  4.893900e+00  1.848390e-01  1.848370e-01  1.000000e-06  1.311068e+01  1.311068e+01  1.760800e-02  8.000000e-06  2.082328e-02  2.149712e-02  2.149712e-02  5.959728e-02  1.014819e+07  2.807159e+04  2.215504e-01  2.312128e+56  4.911382e+46  6.414148e-06  5.148065e+97  1.000000e+00  1.000000e+00  0.000000e+00
4.893900e+00  1.527256e+02  7.823489e+04  2.402800e+00  4.893900e+00  1.978550e-01  1.978540e-01  1.000000e-06  1.287604e+01  1.287604e+01  1.760600e-02  8.000000e-06  2.269585e-02  2.349894e-02  2.349894e-02  6.574887e-02  7.278867e+06  3.010483e+04  2.214823e-01  2.471360e+56  4.909880e+46  6.388349e-06  6.700660e+97  1.000000e+00  1.000000e+00  0.000000e+00
4.893900e+00  1.576382e+02  7.823489e+04  2.723400e+00  4.893900e+00  2.118800e-01  2.118780e-01  1.000000e-06  1.265822e+01  1.265822e+01  1.760500e-02  7.000000e-06  2.472286e-02  2.567917e-02  2.567917e-02  7.184129e-02  5.185477e+06  3.230523e+04  2.214540e-01  2.642631e+56  4.909288e+46  6.362257e-06  8.629665e+97  1.000000e+00  1.000000e+00  0.000000e+00
4.893900e+00  1.627167e+02  7.823489e+04  3.086700e+00  4.893900e+00  2.283100e-01  2.283090e-01  1.000000e-06  1.245611e+01  1.245611e+01  1.760500e-02  7.000000e-06  2.707227e-02  2.822371e-02  2.822371e-02  7.849353e-02  3.598496e+06  3.489322e+04  2.214301e-01  2.843498e+56  4.908728e+46  6.335924e-06  9.740759e+97  1.000000e+00  1.000000e+00  0.000000e+00
4.893900e+00  1.679681e+02  7.823489e+04  3.498500e+00  4.893900e+00  2.473590e-01  2.473580e-01  1.000000e-06  1.227885e+01  1.227885e+01  1.760400e-02  6.000000e-06  2.975449e-02  3.115196e-02  3.115196e-02  8.563277e-02  2.447859e+06  3.790683e+04  2.213988e-01  3.076915e+56  4.908073e+46  6.306939e-06  1.089220e+98  1.000000e+00  1.000000e+00  0.000000e+00
4.893900e+00  1.734000e+02  7.823489e+04  3.965200e+00  4.893900e+00  2.692330e-01  2.692320e-01  1.000000e-06  1.213105e+01  1.213105e+01  1.760300e-02  6.000000e-06  3.278023e-02  3.448547e-02  3.448547e-02  9.313181e-02  1.640385e+06  4.138400e+04  2.213698e-01  3.345713e+56  4.907426e+46  6.274574e-06  1.207388e+98  1.000000e+00  1.000000e+00  0.000000e+00
4.893900e+00  1.790190e+02  7.823489e+04  4.494300e+00  4.893900e+00  2.941360e-01  2.941350e-01  1.000000e-06  1.201447e+01  1.201447e+01  1.760200e-02  5.000000e-06  3.615979e-02  3.824729e-02  3.824729e-02  1.008274e-01  1.087323e+06  4.536461e+04  2.213379e-01  3.652782e+56  4.906729e+46  6.238251e-06  1.328004e+98  1.000000e+00  1.000000e+00  0.000000e+00
4.893900e+00  1.848335e+02  7.823489e+04  5.093900e+00  4.893900e+00  3.222740e-01  3.222720e-01  1.000000e-06  1.192889e+01  1.192889e+01  1.760100e-02  5.000000e-06  3.990311e-02  4.246229e-02  4.246229e-02  1.085423e-01  7.152769e+05  4.988985e+04  2.213059e-01  4.001078e+56  4.906011e+46  6.198374e-06  1.450432e+98  1.000000e+00  1.000000e+00  0.000000e+00
4.893900e+00  1.908524e+02  7.823489e+04  5.773400e+00  4.893900e+00  3.538510e-01  3.538500e-01  1.000000e-06  1.187288e+01  1.187288e+01  1.760000e-02  4.000000e-06  4.401960e-02  4.715727e-02  4.715727e-02  1.160547e-01  4.681040e+05  5.500249e+04  2.212732e-01  4.393574e+56  4.905263e+46  6.153723e-06  1.574304e+98  1.000000e+00  1.000000e+00  0.000000e+00
4.893900e+00  1.970844e+02  7.823489e+04  6.543700e+00  4.893900e+00  3.890720e-01  3.890710e-01  1.000000e-06  1.184425e+01  1.184425e+01  1.759900e-02  4.000000e-06  4.851816e-02  5.236127e-02  5.236127e-02  1.231795e-01  3.054430e+05  6.074971e+04  2.212336e-01  4.833535e+56  4.904420e+46  6.104403e-06  1.698714e+98  1.000000e+00  1.000000e+00  0.000000e+00
4.893900e+00  2.035396e+02  7.823489e+04  7.416700e+00  4.893900e+00  4.281370e-01  4.281360e-01  1.000000e-06  1.184040e+01  1.184040e+01  1.759800e-02  3.000000e-06  5.340699e-02  5.810567e-02  5.810567e-02  1.297082e-01  1.990141e+05  6.717740e+04  2.211940e-01  5.323996e+56  4.903548e+46  6.050512e-06  1.823441e+98  1.000000e+00  1.000000e+00  0.000000e+00
4.893900e+00  2.102287e+02  7.823489e+04  8.406200e+00  4.893900e+00  4.712370e-01  4.712360e-01  1.000000e-06  1.185860e+01  1.185860e+01  1.759700e-02  3.000000e-06  5.869319e-02  6.442407e-02  6.442407e-02  1.354671e-01  1.296596e+05  7.433649e+04  2.211522e-01  5.868337e+56  4.902625e+46  5.991400e-06  1.947574e+98  1.000000e+00  1.000000e+00  0.000000e+00
4.893900e+00  2.171631e+02  7.823489e+04  9.527700e+00  4.893900e+00  5.185500e-01  5.185480e-01  1.000000e-06  1.189606e+01  1.189606e+01  1.759600e-02  3.000000e-06  6.438266e-02  7.135258e-02  7.135258e-02  1.402941e-01  8.454799e+04  8.227576e+04  2.211077e-01  6.469558e+56  4.901642e+46  5.904221e-06  1.957158e+98  1.000000e+00  1.000000e+00  0.000000e+00
4.893900e+00  4.714565e+02  7.823489e+04  1.079880e+01  4.893900e+00  5.333710e-01  5.333700e-01  1.000000e-06  1.187642e+01  1.187642e+01  1.756600e-02  3.000000e-06  6.633238e-02  7.375822e-02  7.375822e-02  1.419684e-01  7.370100e+04  8.479352e+04  2.199963e-01  6.658148e+56  4.877095e+46  6.580593e-06  -2.149280e+98  1.000000e+00  -1.000000e+00  1.000000e+00
4.893900e+00  4.728972e+02  7.823489e+04  1.223950e+01  4.893900e+00  5.229600e-01  5.229580e-01  1.000000e-06  1.177179e+01  1.177179e+01  1.756600e-02  3.000000e-06  6.561562e-02  7.287198e-02  7.287198e-02  1.402293e-01  7.686064e+04  8.308982e+04  2.199716e-01  6.523222e+56  4.876550e+46  6.261407e-06  -1.842065e+98  1.000000e+00  -1.000000e+00  1.000000e+00
4.893900e+00  4.745300e+02  7.823489e+04  1.387240e+01  4.893900e+00  5.149520e-01  5.149500e-01  1.000000e-06  1.163296e+01  1.163296e+01  1.756500e-02  3.000000e-06  6.538196e-02  7.258354e-02  7.258354e-02  1.372512e-01  7.658464e+04  8.183311e+04  2.199468e-01  6.418453e+56  4.875965e+46  7.008733e-06  -1.141489e+98  1.000000e+00  -1.000000e+00  1.000000e+00
4.893900e+00  4.763807e+02  7.823489e+04  1.572320e+01  4.893900e+00  5.103350e-01  5.103330e-01  1.000000e-06  1.146443e+01  1.146443e+01  1.756400e-02  3.000000e-06  6.574825e-02  7.303580e-02  7.303580e-02  1.333750e-01  7.236910e+04  8.120304e+04  2.199152e-01  6.357616e+56  4.875265e+46  -3.061341e-06  -4.277400e+97  -1.000000e+00  -1.000000e+00  1.000000e+00
4.893900e+00  4.784787e+02  7.823489e+04  1.782080e+01  4.893900e+00  5.102540e-01  5.102520e-01  1.000000e-06  1.127158e+01  1.127158e+01  1.756300e-02  3.000000e-06  6.686258e-02  7.441522e-02  7.441522e-02  1.289657e-01  6.433682e+04  8.135673e+04  2.198789e-01  6.352753e+56  4.874468e+46  1.005130e-07  2.811148e+97  1.000000e+00  1.000000e+00  1.000000e+00
4.893900e+00  4.808563e+02  7.823489e+04  2.019840e+01  4.893900e+00  5.158870e-01  5.158860e-01  1.000000e-06  1.106269e+01  1.106269e+01  1.756200e-02  3.000000e-06  6.887724e-02  7.692269e-02  7.692269e-02  1.244152e-01  5.350632e+04  8.251895e+04  2.198355e-01  6.420807e+56  4.873540e+46  5.013306e-06  9.646542e+97  1.000000e+00  1.000000e+00  1.000000e+00
4.893900e+00  4.835509e+02  7.823489e+04  2.289310e+01  4.893900e+00  5.283590e-01  5.283570e-01  1.000000e-06  1.084886e+01  1.084886e+01  1.756100e-02  3.000000e-06  7.193270e-02  8.075929e-02  8.075929e-02  1.201200e-01  4.158056e+04  8.485172e+04  2.197891e-01  6.573949e+56  4.872518e+46  5.309897e-06  1.632089e+98  1.000000e+00  1.000000e+00  1.000000e+00
4.893900e+00  4.866048e+02  7.823489e+04  2.594730e+01  4.893900e+00  5.486230e-01  5.486220e-01  1.000000e-06  1.064251e+01  1.064251e+01  1.756000e-02  3.000000e-06  7.613981e-02  8.610969e-02  8.610969e-02  1.163653e-01  3.031618e+04  8.871169e+04  2.197382e-01  6.838596e+56  4.871378e+46  5.364156e-06  2.191773e+98  1.000000e+00  1.000000e+00  1.000000e+00
4.893900e+00  4.900671e+02  7.823489e+04  2.940900e+01  4.893900e+00  5.773870e-01  5.773850e-01  1.000000e-06  1.045617e+01  1.045617e+01  1.755800e-02  3.000000e-06  8.155979e-02  9.312114e-02  9.312114e-02  1.133188e-01  2.093276e+04  9.392396e+04  2.196776e-01  7.201079e+56  4.870055e+46  5.485203e-06  2.619256e+98  1.000000e+00  1.000000e+00  1.000000e+00
4.893900e+00  4.939909e+02  7.823489e+04  3.333260e+01  4.893900e+00  6.150710e-01  6.150700e-01  1.000000e-06  1.029981e+01  1.029981e+01  1.755600e-02  2.000000e-06  8.820187e-02  1.019016e-01  1.019016e-01  1.109510e-01  1.385659e+04  1.008499e+05  2.196106e-01  7.687204e+56  4.868574e+46  5.447962e-06  2.978909e+98  1.000000e+00  1.000000e+00  1.000000e+00
4.893900e+00  4.984378e+02  7.823489e+04  3.777960e+01  4.893900e+00  6.618140e-01  6.618130e-01  1.000000e-06  1.017919e+01  1.017919e+01  1.755400e-02  2.000000e-06  9.602944e-02  1.125259e-01  1.125259e-01  1.091346e-01  8.909362e+03  1.094164e+05  2.195376e-01  8.289908e+56  4.866926e+46  5.350411e-06  3.267943e+98  1.000000e+00  1.000000e+00  1.000000e+00
4.893900e+00  5.034775e+02  7.823489e+04  4.281980e+01  4.893900e+00  7.175040e-01  7.175030e-01  1.000000e-06  1.009604e+01  1.009604e+01  1.755200e-02  2.000000e-06  1.049676e-01  1.250417e-01  1.250417e-01  1.076212e-01  5.630224e+03  1.200885e+05  2.194487e-01  9.041770e+56  4.864995e+46  5.231114e-06  3.446813e+98  1.000000e+00  1.000000e+00  1.000000e+00
4.893900e+00  5.091908e+02  7.823489e+04  4.853260e+01  4.893900e+00  7.818060e-01  7.818050e-01  1.000000e-06  1.004881e+01  1.004881e+01  1.754900e-02  2.000000e-06  1.149122e-01  1.394759e-01  1.394759e-01  1.061040e-01  3.530263e+03  1.323462e+05  2.193512e-01  9.901158e+56  4.862842e+46  5.168291e-06  3.494145e+98  1.000000e+00  1.000000e+00  1.000000e+00
4.893900e+00  5.156662e+02  7.823489e+04  5.500740e+01  4.893900e+00  8.541790e-01  8.541770e-01  1.000000e-06  1.003386e+01  1.003386e+01  1.754600e-02  2.000000e-06  1.257368e-01  1.558366e-01  1.558366e-01  1.042783e-01  2.212037e+03  1.465981e+05  2.192404e-01  1.089556e+57  4.860398e+46  5.056321e-06  3.484730e+98  1.000000e+00  1.000000e+00  1.000000e+00
4.893900e+00  5.230050e+02  7.823489e+04  6.234610e+01  4.893900e+00  9.338950e-01  9.338930e-01  1.000000e-06  1.004646e+01  1.004646e+01  1.754300e-02  2.000000e-06  1.372987e-01  1.741145e-01  1.741145e-01  1.018320e-01  1.391419e+03  1.624395e+05  2.191154e-01  1.199098e+57  4.857636e+46  5.007651e-06  3.353762e+98  1.000000e+00  1.000000e+00  1.000000e+00
4.893900e+00  5.313221e+02  7.823489e+04  7.066390e+01  4.893900e+00  1.020050e+00  1.020049e+00  1.000000e-06  1.008104e+01  1.008104e+01  1.753900e-02  1.000000e-06  1.494506e-01  1.942916e-01  1.942916e-01  9.868881e-02  8.824454e+02  1.797366e+05  2.189759e-01  1.317343e+57  4.854530e+46  4.816495e-06  3.266515e+98  1.000000e+00  1.000000e+00  1.000000e+00
4.893900e+00  5.407496e+02  7.823489e+04  8.009140e+01  4.893900e+00  1.111571e+00  1.111569e+00  1.000000e-06  1.013201e+01  1.013201e+01  1.753500e-02  1.000000e-06  1.620404e-01  2.163334e-01  2.163334e-01  9.471745e-02  5.652281e+02  1.995097e+05  2.188135e-01  1.451505e+57  4.850967e+46  4.592675e-06  3.147422e+98  1.000000e+00  1.000000e+00  1.000000e+00
4.893900e+00  5.514360e+02  7.823489e+04  9.077660e+01  4.893900e+00  1.207237e+00  1.207235e+00  1.000000e-06  1.019412e+01  1.019412e+01  1.753000e-02  1.000000e-06  1.749139e-01  2.401830e-01  2.401830e-01  9.004677e-02  3.666534e+02  2.205141e+05  2.186333e-01  1.591803e+57  4.846972e+46  4.526119e-06  2.872681e+98  1.000000e+00  1.000000e+00  1.000000e+00
4.893900e+00  5.635472e+02  7.823489e+04  1.028874e+02  4.893900e+00  1.305709e+00  1.305708e+00  1.000000e-06  1.026256e+01  1.026256e+01  1.752500e-02  1.000000e-06  1.879198e-01  2.657615e-01  2.657615e-01  8.471007e-02  2.409808e+02  2.424142e+05  2.184267e-01  1.735261e+57  4.842423e+46  4.402670e-06  2.609543e+98  1.000000e+00  1.000000e+00  1.000000e+00
4.893900e+00  5.772730e+02  7.823489e+04  1.166139e+02  4.893900e+00  1.405568e+00  1.405567e+00  1.000000e-06  1.033312e+01  1.033312e+01  1.751800e-02  1.000000e-06  2.009104e-01  2.929577e-01  2.929577e-01  7.895963e-02  1.608060e+02  2.656193e+05  2.181942e-01  1.884513e+57  4.837288e+46  4.145446e-06  2.418835e+98  1.000000e+00  1.000000e+00  1.000000e+00
4.893900e+00  5.928297e+02  7.823489e+04  1.321717e+02  4.893900e+00  1.505356e+00  1.505354e+00  1.000000e-06  1.040200e+01  1.040200e+01  1.751100e-02  1.000000e-06  2.137490e-01  3.216349e-01  3.216349e-01  7.291622e-02  1.089471e+02  2.907252e+05  2.179324e-01  2.043542e+57  4.831492e+46  3.950168e-06  2.175422e+98  1.000000e+00  1.000000e+00  1.000000e+00
4.893900e+00  6.104652e+02  7.823489e+04  1.498051e+02  4.893900e+00  1.603633e+00  1.603631e+00  1.000000e-06  1.046615e+01  1.046615e+01  1.750300e-02  1.000000e-06  2.263078e-01  3.516174e-01  3.516174e-01  6.681425e-02  7.503732e+01  3.157592e+05  2.176340e-01  2.197235e+57  4.824914e+46  3.844253e-06  1.865319e+98  1.000000e+00  1.000000e+00  1.000000e+00
4.893900e+00  6.304521e+02  7.823489e+04  1.697911e+02  4.893900e+00  1.699018e+00  1.699016e+00  1.000000e-06  1.052291e+01  1.052291e+01  1.749400e-02  1.000000e-06  2.384754e-01  3.827024e-01  3.827024e-01  6.080514e-02  5.255784e+01  3.411160e+05  2.173002e-01  2.348187e+57  4.817512e+46  3.609834e-06  1.639455e+98  1.000000e+00  1.000000e+00  1.000000e+00
4.893900e+00  6.531038e+02  7.823489e+04  1.924434e+02  4.893900e+00  1.790247e+00  1.790246e+00  1.000000e-06  1.057031e+01  1.057031e+01  1.748400e-02  1.000000e-06  2.501538e-01  4.146488e-01  4.146488e-01  5.502698e-02  3.744982e+01  3.675477e+05  2.169179e-01  2.501824e+57  4.809094e+46  3.372766e-06  1.424564e+98  1.000000e+00  1.000000e+00  1.000000e+00
4.893900e+00  6.787757e+02  7.823489e+04  2.181178e+02  4.893900e+00  1.876202e+00  1.876200e+00  1.000000e-06  1.060670e+01  1.060670e+01  1.747300e-02  1.000000e-06  2.612647e-01  4.471937e-01  4.471937e-01  4.958053e-02  2.715316e+01  3.936338e+05  2.164899e-01  2.647305e+57  4.799623e+46  3.148536e-06  1.209731e+98  1.000000e+00  1.000000e+00  1.000000e+00
4.893900e+00  7.078781e+02  7.823489e+04  2.472176e+02  4.893900e+00  1.955939e+00  1.955938e+00  1.000000e-06  1.063096e+01  1.063096e+01  1.745900e-02  1.000000e-06  2.717469e-01  4.800508e-01  4.800508e-01  4.452840e-02  2.003256e+01  4.202197e+05  2.160035e-01  2.791041e+57  4.788896e+46  2.996203e-06  9.851494e+97  1.000000e+00  1.000000e+00  1.000000e+00
4.893900e+00  7.408620e+02  7.823489e+04  2.801996e+02  4.893900e+00  2.028718e+00  2.028716e+00  1.000000e-06  1.064256e+01  1.064256e+01  1.744500e-02  1.000000e-06  2.815510e-01  5.128991e-01  5.128991e-01  3.991561e-02  1.504115e+01  4.445324e+05  2.154563e-01  2.912250e+57  4.776805e+46  2.784935e-06  7.941645e+97  1.000000e+00  1.000000e+00  1.000000e+00
4.893900e+00  7.782441e+02  7.823489e+04  3.175819e+02  4.893900e+00  2.093994e+00  2.093993e+00  1.000000e-06  1.064103e+01  1.064103e+01  1.742800e-02  1.000000e-06  2.906521e-01  5.454350e-01  5.454350e-01  3.574890e-02  1.148956e+01  4.699630e+05  2.148419e-01  3.036672e+57  4.763194e+46  2.491483e-06  6.649464e+97  1.000000e+00  1.000000e+00  1.000000e+00
4.893900e+00  8.206108e+02  7.823489e+04  3.599514e+02  4.893900e+00  2.151423e+00  2.151421e+00  1.000000e-06  1.062636e+01  1.062636e+01  1.740900e-02  1.000000e-06  2.990355e-01  5.773400e-01  5.773400e-01  3.202247e-02  8.927892e+00  4.936821e+05  2.141421e-01  3.143402e+57  4.747774e+46  2.345608e-06  4.923851e+97  1.000000e+00  1.000000e+00  1.000000e+00
4.893900e+00  8.686339e+02  7.823489e+04  4.079736e+02  4.893900e+00  2.200847e+00  2.200845e+00  1.000000e-06  1.059889e+01  1.059889e+01  1.738800e-02  1.000000e-06  3.066981e-01  6.082997e-01  6.082997e-01  2.871753e-02  7.055207e+00  5.153934e+05  2.133605e-01  3.230718e+57  4.730468e+46  2.128721e-06  3.649959e+97  1.000000e+00  1.000000e+00  1.000000e+00
4.893900e+00  9.230662e+02  7.823489e+04  4.624025e+02  4.893900e+00  2.242281e+00  2.242279e+00  1.000000e-06  1.055921e+01  1.055921e+01  1.736400e-02  1.000000e-06  3.136463e-01  6.380077e-01  6.380077e-01  2.580695e-02  5.668102e+00  5.362475e+05  2.124737e-01  3.307787e+57  4.710910e+46  1.836660e-06  2.801597e+97  1.000000e+00  1.000000e+00  1.000000e+00
4.893900e+00  9.847572e+02  7.823489e+04  5.240930e+02  4.893900e+00  2.275881e+00  2.275879e+00  1.000000e-06  1.050794e+01  1.050794e+01  1.733700e-02  1.000000e-06  3.198993e-01  6.662008e-01  6.662008e-01  2.325250e-02  4.627110e+00  5.560847e+05  2.114791e-01  3.374076e+57  4.688939e+46  1.539550e-06  2.089401e+97  1.000000e+00  1.000000e+00  1.000000e+00
4.893900e+00  1.054675e+03  7.823489e+04  5.940138e+02  4.893900e+00  2.301926e+00  2.301924e+00  1.000000e-06  1.044598e+01  1.044598e+01  1.730600e-02  1.000000e-06  3.254796e-01  6.926293e-01  6.926293e-01  2.102792e-02  3.837718e+00  5.747642e+05  2.103616e-01  3.429269e+57  4.664246e+46  1.279315e-06  1.362005e+97  1.000000e+00  1.000000e+00  1.000000e+00
4.893900e+00  1.133922e+03  7.823489e+04  6.732629e+02  4.893900e+00  2.320797e+00  2.320795e+00  1.000000e-06  1.037431e+01  1.037431e+01  1.727100e-02  1.000000e-06  3.304147e-01  7.170816e-01  7.170816e-01  1.908243e-02  3.230288e+00  5.907437e+05  2.091066e-01  3.462590e+57  4.636518e+46  9.701725e-07  8.637785e+96  1.000000e+00  1.000000e+00  1.000000e+00
4.893900e+00  1.223749e+03  7.823489e+04  7.630849e+02  4.893900e+00  2.332942e+00  2.332940e+00  1.000000e-06  1.029389e+01  1.029389e+01  1.723300e-02  1.000000e-06  3.347389e-01  7.394006e-01  7.394006e-01  1.739742e-02  2.759749e+00  6.067418e+05  2.076993e-01  3.495139e+57  4.605423e+46  5.886787e-07  5.398640e+96  1.000000e+00  1.000000e+00  1.000000e+00
4.893900e+00  1.325556e+03  7.823489e+04  8.648903e+02  4.893900e+00  2.338867e+00  2.338866e+00  1.000000e-06  1.020605e+01  1.020605e+01  1.718900e-02  1.000000e-06  3.384773e-01  7.594149e-01  7.594149e-01  1.593667e-02  2.391422e+00  6.199801e+05  2.061239e-01  3.507058e+57  4.570605e+46  2.212888e-07  1.457222e+96  1.000000e+00  1.000000e+00  1.000000e+00
4.893900e+00  1.440942e+03  7.823489e+04  9.802778e+02  4.893900e+00  2.339110e+00  2.339108e+00  1.000000e-06  1.011174e+01  1.011174e+01  1.714000e-02  1.000000e-06  3.416697e-01  7.770634e-01  7.770634e-01  1.467729e-02  2.101495e+00  6.317153e+05  2.043623e-01  3.508306e+57  4.531668e+46  -3.013552e-07  -1.282069e+96  -1.000000e+00  -1.000000e+00  1.000000e+00
4.893900e+00  1.571717e+03  7.823489e+04  1.111060e+03  4.893900e+00  2.334226e+00  2.334224e+00  1.000000e-06  1.001209e+01  1.001209e+01  1.708500e-02  1.000000e-06  3.443498e-01  7.922975e-01  7.922975e-01  1.359574e-02  1.872051e+00  6.406511e+05  2.023937e-01  3.490053e+57  4.488180e+46  -8.023996e-07  -2.661915e+96  -1.000000e+00  -1.000000e+00  1.000000e+00
4.893900e+00  1.719954e+03  7.823489e+04  1.259289e+03  4.893900e+00  2.324774e+00  2.324773e+00  1.000000e-06  9.908224e+00  9.908224e+00  1.702300e-02  1.000000e-06  3.465506e-01  8.051046e-01  8.051046e-01  1.266822e-02  1.689649e+00  6.495834e+05  2.002022e-01  3.473952e+57  4.439741e+46  -1.457876e-06  -2.626209e+96  -1.000000e+00  -1.000000e+00  1.000000e+00
4.893900e+00  1.887962e+03  7.823489e+04  1.427295e+03  4.893900e+00  2.311309e+00  2.311307e+00  1.000000e-06  9.801221e+00  9.801221e+00  1.695300e-02  1.000000e-06  3.483048e-01  8.155116e-01  8.155116e-01  1.187308e-02  1.544077e+00  6.570901e+05  1.977653e-01  3.449940e+57  4.385882e+46  -2.822991e-06  -3.663307e+96  -1.000000e+00  -1.000000e+00  1.000000e+00
4.893900e+00  2.078381e+03  7.823489e+04  1.617714e+03  4.893900e+00  2.294364e+00  2.294363e+00  1.000000e-06  9.692111e+00  9.692111e+00  1.687600e-02  1.000000e-06  3.496436e-01  8.235766e-01  8.235766e-01  1.119149e-02  1.427790e+00  6.619469e+05  1.950625e-01  3.409283e+57  4.326140e+46  -4.617082e-06  -4.380531e+96  -1.000000e+00  -1.000000e+00  1.000000e+00
4.893900e+00  2.294199e+03  7.823489e+04  1.833538e+03  4.893900e+00  2.274458e+00  2.274457e+00  1.000000e-06  9.581939e+00  9.581939e+00  1.678900e-02  1.000000e-06  3.505953e-01  8.293756e-01  8.293756e-01  1.061183e-02  1.335591e+00  6.655904e+05  1.920736e-01  3.363308e+57  4.260061e+46  -5.732805e-06  -3.888202e+96  -1.000000e+00  -1.000000e+00  1.000000e+00
4.893900e+00  2.538819e+03  7.823489e+04  2.078156e+03  4.893900e+00  2.252081e+00  2.252079e+00  1.000000e-06  9.471609e+00  9.471609e+00  1.669200e-02  1.000000e-06  3.511897e-01  8.330257e-01  8.330257e-01  1.012082e-02  1.263047e+00  6.693149e+05  1.887779e-01  3.322082e+57  4.187183e+46  -1.450740e-05  -3.609272e+96  -1.000000e+00  -1.000000e+00  1.000000e+00
4.893900e+00  2.816077e+03  7.823489e+04  2.355409e+03  4.893900e+00  2.227695e+00  2.227694e+00  1.000000e-06  9.362077e+00  9.362077e+00  1.658500e-02  1.000000e-06  3.514514e-01  8.346392e-01  8.346392e-01  9.707808e-03  1.206993e+00  6.706958e+05  1.851523e-01  3.267739e+57  4.107034e+46  -5.655308e-05  -3.697666e+96  -1.000000e+00  -1.000000e+00  1.000000e+00
4.893900e+00  3.130319e+03  7.823489e+04  2.669651e+03  4.893900e+00  2.201732e+00  2.201731e+00  1.000000e-06  9.254089e+00  9.254089e+00  1.646500e-02  1.000000e-06  3.514086e-01  8.343755e-01  8.343755e-01  9.364241e-03  1.164983e+00  6.710810e+05  1.811813e-01  3.210594e+57  4.019240e+46  -4.344344e-04  -3.333321e+96  -1.000000e+00  -1.000000e+00  1.000000e+00
4.893900e+00  3.486480e+03  7.823489e+04  3.025817e+03  4.893900e+00  2.174593e+00  2.174591e+00  1.000000e-06  9.148430e+00  9.148430e+00  1.633300e-02  1.000000e-06  3.510856e-01  8.323845e-01  8.323845e-01  9.082176e-03  1.135114e+00  6.705694e+05  1.768502e-01  3.151539e+57  3.923464e+46  4.414041e-05  -2.950095e+96  1.000000e+00  -1.000000e+00  1.000000e+00
4.893900e+00  3.890162e+03  7.823489e+04  3.429500e+03  4.893900e+00  2.146648e+00  2.146647e+00  1.000000e-06  9.045825e+00  9.045825e+00  1.618700e-02  1.000000e-06  3.505050e-01  8.288231e-01  8.288231e-01  8.853803e-03  1.115739e+00  6.692579e+05  1.721469e-01  3.091371e+57  3.819434e+46  1.843381e-05  -2.572371e+96  1.000000e+00  -1.000000e+00  1.000000e+00
4.893900e+00  4.347708e+03  7.823489e+04  3.887040e+03  4.893900e+00  2.118237e+00  2.118235e+00  1.000000e-06  8.946759e+00  8.946759e+00  1.602600e-02  1.000000e-06  3.496958e-01  8.238932e-01  8.238932e-01  8.676133e-03  1.106085e+00  6.672255e+05  1.670639e-01  3.030662e+57  3.706981e+46  1.260302e-05  -2.211640e+96  1.000000e+00  -1.000000e+00  1.000000e+00
4.893900e+00  4.866291e+03  7.823489e+04  4.405622e+03  4.893900e+00  2.089671e+00  2.089670e+00  1.000000e-06  8.852009e+00  8.852009e+00  1.584900e-02  1.000000e-06  3.486725e-01  8.177162e-01  8.177162e-01  8.542362e-03  1.105094e+00  6.645843e+05  1.615962e-01  2.970199e+57  3.586026e+46  9.285519e-06  -1.972564e+96  1.000000e+00  -1.000000e+00  1.000000e+00
4.893900e+00  5.454054e+03  7.823489e+04  4.993389e+03  4.893900e+00  2.061232e+00  2.061230e+00  1.000000e-06  8.761886e+00  8.761886e+00  1.565500e-02  1.000000e-06  3.474648e-01  8.105059e-01  8.105059e-01  8.445286e-03  1.111653e+00  6.604608e+05  1.557545e-01  2.903318e+57  3.456732e+46  7.394402e-06  -1.675490e+96  1.000000e+00  -1.000000e+00  1.000000e+00
4.893900e+00  6.120229e+03  7.823489e+04  5.659571e+03  4.893900e+00  2.033177e+00  2.033176e+00  1.000000e-06  8.676881e+00  8.676881e+00  1.544400e-02  0.000000e+00  3.460932e-01  8.024207e-01  8.024207e-01  8.389385e-03  1.126321e+00  6.568764e+05  1.495431e-01  2.844999e+57  3.319284e+46  7.411637e-06  -1.296339e+96  1.000000e+00  -1.000000e+00  1.000000e+00
4.893900e+00  6.875298e+03  7.823489e+04  6.414631e+03  4.893900e+00  2.005733e+00  2.005732e+00  1.000000e-06  8.597255e+00  8.597255e+00  1.521500e-02  0.000000e+00  3.445838e-01  7.936466e-01  7.936466e-01  8.363138e-03  1.147635e+00  6.529302e+05  1.429895e-01  2.788324e+57  3.174208e+46  6.648741e-06  -1.059464e+96  1.000000e+00  -1.000000e+00  1.000000e+00
4.893900e+00  7.731096e+03  7.823489e+04  7.270426e+03  4.893900e+00  1.979110e+00  1.979109e+00  1.000000e-06  8.523434e+00  8.523434e+00  1.496800e-02  0.000000e+00  3.429549e-01  7.843202e-01  7.843202e-01  8.365600e-03  1.175485e+00  6.487194e+05  1.361234e-01  2.733796e+57  3.022159e+46  5.686098e-06  -8.981274e+95  1.000000e+00  -1.000000e+00  1.000000e+00
4.893900e+00  8.701063e+03  7.823489e+04  8.240395e+03  4.893900e+00  1.953488e+00  1.953487e+00  1.000000e-06  8.455587e+00  8.455587e+00  1.470100e-02  0.000000e+00  3.412311e-01  7.746075e-01  7.746075e-01  8.393182e-03  1.209418e+00  6.434853e+05  1.289796e-01  2.675489e+57  2.863958e+46  5.179103e-06  -7.274108e+95  1.000000e+00  -1.000000e+00  1.000000e+00
4.893900e+00  9.800430e+03  7.823489e+04  9.339770e+03  4.893900e+00  1.929028e+00  1.929027e+00  1.000000e-06  8.393793e+00  8.393793e+00  1.441500e-02  0.000000e+00  3.394391e-01  7.646767e-01  7.646767e-01  8.446298e-03  1.249583e+00  6.389754e+05  1.216099e-01  2.626209e+57  2.700698e+46  5.254067e-06  -5.347950e+95  1.000000e+00  -1.000000e+00  1.000000e+00
4.893900e+00  1.104648e+04  7.823489e+04  1.058582e+04  4.893900e+00  1.905871e+00  1.905870e+00  1.000000e-06  8.338275e+00  8.338275e+00  1.411100e-02  0.000000e+00  3.375972e-01  7.546411e-01  7.546411e-01  8.518103e-03  1.294968e+00  6.344193e+05  1.140675e-01  2.579915e+57  2.533599e+46  4.932471e-06  -4.150751e+95  1.000000e+00  -1.000000e+00  1.000000e+00
4.893900e+00  1.245877e+04  7.823489e+04  1.199810e+04  4.893900e+00  1.884134e+00  1.884133e+00  1.000000e-06  8.288989e+00  8.288989e+00  1.378800e-02  0.000000e+00  3.357313e-01  7.446472e-01  7.446472e-01  8.606911e-03  1.345229e+00  6.298744e+05  1.064202e-01  2.536748e+57  2.364110e+46  4.359207e-06  -3.364970e+95  1.000000e+00  -1.000000e+00  1.000000e+00
4.893900e+00  1.405947e+04  7.823489e+04  1.359880e+04  4.893900e+00  1.863916e+00  1.863916e+00  1.000000e-06  8.245976e+00  8.245976e+00  1.344800e-02  0.000000e+00  3.338612e-01  7.348004e-01  7.348004e-01  8.710037e-03  1.399869e+00  6.246540e+05  9.873501e-02  2.491272e+57  2.193738e+46  4.101232e-06  -2.592452e+95  1.000000e+00  -1.000000e+00  1.000000e+00
4.893900e+00  1.587372e+04  7.823489e+04  1.541306e+04  4.893900e+00  1.845296e+00  1.845295e+00  1.000000e-06  8.209021e+00  8.209021e+00  1.309100e-02  0.000000e+00  3.320139e-01  7.252352e-01  7.252352e-01  8.823991e-03  1.458154e+00  6.203147e+05  9.108532e-02  2.454845e+57  2.024090e+46  4.178285e-06  -1.777003e+95  1.000000e+00  -1.000000e+00  1.000000e+00
4.893900e+00  1.793002e+04  7.823489e+04  1.746936e+04  4.893900e+00  1.828333e+00  1.828333e+00  1.000000e-06  8.178066e+00  8.178066e+00  1.271900e-02  0.000000e+00  3.302071e-01  7.160315e-01  7.160315e-01  8.944176e-03  1.518839e+00  6.161469e+05  8.354006e-02  2.421889e+57  1.856735e+46  3.958063e-06  -1.298912e+95  1.000000e+00  -1.000000e+00  1.000000e+00
4.893900e+00  2.025605e+04  7.823489e+04  1.979538e+04  4.893900e+00  1.813094e+00  1.813094e+00  1.000000e-06  8.152930e+00  8.152930e+00  1.233400e-02  0.000000e+00  3.284645e-01  7.072925e-01  7.072925e-01  9.068413e-03  1.581242e+00  6.121907e+05  7.618555e-02  2.392352e+57  1.693566e+46  3.851883e-06  -1.041564e+95  1.000000e+00  -1.000000e+00  1.000000e+00
6.723400e+00  1.030404e+02  7.948912e+04  1.000000e+00  6.723400e+00  1.163810e-01  1.163780e-01  2.000000e-06  1.616998e+01  1.616998e+01  2.031700e-02  2.000000e-05  1.063047e-02  1.080304e-02  1.080304e-02  2.345898e-02  1.152024e+08  1.749315e+04  3.458302e-01  1.463437e+56  8.629848e+46  6.516945e-06  9.828073e+97  1.000000e+00  1.000000e+00  0.000000e+00
6.723400e+00  1.076573e+02  7.948912e+04  1.133400e+00  6.723400e+00  1.251370e-01  1.251350e-01  2.000000e-06  1.539312e+01  1.539312e+01  2.031700e-02  1.900000e-05  1.200718e-02  1.222785e-02  1.222785e-02  2.802136e-02  7.485024e+07  1.883681e+04  3.457973e-01  1.574977e+56  8.629032e+46  6.511544e-06  9.497459e+97  1.000000e+00  1.000000e+00  0.000000e+00
6.723400e+00  1.131115e+02  7.948912e+04  1.284600e+00  6.723400e+00  1.348970e-01  1.348940e-01  2.000000e-06  1.475907e+01  1.475907e+01  2.031600e-02  1.700000e-05  1.349970e-02  1.377936e-02  1.377936e-02  3.326833e-02  4.946740e+07  2.033703e+04  3.457529e-01  1.697094e+56  8.627999e+46  6.497596e-06  9.087165e+97  1.000000e+00  1.000000e+00  0.000000e+00
6.723400e+00  1.191072e+02  7.948912e+04  1.456000e+00  6.723400e+00  1.456740e-01  1.456710e-01  2.000000e-06  1.423355e+01  1.423355e+01  2.031500e-02  1.600000e-05  1.511642e-02  1.546805e-02  1.546805e-02  3.912510e-02  3.304594e+07  2.199784e+04  3.457099e-01  1.830734e+56  8.626924e+46  6.480375e-06  9.531945e+97  1.000000e+00  1.000000e+00  0.000000e+00
6.723400e+00  1.250167e+02  7.948912e+04  1.650300e+00  6.723400e+00  1.574500e-01  1.574480e-01  2.000000e-06  1.379619e+01  1.379619e+01  2.031400e-02  1.500000e-05  1.685642e-02  1.729496e-02  1.729496e-02  4.547927e-02  2.227792e+07  2.381771e+04  3.456554e-01  1.975952e+56  8.625731e+46  6.461309e-06  9.884887e+97  1.000000e+00  1.000000e+00  0.000000e+00
6.723400e+00  1.316026e+02  7.948912e+04  1.870400e+00  6.723400e+00  1.703220e-01  1.703200e-01  2.000000e-06  1.342925e+01  1.342925e+01  2.031300e-02  1.400000e-05  1.873269e-02  1.927606e-02  1.927606e-02  5.225654e-02  1.510244e+07  2.581316e+04  3.456181e-01  2.134123e+56  8.624645e+46  6.440102e-06  1.039084e+98  1.000000e+00  1.000000e+00  0.000000e+00
6.723400e+00  1.379494e+02  7.948912e+04  2.120000e+00  6.723400e+00  1.843170e-01  1.843150e-01  2.000000e-06  1.312068e+01  1.312068e+01  2.031200e-02  1.300000e-05  2.074872e-02  2.141766e-02  2.141766e-02  5.933729e-02  1.028677e+07  2.799017e+04  3.455742e-01  2.305724e+56  8.623505e+46  6.415299e-06  9.013917e+97  1.000000e+00  1.000000e+00  0.000000e+00
6.723400e+00  1.527256e+02  7.948912e+04  2.402800e+00  6.723400e+00  1.974060e-01  1.974040e-01  2.000000e-06  1.288367e+01  1.288367e+01  2.031000e-02  1.200000e-05  2.263096e-02  2.342937e-02  2.342937e-02  6.554463e-02  7.360891e+06  3.003448e+04  3.454668e-01  2.465879e+56  8.620882e+46  6.389161e-06  1.170840e+98  1.000000e+00  1.000000e+00  0.000000e+00
6.723400e+00  1.576382e+02  7.948912e+04  2.723400e+00  6.723400e+00  2.113980e-01  2.113960e-01  2.000000e-06  1.266491e+01  1.266491e+01  2.030900e-02  1.100000e-05  2.465366e-02  2.560451e-02  2.560451e-02  7.163773e-02  5.243768e+06  3.222947e+04  3.454275e-01  2.636734e+56  8.619908e+46  6.363021e-06  1.507222e+98  1.000000e+00  1.000000e+00  0.000000e+00
6.723400e+00  1.627167e+02  7.948912e+04  3.086700e+00  6.723400e+00  2.277990e-01  2.277960e-01  2.000000e-06  1.246160e+01  1.246160e+01  2.030900e-02  1.000000e-05  2.699969e-02  2.814482e-02  2.814482e-02  7.829413e-02  3.637849e+06  3.481241e+04  3.453911e-01  2.837231e+56  8.618936e+46  6.336851e-06  1.702031e+98  1.000000e+00  1.000000e+00  0.000000e+00
6.723400e+00  1.679681e+02  7.948912e+04  3.498500e+00  6.723400e+00  2.468210e-01  2.468190e-01  2.000000e-06  1.228312e+01  1.228312e+01  2.030800e-02  9.000000e-06  2.967938e-02  3.106962e-02  3.106962e-02  8.543965e-02  2.473399e+06  3.782121e+04  3.453433e-01  3.070293e+56  8.617815e+46  6.307794e-06  1.903954e+98  1.000000e+00  1.000000e+00  0.000000e+00
6.723400e+00  1.734000e+02  7.948912e+04  3.965200e+00  6.723400e+00  2.686710e-01  2.686690e-01  2.000000e-06  1.213422e+01  1.213422e+01  2.030700e-02  9.000000e-06  3.270328e-02  3.440029e-02  3.440029e-02  9.294709e-02  1.656481e+06  4.129442e+04  3.453007e-01  3.338794e+56  8.616715e+46  6.275463e-06  2.111096e+98  1.000000e+00  1.000000e+00  0.000000e+00
6.723400e+00  1.790190e+02  7.948912e+04  4.494300e+00  6.723400e+00  2.935550e-01  2.935530e-01  2.000000e-06  1.201667e+01  1.201667e+01  2.030600e-02  8.000000e-06  3.608168e-02  3.815988e-02  3.815988e-02  1.006587e-01  1.097298e+06  4.527100e+04  3.452543e-01  3.645572e+56  8.615539e+46  6.239345e-06  2.322523e+98  1.000000e+00  1.000000e+00  0.000000e+00
6.723400e+00  1.848335e+02  7.948912e+04  5.093900e+00  6.723400e+00  3.216760e-01  3.216740e-01  2.000000e-06  1.193029e+01  1.193029e+01  2.030500e-02  7.000000e-06  3.982440e-02  4.237314e-02  4.237314e-02  1.083843e-01  7.213236e+05  4.979305e+04  3.451989e-01  3.993642e+56  8.614231e+46  6.198589e-06  2.537468e+98  1.000000e+00  1.000000e+00  0.000000e+00
6.723400e+00  1.908524e+02  7.948912e+04  5.773400e+00  6.723400e+00  3.532400e-01  3.532380e-01  2.000000e-06  1.187364e+01  1.187364e+01  2.030400e-02  7.000000e-06  4.394078e-02  4.706678e-02  4.706678e-02  1.159198e-01  4.717677e+05  5.490390e+04  3.451455e-01  4.386015e+56  8.612902e+46  6.154249e-06  2.754348e+98  1.000000e+00  1.000000e+00  0.000000e+00
6.723400e+00  1.970844e+02  7.948912e+04  6.543700e+00  6.723400e+00  3.884510e-01  3.884490e-01  2.000000e-06  1.184449e+01  1.184449e+01  2.030300e-02  6.000000e-06  4.843971e-02  5.226986e-02  5.226986e-02  1.230626e-01  3.076292e+05  6.064802e+04  3.450896e-01  4.825749e+56  8.611499e+46  6.105279e-06  2.972388e+98  1.000000e+00  1.000000e+00  0.000000e+00
6.723400e+00  2.035396e+02  7.948912e+04  7.416700e+00  6.723400e+00  4.275090e-01  4.275070e-01  2.000000e-06  1.184027e+01  1.184027e+01  2.030200e-02  5.000000e-06  5.332924e-02  5.801358e-02  5.801358e-02  1.296123e-01  2.003210e+05  6.707446e+04  3.450334e-01  5.316174e+56  8.610044e+46  6.051800e-06  3.190525e+98  1.000000e+00  1.000000e+00  0.000000e+00
6.723400e+00  2.102287e+02  7.948912e+04  8.406200e+00  6.723400e+00  4.706050e-01  4.706030e-01  2.000000e-06  1.185819e+01  1.185819e+01  2.030000e-02  5.000000e-06  5.861652e-02  6.433162e-02  6.433162e-02  1.353896e-01  1.304351e+05  7.422977e+04  3.449689e-01  5.860204e+56  8.608445e+46  5.992940e-06  3.407909e+98  1.000000e+00  1.000000e+00  0.000000e+00
6.723400e+00  2.171631e+02  7.948912e+04  9.527700e+00  6.723400e+00  5.179160e-01  5.179140e-01  2.000000e-06  1.189546e+01  1.189546e+01  2.029900e-02  5.000000e-06  6.430730e-02  7.125993e-02  7.125993e-02  1.402363e-01  8.500928e+04  8.216837e+04  3.448967e-01  6.461428e+56  8.606706e+46  5.907972e-06  3.425701e+98  1.000000e+00  1.000000e+00  0.000000e+00
6.723400e+00  4.714565e+02  7.948912e+04  1.079880e+01  6.723400e+00  5.336280e-01  5.336260e-01  2.000000e-06  1.187766e+01  1.187766e+01  2.026500e-02  4.000000e-06  6.635745e-02  7.378926e-02  7.378926e-02  1.420357e-01  7.359706e+04  8.483566e+04  3.431726e-01  6.661430e+56  8.564108e+46  6.662518e-06  -3.747331e+98  1.000000e+00  -1.000000e+00  1.000000e+00
6.723400e+00  4.728972e+02  7.948912e+04  1.223950e+01  6.723400e+00  5.231540e-01  5.231510e-01  2.000000e-06  1.177366e+01  1.177366e+01  2.026500e-02  4.000000e-06  6.562953e-02  7.288916e-02  7.288916e-02  1.403202e-01  7.683027e+04  8.313830e+04  3.431524e-01  6.527041e+56  8.563351e+46  6.299015e-06  -3.222577e+98  1.000000e+00  -1.000000e+00  1.000000e+00
6.723400e+00  4.745300e+02  7.948912e+04  1.387240e+01  6.723400e+00  5.150700e-01  5.150670e-01  2.000000e-06  1.163519e+01  1.163519e+01  2.026400e-02  5.000000e-06  6.538438e-02  7.258652e-02  7.258652e-02  1.373482e-01  7.662414e+04  8.187404e+04  3.431091e-01  6.421744e+56  8.562278e+46  6.500137e-06  -2.069995e+98  1.000000e+00  -1.000000e+00  1.000000e+00
6.723400e+00  4.763807e+02  7.948912e+04  1.572320e+01  6.723400e+00  5.103780e-01  5.103750e-01  2.000000e-06  1.146694e+01  1.146694e+01  2.026300e-02  5.000000e-06  6.573942e-02  7.302490e-02  7.302490e-02  1.334748e-01  7.247232e+04  8.115881e+04  3.430606e-01  6.354556e+56  8.561070e+46  -4.014268e-06  -7.760620e+97  -1.000000e+00  -1.000000e+00  1.000000e+00
6.723400e+00  4.784787e+02  7.948912e+04  1.782080e+01  6.723400e+00  5.102150e-01  5.102130e-01  2.000000e-06  1.127411e+01  1.127411e+01  2.026200e-02  5.000000e-06  6.684254e-02  7.439036e-02  7.439036e-02  1.290577e-01  6.448249e+04  8.138084e+04  3.430052e-01  6.354822e+56  8.559696e+46  1.645208e-07  5.389598e+97  1.000000e+00  1.000000e+00  1.000000e+00
6.723400e+00  4.808563e+02  7.948912e+04  2.019840e+01  6.723400e+00  5.157690e-01  5.157670e-01  2.000000e-06  1.106511e+01  1.106511e+01  2.026000e-02  5.000000e-06  6.884643e-02  7.688421e-02  7.688421e-02  1.244962e-01  5.366100e+04  8.253372e+04  3.429447e-01  6.422184e+56  8.558163e+46  4.990039e-06  1.675737e+98  1.000000e+00  1.000000e+00  1.000000e+00
6.723400e+00  4.835509e+02  7.948912e+04  2.289310e+01  6.723400e+00  5.281540e-01  5.281510e-01  2.000000e-06  1.085093e+01  1.085093e+01  2.025900e-02  4.000000e-06  7.189105e-02  8.070671e-02  8.070671e-02  1.201833e-01  4.171964e+04  8.485418e+04  3.428766e-01  6.574387e+56  8.556429e+46  5.407112e-06  2.758116e+98  1.000000e+00  1.000000e+00  1.000000e+00
6.723400e+00  4.866048e+02  7.948912e+04  2.594730e+01  6.723400e+00  5.483640e-01  5.483620e-01  2.000000e-06  1.064430e+01  1.064430e+01  2.025700e-02  4.000000e-06  7.609103e-02  8.604720e-02  8.604720e-02  1.164166e-01  3.042685e+04  8.851694e+04  3.427918e-01  6.824290e+56  8.554387e+46  5.438304e-06  3.808052e+98  1.000000e+00  1.000000e+00  1.000000e+00
6.723400e+00  4.900671e+02  7.948912e+04  2.940900e+01  6.723400e+00  5.770740e-01  5.770710e-01  2.000000e-06  1.045755e+01  1.045755e+01  2.025600e-02  4.000000e-06  8.150473e-02  9.304923e-02  9.304923e-02  1.133569e-01  2.101063e+04  9.391234e+04  3.427008e-01  7.200484e+56  8.552125e+46  5.373358e-06  4.667241e+98  1.000000e+00  1.000000e+00  1.000000e+00
6.723400e+00  4.939909e+02  7.948912e+04  3.333260e+01  6.723400e+00  6.147130e-01  6.147110e-01  2.000000e-06  1.030077e+01  1.030077e+01  2.025400e-02  4.000000e-06  8.814231e-02  1.018219e-01  1.018219e-01  1.109775e-01  1.390672e+04  1.008309e+05  3.425973e-01  7.686081e+56  8.549559e+46  5.447953e-06  5.209605e+98  1.000000e+00  1.000000e+00  1.000000e+00
6.723400e+00  4.984378e+02  7.948912e+04  3.777960e+01  6.723400e+00  6.614260e-01  6.614230e-01  2.000000e-06  1.017978e+01  1.017978e+01  2.025100e-02  4.000000e-06  9.596748e-02  1.124406e-01  1.124406e-01  1.091545e-01  8.939886e+03  1.093904e+05  3.424806e-01  8.288296e+56  8.546657e+46  5.351571e-06  5.716191e+98  1.000000e+00  1.000000e+00  1.000000e+00
6.723400e+00  5.034775e+02  7.948912e+04  4.281980e+01  6.723400e+00  7.170920e-01  7.170900e-01  2.000000e-06  1.009631e+01  1.009631e+01  2.024900e-02  3.000000e-06  1.049044e-01  1.249518e-01  1.249518e-01  1.076473e-01  5.648572e+03  1.200549e+05  3.423484e-01  9.039604e+56  8.543371e+46  5.232560e-06  6.030253e+98  1.000000e+00  1.000000e+00  1.000000e+00
6.723400e+00  5.091908e+02  7.948912e+04  4.853260e+01  6.723400e+00  7.813850e-01  7.813830e-01  2.000000e-06  1.004888e+01  1.004888e+01  2.024600e-02  3.000000e-06  1.148495e-01  1.393831e-01  1.393831e-01  1.061182e-01  3.540382e+03  1.323077e+05  3.421988e-01  9.898682e+56  8.539650e+46  5.169717e-06  6.114564e+98  1.000000e+00  1.000000e+00  1.000000e+00
6.723400e+00  5.156662e+02  7.948912e+04  5.500740e+01  6.723400e+00  8.537550e-01  8.537520e-01  2.000000e-06  1.003380e+01  1.003380e+01  2.024200e-02  3.000000e-06  1.256751e-01  1.557413e-01  1.557413e-01  1.042730e-01  2.217302e+03  1.465549e+05  3.420308e-01  1.089279e+57  8.535451e+46  5.057973e-06  6.098299e+98  1.000000e+00  1.000000e+00  1.000000e+00
6.723400e+00  5.230050e+02  7.948912e+04  6.234610e+01  6.723400e+00  9.334760e-01  9.334740e-01  2.000000e-06  1.004626e+01  1.004626e+01  2.023900e-02  2.000000e-06  1.372400e-01  1.740194e-01  1.740194e-01  1.018481e-01  1.394623e+03  1.623916e+05  3.418371e-01  1.198790e+57  8.530659e+46  5.009446e-06  5.869534e+98  1.000000e+00  1.000000e+00  1.000000e+00
6.723400e+00  5.313221e+02  7.948912e+04  7.066390e+01  6.723400e+00  1.019643e+00  1.019640e+00  2.000000e-06  1.008077e+01  1.008077e+01  2.023400e-02  2.000000e-06  1.493950e-01  1.941969e-01  1.941969e-01  9.868683e-02  8.840667e+02  1.796849e+05  3.416200e-01  1.317012e+57  8.525257e+46  4.817926e-06  5.717849e+98  1.000000e+00  1.000000e+00  1.000000e+00
6.723400e+00  5.407496e+02  7.948912e+04  8.009140e+01  6.723400e+00  1.111182e+00  1.111180e+00  2.000000e-06  1.013173e+01  1.013173e+01  2.023000e-02  2.000000e-06  1.619881e-01  2.162392e-01  2.162392e-01  9.473777e-02  5.662614e+02  1.994576e+05  3.413778e-01  1.451178e+57  8.519178e+46  4.667742e-06  5.420939e+98  1.000000e+00  1.000000e+00  1.000000e+00
6.723400e+00  5.514360e+02  7.948912e+04  9.077660e+01  6.723400e+00  1.206870e+00  1.206867e+00  2.000000e-06  1.019384e+01  1.019384e+01  2.022400e-02  2.000000e-06  1.748654e-01  2.400906e-01  2.400906e-01  9.004414e-02  3.671500e+02  2.197865e+05  3.410989e-01  1.586427e+57  8.512249e+46  4.544167e-06  5.006562e+98  1.000000e+00  1.000000e+00  1.000000e+00
6.723400e+00  5.635472e+02  7.948912e+04  1.028874e+02  6.723400e+00  1.305365e+00  1.305363e+00  2.000000e-06  1.026230e+01  1.026230e+01  2.021800e-02  2.000000e-06  1.878751e-01  2.656708e-01  2.656708e-01  8.472955e-02  2.413207e+02  2.423597e+05  3.407825e-01  1.734931e+57  8.504399e+46  4.334328e-06  4.657153e+98  1.000000e+00  1.000000e+00  1.000000e+00
6.723400e+00  5.772730e+02  7.948912e+04  1.166139e+02  6.723400e+00  1.405249e+00  1.405247e+00  2.000000e-06  1.033286e+01  1.033286e+01  2.021100e-02  2.000000e-06  2.008697e-01  2.928699e-01  2.928699e-01  7.896279e-02  1.609749e+02  2.655644e+05  3.404230e-01  1.884186e+57  8.495499e+46  4.146327e-06  4.235088e+98  1.000000e+00  1.000000e+00  1.000000e+00
6.723400e+00  5.928297e+02  7.948912e+04  1.321717e+02  6.723400e+00  1.505067e+00  1.505064e+00  2.000000e-06  1.040182e+01  1.040182e+01  2.020300e-02  2.000000e-06  2.137116e-01  3.215486e-01  3.215486e-01  7.293566e-02  1.090699e+02  2.906744e+05  3.400192e-01  2.043254e+57  8.485463e+46  3.950980e-06  3.809131e+98  1.000000e+00  1.000000e+00  1.000000e+00
6.723400e+00  6.104652e+02  7.948912e+04  1.498051e+02  6.723400e+00  1.603371e+00  1.603369e+00  2.000000e-06  1.046598e+01  1.046598e+01  2.019400e-02  1.000000e-06  2.262744e-01  3.515351e-01  3.515351e-01  6.682991e-02  7.511042e+01  3.157085e+05  3.395625e-01  2.196953e+57  8.474110e+46  3.845217e-06  3.265915e+98  1.000000e+00  1.000000e+00  1.000000e+00
6.723400e+00  6.304521e+02  7.948912e+04  1.697911e+02  6.723400e+00  1.698782e+00  1.698780e+00  2.000000e-06  1.052277e+01  1.052277e+01  2.018300e-02  1.000000e-06  2.384455e-01  3.826235e-01  3.826235e-01  6.082049e-02  5.260364e+01  3.410666e+05  3.390499e-01  2.347922e+57  8.461312e+46  3.610626e-06  2.870671e+98  1.000000e+00  1.000000e+00  1.000000e+00
6.723400e+00  6.531038e+02  7.948912e+04  1.924434e+02  6.723400e+00  1.790040e+00  1.790038e+00  2.000000e-06  1.057021e+01  1.057021e+01  2.017200e-02  1.000000e-06  2.501270e-01  4.145730e-01  4.145730e-01  5.503933e-02  3.747831e+01  3.675009e+05  3.384619e-01  2.501584e+57  8.446757e+46  3.373642e-06  2.494372e+98  1.000000e+00  1.000000e+00  1.000000e+00
6.723400e+00  6.787757e+02  7.948912e+04  2.181178e+02  6.723400e+00  1.876019e+00  1.876017e+00  2.000000e-06  1.060660e+01  1.060660e+01  2.015900e-02  1.000000e-06  2.612419e-01  4.471246e-01  4.471246e-01  4.959018e-02  2.717058e+01  3.935862e+05  3.378027e-01  2.647063e+57  8.430367e+46  3.149026e-06  2.118584e+98  1.000000e+00  1.000000e+00  1.000000e+00
6.723400e+00  7.078781e+02  7.948912e+04  2.472176e+02  6.723400e+00  1.955783e+00  1.955781e+00  2.000000e-06  1.063099e+01  1.063099e+01  2.014400e-02  1.000000e-06  2.717245e-01  4.799783e-01  4.799783e-01  4.454252e-02  2.004665e+01  4.201821e+05  3.370580e-01  2.790880e+57  8.411850e+46  2.996802e-06  1.725395e+98  1.000000e+00  1.000000e+00  1.000000e+00
6.723400e+00  7.408620e+02  7.948912e+04  2.801996e+02  6.723400e+00  2.028583e+00  2.028581e+00  2.000000e-06  1.064254e+01  1.064254e+01  2.012700e-02  1.000000e-06  2.815330e-01  5.128368e-01  5.128368e-01  3.992122e-02  1.504726e+01  4.444918e+05  3.362175e-01  2.912068e+57  8.390947e+46  2.785941e-06  1.390500e+98  1.000000e+00  1.000000e+00  1.000000e+00
6.723400e+00  7.782441e+02  7.948912e+04  3.175819e+02  6.723400e+00  2.093880e+00  2.093878e+00  2.000000e-06  1.064102e+01  1.064102e+01  2.010800e-02  1.000000e-06  2.906366e-01  5.453777e-01  5.453777e-01  3.576582e-02  1.149806e+01  4.699235e+05  3.352732e-01  3.036501e+57  8.367403e+46  2.492126e-06  1.164497e+98  1.000000e+00  1.000000e+00  1.000000e+00
6.723400e+00  8.206108e+02  7.948912e+04  3.599514e+02  6.723400e+00  2.151327e+00  2.151325e+00  2.000000e-06  1.062636e+01  1.062636e+01  2.008700e-02  1.000000e-06  2.990222e-01  5.772879e-01  5.772879e-01  3.202944e-02  8.931919e+00  4.936446e+05  3.341981e-01  3.143247e+57  8.340746e+46  2.345839e-06  8.626191e+97  1.000000e+00  1.000000e+00  1.000000e+00
6.723400e+00  8.686339e+02  7.948912e+04  4.079736e+02  6.723400e+00  2.200772e+00  2.200770e+00  2.000000e-06  1.059898e+01  1.059898e+01  2.006200e-02  1.000000e-06  3.066850e-01  6.082453e-01  6.082453e-01  2.872383e-02  7.058097e+00  5.153660e+05  3.329923e-01  3.230640e+57  8.310763e+46  2.128913e-06  6.395847e+97  1.000000e+00  1.000000e+00  1.000000e+00
6.723400e+00  9.230662e+02  7.948912e+04  4.624025e+02  6.723400e+00  2.242222e+00  2.242219e+00  2.000000e-06  1.055930e+01  1.055930e+01  2.003500e-02  1.000000e-06  3.136352e-01  6.379593e-01  6.379593e-01  2.580938e-02  5.669639e+00  5.362223e+05  3.316383e-01  3.307726e+57  8.277038e+46  1.837253e-06  4.907282e+97  1.000000e+00  1.000000e+00  1.000000e+00
6.723400e+00  9.847572e+02  7.948912e+04  5.240930e+02  6.723400e+00  2.275835e+00  2.275833e+00  2.000000e-06  1.050802e+01  1.050802e+01  2.000400e-02  1.000000e-06  3.198906e-01  6.661602e-01  6.661602e-01  2.325741e-02  4.628738e+00  5.560600e+05  3.301063e-01  3.374018e+57  8.239001e+46  1.540305e-06  3.658987e+97  1.000000e+00  1.000000e+00  1.000000e+00
6.723400e+00  1.054675e+03  7.948912e+04  5.940138e+02  6.723400e+00  2.301892e+00  2.301890e+00  2.000000e-06  1.044599e+01  1.044599e+01  1.997000e-02  1.000000e-06  3.254745e-01  6.926049e-01  6.926049e-01  2.102795e-02  3.838304e+00  5.747363e+05  3.283925e-01  3.429185e+57  8.196329e+46  1.279939e-06  2.385404e+97  1.000000e+00  1.000000e+00  1.000000e+00
6.723400e+00  1.133922e+03  7.948912e+04  6.732629e+02  6.723400e+00  2.320773e+00  2.320771e+00  2.000000e-06  1.037437e+01  1.037437e+01  1.993000e-02  1.000000e-06  3.304095e-01  7.170552e-01  7.170552e-01  1.908429e-02  3.230798e+00  5.907189e+05  3.264584e-01  3.462527e+57  8.148307e+46  9.704926e-07  1.515299e+97  1.000000e+00  1.000000e+00  1.000000e+00
6.723400e+00  1.223749e+03  7.948912e+04  7.630849e+02  6.723400e+00  2.332929e+00  2.332927e+00  2.000000e-06  1.029404e+01  1.029404e+01  1.988600e-02  1.000000e-06  3.347320e-01  7.393645e-01  7.393645e-01  1.739874e-02  2.760198e+00  6.067284e+05  3.242943e-01  3.495158e+57  8.094496e+46  5.890317e-07  9.473596e+96  1.000000e+00  1.000000e+00  1.000000e+00
6.723400e+00  1.325556e+03  7.948912e+04  8.648903e+02  6.723400e+00  2.338862e+00  2.338860e+00  2.000000e-06  1.020616e+01  1.020616e+01  1.983600e-02  1.000000e-06  3.384729e-01  7.593905e-01  7.593905e-01  1.593892e-02  2.391953e+00  6.199649e+05  3.218700e-01  3.507058e+57  8.034209e+46  2.219760e-07  2.552614e+96  1.000000e+00  1.000000e+00  1.000000e+00
6.723400e+00  1.440942e+03  7.948912e+04  9.802778e+02  6.723400e+00  2.339113e+00  2.339110e+00  2.000000e-06  1.011186e+01  1.011186e+01  1.978000e-02  1.000000e-06  3.416660e-01  7.770431e-01  7.770431e-01  1.467530e-02  2.101290e+00  6.317033e+05  3.191595e-01  3.508326e+57  7.966799e+46  -3.007347e-07  -2.243035e+96  -1.000000e+00  -1.000000e+00  1.000000e+00
6.723400e+00  1.571717e+03  7.948912e+04  1.111060e+03  6.723400e+00  2.334234e+00  2.334232e+00  2.000000e-06  1.001221e+01  1.001221e+01  1.971800e-02  1.000000e-06  3.443468e-01  7.922806e-01  7.922806e-01  1.359497e-02  1.872013e+00  6.406401e+05  3.161339e-01  3.490075e+57  7.891544e+46  -8.016199e-07  -4.663088e+96  -1.000000e+00  -1.000000e+00  1.000000e+00
6.723400e+00  1.719954e+03  7.948912e+04  1.259289e+03  6.723400e+00  2.324787e+00  2.324785e+00  2.000000e-06  9.908351e+00  9.908351e+00  1.964700e-02  1.000000e-06  3.465481e-01  8.050898e-01  8.050898e-01  1.266949e-02  1.689881e+00  6.495750e+05  3.127610e-01  3.473988e+57  7.807653e+46  -1.457935e-06  -4.605074e+96  -1.000000e+00  -1.000000e+00  1.000000e+00
6.723400e+00  1.887962e+03  7.948912e+04  1.427295e+03  6.723400e+00  2.311324e+00  2.311322e+00  2.000000e-06  9.801300e+00  9.801300e+00  1.956900e-02  1.000000e-06  3.483043e-01  8.155086e-01  8.155086e-01  1.187316e-02  1.544155e+00  6.570778e+05  3.090139e-01  3.449942e+57  7.714394e+46  -2.822435e-06  -6.426839e+96  -1.000000e+00  -1.000000e+00  1.000000e+00
6.723400e+00  2.078381e+03  7.948912e+04  1.617714e+03  6.723400e+00  2.294383e+00  2.294381e+00  2.000000e-06  9.692172e+00  9.692172e+00  1.948000e-02  1.000000e-06  3.496443e-01  8.235810e-01  8.235810e-01  1.119221e-02  1.427913e+00  6.619349e+05  3.048488e-01  3.409280e+57  7.610816e+46  -4.609382e-06  -7.678054e+96  -1.000000e+00  -1.000000e+00  1.000000e+00
6.723400e+00  2.294199e+03  7.948912e+04  1.833538e+03  6.723400e+00  2.274480e+00  2.274478e+00  2.000000e-06  9.582049e+00  9.582049e+00  1.938100e-02  1.000000e-06  3.505948e-01  8.293722e-01  8.293722e-01  1.061239e-02  1.335673e+00  6.655853e+05  3.002433e-01  3.363350e+57  7.496239e+46  -5.723277e-06  -6.813495e+96  -1.000000e+00  -1.000000e+00  1.000000e+00
6.723400e+00  2.538819e+03  7.948912e+04  2.078156e+03  6.723400e+00  2.252105e+00  2.252103e+00  2.000000e-06  9.471752e+00  9.471752e+00  1.927100e-02  1.000000e-06  3.511883e-01  8.330170e-01  8.330170e-01  1.012049e-02  1.263014e+00  6.693143e+05  2.951604e-01  3.322153e+57  7.369806e+46  -1.450982e-05  -6.330165e+96  -1.000000e+00  -1.000000e+00  1.000000e+00
6.723400e+00  2.816077e+03  7.948912e+04  2.355409e+03  6.723400e+00  2.227721e+00  2.227719e+00  2.000000e-06  9.362198e+00  9.362198e+00  1.914900e-02  1.000000e-06  3.514509e-01  8.346365e-01  8.346365e-01  9.707803e-03  1.206977e+00  6.706950e+05  2.895739e-01  3.267802e+57  7.230778e+46  -5.714896e-05  -6.490816e+96  -1.000000e+00  -1.000000e+00  1.000000e+00
6.723400e+00  3.130319e+03  7.948912e+04  2.669651e+03  6.723400e+00  2.201758e+00  2.201757e+00  2.000000e-06  9.254158e+00  9.254158e+00  1.901300e-02  1.000000e-06  3.514102e-01  8.343853e-01  8.343853e-01  9.365387e-03  1.165119e+00  6.710765e+05  2.834512e-01  3.210622e+57  7.078403e+46  -4.307563e-04  -5.852370e+96  -1.000000e+00  -1.000000e+00  1.000000e+00
6.723400e+00  3.486480e+03  7.948912e+04  3.025817e+03  6.723400e+00  2.174619e+00  2.174618e+00  2.000000e-06  9.148509e+00  9.148509e+00  1.886200e-02  1.000000e-06  3.510868e-01  8.323923e-01  8.323923e-01  9.081276e-03  1.134967e+00  6.705674e+05  2.767683e-01  3.151579e+57  6.912072e+46  4.435667e-05  -5.179058e+96  1.000000e+00  -1.000000e+00  1.000000e+00
6.723400e+00  3.890162e+03  7.948912e+04  3.429500e+03  6.723400e+00  2.146675e+00  2.146673e+00  2.000000e-06  9.045903e+00  9.045903e+00  1.869600e-02  1.000000e-06  3.505064e-01  8.288318e-01  8.288318e-01  8.854413e-03  1.115805e+00  6.692577e+05  2.695074e-01  3.091418e+57  6.731307e+46  1.846404e-05  -4.516748e+96  1.000000e+00  -1.000000e+00  1.000000e+00
6.723400e+00  4.347708e+03  7.948912e+04  3.887040e+03  6.723400e+00  2.118264e+00  2.118262e+00  2.000000e-06  8.946892e+00  8.946892e+00  1.851200e-02  1.000000e-06  3.496950e-01  8.238886e-01  8.238886e-01  8.676666e-03  1.106152e+00  6.672310e+05  2.616518e-01  3.030747e+57  6.535736e+46  1.262127e-05  -3.885847e+96  1.000000e+00  -1.000000e+00  1.000000e+00
6.723400e+00  4.866291e+03  7.948912e+04  4.405622e+03  6.723400e+00  2.089697e+00  2.089695e+00  2.000000e-06  8.852083e+00  8.852083e+00  1.831100e-02  1.000000e-06  3.486739e-01  8.177244e-01  8.177244e-01  8.541133e-03  1.104910e+00  6.645853e+05  2.531975e-01  2.970244e+57  6.325253e+46  9.271755e-06  -3.469359e+96  1.000000e+00  -1.000000e+00  1.000000e+00
6.723400e+00  5.454054e+03  7.948912e+04  4.993389e+03  6.723400e+00  2.061257e+00  2.061255e+00  2.000000e-06  8.761908e+00  8.761908e+00  1.809000e-02  1.000000e-06  3.474682e-01  8.105262e-01  8.105262e-01  8.447752e-03  1.111963e+00  6.604593e+05  2.441548e-01  2.903338e+57  6.100041e+46  7.393404e-06  -2.947281e+96  1.000000e+00  -1.000000e+00  1.000000e+00
6.723400e+00  6.120229e+03  7.948912e+04  5.659571e+03  6.723400e+00  2.033200e+00  2.033198e+00  2.000000e-06  8.676909e+00  8.676909e+00  1.784900e-02  1.000000e-06  3.460961e-01  8.024372e-01  8.024372e-01  8.389579e-03  1.126336e+00  6.568752e+05  2.345413e-01  2.845017e+57  5.860537e+46  7.416106e-06  -2.280462e+96  1.000000e+00  -1.000000e+00  1.000000e+00
6.723400e+00  6.875298e+03  7.948912e+04  6.414631e+03  6.723400e+00  2.005756e+00  2.005755e+00  2.000000e-06  8.597318e+00  8.597318e+00  1.758700e-02  1.000000e-06  3.445853e-01  7.936553e-01  7.936553e-01  8.362162e-03  1.147472e+00  6.529338e+05  2.243817e-01  2.788373e+57  5.607432e+46  6.653455e-06  -1.864626e+96  1.000000e+00  -1.000000e+00  1.000000e+00
6.723400e+00  7.731096e+03  7.948912e+04  7.270426e+03  6.723400e+00  1.979131e+00  1.979130e+00  1.000000e-06  8.523493e+00  8.523493e+00  1.730400e-02  1.000000e-06  3.429561e-01  7.843273e-01  7.843273e-01  8.366654e-03  1.175622e+00  6.487229e+05  2.137262e-01  2.733842e+57  5.341890e+46  5.684752e-06  -1.582612e+96  1.000000e+00  -1.000000e+00  1.000000e+00
6.723400e+00  8.701063e+03  7.948912e+04  8.240395e+03  6.723400e+00  1.953507e+00  1.953506e+00  1.000000e-06  8.455578e+00  8.455578e+00  1.700000e-02  1.000000e-06  3.412348e-01  7.746280e-01  7.746280e-01  8.395352e-03  1.209736e+00  6.434837e+05  2.026335e-01  2.675492e+57  5.065379e+46  5.181415e-06  -1.282157e+96  1.000000e+00  -1.000000e+00  1.000000e+00
6.723400e+00  9.800430e+03  7.948912e+04  9.339770e+03  6.723400e+00  1.929046e+00  1.929045e+00  1.000000e-06  8.393855e+00  8.393855e+00  1.667300e-02  1.000000e-06  3.394398e-01  7.646804e-01  7.646804e-01  8.446582e-03  1.249619e+00  6.389799e+05  1.911763e-01  2.626255e+57  4.779710e+46  5.256853e-06  -9.428534e+95  1.000000e+00  -1.000000e+00  1.000000e+00
6.723400e+00  1.104648e+04  7.948912e+04  1.058582e+04  6.723400e+00  1.905887e+00  1.905886e+00  1.000000e-06  8.338297e+00  8.338297e+00  1.632400e-02  1.000000e-06  3.375993e-01  7.546521e-01  7.546521e-01  8.520092e-03  1.295255e+00  6.344215e+05  1.794416e-01  2.579940e+57  4.487041e+46  4.932388e-06  -7.326119e+95  1.000000e+00  -1.000000e+00  1.000000e+00
6.723400e+00  1.245877e+04  7.948912e+04  1.199810e+04  6.723400e+00  1.884148e+00  1.884147e+00  1.000000e-06  8.289036e+00  8.289036e+00  1.595500e-02  1.000000e-06  3.357320e-01  7.446507e-01  7.446507e-01  8.606968e-03  1.345222e+00  6.298782e+05  1.675292e-01  2.536783e+57  4.189833e+46  4.359544e-06  -5.943242e+95  1.000000e+00  -1.000000e+00  1.000000e+00
6.723400e+00  1.405947e+04  7.948912e+04  1.359880e+04  6.723400e+00  1.863928e+00  1.863927e+00  1.000000e-06  8.245970e+00  8.245970e+00  1.556400e-02  1.000000e-06  3.338636e-01  7.348129e-01  7.348129e-01  8.709841e-03  1.399845e+00  6.246541e+05  1.555397e-01  2.491277e+57  3.890676e+46  4.102068e-06  -4.582566e+95  1.000000e+00  -1.000000e+00  1.000000e+00
6.723400e+00  1.587372e+04  7.948912e+04  1.541306e+04  6.723400e+00  1.845307e+00  1.845306e+00  1.000000e-06  8.209052e+00  8.209052e+00  1.515500e-02  1.000000e-06  3.320147e-01  7.252392e-01  7.252392e-01  8.823490e-03  1.458037e+00  6.203178e+05  1.435912e-01  2.454872e+57  3.592426e+46  4.181081e-06  -3.141119e+95  1.000000e+00  -1.000000e+00  1.000000e+00
6.723400e+00  1.793002e+04  7.948912e+04  1.746936e+04  6.723400e+00  1.828343e+00  1.828342e+00  1.000000e-06  8.178138e+00  8.178138e+00  1.472800e-02  0.000000e+00  3.302059e-01  7.160256e-01  7.160256e-01  8.944231e-03  1.518872e+00  6.161521e+05  1.317950e-01  2.421929e+57  3.297890e+46  3.958309e-06  -2.298994e+95  1.000000e+00  -1.000000e+00  1.000000e+00
6.723400e+00  2.025605e+04  7.948912e+04  1.979538e+04  6.723400e+00  1.813103e+00  1.813102e+00  1.000000e-06  8.152950e+00  8.152950e+00  1.428600e-02  0.000000e+00  3.284652e-01  7.072960e-01  7.072960e-01  9.067310e-03  1.581004e+00  6.121937e+05  1.202828e-01  2.392374e+57  3.010358e+46  3.849982e-06  -1.845902e+95  1.000000e+00  -1.000000e+00  1.000000e+00
9.236700e+00  1.030404e+02  8.076418e+04  1.000000e+00  9.236700e+00  1.157930e-01  1.157900e-01  4.000000e-06  1.623234e+01  1.623234e+01  2.343700e-02  3.200000e-05  1.053619e-02  1.070568e-02  1.070568e-02  2.316059e-02  1.189180e+08  1.740288e+04  5.393896e-01  1.455818e+56  1.525118e+47  6.517718e-06  1.717986e+98  1.000000e+00  1.000000e+00  0.000000e+00
9.236700e+00  1.076573e+02  8.076418e+04  1.133400e+00  9.236700e+00  1.244870e-01  1.244830e-01  4.000000e-06  1.544237e+01  1.544237e+01  2.343600e-02  2.900000e-05  1.190668e-02  1.212365e-02  1.212365e-02  2.767740e-02  7.710454e+07  1.873672e+04  5.393394e-01  1.566757e+56  1.524977e+47  6.512315e-06  1.663557e+98  1.000000e+00  1.000000e+00  0.000000e+00
9.236700e+00  1.131115e+02  8.076418e+04  1.284600e+00  9.236700e+00  1.342300e-01  1.342270e-01  4.000000e-06  1.479663e+01  1.479663e+01  2.343500e-02  2.700000e-05  1.339890e-02  1.367436e-02  1.367436e-02  3.290730e-02  5.079886e+07  2.023427e+04  5.392804e-01  1.688777e+56  1.524808e+47  6.498505e-06  1.595899e+98  1.000000e+00  1.000000e+00  0.000000e+00
9.236700e+00  1.191072e+02  8.076418e+04  1.456000e+00  9.236700e+00  1.449950e-01  1.449910e-01  4.000000e-06  1.426242e+01  1.426242e+01  2.343400e-02  2.500000e-05  1.501556e-02  1.536246e-02  1.536246e-02  3.875555e-02  3.384802e+07  2.189297e+04  5.392087e-01  1.822329e+56  1.524615e+47  6.481460e-06  1.674171e+98  1.000000e+00  1.000000e+00  0.000000e+00
9.236700e+00  1.250167e+02  8.076418e+04  1.650300e+00  9.236700e+00  1.567610e-01  1.567580e-01  4.000000e-06  1.381858e+01  1.381858e+01  2.343300e-02  2.300000e-05  1.675549e-02  1.718872e-02  1.718872e-02  4.510874e-02  2.277116e+07  2.371094e+04  5.391421e-01  1.967456e+56  1.524428e+47  6.462612e-06  1.736370e+98  1.000000e+00  1.000000e+00  0.000000e+00
9.236700e+00  1.316026e+02  8.076418e+04  1.870400e+00  9.236700e+00  1.696260e-01  1.696230e-01  4.000000e-06  1.344666e+01  1.344666e+01  2.343200e-02  2.200000e-05  1.863205e-02  1.916950e-02  1.916950e-02  5.189723e-02  1.540808e+07  2.570488e+04  5.390683e-01  2.125560e+56  1.524220e+47  6.441345e-06  1.825309e+98  1.000000e+00  1.000000e+00  0.000000e+00
9.236700e+00  1.379494e+02  8.076418e+04  2.120000e+00  9.236700e+00  1.836120e-01  1.836090e-01  4.000000e-06  1.313432e+01  1.313432e+01  2.343100e-02  2.000000e-05  2.064792e-02  2.131026e-02  2.131026e-02  5.898882e-02  1.047842e+07  2.788014e+04  5.389963e-01  2.297067e+56  1.524016e+47  6.416490e-06  1.585275e+98  1.000000e+00  1.000000e+00  0.000000e+00
9.236700e+00  1.527256e+02  8.076418e+04  2.402800e+00  9.236700e+00  1.968010e-01  1.967970e-01  4.000000e-06  1.289403e+01  1.289403e+01  2.342900e-02  1.900000e-05  2.254346e-02  2.333560e-02  2.333560e-02  6.527064e-02  7.473470e+06  2.993956e+04  5.388354e-01  2.458465e+56  1.523564e+47  6.390460e-06  2.053419e+98  1.000000e+00  1.000000e+00  0.000000e+00
9.236700e+00  1.576382e+02  8.076418e+04  2.723400e+00  9.236700e+00  2.107490e-01  2.107450e-01  4.000000e-06  1.267401e+01  1.267401e+01  2.342800e-02  1.700000e-05  2.456029e-02  2.550380e-02  2.550380e-02  7.136385e-02  5.323762e+06  3.212714e+04  5.387758e-01  2.628782e+56  1.523396e+47  6.364174e-06  2.641457e+98  1.000000e+00  1.000000e+00  0.000000e+00
9.236700e+00  1.627167e+02  8.076418e+04  3.086700e+00  9.236700e+00  2.271080e-01  2.271050e-01  4.000000e-06  1.246907e+01  1.246907e+01  2.342700e-02  1.600000e-05  2.690174e-02  2.803838e-02  2.803838e-02  7.802223e-02  3.691698e+06  3.470326e+04  5.387121e-01  2.828765e+56  1.523218e+47  6.337966e-06  2.984447e+98  1.000000e+00  1.000000e+00  0.000000e+00
9.236700e+00  1.679681e+02  8.076418e+04  3.498500e+00  9.236700e+00  2.460940e-01  2.460900e-01  4.000000e-06  1.228895e+01  1.228895e+01  2.342600e-02  1.500000e-05  2.957792e-02  3.095843e-02  3.095843e-02  8.517436e-02  2.508299e+06  3.770560e+04  5.386475e-01  3.061339e+56  1.523033e+47  6.309138e-06  3.340164e+98  1.000000e+00  1.000000e+00  0.000000e+00
9.236700e+00  1.734000e+02  8.076418e+04  3.965200e+00  9.236700e+00  2.679130e-01  2.679090e-01  4.000000e-06  1.213853e+01  1.213853e+01  2.342500e-02  1.400000e-05  3.259933e-02  3.428527e-02  3.428527e-02  9.269696e-02  1.678529e+06  4.117307e+04  5.385796e-01  3.329416e+56  1.522838e+47  6.276238e-06  3.705479e+98  1.000000e+00  1.000000e+00  0.000000e+00
9.236700e+00  1.790190e+02  8.076418e+04  4.494300e+00  9.236700e+00  2.927690e-01  2.927650e-01  4.000000e-06  1.201968e+01  1.201968e+01  2.342400e-02  1.200000e-05  3.597608e-02  3.804174e-02  3.804174e-02  1.004260e-01  1.110918e+06  4.514519e+04  5.385026e-01  3.635872e+56  1.522627e+47  6.240068e-06  4.077860e+98  1.000000e+00  1.000000e+00  0.000000e+00
9.236700e+00  1.848335e+02  8.076418e+04  5.093900e+00  9.236700e+00  3.208680e-01  3.208640e-01  4.000000e-06  1.193220e+01  1.193220e+01  2.342300e-02  1.100000e-05  3.971801e-02  4.225266e-02  4.225266e-02  1.081746e-01  7.296213e+05  4.966271e+04  5.384249e-01  3.983612e+56  1.522409e+47  6.200335e-06  4.455821e+98  1.000000e+00  1.000000e+00  0.000000e+00
9.236700e+00  1.908524e+02  8.076418e+04  5.773400e+00  9.236700e+00  3.524140e-01  3.524110e-01  4.000000e-06  1.187468e+01  1.187468e+01  2.342200e-02  1.000000e-05  4.383422e-02  4.694448e-02  4.694448e-02  1.157360e-01  4.767711e+05  5.476885e+04  5.383430e-01  4.375667e+56  1.522177e+47  6.155907e-06  4.837787e+98  1.000000e+00  1.000000e+00  0.000000e+00
9.236700e+00  1.970844e+02  8.076418e+04  6.543700e+00  9.236700e+00  3.876120e-01  3.876080e-01  4.000000e-06  1.184484e+01  1.184484e+01  2.342100e-02  9.000000e-06  4.833361e-02  5.214625e-02  5.214625e-02  1.229062e-01  3.106256e+05  6.050979e+04  5.382555e-01  4.815184e+56  1.521932e+47  6.106304e-06  5.221910e+98  1.000000e+00  1.000000e+00  0.000000e+00
9.236700e+00  2.035396e+02  8.076418e+04  7.416700e+00  9.236700e+00  4.266600e-01  4.266570e-01  4.000000e-06  1.184010e+01  1.184010e+01  2.341900e-02  9.000000e-06  5.322411e-02  5.788909e-02  5.788909e-02  1.294857e-01  2.021089e+05  6.693362e+04  5.381691e-01  5.305429e+56  1.521677e+47  6.052705e-06  5.606035e+98  1.000000e+00  1.000000e+00  0.000000e+00
9.236700e+00  2.102287e+02  8.076418e+04  8.406200e+00  9.236700e+00  4.697510e-01  4.697470e-01  4.000000e-06  1.185764e+01  1.185764e+01  2.341800e-02  8.000000e-06  5.851282e-02  6.420661e-02  6.420661e-02  1.352912e-01  1.314994e+05  7.408707e+04  5.380709e-01  5.849372e+56  1.521400e+47  5.994495e-06  5.987936e+98  1.000000e+00  1.000000e+00  0.000000e+00
9.236700e+00  2.171631e+02  8.076418e+04  9.527700e+00  9.236700e+00  5.170610e-01  5.170570e-01  4.000000e-06  1.189464e+01  1.189464e+01  2.341600e-02  7.000000e-06  6.420547e-02  7.113476e-02  7.113476e-02  1.401612e-01  8.563966e+04  8.202221e+04  5.379598e-01  6.450364e+56  1.521098e+47  5.906053e-06  6.018710e+98  1.000000e+00  1.000000e+00  0.000000e+00
9.236700e+00  4.714565e+02  8.076418e+04  1.079880e+01  9.236700e+00  5.339710e-01  5.339680e-01  4.000000e-06  1.187924e+01  1.187924e+01  2.337800e-02  7.000000e-06  6.639124e-02  7.383110e-02  7.383110e-02  1.421208e-01  7.345409e+04  8.489536e+04  5.353436e-01  6.666064e+56  1.513726e+47  6.491000e-06  -6.676092e+98  1.000000e+00  -1.000000e+00  1.000000e+00
9.236700e+00  4.728972e+02  8.076418e+04  1.223950e+01  9.236700e+00  5.234130e-01  5.234100e-01  4.000000e-06  1.177615e+01  1.177615e+01  2.337700e-02  7.000000e-06  6.564823e-02  7.291225e-02  7.291225e-02  1.404433e-01  7.678817e+04  8.317246e+04  5.352889e-01  6.529853e+56  1.513565e+47  6.233405e-06  -5.759973e+98  1.000000e+00  -1.000000e+00  1.000000e+00
9.236700e+00  4.745300e+02  8.076418e+04  1.387240e+01  9.236700e+00  5.152300e-01  5.152260e-01  4.000000e-06  1.163820e+01  1.163820e+01  2.337600e-02  7.000000e-06  6.538780e-02  7.259075e-02  7.259075e-02  1.374861e-01  7.668031e+04  8.187610e+04  5.352157e-01  6.422203e+56  1.513372e+47  6.847934e-06  -3.635671e+98  1.000000e+00  -1.000000e+00  1.000000e+00
9.236700e+00  4.763807e+02  8.076418e+04  1.572320e+01  9.236700e+00  5.104330e-01  5.104290e-01  4.000000e-06  1.147024e+01  1.147024e+01  2.337500e-02  7.000000e-06  6.572761e-02  7.301030e-02  7.301030e-02  1.336111e-01  7.261250e+04  8.120292e+04  5.351411e-01  6.358194e+56  1.513162e+47  -4.370450e-06  -1.436319e+98  -1.000000e+00  -1.000000e+00  1.000000e+00
9.236700e+00  4.784787e+02  8.076418e+04  1.782080e+01  9.236700e+00  5.101610e-01  5.101580e-01  4.000000e-06  1.127749e+01  1.127749e+01  2.337400e-02  7.000000e-06  6.681538e-02  7.435668e-02  7.435668e-02  1.291880e-01  6.467692e+04  8.130928e+04  5.350563e-01  6.349820e+56  1.512923e+47  -1.904341e-06  7.507853e+97  -1.000000e+00  1.000000e+00  1.000000e+00
9.236700e+00  4.808563e+02  8.076418e+04  2.019840e+01  9.236700e+00  5.156100e-01  5.156060e-01  4.000000e-06  1.106837e+01  1.106837e+01  2.337300e-02  7.000000e-06  6.880489e-02  7.683234e-02  7.683234e-02  1.246104e-01  5.387240e+04  8.242250e+04  5.349603e-01  6.414224e+56  1.512653e+47  5.056775e-06  2.862783e+98  1.000000e+00  1.000000e+00  1.000000e+00
9.236700e+00  4.835509e+02  8.076418e+04  2.289310e+01  9.236700e+00  5.279070e-01  5.279030e-01  4.000000e-06  1.085393e+01  1.085393e+01  2.337100e-02  7.000000e-06  7.183764e-02  8.063930e-02  8.063930e-02  1.202725e-01  4.190987e+04  8.470429e+04  5.348592e-01  6.563525e+56  1.512354e+47  5.348577e-06  4.925921e+98  1.000000e+00  1.000000e+00  1.000000e+00
9.236700e+00  4.866048e+02  8.076418e+04  2.594730e+01  9.236700e+00  5.480170e-01  5.480130e-01  4.000000e-06  1.064673e+01  1.064673e+01  2.336900e-02  7.000000e-06  7.602543e-02  8.596317e-02  8.596317e-02  1.164856e-01  3.057668e+04  8.851238e+04  5.347283e-01  6.824314e+56  1.511999e+47  5.394880e-06  6.658393e+98  1.000000e+00  1.000000e+00  1.000000e+00
9.236700e+00  4.900671e+02  8.076418e+04  2.940900e+01  9.236700e+00  5.766490e-01  5.766460e-01  4.000000e-06  1.045943e+01  1.045943e+01  2.336700e-02  6.000000e-06  8.143018e-02  9.295189e-02  9.295189e-02  1.134099e-01  2.111666e+04  9.367191e+04  5.345886e-01  7.182846e+56  1.511606e+47  5.431355e-06  8.148296e+98  1.000000e+00  1.000000e+00  1.000000e+00
9.236700e+00  4.939909e+02  8.076418e+04  3.333260e+01  9.236700e+00  6.142300e-01  6.142260e-01  4.000000e-06  1.030208e+01  1.030208e+01  2.336500e-02  6.000000e-06  8.806174e-02  1.017142e-01  1.017142e-01  1.110140e-01  1.397484e+04  1.008055e+05  5.344304e-01  7.684575e+56  1.511161e+47  5.354699e-06  9.306763e+98  1.000000e+00  1.000000e+00  1.000000e+00
9.236700e+00  4.984378e+02  8.076418e+04  3.777960e+01  9.236700e+00  6.609000e-01  6.608960e-01  4.000000e-06  1.018063e+01  1.018063e+01  2.336200e-02  5.000000e-06  9.588322e-02  1.123246e-01  1.123246e-01  1.091819e-01  8.981529e+03  1.093555e+05  5.342571e-01  8.286102e+56  1.510662e+47  5.429287e-06  9.869876e+98  1.000000e+00  1.000000e+00  1.000000e+00
9.236700e+00  5.034775e+02  8.076418e+04  4.281980e+01  9.236700e+00  7.165400e-01  7.165360e-01  4.000000e-06  1.009675e+01  1.009675e+01  2.335900e-02  5.000000e-06  1.048191e-01  1.248303e-01  1.248303e-01  1.076709e-01  5.672868e+03  1.196707e+05  5.340485e-01  9.011314e+56  1.510085e+47  5.264876e-06  1.054984e+99  1.000000e+00  1.000000e+00  1.000000e+00
9.236700e+00  5.091908e+02  8.076418e+04  4.853260e+01  9.236700e+00  7.808170e-01  7.808130e-01  4.000000e-06  1.004898e+01  1.004898e+01  2.335600e-02  5.000000e-06  1.147648e-01  1.392578e-01  1.392578e-01  1.061379e-01  3.554228e+03  1.322558e+05  5.338185e-01  9.895342e+56  1.509437e+47  5.171956e-06  1.074215e+99  1.000000e+00  1.000000e+00  1.000000e+00
9.236700e+00  5.156662e+02  8.076418e+04  5.500740e+01  9.236700e+00  8.531830e-01  8.531800e-01  4.000000e-06  1.003364e+01  1.003364e+01  2.335200e-02  4.000000e-06  1.255930e-01  1.556146e-01  1.556146e-01  1.042950e-01  2.225089e+03  1.460589e+05  5.335585e-01  1.085627e+57  1.508704e+47  5.085778e-06  1.067355e+99  1.000000e+00  1.000000e+00  1.000000e+00
9.236700e+00  5.230050e+02  8.076418e+04  6.234610e+01  9.236700e+00  9.329130e-01  9.329090e-01  4.000000e-06  1.004601e+01  1.004601e+01  2.334800e-02  4.000000e-06  1.371606e-01  1.738910e-01  1.738910e-01  1.018887e-01  1.399220e+03  1.623279e+05  5.332640e-01  1.198383e+57  1.507874e+47  4.941467e-06  1.048237e+99  1.000000e+00  1.000000e+00  1.000000e+00
9.236700e+00  5.313221e+02  8.076418e+04  7.066390e+01  9.236700e+00  1.019095e+00  1.019091e+00  4.000000e-06  1.008043e+01  1.008043e+01  2.334300e-02  4.000000e-06  1.493197e-01  1.940688e-01  1.940688e-01  9.871007e-02  8.865107e+02  1.796168e+05  5.329291e-01  1.316578e+57  1.506933e+47  4.820051e-06  1.004908e+99  1.000000e+00  1.000000e+00  1.000000e+00
9.236700e+00  5.407496e+02  8.076418e+04  8.009140e+01  9.236700e+00  1.110655e+00  1.110652e+00  4.000000e-06  1.013134e+01  1.013134e+01  2.333700e-02  3.000000e-06  1.619176e-01  2.161124e-01  2.161124e-01  9.476400e-02  5.676514e+02  1.993852e+05  5.325516e-01  1.450722e+57  1.505869e+47  4.669674e-06  9.527849e+98  1.000000e+00  1.000000e+00  1.000000e+00
9.236700e+00  5.514360e+02  8.076418e+04  9.077660e+01  9.236700e+00  1.206369e+00  1.206365e+00  4.000000e-06  1.019342e+01  1.019342e+01  2.333100e-02  3.000000e-06  1.748001e-01  2.399661e-01  2.399661e-01  9.007206e-02  3.679520e+02  2.197118e+05  5.321232e-01  1.585964e+57  1.504663e+47  4.545797e-06  8.801268e+98  1.000000e+00  1.000000e+00  1.000000e+00
9.236700e+00  5.635472e+02  8.076418e+04  1.028874e+02  9.236700e+00  1.304899e+00  1.304896e+00  4.000000e-06  1.026193e+01  1.026193e+01  2.332400e-02  3.000000e-06  1.878146e-01  2.655483e-01  2.655483e-01  8.475675e-02  2.417891e+02  2.422858e+05  5.316389e-01  1.734482e+57  1.503300e+47  4.335623e-06  8.187876e+98  1.000000e+00  1.000000e+00  1.000000e+00
9.236700e+00  5.772730e+02  8.076418e+04  1.166139e+02  9.236700e+00  1.404820e+00  1.404817e+00  4.000000e-06  1.033254e+01  1.033254e+01  2.331600e-02  3.000000e-06  2.008146e-01  2.927507e-01  2.927507e-01  7.898925e-02  1.612500e+02  2.654928e+05  5.310914e-01  1.883764e+57  1.501757e+47  4.147714e-06  7.445550e+98  1.000000e+00  1.000000e+00  1.000000e+00
9.236700e+00  5.928297e+02  8.076418e+04  1.321717e+02  9.236700e+00  1.504671e+00  1.504668e+00  4.000000e-06  1.040150e+01  1.040150e+01  2.330700e-02  2.000000e-06  2.136619e-01  3.214339e-01  3.214339e-01  7.295805e-02  1.092301e+02  2.906008e+05  5.304770e-01  2.042826e+57  1.500017e+47  3.952531e-06  6.696295e+98  1.000000e+00  1.000000e+00  1.000000e+00
9.236700e+00  6.104652e+02  8.076418e+04  1.498051e+02  9.236700e+00  1.603012e+00  1.603008e+00  4.000000e-06  1.046570e+01  1.046570e+01  2.329700e-02  2.000000e-06  2.262300e-01  3.514253e-01  3.514253e-01  6.685384e-02  7.521220e+01  3.156349e+05  5.297701e-01  2.196535e+57  1.498036e+47  3.846241e-06  5.742671e+98  1.000000e+00  1.000000e+00  1.000000e+00
9.236700e+00  6.304521e+02  8.076418e+04  1.697911e+02  9.236700e+00  1.698465e+00  1.698461e+00  4.000000e-06  1.052259e+01  1.052259e+01  2.328500e-02  2.000000e-06  2.384051e-01  3.825166e-01  3.825166e-01  6.084024e-02  5.266503e+01  3.410002e+05  5.289767e-01  2.347566e+57  1.495802e+47  3.611583e-06  5.047951e+98  1.000000e+00  1.000000e+00  1.000000e+00
9.236700e+00  6.531038e+02  8.076418e+04  1.924434e+02  9.236700e+00  1.789758e+00  1.789755e+00  4.000000e-06  1.057004e+01  1.057004e+01  2.327200e-02  2.000000e-06  2.500919e-01  4.144734e-01  4.144734e-01  5.505682e-02  3.751643e+01  3.674341e+05  5.280804e-01  2.501233e+57  1.493278e+47  3.374499e-06  4.386280e+98  1.000000e+00  1.000000e+00  1.000000e+00
9.236700e+00  6.787757e+02  8.076418e+04  2.181178e+02  9.236700e+00  1.875773e+00  1.875770e+00  4.000000e-06  1.060654e+01  1.060654e+01  2.325700e-02  2.000000e-06  2.612091e-01  4.470252e-01  4.470252e-01  4.960607e-02  2.719611e+01  3.935281e+05  5.270682e-01  2.646783e+57  1.490426e+47  3.149811e-06  3.725732e+98  1.000000e+00  1.000000e+00  1.000000e+00
9.236700e+00  7.078781e+02  8.076418e+04  2.472176e+02  9.236700e+00  1.955569e+00  1.955565e+00  4.000000e-06  1.063091e+01  1.063091e+01  2.324000e-02  2.000000e-06  2.716968e-01  4.798886e-01  4.798886e-01  4.454568e-02  2.005816e+01  4.201226e+05  5.259232e-01  2.790596e+57  1.487203e+47  2.997711e-06  3.033691e+98  1.000000e+00  1.000000e+00  1.000000e+00
9.236700e+00  7.408620e+02  8.076418e+04  2.801996e+02  9.236700e+00  2.028403e+00  2.028399e+00  4.000000e-06  1.064252e+01  1.064252e+01  2.322100e-02  2.000000e-06  2.815084e-01  5.127516e-01  5.127516e-01  3.993527e-02  1.505963e+01  4.444393e+05  5.246348e-01  2.911841e+57  1.483569e+47  2.786568e-06  2.445724e+98  1.000000e+00  1.000000e+00  1.000000e+00
9.236700e+00  7.782441e+02  8.076418e+04  3.175819e+02  9.236700e+00  2.093728e+00  2.093725e+00  4.000000e-06  1.064104e+01  1.064104e+01  2.320000e-02  2.000000e-06  2.906150e-01  5.452979e-01  5.452979e-01  3.576752e-02  1.150304e+01  4.698743e+05  5.231800e-01  3.036302e+57  1.479466e+47  2.492612e-06  2.048395e+98  1.000000e+00  1.000000e+00  1.000000e+00
9.236700e+00  8.206108e+02  8.076418e+04  3.599514e+02  9.236700e+00  2.151202e+00  2.151199e+00  4.000000e-06  1.062647e+01  1.062647e+01  2.317500e-02  2.000000e-06  2.990019e-01  5.772081e-01  5.772081e-01  3.203468e-02  8.936080e+00  4.936048e+05  5.215301e-01  3.143121e+57  1.474830e+47  2.346449e-06  1.517486e+98  1.000000e+00  1.000000e+00  1.000000e+00
9.236700e+00  8.686339e+02  8.076418e+04  4.079736e+02  9.236700e+00  2.200669e+00  2.200666e+00  4.000000e-06  1.059907e+01  1.059907e+01  2.314800e-02  2.000000e-06  3.066682e-01  6.081754e-01  6.081754e-01  2.872827e-02  7.061056e+00  5.153263e+05  5.196773e-01  3.230516e+57  1.469611e+47  2.129916e-06  1.124728e+98  1.000000e+00  1.000000e+00  1.000000e+00
9.236700e+00  9.230662e+02  8.076418e+04  4.624025e+02  9.236700e+00  2.242140e+00  2.242136e+00  4.000000e-06  1.055938e+01  1.055938e+01  2.311700e-02  2.000000e-06  3.136216e-01  6.378993e-01  6.378993e-01  2.581727e-02  5.672667e+00  5.361826e+05  5.175904e-01  3.307601e+57  1.463733e+47  1.838018e-06  8.631869e+97  1.000000e+00  1.000000e+00  1.000000e+00
9.236700e+00  9.847572e+02  8.076418e+04  5.240930e+02  9.236700e+00  2.275773e+00  2.275769e+00  3.000000e-06  1.050814e+01  1.050814e+01  2.308200e-02  2.000000e-06  3.198783e-01  6.661037e-01  6.661037e-01  2.326186e-02  4.630458e+00  5.560254e+05  5.152419e-01  3.373930e+57  1.457118e+47  1.540780e-06  6.439282e+97  1.000000e+00  1.000000e+00  1.000000e+00
9.236700e+00  1.054675e+03  8.076418e+04  5.940138e+02  9.236700e+00  2.301846e+00  2.301843e+00  3.000000e-06  1.044616e+01  1.044616e+01  2.304200e-02  2.000000e-06  3.254626e-01  6.925470e-01  6.925470e-01  2.103121e-02  3.839447e+00  5.747079e+05  5.126014e-01  3.429140e+57  1.449681e+47  1.280512e-06  4.199163e+97  1.000000e+00  1.000000e+00  1.000000e+00
9.236700e+00  1.133922e+03  8.076418e+04  6.732629e+02  9.236700e+00  2.320743e+00  2.320740e+00  3.000000e-06  1.037453e+01  1.037453e+01  2.299800e-02  1.000000e-06  3.304001e-01  7.170078e-01  7.170078e-01  1.908816e-02  3.231962e+00  5.906953e+05  5.096358e-01  3.462515e+57  1.441327e+47  9.711669e-07  2.666428e+97  1.000000e+00  1.000000e+00  1.000000e+00
9.236700e+00  1.223749e+03  8.076418e+04  7.630849e+02  9.236700e+00  2.332910e+00  2.332907e+00  3.000000e-06  1.029419e+01  1.029419e+01  2.294700e-02  1.000000e-06  3.347246e-01  7.393255e-01  7.393255e-01  1.740273e-02  2.761140e+00  6.067033e+05  5.063125e-01  3.495130e+57  1.431959e+47  5.898110e-07  1.666033e+97  1.000000e+00  1.000000e+00  1.000000e+00
9.236700e+00  1.325556e+03  8.076418e+04  8.648903e+02  9.236700e+00  2.338854e+00  2.338851e+00  3.000000e-06  1.020628e+01  1.020628e+01  2.289100e-02  1.000000e-06  3.384676e-01  7.593621e-01  7.593621e-01  1.594158e-02  2.392538e+00  6.199409e+05  5.025892e-01  3.507034e+57  1.421464e+47  2.228197e-07  4.502125e+96  1.000000e+00  1.000000e+00  1.000000e+00
9.236700e+00  1.440942e+03  8.076418e+04  9.802778e+02  9.236700e+00  2.339114e+00  2.339111e+00  3.000000e-06  1.011202e+01  1.011202e+01  2.282700e-02  1.000000e-06  3.416609e-01  7.770145e-01  7.770145e-01  1.467729e-02  2.101752e+00  6.316849e+05  4.984132e-01  3.508338e+57  1.409711e+47  -2.994314e-07  -3.923543e+96  -1.000000e+00  -1.000000e+00  1.000000e+00
9.236700e+00  1.571717e+03  8.076418e+04  1.111060e+03  9.236700e+00  2.334245e+00  2.334242e+00  3.000000e-06  1.001241e+01  1.001241e+01  2.275600e-02  1.000000e-06  3.443416e-01  7.922508e-01  7.922508e-01  1.360025e-02  1.872888e+00  6.406296e+05  4.937568e-01  3.490139e+57  1.396592e+47  -8.007283e-07  -8.196381e+96  -1.000000e+00  -1.000000e+00  1.000000e+00
9.236700e+00  1.719954e+03  8.076418e+04  1.259289e+03  9.236700e+00  2.324804e+00  2.324801e+00  3.000000e-06  9.908520e+00  9.908520e+00  2.267600e-02  1.000000e-06  3.465447e-01  8.050701e-01  8.050701e-01  1.267041e-02  1.690055e+00  6.495632e+05  4.885665e-01  3.474034e+57  1.381968e+47  -1.456464e-06  -8.104387e+96  -1.000000e+00  -1.000000e+00  1.000000e+00
9.236700e+00  1.887962e+03  8.076418e+04  1.427295e+03  9.236700e+00  2.311348e+00  2.311345e+00  3.000000e-06  9.801486e+00  9.801486e+00  2.258600e-02  1.000000e-06  3.483012e-01  8.154905e-01  8.154905e-01  1.187452e-02  1.544382e+00  6.570709e+05  4.827933e-01  3.450016e+57  1.365699e+47  -2.818791e-06  -1.130310e+97  -1.000000e+00  -1.000000e+00  1.000000e+00
9.236700e+00  2.078381e+03  8.076418e+04  1.617714e+03  9.236700e+00  2.294411e+00  2.294408e+00  3.000000e-06  9.692388e+00  9.692388e+00  2.248600e-02  1.000000e-06  3.496408e-01  8.235595e-01  8.235595e-01  1.119456e-02  1.428264e+00  6.619329e+05  4.763856e-01  3.409384e+57  1.347642e+47  -4.610512e-06  -1.351817e+97  -1.000000e+00  -1.000000e+00  1.000000e+00
9.236700e+00  2.294199e+03  8.076418e+04  1.833538e+03  9.236700e+00  2.274511e+00  2.274508e+00  3.000000e-06  9.582215e+00  9.582215e+00  2.237400e-02  1.000000e-06  3.505934e-01  8.293642e-01  8.293642e-01  1.061265e-02  1.335697e+00  6.655803e+05  4.692931e-01  3.363422e+57  1.327652e+47  -5.724732e-06  -1.200535e+97  -1.000000e+00  -1.000000e+00  1.000000e+00
9.236700e+00  2.538819e+03  8.076418e+04  2.078156e+03  9.236700e+00  2.252139e+00  2.252136e+00  3.000000e-06  9.471895e+00  9.471895e+00  2.224800e-02  1.000000e-06  3.511882e-01  8.330161e-01  8.330161e-01  1.012190e-02  1.263204e+00  6.693093e+05  4.614639e-01  3.322216e+57  1.305586e+47  -1.446109e-05  -1.114961e+97  -1.000000e+00  -1.000000e+00  1.000000e+00
9.236700e+00  2.816077e+03  8.076418e+04  2.355409e+03  9.236700e+00  2.227757e+00  2.227753e+00  3.000000e-06  9.362364e+00  9.362364e+00  2.210900e-02  1.000000e-06  3.514502e-01  8.346322e-01  8.346322e-01  9.708780e-03  1.207120e+00  6.706944e+05  4.528527e-01  3.267889e+57  1.281308e+47  -5.747830e-05  -1.143619e+97  -1.000000e+00  -1.000000e+00  1.000000e+00
9.236700e+00  3.130319e+03  8.076418e+04  2.669651e+03  9.236700e+00  2.201794e+00  2.201791e+00  3.000000e-06  9.254288e+00  9.254288e+00  2.195400e-02  1.000000e-06  3.514110e-01  8.343897e-01  8.343897e-01  9.363436e-03  1.164843e+00  6.710739e+05  4.434081e-01  3.210685e+57  1.254685e+47  -4.527329e-04  -1.031269e+97  -1.000000e+00  -1.000000e+00  1.000000e+00
9.236700e+00  3.486480e+03  8.076418e+04  3.025817e+03  9.236700e+00  2.174657e+00  2.174654e+00  3.000000e-06  9.148706e+00  9.148706e+00  2.178300e-02  1.000000e-06  3.510854e-01  8.323834e-01  8.323834e-01  9.082242e-03  1.135086e+00  6.705733e+05  4.331022e-01  3.151698e+57  1.225616e+47  4.511903e-05  -9.129126e+96  1.000000e+00  -1.000000e+00  1.000000e+00
9.236700e+00  3.890162e+03  8.076418e+04  3.429500e+03  9.236700e+00  2.146712e+00  2.146709e+00  3.000000e-06  9.046032e+00  9.046032e+00  2.159300e-02  1.000000e-06  3.505074e-01  8.288379e-01  8.288379e-01  8.854192e-03  1.115754e+00  6.692590e+05  4.218836e-01  3.091494e+57  1.193989e+47  1.841551e-05  -7.968949e+96  1.000000e+00  -1.000000e+00  1.000000e+00
9.236700e+00  4.347708e+03  8.076418e+04  3.887040e+03  9.236700e+00  2.118300e+00  2.118297e+00  3.000000e-06  8.947025e+00  8.947025e+00  2.138400e-02  1.000000e-06  3.496958e-01  8.238935e-01  8.238935e-01  8.676762e-03  1.106164e+00  6.672341e+05  4.097490e-01  3.030829e+57  1.159762e+47  1.263090e-05  -6.855747e+96  1.000000e+00  -1.000000e+00  1.000000e+00
9.236700e+00  4.866291e+03  8.076418e+04  4.405622e+03  9.236700e+00  2.089733e+00  2.089730e+00  3.000000e-06  8.852205e+00  8.852205e+00  2.115400e-02  1.000000e-06  3.486750e-01  8.177314e-01  8.177314e-01  8.542495e-03  1.105065e+00  6.645894e+05  3.966871e-01  2.970326e+57  1.122905e+47  9.277347e-06  -6.122098e+96  1.000000e+00  -1.000000e+00  1.000000e+00
9.236700e+00  5.454054e+03  8.076418e+04  4.993389e+03  9.236700e+00  2.061292e+00  2.061289e+00  3.000000e-06  8.762090e+00  8.762090e+00  2.090200e-02  1.000000e-06  3.474669e-01  8.105181e-01  8.105181e-01  8.447474e-03  1.111898e+00  6.604693e+05  3.826934e-01  2.903457e+57  1.083426e+47  7.396181e-06  -5.203516e+96  1.000000e+00  -1.000000e+00  1.000000e+00
9.236700e+00  6.120229e+03  8.076418e+04  5.659571e+03  9.236700e+00  2.033234e+00  2.033231e+00  2.000000e-06  8.677055e+00  8.677055e+00  2.062700e-02  1.000000e-06  3.460960e-01  8.024367e-01  8.024367e-01  8.389200e-03  1.126259e+00  6.568838e+05  3.678088e-01  2.845119e+57  1.041416e+47  7.410656e-06  -4.031096e+96  1.000000e+00  -1.000000e+00  1.000000e+00
9.236700e+00  6.875298e+03  8.076418e+04  6.414631e+03  9.236700e+00  2.005786e+00  2.005784e+00  2.000000e-06  8.597395e+00  8.597395e+00  2.032900e-02  1.000000e-06  3.445874e-01  7.936674e-01  7.936674e-01  8.362935e-03  1.147554e+00  6.529368e+05  3.520636e-01  2.788427e+57  9.969773e+46  6.648174e-06  -3.298023e+96  1.000000e+00  -1.000000e+00  1.000000e+00
9.236700e+00  7.731096e+03  8.076418e+04  7.270426e+03  9.236700e+00  1.979160e+00  1.979157e+00  2.000000e-06  8.523544e+00  8.523544e+00  2.000500e-02  1.000000e-06  3.429590e-01  7.843438e-01  7.843438e-01  8.366074e-03  1.175509e+00  6.487250e+05  3.355354e-01  2.733883e+57  9.503114e+46  5.686695e-06  -2.798405e+96  1.000000e+00  -1.000000e+00  1.000000e+00
9.236700e+00  8.701063e+03  8.076418e+04  8.240395e+03  9.236700e+00  1.953535e+00  1.953533e+00  2.000000e-06  8.455710e+00  8.455710e+00  1.965700e-02  1.000000e-06  3.412343e-01  7.746255e-01  7.746255e-01  8.394571e-03  1.209570e+00  6.434931e+05  3.183133e-01  2.675583e+57  9.016731e+46  5.181819e-06  -2.268571e+96  1.000000e+00  -1.000000e+00  1.000000e+00
9.236700e+00  9.800430e+03  8.076418e+04  9.339770e+03  9.236700e+00  1.929071e+00  1.929069e+00  2.000000e-06  8.393922e+00  8.393922e+00  1.928300e-02  1.000000e-06  3.394414e-01  7.646892e-01  7.646892e-01  8.446699e-03  1.249586e+00  6.389848e+05  3.005065e-01  2.626308e+57  8.513702e+46  5.255978e-06  -1.670194e+96  1.000000e+00  -1.000000e+00  1.000000e+00
9.236700e+00  1.104648e+04  8.076418e+04  1.058582e+04  9.236700e+00  1.905910e+00  1.905908e+00  2.000000e-06  8.338396e+00  8.338396e+00  1.888400e-02  1.000000e-06  3.375992e-01  7.546516e-01  7.546516e-01  8.518640e-03  1.295001e+00  6.344288e+05  2.822494e-01  2.580008e+57  7.997805e+46  4.932628e-06  -1.298297e+96  1.000000e+00  -1.000000e+00  1.000000e+00
9.236700e+00  1.245877e+04  8.076418e+04  1.199810e+04  9.236700e+00  1.884168e+00  1.884166e+00  2.000000e-06  8.289079e+00  8.289079e+00  1.846100e-02  1.000000e-06  3.357338e-01  7.446602e-01  7.446602e-01  8.605601e-03  1.344925e+00  6.298823e+05  2.636919e-01  2.536823e+57  7.473249e+46  4.357300e-06  -1.054474e+96  1.000000e+00  -1.000000e+00  1.000000e+00
9.236700e+00  1.405947e+04  8.076418e+04  1.359880e+04  9.236700e+00  1.863945e+00  1.863944e+00  2.000000e-06  8.245977e+00  8.245977e+00  1.801400e-02  1.000000e-06  3.338664e-01  7.348271e-01  7.348271e-01  8.709918e-03  1.399796e+00  6.246555e+05  2.450001e-01  2.491294e+57  6.944726e+46  4.101994e-06  -8.133636e+95  1.000000e+00  -1.000000e+00  1.000000e+00
9.236700e+00  1.587372e+04  8.076418e+04  1.541306e+04  9.236700e+00  1.845322e+00  1.845321e+00  2.000000e-06  8.209057e+00  8.209057e+00  1.754400e-02  1.000000e-06  3.320172e-01  7.252524e-01  7.252524e-01  8.822263e-03  1.457759e+00  6.203198e+05  2.263428e-01  2.454890e+57  6.417082e+46  4.179928e-06  -5.579830e+95  1.000000e+00  -1.000000e+00  1.000000e+00
9.236700e+00  1.793002e+04  8.076418e+04  1.746936e+04  9.236700e+00  1.828356e+00  1.828354e+00  1.000000e-06  8.178072e+00  8.178072e+00  1.705400e-02  1.000000e-06  3.302108e-01  7.160504e-01  7.160504e-01  8.944008e-03  1.518756e+00  6.161501e+05  2.079009e-01  2.421916e+57  5.895364e+46  3.959093e-06  -4.085862e+95  1.000000e+00  -1.000000e+00  1.000000e+00
9.236700e+00  2.025605e+04  8.076418e+04  1.979538e+04  9.236700e+00  1.813114e+00  1.813112e+00  1.000000e-06  8.152968e+00  8.152968e+00  1.654600e-02  1.000000e-06  3.284664e-01  7.073022e-01  7.073022e-01  9.069357e-03  1.581335e+00  6.121962e+05  1.898818e-01  2.392394e+57  5.385421e+46  3.854816e-06  -3.279115e+95  1.000000e+00  -1.000000e+00  1.000000e+00
1.268960e+01  1.030404e+02  8.206051e+04  1.000000e+00  1.268960e+01  1.150120e-01  1.150060e-01  6.000000e-06  1.631769e+01  1.631769e+01  2.703500e-02  5.000000e-05  1.041038e-02  1.057582e-02  1.057582e-02  2.276624e-02  1.241287e+08  1.728287e+04  8.412258e-01  1.445662e+56  2.709892e+47  6.518784e-06  3.002076e+98  1.000000e+00  1.000000e+00  0.000000e+00
1.268960e+01  1.076573e+02  8.206051e+04  1.133400e+00  1.268960e+01  1.236090e-01  1.236030e-01  6.000000e-06  1.551057e+01  1.551057e+01  2.703400e-02  4.600000e-05  1.177072e-02  1.198271e-02  1.198271e-02  2.721113e-02  8.028593e+07  1.860160e+04  8.411503e-01  1.555643e+56  2.709649e+47  6.513428e-06  2.916890e+98  1.000000e+00  1.000000e+00  0.000000e+00
1.268960e+01  1.131115e+02  8.206051e+04  1.284600e+00  1.268960e+01  1.333310e-01  1.333250e-01  6.000000e-06  1.484838e+01  1.484838e+01  2.703300e-02  4.300000e-05  1.326275e-02  1.353257e-02  1.353257e-02  3.241910e-02  5.266746e+07  2.009564e+04  8.410567e-01  1.677545e+56  2.709349e+47  6.499876e-06  2.810223e+98  1.000000e+00  1.000000e+00  0.000000e+00
1.268960e+01  1.191072e+02  8.206051e+04  1.456000e+00  1.268960e+01  1.440780e-01  1.440730e-01  6.000000e-06  1.430215e+01  1.430215e+01  2.703200e-02  4.000000e-05  1.487918e-02  1.521972e-02  1.521972e-02  3.825746e-02  3.497262e+07  2.175123e+04  8.409546e-01  1.810959e+56  2.709022e+47  6.482987e-06  2.948187e+98  1.000000e+00  1.000000e+00  0.000000e+00
1.268960e+01  1.250167e+02  8.206051e+04  1.650300e+00  1.268960e+01  1.558300e-01  1.558240e-01  6.000000e-06  1.384939e+01  1.384939e+01  2.703100e-02  3.700000e-05  1.661884e-02  1.704494e-02  1.704494e-02  4.460865e-02  2.345988e+07  2.356649e+04  8.408524e-01  1.955958e+56  2.708694e+47  6.464037e-06  3.058575e+98  1.000000e+00  1.000000e+00  0.000000e+00
1.268960e+01  1.316026e+02  8.206051e+04  1.870400e+00  1.268960e+01  1.686860e-01  1.686800e-01  6.000000e-06  1.347055e+01  1.347055e+01  2.703000e-02  3.400000e-05  1.849591e-02  1.902541e-02  1.902541e-02  5.140680e-02  1.583246e+07  2.555865e+04  8.407388e-01  2.113993e+56  2.708329e+47  6.442819e-06  3.215540e+98  1.000000e+00  1.000000e+00  0.000000e+00
1.268960e+01  1.379494e+02  8.206051e+04  2.120000e+00  1.268960e+01  1.826600e-01  1.826550e-01  6.000000e-06  1.315300e+01  1.315300e+01  2.702900e-02  3.100000e-05  2.051166e-02  2.116513e-02  2.116513e-02  5.851388e-02  1.074391e+07  2.773156e+04  8.406271e-01  2.285377e+56  2.707972e+47  6.418401e-06  2.796976e+98  1.000000e+00  1.000000e+00  0.000000e+00
1.268960e+01  1.527256e+02  8.206051e+04  2.402800e+00  1.268960e+01  1.959860e-01  1.959800e-01  6.000000e-06  1.290807e+01  1.290807e+01  2.702600e-02  2.900000e-05  2.242564e-02  2.320935e-02  2.320935e-02  6.489840e-02  7.628120e+06  2.981162e+04  8.403813e-01  2.448476e+56  2.707183e+47  6.391988e-06  3.609413e+98  1.000000e+00  1.000000e+00  0.000000e+00
1.268960e+01  1.576382e+02  8.206051e+04  2.723400e+00  1.268960e+01  2.098740e-01  2.098680e-01  6.000000e-06  1.268638e+01  1.268638e+01  2.702500e-02  2.700000e-05  2.443444e-02  2.536811e-02  2.536811e-02  7.099318e-02  5.433909e+06  3.198948e+04  8.402891e-01  2.618079e+56  2.706888e+47  6.365691e-06  4.637986e+98  1.000000e+00  1.000000e+00  0.000000e+00
1.268960e+01  1.627167e+02  8.206051e+04  3.086700e+00  1.268960e+01  2.261770e-01  2.261710e-01  6.000000e-06  1.247925e+01  1.247925e+01  2.702400e-02  2.500000e-05  2.676959e-02  2.789483e-02  2.789483e-02  7.765555e-02  3.765948e+06  3.455597e+04  8.401921e-01  2.817340e+56  2.706577e+47  6.339273e-06  5.244517e+98  1.000000e+00  1.000000e+00  0.000000e+00
1.268960e+01  1.679681e+02  8.206051e+04  3.498500e+00  1.268960e+01  2.451130e-01  2.451070e-01  6.000000e-06  1.229690e+01  1.229690e+01  2.702300e-02  2.300000e-05  2.944097e-02  3.080840e-02  3.080840e-02  8.481780e-02  2.556433e+06  3.755022e+04  8.400901e-01  3.049314e+56  2.706250e+47  6.310129e-06  5.873780e+98  1.000000e+00  1.000000e+00  0.000000e+00
1.268960e+01  1.734000e+02  8.206051e+04  3.965200e+00  1.268960e+01  2.668880e-01  2.668830e-01  6.000000e-06  1.214443e+01  1.214443e+01  2.702200e-02  2.100000e-05  3.245895e-02  3.412998e-02  3.412998e-02  9.235845e-02  1.708881e+06  4.100993e+04  8.399831e-01  3.316812e+56  2.705907e+47  6.277982e-06  6.519208e+98  1.000000e+00  1.000000e+00  0.000000e+00
1.268960e+01  1.790190e+02  8.206051e+04  4.494300e+00  1.268960e+01  2.917080e-01  2.917020e-01  6.000000e-06  1.202376e+01  1.202376e+01  2.702100e-02  1.900000e-05  3.583354e-02  3.788235e-02  3.788235e-02  1.001136e-01  1.129676e+06  4.497500e+04  8.398702e-01  3.622755e+56  2.705545e+47  6.241962e-06  7.177408e+98  1.000000e+00  1.000000e+00  0.000000e+00
1.268960e+01  1.848335e+02  8.206051e+04  5.093900e+00  1.268960e+01  3.197760e-01  3.197710e-01  6.000000e-06  1.193481e+01  1.193481e+01  2.701900e-02  1.800000e-05  3.957424e-02  4.208992e-02  4.208992e-02  1.078877e-01  7.410001e+05  4.948619e+04  8.397511e-01  3.970040e+56  2.705162e+47  6.201688e-06  7.845976e+98  1.000000e+00  1.000000e+00  0.000000e+00
1.268960e+01  1.908524e+02  8.206051e+04  5.773400e+00  1.268960e+01  3.512980e-01  3.512930e-01  6.000000e-06  1.187608e+01  1.187608e+01  2.701800e-02  1.600000e-05  4.369026e-02  4.677932e-02  4.677932e-02  1.154845e-01  4.836269e+05  5.458781e+04  8.396248e-01  4.361770e+56  2.704757e+47  6.156937e-06  8.521601e+98  1.000000e+00  1.000000e+00  0.000000e+00
1.268960e+01  1.970844e+02  8.206051e+04  6.543700e+00  1.268960e+01  3.864770e-01  3.864720e-01  6.000000e-06  1.184533e+01  1.184533e+01  2.701600e-02  1.500000e-05  4.819019e-02  5.197925e-02  5.197925e-02  1.226922e-01  3.147266e+05  6.032445e+04  8.394909e-01  4.801026e+56  2.704328e+47  6.108311e-06  9.198549e+98  1.000000e+00  1.000000e+00  0.000000e+00
1.268960e+01  2.035396e+02  8.206051e+04  7.416700e+00  1.268960e+01  4.255130e-01  4.255070e-01  6.000000e-06  1.183988e+01  1.183988e+01  2.701500e-02  1.300000e-05  5.308201e-02  5.772089e-02  5.772089e-02  1.293068e-01  2.045467e+05  6.674329e+04  8.393489e-01  5.290902e+56  2.703872e+47  6.054320e-06  9.877843e+98  1.000000e+00  1.000000e+00  0.000000e+00
1.268960e+01  2.102287e+02  8.206051e+04  8.406200e+00  1.268960e+01  4.685960e-01  4.685900e-01  6.000000e-06  1.185690e+01  1.185690e+01  2.701300e-02  1.200000e-05  5.837260e-02  6.403766e-02  6.403766e-02  1.351103e-01  1.329085e+05  7.389502e+04  8.391975e-01  5.834802e+56  2.703387e+47  5.995523e-06  1.055325e+99  1.000000e+00  1.000000e+00  0.000000e+00
1.268960e+01  2.171631e+02  8.206051e+04  9.527700e+00  1.268960e+01  5.159040e-01  5.158980e-01  6.000000e-06  1.189356e+01  1.189356e+01  2.701200e-02  1.100000e-05  6.406756e-02  7.096532e-02  7.096532e-02  1.400579e-01  8.650050e+04  8.182749e+04  8.390365e-01  6.435630e+56  2.702870e+47  5.915457e-06  1.060678e+99  1.000000e+00  1.000000e+00  0.000000e+00
1.268960e+01  4.714565e+02  8.206051e+04  1.079880e+01  1.268960e+01  5.344320e-01  5.344260e-01  6.000000e-06  1.188133e+01  1.188133e+01  2.696800e-02  1.100000e-05  6.643684e-02  7.388757e-02  7.388757e-02  1.422287e-01  7.325709e+04  8.496988e+04  8.350161e-01  6.671857e+56  2.689974e+47  6.420625e-06  -1.186852e+99  1.000000e+00  -1.000000e+00  1.000000e+00
1.268960e+01  4.728972e+02  8.206051e+04  1.223950e+01  1.268960e+01  5.237660e-01  5.237600e-01  6.000000e-06  1.177947e+01  1.177947e+01  2.696700e-02  1.100000e-05  6.567389e-02  7.294394e-02  7.294394e-02  1.406029e-01  7.672544e+04  8.322991e+04  8.349267e-01  6.534492e+56  2.689688e+47  6.197150e-06  -1.029721e+99  1.000000e+00  -1.000000e+00  1.000000e+00
1.268960e+01  4.745300e+02  8.206051e+04  1.387240e+01  1.268960e+01  5.154510e-01  5.154450e-01  6.000000e-06  1.164227e+01  1.164227e+01  2.696600e-02  1.100000e-05  6.539294e-02  7.259709e-02  7.259709e-02  1.376679e-01  7.675172e+04  8.189913e+04  8.348253e-01  6.424338e+56  2.689363e+47  6.693471e-06  -6.603325e+98  1.000000e+00  -1.000000e+00  1.000000e+00
1.268960e+01  4.763807e+02  8.206051e+04  1.572320e+01  1.268960e+01  5.105110e-01  5.105050e-01  6.000000e-06  1.147472e+01  1.147472e+01  2.696500e-02  1.100000e-05  6.571193e-02  7.299094e-02  7.299094e-02  1.337942e-01  7.279881e+04  8.118650e+04  8.347104e-01  6.357418e+56  2.688994e+47  -5.382564e-06  -2.509792e+98  -1.000000e+00  -1.000000e+00  1.000000e+00
1.268960e+01  4.784787e+02  8.206051e+04  1.782080e+01  1.268960e+01  5.100940e-01  5.100880e-01  6.000000e-06  1.128210e+01  1.128210e+01  2.696400e-02  1.100000e-05  6.677926e-02  7.431189e-02  7.431189e-02  1.293557e-01  6.493614e+04  8.135322e+04  8.345804e-01  6.353582e+56  2.688577e+47  -1.532091e-06  1.435417e+98  -1.000000e+00  1.000000e+00  1.000000e+00
1.268960e+01  4.808563e+02  8.206051e+04  2.019840e+01  1.268960e+01  5.153960e-01  5.153910e-01  6.000000e-06  1.107278e+01  1.107278e+01  2.696200e-02  1.100000e-05  6.874901e-02  7.676257e-02  7.676257e-02  1.247540e-01  5.415410e+04  8.244894e+04  8.344330e-01  6.416696e+56  2.688104e+47  5.012333e-06  4.982510e+98  1.000000e+00  1.000000e+00  1.000000e+00
1.268960e+01  4.835509e+02  8.206051e+04  2.289310e+01  1.268960e+01  5.275560e-01  5.275510e-01  6.000000e-06  1.085785e+01  1.085785e+01  2.696000e-02  1.100000e-05  7.176401e-02  8.054640e-02  8.054640e-02  1.203922e-01  4.216710e+04  8.471364e+04  8.342660e-01  6.564699e+56  2.687568e+47  5.332575e-06  8.629762e+98  1.000000e+00  1.000000e+00  1.000000e+00
1.268960e+01  4.866048e+02  8.206051e+04  2.594730e+01  1.268960e+01  5.475460e-01  5.475400e-01  6.000000e-06  1.065001e+01  1.065001e+01  2.695800e-02  1.000000e-05  7.593677e-02  8.584964e-02  8.584964e-02  1.165848e-01  3.078155e+04  8.850605e+04  8.340765e-01  6.824335e+56  2.686961e+47  5.387004e-06  1.169585e+99  1.000000e+00  1.000000e+00  1.000000e+00
1.268960e+01  4.900671e+02  8.206051e+04  2.940900e+01  1.268960e+01  5.760790e-01  5.760730e-01  6.000000e-06  1.046195e+01  1.046195e+01  2.695600e-02  1.000000e-05  8.132998e-02  9.282109e-02  9.282109e-02  1.134706e-01  2.125887e+04  9.365217e+04  8.338623e-01  7.181859e+56  2.686274e+47  5.511247e-06  1.403937e+99  1.000000e+00  1.000000e+00  1.000000e+00
1.268960e+01  4.939909e+02  8.206051e+04  3.333260e+01  1.268960e+01  6.135770e-01  6.135710e-01  6.000000e-06  1.030387e+01  1.030387e+01  2.695300e-02  9.000000e-06  8.795293e-02  1.015687e-01  1.015687e-01  1.110720e-01  1.406886e+04  1.005113e+05  8.336192e-01  7.663082e+56  2.685494e+47  5.393410e-06  1.630299e+99  1.000000e+00  1.000000e+00  1.000000e+00
1.268960e+01  4.984378e+02  8.206051e+04  3.777960e+01  1.268960e+01  6.601870e-01  6.601820e-01  6.000000e-06  1.018173e+01  1.018173e+01  2.695000e-02  9.000000e-06  9.576958e-02  1.121683e-01  1.121683e-01  1.092203e-01  9.038033e+03  1.093072e+05  8.333439e-01  8.283048e+56  2.684612e+47  5.344254e-06  1.766455e+99  1.000000e+00  1.000000e+00  1.000000e+00
1.268960e+01  5.034775e+02  8.206051e+04  4.281980e+01  1.268960e+01  7.157920e-01  7.157870e-01  6.000000e-06  1.009736e+01  1.009736e+01  2.694700e-02  8.000000e-06  1.047034e-01  1.246657e-01  1.246657e-01  1.076945e-01  5.705622e+03  1.196098e+05  8.330321e-01  9.007388e+56  2.683612e+47  5.339490e-06  1.828530e+99  1.000000e+00  1.000000e+00  1.000000e+00
1.268960e+01  5.091908e+02  8.206051e+04  4.853260e+01  1.268960e+01  7.800470e-01  7.800410e-01  6.000000e-06  1.004912e+01  1.004912e+01  2.694300e-02  7.000000e-06  1.146500e-01  1.390882e-01  1.390882e-01  1.061765e-01  3.573303e+03  1.317994e+05  8.326793e-01  9.861915e+56  2.682480e+47  5.193589e-06  1.885094e+99  1.000000e+00  1.000000e+00  1.000000e+00
1.268960e+01  5.156662e+02  8.206051e+04  5.500740e+01  1.268960e+01  8.524100e-01  8.524050e-01  6.000000e-06  1.003348e+01  1.003348e+01  2.693900e-02  7.000000e-06  1.254812e-01  1.554421e-01  1.554421e-01  1.043205e-01  2.235561e+03  1.459793e+05  8.322796e-01  1.085112e+57  2.681198e+47  5.080787e-06  1.881106e+99  1.000000e+00  1.000000e+00  1.000000e+00
1.268960e+01  5.230050e+02  8.206051e+04  6.234610e+01  1.268960e+01  9.321490e-01  9.321440e-01  6.000000e-06  1.004565e+01  1.004565e+01  2.693400e-02  6.000000e-06  1.370531e-01  1.737172e-01  1.737172e-01  1.019011e-01  1.404892e+03  1.617511e+05  8.318270e-01  1.194157e+57  2.679746e+47  4.959008e-06  1.840121e+99  1.000000e+00  1.000000e+00  1.000000e+00
1.268960e+01  5.313221e+02  8.206051e+04  7.066390e+01  1.268960e+01  1.018353e+00  1.018347e+00  6.000000e-06  1.007996e+01  1.007996e+01  2.692800e-02  6.000000e-06  1.492179e-01  1.938954e-01  1.938954e-01  9.874612e-02  8.898634e+02  1.795252e+05  8.313144e-01  1.315995e+57  2.678101e+47  4.817243e-06  1.772170e+99  1.000000e+00  1.000000e+00  1.000000e+00
1.268960e+01  5.407496e+02  8.206051e+04  8.009140e+01  1.268960e+01  1.109942e+00  1.109937e+00  6.000000e-06  1.013081e+01  1.013081e+01  2.692200e-02  5.000000e-06  1.618222e-01  2.159409e-01  2.159409e-01  9.482099e-02  5.696705e+02  1.986782e+05  8.307341e-01  1.445544e+57  2.676240e+47  4.682358e-06  1.672566e+99  1.000000e+00  1.000000e+00  1.000000e+00
1.268960e+01  5.514360e+02  8.206051e+04  9.077660e+01  1.268960e+01  1.205696e+00  1.205691e+00  6.000000e-06  1.019292e+01  1.019292e+01  2.691500e-02  5.000000e-06  1.747113e-01  2.397969e-01  2.397969e-01  9.011894e-02  3.690798e+02  2.196152e+05  8.300767e-01  1.585369e+57  2.674132e+47  4.474344e-06  1.579929e+99  1.000000e+00  1.000000e+00  1.000000e+00
1.268960e+01  5.635472e+02  8.206051e+04  1.028874e+02  1.268960e+01  1.304268e+00  1.304262e+00  6.000000e-06  1.026142e+01  1.026142e+01  2.690700e-02  4.000000e-06  1.877332e-01  2.653833e-01  2.653833e-01  8.479439e-02  2.424206e+02  2.421845e+05  8.293334e-01  1.733866e+57  2.671747e+47  4.337994e-06  1.443494e+99  1.000000e+00  1.000000e+00  1.000000e+00
1.268960e+01  5.772730e+02  8.206051e+04  1.166139e+02  1.268960e+01  1.404235e+00  1.404230e+00  6.000000e-06  1.033205e+01  1.033205e+01  2.689800e-02  4.000000e-06  2.007405e-01  2.925907e-01  2.925907e-01  7.904150e-02  1.616548e+02  2.653915e+05  8.284923e-01  1.883159e+57  2.669049e+47  4.149437e-06  1.312939e+99  1.000000e+00  1.000000e+00  1.000000e+00
1.268960e+01  5.928297e+02  8.206051e+04  1.321717e+02  1.268960e+01  1.504139e+00  1.504134e+00  6.000000e-06  1.040111e+01  1.040111e+01  2.688800e-02  4.000000e-06  2.135944e-01  3.212782e-01  3.212782e-01  7.299266e-02  1.094557e+02  2.905040e+05  8.275403e-01  2.042268e+57  2.665995e+47  3.954094e-06  1.180914e+99  1.000000e+00  1.000000e+00  1.000000e+00
1.268960e+01  6.104652e+02  8.206051e+04  1.498051e+02  1.268960e+01  1.602530e+00  1.602525e+00  6.000000e-06  1.046537e+01  1.046537e+01  2.687600e-02  3.000000e-06  2.261691e-01  3.512752e-01  3.512752e-01  6.688427e-02  7.534705e+01  3.155398e+05  8.264635e-01  2.196003e+57  2.662540e+47  3.847865e-06  1.012717e+99  1.000000e+00  1.000000e+00  1.000000e+00
1.268960e+01  6.304521e+02  8.206051e+04  1.697911e+02  1.268960e+01  1.698034e+00  1.698028e+00  6.000000e-06  1.052232e+01  1.052232e+01  2.686300e-02  3.000000e-06  2.383507e-01  3.823728e-01  3.823728e-01  6.087039e-02  5.275122e+01  3.409085e+05  8.252456e-01  2.347070e+57  2.658634e+47  3.613025e-06  8.902654e+98  1.000000e+00  1.000000e+00  1.000000e+00
1.268960e+01  6.531038e+02  8.206051e+04  1.924434e+02  1.268960e+01  1.789377e+00  1.789371e+00  6.000000e-06  1.056985e+01  1.056985e+01  2.684800e-02  3.000000e-06  2.500428e-01  4.143347e-01  4.143347e-01  5.508332e-02  3.757137e+01  3.673461e+05  8.238690e-01  2.500775e+57  2.654218e+47  3.375764e-06  7.736176e+98  1.000000e+00  1.000000e+00  1.000000e+00
1.268960e+01  6.787757e+02  8.206051e+04  2.181178e+02  1.268960e+01  1.875439e+00  1.875433e+00  6.000000e-06  1.060642e+01  1.060642e+01  2.683100e-02  3.000000e-06  2.611654e-01  4.468929e-01  4.468929e-01  4.962685e-02  2.722950e+01  3.934452e+05  8.223135e-01  2.646372e+57  2.649229e+47  3.219966e-06  6.392001e+98  1.000000e+00  1.000000e+00  1.000000e+00
1.268960e+01  7.078781e+02  8.206051e+04  2.472176e+02  1.268960e+01  1.955282e+00  1.955276e+00  6.000000e-06  1.063084e+01  1.063084e+01  2.681200e-02  3.000000e-06  2.716586e-01  4.797647e-01  4.797647e-01  4.458193e-02  2.008866e+01  4.188362e+05  8.205564e-01  2.781186e+57  2.643592e+47  2.999763e-06  5.306474e+98  1.000000e+00  1.000000e+00  1.000000e+00
1.268960e+01  7.408620e+02  8.206051e+04  2.801996e+02  1.268960e+01  2.028156e+00  2.028150e+00  6.000000e-06  1.064254e+01  1.064254e+01  2.679000e-02  3.000000e-06  2.814736e-01  5.126312e-01  5.126312e-01  3.995060e-02  1.507405e+01  4.443685e+05  8.185727e-01  2.911535e+57  2.637228e+47  2.711767e-06  4.492786e+98  1.000000e+00  1.000000e+00  1.000000e+00
1.268960e+01  7.782441e+02  8.206051e+04  3.175819e+02  1.268960e+01  2.093519e+00  2.093514e+00  6.000000e-06  1.064102e+01  1.064102e+01  2.676600e-02  3.000000e-06  2.905863e-01  5.451921e-01  5.451921e-01  3.577890e-02  1.151233e+01  4.698029e+05  8.163340e-01  3.035996e+57  2.630046e+47  2.493871e-06  3.612916e+98  1.000000e+00  1.000000e+00  1.000000e+00
1.268960e+01  8.206108e+02  8.206051e+04  3.599514e+02  1.268960e+01  2.151030e+00  2.151025e+00  6.000000e-06  1.062649e+01  1.062649e+01  2.673800e-02  3.000000e-06  2.989775e-01  5.771124e-01  5.771124e-01  3.204907e-02  8.943998e+00  4.935391e+05  8.138086e-01  3.142861e+57  2.621944e+47  2.347367e-06  2.677402e+98  1.000000e+00  1.000000e+00  1.000000e+00
1.268960e+01  8.686339e+02  8.206051e+04  4.079736e+02  1.268960e+01  2.200529e+00  2.200524e+00  5.000000e-06  1.059913e+01  1.059913e+01  2.670700e-02  2.000000e-06  3.066469e-01  6.080867e-01  6.080867e-01  2.874377e-02  7.067334e+00  5.152663e+05  8.109619e-01  3.230301e+57  2.612811e+47  2.130663e-06  1.984919e+98  1.000000e+00  1.000000e+00  1.000000e+00
1.268960e+01  9.230662e+02  8.206051e+04  4.624025e+02  1.268960e+01  2.242030e+00  2.242024e+00  5.000000e-06  1.055950e+01  1.055950e+01  2.667100e-02  2.000000e-06  3.136025e-01  6.378155e-01  6.378155e-01  2.582522e-02  5.676136e+00  5.361315e+05  8.077556e-01  3.307452e+57  2.602525e+47  1.838778e-06  1.523495e+98  1.000000e+00  1.000000e+00  1.000000e+00
1.268960e+01  9.847572e+02  8.206051e+04  5.240930e+02  1.268960e+01  2.275688e+00  2.275682e+00  5.000000e-06  1.050827e+01  1.050827e+01  2.663200e-02  2.000000e-06  3.198623e-01  6.660296e-01  6.660296e-01  2.327475e-02  4.634295e+00  5.559782e+05  8.041471e-01  3.373809e+57  2.590947e+47  1.541731e-06  1.136338e+98  1.000000e+00  1.000000e+00  1.000000e+00
1.268960e+01  1.054675e+03  8.206051e+04  5.940138e+02  1.268960e+01  2.301785e+00  2.301780e+00  5.000000e-06  1.044629e+01  1.044629e+01  2.658700e-02  2.000000e-06  3.254500e-01  6.924862e-01  6.924862e-01  2.103704e-02  3.841399e+00  5.746651e+05  8.000902e-01  3.429049e+57  2.577930e+47  1.281325e-06  7.413294e+97  1.000000e+00  1.000000e+00  1.000000e+00
1.268960e+01  1.133922e+03  8.206051e+04  6.732629e+02  1.268960e+01  2.320701e+00  2.320696e+00  5.000000e-06  1.037473e+01  1.037473e+01  2.653600e-02  2.000000e-06  3.303877e-01  7.169448e-01  7.169448e-01  1.909370e-02  3.233447e+00  5.906592e+05  7.955327e-01  3.462468e+57  2.563306e+47  9.719680e-07  4.708609e+97  1.000000e+00  1.000000e+00  1.000000e+00
1.268960e+01  1.223749e+03  8.206051e+04  7.630849e+02  1.268960e+01  2.332886e+00  2.332881e+00  5.000000e-06  1.029437e+01  1.029437e+01  2.647900e-02  2.000000e-06  3.347152e-01  7.392763e-01  7.392763e-01  1.740612e-02  2.762010e+00  6.066702e+05  7.904184e-01  3.495100e+57  2.546895e+47  5.907821e-07  2.943574e+97  1.000000e+00  1.000000e+00  1.000000e+00
1.268960e+01  1.325556e+03  8.206051e+04  8.648903e+02  1.268960e+01  2.338846e+00  2.338841e+00  5.000000e-06  1.020651e+01  1.020651e+01  2.641500e-02  2.000000e-06  3.384588e-01  7.593139e-01  7.593139e-01  1.594478e-02  2.393334e+00  6.199160e+05  7.846882e-01  3.507058e+57  2.528507e+47  2.237268e-07  7.981558e+96  1.000000e+00  1.000000e+00  1.000000e+00
1.268960e+01  1.440942e+03  8.206051e+04  9.802778e+02  1.268960e+01  2.339117e+00  2.339112e+00  5.000000e-06  1.011224e+01  1.011224e+01  2.634300e-02  2.000000e-06  3.416538e-01  7.769745e-01  7.769745e-01  1.467978e-02  2.102311e+00  6.316623e+05  7.782772e-01  3.508371e+57  2.507933e+47  -2.982353e-07  -6.916083e+96  -1.000000e+00  -1.000000e+00  1.000000e+00
1.268960e+01  1.571717e+03  8.206051e+04  1.111060e+03  1.268960e+01  2.334259e+00  2.334254e+00  5.000000e-06  1.001263e+01  1.001263e+01  2.626200e-02  2.000000e-06  3.443360e-01  7.922182e-01  7.922182e-01  1.360053e-02  1.873036e+00  6.406092e+05  7.711164e-01  3.490179e+57  2.484952e+47  -7.992449e-07  -1.445608e+97  -1.000000e+00  -1.000000e+00  1.000000e+00
1.268960e+01  1.719954e+03  8.206051e+04  1.259289e+03  1.268960e+01  2.324828e+00  2.324823e+00  5.000000e-06  9.908739e+00  9.908739e+00  2.617100e-02  2.000000e-06  3.465406e-01  8.050456e-01  8.050456e-01  1.267121e-02  1.690260e+00  6.495469e+05  7.631316e-01  3.474093e+57  2.459324e+47  -1.454429e-06  -1.428709e+97  -1.000000e+00  -1.000000e+00  1.000000e+00
1.268960e+01  1.887962e+03  8.206051e+04  1.427295e+03  1.268960e+01  2.311379e+00  2.311374e+00  5.000000e-06  9.801735e+00  9.801735e+00  2.606900e-02  2.000000e-06  3.482970e-01  8.154653e-01  8.154653e-01  1.187603e-02  1.544636e+00  6.570604e+05  7.542459e-01  3.450109e+57  2.430803e+47  -2.817941e-06  -1.994929e+97  -1.000000e+00  -1.000000e+00  1.000000e+00
1.268960e+01  2.078381e+03  8.206051e+04  1.617714e+03  1.268960e+01  2.294447e+00  2.294442e+00  5.000000e-06  9.692600e+00  9.692600e+00  2.595400e-02  2.000000e-06  3.496387e-01  8.235467e-01  8.235467e-01  1.119465e-02  1.428326e+00  6.619215e+05  7.443818e-01  3.409459e+57  2.399137e+47  -4.605130e-06  -2.387238e+97  -1.000000e+00  -1.000000e+00  1.000000e+00
1.268960e+01  2.294199e+03  8.206051e+04  1.833538e+03  1.268960e+01  2.274553e+00  2.274548e+00  5.000000e-06  9.582437e+00  9.582437e+00  2.582700e-02  2.000000e-06  3.505917e-01  8.293536e-01  8.293536e-01  1.061438e-02  1.335972e+00  6.655733e+05  7.334580e-01  3.363518e+57  2.364068e+47  -5.719760e-06  -2.119996e+97  -1.000000e+00  -1.000000e+00  1.000000e+00
1.268960e+01  2.538819e+03  8.206051e+04  2.078156e+03  1.268960e+01  2.252183e+00  2.252178e+00  5.000000e-06  9.472094e+00  9.472094e+00  2.568400e-02  2.000000e-06  3.511878e-01  8.330136e-01  8.330136e-01  1.012288e-02  1.263344e+00  6.693032e+05  7.213960e-01  3.322306e+57  2.325340e+47  -1.443975e-05  -1.969850e+97  -1.000000e+00  -1.000000e+00  1.000000e+00
1.268960e+01  2.816077e+03  8.206051e+04  2.355409e+03  1.268960e+01  2.227804e+00  2.227799e+00  5.000000e-06  9.362553e+00  9.362553e+00  2.552600e-02  2.000000e-06  3.514506e-01  8.346347e-01  8.346347e-01  9.709261e-03  1.207182e+00  6.706900e+05  7.081213e-01  3.267981e+57  2.282714e+47  -5.647282e-05  -2.020325e+97  -1.000000e+00  -1.000000e+00  1.000000e+00
1.268960e+01  3.130319e+03  8.206051e+04  2.669651e+03  1.268960e+01  2.201844e+00  2.201839e+00  5.000000e-06  9.254512e+00  9.254512e+00  2.534900e-02  2.000000e-06  3.514104e-01  8.343864e-01  8.343864e-01  9.363801e-03  1.164877e+00  6.710758e+05  6.935609e-01  3.210813e+57  2.235953e+47  -4.540016e-04  -1.823018e+97  -1.000000e+00  -1.000000e+00  1.000000e+00
1.268960e+01  3.486480e+03  8.206051e+04  3.025817e+03  1.268960e+01  2.174706e+00  2.174702e+00  5.000000e-06  9.148847e+00  9.148847e+00  2.515400e-02  2.000000e-06  3.510879e-01  8.323987e-01  8.323987e-01  9.082188e-03  1.135064e+00  6.705695e+05  6.776522e-01  3.151771e+57  2.184856e+47  4.459767e-05  -1.614709e+97  1.000000e+00  -1.000000e+00  1.000000e+00
1.268960e+01  3.890162e+03  8.206051e+04  3.429500e+03  1.268960e+01  2.146762e+00  2.146757e+00  4.000000e-06  9.046202e+00  9.046202e+00  2.493800e-02  2.000000e-06  3.505090e-01  8.288474e-01  8.288474e-01  8.855420e-03  1.115909e+00  6.692604e+05  6.603439e-01  3.091595e+57  2.129254e+47  1.847310e-05  -1.409335e+97  1.000000e+00  -1.000000e+00  1.000000e+00
1.268960e+01  4.347708e+03  8.206051e+04  3.887040e+03  1.268960e+01  2.118349e+00  2.118344e+00  4.000000e-06  8.947165e+00  8.947165e+00  2.470000e-02  2.000000e-06  3.496984e-01  8.239092e-01  8.239092e-01  8.676843e-03  1.106108e+00  6.672349e+05  6.416002e-01  3.030914e+57  2.069030e+47  1.263291e-05  -1.213176e+97  1.000000e+00  -1.000000e+00  1.000000e+00
1.268960e+01  4.866291e+03  8.206051e+04  4.405622e+03  1.268960e+01  2.089780e+00  2.089776e+00  4.000000e-06  8.852361e+00  8.852361e+00  2.443800e-02  2.000000e-06  3.486768e-01  8.177422e-01  8.177422e-01  8.542579e-03  1.105071e+00  6.645931e+05  6.214056e-01  2.970424e+57  2.004134e+47  9.284866e-06  -1.083890e+97  1.000000e+00  -1.000000e+00  1.000000e+00
1.268960e+01  5.454054e+03  8.206051e+04  4.993389e+03  1.268960e+01  2.061337e+00  2.061333e+00  4.000000e-06  8.762185e+00  8.762185e+00  2.415000e-02  2.000000e-06  3.474707e-01  8.105411e-01  8.105411e-01  8.447821e-03  1.111901e+00  6.604696e+05  5.997678e-01  2.903519e+57  1.934585e+47  7.398188e-06  -9.217593e+96  1.000000e+00  -1.000000e+00  1.000000e+00
1.268960e+01  6.120229e+03  8.206051e+04  5.659571e+03  1.268960e+01  2.033278e+00  2.033274e+00  4.000000e-06  8.677166e+00  8.677166e+00  2.383700e-02  2.000000e-06  3.460990e-01  8.024546e-01  8.024546e-01  8.389337e-03  1.126244e+00  6.568874e+05  5.767219e-01  2.845197e+57  1.860495e+47  7.415734e-06  -7.141626e+96  1.000000e+00  -1.000000e+00  1.000000e+00
1.268960e+01  6.875298e+03  8.206051e+04  6.414631e+03  1.268960e+01  2.005829e+00  2.005825e+00  4.000000e-06  8.597495e+00  8.597495e+00  2.349600e-02  2.000000e-06  3.445907e-01  7.936861e-01  7.936861e-01  8.360563e-03  1.147167e+00  6.529414e+05  5.523344e-01  2.788504e+57  1.782073e+47  6.651456e-06  -5.846061e+96  1.000000e+00  -1.000000e+00  1.000000e+00
1.268960e+01  7.731096e+03  8.206051e+04  7.270426e+03  1.268960e+01  1.979199e+00  1.979195e+00  4.000000e-06  8.523668e+00  8.523668e+00  2.312700e-02  2.000000e-06  3.429608e-01  7.843539e-01  7.843539e-01  8.364041e-03  1.175151e+00  6.487322e+05  5.267050e-01  2.733972e+57  1.699638e+47  5.688053e-06  -4.964824e+96  1.000000e+00  -1.000000e+00  1.000000e+00
1.268960e+01  8.701063e+03  8.206051e+04  8.240395e+03  1.268960e+01  1.953570e+00  1.953567e+00  3.000000e-06  8.455756e+00  8.455756e+00  2.272800e-02  2.000000e-06  3.412386e-01  7.746494e-01  7.746494e-01  8.394812e-03  1.209564e+00  6.434952e+05  4.999701e-01  2.675628e+57  1.613624e+47  5.181765e-06  -4.027990e+96  1.000000e+00  -1.000000e+00  1.000000e+00
1.268960e+01  9.800430e+03  8.206051e+04  9.339770e+03  1.268960e+01  1.929104e+00  1.929101e+00  3.000000e-06  8.393977e+00  8.393977e+00  2.230100e-02  2.000000e-06  3.394450e-01  7.647092e-01  7.647092e-01  8.445799e-03  1.249401e+00  6.389891e+05  4.723007e-01  2.626363e+57  1.524579e+47  5.258113e-06  -2.965870e+96  1.000000e+00  -1.000000e+00  1.000000e+00
1.268960e+01  1.104648e+04  8.206051e+04  1.058582e+04  1.268960e+01  1.905939e+00  1.905936e+00  3.000000e-06  8.338452e+00  8.338452e+00  2.184400e-02  2.000000e-06  3.376022e-01  7.546680e-01  7.546680e-01  8.517250e-03  1.294737e+00  6.344334e+05  4.439001e-01  2.580060e+57  1.433154e+47  4.934686e-06  -2.307075e+96  1.000000e+00  -1.000000e+00  1.000000e+00
1.268960e+01  1.245877e+04  8.206051e+04  1.199810e+04  1.268960e+01  1.884195e+00  1.884192e+00  3.000000e-06  8.289168e+00  8.289168e+00  2.135900e-02  1.000000e-06  3.357349e-01  7.446661e-01  7.446661e-01  8.607080e-03  1.345168e+00  6.298891e+05  4.149997e-01  2.536888e+57  1.340092e+47  4.358832e-06  -1.875194e+96  1.000000e+00  -1.000000e+00  1.000000e+00
1.268960e+01  1.405947e+04  8.206051e+04  1.359880e+04  1.268960e+01  1.863969e+00  1.863967e+00  3.000000e-06  8.246032e+00  8.246032e+00  2.084700e-02  1.000000e-06  3.338685e-01  7.348381e-01  7.348381e-01  8.709582e-03  1.399690e+00  6.246610e+05  3.858538e-01  2.491344e+57  1.246210e+47  4.102375e-06  -1.447655e+96  1.000000e+00  -1.000000e+00  1.000000e+00
1.268960e+01  1.587372e+04  8.206051e+04  1.541306e+04  1.268960e+01  1.845343e+00  1.845340e+00  2.000000e-06  8.209124e+00  8.209124e+00  2.030900e-02  1.000000e-06  3.320182e-01  7.252573e-01  7.252573e-01  8.824442e-03  1.458092e+00  6.203255e+05  3.567325e-01  2.454939e+57  1.152378e+47  4.181550e-06  -9.935678e+95  1.000000e+00  -1.000000e+00  1.000000e+00
1.268960e+01  1.793002e+04  8.206051e+04  1.746936e+04  1.268960e+01  1.828374e+00  1.828372e+00  2.000000e-06  8.178155e+00  8.178155e+00  1.974600e-02  1.000000e-06  3.302108e-01  7.160503e-01  7.160503e-01  8.943594e-03  1.518634e+00  6.161575e+05  3.279111e-01  2.421975e+57  1.059481e+47  3.959175e-06  -7.282275e+95  1.000000e+00  -1.000000e+00  1.000000e+00
1.268960e+01  2.025605e+04  8.206051e+04  1.979538e+04  1.268960e+01  1.813129e+00  1.813127e+00  2.000000e-06  8.153002e+00  8.153002e+00  1.916300e-02  1.000000e-06  3.284678e-01  7.073093e-01  7.073093e-01  9.068339e-03  1.581147e+00  6.122008e+05  2.997131e-01  2.392430e+57  9.685643e+46  3.852784e-06  -5.853232e+95  1.000000e+00  -1.000000e+00  1.000000e+00
1.743330e+01  1.030404e+02  8.337911e+04  1.000000e+00  1.743330e+01  1.139800e-01  1.139720e-01  9.000000e-06  1.643492e+01  1.643492e+01  3.118400e-02  7.800000e-05  1.024340e-02  1.040353e-02  1.040353e-02  2.224636e-02  1.315084e+08  1.712421e+04  1.311866e+00  1.432187e+56  4.836233e+47  6.519855e-06  5.228441e+98  1.000000e+00  1.000000e+00  0.000000e+00
1.743330e+01  1.076573e+02  8.337911e+04  1.133400e+00  1.743330e+01  1.224240e-01  1.224150e-01  9.000000e-06  1.560580e+01  1.560580e+01  3.118400e-02  7.300000e-05  1.158678e-02  1.179213e-02  1.179213e-02  2.658663e-02  8.487084e+07  1.841930e+04  1.311752e+00  1.540611e+56  4.835810e+47  6.514820e-06  5.109943e+98  1.000000e+00  1.000000e+00  0.000000e+00
1.743330e+01  1.131115e+02  8.337911e+04  1.284600e+00  1.743330e+01  1.321190e-01  1.321100e-01  9.000000e-06  1.492022e+01  1.492022e+01  3.118200e-02  6.700000e-05  1.307891e-02  1.334122e-02  1.334122e-02  3.176266e-02  5.533094e+07  1.990873e+04  1.311608e+00  1.662383e+56  4.835283e+47  6.501679e-06  4.958251e+98  1.000000e+00  1.000000e+00  0.000000e+00
1.743330e+01  1.191072e+02  8.337911e+04  1.456000e+00  1.743330e+01  1.428400e-01  1.428310e-01  9.000000e-06  1.435718e+01  1.435718e+01  3.118100e-02  6.200000e-05  1.469479e-02  1.502683e-02  1.502683e-02  3.758348e-02  3.656691e+07  2.155982e+04  1.311451e+00  1.795594e+56  4.834708e+47  6.484997e-06  5.201382e+98  1.000000e+00  1.000000e+00  0.000000e+00
1.743330e+01  1.250167e+02  8.337911e+04  1.650300e+00  1.743330e+01  1.545720e-01  1.545630e-01  9.000000e-06  1.389194e+01  1.389194e+01  3.118000e-02  5.700000e-05  1.643420e-02  1.685075e-02  1.685075e-02  4.393160e-02  2.443118e+07  2.337143e+04  1.311294e+00  1.940421e+56  4.834133e+47  6.466030e-06  5.398255e+98  1.000000e+00  1.000000e+00  0.000000e+00
1.743330e+01  1.316026e+02  8.337911e+04  1.870400e+00  1.743330e+01  1.674150e-01  1.674060e-01  9.000000e-06  1.350348e+01  1.350348e+01  3.117900e-02  5.300000e-05  1.831178e-02  1.883062e-02  1.883062e-02  5.074326e-02  1.642984e+07  2.536097e+04  1.311120e+00  2.098349e+56  4.833492e+47  6.444961e-06  5.675826e+98  1.000000e+00  1.000000e+00  0.000000e+00
1.743330e+01  1.379494e+02  8.337911e+04  2.120000e+00  1.743330e+01  1.813740e-01  1.813650e-01  9.000000e-06  1.317871e+01  1.317871e+01  3.117700e-02  4.900000e-05  2.032752e-02  2.096910e-02  2.096910e-02  5.787349e-02  1.111644e+07  2.753072e+04  1.310948e+00  2.269560e+56  4.832864e+47  6.420665e-06  4.947794e+98  1.000000e+00  1.000000e+00  0.000000e+00
1.743330e+01  1.527256e+02  8.337911e+04  2.402800e+00  1.743330e+01  1.948880e-01  1.948790e-01  9.000000e-06  1.292713e+01  1.292713e+01  3.117400e-02  4.600000e-05  2.226716e-02  2.303962e-02  2.303962e-02  6.439399e-02  7.842028e+06  2.963957e+04  1.310571e+00  2.435040e+56  4.831478e+47  6.394219e-06  6.351228e+98  1.000000e+00  1.000000e+00  0.000000e+00
1.743330e+01  1.576382e+02  8.337911e+04  2.723400e+00  1.743330e+01  2.086960e-01  2.086870e-01  9.000000e-06  1.270327e+01  1.270327e+01  3.117300e-02  4.200000e-05  2.426500e-02  2.518548e-02  2.518548e-02  7.048860e-02  5.586319e+06  3.180387e+04  1.310429e+00  2.603634e+56  4.830958e+47  6.367816e-06  8.150420e+98  1.000000e+00  1.000000e+00  0.000000e+00
1.743330e+01  1.627167e+02  8.337911e+04  3.086700e+00  1.743330e+01  2.249230e-01  2.249140e-01  9.000000e-06  1.249320e+01  1.249320e+01  3.117200e-02  3.900000e-05  2.659142e-02  2.770138e-02  2.770138e-02  7.715673e-02  3.868789e+06  3.435781e+04  1.310280e+00  2.801963e+56  4.830413e+47  6.341281e-06  9.225668e+98  1.000000e+00  1.000000e+00  0.000000e+00
1.743330e+01  1.679681e+02  8.337911e+04  3.498500e+00  1.743330e+01  2.437900e-01  2.437820e-01  9.000000e-06  1.230780e+01  1.230780e+01  3.117100e-02  3.600000e-05  2.925619e-02  3.060607e-02  3.060607e-02  8.433382e-02  2.623136e+06  3.733994e+04  1.310124e+00  3.033032e+56  4.829840e+47  6.312502e-06  1.034200e+99  1.000000e+00  1.000000e+00  0.000000e+00
1.743330e+01  1.734000e+02  8.337911e+04  3.965200e+00  1.743330e+01  2.655070e-01  2.654980e-01  9.000000e-06  1.215250e+01  1.215250e+01  3.116900e-02  3.300000e-05  3.226942e-02  3.392044e-02  3.392044e-02  9.189732e-02  1.750874e+06  4.078923e+04  1.309960e+00  3.299759e+56  4.829237e+47  6.280033e-06  1.148761e+99  1.000000e+00  1.000000e+00  0.000000e+00
1.743330e+01  1.790190e+02  8.337911e+04  4.494300e+00  1.743330e+01  2.902760e-01  2.902670e-01  9.000000e-06  1.202940e+01  1.202940e+01  3.116800e-02  3.100000e-05  3.564089e-02  3.766703e-02  3.766703e-02  9.968639e-02  1.155579e+06  4.474478e+04  1.309786e+00  3.605002e+56  4.828600e+47  6.244017e-06  1.265535e+99  1.000000e+00  1.000000e+00  0.000000e+00
1.743330e+01  1.848335e+02  8.337911e+04  5.093900e+00  1.743330e+01  3.183030e-01  3.182940e-01  9.000000e-06  1.193840e+01  1.193840e+01  3.116700e-02  2.800000e-05  3.938000e-02  4.187017e-02  4.187017e-02  1.075051e-01  7.567656e+05  4.924806e+04  1.309603e+00  3.951719e+56  4.827928e+47  6.203337e-06  1.384210e+99  1.000000e+00  1.000000e+00  0.000000e+00
1.743330e+01  1.908524e+02  8.337911e+04  5.773400e+00  1.743330e+01  3.497910e-01  3.497820e-01  9.000000e-06  1.187804e+01  1.187804e+01  3.116500e-02  2.500000e-05  4.349565e-02  4.655616e-02  4.655616e-02  1.151422e-01  4.930776e+05  5.434300e+04  1.309409e+00  4.343001e+56  4.827216e+47  6.159014e-06  1.503815e+99  1.000000e+00  1.000000e+00  0.000000e+00
1.743330e+01  1.970844e+02  8.337911e+04  6.543700e+00  1.743330e+01  3.849450e-01  3.849360e-01  9.000000e-06  1.184601e+01  1.184601e+01  3.116300e-02  2.300000e-05  4.799633e-02  5.175364e-02  5.175364e-02  1.224057e-01  3.203845e+05  6.007301e+04  1.309204e+00  4.781781e+56  4.826463e+47  6.110462e-06  1.623836e+99  1.000000e+00  1.000000e+00  0.000000e+00
1.743330e+01  2.035396e+02  8.337911e+04  7.416700e+00  1.743330e+01  4.239620e-01  4.239540e-01  9.000000e-06  1.183959e+01  1.183959e+01  3.116200e-02  2.100000e-05  5.288985e-02  5.749358e-02  5.749358e-02  1.290685e-01  2.079057e+05  6.648721e+04  1.308986e+00  5.271427e+56  4.825662e+47  6.056624e-06  1.744090e+99  1.000000e+00  1.000000e+00  0.000000e+00
1.743330e+01  2.102287e+02  8.337911e+04  8.406200e+00  1.743330e+01  4.670350e-01  4.670260e-01  9.000000e-06  1.185591e+01  1.185591e+01  3.116000e-02  1.900000e-05  5.818300e-02  6.380933e-02  6.380933e-02  1.349613e-01  1.349392e+05  7.363353e+04  1.308754e+00  5.814949e+56  4.824811e+47  5.997553e-06  1.863813e+99  1.000000e+00  1.000000e+00  0.000000e+00
1.743330e+01  2.171631e+02  8.337911e+04  9.527700e+00  1.743330e+01  5.143390e-01  5.143310e-01  9.000000e-06  1.189206e+01  1.189206e+01  3.115800e-02  1.700000e-05  6.388137e-02  7.073669e-02  7.073669e-02  1.399129e-01  8.767864e+04  8.156440e+04  1.308506e+00  6.415786e+56  4.823903e+47  5.926339e-06  1.873983e+99  1.000000e+00  1.000000e+00  0.000000e+00
1.743330e+01  4.714565e+02  8.337911e+04  1.079880e+01  1.743330e+01  5.350460e-01  5.350370e-01  9.000000e-06  1.188400e+01  1.188400e+01  3.110900e-02  1.600000e-05  6.649823e-02  7.396360e-02  7.396360e-02  1.423785e-01  7.299652e+04  8.506840e+04  1.302334e+00  6.679503e+56  4.801249e+47  6.244615e-06  -2.137837e+99  1.000000e+00  -1.000000e+00  1.000000e+00
1.743330e+01  4.728972e+02  8.337911e+04  1.223950e+01  1.743330e+01  5.242450e-01  5.242360e-01  9.000000e-06  1.178389e+01  1.178389e+01  3.110800e-02  1.700000e-05  6.570932e-02  7.298772e-02  7.298772e-02  1.408203e-01  7.663676e+04  8.329026e+04  1.302196e+00  6.539460e+56  4.800745e+47  6.222420e-06  -1.845324e+99  1.000000e+00  -1.000000e+00  1.000000e+00
1.743330e+01  4.745300e+02  8.337911e+04  1.387240e+01  1.743330e+01  5.157520e-01  5.157430e-01  9.000000e-06  1.164771e+01  1.164771e+01  3.110600e-02  1.700000e-05  6.540065e-02  7.260660e-02  7.260660e-02  1.379143e-01  7.684367e+04  8.194945e+04  1.302041e+00  6.428655e+56  4.800175e+47  6.618000e-06  -1.189742e+99  1.000000e+00  -1.000000e+00  1.000000e+00
1.743330e+01  4.763807e+02  8.337911e+04  1.572320e+01  1.743330e+01  5.106190e-01  5.106100e-01  9.000000e-06  1.148073e+01  1.148073e+01  3.110500e-02  1.700000e-05  6.569150e-02  7.296569e-02  7.296569e-02  1.340405e-01  7.304596e+04  8.119221e+04  1.301864e+00  6.358454e+56  4.799528e+47  -7.409965e-06  -4.820539e+98  -1.000000e+00  -1.000000e+00  1.000000e+00
1.743330e+01  4.784787e+02  8.337911e+04  1.782080e+01  1.743330e+01  5.100050e-01  5.099960e-01  9.000000e-06  1.128829e+01  1.128829e+01  3.110300e-02  1.700000e-05  6.673108e-02  7.425216e-02  7.425216e-02  1.295888e-01  6.528838e+04  8.131038e+04  1.301665e+00  6.351012e+56  4.798795e+47  -4.170249e-06  2.166404e+98  -1.000000e+00  1.000000e+00  1.000000e+00
1.743330e+01  4.808563e+02  8.337911e+04  2.019840e+01  1.743330e+01  5.151130e-01  5.151040e-01  9.000000e-06  1.107872e+01  1.107872e+01  3.110200e-02  1.700000e-05  6.867429e-02  7.666930e-02  7.666930e-02  1.249610e-01  5.453989e+04  8.235445e+04  1.301439e+00  6.410273e+56  4.797965e+47  5.056945e-06  8.470031e+98  1.000000e+00  1.000000e+00  1.000000e+00
1.743330e+01  4.835509e+02  8.337911e+04  2.289310e+01  1.743330e+01  5.270890e-01  5.270800e-01  9.000000e-06  1.086320e+01  1.086320e+01  3.110000e-02  1.700000e-05  7.166514e-02  8.042168e-02  8.042168e-02  1.205592e-01  4.251767e+04  8.456936e+04  1.301182e+00  6.554556e+56  4.797024e+47  5.368413e-06  1.494978e+99  1.000000e+00  1.000000e+00  1.000000e+00
1.743330e+01  4.866048e+02  8.337911e+04  2.594730e+01  1.743330e+01  5.469140e-01  5.469060e-01  9.000000e-06  1.065449e+01  1.065449e+01  3.109700e-02  1.600000e-05  7.581731e-02  8.569673e-02  8.569673e-02  1.167076e-01  3.105712e+04  8.830798e+04  1.300892e+00  6.810185e+56  4.795958e+47  5.318913e-06  2.088938e+99  1.000000e+00  1.000000e+00  1.000000e+00
1.743330e+01  4.900671e+02  8.337911e+04  2.940900e+01  1.743330e+01  5.753080e-01  5.752990e-01  9.000000e-06  1.046538e+01  1.046538e+01  3.109500e-02  1.500000e-05  8.119453e-02  9.264436e-02  9.264436e-02  1.135689e-01  2.145543e+04  9.362330e+04  1.300563e+00  7.180370e+56  4.794750e+47  5.396487e-06  2.519713e+99  1.000000e+00  1.000000e+00  1.000000e+00
1.743330e+01  4.939909e+02  8.337911e+04  3.333260e+01  1.743330e+01  6.126990e-01  6.126900e-01  9.000000e-06  1.030631e+01  1.030631e+01  3.109200e-02  1.400000e-05  8.780630e-02  1.013727e-01  1.013727e-01  1.111305e-01  1.419427e+04  1.004629e+05  1.300190e+00  7.660174e+56  4.793382e+47  5.475654e-06  2.821450e+99  1.000000e+00  1.000000e+00  1.000000e+00
1.743330e+01  4.984378e+02  8.337911e+04  3.777960e+01  1.743330e+01  6.592280e-01  6.592190e-01  9.000000e-06  1.018325e+01  1.018325e+01  3.108800e-02  1.300000e-05  9.561601e-02  1.119571e-01  1.119571e-01  1.092692e-01  9.114923e+03  1.089434e+05  1.299767e+00  8.256567e+56  4.791831e+47  5.380996e-06  3.102259e+99  1.000000e+00  1.000000e+00  1.000000e+00
1.743330e+01  5.034775e+02  8.337911e+04  4.281980e+01  1.743330e+01  7.147800e-01  7.147710e-01  9.000000e-06  1.009810e+01  1.009810e+01  3.108400e-02  1.200000e-05  1.045476e-01  1.244442e-01  1.244442e-01  1.077289e-01  5.750007e+03  1.195261e+05  1.299289e+00  9.001982e+56  4.790075e+47  5.260843e-06  3.278475e+99  1.000000e+00  1.000000e+00  1.000000e+00
1.743330e+01  5.091908e+02  8.337911e+04  4.853260e+01  1.743330e+01  7.790080e-01  7.789990e-01  9.000000e-06  1.004931e+01  1.004931e+01  3.108000e-02  1.100000e-05  1.144951e-01  1.388592e-01  1.388592e-01  1.062058e-01  3.598523e+03  1.317041e+05  1.298747e+00  9.855767e+56  4.788087e+47  5.196891e-06  3.328069e+99  1.000000e+00  1.000000e+00  1.000000e+00
1.743330e+01  5.156662e+02  8.337911e+04  5.500740e+01  1.743330e+01  8.513650e-01  8.513560e-01  9.000000e-06  1.003328e+01  1.003328e+01  3.107500e-02  1.000000e-05  1.253298e-01  1.552087e-01  1.552087e-01  1.043608e-01  2.249953e+03  1.458723e+05  1.298133e+00  1.084420e+57  4.785834e+47  5.084695e-06  3.321525e+99  1.000000e+00  1.000000e+00  1.000000e+00
1.743330e+01  5.230050e+02  8.337911e+04  6.234610e+01  1.743330e+01  9.311170e-01  9.311080e-01  9.000000e-06  1.004517e+01  1.004517e+01  3.107000e-02  9.000000e-06  1.369079e-01  1.734824e-01  1.734824e-01  1.019425e-01  1.412943e+03  1.616340e+05  1.297439e+00  1.193405e+57  4.783284e+47  4.963342e-06  3.249465e+99  1.000000e+00  1.000000e+00  1.000000e+00
1.743330e+01  5.313221e+02  8.337911e+04  7.066390e+01  1.743330e+01  1.017342e+00  1.017334e+00  9.000000e-06  1.007925e+01  1.007925e+01  3.106300e-02  9.000000e-06  1.490803e-01  1.936614e-01  1.936614e-01  9.879009e-02  8.943712e+02  1.793956e+05  1.296652e+00  1.315162e+57  4.780396e+47  4.821119e-06  3.130205e+99  1.000000e+00  1.000000e+00  1.000000e+00
1.743330e+01  5.407496e+02  8.337911e+04  8.009140e+01  1.743330e+01  1.108979e+00  1.108970e+00  9.000000e-06  1.013008e+01  1.013008e+01  3.105600e-02  8.000000e-06  1.616932e-01  2.157091e-01  2.157091e-01  9.484935e-02  5.721356e+02  1.985463e+05  1.295761e+00  1.444712e+57  4.777126e+47  4.685279e-06  2.955489e+99  1.000000e+00  1.000000e+00  1.000000e+00
1.743330e+01  5.514360e+02  8.337911e+04  9.077660e+01  1.743330e+01  1.204783e+00  1.204774e+00  9.000000e-06  1.019219e+01  1.019219e+01  3.104800e-02  7.000000e-06  1.745914e-01  2.395685e-01  2.395685e-01  9.015902e-02  3.705130e+02  2.194815e+05  1.294752e+00  1.584541e+57  4.773424e+47  4.477234e-06  2.791835e+99  1.000000e+00  1.000000e+00  1.000000e+00
1.743330e+01  5.635472e+02  8.337911e+04  1.028874e+02  1.743330e+01  1.303416e+00  1.303407e+00  9.000000e-06  1.026075e+01  1.026075e+01  3.103900e-02  7.000000e-06  1.876228e-01  2.651596e-01  2.651596e-01  8.484247e-02  2.432723e+02  2.420493e+05  1.293611e+00  1.733046e+57  4.769234e+47  4.340654e-06  2.551008e+99  1.000000e+00  1.000000e+00  1.000000e+00
1.743330e+01  5.772730e+02  8.337911e+04  1.166139e+02  1.743330e+01  1.403448e+00  1.403439e+00  9.000000e-06  1.033145e+01  1.033145e+01  3.102900e-02  6.000000e-06  2.006397e-01  2.923731e-01  2.923731e-01  7.907282e-02  1.621252e+02  2.652588e+05  1.292319e+00  1.882373e+57  4.764493e+47  4.151893e-06  2.320427e+99  1.000000e+00  1.000000e+00  1.000000e+00
1.743330e+01  5.928297e+02  8.337911e+04  1.321717e+02  1.743330e+01  1.503417e+00  1.503408e+00  9.000000e-06  1.040056e+01  1.040056e+01  3.101700e-02  6.000000e-06  2.135032e-01  3.210679e-01  3.210679e-01  7.304095e-02  1.097659e+02  2.903712e+05  1.290858e+00  2.041500e+57  4.759129e+47  3.956671e-06  2.086964e+99  1.000000e+00  1.000000e+00  1.000000e+00
1.743330e+01  6.104652e+02  8.337911e+04  1.498051e+02  1.743330e+01  1.601877e+00  1.601868e+00  9.000000e-06  1.046490e+01  1.046490e+01  3.100400e-02  5.000000e-06  2.260869e-01  3.510724e-01  3.510724e-01  6.692668e-02  7.553265e+01  3.154084e+05  1.289205e+00  2.195261e+57  4.753061e+47  3.849938e-06  1.790143e+99  1.000000e+00  1.000000e+00  1.000000e+00
1.743330e+01  6.304521e+02  8.337911e+04  1.697911e+02  1.743330e+01  1.697451e+00  1.697442e+00  9.000000e-06  1.052196e+01  1.052196e+01  3.098900e-02  5.000000e-06  2.382769e-01  3.821780e-01  3.821780e-01  6.090622e-02  5.286394e+01  3.407850e+05  1.287335e+00  2.346404e+57  4.746199e+47  3.614869e-06  1.573825e+99  1.000000e+00  1.000000e+00  1.000000e+00
1.743330e+01  6.531038e+02  8.337911e+04  1.924434e+02  1.743330e+01  1.788860e+00  1.788851e+00  9.000000e-06  1.056957e+01  1.056957e+01  3.097200e-02  5.000000e-06  2.499773e-01  4.141493e-01  4.141493e-01  5.511629e-02  3.764318e+01  3.672254e+05  1.285222e+00  2.500144e+57  4.738443e+47  3.377726e-06  1.367533e+99  1.000000e+00  1.000000e+00  1.000000e+00
1.743330e+01  6.787757e+02  8.337911e+04  2.181178e+02  1.743330e+01  1.874988e+00  1.874979e+00  9.000000e-06  1.060617e+01  1.060617e+01  3.095300e-02  5.000000e-06  2.611087e-01  4.467213e-01  4.467213e-01  4.965638e-02  2.727615e+01  3.933305e+05  1.282834e+00  2.645796e+57  4.729676e+47  3.221404e-06  1.130188e+99  1.000000e+00  1.000000e+00  1.000000e+00
1.743330e+01  7.078781e+02  8.337911e+04  2.472176e+02  1.743330e+01  1.954891e+00  1.954882e+00  9.000000e-06  1.063074e+01  1.063074e+01  3.093100e-02  4.000000e-06  2.716067e-01  4.795967e-01  4.795967e-01  4.459557e-02  2.011370e+01  4.187317e+05  1.280135e+00  2.780700e+57  4.719771e+47  3.001249e-06  9.383762e+98  1.000000e+00  1.000000e+00  1.000000e+00
1.743330e+01  7.408620e+02  8.337911e+04  2.801996e+02  1.743330e+01  2.027822e+00  2.027813e+00  9.000000e-06  1.064244e+01  1.064244e+01  3.090600e-02  4.000000e-06  2.814300e-01  5.124802e-01  5.124802e-01  3.997069e-02  1.509372e+01  4.442668e+05  1.277089e+00  2.911077e+57  4.708588e+47  2.713431e-06  7.942983e+98  1.000000e+00  1.000000e+00  1.000000e+00
1.743330e+01  7.782441e+02  8.337911e+04  3.175819e+02  1.743330e+01  2.093238e+00  2.093230e+00  9.000000e-06  1.064100e+01  1.064100e+01  3.087800e-02  4.000000e-06  2.905481e-01  5.450512e-01  5.450512e-01  3.579718e-02  1.152607e+01  4.697082e+05  1.273650e+00  3.035597e+57  4.695966e+47  2.494995e-06  6.389543e+98  1.000000e+00  1.000000e+00  1.000000e+00
1.743330e+01  8.206108e+02  8.337911e+04  3.599514e+02  1.743330e+01  2.150797e+00  2.150789e+00  9.000000e-06  1.062656e+01  1.062656e+01  3.084700e-02  4.000000e-06  2.989429e-01  5.769766e-01  5.769766e-01  3.206231e-02  8.952763e+00  4.934555e+05  1.269772e+00  3.142550e+57  4.681728e+47  2.348603e-06  4.735316e+98  1.000000e+00  1.000000e+00  1.000000e+00
1.743330e+01  8.686339e+02  8.337911e+04  4.079736e+02  1.743330e+01  2.200338e+00  2.200330e+00  9.000000e-06  1.059923e+01  1.059923e+01  3.081200e-02  4.000000e-06  3.066175e-01  6.079643e-01  6.079643e-01  2.875190e-02  7.072822e+00  5.151861e+05  1.265399e+00  3.230017e+57  4.665678e+47  2.132098e-06  3.510069e+98  1.000000e+00  1.000000e+00  1.000000e+00
1.743330e+01  9.230662e+02  8.337911e+04  4.624025e+02  1.743330e+01  2.241878e+00  2.241869e+00  9.000000e-06  1.055963e+01  1.055963e+01  3.077200e-02  4.000000e-06  3.135774e-01  6.377051e-01  6.377051e-01  2.583477e-02  5.680546e+00  5.360576e+05  1.260474e+00  3.307215e+57  4.647597e+47  1.839964e-06  2.695034e+98  1.000000e+00  1.000000e+00  1.000000e+00
1.743330e+01  9.847572e+02  8.337911e+04  5.240930e+02  1.743330e+01  2.275571e+00  2.275563e+00  8.000000e-06  1.050845e+01  1.050845e+01  3.072600e-02  4.000000e-06  3.198406e-01  6.659290e-01  6.659290e-01  2.327650e-02  4.636168e+00  5.559124e+05  1.254931e+00  3.373630e+57  4.627245e+47  1.542580e-06  2.011540e+98  1.000000e+00  1.000000e+00  1.000000e+00
1.743330e+01  1.054675e+03  8.337911e+04  5.940138e+02  1.743330e+01  2.301701e+00  2.301693e+00  8.000000e-06  1.044660e+01  1.044660e+01  3.067500e-02  4.000000e-06  3.254286e-01  6.923821e-01  6.923821e-01  2.104383e-02  3.843671e+00  5.746150e+05  1.248696e+00  3.428982e+57  4.604355e+47  1.282495e-06  1.312235e+98  1.000000e+00  1.000000e+00  1.000000e+00
1.743330e+01  1.133922e+03  8.337911e+04  6.732629e+02  1.743330e+01  2.320644e+00  2.320635e+00  8.000000e-06  1.037496e+01  1.037496e+01  3.061800e-02  4.000000e-06  3.303723e-01  7.168669e-01  7.168669e-01  1.909954e-02  3.235273e+00  5.906073e+05  1.241691e+00  3.462383e+57  4.578638e+47  9.734812e-07  8.328097e+97  1.000000e+00  1.000000e+00  1.000000e+00
1.743330e+01  1.223749e+03  8.337911e+04  7.630849e+02  1.743330e+01  2.332852e+00  2.332844e+00  8.000000e-06  1.029463e+01  1.029463e+01  3.055300e-02  4.000000e-06  3.347018e-01  7.392055e-01  7.392055e-01  1.740971e-02  2.763183e+00  6.066260e+05  1.233831e+00  3.495063e+57  4.549779e+47  5.919931e-07  5.215259e+97  1.000000e+00  1.000000e+00  1.000000e+00
1.743330e+01  1.325556e+03  8.337911e+04  8.648903e+02  1.743330e+01  2.338832e+00  2.338824e+00  8.000000e-06  1.020680e+01  1.020680e+01  3.048000e-02  4.000000e-06  3.384471e-01  7.592505e-01  7.592505e-01  1.594871e-02  2.394298e+00  6.198787e+05  1.225022e+00  3.507064e+57  4.517433e+47  2.251659e-07  1.419079e+97  1.000000e+00  1.000000e+00  1.000000e+00
1.743330e+01  1.440942e+03  8.337911e+04  9.802778e+02  1.743330e+01  2.339122e+00  2.339114e+00  8.000000e-06  1.011254e+01  1.011254e+01  3.039800e-02  4.000000e-06  3.416444e-01  7.769219e-01  7.769219e-01  1.468342e-02  2.103111e+00  6.316312e+05  1.215165e+00  3.508411e+57  4.481239e+47  -2.968367e-07  -1.221044e+97  -1.000000e+00  -1.000000e+00  1.000000e+00
1.743330e+01  1.571717e+03  8.337911e+04  1.111060e+03  1.743330e+01  2.334277e+00  2.334269e+00  8.000000e-06  1.001289e+01  1.001289e+01  3.030600e-02  3.000000e-06  3.443296e-01  7.921815e-01  7.921815e-01  1.360404e-02  1.873740e+00  6.405779e+05  1.204152e+00  3.490204e+57  4.440795e+47  -7.967438e-07  -2.552471e+97  -1.000000e+00  -1.000000e+00  1.000000e+00
1.743330e+01  1.719954e+03  8.337911e+04  1.259289e+03  1.743330e+01  2.324859e+00  2.324851e+00  8.000000e-06  9.909086e+00  9.909086e+00  3.020300e-02  3.000000e-06  3.465331e-01  8.050020e-01  8.050020e-01  1.267606e-02  1.691118e+00  6.495294e+05  1.191868e+00  3.474210e+57  4.395681e+47  -1.452621e-06  -2.522049e+97  -1.000000e+00  -1.000000e+00  1.000000e+00
1.743330e+01  1.887962e+03  8.337911e+04  1.427295e+03  1.743330e+01  2.311420e+00  2.311412e+00  8.000000e-06  9.802038e+00  9.802038e+00  3.008700e-02  3.000000e-06  3.482924e-01  8.154379e-01  8.154379e-01  1.187817e-02  1.545046e+00  6.570425e+05  1.178195e+00  3.450208e+57  4.345466e+47  -2.816237e-06  -3.531740e+97  -1.000000e+00  -1.000000e+00  1.000000e+00
1.743330e+01  2.078381e+03  8.337911e+04  1.617714e+03  1.743330e+01  2.294496e+00  2.294488e+00  8.000000e-06  9.692867e+00  9.692867e+00  2.995700e-02  3.000000e-06  3.496364e-01  8.235332e-01  8.235332e-01  1.119588e-02  1.428511e+00  6.619042e+05  1.163012e+00  3.409546e+57  4.289697e+47  -4.597237e-06  -4.224262e+97  -1.000000e+00  -1.000000e+00  1.000000e+00
1.743330e+01  2.294199e+03  8.337911e+04  1.833538e+03  1.743330e+01  2.274608e+00  2.274600e+00  8.000000e-06  9.582721e+00  9.582721e+00  2.981200e-02  3.000000e-06  3.505899e-01  8.293424e-01  8.293424e-01  1.061527e-02  1.336111e+00  6.655621e+05  1.146197e+00  3.363635e+57  4.227925e+47  -5.710442e-06  -3.750789e+97  -1.000000e+00  -1.000000e+00  1.000000e+00
1.743330e+01  2.538819e+03  8.337911e+04  2.078156e+03  1.743330e+01  2.252244e+00  2.252236e+00  8.000000e-06  9.472379e+00  9.472379e+00  2.964900e-02  3.000000e-06  3.511866e-01  8.330065e-01  8.330065e-01  1.012420e-02  1.263527e+00  6.692960e+05  1.127619e+00  3.322438e+57  4.159675e+47  -1.441327e-05  -3.487122e+97  -1.000000e+00  -1.000000e+00  1.000000e+00
1.743330e+01  2.816077e+03  8.337911e+04  2.355409e+03  1.743330e+01  2.227868e+00  2.227860e+00  7.000000e-06  9.362827e+00  9.362827e+00  2.946900e-02  3.000000e-06  3.514504e-01  8.346330e-01  8.346330e-01  9.710199e-03  1.207295e+00  6.706852e+05  1.107165e+00  3.268114e+57  4.084520e+47  -5.578387e-05  -3.577587e+97  -1.000000e+00  -1.000000e+00  1.000000e+00
1.743330e+01  3.130319e+03  8.337911e+04  2.669651e+03  1.743330e+01  2.201910e+00  2.201902e+00  7.000000e-06  9.254793e+00  9.254793e+00  2.926800e-02  3.000000e-06  3.514102e-01  8.343853e-01  8.343853e-01  9.366137e-03  1.165192e+00  6.710754e+05  1.084719e+00  3.210964e+57  4.002036e+47  -4.843693e-04  -3.228808e+97  -1.000000e+00  -1.000000e+00  1.000000e+00
1.743330e+01  3.486480e+03  8.337911e+04  3.025817e+03  1.743330e+01  2.174774e+00  2.174766e+00  7.000000e-06  9.149130e+00  9.149130e+00  2.904600e-02  3.000000e-06  3.510879e-01  8.323989e-01  8.323989e-01  9.082349e-03  1.135046e+00  6.705727e+05  1.060180e+00  3.151934e+57  3.911850e+47  4.492314e-05  -2.861487e+97  1.000000e+00  -1.000000e+00  1.000000e+00
1.743330e+01  3.890162e+03  8.337911e+04  3.429500e+03  1.743330e+01  2.146829e+00  2.146822e+00  7.000000e-06  9.046451e+00  9.046451e+00  2.880000e-02  3.000000e-06  3.505103e-01  8.288556e-01  8.288556e-01  8.854895e-03  1.115800e+00  6.692634e+05  1.033468e+00  3.091742e+57  3.813658e+47  1.847389e-05  -2.498823e+97  1.000000e+00  -1.000000e+00  1.000000e+00
1.743330e+01  4.347708e+03  8.337911e+04  3.887040e+03  1.743330e+01  2.118415e+00  2.118408e+00  7.000000e-06  8.947400e+00  8.947400e+00  2.852800e-02  3.000000e-06  3.497002e-01  8.239198e-01  8.239198e-01  8.675268e-03  1.105880e+00  6.672395e+05  1.004522e+00  3.031058e+57  3.707240e+47  1.264012e-05  -2.151683e+97  1.000000e+00  -1.000000e+00  1.000000e+00
1.743330e+01  4.866291e+03  8.337911e+04  4.405622e+03  1.743330e+01  2.089845e+00  2.089838e+00  7.000000e-06  8.852562e+00  8.852562e+00  2.823000e-02  3.000000e-06  3.486797e-01  8.177597e-01  8.177597e-01  8.542423e-03  1.104983e+00  6.645978e+05  9.733136e-01  2.970554e+57  3.592481e+47  9.286355e-06  -1.923212e+97  1.000000e+00  -1.000000e+00  1.000000e+00
1.743330e+01  5.454054e+03  8.337911e+04  4.993389e+03  1.743330e+01  2.061400e+00  2.061393e+00  6.000000e-06  8.762384e+00  8.762384e+00  2.790200e-02  3.000000e-06  3.474734e-01  8.105569e-01  8.105569e-01  8.448282e-03  1.111910e+00  6.604761e+05  9.398521e-01  2.903651e+57  3.469411e+47  7.400815e-06  -1.636100e+97  1.000000e+00  -1.000000e+00  1.000000e+00
1.743330e+01  6.120229e+03  8.337911e+04  5.659571e+03  1.743330e+01  2.033337e+00  2.033331e+00  6.000000e-06  8.677345e+00  8.677345e+00  2.754400e-02  3.000000e-06  3.461021e-01  8.024724e-01  8.024724e-01  8.389691e-03  1.126247e+00  6.568944e+05  9.041855e-01  2.845320e+57  3.338200e+47  7.418759e-06  -1.268259e+97  1.000000e+00  -1.000000e+00  1.000000e+00
1.743330e+01  6.875298e+03  8.337911e+04  6.414631e+03  1.743330e+01  2.005885e+00  2.005880e+00  6.000000e-06  8.597675e+00  8.597675e+00  2.715500e-02  3.000000e-06  3.445932e-01  7.937008e-01  7.937008e-01  8.362655e-03  1.147412e+00  6.529505e+05  8.664079e-01  2.788632e+57  3.199193e+47  6.652343e-06  -1.038859e+97  1.000000e+00  -1.000000e+00  1.000000e+00
1.743330e+01  7.731096e+03  8.337911e+04  7.270426e+03  1.743330e+01  1.979252e+00  1.979246e+00  6.000000e-06  8.523795e+00  8.523795e+00  2.673300e-02  3.000000e-06  3.429649e-01  7.843772e-01  7.843772e-01  8.365241e-03  1.175266e+00  6.487385e+05  8.266736e-01  2.734069e+57  3.052948e+47  5.687201e-06  -8.827956e+96  1.000000e+00  -1.000000e+00  1.000000e+00
1.743330e+01  8.701063e+03  8.337911e+04  8.240395e+03  1.743330e+01  1.953620e+00  1.953615e+00  5.000000e-06  8.455894e+00  8.455894e+00  2.627800e-02  3.000000e-06  3.412418e-01  7.746669e-01  7.746669e-01  8.394272e-03  1.209431e+00  6.435042e+05  7.851856e-01  2.675735e+57  2.900206e+47  5.183282e-06  -7.164687e+96  1.000000e+00  -1.000000e+00  1.000000e+00
1.743330e+01  9.800430e+03  8.337911e+04  9.339770e+03  1.743330e+01  1.929149e+00  1.929144e+00  5.000000e-06  8.394101e+00  8.394101e+00  2.579000e-02  3.000000e-06  3.394480e-01  7.647255e-01  7.647255e-01  8.446153e-03  1.249404e+00  6.389975e+05  7.422020e-01  2.626458e+57  2.741914e+47  5.257645e-06  -5.280657e+96  1.000000e+00  -1.000000e+00  1.000000e+00
1.743330e+01  1.104648e+04  8.337911e+04  1.058582e+04  1.743330e+01  1.905980e+00  1.905975e+00  5.000000e-06  8.338533e+00  8.338533e+00  2.526700e-02  2.000000e-06  3.376061e-01  7.546891e-01  7.546891e-01  8.517299e-03  1.294665e+00  6.344398e+05  6.980340e-01  2.580133e+57  2.579211e+47  4.933610e-06  -4.110840e+96  1.000000e+00  -1.000000e+00  1.000000e+00
1.743330e+01  1.245877e+04  8.337911e+04  1.199810e+04  1.743330e+01  1.884232e+00  1.884227e+00  4.000000e-06  8.289208e+00  8.289208e+00  2.471200e-02  2.000000e-06  3.357399e-01  7.446925e-01  7.446925e-01  8.604892e-03  1.344709e+00  6.298940e+05  6.530353e-01  2.536942e+57  2.413398e+47  4.359983e-06  -3.342084e+96  1.000000e+00  -1.000000e+00  1.000000e+00
1.743330e+01  1.405947e+04  8.337911e+04  1.359880e+04  1.743330e+01  1.864003e+00  1.863998e+00  4.000000e-06  8.246131e+00  8.246131e+00  2.412500e-02  2.000000e-06  3.338704e-01  7.348481e-01  7.348481e-01  8.709396e-03  1.399608e+00  6.246703e+05  6.076058e-01  2.491427e+57  2.245941e+47  4.102097e-06  -2.582068e+96  1.000000e+00  -1.000000e+00  1.000000e+00
1.743330e+01  1.587372e+04  8.337911e+04  1.541306e+04  1.743330e+01  1.845371e+00  1.845368e+00  4.000000e-06  8.209146e+00  8.209146e+00  2.350800e-02  2.000000e-06  3.320225e-01  7.252792e-01  7.252792e-01  8.821310e-03  1.457494e+00  6.203302e+05  5.621573e-01  2.454983e+57  2.078361e+47  4.179871e-06  -1.774737e+96  1.000000e+00  -1.000000e+00  1.000000e+00
1.743330e+01  1.793002e+04  8.337911e+04  1.746936e+04  1.743330e+01  1.828398e+00  1.828394e+00  4.000000e-06  8.178173e+00  8.178173e+00  2.286200e-02  2.000000e-06  3.302144e-01  7.160684e-01  7.160684e-01  8.943625e-03  1.518613e+00  6.161613e+05  5.171226e-01  2.422008e+57  1.912249e+47  3.958788e-06  -1.301332e+96  1.000000e+00  -1.000000e+00  1.000000e+00
1.743330e+01  2.025605e+04  8.337911e+04  1.979538e+04  1.743330e+01  1.813149e+00  1.813146e+00  3.000000e-06  8.152990e+00  8.152990e+00  2.219200e-02  2.000000e-06  3.284719e-01  7.073298e-01  7.073298e-01  9.067872e-03  1.580985e+00  6.122026e+05  4.730080e-01  2.392445e+57  1.749476e+47  3.851883e-06  -1.046823e+96  1.000000e+00  -1.000000e+00  1.000000e+00
2.395030e+01  1.030404e+02  8.472064e+04  1.000000e+00  2.395030e+01  1.126300e-01  1.126160e-01  1.400000e-05  1.659658e+01  1.659658e+01  3.596900e-02  1.230000e-04  1.002340e-02  1.017667e-02  1.017667e-02  2.157423e-02  1.421591e+08  1.691648e+04  2.045569e+00  1.414464e+56  8.660978e+47  6.521351e-06  9.030457e+98  1.000000e+00  1.000000e+00  0.000000e+00
2.395030e+01  1.076573e+02  8.472064e+04  1.133400e+00  2.395030e+01  1.208300e-01  1.208160e-01  1.400000e-05  1.574042e+01  1.574042e+01  3.596800e-02  1.150000e-04  1.133811e-02  1.153466e-02  1.153466e-02  2.575170e-02  9.162437e+07  1.817399e+04  2.045398e+00  1.520313e+56  8.660246e+47  6.516649e-06  8.916982e+98  1.000000e+00  1.000000e+00  0.000000e+00
2.395030e+01  1.131115e+02  8.472064e+04  1.284600e+00  2.395030e+01  1.304880e-01  1.304740e-01  1.400000e-05  1.502088e+01  1.502088e+01  3.596600e-02  1.060000e-04  1.283088e-02  1.308323e-02  1.308323e-02  3.088261e-02  5.920244e+07  1.965726e+04  2.045176e+00  1.641946e+56  8.659315e+47  6.504130e-06  8.756755e+98  1.000000e+00  1.000000e+00  0.000000e+00
2.395030e+01  1.191072e+02  8.472064e+04  1.456000e+00  2.395030e+01  1.411700e-01  1.411560e-01  1.400000e-05  1.443413e+01  1.443413e+01  3.596500e-02  9.800000e-05  1.444549e-02  1.476623e-02  1.476623e-02  3.667203e-02  3.886700e+07  2.130151e+04  2.044936e+00  1.774831e+56  8.658303e+47  6.487599e-06  9.185081e+98  1.000000e+00  1.000000e+00  0.000000e+00
2.395030e+01  1.250167e+02  8.472064e+04  1.650300e+00  2.395030e+01  1.528750e-01  1.528610e-01  1.400000e-05  1.395118e+01  1.395118e+01  3.596400e-02  9.100000e-05  1.618480e-02  1.658863e-02  1.658863e-02  4.301736e-02  2.582353e+07  2.310848e+04  2.044695e+00  1.919460e+56  8.657287e+47  6.468646e-06  9.538240e+98  1.000000e+00  1.000000e+00  0.000000e+00
2.395030e+01  1.316026e+02  8.472064e+04  1.870400e+00  2.395030e+01  1.656980e-01  1.656840e-01  1.400000e-05  1.354925e+01  1.354925e+01  3.596200e-02  8.300000e-05  1.806270e-02  1.856731e-02  1.856731e-02  4.984239e-02  1.728200e+07  2.509389e+04  2.044428e+00  2.077194e+56  8.656160e+47  6.447826e-06  1.003048e+99  1.000000e+00  1.000000e+00  0.000000e+00
2.395030e+01  1.379494e+02  8.472064e+04  2.120000e+00  2.395030e+01  1.796380e-01  1.796240e-01  1.400000e-05  1.321431e+01  1.321431e+01  3.596100e-02  7.700000e-05  2.007870e-02  2.070441e-02  2.070441e-02  5.700125e-02  1.164431e+07  2.725982e+04  2.044164e+00  2.248226e+56  8.655051e+47  6.424002e-06  8.771801e+98  1.000000e+00  1.000000e+00  0.000000e+00
2.395030e+01  1.527256e+02  8.472064e+04  2.402800e+00  2.395030e+01  1.934120e-01  1.933980e-01  1.400000e-05  1.295303e+01  1.295303e+01  3.595700e-02  7.100000e-05  2.205428e-02  2.281176e-02  2.281176e-02  6.370813e-02  8.140260e+06  2.940795e+04  2.043584e+00  2.416928e+56  8.652607e+47  6.397193e-06  1.118181e+99  1.000000e+00  1.000000e+00  0.000000e+00
2.395030e+01  1.576382e+02  8.472064e+04  2.723400e+00  2.395030e+01  2.071130e-01  2.070990e-01  1.400000e-05  1.272641e+01  1.272641e+01  3.595600e-02  6.700000e-05  2.403717e-02  2.494010e-02  2.494010e-02  6.980749e-02  5.799532e+06  3.155468e+04  2.043367e+00  2.584252e+56  8.651691e+47  6.370494e-06  1.431834e+99  1.000000e+00  1.000000e+00  0.000000e+00
2.395030e+01  1.627167e+02  8.472064e+04  3.086700e+00  2.395030e+01  2.232350e-01  2.232220e-01  1.400000e-05  1.251235e+01  1.251235e+01  3.595500e-02  6.200000e-05  2.635153e-02  2.744109e-02  2.744109e-02  7.648275e-02  4.012769e+06  3.409110e+04  2.043139e+00  2.781269e+56  8.650730e+47  6.343845e-06  1.622664e+99  1.000000e+00  1.000000e+00  0.000000e+00
2.395030e+01  1.679681e+02  8.472064e+04  3.498500e+00  2.395030e+01  2.420090e-01  2.419960e-01  1.400000e-05  1.232281e+01  1.232281e+01  3.595300e-02  5.700000e-05  2.900709e-02  3.033349e-02  3.033349e-02  8.367735e-02  2.716407e+06  3.705730e+04  2.042899e+00  3.011139e+56  8.649720e+47  6.315115e-06  1.821369e+99  1.000000e+00  1.000000e+00  0.000000e+00
2.395030e+01  1.734000e+02  8.472064e+04  3.965200e+00  2.395030e+01  2.636440e-01  2.636300e-01  1.400000e-05  1.216366e+01  1.216366e+01  3.595200e-02  5.200000e-05  3.201367e-02  3.363789e-02  3.363789e-02  9.127470e-02  1.809588e+06  4.049210e+04  2.042646e+00  3.276794e+56  8.648656e+47  6.282599e-06  2.025367e+99  1.000000e+00  1.000000e+00  0.000000e+00
2.395030e+01  1.790190e+02  8.472064e+04  4.494300e+00  2.395030e+01  2.883440e-01  2.883300e-01  1.400000e-05  1.203719e+01  1.203719e+01  3.595000e-02  4.800000e-05  3.538080e-02  3.737654e-02  3.737654e-02  9.910497e-02  1.191695e+06  4.443519e+04  2.042380e+00  3.581127e+56  8.647534e+47  6.246730e-06  2.233052e+99  1.000000e+00  1.000000e+00  0.000000e+00
2.395030e+01  1.848335e+02  8.472064e+04  5.093900e+00  2.395030e+01  3.163140e-01  3.163000e-01  1.400000e-05  1.194339e+01  1.194339e+01  3.594800e-02  4.400000e-05  3.911756e-02  4.157350e-02  4.157350e-02  1.069811e-01  7.786796e+05  4.892691e+04  2.042099e+00  3.927012e+56  8.646350e+47  6.206701e-06  2.443869e+99  1.000000e+00  1.000000e+00  0.000000e+00
2.395030e+01  1.908524e+02  8.472064e+04  5.773400e+00  2.395030e+01  3.477560e-01  3.477420e-01  1.400000e-05  1.188078e+01  1.188078e+01  3.594700e-02  4.000000e-05  4.323263e-02  4.625480e-02  4.625480e-02  1.146801e-01  5.062209e+05  5.401156e+04  2.041802e+00  4.317579e+56  8.645097e+47  6.162152e-06  2.656492e+99  1.000000e+00  1.000000e+00  0.000000e+00
2.395030e+01  1.970844e+02  8.472064e+04  6.543700e+00  2.395030e+01  3.828740e-01  3.828610e-01  1.400000e-05  1.184699e+01  1.184699e+01  3.594500e-02  3.600000e-05  4.773425e-02  5.144885e-02  5.144885e-02  1.220059e-01  3.282010e+05  5.973324e+04  2.041487e+00  4.755786e+56  8.643768e+47  6.113179e-06  2.869804e+99  1.000000e+00  1.000000e+00  0.000000e+00
2.395030e+01  2.035396e+02  8.472064e+04  7.416700e+00  2.395030e+01  4.218680e-01  4.218540e-01  1.400000e-05  1.183925e+01  1.183925e+01  3.594300e-02  3.300000e-05  5.263005e-02  5.718648e-02  5.718648e-02  1.287401e-01  2.125457e+05  6.614064e+04  2.041152e+00  5.244977e+56  8.642358e+47  6.059307e-06  3.083494e+99  1.000000e+00  1.000000e+00  0.000000e+00
2.395030e+01  2.102287e+02  8.472064e+04  8.406200e+00  2.395030e+01  4.649260e-01  4.649120e-01  1.400000e-05  1.185460e+01  1.185460e+01  3.594100e-02  3.000000e-05  5.792663e-02  6.350081e-02  6.350081e-02  1.347038e-01  1.376891e+05  7.328135e+04  2.040796e+00  5.788199e+56  8.640857e+47  6.000455e-06  3.295873e+99  1.000000e+00  1.000000e+00  0.000000e+00
2.395030e+01  2.171631e+02  8.472064e+04  9.527700e+00  2.395030e+01  5.122250e-01  5.122110e-01  1.400000e-05  1.189007e+01  1.189007e+01  3.593900e-02  2.700000e-05  6.362944e-02  7.042756e-02  7.042756e-02  1.397212e-01  8.930601e+04  8.120720e+04  2.040416e+00  6.388738e+56  8.639258e+47  5.932497e-06  3.314119e+99  1.000000e+00  1.000000e+00  0.000000e+00
2.395030e+01  4.714565e+02  8.472064e+04  1.079880e+01  2.395030e+01  5.358500e-01  5.358360e-01  1.400000e-05  1.188728e+01  1.188728e+01  3.588300e-02  2.600000e-05  6.657972e-02  7.406456e-02  7.406456e-02  1.425497e-01  7.263807e+04  8.520137e+04  2.030944e+00  6.689786e+56  8.599340e+47  6.183272e-06  -3.832885e+99  1.000000e+00  -1.000000e+00  1.000000e+00
2.395030e+01  4.728972e+02  8.472064e+04  1.223950e+01  2.395030e+01  5.248990e-01  5.248850e-01  1.400000e-05  1.178973e+01  1.178973e+01  3.588200e-02  2.600000e-05  6.575871e-02  7.304873e-02  7.304873e-02  1.411067e-01  7.650491e+04  8.339482e+04  2.030734e+00  6.547884e+56  8.598452e+47  6.271154e-06  -3.304819e+99  1.000000e+00  -1.000000e+00  1.000000e+00
2.395030e+01  4.745300e+02  8.472064e+04  1.387240e+01  2.395030e+01  5.161690e-01  5.161550e-01  1.400000e-05  1.165498e+01  1.165498e+01  3.588000e-02  2.700000e-05  6.541270e-02  7.262148e-02  7.262148e-02  1.382432e-01  7.695674e+04  8.203686e+04  2.030495e+00  6.435934e+56  8.597447e+47  6.580632e-06  -2.156664e+99  1.000000e+00  -1.000000e+00  1.000000e+00
2.395030e+01  4.763807e+02  8.472064e+04  1.572320e+01  2.395030e+01  5.107770e-01  5.107640e-01  1.400000e-05  1.148883e+01  1.148883e+01  3.587900e-02  2.700000e-05  6.566556e-02  7.293365e-02  7.293365e-02  1.343743e-01  7.337239e+04  8.122868e+04  2.030225e+00  6.362003e+56  8.596307e+47  -1.636241e-05  -9.321896e+98  -1.000000e+00  -1.000000e+00  1.000000e+00
2.395030e+01  4.784787e+02  8.472064e+04  1.782080e+01  2.395030e+01  5.098920e-01  5.098780e-01  1.400000e-05  1.129662e+01  1.129662e+01  3.587700e-02  2.700000e-05  6.666702e-02  7.417275e-02  7.417275e-02  1.299030e-01  6.575978e+04  8.128918e+04  2.029918e+00  6.350284e+56  8.595015e+47  -1.350853e-05  3.077398e+98  -1.000000e+00  1.000000e+00  1.000000e+00
2.395030e+01  4.808563e+02  8.472064e+04  2.019840e+01  2.395030e+01  5.147370e-01  5.147240e-01  1.400000e-05  1.108677e+01  1.108677e+01  3.587500e-02  2.700000e-05  6.857441e-02  7.654466e-02  7.654466e-02  1.252289e-01  5.505565e+04  8.227583e+04  2.029571e+00  6.405234e+56  8.593552e+47  4.958056e-06  1.512023e+99  1.000000e+00  1.000000e+00  1.000000e+00
2.395030e+01  4.835509e+02  8.472064e+04  2.289310e+01  2.395030e+01  5.264650e-01  5.264520e-01  1.400000e-05  1.087046e+01  1.087046e+01  3.587200e-02  2.600000e-05  7.153251e-02  8.025445e-02  8.025446e-02  1.207825e-01  4.299236e+04  8.458989e+04  2.029178e+00  6.557014e+56  8.591894e+47  5.267001e-06  2.604404e+99  1.000000e+00  1.000000e+00  1.000000e+00
2.395030e+01  4.866048e+02  8.472064e+04  2.594730e+01  2.395030e+01  5.460660e-01  5.460520e-01  1.400000e-05  1.066051e+01  1.066051e+01  3.587000e-02  2.500000e-05  7.565686e-02  8.549145e-02  8.549145e-02  1.168793e-01  3.143415e+04  8.810912e+04  2.028732e+00  6.796206e+56  8.590016e+47  5.489099e-06  3.560100e+99  1.000000e+00  1.000000e+00  1.000000e+00
2.395030e+01  4.900671e+02  8.472064e+04  2.940900e+01  2.395030e+01  5.742700e-01  5.742560e-01  1.400000e-05  1.047005e+01  1.047005e+01  3.586700e-02  2.400000e-05  8.101192e-02  9.240623e-02  9.240623e-02  1.136942e-01  2.172205e+04  9.336223e+04  2.028227e+00  7.161774e+56  8.587888e+47  5.424197e-06  4.409035e+99  1.000000e+00  1.000000e+00  1.000000e+00
2.395030e+01  4.939909e+02  8.472064e+04  3.333260e+01  2.395030e+01  6.115120e-01  6.114980e-01  1.400000e-05  1.030960e+01  1.030960e+01  3.586300e-02  2.200000e-05  8.760815e-02  1.011081e-01  1.011081e-01  1.112247e-01  1.436756e+04  1.001393e+05  2.027655e+00  7.636914e+56  8.585477e+47  5.421547e-06  5.040336e+99  1.000000e+00  1.000000e+00  1.000000e+00
2.395030e+01  4.984378e+02  8.472064e+04  3.777960e+01  2.395030e+01  6.579330e-01  6.579190e-01  1.400000e-05  1.018532e+01  1.018532e+01  3.586000e-02  2.100000e-05  9.540884e-02  1.116724e-01  1.116724e-01  1.093509e-01  9.221233e+03  1.088540e+05  2.027007e+00  8.250938e+56  8.582745e+47  5.372681e-06  5.474304e+99  1.000000e+00  1.000000e+00  1.000000e+00
2.395030e+01  5.034775e+02  8.472064e+04  4.281980e+01  2.395030e+01  7.134120e-01  7.133980e-01  1.400000e-05  1.009915e+01  1.009915e+01  3.585500e-02  1.900000e-05  1.043367e-01  1.241445e-01  1.241445e-01  1.077816e-01  5.811133e+03  1.190776e+05  2.026272e+00  8.969570e+56  8.579650e+47  5.296469e-06  5.767121e+99  1.000000e+00  1.000000e+00  1.000000e+00
2.395030e+01  5.091908e+02  8.472064e+04  4.853260e+01  2.395030e+01  7.776020e-01  7.775880e-01  1.400000e-05  1.004959e+01  1.004959e+01  3.585000e-02  1.800000e-05  1.142854e-01  1.385496e-01  1.385496e-01  1.062691e-01  3.633799e+03  1.315720e+05  2.025441e+00  9.847150e+56  8.576145e+47  5.125289e-06  5.972788e+99  1.000000e+00  1.000000e+00  1.000000e+00
2.395030e+01  5.156662e+02  8.472064e+04  5.500740e+01  2.395030e+01  8.499500e-01  8.499360e-01  1.400000e-05  1.003296e+01  1.003296e+01  3.584500e-02  1.600000e-05  1.251255e-01  1.548938e-01  1.548938e-01  1.044126e-01  2.269523e+03  1.457261e+05  2.024499e+00  1.083471e+57  8.572176e+47  5.089554e-06  5.872660e+99  1.000000e+00  1.000000e+00  1.000000e+00
2.395030e+01  5.230050e+02  8.472064e+04  6.234610e+01  2.395030e+01  9.297200e-01  9.297060e-01  1.400000e-05  1.004452e+01  1.004452e+01  3.583800e-02  1.500000e-05  1.367114e-01  1.731650e-01  1.731650e-01  1.019976e-01  1.423887e+03  1.614749e+05  2.023433e+00  1.192379e+57  8.567681e+47  4.968311e-06  5.747077e+99  1.000000e+00  1.000000e+00  1.000000e+00
2.395030e+01  5.313221e+02  8.472064e+04  7.066390e+01  2.395030e+01  1.015989e+00  1.015975e+00  1.400000e-05  1.007845e+01  1.007845e+01  3.583100e-02  1.300000e-05  1.488939e-01  1.933444e-01  1.933444e-01  9.885122e-02  9.005522e+02  1.792289e+05  2.022225e+00  1.314103e+57  8.562591e+47  4.825962e-06  5.537141e+99  1.000000e+00  1.000000e+00  1.000000e+00
2.395030e+01  5.407496e+02  8.472064e+04  8.009140e+01  2.395030e+01  1.107677e+00  1.107663e+00  1.400000e-05  1.012914e+01  1.012914e+01  3.582300e-02  1.200000e-05  1.615184e-01  2.153951e-01  2.153951e-01  9.491193e-02  5.756022e+02  1.983695e+05  2.020858e+00  1.443598e+57  8.556828e+47  4.690117e-06  5.228465e+99  1.000000e+00  1.000000e+00  1.000000e+00
2.395030e+01  5.514360e+02  8.472064e+04  9.077660e+01  2.395030e+01  1.203551e+00  1.203537e+00  1.400000e-05  1.019122e+01  1.019122e+01  3.581400e-02  1.100000e-05  1.744294e-01  2.392600e-01  2.392600e-01  9.022497e-02  3.725107e+02  2.192997e+05  2.019310e+00  1.583414e+57  8.550304e+47  4.481342e-06  4.940347e+99  1.000000e+00  1.000000e+00  1.000000e+00
2.395030e+01  5.635472e+02  8.472064e+04  1.028874e+02  2.395030e+01  1.302263e+00  1.302249e+00  1.400000e-05  1.025983e+01  1.025983e+01  3.580400e-02  1.000000e-05  1.874735e-01  2.648574e-01  2.648574e-01  8.491180e-02  2.444439e+02  2.418662e+05  2.017558e+00  1.731935e+57  8.542920e+47  4.344338e-06  4.514807e+99  1.000000e+00  1.000000e+00  1.000000e+00
2.395030e+01  5.772730e+02  8.472064e+04  1.166139e+02  2.395030e+01  1.402379e+00  1.402365e+00  1.400000e-05  1.033058e+01  1.033058e+01  3.579200e-02  1.000000e-05  2.005035e-01  2.920792e-01  2.920792e-01  7.915680e-02  1.628499e+02  2.650758e+05  2.015575e+00  1.881283e+57  8.534563e+47  4.223035e-06  4.030207e+99  1.000000e+00  1.000000e+00  1.000000e+00
2.395030e+01  5.928297e+02  8.472064e+04  1.321717e+02  2.395030e+01  1.502440e+00  1.502427e+00  1.400000e-05  1.039982e+01  1.039982e+01  3.577900e-02  9.000000e-06  2.133796e-01  3.207829e-01  3.207829e-01  7.311029e-02  1.101849e+02  2.893126e+05  2.013333e+00  2.033880e+57  8.525110e+47  3.970814e-06  3.675121e+99  1.000000e+00  1.000000e+00  1.000000e+00
2.395030e+01  6.104652e+02  8.472064e+04  1.498051e+02  2.395030e+01  1.600995e+00  1.600981e+00  1.400000e-05  1.046430e+01  1.046430e+01  3.576400e-02  8.000000e-06  2.259756e-01  3.507979e-01  3.507979e-01  6.700517e-02  7.580690e+01  3.152332e+05  2.010795e+00  2.194278e+57  8.514414e+47  3.785364e-06  3.246016e+99  1.000000e+00  1.000000e+00  1.000000e+00
2.395030e+01  6.304521e+02  8.472064e+04  1.697911e+02  2.395030e+01  1.696657e+00  1.696644e+00  1.400000e-05  1.052147e+01  1.052147e+01  3.574700e-02  8.000000e-06  2.381769e-01  3.819139e-01  3.819139e-01  6.095708e-02  5.301922e+01  3.406153e+05  2.007926e+00  2.345483e+57  8.502318e+47  3.617635e-06  2.786319e+99  1.000000e+00  1.000000e+00  1.000000e+00
2.395030e+01  6.531038e+02  8.472064e+04  1.924434e+02  2.395030e+01  1.788158e+00  1.788145e+00  1.400000e-05  1.056917e+01  1.056917e+01  3.572700e-02  8.000000e-06  2.498888e-01  4.138990e-01  4.138990e-01  5.516047e-02  3.774023e+01  3.670603e+05  2.004682e+00  2.499276e+57  8.488644e+47  3.380216e-06  2.421309e+99  1.000000e+00  1.000000e+00  1.000000e+00
2.395030e+01  6.787757e+02  8.472064e+04  2.181178e+02  2.395030e+01  1.874372e+00  1.874359e+00  1.400000e-05  1.060589e+01  1.060589e+01  3.570600e-02  7.000000e-06  2.610301e-01  4.464831e-01  4.464831e-01  4.969371e-02  2.733759e+01  3.931748e+05  2.001015e+00  2.645013e+57  8.473189e+47  3.223445e-06  2.001523e+99  1.000000e+00  1.000000e+00  1.000000e+00
2.395030e+01  7.078781e+02  8.472064e+04  2.472176e+02  2.395030e+01  1.954360e+00  1.954346e+00  1.400000e-05  1.063057e+01  1.063057e+01  3.568100e-02  7.000000e-06  2.715374e-01  4.793722e-01  4.793722e-01  4.462844e-02  2.015426e+01  4.185871e+05  1.996874e+00  2.780017e+57  8.455731e+47  3.003228e-06  1.661921e+99  1.000000e+00  1.000000e+00  1.000000e+00
2.395030e+01  7.408620e+02  8.472064e+04  2.801996e+02  2.395030e+01  2.027367e+00  2.027354e+00  1.300000e-05  1.064236e+01  1.064236e+01  3.565300e-02  7.000000e-06  2.813689e-01  5.122689e-01  5.122689e-01  4.000034e-02  1.512141e+01  4.441309e+05  1.992195e+00  2.910470e+57  8.436011e+47  2.715306e-06  1.406763e+99  1.000000e+00  1.000000e+00  1.000000e+00
2.395030e+01  7.782441e+02  8.472064e+04  3.175819e+02  2.395030e+01  2.092856e+00  2.092843e+00  1.300000e-05  1.064104e+01  1.064104e+01  3.562100e-02  6.000000e-06  2.904938e-01  5.448507e-01  5.448507e-01  3.582112e-02  1.154424e+01  4.695833e+05  1.986916e+00  3.035081e+57  8.413755e+47  2.496865e-06  1.131709e+99  1.000000e+00  1.000000e+00  1.000000e+00
2.395030e+01  8.206108e+02  8.472064e+04  3.599514e+02  2.395030e+01  2.150480e+00  2.150467e+00  1.300000e-05  1.062663e+01  1.062663e+01  3.558600e-02  6.000000e-06  2.988970e-01  5.767969e-01  5.767969e-01  3.209386e-02  8.968684e+00  4.933379e+05  1.980961e+00  3.142095e+57  8.388650e+47  2.350073e-06  8.390037e+98  1.000000e+00  1.000000e+00  1.000000e+00
2.395030e+01  8.686339e+02  8.472064e+04  4.079736e+02  2.395030e+01  2.200083e+00  2.200070e+00  1.300000e-05  1.059943e+01  1.059943e+01  3.554600e-02  6.000000e-06  3.065761e-01  6.077921e-01  6.077921e-01  2.876839e-02  7.081629e+00  5.150866e+05  1.974246e+00  3.229700e+57  8.360344e+47  2.133447e-06  6.220990e+98  1.000000e+00  1.000000e+00  1.000000e+00
2.395030e+01  9.230662e+02  8.472064e+04  4.624025e+02  2.395030e+01  2.241674e+00  2.241660e+00  1.300000e-05  1.055987e+01  1.055987e+01  3.550000e-02  6.000000e-06  3.135417e-01  6.375486e-01  6.375486e-01  2.584970e-02  5.686991e+00  5.359648e+05  1.966681e+00  3.306948e+57  8.328453e+47  1.841696e-06  4.774682e+98  1.000000e+00  1.000000e+00  1.000000e+00
2.395030e+01  9.847572e+02  8.472064e+04  5.240930e+02  2.395030e+01  2.275415e+00  2.275402e+00  1.300000e-05  1.050872e+01  1.050872e+01  3.544900e-02  6.000000e-06  3.198102e-01  6.657887e-01  6.657887e-01  2.328897e-02  4.640829e+00  5.558285e+05  1.958166e+00  3.373427e+57  8.292553e+47  1.544166e-06  3.564873e+98  1.000000e+00  1.000000e+00  1.000000e+00
2.395030e+01  1.054675e+03  8.472064e+04  5.940138e+02  2.395030e+01  2.301586e+00  2.301573e+00  1.300000e-05  1.044692e+01  1.044692e+01  3.539100e-02  6.000000e-06  3.254023e-01  6.922545e-01  6.922545e-01  2.105327e-02  3.846919e+00  5.745404e+05  1.948589e+00  3.428841e+57  8.252176e+47  1.284251e-06  2.325468e+98  1.000000e+00  1.000000e+00  1.000000e+00
2.395030e+01  1.133922e+03  8.472064e+04  6.732629e+02  2.395030e+01  2.320564e+00  2.320551e+00  1.300000e-05  1.037527e+01  1.037527e+01  3.532600e-02  6.000000e-06  3.303513e-01  7.167606e-01  7.167606e-01  1.910742e-02  3.237688e+00  5.905358e+05  1.937828e+00  3.462258e+57  8.206805e+47  9.751854e-07  1.477353e+98  1.000000e+00  1.000000e+00  1.000000e+00
2.395030e+01  1.223749e+03  8.472064e+04  7.630849e+02  2.395030e+01  2.332805e+00  2.332792e+00  1.300000e-05  1.029504e+01  1.029504e+01  3.525200e-02  6.000000e-06  3.346818e-01  7.391007e-01  7.391007e-01  1.741955e-02  2.765592e+00  6.065714e+05  1.925750e+00  3.495056e+57  8.155880e+47  5.935556e-07  9.259047e+97  1.000000e+00  1.000000e+00  1.000000e+00
2.395030e+01  1.325556e+03  8.472064e+04  8.648903e+02  2.395030e+01  2.338812e+00  2.338799e+00  1.300000e-05  1.020716e+01  1.020716e+01  3.516900e-02  6.000000e-06  3.384324e-01  7.591702e-01  7.591702e-01  1.595512e-02  2.395833e+00  6.198243e+05  1.912213e+00  3.507043e+57  8.098799e+47  2.272726e-07  2.519353e+97  1.000000e+00  1.000000e+00  1.000000e+00
2.395030e+01  1.440942e+03  8.472064e+04  9.802778e+02  2.395030e+01  2.339126e+00  2.339114e+00  1.300000e-05  1.011292e+01  1.011292e+01  3.507600e-02  5.000000e-06  3.416320e-01  7.768524e-01  7.768524e-01  1.468883e-02  2.104319e+00  6.315866e+05  1.897062e+00  3.508448e+57  8.034911e+47  -2.940762e-07  -2.142787e+97  -1.000000e+00  -1.000000e+00  1.000000e+00
2.395030e+01  1.571717e+03  8.472064e+04  1.111060e+03  2.395030e+01  2.334302e+00  2.334289e+00  1.300000e-05  1.001335e+01  1.001335e+01  3.497100e-02  5.000000e-06  3.443178e-01  7.921136e-01  7.921136e-01  1.360796e-02  1.874543e+00  6.405460e+05  1.880128e+00  3.490320e+57  7.963496e+47  -7.946413e-07  -4.513731e+97  -1.000000e+00  -1.000000e+00  1.000000e+00
2.395030e+01  1.719954e+03  8.472064e+04  1.259289e+03  2.395030e+01  2.324900e+00  2.324887e+00  1.300000e-05  9.909465e+00  9.909465e+00  3.485400e-02  5.000000e-06  3.465259e-01  8.049595e-01  8.049595e-01  1.267886e-02  1.691661e+00  6.494958e+05  1.861235e+00  3.474293e+57  7.883816e+47  -1.449839e-06  -4.469220e+97  -1.000000e+00  -1.000000e+00  1.000000e+00
2.395030e+01  1.887962e+03  8.472064e+04  1.427295e+03  2.395030e+01  2.311474e+00  2.311461e+00  1.200000e-05  9.802430e+00  9.802430e+00  3.472200e-02  5.000000e-06  3.482867e-01  8.154035e-01  8.154035e-01  1.188108e-02  1.545540e+00  6.570160e+05  1.840199e+00  3.450326e+57  7.795095e+47  -2.806341e-06  -6.247048e+97  -1.000000e+00  -1.000000e+00  1.000000e+00
2.395030e+01  2.078381e+03  8.472064e+04  1.617714e+03  2.395030e+01  2.294563e+00  2.294551e+00  1.200000e-05  9.693334e+00  9.693334e+00  3.457400e-02  5.000000e-06  3.496298e-01  8.234930e-01  8.234930e-01  1.119882e-02  1.429020e+00  6.618918e+05  1.816835e+00  3.409749e+57  7.696544e+47  -4.594663e-06  -7.481713e+97  -1.000000e+00  -1.000000e+00  1.000000e+00
2.395030e+01  2.294199e+03  8.472064e+04  1.833538e+03  2.395030e+01  2.274682e+00  2.274670e+00  1.200000e-05  9.583119e+00  9.583119e+00  3.440900e-02  5.000000e-06  3.505867e-01  8.293231e-01  8.293231e-01  1.061793e-02  1.336507e+00  6.655471e+05  1.790950e+00  3.363797e+57  7.587346e+47  -5.702503e-06  -6.649447e+97  -1.000000e+00  -1.000000e+00  1.000000e+00
2.395030e+01  2.538819e+03  8.472064e+04  2.078156e+03  2.395030e+01  2.252325e+00  2.252314e+00  1.200000e-05  9.472816e+00  9.472816e+00  3.422500e-02  5.000000e-06  3.511832e-01  8.329852e-01  8.329852e-01  1.012501e-02  1.263638e+00  6.692905e+05  1.762344e+00  3.322650e+57  7.466657e+47  -1.445126e-05  -6.182424e+97  -1.000000e+00  -1.000000e+00  1.000000e+00
2.395030e+01  2.816077e+03  8.472064e+04  2.355409e+03  2.395030e+01  2.227953e+00  2.227941e+00  1.200000e-05  9.363171e+00  9.363171e+00  3.401900e-02  5.000000e-06  3.514510e-01  8.346366e-01  8.346366e-01  9.711635e-03  1.207467e+00  6.706761e+05  1.730833e+00  3.268277e+57  7.333697e+47  -5.508100e-05  -6.347831e+97  -1.000000e+00  -1.000000e+00  1.000000e+00
2.395030e+01  3.130319e+03  8.472064e+04  2.669651e+03  2.395030e+01  2.201998e+00  2.201987e+00  1.100000e-05  9.255134e+00  9.255134e+00  3.379100e-02  5.000000e-06  3.514114e-01  8.343927e-01  8.343927e-01  9.368898e-03  1.165517e+00  6.710708e+05  1.696240e+00  3.211140e+57  7.187714e+47  -5.208920e-04  -5.727247e+97  -1.000000e+00  -1.000000e+00  1.000000e+00
2.395030e+01  3.486480e+03  8.472064e+04  3.025817e+03  2.395030e+01  2.174864e+00  2.174853e+00  1.100000e-05  9.149460e+00  9.149460e+00  3.353800e-02  5.000000e-06  3.510898e-01  8.324108e-01  8.324108e-01  9.084062e-03  1.135265e+00  6.705720e+05  1.658401e+00  3.152118e+57  7.028013e+47  4.527114e-05  -5.077764e+97  1.000000e+00  -1.000000e+00  1.000000e+00
2.395030e+01  3.890162e+03  8.472064e+04  3.429500e+03  2.395030e+01  2.146919e+00  2.146908e+00  1.100000e-05  9.046777e+00  9.046777e+00  3.325800e-02  5.000000e-06  3.505124e-01  8.288680e-01  8.288680e-01  8.856314e-03  1.115952e+00  6.692658e+05  1.617184e+00  3.091929e+57  6.854022e+47  1.852191e-05  -4.434951e+97  1.000000e+00  -1.000000e+00  1.000000e+00
2.395030e+01  4.347708e+03  8.472064e+04  3.887040e+03  2.395030e+01  2.118506e+00  2.118495e+00  1.100000e-05  8.947749e+00  8.947749e+00  3.294800e-02  5.000000e-06  3.497015e-01  8.239279e-01  8.239279e-01  8.677769e-03  1.106172e+00  6.672489e+05  1.572498e+00  3.031278e+57  6.665352e+47  1.266355e-05  -3.821739e+97  1.000000e+00  -1.000000e+00  1.000000e+00
2.395030e+01  4.866291e+03  8.472064e+04  4.405622e+03  2.395030e+01  2.089932e+00  2.089922e+00  1.000000e-05  8.852823e+00  8.852823e+00  3.260800e-02  5.000000e-06  3.486840e-01  8.177851e-01  8.177851e-01  8.543516e-03  1.105082e+00  6.646023e+05  1.524287e+00  2.970719e+57  6.461762e+47  9.275817e-06  -3.417940e+97  1.000000e+00  -1.000000e+00  1.000000e+00
2.395030e+01  5.454054e+03  8.472064e+04  4.993389e+03  2.395030e+01  2.061485e+00  2.061475e+00  1.000000e-05  8.762672e+00  8.762672e+00  3.223500e-02  5.000000e-06  3.474763e-01  8.105744e-01  8.105744e-01  8.448271e-03  1.111854e+00  6.604863e+05  1.472548e+00  2.903841e+57  6.243229e+47  7.403367e-06  -2.908082e+97  1.000000e+00  -1.000000e+00  1.000000e+00
2.395030e+01  6.120229e+03  8.472064e+04  5.659571e+03  2.395030e+01  2.033418e+00  2.033409e+00  1.000000e-05  8.677578e+00  8.677578e+00  3.182700e-02  5.000000e-06  3.461065e-01  8.024986e-01  8.024986e-01  8.389730e-03  1.126177e+00  6.569027e+05  1.417362e+00  2.845479e+57  6.010087e+47  7.420653e-06  -2.255854e+97  1.000000e+00  -1.000000e+00  1.000000e+00
2.395030e+01  6.875298e+03  8.472064e+04  6.414631e+03  2.395030e+01  2.005962e+00  2.005953e+00  9.000000e-06  8.597929e+00  8.597929e+00  3.138200e-02  5.000000e-06  3.445962e-01  7.937182e-01  7.937182e-01  8.363028e-03  1.147405e+00  6.529629e+05  1.358858e+00  2.788807e+57  5.762862e+47  6.656554e-06  -1.848479e+97  1.000000e+00  -1.000000e+00  1.000000e+00
2.395030e+01  7.731096e+03  8.472064e+04  7.270426e+03  2.395030e+01  1.979324e+00  1.979315e+00  9.000000e-06  8.524006e+00  8.524006e+00  3.090100e-02  4.000000e-06  3.429688e-01  7.843995e-01  7.843995e-01  8.363254e-03  1.174886e+00  6.487497e+05  1.297273e+00  2.734222e+57  5.502550e+47  5.685510e-06  -1.572596e+97  1.000000e+00  -1.000000e+00  1.000000e+00
2.395030e+01  8.701063e+03  8.472064e+04  8.240395e+03  2.395030e+01  1.953685e+00  1.953677e+00  8.000000e-06  8.456018e+00  8.456018e+00  3.038100e-02  4.000000e-06  3.412482e-01  7.747029e-01  7.747029e-01  8.392258e-03  1.209027e+00  6.435102e+05  1.232904e+00  2.675836e+57  5.230401e+47  5.184530e-06  -1.276766e+97  1.000000e+00  -1.000000e+00  1.000000e+00
2.395030e+01  9.800430e+03  8.472064e+04  9.339770e+03  2.395030e+01  1.929210e+00  1.929202e+00  8.000000e-06  8.394242e+00  8.394242e+00  2.982200e-02  4.000000e-06  3.394531e-01  7.647533e-01  7.647533e-01  8.446034e-03  1.249297e+00  6.390070e+05  1.166152e+00  2.626573e+57  4.948087e+47  5.260688e-06  -9.411830e+96  1.000000e+00  -1.000000e+00  1.000000e+00
2.395030e+01  1.104648e+04  8.472064e+04  1.058582e+04  2.395030e+01  1.906036e+00  1.906028e+00  7.000000e-06  8.338650e+00  8.338650e+00  2.922500e-02  4.000000e-06  3.376113e-01  7.547169e-01  7.547169e-01  8.517822e-03  1.294665e+00  6.344490e+05  1.097478e+00  2.580236e+57  4.657564e+47  4.932696e-06  -7.335875e+96  1.000000e+00  -1.000000e+00  1.000000e+00
2.395030e+01  1.245877e+04  8.472064e+04  1.199810e+04  2.395030e+01  1.884281e+00  1.884274e+00  7.000000e-06  8.289263e+00  8.289263e+00  2.858900e-02  4.000000e-06  3.357463e-01  7.447270e-01  7.447270e-01  8.607454e-03  1.345058e+00  6.298991e+05  1.027443e+00  2.537006e+57  4.361183e+47  4.359007e-06  -5.967981e+96  1.000000e+00  -1.000000e+00  1.000000e+00
2.395030e+01  1.405947e+04  8.472064e+04  1.359880e+04  2.395030e+01  1.864046e+00  1.864039e+00  6.000000e-06  8.246184e+00  8.246184e+00  2.791600e-02  3.000000e-06  3.338760e-01  7.348776e-01  7.348776e-01  8.709218e-03  1.399492e+00  6.246761e+05  9.566473e-01  2.491490e+57  4.061485e+47  4.104340e-06  -4.611457e+96  1.000000e+00  -1.000000e+00  1.000000e+00
2.395030e+01  1.587372e+04  8.472064e+04  1.541306e+04  2.395030e+01  1.845410e+00  1.845404e+00  6.000000e-06  8.209211e+00  8.209211e+00  2.720900e-02  3.000000e-06  3.320268e-01  7.253014e-01  7.253014e-01  8.820781e-03  1.457315e+00  6.203378e+05  8.857398e-01  2.455053e+57  3.761213e+47  4.182384e-06  -3.171534e+96  1.000000e+00  -1.000000e+00  1.000000e+00
2.395030e+01  1.793002e+04  8.472064e+04  1.746936e+04  2.395030e+01  1.828432e+00  1.828426e+00  6.000000e-06  8.178245e+00  8.178245e+00  2.646800e-02  3.000000e-06  3.302176e-01  7.160847e-01  7.160847e-01  8.943267e-03  1.518457e+00  6.161700e+05  8.153890e-01  2.422082e+57  3.463194e+47  3.961189e-06  -2.327348e+96  1.000000e+00  -1.000000e+00  1.000000e+00
2.395030e+01  2.025605e+04  8.472064e+04  1.979538e+04  2.395030e+01  1.813178e+00  1.813173e+00  5.000000e-06  8.153081e+00  8.153081e+00  2.569900e-02  3.000000e-06  3.284736e-01  7.073378e-01  7.073378e-01  9.067742e-03  1.580906e+00  6.122127e+05  7.463891e-01  2.392526e+57  3.170794e+47  3.854410e-06  -1.873396e+96  1.000000e+00  -1.000000e+00  1.000000e+00
3.290340e+01  1.030404e+02  8.608613e+04  1.000000e+00  3.290340e+01  1.108830e-01  1.108610e-01  2.200000e-05  1.682043e+01  1.682043e+01  4.148400e-02  1.950000e-04  9.736633e-03  9.881183e-03  9.881184e-03  2.071550e-02  1.578212e+08  1.664775e+04  3.189127e+00  1.391407e+56  1.555203e+48  6.522855e-06  1.537117e+99  1.000000e+00  1.000000e+00  0.000000e+00
3.290340e+01  1.076573e+02  8.608613e+04  1.133400e+00  3.290340e+01  1.187120e-01  1.186910e-01  2.200000e-05  1.593235e+01  1.593235e+01  4.148300e-02  1.820000e-04  1.100518e-02  1.119024e-02  1.119024e-02  2.465047e-02  1.018001e+08  1.784805e+04  3.188873e+00  1.493182e+56  1.555078e+48  6.518884e-06  1.542958e+99  1.000000e+00  1.000000e+00  0.000000e+00
3.290340e+01  1.131115e+02  8.608613e+04  1.284600e+00  3.290340e+01  1.282980e-01  1.282760e-01  2.200000e-05  1.516383e+01  1.516383e+01  4.148200e-02  1.680000e-04  1.249660e-02  1.273584e-02  1.273584e-02  2.970432e-02  6.497840e+07  1.931958e+04  3.188532e+00  1.614426e+56  1.554912e+48  6.507297e-06  1.544779e+99  1.000000e+00  1.000000e+00  0.000000e+00
3.290340e+01  1.191072e+02  8.608613e+04  1.456000e+00  3.290340e+01  1.389180e-01  1.388960e-01  2.200000e-05  1.454304e+01  1.454304e+01  4.148000e-02  1.550000e-04  1.410861e-02  1.441439e-02  1.441439e-02  3.544555e-02  4.227144e+07  2.095347e+04  3.188164e+00  1.746805e+56  1.554734e+48  6.491336e-06  1.621516e+99  1.000000e+00  1.000000e+00  0.000000e+00
3.290340e+01  1.250167e+02  8.608613e+04  1.650300e+00  3.290340e+01  1.505890e-01  1.505680e-01  2.200000e-05  1.403451e+01  1.403451e+01  4.147800e-02  1.430000e-04  1.584815e-02  1.623513e-02  1.623513e-02  4.178137e-02  2.786131e+07  2.275410e+04  3.187793e+00  1.891169e+56  1.554554e+48  6.472450e-06  1.685341e+99  1.000000e+00  1.000000e+00  0.000000e+00
3.290340e+01  1.316026e+02  8.608613e+04  1.870400e+00  3.290340e+01  1.633780e-01  1.633570e-01  2.200000e-05  1.361350e+01  1.361350e+01  4.147700e-02  1.320000e-04  1.772580e-02  1.821148e-02  1.821148e-02  4.861680e-02  1.852098e+07  2.473319e+04  3.187383e+00  2.048595e+56  1.554355e+48  6.451561e-06  1.772900e+99  1.000000e+00  1.000000e+00  0.000000e+00
3.290340e+01  1.379494e+02  8.608613e+04  2.120000e+00  3.290340e+01  1.772970e-01  1.772750e-01  2.200000e-05  1.326406e+01  1.326406e+01  4.147500e-02  1.220000e-04  1.974265e-02  2.034723e-02  2.034723e-02  5.581791e-02  1.240662e+07  2.689435e+04  3.186979e+00  2.219416e+56  1.554159e+48  6.428222e-06  1.557381e+99  1.000000e+00  1.000000e+00  0.000000e+00
3.290340e+01  1.527256e+02  8.608613e+04  2.402800e+00  3.290340e+01  1.914170e-01  1.913960e-01  2.200000e-05  1.298834e+01  1.298834e+01  4.147100e-02  1.130000e-04  2.176754e-02  2.250509e-02  2.250509e-02  6.277120e-02  8.562927e+06  2.909523e+04  3.186086e+00  2.392453e+56  1.553726e+48  6.401084e-06  1.968172e+99  1.000000e+00  1.000000e+00  0.000000e+00
3.290340e+01  1.576382e+02  8.608613e+04  2.723400e+00  3.290340e+01  2.049910e-01  2.049700e-01  2.200000e-05  1.275823e+01  1.275823e+01  4.147000e-02  1.050000e-04  2.373158e-02  2.461122e-02  2.461122e-02  6.888851e-02  6.101295e+06  3.122057e+04  3.185751e+00  2.558232e+56  1.553564e+48  6.374346e-06  2.511633e+99  1.000000e+00  1.000000e+00  0.000000e+00
3.290340e+01  1.627167e+02  8.608613e+04  3.086700e+00  3.290340e+01  2.209700e-01  2.209480e-01  2.200000e-05  1.253883e+01  1.253883e+01  4.146800e-02  9.800000e-05  2.602900e-02  2.709145e-02  2.709145e-02  7.556703e-02  4.216517e+06  3.373298e+04  3.185402e+00  2.753468e+56  1.553394e+48  6.347589e-06  2.849313e+99  1.000000e+00  1.000000e+00  0.000000e+00
3.290340e+01  1.679681e+02  8.608613e+04  3.498500e+00  3.290340e+01  2.396140e-01  2.395930e-01  2.200000e-05  1.234360e+01  1.234360e+01  4.146600e-02  9.000000e-05  2.867165e-02  2.996679e-02  2.996679e-02  8.278702e-02  2.848446e+06  3.667693e+04  3.185035e+00  2.981669e+56  1.553216e+48  6.318709e-06  3.204028e+99  1.000000e+00  1.000000e+00  0.000000e+00
3.290340e+01  1.734000e+02  8.608613e+04  3.965200e+00  3.290340e+01  2.611370e-01  2.611150e-01  2.200000e-05  1.217915e+01  1.217915e+01  4.146500e-02  8.300000e-05  3.166884e-02  3.325728e-02  3.325728e-02  9.042405e-02  1.892482e+06  4.009213e+04  3.184646e+00  3.245879e+56  1.553028e+48  6.286304e-06  3.568065e+99  1.000000e+00  1.000000e+00  0.000000e+00
3.290340e+01  1.790190e+02  8.608613e+04  4.494300e+00  3.290340e+01  2.857410e-01  2.857190e-01  2.200000e-05  1.204804e+01  1.204804e+01  4.146300e-02  7.500000e-05  3.502978e-02  3.698490e-02  3.698490e-02  9.831385e-02  1.242607e+06  4.401724e+04  3.184239e+00  3.548891e+56  1.552830e+48  6.250599e-06  3.938533e+99  1.000000e+00  1.000000e+00  0.000000e+00
3.290340e+01  1.848335e+02  8.608613e+04  5.093900e+00  3.290340e+01  3.136310e-01  3.136090e-01  2.200000e-05  1.195038e+01  1.195038e+01  4.146100e-02  6.900000e-05  3.876313e-02  4.117324e-02  4.117324e-02  1.062591e-01  8.094309e+05  4.849380e+04  3.183807e+00  3.893697e+56  1.552620e+48  6.210271e-06  4.314387e+99  1.000000e+00  1.000000e+00  0.000000e+00
3.290340e+01  1.908524e+02  8.608613e+04  5.773400e+00  3.290340e+01  3.450100e-01  3.449880e-01  2.200000e-05  1.188465e+01  1.188465e+01  4.145900e-02  6.200000e-05  4.287724e-02  4.584802e-02  4.584802e-02  1.140494e-01  5.246498e+05  5.356501e+04  3.183351e+00  4.283301e+56  1.552399e+48  6.165899e-06  4.693049e+99  1.000000e+00  1.000000e+00  0.000000e+00
3.290340e+01  1.970844e+02  8.608613e+04  6.543700e+00  3.290340e+01  3.800790e-01  3.800580e-01  2.200000e-05  1.184843e+01  1.184843e+01  4.145700e-02  5.700000e-05  4.738002e-02  5.103733e-02  5.103733e-02  1.214609e-01  3.391332e+05  5.927538e+04  3.182867e+00  4.720753e+56  1.552164e+48  6.117177e-06  5.072664e+99  1.000000e+00  1.000000e+00  0.000000e+00
3.290340e+01  2.035396e+02  8.608613e+04  7.416700e+00  3.290340e+01  4.190380e-01  4.190170e-01  2.200000e-05  1.183885e+01  1.183885e+01  4.145500e-02  5.100000e-05  5.227880e-02  5.677169e-02  5.677169e-02  1.282919e-01  2.190179e+05  6.567250e+04  3.182353e+00  5.209275e+56  1.551915e+48  6.063449e-06  5.452745e+99  1.000000e+00  1.000000e+00  0.000000e+00
3.290340e+01  2.102287e+02  8.608613e+04  8.406200e+00  3.290340e+01  4.620750e-01  4.620540e-01  2.200000e-05  1.185286e+01  1.185286e+01  4.145200e-02  4.700000e-05  5.757995e-02  6.308405e-02  6.308405e-02  1.343429e-01  1.415039e+05  7.280517e+04  3.181807e+00  5.752027e+56  1.551650e+48  6.004391e-06  5.830819e+99  1.000000e+00  1.000000e+00  0.000000e+00
3.290340e+01  2.171631e+02  8.608613e+04  9.527700e+00  3.290340e+01  5.093680e-01  5.093460e-01  2.200000e-05  1.188740e+01  1.188740e+01  4.145000e-02  4.200000e-05  6.328866e-02  7.000982e-02  7.000982e-02  1.394547e-01  9.156099e+04  8.072453e+04  3.181224e+00  6.352262e+56  1.551367e+48  5.937353e-06  5.864521e+99  1.000000e+00  1.000000e+00  0.000000e+00
3.290340e+01  4.714565e+02  8.608613e+04  1.079880e+01  3.290340e+01  5.368420e-01  5.368210e-01  2.100000e-05  1.189102e+01  1.189102e+01  4.138700e-02  4.000000e-05  6.668209e-02  7.419143e-02  7.419143e-02  1.427627e-01  7.219093e+04  8.536776e+04  3.166694e+00  6.702620e+56  1.544314e+48  6.223311e-06  -6.780301e+99  1.000000e+00  -1.000000e+00  1.000000e+00
3.290340e+01  4.728972e+02  8.608613e+04  1.223950e+01  3.290340e+01  5.257920e-01  5.257710e-01  2.100000e-05  1.179735e+01  1.179735e+01  4.138500e-02  4.100000e-05  6.582808e-02  7.313445e-02  7.313445e-02  1.414866e-01  7.630812e+04  8.355741e+04  3.166371e+00  6.560838e+56  1.544157e+48  6.223714e-06  -5.953074e+99  1.000000e+00  -1.000000e+00  1.000000e+00
3.290340e+01  4.745300e+02  8.608613e+04  1.387240e+01  3.290340e+01  5.167490e-01  5.167280e-01  2.100000e-05  1.166464e+01  1.166464e+01  4.138400e-02  4.100000e-05  6.543203e-02  7.264533e-02  7.264533e-02  1.386786e-01  7.708443e+04  8.212623e+04  3.166004e+00  6.443603e+56  1.543980e+48  6.391688e-06  -4.044746e+99  1.000000e+00  -1.000000e+00  1.000000e+00
3.290340e+01  4.763807e+02  8.608613e+04  1.572320e+01  3.290340e+01  5.110100e-01  5.109880e-01  2.100000e-05  1.149967e+01  1.149967e+01  4.138200e-02  4.200000e-05  6.563350e-02  7.289406e-02  7.289406e-02  1.348258e-01  7.379931e+04  8.123464e+04  3.165589e+00  6.363549e+56  1.543778e+48  3.542678e-05  -1.880781e+99  1.000000e+00  -1.000000e+00  1.000000e+00
3.290340e+01  4.784787e+02  8.608613e+04  1.782080e+01  3.290340e+01  5.097650e-01  5.097430e-01  2.100000e-05  1.130787e+01  1.130787e+01  4.138000e-02  4.200000e-05  6.658407e-02  7.406996e-02  7.406996e-02  1.303292e-01  6.638976e+04  8.120056e+04  3.165119e+00  6.344804e+56  1.543550e+48  3.764825e-05  4.541547e+98  1.000000e+00  1.000000e+00  1.000000e+00
3.290340e+01  4.808563e+02  8.608613e+04  2.019840e+01  3.290340e+01  5.142470e-01  5.142250e-01  2.100000e-05  1.109763e+01  1.109763e+01  4.137700e-02  4.200000e-05  6.844203e-02  7.637954e-02  7.637954e-02  1.256038e-01  5.575694e+04  8.221842e+04  3.164586e+00  6.402130e+56  1.543291e+48  4.749754e-06  2.508370e+99  1.000000e+00  1.000000e+00  1.000000e+00
3.290340e+01  4.835509e+02  8.608613e+04  2.289310e+01  3.290340e+01  5.256330e-01  5.256120e-01  2.100000e-05  1.088023e+01  1.088023e+01  4.137500e-02  4.100000e-05  7.135530e-02  8.003113e-02  8.003113e-02  1.210930e-01  4.364127e+04  8.430412e+04  3.163981e+00  6.536844e+56  1.542998e+48  5.419986e-06  4.446723e+99  1.000000e+00  1.000000e+00  1.000000e+00
3.290340e+01  4.866048e+02  8.608613e+04  2.594730e+01  3.290340e+01  5.449300e-01  5.449090e-01  2.100000e-05  1.066873e+01  1.066873e+01  4.137200e-02  3.900000e-05  7.544137e-02  8.521594e-02  8.521594e-02  1.171173e-01  3.195089e+04  8.790969e+04  3.163297e+00  6.782480e+56  1.542666e+48  5.368741e-06  6.331615e+99  1.000000e+00  1.000000e+00  1.000000e+00
3.290340e+01  4.900671e+02  8.608613e+04  2.940900e+01  3.290340e+01  5.728760e-01  5.728540e-01  2.100000e-05  1.047641e+01  1.047641e+01  4.136800e-02  3.700000e-05  8.076622e-02  9.208607e-02  9.208607e-02  1.138696e-01  2.208841e+04  9.309163e+04  3.162522e+00  7.142802e+56  1.542290e+48  5.449161e-06  7.707977e+99  1.000000e+00  1.000000e+00  1.000000e+00
3.290340e+01  4.939909e+02  8.608613e+04  3.333260e+01  3.290340e+01  6.099140e-01  6.098930e-01  2.100000e-05  1.031410e+01  1.031410e+01  4.136500e-02  3.500000e-05  8.734117e-02  1.007519e-01  1.007519e-01  1.113512e-01  1.460508e+04  9.979907e+04  3.161645e+00  7.612785e+56  1.541864e+48  5.448676e-06  8.836898e+99  1.000000e+00  1.000000e+00  1.000000e+00
3.290340e+01  4.984378e+02  8.608613e+04  3.777960e+01  3.290340e+01  6.561850e-01  6.561630e-01  2.100000e-05  1.018814e+01  1.018814e+01  4.136000e-02  3.300000e-05  9.512901e-02  1.112881e-01  1.112881e-01  1.094297e-01  9.364379e+03  1.084410e+05  3.160651e+00  8.221477e+56  1.541382e+48  5.320258e-06  9.777631e+99  1.000000e+00  1.000000e+00  1.000000e+00
3.290340e+01  5.034775e+02  8.608613e+04  4.281980e+01  3.290340e+01  7.115650e-01  7.115430e-01  2.100000e-05  1.010058e+01  1.010058e+01  4.135500e-02  3.000000e-05  1.040518e-01  1.237400e-01  1.237400e-01  1.078717e-01  5.896089e+03  1.189315e+05  3.159525e+00  8.960215e+56  1.540835e+48  5.292548e-06  1.018374e+100  1.000000e+00  1.000000e+00  1.000000e+00
3.290340e+01  5.091908e+02  8.608613e+04  4.853260e+01  3.290340e+01  7.757020e-01  7.756810e-01  2.100000e-05  1.004999e+01  1.004999e+01  4.135000e-02  2.800000e-05  1.140016e-01  1.381310e-01  1.381310e-01  1.063215e-01  3.680982e+03  1.310144e+05  3.158249e+00  9.807144e+56  1.540216e+48  5.228877e-06  1.035296e+100  1.000000e+00  1.000000e+00  1.000000e+00
3.290340e+01  5.156662e+02  8.608613e+04  5.500740e+01  3.290340e+01  8.480400e-01  8.480190e-01  2.100000e-05  1.003260e+01  1.003260e+01  4.134400e-02  2.500000e-05  1.248488e-01  1.544679e-01  1.544679e-01  1.044792e-01  2.296250e+03  1.450976e+05  3.156803e+00  1.078964e+57  1.539514e+48  5.043728e-06  1.050647e+100  1.000000e+00  1.000000e+00  1.000000e+00
3.290340e+01  5.230050e+02  8.608613e+04  6.234610e+01  3.290340e+01  9.278320e-01  9.278110e-01  2.100000e-05  1.004365e+01  1.004365e+01  4.133600e-02  2.300000e-05  1.364455e-01  1.727360e-01  1.727360e-01  1.020748e-01  1.438901e+03  1.612587e+05  3.155167e+00  1.190984e+57  1.538720e+48  4.902990e-06  1.032876e+100  1.000000e+00  1.000000e+00  1.000000e+00
3.290340e+01  5.313221e+02  8.608613e+04  7.066390e+01  3.290340e+01  1.014153e+00  1.014131e+00  2.100000e-05  1.007729e+01  1.007729e+01  4.132800e-02  2.100000e-05  1.486418e-01  1.929163e-01  1.929163e-01  9.893152e-02  9.089461e+02  1.790006e+05  3.153315e+00  1.312651e+57  1.537821e+48  4.832434e-06  9.799297e+99  1.000000e+00  1.000000e+00  1.000000e+00
3.290340e+01  5.407496e+02  8.608613e+04  8.009140e+01  3.290340e+01  1.105913e+00  1.105892e+00  2.100000e-05  1.012784e+01  1.012784e+01  4.131900e-02  1.900000e-05  1.612820e-01  2.149708e-01  2.149708e-01  9.499953e-02  5.803655e+02  1.981296e+05  3.151217e+00  1.442085e+57  1.536803e+48  4.696396e-06  9.254912e+99  1.000000e+00  1.000000e+00  1.000000e+00
3.290340e+01  5.514360e+02  8.608613e+04  9.077660e+01  3.290340e+01  1.201881e+00  1.201860e+00  2.100000e-05  1.018992e+01  1.018992e+01  4.130900e-02  1.800000e-05  1.742098e-01  2.388422e-01  2.388422e-01  9.033091e-02  3.753035e+02  2.190540e+05  3.148843e+00  1.581891e+57  1.535650e+48  4.486994e-06  8.747177e+99  1.000000e+00  1.000000e+00  1.000000e+00
3.290340e+01  5.635472e+02  8.608613e+04  1.028874e+02  3.290340e+01  1.300698e+00  1.300677e+00  2.100000e-05  1.025855e+01  1.025855e+01  4.129700e-02  1.600000e-05  1.872717e-01  2.644493e-01  2.644493e-01  8.500157e-02  2.460241e+02  2.416159e+05  3.146154e+00  1.730411e+57  1.534345e+48  4.349141e-06  7.995704e+99  1.000000e+00  1.000000e+00  1.000000e+00
3.290340e+01  5.772730e+02  8.608613e+04  1.166139e+02  3.290340e+01  1.400934e+00  1.400913e+00  2.100000e-05  1.032946e+01  1.032946e+01  4.128400e-02  1.500000e-05  2.003188e-01  2.916810e-01  2.916810e-01  7.922457e-02  1.637404e+02  2.648316e+05  3.143113e+00  1.879834e+57  1.532869e+48  4.227438e-06  7.139081e+99  1.000000e+00  1.000000e+00  1.000000e+00
3.290340e+01  5.928297e+02  8.608613e+04  1.321717e+02  3.290340e+01  1.501118e+00  1.501097e+00  2.100000e-05  1.039880e+01  1.039880e+01  4.126900e-02  1.400000e-05  2.132128e-01  3.203988e-01  3.203988e-01  7.318087e-02  1.107245e+02  2.890698e+05  3.139671e+00  2.032474e+57  1.531198e+48  3.975326e-06  6.509918e+99  1.000000e+00  1.000000e+00  1.000000e+00
3.290340e+01  6.104652e+02  8.608613e+04  1.498051e+02  3.290340e+01  1.599796e+00  1.599775e+00  2.100000e-05  1.046351e+01  1.046351e+01  4.125100e-02  1.300000e-05  2.258234e-01  3.504229e-01  3.504229e-01  6.705867e-02  7.612169e+01  3.149943e+05  3.135776e+00  2.192930e+57  1.529307e+48  3.789140e-06  5.750962e+99  1.000000e+00  1.000000e+00  1.000000e+00
3.290340e+01  6.304521e+02  8.608613e+04  1.697911e+02  3.290340e+01  1.695587e+00  1.695566e+00  2.100000e-05  1.052078e+01  1.052078e+01  4.123200e-02  1.200000e-05  2.380422e-01  3.815586e-01  3.815586e-01  6.103403e-02  5.323670e+01  3.403878e+05  3.131375e+00  2.344251e+57  1.527170e+48  3.621164e-06  4.937180e+99  1.000000e+00  1.000000e+00  1.000000e+00
3.290340e+01  6.531038e+02  8.608613e+04  1.924434e+02  3.290340e+01  1.787210e+00  1.787189e+00  2.100000e-05  1.056865e+01  1.056865e+01  4.121000e-02  1.200000e-05  2.497685e-01  4.135593e-01  4.135593e-01  5.521877e-02  3.787111e+01  3.668397e+05  3.126396e+00  2.498122e+57  1.524753e+48  3.383472e-06  4.290493e+99  1.000000e+00  1.000000e+00  1.000000e+00
3.290340e+01  6.787757e+02  8.608613e+04  2.181178e+02  3.290340e+01  1.873542e+00  1.873521e+00  2.100000e-05  1.060552e+01  1.060552e+01  4.118500e-02  1.100000e-05  2.609233e-01  4.461601e-01  4.461601e-01  4.974667e-02  2.742252e+01  3.929679e+05  3.120757e+00  2.643982e+57  1.522017e+48  3.226508e-06  3.547088e+99  1.000000e+00  1.000000e+00  1.000000e+00
3.290340e+01  7.078781e+02  8.608613e+04  2.472176e+02  3.290340e+01  1.953639e+00  1.953618e+00  2.100000e-05  1.063029e+01  1.063029e+01  4.115700e-02  1.100000e-05  2.714442e-01  4.790706e-01  4.790706e-01  4.467451e-02  2.020996e+01  4.183879e+05  3.114402e+00  2.779066e+57  1.518931e+48  3.006086e-06  2.945510e+99  1.000000e+00  1.000000e+00  1.000000e+00
3.290340e+01  7.408620e+02  8.608613e+04  2.801996e+02  3.290340e+01  2.026753e+00  2.026732e+00  2.100000e-05  1.064226e+01  1.064226e+01  4.112600e-02  1.000000e-05  2.812863e-01  5.119833e-01  5.119833e-01  4.003790e-02  1.515756e+01  4.439484e+05  3.107221e+00  2.909658e+57  1.515445e+48  2.717648e-06  2.493891e+99  1.000000e+00  1.000000e+00  1.000000e+00
3.290340e+01  7.782441e+02  8.608613e+04  3.175819e+02  3.290340e+01  2.092338e+00  2.092317e+00  2.100000e-05  1.064110e+01  1.064110e+01  4.109000e-02  1.000000e-05  2.904204e-01  5.445804e-01  5.445804e-01  3.585348e-02  1.156917e+01  4.694146e+05  3.099118e+00  3.034385e+57  1.511511e+48  2.499260e-06  2.006237e+99  1.000000e+00  1.000000e+00  1.000000e+00
3.290340e+01  8.206108e+02  8.608613e+04  3.599514e+02  3.290340e+01  2.150050e+00  2.150029e+00  2.100000e-05  1.062674e+01  1.062674e+01  4.105000e-02  1.000000e-05  2.988340e-01  5.765499e-01  5.765499e-01  3.210939e-02  8.982275e+00  4.931819e+05  3.089977e+00  3.141502e+57  1.507073e+48  2.352574e-06  1.487403e+99  1.000000e+00  1.000000e+00  1.000000e+00
3.290340e+01  8.686339e+02  8.608613e+04  4.079736e+02  3.290340e+01  2.199732e+00  2.199711e+00  2.100000e-05  1.059960e+01  1.059960e+01  4.100400e-02  9.000000e-06  3.065222e-01  6.075683e-01  6.075683e-01  2.879303e-02  7.093889e+00  5.149405e+05  3.079669e+00  3.229186e+57  1.502069e+48  2.135869e-06  1.103075e+99  1.000000e+00  1.000000e+00  1.000000e+00
3.290340e+01  9.230662e+02  8.608613e+04  4.624025e+02  3.290340e+01  2.241397e+00  2.241376e+00  2.100000e-05  1.056010e+01  1.056010e+01  4.095200e-02  9.000000e-06  3.134964e-01  6.373495e-01  6.373495e-01  2.586917e-02  5.695558e+00  5.358326e+05  3.068054e+00  3.306538e+57  1.496430e+48  1.843646e-06  8.471078e+98  1.000000e+00  1.000000e+00  1.000000e+00
3.290340e+01  9.847572e+02  8.608613e+04  5.240930e+02  3.290340e+01  2.275201e+00  2.275181e+00  2.100000e-05  1.050909e+01  1.050909e+01  4.089400e-02  9.000000e-06  3.197689e-01  6.655979e-01  6.655979e-01  2.330643e-02  4.647387e+00  5.557141e+05  3.054980e+00  3.373147e+57  1.490082e+48  1.546315e-06  6.323180e+98  1.000000e+00  1.000000e+00  1.000000e+00
3.290340e+01  1.054675e+03  8.608613e+04  5.940138e+02  3.290340e+01  2.301428e+00  2.301407e+00  2.100000e-05  1.044724e+01  1.044724e+01  4.082800e-02  9.000000e-06  3.253700e-01  6.920980e-01  6.920980e-01  2.106771e-02  3.851674e+00  5.744290e+05  3.040272e+00  3.428574e+57  1.482941e+48  1.286440e-06  4.126263e+98  1.000000e+00  1.000000e+00  1.000000e+00
3.290340e+01  1.133922e+03  8.608613e+04  6.732629e+02  3.290340e+01  2.320457e+00  2.320436e+00  2.000000e-05  1.037575e+01  1.037575e+01  4.075400e-02  9.000000e-06  3.303206e-01  7.166051e-01  7.166051e-01  1.912003e-02  3.241254e+00  5.904455e+05  3.023744e+00  3.462138e+57  1.474916e+48  9.770727e-07  2.624915e+98  1.000000e+00  1.000000e+00  1.000000e+00
3.290340e+01  1.223749e+03  8.608613e+04  7.630849e+02  3.290340e+01  2.332740e+00  2.332720e+00  2.000000e-05  1.029549e+01  1.029549e+01  4.067000e-02  9.000000e-06  3.346579e-01  7.389749e-01  7.389749e-01  1.742720e-02  2.767729e+00  6.064867e+05  3.005192e+00  3.494962e+57  1.465907e+48  5.959805e-07  1.644150e+98  1.000000e+00  1.000000e+00  1.000000e+00
3.290340e+01  1.325556e+03  8.608613e+04  8.648903e+02  3.290340e+01  2.338784e+00  2.338764e+00  2.000000e-05  1.020766e+01  1.020766e+01  4.057600e-02  9.000000e-06  3.384118e-01  7.590583e-01  7.590583e-01  1.596286e-02  2.397723e+00  6.197529e+05  2.984392e+00  3.507032e+57  1.455807e+48  2.298072e-07  4.511119e+97  1.000000e+00  1.000000e+00  1.000000e+00
3.290340e+01  1.440942e+03  8.608613e+04  9.802778e+02  3.290340e+01  2.339130e+00  2.339110e+00  2.000000e-05  1.011347e+01  1.011347e+01  4.047100e-02  9.000000e-06  3.416143e-01  7.767527e-01  7.767527e-01  1.469583e-02  2.105845e+00  6.315270e+05  2.961106e+00  3.508506e+57  1.444499e+48  -2.911544e-07  -3.775618e+97  -1.000000e+00  -1.000000e+00  1.000000e+00
3.290340e+01  1.571717e+03  8.608613e+04  1.111060e+03  3.290340e+01  2.334333e+00  2.334313e+00  2.000000e-05  1.001384e+01  1.001384e+01  4.035200e-02  9.000000e-06  3.443054e-01  7.920421e-01  7.920421e-01  1.361355e-02  1.875701e+00  6.404904e+05  2.935078e+00  3.490384e+57  1.431858e+48  -7.905813e-07  -7.980073e+97  -1.000000e+00  -1.000000e+00  1.000000e+00
3.290340e+01  1.719954e+03  8.608613e+04  1.259289e+03  3.290340e+01  2.324955e+00  2.324935e+00  2.000000e-05  9.910035e+00  9.910035e+00  4.021800e-02  8.000000e-06  3.465141e-01  8.048902e-01  8.048902e-01  1.268327e-02  1.692527e+00  6.494562e+05  2.906035e+00  3.474452e+57  1.417752e+48  -1.445184e-06  -7.892215e+97  -1.000000e+00  -1.000000e+00  1.000000e+00
3.290340e+01  1.887962e+03  8.608613e+04  1.427295e+03  3.290340e+01  2.311547e+00  2.311528e+00  1.900000e-05  9.803020e+00  9.803020e+00  4.006800e-02  8.000000e-06  3.482768e-01  8.153444e-01  8.153444e-01  1.188467e-02  1.546214e+00  6.569865e+05  2.873688e+00  3.450535e+57  1.402040e+48  -2.801442e-06  -1.106694e+98  -1.000000e+00  -1.000000e+00  1.000000e+00
3.290340e+01  2.078381e+03  8.608613e+04  1.617714e+03  3.290340e+01  2.294651e+00  2.294632e+00  1.900000e-05  9.693885e+00  9.693885e+00  3.990000e-02  8.000000e-06  3.496233e-01  8.234537e-01  8.234537e-01  1.120205e-02  1.429568e+00  6.618658e+05  2.837749e+00  3.409956e+57  1.384581e+48  -4.585362e-06  -1.326726e+98  -1.000000e+00  -1.000000e+00  1.000000e+00
3.290340e+01  2.294199e+03  8.608613e+04  1.833538e+03  3.290340e+01  2.274782e+00  2.274764e+00  1.900000e-05  9.583650e+00  9.583650e+00  3.971300e-02  8.000000e-06  3.505828e-01  8.292988e-01  8.292988e-01  1.062047e-02  1.336909e+00  6.655265e+05  2.797913e+00  3.364017e+57  1.365228e+48  -5.691850e-06  -1.179189e+98  -1.000000e+00  -1.000000e+00  1.000000e+00
3.290340e+01  2.538819e+03  8.608613e+04  2.078156e+03  3.290340e+01  2.252434e+00  2.252416e+00  1.900000e-05  9.473320e+00  9.473320e+00  3.950300e-02  8.000000e-06  3.511814e-01  8.329745e-01  8.329745e-01  1.012773e-02  1.264025e+00  6.692747e+05  2.753880e+00  3.322876e+57  1.343833e+48  -1.437729e-05  -1.096593e+98  -1.000000e+00  -1.000000e+00  1.000000e+00
3.290340e+01  2.816077e+03  8.608613e+04  2.355409e+03  3.290340e+01  2.228068e+00  2.228050e+00  1.800000e-05  9.363673e+00  9.363673e+00  3.927000e-02  8.000000e-06  3.514503e-01  8.346325e-01  8.346325e-01  9.713747e-03  1.207773e+00  6.706668e+05  2.705350e+00  3.268523e+57  1.320251e+48  -5.407308e-05  -1.126071e+98  -1.000000e+00  -1.000000e+00  1.000000e+00
3.290340e+01  3.130319e+03  8.608613e+04  2.669651e+03  3.290340e+01  2.202118e+00  2.202100e+00  1.800000e-05  9.255636e+00  9.255636e+00  3.901000e-02  8.000000e-06  3.514115e-01  8.343934e-01  8.343934e-01  9.367961e-03  1.165381e+00  6.710684e+05  2.652044e+00  3.211409e+57  1.294345e+48  -5.565507e-04  -1.016628e+98  -1.000000e+00  -1.000000e+00  1.000000e+00
3.290340e+01  3.486480e+03  8.608613e+04  3.025817e+03  3.290340e+01  2.174985e+00  2.174968e+00  1.800000e-05  9.149905e+00  9.149905e+00  3.872200e-02  8.000000e-06  3.510923e-01  8.324262e-01  8.324262e-01  9.085706e-03  1.135447e+00  6.705698e+05  2.593710e+00  3.152360e+57  1.265989e+48  4.528113e-05  -9.018404e+97  1.000000e+00  -1.000000e+00  1.000000e+00
3.290340e+01  3.890162e+03  8.608613e+04  3.429500e+03  3.290340e+01  2.147041e+00  2.147024e+00  1.700000e-05  9.047201e+00  9.047201e+00  3.840200e-02  8.000000e-06  3.505158e-01  8.288893e-01  8.288893e-01  8.857192e-03  1.116007e+00  6.692678e+05  2.530128e+00  3.092175e+57  1.235079e+48  1.856385e-05  -7.880282e+97  1.000000e+00  -1.000000e+00  1.000000e+00
3.290340e+01  4.347708e+03  8.608613e+04  3.887040e+03  3.290340e+01  2.118625e+00  2.118608e+00  1.700000e-05  8.948089e+00  8.948089e+00  3.805000e-02  8.000000e-06  3.497078e-01  8.239665e-01  8.239665e-01  8.678135e-03  1.106144e+00  6.672479e+05  2.461157e+00  3.031476e+57  1.201542e+48  1.267428e-05  -6.789670e+97  1.000000e+00  -1.000000e+00  1.000000e+00
3.290340e+01  4.866291e+03  8.608613e+04  4.405622e+03  3.290340e+01  2.090051e+00  2.090035e+00  1.600000e-05  8.853271e+00  8.853271e+00  3.766200e-02  8.000000e-06  3.486863e-01  8.177990e-01  8.177990e-01  8.544022e-03  1.105088e+00  6.646168e+05  2.386699e+00  2.971008e+57  1.165330e+48  9.319446e-06  -6.072815e+97  1.000000e+00  -1.000000e+00  1.000000e+00
3.290340e+01  5.454054e+03  8.608613e+04  4.993389e+03  3.290340e+01  2.061600e+00  2.061584e+00  1.600000e-05  8.763049e+00  8.763049e+00  3.723700e-02  8.000000e-06  3.474808e-01  8.106009e-01  8.106009e-01  8.448866e-03  1.111857e+00  6.604990e+05  2.306744e+00  2.904092e+57  1.126438e+48  7.396474e-06  -5.176172e+97  1.000000e+00  -1.000000e+00  1.000000e+00
3.290340e+01  6.120229e+03  8.608613e+04  5.659571e+03  3.290340e+01  2.033526e+00  2.033511e+00  1.500000e-05  8.677851e+00  8.677851e+00  3.677200e-02  7.000000e-06  3.461141e-01  8.025426e-01  8.025426e-01  8.389859e-03  1.126103e+00  6.569096e+05  2.221384e+00  2.845665e+57  1.084906e+48  7.417207e-06  -4.016493e+97  1.000000e+00  -1.000000e+00  1.000000e+00
3.290340e+01  6.875298e+03  8.608613e+04  6.414631e+03  3.290340e+01  2.006065e+00  2.006051e+00  1.400000e-05  8.598182e+00  8.598182e+00  3.626500e-02  7.000000e-06  3.446038e-01  7.937622e-01  7.937622e-01  8.362718e-03  1.147244e+00  6.529722e+05  2.130821e+00  2.788990e+57  1.040833e+48  6.662054e-06  -3.290761e+97  1.000000e+00  -1.000000e+00  1.000000e+00
3.290340e+01  7.731096e+03  8.608613e+04  7.270426e+03  3.290340e+01  1.979421e+00  1.979407e+00  1.400000e-05  8.524252e+00  8.524252e+00  3.571500e-02  7.000000e-06  3.429758e-01  7.844392e-01  7.844392e-01  8.364805e-03  1.175022e+00  6.487620e+05  2.035394e+00  2.734408e+57  9.943789e+47  5.691104e-06  -2.800634e+97  1.000000e+00  -1.000000e+00  1.000000e+00
3.290340e+01  8.701063e+03  8.608613e+04  8.240395e+03  3.290340e+01  1.953777e+00  1.953764e+00  1.300000e-05  8.456293e+00  8.456293e+00  3.512100e-02  7.000000e-06  3.412531e-01  7.747302e-01  7.747302e-01  8.394004e-03  1.209192e+00  6.435274e+05  1.935551e+00  2.676042e+57  9.457619e+47  5.184501e-06  -2.276105e+97  1.000000e+00  -1.000000e+00  1.000000e+00
3.290340e+01  9.800430e+03  8.608613e+04  9.339770e+03  3.290340e+01  1.929293e+00  1.929281e+00  1.200000e-05  8.394427e+00  8.394427e+00  3.448200e-02  6.000000e-06  3.394601e-01  7.647919e-01  7.647919e-01  8.445171e-03  1.249032e+00  6.390189e+05  1.831912e+00  2.626725e+57  8.952816e+47  5.259568e-06  -1.679662e+97  1.000000e+00  -1.000000e+00  1.000000e+00
3.290340e+01  1.104648e+04  8.608613e+04  1.058582e+04  3.290340e+01  1.906111e+00  1.906100e+00  1.200000e-05  8.338823e+00  8.338823e+00  3.379900e-02  6.000000e-06  3.376176e-01  7.547512e-01  7.547512e-01  8.517679e-03  1.294548e+00  6.344617e+05  1.725180e+00  2.580381e+57  8.432794e+47  4.934076e-06  -1.309526e+97  1.000000e+00  -1.000000e+00  1.000000e+00
3.290340e+01  1.245877e+04  8.608613e+04  1.199810e+04  3.290340e+01  1.884348e+00  1.884337e+00  1.100000e-05  8.289397e+00  8.289397e+00  3.307200e-02  6.000000e-06  3.357530e-01  7.447624e-01  7.447624e-01  8.604733e-03  1.344463e+00  6.299104e+05  1.616206e+00  2.537129e+57  7.901671e+47  4.361130e-06  -1.065718e+97  1.000000e+00  -1.000000e+00  1.000000e+00
3.290340e+01  1.405947e+04  8.608613e+04  1.359880e+04  3.290340e+01  1.864107e+00  1.864097e+00  1.000000e-05  8.246371e+00  8.246371e+00  3.230100e-02  5.000000e-06  3.338794e-01  7.348952e-01  7.348952e-01  8.708803e-03  1.399265e+00  6.246925e+05  1.505911e+00  2.491641e+57  7.363925e+47  4.104580e-06  -8.242310e+96  1.000000e+00  -1.000000e+00  1.000000e+00
3.290340e+01  1.587372e+04  8.608613e+04  1.541306e+04  3.290340e+01  1.845463e+00  1.845453e+00  9.000000e-06  8.209317e+00  8.209317e+00  3.149000e-02  5.000000e-06  3.320320e-01  7.253282e-01  7.253282e-01  8.821703e-03  1.457312e+00  6.203490e+05  1.395316e+00  2.455156e+57  6.824536e+47  4.179638e-06  -5.679247e+96  1.000000e+00  -1.000000e+00  1.000000e+00
3.290340e+01  1.793002e+04  8.608613e+04  1.746936e+04  3.290340e+01  1.828476e+00  1.828468e+00  9.000000e-06  8.178289e+00  8.178289e+00  3.064100e-02  5.000000e-06  3.302239e-01  7.161163e-01  7.161163e-01  8.943073e-03  1.518321e+00  6.161770e+05  1.285455e+00  2.422146e+57  6.288532e+47  3.961057e-06  -4.168341e+96  1.000000e+00  -1.000000e+00  1.000000e+00
3.290340e+01  2.025605e+04  8.608613e+04  1.979538e+04  3.290340e+01  1.813217e+00  1.813209e+00  8.000000e-06  8.153123e+00  8.153123e+00  2.975800e-02  4.000000e-06  3.284788e-01  7.073640e-01  7.073640e-01  9.066975e-03  1.580607e+00  6.122201e+05  1.177572e+00  2.392587e+57  5.761993e+47  3.856349e-06  -3.356202e+96  1.000000e+00  -1.000000e+00  1.000000e+00
4.520350e+01  1.030404e+02  8.747709e+04  1.000000e+00  4.520350e+01  1.086530e-01  1.086190e-01  3.400000e-05  1.713218e+01  1.713218e+01  4.784100e-02  3.090000e-04  9.367190e-03  9.500896e-03  9.500896e-03  1.963670e-02  1.815252e+08  1.630434e+04  4.970966e+00  1.361781e+56  2.798159e+48  6.525121e-06  2.568954e+99  1.000000e+00  1.000000e+00  0.000000e+00
4.520350e+01  1.076573e+02  8.747709e+04  1.133400e+00  4.520350e+01  1.159820e-01  1.159480e-01  3.400000e-05  1.620530e+01  1.620530e+01  4.784000e-02  2.900000e-04  1.057095e-02  1.074158e-02  1.074158e-02  2.325205e-02  1.174355e+08  1.742755e+04  4.970590e+00  1.457870e+56  2.797943e+48  6.521823e-06  2.630362e+99  1.000000e+00  1.000000e+00  0.000000e+00
4.520350e+01  1.131115e+02  8.747709e+04  1.284600e+00  4.520350e+01  1.253580e-01  1.253240e-01  3.400000e-05  1.537129e+01  1.537129e+01  4.783800e-02  2.680000e-04  1.204547e-02  1.226757e-02  1.226757e-02  2.813229e-02  7.395983e+07  1.886617e+04  4.970063e+00  1.577317e+56  2.797649e+48  6.511100e-06  2.706644e+99  1.000000e+00  1.000000e+00  0.000000e+00
4.520350e+01  1.191072e+02  8.747709e+04  1.456000e+00  4.520350e+01  1.358890e-01  1.358560e-01  3.400000e-05  1.469988e+01  1.469988e+01  4.783600e-02  2.470000e-04  1.365380e-02  1.393996e-02  1.393996e-02  3.379727e-02  4.748126e+07  2.048543e+04  4.969500e+00  1.709021e+56  2.797334e+48  6.495780e-06  2.859976e+99  1.000000e+00  1.000000e+00  0.000000e+00
4.520350e+01  1.250167e+02  8.747709e+04  1.650300e+00  4.520350e+01  1.475140e-01  1.474800e-01  3.400000e-05  1.415357e+01  1.415357e+01  4.783500e-02  2.280000e-04  1.539391e-02  1.575874e-02  1.575874e-02  4.011301e-02  3.093499e+07  2.227745e+04  4.968930e+00  1.853048e+56  2.797015e+48  6.477607e-06  2.975102e+99  1.000000e+00  1.000000e+00  0.000000e+00
4.520350e+01  1.316026e+02  8.747709e+04  1.870400e+00  4.520350e+01  1.602490e-01  1.602150e-01  3.400000e-05  1.370497e+01  1.370497e+01  4.783300e-02  2.100000e-04  1.727026e-02  1.773093e-02  1.773093e-02  4.695521e-02  2.037500e+07  2.424655e+04  4.968302e+00  2.009956e+56  2.796663e+48  6.456749e-06  3.131543e+99  1.000000e+00  1.000000e+00  0.000000e+00
4.520350e+01  1.379494e+02  8.747709e+04  2.120000e+00  4.520350e+01  1.741420e-01  1.741080e-01  3.400000e-05  1.333441e+01  1.333441e+01  4.783100e-02  1.930000e-04  1.928905e-02  1.986572e-02  1.986572e-02  5.420583e-02  1.353317e+07  2.640211e+04  4.967680e+00  2.180566e+56  2.796315e+48  6.433718e-06  2.763467e+99  1.000000e+00  1.000000e+00  0.000000e+00
4.520350e+01  1.527256e+02  8.747709e+04  2.402800e+00  4.520350e+01  1.885660e-01  1.885330e-01  3.400000e-05  1.303893e+01  1.303893e+01  4.782600e-02  1.780000e-04  2.136013e-02  2.206983e-02  2.206983e-02  6.139927e-02  9.205572e+06  2.864829e+04  4.966308e+00  2.357374e+56  2.795548e+48  6.406743e-06  3.497382e+99  1.000000e+00  1.000000e+00  0.000000e+00
4.520350e+01  1.576382e+02  8.747709e+04  2.723400e+00  4.520350e+01  2.021550e-01  2.021220e-01  3.400000e-05  1.280219e+01  1.280219e+01  4.782400e-02  1.660000e-04  2.332287e-02  2.417187e-02  2.417187e-02  6.763726e-02  6.534076e+06  3.077404e+04  4.965796e+00  2.523442e+56  2.795261e+48  6.379582e-06  4.420573e+99  1.000000e+00  1.000000e+00  0.000000e+00
4.520350e+01  1.627167e+02  8.747709e+04  3.086700e+00  4.520350e+01  2.179360e-01  2.179020e-01  3.400000e-05  1.257567e+01  1.257567e+01  4.782300e-02  1.540000e-04  2.559643e-02  2.662309e-02  2.662309e-02  7.432642e-02  4.509789e+06  3.325351e+04  4.965259e+00  2.716226e+56  2.794960e+48  6.352314e-06  4.987412e+99  1.000000e+00  1.000000e+00  0.000000e+00
4.520350e+01  1.679681e+02  8.747709e+04  3.498500e+00  4.520350e+01  2.364010e-01  2.363670e-01  3.400000e-05  1.237269e+01  1.237269e+01  4.782100e-02  1.420000e-04  2.822063e-02  2.947435e-02  2.947435e-02  8.157522e-02  3.038320e+06  3.616694e+04  4.964694e+00  2.942153e+56  2.794644e+48  6.323751e-06  5.621463e+99  1.000000e+00  1.000000e+00  0.000000e+00
4.520350e+01  1.734000e+02  8.747709e+04  3.965200e+00  4.520350e+01  2.577660e-01  2.577330e-01  3.400000e-05  1.220088e+01  1.220088e+01  4.781900e-02  1.300000e-04  3.120443e-02  3.274536e-02  3.274536e-02  8.926681e-02  2.011481e+06  3.955432e+04  4.964099e+00  3.204278e+56  2.794311e+48  6.291582e-06  6.272985e+99  1.000000e+00  1.000000e+00  0.000000e+00
4.520350e+01  1.790190e+02  8.747709e+04  4.494300e+00  4.520350e+01  2.822370e-01  2.822030e-01  3.400000e-05  1.206332e+01  1.206332e+01  4.781700e-02  1.190000e-04  3.455641e-02  3.645744e-02  3.645744e-02  9.723504e-02  1.315488e+06  4.345499e+04  4.963472e+00  3.505503e+56  2.793960e+48  6.255576e-06  6.936215e+99  1.000000e+00  1.000000e+00  0.000000e+00
4.520350e+01  1.848335e+02  8.747709e+04  5.093900e+00  4.520350e+01  3.100160e-01  3.099830e-01  3.400000e-05  1.196026e+01  1.196026e+01  4.781500e-02  1.080000e-04  3.828472e-02  4.063368e-02  4.063368e-02  1.052751e-01  8.533125e+05  4.791031e+04  4.962811e+00  3.848773e+56  2.793589e+48  6.215251e-06  7.608101e+99  1.000000e+00  1.000000e+00  0.000000e+00
4.520350e+01  1.908524e+02  8.747709e+04  5.773400e+00  4.520350e+01  3.413060e-01  3.412730e-01  3.400000e-05  1.189019e+01  1.189019e+01  4.781300e-02  9.800000e-05  4.239720e-02  4.529931e-02  4.529931e-02  1.131829e-01  5.508152e+05  5.296301e+04  4.962110e+00  4.237099e+56  2.793197e+48  6.170875e-06  8.284430e+99  1.000000e+00  1.000000e+00  0.000000e+00
4.520350e+01  1.970844e+02  8.747709e+04  6.543700e+00  4.520350e+01  3.763080e-01  3.762740e-01  3.400000e-05  1.185060e+01  1.185060e+01  4.781000e-02  8.900000e-05  4.690123e-02  5.048186e-02  5.048186e-02  1.207095e-01  3.545928e+05  5.865775e+04  4.961368e+00  4.673510e+56  2.792781e+48  6.122321e-06  8.960961e+99  1.000000e+00  1.000000e+00  0.000000e+00
4.520350e+01  2.035396e+02  8.747709e+04  7.416700e+00  4.520350e+01  4.152180e-01  4.151840e-01  3.400000e-05  1.183847e+01  1.183847e+01  4.780800e-02  8.100000e-05  5.180385e-02  5.621162e-02  5.621162e-02  1.276731e-01  2.281376e+05  6.504115e+04  4.960580e+00  5.161129e+56  2.792340e+48  6.068489e-06  9.638281e+99  1.000000e+00  1.000000e+00  0.000000e+00
4.520350e+01  2.102287e+02  8.747709e+04  8.406200e+00  4.520350e+01  4.582230e-01  4.581900e-01  3.400000e-05  1.185061e+01  1.185061e+01  4.780500e-02  7.300000e-05  5.711074e-02  6.252077e-02  6.252077e-02  1.338487e-01  1.468705e+05  7.216323e+04  4.959702e+00  5.703250e+56  2.791866e+48  6.009245e-06  1.031225e+100  1.000000e+00  1.000000e+00  0.000000e+00
4.520350e+01  2.171631e+02  8.747709e+04  9.527700e+00  4.520350e+01  5.055060e-01  5.054720e-01  3.400000e-05  1.188385e+01  1.188385e+01  4.780200e-02  6.600000e-05  6.282759e-02  6.944543e-02  6.944543e-02  1.390810e-01  9.471519e+04  8.007405e+04  4.958848e+00  6.303034e+56  2.791370e+48  5.945450e-06  1.037474e+100  1.000000e+00  1.000000e+00  0.000000e+00
4.520350e+01  4.714565e+02  8.747709e+04  1.079880e+01  4.520350e+01  5.376300e-01  5.375970e-01  3.300000e-05  1.189418e+01  1.189418e+01  4.773000e-02  6.200000e-05  6.676222e-02  7.429076e-02  7.429076e-02  1.429310e-01  7.184242e+04  8.549697e+04  4.936556e+00  6.712609e+56  2.778883e+48  6.158088e-06  -1.153182e+100  1.000000e+00  -1.000000e+00  1.000000e+00
4.520350e+01  4.728972e+02  8.747709e+04  1.223950e+01  4.520350e+01  5.270150e-01  5.269810e-01  3.300000e-05  1.180717e+01  1.180717e+01  4.772900e-02  6.300000e-05  6.592627e-02  7.325582e-02  7.325582e-02  1.419806e-01  7.600558e+04  8.375180e+04  4.936060e+00  6.576403e+56  2.778606e+48  6.175937e-06  -1.048577e+100  1.000000e+00  -1.000000e+00  1.000000e+00
4.520350e+01  4.745300e+02  8.747709e+04  1.387240e+01  4.520350e+01  5.175650e-01  5.175310e-01  3.300000e-05  1.167741e+01  1.167741e+01  4.772700e-02  6.500000e-05  6.546360e-02  7.268429e-02  7.268429e-02  1.392679e-01  7.722545e+04  8.224138e+04  4.935498e+00  6.453519e+56  2.778291e+48  6.468023e-06  -7.493897e+99  1.000000e+00  -1.000000e+00  1.000000e+00
4.520350e+01  4.763807e+02  8.747709e+04  1.572320e+01  4.520350e+01  5.113580e-01  5.113250e-01  3.300000e-05  1.151415e+01  1.151415e+01  4.772500e-02  6.500000e-05  6.559562e-02  7.284727e-02  7.284727e-02  1.354353e-01  7.434749e+04  8.130091e+04  4.934862e+00  6.369995e+56  2.777935e+48  1.157473e-05  -3.668944e+99  1.000000e+00  -1.000000e+00  1.000000e+00
4.520350e+01  4.784787e+02  8.747709e+04  1.782080e+01  4.520350e+01  5.096210e-01  5.095880e-01  3.300000e-05  1.132299e+01  1.132299e+01  4.772300e-02  6.500000e-05  6.647646e-02  7.393664e-02  7.393664e-02  1.309012e-01  6.722232e+04  8.115994e+04  4.934141e+00  6.343321e+56  2.777531e+48  1.378179e-05  3.517916e+98  1.000000e+00  1.000000e+00  1.000000e+00
4.520350e+01  4.808563e+02  8.747709e+04  2.019840e+01  4.520350e+01  5.136120e-01  5.135790e-01  3.300000e-05  1.111232e+01  1.111232e+01  4.772000e-02  6.500000e-05  6.826724e-02  7.616163e-02  7.616163e-02  1.261101e-01  5.670180e+04  8.206309e+04  4.933324e+00  6.392115e+56  2.777073e+48  4.633068e-06  4.271295e+99  1.000000e+00  1.000000e+00  1.000000e+00
4.520350e+01  4.835509e+02  8.747709e+04  2.289310e+01  4.520350e+01  5.245360e-01  5.245020e-01  3.300000e-05  1.089353e+01  1.089353e+01  4.771700e-02  6.400000e-05  7.111943e-02  7.973409e-02  7.973409e-02  1.215003e-01  4.451940e+04  8.418966e+04  4.932399e+00  6.529842e+56  2.776555e+48  5.222199e-06  7.825929e+99  1.000000e+00  1.000000e+00  1.000000e+00
4.520350e+01  4.866048e+02  8.747709e+04  2.594730e+01  4.520350e+01  5.434160e-01  5.433820e-01  3.300000e-05  1.067992e+01  1.067992e+01  4.771400e-02  6.100000e-05  7.515289e-02  8.484744e-02  8.484744e-02  1.174401e-01  3.265868e+04  8.770951e+04  4.931350e+00  6.769124e+56  2.775967e+48  5.384574e-06  1.096788e+100  1.000000e+00  1.000000e+00  1.000000e+00
4.520350e+01  4.900671e+02  8.747709e+04  2.940900e+01  4.520350e+01  5.710100e-01  5.709760e-01  3.300000e-05  1.048510e+01  1.048510e+01  4.771000e-02  5.800000e-05  8.043639e-02  9.165673e-02  9.165673e-02  1.141128e-01  2.259354e+04  9.280574e+04  4.930163e+00  7.123032e+56  2.775302e+48  5.473204e-06  1.343578e+100  1.000000e+00  1.000000e+00  1.000000e+00
4.520350e+01  4.939909e+02  8.747709e+04  3.333260e+01  4.520350e+01  6.077640e-01  6.077310e-01  3.300000e-05  1.032024e+01  1.032024e+01  4.770500e-02  5.500000e-05  8.698148e-02  1.002724e-01  1.002724e-01  1.115228e-01  1.493272e+04  9.942893e+04  4.928817e+00  7.586857e+56  2.774548e+48  5.476178e-06  1.546525e+100  1.000000e+00  1.000000e+00  1.000000e+00
4.520350e+01  4.984378e+02  8.747709e+04  3.777960e+01  4.520350e+01  6.538250e-01  6.537920e-01  3.300000e-05  1.019197e+01  1.019197e+01  4.770000e-02  5.100000e-05  9.475130e-02  1.107701e-01  1.107701e-01  1.095524e-01  9.563231e+03  1.079880e+05  4.927293e+00  8.189509e+56  2.773694e+48  5.348528e-06  1.715477e+100  1.000000e+00  1.000000e+00  1.000000e+00
4.520350e+01  5.034775e+02  8.747709e+04  4.281980e+01  4.520350e+01  7.090740e-01  7.090410e-01  3.300000e-05  1.010256e+01  1.010256e+01  4.769500e-02  4.700000e-05  1.036673e-01  1.231946e-01  1.231946e-01  1.079558e-01  6.010986e+03  1.183959e+05  4.925566e+00  8.922294e+56  2.772726e+48  5.246210e-06  1.818320e+100  1.000000e+00  1.000000e+00  1.000000e+00
4.520350e+01  5.091908e+02  8.747709e+04  4.853260e+01  4.520350e+01  7.731390e-01  7.731060e-01  3.300000e-05  1.005050e+01  1.005050e+01  4.768900e-02  4.300000e-05  1.136192e-01  1.375677e-01  1.375677e-01  1.064231e-01  3.747024e+03  1.307822e+05  4.923610e+00  9.792166e+56  2.771630e+48  5.161005e-06  1.856888e+100  1.000000e+00  1.000000e+00  1.000000e+00
4.520350e+01  5.156662e+02  8.747709e+04  5.500740e+01  4.520350e+01  8.454580e-01  8.454250e-01  3.300000e-05  1.003210e+01  1.003210e+01  4.768100e-02  3.900000e-05  1.244749e-01  1.538930e-01  1.538930e-01  1.045742e-01  2.333079e+03  1.448294e+05  4.921394e+00  1.077222e+57  2.770389e+48  5.125114e-06  1.828305e+100  1.000000e+00  1.000000e+00  1.000000e+00
4.520350e+01  5.230050e+02  8.747709e+04  6.234610e+01  4.520350e+01  9.252780e-01  9.252440e-01  3.300000e-05  1.004246e+01  1.004246e+01  4.767300e-02  3.600000e-05  1.360860e-01  1.721566e-01  1.721566e-01  1.021720e-01  1.459395e+03  1.604824e+05  4.918884e+00  1.185476e+57  2.768982e+48  5.001239e-06  1.791711e+100  1.000000e+00  1.000000e+00  1.000000e+00
4.520350e+01  5.313221e+02  8.747709e+04  7.066390e+01  4.520350e+01  1.011667e+00  1.011633e+00  3.300000e-05  1.007572e+01  1.007572e+01  4.766400e-02  3.300000e-05  1.483007e-01  1.923376e-01  1.923376e-01  9.904330e-02  9.204858e+02  1.781469e+05  4.916042e+00  1.306607e+57  2.767390e+48  4.787502e-06  1.755077e+100  1.000000e+00  1.000000e+00  1.000000e+00
4.520350e+01  5.407496e+02  8.747709e+04  8.009140e+01  4.520350e+01  1.103527e+00  1.103493e+00  3.300000e-05  1.012607e+01  1.012607e+01  4.765400e-02  3.000000e-05  1.609620e-01  2.143974e-01  2.143974e-01  9.511861e-02  5.868927e+02  1.978052e+05  4.912824e+00  1.440041e+57  2.765587e+48  4.634910e-06  1.665920e+100  1.000000e+00  1.000000e+00  1.000000e+00
4.520350e+01  5.514360e+02  8.747709e+04  9.077660e+01  4.520350e+01  1.199619e+00  1.199586e+00  3.300000e-05  1.018811e+01  1.018811e+01  4.764200e-02  2.800000e-05  1.739127e-01  2.382777e-01  2.382777e-01  9.045836e-02  3.790528e+02  2.187197e+05  4.909182e+00  1.579815e+57  2.763546e+48  4.564915e-06  1.522720e+100  1.000000e+00  1.000000e+00  1.000000e+00
4.520350e+01  5.635472e+02  8.747709e+04  1.028874e+02  4.520350e+01  1.298583e+00  1.298549e+00  3.300000e-05  1.025686e+01  1.025686e+01  4.762900e-02  2.600000e-05  1.869980e-01  2.638963e-01  2.638963e-01  8.514754e-02  2.482525e+02  2.405467e+05  4.905059e+00  1.722881e+57  2.761236e+48  4.370823e-06  1.409564e+100  1.000000e+00  1.000000e+00  1.000000e+00
4.520350e+01  5.772730e+02  8.747709e+04  1.166139e+02  4.520350e+01  1.398975e+00  1.398942e+00  3.300000e-05  1.032788e+01  1.032788e+01  4.761300e-02  2.400000e-05  2.000692e-01  2.911435e-01  2.911435e-01  7.934406e-02  1.650156e+02  2.644964e+05  4.900390e+00  1.877835e+57  2.758621e+48  4.165594e-06  1.290448e+100  1.000000e+00  1.000000e+00  1.000000e+00
4.520350e+01  5.928297e+02  8.747709e+04  1.321717e+02  4.520350e+01  1.499324e+00  1.499291e+00  3.300000e-05  1.039743e+01  1.039743e+01  4.759600e-02  2.200000e-05  2.129861e-01  3.198772e-01  3.198772e-01  7.329266e-02  1.114839e+02  2.887408e+05  4.895109e+00  2.030566e+57  2.755662e+48  3.981398e-06  1.153193e+100  1.000000e+00  1.000000e+00  1.000000e+00
4.520350e+01  6.104652e+02  8.747709e+04  1.498051e+02  4.520350e+01  1.598173e+00  1.598140e+00  3.300000e-05  1.046228e+01  1.046228e+01  4.757700e-02  2.100000e-05  2.256208e-01  3.499243e-01  3.499243e-01  6.717746e-02  7.660112e+01  3.146665e+05  4.889135e+00  2.191067e+57  2.752315e+48  3.794267e-06  1.019012e+100  1.000000e+00  1.000000e+00  1.000000e+00
4.520350e+01  6.304521e+02  8.747709e+04  1.697911e+02  4.520350e+01  1.694134e+00  1.694101e+00  3.300000e-05  1.051985e+01  1.051985e+01  4.755500e-02  1.900000e-05  2.378592e-01  3.810765e-01  3.810765e-01  6.111680e-02  5.351368e+01  3.400792e+05  4.882378e+00  2.342579e+57  2.748530e+48  3.625324e-06  8.751729e+99  1.000000e+00  1.000000e+00  1.000000e+00
4.520350e+01  6.531038e+02  8.747709e+04  1.924434e+02  4.520350e+01  1.785922e+00  1.785889e+00  3.300000e-05  1.056804e+01  1.056804e+01  4.753000e-02  1.800000e-05  2.496028e-01  4.130916e-01  4.130916e-01  5.530133e-02  3.805144e+01  3.665439e+05  4.874739e+00  2.496581e+57  2.744250e+48  3.388018e-06  7.603803e+99  1.000000e+00  1.000000e+00  1.000000e+00
4.520350e+01  6.787757e+02  8.747709e+04  2.181178e+02  4.520350e+01  1.872414e+00  1.872381e+00  3.300000e-05  1.060498e+01  1.060498e+01  4.750200e-02  1.800000e-05  2.607796e-01  4.457257e-01  4.457257e-01  4.981781e-02  2.753755e+01  3.926847e+05  4.866107e+00  2.642562e+57  2.739413e+48  3.230817e-06  6.287002e+99  1.000000e+00  1.000000e+00  1.000000e+00
4.520350e+01  7.078781e+02  8.747709e+04  2.472176e+02  4.520350e+01  1.952662e+00  1.952629e+00  3.300000e-05  1.062993e+01  1.062993e+01  4.747000e-02  1.700000e-05  2.713178e-01  4.786617e-01  4.786617e-01  4.473599e-02  2.028543e+01  4.181195e+05  4.856355e+00  2.777788e+57  2.733948e+48  3.009710e-06  5.222416e+99  1.000000e+00  1.000000e+00  1.000000e+00
4.520350e+01  7.408620e+02  8.747709e+04  2.801996e+02  4.520350e+01  2.025919e+00  2.025886e+00  3.300000e-05  1.064212e+01  1.064212e+01  4.743400e-02  1.600000e-05  2.811742e-01  5.115961e-01  5.115961e-01  4.009166e-02  1.520848e+01  4.437021e+05  4.845336e+00  2.908567e+57  2.727775e+48  2.721246e-06  4.421390e+99  1.000000e+00  1.000000e+00  1.000000e+00
4.520350e+01  7.782441e+02  8.747709e+04  3.175819e+02  4.520350e+01  2.091634e+00  2.091602e+00  3.300000e-05  1.064104e+01  1.064104e+01  4.739400e-02  1.600000e-05  2.903242e-01  5.442260e-01  5.442260e-01  3.590288e-02  1.160438e+01  4.691778e+05  4.832900e+00  3.033378e+57  2.720807e+48  2.502548e-06  3.557173e+99  1.000000e+00  1.000000e+00  1.000000e+00
4.520350e+01  8.206108e+02  8.747709e+04  3.599514e+02  4.520350e+01  2.149466e+00  2.149433e+00  3.300000e-05  1.062690e+01  1.062690e+01  4.734800e-02  1.500000e-05  2.987484e-01  5.762147e-01  5.762147e-01  3.215092e-02  9.006949e+00  4.929704e+05  4.818870e+00  3.140698e+57  2.712945e+48  2.355346e-06  2.638981e+99  1.000000e+00  1.000000e+00  1.000000e+00
4.520350e+01  8.686339e+02  8.747709e+04  4.079736e+02  4.520350e+01  2.199256e+00  2.199223e+00  3.200000e-05  1.059988e+01  1.059988e+01  4.729600e-02  1.500000e-05  3.064478e-01  6.072592e-01  6.072592e-01  2.882148e-02  7.109517e+00  5.147470e+05  4.803052e+00  3.228522e+57  2.704080e+48  2.138863e-06  1.956947e+99  1.000000e+00  1.000000e+00  1.000000e+00
4.520350e+01  9.230662e+02  8.747709e+04  4.624025e+02  4.520350e+01  2.241017e+00  2.240985e+00  3.200000e-05  1.056050e+01  1.056050e+01  4.723700e-02  1.400000e-05  3.134311e-01  6.370630e-01  6.370630e-01  2.589546e-02  5.707212e+00  5.356570e+05  4.785225e+00  3.306007e+57  2.694091e+48  1.846609e-06  1.503073e+99  1.000000e+00  1.000000e+00  1.000000e+00
4.520350e+01  9.847572e+02  8.747709e+04  5.240930e+02  4.520350e+01  2.274910e+00  2.274877e+00  3.200000e-05  1.050955e+01  1.050955e+01  4.717100e-02  1.400000e-05  3.197140e-01  6.653440e-01  6.653440e-01  2.332475e-02  4.654886e+00  5.555549e+05  4.765154e+00  3.372734e+57  2.682843e+48  1.549100e-06  1.122463e+99  1.000000e+00  1.000000e+00  1.000000e+00
4.520350e+01  1.054675e+03  8.747709e+04  5.940138e+02  4.520350e+01  2.301213e+00  2.301181e+00  3.200000e-05  1.044783e+01  1.044783e+01  4.709700e-02  1.400000e-05  3.253213e-01  6.918623e-01  6.918623e-01  2.109142e-02  3.858782e+00  5.742910e+05  4.742572e+00  3.428310e+57  2.670188e+48  1.289417e-06  7.327236e+98  1.000000e+00  1.000000e+00  1.000000e+00
4.520350e+01  1.133922e+03  8.747709e+04  6.732629e+02  4.520350e+01  2.320309e+00  2.320277e+00  3.200000e-05  1.037633e+01  1.037633e+01  4.701200e-02  1.400000e-05  3.302810e-01  7.164049e-01  7.164049e-01  1.913308e-02  3.245438e+00  5.903175e+05  4.717192e+00  3.461934e+57  2.655964e+48  9.802627e-07  4.661075e+98  1.000000e+00  1.000000e+00  1.000000e+00
4.520350e+01  1.223749e+03  8.747709e+04  7.630849e+02  4.520350e+01  2.332650e+00  2.332618e+00  3.200000e-05  1.029611e+01  1.029611e+01  4.691700e-02  1.400000e-05  3.346246e-01  7.387997e-01  7.387997e-01  1.744098e-02  2.771373e+00  6.063742e+05  4.688696e+00  3.494854e+57  2.639994e+48  5.990894e-07  2.926024e+98  1.000000e+00  1.000000e+00  1.000000e+00
4.520350e+01  1.325556e+03  8.747709e+04  8.648903e+02  4.520350e+01  2.338745e+00  2.338714e+00  3.200000e-05  1.020836e+01  1.020836e+01  4.681100e-02  1.300000e-05  3.383831e-01  7.589020e-01  7.589020e-01  1.597229e-02  2.400141e+00  6.196589e+05  4.656745e+00  3.507039e+57  2.622086e+48  2.331938e-07  8.090141e+97  1.000000e+00  1.000000e+00  1.000000e+00
4.520350e+01  1.440942e+03  8.747709e+04  9.802778e+02  4.520350e+01  2.339135e+00  2.339103e+00  3.100000e-05  1.011417e+01  1.011417e+01  4.669000e-02  1.300000e-05  3.415912e-01  7.766233e-01  7.766233e-01  1.470476e-02  2.107827e+00  6.314443e+05  4.620970e+00  3.508569e+57  2.602033e+48  -2.868331e-07  -6.635463e+97  -1.000000e+00  -1.000000e+00  1.000000e+00
4.520350e+01  1.571717e+03  8.747709e+04  1.111060e+03  4.520350e+01  2.334373e+00  2.334342e+00  3.100000e-05  1.001458e+01  1.001458e+01  4.655500e-02  1.300000e-05  3.442858e-01  7.919295e-01  7.919295e-01  1.362162e-02  1.877356e+00  6.404202e+05  4.580974e+00  3.490510e+57  2.579614e+48  -7.858228e-07  -1.409571e+98  -1.000000e+00  -1.000000e+00  1.000000e+00
4.520350e+01  1.719954e+03  8.747709e+04  1.259289e+03  4.520350e+01  2.325026e+00  2.324995e+00  3.100000e-05  9.910768e+00  9.910768e+00  4.640300e-02  1.300000e-05  3.464991e-01  8.048019e-01  8.048019e-01  1.268995e-02  1.693786e+00  6.493975e+05  4.536338e+00  3.474631e+57  2.554591e+48  -1.440191e-06  -1.396161e+98  -1.000000e+00  -1.000000e+00  1.000000e+00
4.520350e+01  1.887962e+03  8.747709e+04  1.427295e+03  4.520350e+01  2.311644e+00  2.311613e+00  3.000000e-05  9.803724e+00  9.803724e+00  4.623300e-02  1.300000e-05  3.482663e-01  8.152816e-01  8.152816e-01  1.188975e-02  1.547110e+00  6.569359e+05  4.486615e+00  3.450738e+57  2.526715e+48  -2.792367e-06  -1.960320e+98  -1.000000e+00  -1.000000e+00  1.000000e+00
4.520350e+01  2.078381e+03  8.747709e+04  1.617714e+03  4.520350e+01  2.294767e+00  2.294737e+00  3.000000e-05  9.694588e+00  9.694588e+00  4.604300e-02  1.300000e-05  3.496157e-01  8.234076e-01  8.234076e-01  1.120504e-02  1.430090e+00  6.618248e+05  4.431345e+00  3.410195e+57  2.495726e+48  -4.564242e-06  -2.349819e+98  -1.000000e+00  -1.000000e+00  1.000000e+00
4.520350e+01  2.294199e+03  8.747709e+04  1.833538e+03  4.520350e+01  2.274916e+00  2.274887e+00  3.000000e-05  9.584398e+00  9.584398e+00  4.582900e-02  1.300000e-05  3.505760e-01  8.292574e-01  8.292574e-01  1.062455e-02  1.337560e+00  6.655007e+05  4.370059e+00  3.364332e+57  2.461361e+48  -5.673093e-06  -2.089527e+98  -1.000000e+00  -1.000000e+00  1.000000e+00
4.520350e+01  2.538819e+03  8.747709e+04  2.078156e+03  4.520350e+01  2.252580e+00  2.252551e+00  2.900000e-05  9.474012e+00  9.474012e+00  4.559100e-02  1.300000e-05  3.511785e-01  8.329568e-01  8.329568e-01  1.013048e-02  1.264435e+00  6.692538e+05  4.302293e+00  3.323189e+57  2.423357e+48  -1.428385e-05  -1.945083e+98  -1.000000e+00  -1.000000e+00  1.000000e+00
4.520350e+01  2.816077e+03  8.747709e+04  2.355409e+03  4.520350e+01  2.228223e+00  2.228194e+00  2.900000e-05  9.364365e+00  9.364365e+00  4.532500e-02  1.300000e-05  3.514486e-01  8.346224e-01  8.346224e-01  9.715989e-03  1.208057e+00  6.706543e+05  4.227578e+00  3.268860e+57  2.381452e+48  -5.252125e-05  -1.997063e+98  -1.000000e+00  -1.000000e+00  1.000000e+00
4.520350e+01  3.130319e+03  8.747709e+04  2.669651e+03  4.520350e+01  2.202279e+00  2.202251e+00  2.800000e-05  9.256359e+00  9.256359e+00  4.503000e-02  1.300000e-05  3.514098e-01  8.343825e-01  8.343825e-01  9.370827e-03  1.165753e+00  6.710670e+05  4.145473e+00  3.211791e+57  2.335394e+48  -6.699601e-04  -1.803735e+98  -1.000000e+00  -1.000000e+00  1.000000e+00
4.520350e+01  3.486480e+03  8.747709e+04  3.025817e+03  4.520350e+01  2.175150e+00  2.175122e+00  2.700000e-05  9.150602e+00  9.150602e+00  4.470200e-02  1.300000e-05  3.510921e-01  8.324247e-01  8.324247e-01  9.086804e-03  1.135521e+00  6.705743e+05  4.055587e+00  3.152748e+57  2.284965e+48  4.583048e-05  -1.601722e+98  1.000000e+00  -1.000000e+00  1.000000e+00
4.520350e+01  3.890162e+03  8.747709e+04  3.429500e+03  4.520350e+01  2.147205e+00  2.147178e+00  2.700000e-05  9.047799e+00  9.047799e+00  4.433900e-02  1.200000e-05  3.505196e-01  8.289121e-01  8.289121e-01  8.858741e-03  1.116166e+00  6.692718e+05  3.957570e+00  3.092522e+57  2.229967e+48  1.857660e-05  -1.399802e+98  1.000000e+00  -1.000000e+00  1.000000e+00
4.520350e+01  4.347708e+03  8.747709e+04  3.887040e+03  4.520350e+01  2.118789e+00  2.118763e+00  2.600000e-05  8.948715e+00  8.948715e+00  4.393800e-02  1.200000e-05  3.497105e-01  8.239828e-01  8.239828e-01  8.679602e-03  1.106267e+00  6.672622e+05  3.851169e+00  3.031865e+57  2.170252e+48  1.270524e-05  -1.206908e+98  1.000000e+00  -1.000000e+00  1.000000e+00
4.520350e+01  4.866291e+03  8.747709e+04  4.405622e+03  4.520350e+01  2.090209e+00  2.090184e+00  2.500000e-05  8.853722e+00  8.853722e+00  4.349600e-02  1.200000e-05  3.486949e-01  8.178506e-01  8.178506e-01  8.543863e-03  1.104942e+00  6.646209e+05  3.736202e+00  2.971286e+57  2.105717e+48  9.295291e-06  -1.080434e+98  1.000000e+00  -1.000000e+00  1.000000e+00
4.520350e+01  5.454054e+03  8.747709e+04  4.993389e+03  4.520350e+01  2.061754e+00  2.061729e+00  2.400000e-05  8.763511e+00  8.763511e+00  4.301100e-02  1.200000e-05  3.474884e-01  8.106461e-01  8.106461e-01  8.448002e-03  1.111607e+00  6.605103e+05  3.612676e+00  2.904392e+57  2.036364e+48  7.411721e-06  -9.202199e+97  1.000000e+00  -1.000000e+00  1.000000e+00
4.520350e+01  6.120229e+03  8.747709e+04  5.659571e+03  4.520350e+01  2.033675e+00  2.033652e+00  2.400000e-05  8.678330e+00  8.678330e+00  4.248100e-02  1.200000e-05  3.461203e-01  8.025789e-01  8.025789e-01  8.390464e-03  1.126046e+00  6.569282e+05  3.480692e+00  2.845990e+57  1.962245e+48  7.429796e-06  -7.144771e+97  1.000000e+00  -1.000000e+00  1.000000e+00
4.520350e+01  6.875298e+03  8.747709e+04  6.414631e+03  4.520350e+01  2.006207e+00  2.006184e+00  2.300000e-05  8.598639e+00  8.598639e+00  4.190300e-02  1.100000e-05  3.446098e-01  7.937966e-01  7.937966e-01  8.363100e-03  1.147179e+00  6.529937e+05  3.340543e+00  2.789309e+57  1.883520e+48  6.666114e-06  -5.859990e+97  1.000000e+00  -1.000000e+00  1.000000e+00
4.520350e+01  7.731096e+03  8.747709e+04  7.270426e+03  4.520350e+01  1.979554e+00  1.979532e+00  2.200000e-05  8.524647e+00  8.524647e+00  4.127500e-02  1.100000e-05  3.429829e-01  7.844795e-01  7.844795e-01  8.365507e-03  1.174988e+00  6.487825e+05  3.192737e+00  2.734694e+57  1.800473e+48  5.690600e-06  -4.992277e+97  1.000000e+00  -1.000000e+00  1.000000e+00
4.520350e+01  8.701063e+03  8.747709e+04  8.240395e+03  4.520350e+01  1.953899e+00  1.953879e+00  2.100000e-05  8.456589e+00  8.456589e+00  4.059700e-02  1.100000e-05  3.412625e-01  7.747828e-01  7.747828e-01  8.393985e-03  1.209038e+00  6.435433e+05  3.037962e+00  2.676270e+57  1.713486e+48  5.188226e-06  -4.058374e+97  1.000000e+00  -1.000000e+00  1.000000e+00
4.520350e+01  9.800430e+03  8.747709e+04  9.339770e+03  4.520350e+01  1.929407e+00  1.929387e+00  1.900000e-05  8.394750e+00  8.394750e+00  3.986700e-02  1.000000e-05  3.394671e-01  7.648303e-01  7.648303e-01  8.445441e-03  1.248930e+00  6.390403e+05  2.877100e+00  2.626974e+57  1.623050e+48  5.263799e-06  -2.995733e+97  1.000000e+00  -1.000000e+00  1.000000e+00
4.520350e+01  1.104648e+04  8.747709e+04  1.058582e+04  4.520350e+01  1.906214e+00  1.906196e+00  1.800000e-05  8.339085e+00  8.339085e+00  3.908600e-02  1.000000e-05  3.376253e-01  7.547925e-01  7.547925e-01  8.517013e-03  1.294244e+00  6.344807e+05  2.711284e+00  2.580593e+57  1.529799e+48  4.934708e-06  -2.338402e+97  1.000000e+00  -1.000000e+00  1.000000e+00
4.520350e+01  1.245877e+04  8.747709e+04  1.199810e+04  4.520350e+01  1.884442e+00  1.884424e+00  1.700000e-05  8.289623e+00  8.289623e+00  3.825300e-02  9.000000e-06  3.357604e-01  7.448018e-01  7.448018e-01  8.605304e-03  1.344436e+00  6.299291e+05  2.541777e+00  2.537322e+57  1.434442e+48  4.360746e-06  -1.904800e+97  1.000000e+00  -1.000000e+00  1.000000e+00
4.520350e+01  1.405947e+04  8.747709e+04  1.359880e+04  4.520350e+01  1.864189e+00  1.864173e+00  1.600000e-05  8.246476e+00  8.246476e+00  3.737100e-02  9.000000e-06  3.338898e-01  7.349494e-01  7.349494e-01  8.707843e-03  1.398955e+00  6.247036e+05  2.370023e+00  2.491763e+57  1.337788e+48  4.105391e-06  -1.474366e+97  1.000000e+00  -1.000000e+00  1.000000e+00
4.520350e+01  1.587372e+04  8.747709e+04  1.541306e+04  4.520350e+01  1.845535e+00  1.845520e+00  1.500000e-05  8.209434e+00  8.209434e+00  3.644200e-02  8.000000e-06  3.320402e-01  7.253701e-01  7.253701e-01  8.820730e-03  1.457003e+00  6.203618e+05  2.197594e+00  2.455281e+57  1.240720e+48  4.184032e-06  -1.015451e+97  1.000000e+00  -1.000000e+00  1.000000e+00
4.520350e+01  1.793002e+04  8.747709e+04  1.746936e+04  4.520350e+01  1.828540e+00  1.828526e+00  1.400000e-05  8.178427e+00  8.178427e+00  3.546800e-02  7.000000e-06  3.302298e-01  7.161463e-01  7.161463e-01  8.942638e-03  1.518103e+00  6.161928e+05  2.026094e+00  2.422284e+57  1.144140e+48  3.961524e-06  -7.464772e+96  1.000000e+00  -1.000000e+00  1.000000e+00
4.520350e+01  2.025605e+04  8.747709e+04  1.979538e+04  4.520350e+01  1.813269e+00  1.813257e+00  1.300000e-05  8.153165e+00  8.153165e+00  3.445500e-02  7.000000e-06  3.284867e-01  7.074032e-01  7.074032e-01  9.066420e-03  1.580375e+00  6.122292e+05  1.857466e+00  2.392666e+57  1.049144e+48  3.852454e-06  -6.023071e+96  1.000000e+00  -1.000000e+00  1.000000e+00
6.210170e+01  1.030404e+02  8.889523e+04  1.000000e+00  6.210170e+01  1.057470e-01  1.056950e-01  5.200000e-05  1.758429e+01  1.758429e+01  5.516500e-02  4.950000e-04  8.882308e-03  9.002431e-03  9.002431e-03  1.826658e-02  2.202640e+08  1.585677e+04  7.746132e+00  1.323094e+56  5.041514e+48  6.528378e-06  4.249357e+99  1.000000e+00  1.000000e+00  0.000000e+00
6.210170e+01  1.076573e+02  8.889523e+04  1.133400e+00  6.210170e+01  1.125500e-01  1.124970e-01  5.200000e-05  1.659626e+01  1.659626e+01  5.516400e-02  4.650000e-04  1.001649e-02  1.016954e-02  1.016954e-02  2.153151e-02  1.423660e+08  1.689874e+04  7.745588e+00  1.412946e+56  5.041149e+48  6.525188e-06  4.398320e+99  1.000000e+00  1.000000e+00  0.000000e+00
6.210170e+01  1.131115e+02  8.889523e+04  1.284600e+00  6.210170e+01  1.214160e-01  1.213630e-01  5.200000e-05  1.568269e+01  1.568269e+01  5.516200e-02  4.310000e-04  1.143497e-02  1.163493e-02  1.163493e-02  2.605084e-02  8.882862e+07  1.825833e+04  7.744775e+00  1.527220e+56  5.040625e+48  6.515902e-06  4.667136e+99  1.000000e+00  1.000000e+00  0.000000e+00
6.210170e+01  1.191072e+02  8.889523e+04  1.456000e+00  6.210170e+01  1.318330e-01  1.317800e-01  5.200000e-05  1.493124e+01  1.493124e+01  5.516000e-02  3.970000e-04  1.304093e-02  1.330170e-02  1.330170e-02  3.159804e-02  5.585017e+07  1.985853e+04  7.743913e+00  1.658213e+56  5.040066e+48  6.502053e-06  5.034950e+99  1.000000e+00  1.000000e+00  0.000000e+00
6.210170e+01  1.250167e+02  8.889523e+04  1.650300e+00  6.210170e+01  1.433760e-01  1.433230e-01  5.200000e-05  1.432773e+01  1.432773e+01  5.515800e-02  3.650000e-04  1.478018e-02  1.511615e-02  1.511615e-02  3.785916e-02  3.578344e+07  2.163620e+04  7.743035e+00  1.801630e+56  5.039499e+48  6.484086e-06  5.240347e+99  1.000000e+00  1.000000e+00  0.000000e+00
6.210170e+01  1.316026e+02  8.889523e+04  1.870400e+00  6.210170e+01  1.560350e-01  1.559830e-01  5.200000e-05  1.383775e+01  1.383775e+01  5.515500e-02  3.360000e-04  1.665479e-02  1.708276e-02  1.708276e-02  4.470018e-02  2.325525e+07  2.359172e+04  7.742074e+00  1.957862e+56  5.038876e+48  6.463650e-06  5.523706e+99  1.000000e+00  1.000000e+00  0.000000e+00
6.210170e+01  1.379494e+02  8.889523e+04  2.120000e+00  6.210170e+01  1.698940e-01  1.698420e-01  5.200000e-05  1.343568e+01  1.343568e+01  5.515300e-02  3.080000e-04  1.867668e-02  1.921674e-02  1.921674e-02  5.201019e-02  1.525801e+07  2.573952e+04  7.741117e+00  2.128195e+56  5.038257e+48  6.440767e-06  4.882716e+99  1.000000e+00  1.000000e+00  0.000000e+00
6.210170e+01  1.527256e+02  8.889523e+04  2.402800e+00  6.210170e+01  1.843290e-01  1.842770e-01  5.200000e-05  1.311672e+01  1.311672e+01  5.514800e-02  2.840000e-04  2.075635e-02  2.142579e-02  2.142579e-02  5.931488e-02  1.026400e+07  2.798504e+04  7.739006e+00  2.305219e+56  5.036893e+48  6.414917e-06  6.380921e+99  1.000000e+00  1.000000e+00  0.000000e+00
6.210170e+01  1.576382e+02  8.889523e+04  2.723400e+00  6.210170e+01  1.983790e-01  1.983270e-01  5.200000e-05  1.286323e+01  1.286323e+01  5.514600e-02  2.640000e-04  2.277863e-02  2.358770e-02  2.358770e-02  6.594508e-02  7.168909e+06  3.017979e+04  7.738220e+00  2.477089e+56  5.036384e+48  6.387293e-06  7.880104e+99  1.000000e+00  1.000000e+00  0.000000e+00
6.210170e+01  1.627167e+02  8.889523e+04  3.086700e+00  6.210170e+01  2.138890e-01  2.138370e-01  5.200000e-05  1.262745e+01  1.262745e+01  5.514400e-02  2.450000e-04  2.501814e-02  2.599795e-02  2.599795e-02  7.264192e-02  4.941082e+06  3.261408e+04  7.737394e+00  2.666521e+56  5.035850e+48  6.358895e-06  8.684827e+99  1.000000e+00  1.000000e+00  0.000000e+00
6.210170e+01  1.679681e+02  8.889523e+04  3.498500e+00  6.210170e+01  2.321030e-01  2.320500e-01  5.200000e-05  1.241383e+01  1.241383e+01  5.514200e-02  2.250000e-04  2.761568e-02  2.881495e-02  2.881495e-02  7.992383e-02  3.317459e+06  3.548500e+04  7.736527e+00  2.889283e+56  5.035289e+48  6.330179e-06  9.821062e+99  1.000000e+00  1.000000e+00  0.000000e+00
6.210170e+01  1.734000e+02  8.889523e+04  3.965200e+00  6.210170e+01  2.532470e-01  2.531950e-01  5.200000e-05  1.223178e+01  1.223178e+01  5.514000e-02  2.070000e-04  3.057993e-02  3.205817e-02  3.205817e-02  8.768065e-02  2.185894e+06  3.883384e+04  7.735614e+00  3.148551e+56  5.034698e+48  6.298094e-06  1.099084e+100  1.000000e+00  1.000000e+00  0.000000e+00
6.210170e+01  1.790190e+02  8.889523e+04  4.494300e+00  6.210170e+01  2.775300e-01  2.774780e-01  5.200000e-05  1.208515e+01  1.208515e+01  5.513800e-02  1.880000e-04  3.391871e-02  3.574815e-02  3.574815e-02  9.575349e-02  1.421889e+06  4.270071e+04  7.734652e+00  3.447276e+56  5.034076e+48  6.262387e-06  1.218032e+100  1.000000e+00  1.000000e+00  0.000000e+00
6.210170e+01  1.848335e+02  8.889523e+04  5.093900e+00  6.210170e+01  3.051530e-01  3.051010e-01  5.200000e-05  1.197449e+01  1.197449e+01  5.513500e-02  1.710000e-04  3.763936e-02  3.990718e-02  3.990718e-02  1.039268e-01  9.171199e+05  4.712570e+04  7.733637e+00  3.788352e+56  5.033418e+48  6.222675e-06  1.338378e+100  1.000000e+00  1.000000e+00  0.000000e+00
6.210170e+01  1.908524e+02  8.889523e+04  5.773400e+00  6.210170e+01  3.363170e-01  3.362650e-01  5.200000e-05  1.189831e+01  1.189831e+01  5.513300e-02  1.550000e-04  4.174896e-02  4.455972e-02  4.455972e-02  1.119801e-01  5.886054e+05  5.215209e+04  7.732562e+00  4.174820e+56  5.032723e+48  6.178149e-06  1.459474e+100  1.000000e+00  1.000000e+00  0.000000e+00
6.210170e+01  1.970844e+02  8.889523e+04  6.543700e+00  6.210170e+01  3.712220e-01  3.711700e-01  5.200000e-05  1.185395e+01  1.185395e+01  5.513000e-02  1.410000e-04  4.625429e-02  4.973272e-02  4.973272e-02  1.196837e-01  3.768635e+05  5.782453e+04  7.731424e+00  4.609707e+56  5.031986e+48  6.129231e-06  1.580524e+100  1.000000e+00  1.000000e+00  0.000000e+00
6.210170e+01  2.035396e+02  8.889523e+04  7.416700e+00  6.210170e+01  4.100620e-01  4.100100e-01  5.200000e-05  1.183822e+01  1.183822e+01  5.512700e-02  1.270000e-04  5.116172e-02  5.545582e-02  5.545582e-02  1.268146e-01  2.411856e+05  6.418958e+04  7.730217e+00  5.096143e+56  5.031203e+48  6.075618e-06  1.701452e+100  1.000000e+00  1.000000e+00  0.000000e+00
6.210170e+01  2.102287e+02  8.889523e+04  8.406200e+00  6.210170e+01  4.530270e-01  4.529750e-01  5.200000e-05  1.184774e+01  1.184774e+01  5.512400e-02  1.150000e-04  5.647679e-02  6.176113e-02  6.176114e-02  1.331681e-01  1.545113e+05  7.129585e+04  7.728930e+00  5.637302e+56  5.030371e+48  6.016946e-06  1.821522e+100  1.000000e+00  1.000000e+00  0.000000e+00
6.210170e+01  2.171631e+02  8.889523e+04  9.527700e+00  6.210170e+01  5.002890e-01  5.002370e-01  5.200000e-05  1.187913e+01  1.187913e+01  5.512100e-02  1.040000e-04  6.220395e-02  6.868345e-02  6.868345e-02  1.385642e-01  9.918932e+04  7.919308e+04  7.727560e+00  6.236348e+56  5.029484e+48  5.952468e-06  1.833126e+100  1.000000e+00  1.000000e+00  0.000000e+00
6.210170e+01  4.714565e+02  8.889523e+04  1.079880e+01  6.210170e+01  5.349230e-01  5.348710e-01  5.200000e-05  1.189179e+01  1.189179e+01  5.503900e-02  9.700000e-05  6.643939e-02  7.389073e-02  7.389073e-02  1.427476e-01  7.351097e+04  8.503487e+04  7.693382e+00  6.677810e+56  5.007350e+48  6.142829e-06  -1.207683e+100  1.000000e+00  -1.000000e+00  1.000000e+00
6.210170e+01  4.728972e+02  8.889523e+04  1.223950e+01  6.210170e+01  5.286820e-01  5.286300e-01  5.200000e-05  1.181948e+01  1.181948e+01  5.503700e-02  9.800000e-05  6.606599e-02  7.342858e-02  7.342858e-02  1.425992e-01  7.553273e+04  8.401270e+04  7.692623e+00  6.597185e+56  5.006858e+48  6.156161e-06  -1.447888e+100  1.000000e+00  -1.000000e+00  1.000000e+00
6.210170e+01  4.745300e+02  8.889523e+04  1.387240e+01  6.210170e+01  5.187220e-01  5.186700e-01  5.200000e-05  1.169408e+01  1.169408e+01  5.503500e-02  1.000000e-04  6.551640e-02  7.274947e-02  7.274947e-02  1.400462e-01  7.734455e+04  8.241538e+04  7.691761e+00  6.468244e+56  5.006300e+48  6.458830e-06  -1.405916e+100  1.000000e+00  -1.000000e+00  1.000000e+00
6.210170e+01  4.763807e+02  8.889523e+04  1.572320e+01  6.210170e+01  5.118900e-01  5.118380e-01  5.200000e-05  1.153339e+01  1.153339e+01  5.503300e-02  1.020000e-04  6.555429e-02  7.279625e-02  7.279625e-02  1.362503e-01  7.503030e+04  8.138073e+04  7.690787e+00  6.377911e+56  5.005669e+48  7.912705e-06  -7.448551e+99  1.000000e+00  -1.000000e+00  1.000000e+00
6.210170e+01  4.784787e+02  8.889523e+04  1.782080e+01  6.210170e+01  5.094880e-01  5.094360e-01  5.200000e-05  1.134329e+01  1.134329e+01  5.503000e-02  1.020000e-04  6.634011e-02  7.376780e-02  7.376780e-02  1.316829e-01  6.832452e+04  8.109063e+04  7.689681e+00  6.340220e+56  5.004953e+48  1.071647e-05  -4.922498e+98  1.000000e+00  -1.000000e+00  1.000000e+00
6.210170e+01  4.808563e+02  8.889523e+04  2.019840e+01  6.210170e+01  5.128130e-01  5.127610e-01  5.200000e-05  1.113221e+01  1.113221e+01  5.502700e-02  1.010000e-04  6.803922e-02  7.587754e-02  7.587754e-02  1.268033e-01  5.797560e+04  8.183369e+04  7.688430e+00  6.377091e+56  5.004142e+48  4.579184e-06  6.935886e+99  1.000000e+00  1.000000e+00  1.000000e+00
6.210170e+01  4.835509e+02  8.889523e+04  2.289310e+01  6.210170e+01  5.231000e-01  5.230480e-01  5.200000e-05  1.091163e+01  1.091163e+01  5.502400e-02  9.900000e-05  7.080707e-02  7.934113e-02  7.934113e-02  1.220759e-01  4.572568e+04  8.394406e+04  7.687009e+00  6.513677e+56  5.003223e+48  5.080761e-06  1.345467e+100  1.000000e+00  1.000000e+00  1.000000e+00
6.210170e+01  4.866048e+02  8.889523e+04  2.594730e+01  6.210170e+01  5.414050e-01  5.413530e-01  5.200000e-05  1.069520e+01  1.069520e+01  5.502000e-02  9.600000e-05  7.476794e-02  8.435629e-02  8.435629e-02  1.178892e-01  3.363612e+04  8.732675e+04  7.685402e+00  6.742683e+56  5.002181e+48  5.433306e-06  1.872017e+100  1.000000e+00  1.000000e+00  1.000000e+00
6.210170e+01  4.900671e+02  8.889523e+04  2.940900e+01  6.210170e+01  5.685130e-01  5.684610e-01  5.200000e-05  1.049701e+01  1.049701e+01  5.501600e-02  9.100000e-05  7.999382e-02  9.108143e-02  9.108143e-02  1.144429e-01  2.329250e+04  9.228673e+04  7.683582e+00  7.086487e+56  5.001002e+48  5.436104e-06  2.366106e+100  1.000000e+00  1.000000e+00  1.000000e+00
6.210170e+01  4.939909e+02  8.889523e+04  3.333260e+01  6.210170e+01  6.048820e-01  6.048300e-01  5.200000e-05  1.032872e+01  1.032872e+01  5.501100e-02  8.600000e-05  8.649801e-02  9.962904e-02  9.962904e-02  1.117661e-01  1.538830e+04  9.902617e+04  7.681518e+00  7.559067e+56  4.999665e+48  5.403061e-06  2.745237e+100  1.000000e+00  1.000000e+00  1.000000e+00
6.210170e+01  4.984378e+02  8.889523e+04  3.777960e+01  6.210170e+01  6.506610e-01  6.506090e-01  5.200000e-05  1.019736e+01  1.019736e+01  5.500500e-02  8.000000e-05  9.424279e-02  1.100739e-01  1.100739e-01  1.097233e-01  9.839399e+03  1.074860e+05  7.679179e+00  8.154477e+56  4.998151e+48  5.379265e-06  3.001921e+100  1.000000e+00  1.000000e+00  1.000000e+00
6.210170e+01  5.034775e+02  8.889523e+04  4.281980e+01  6.210170e+01  7.057140e-01  7.056630e-01  5.200000e-05  1.010532e+01  1.010532e+01  5.499900e-02  7.400000e-05  1.031480e-01  1.224595e-01  1.224595e-01  1.080990e-01  6.172008e+03  1.177952e+05  7.676530e+00  8.880131e+56  4.996435e+48  5.278754e-06  3.188274e+100  1.000000e+00  1.000000e+00  1.000000e+00
6.210170e+01  5.091908e+02  8.889523e+04  4.853260e+01  6.210170e+01  7.696750e-01  7.696230e-01  5.200000e-05  1.005125e+01  1.005125e+01  5.499200e-02  6.700000e-05  1.131016e-01  1.368065e-01  1.368065e-01  1.065445e-01  3.837981e+03  1.300823e+05  7.673530e+00  9.743003e+56  4.994492e+48  5.192552e-06  3.261818e+100  1.000000e+00  1.000000e+00  1.000000e+00
6.210170e+01  5.156662e+02  8.889523e+04  5.500740e+01  6.210170e+01  8.419680e-01  8.419160e-01  5.200000e-05  1.003146e+01  1.003146e+01  5.498400e-02  6.200000e-05  1.239690e-01  1.531164e-01  1.531164e-01  1.046949e-01  2.383802e+03  1.440442e+05  7.670134e+00  1.071712e+57  4.992291e+48  5.084003e-06  3.265572e+100  1.000000e+00  1.000000e+00  1.000000e+00
6.210170e+01  5.230050e+02  8.889523e+04  6.234610e+01  6.210170e+01  9.218240e-01  9.217720e-01  5.200000e-05  1.004087e+01  1.004087e+01  5.497500e-02  5.600000e-05  1.355995e-01  1.713739e-01  1.713739e-01  1.023081e-01  1.487773e+03  1.600923e+05  7.666286e+00  1.182965e+57  4.989799e+48  4.941221e-06  3.215215e+100  1.000000e+00  1.000000e+00  1.000000e+00
6.210170e+01  5.313221e+02  8.889523e+04  7.066390e+01  6.210170e+01  1.008302e+00  1.008251e+00  5.200000e-05  1.007362e+01  1.007362e+01  5.496400e-02  5.100000e-05  1.478382e-01  1.915544e-01  1.915544e-01  9.920205e-02  9.364486e+02  1.777304e+05  7.661929e+00  1.303956e+57  4.986977e+48  4.869298e-06  3.053778e+100  1.000000e+00  1.000000e+00  1.000000e+00
6.210170e+01  5.407496e+02  8.889523e+04  8.009140e+01  6.210170e+01  1.100298e+00  1.100246e+00  5.200000e-05  1.012369e+01  1.012369e+01  5.495200e-02  4.700000e-05  1.605289e-01  2.136225e-01  2.136225e-01  9.527290e-02  5.958168e+02  1.967653e+05  7.656995e+00  1.432782e+57  4.983781e+48  4.731130e-06  2.886022e+100  1.000000e+00  1.000000e+00  1.000000e+00
6.210170e+01  5.514360e+02  8.889523e+04  9.077660e+01  6.210170e+01  1.196530e+00  1.196479e+00  5.200000e-05  1.018566e+01  1.018566e+01  5.493600e-02  4.300000e-05  1.735066e-01  2.375074e-01  2.375075e-01  9.061433e-02  3.841707e+02  2.175965e+05  7.650523e+00  1.571987e+57  4.980067e+48  4.517961e-06  2.730705e+100  1.000000e+00  1.000000e+00  1.000000e+00
6.210170e+01  5.635472e+02  8.889523e+04  1.028874e+02  6.210170e+01  1.295715e+00  1.295663e+00  5.200000e-05  1.025451e+01  1.025451e+01  5.492400e-02  4.000000e-05  1.866277e-01  2.631493e-01  2.631493e-01  8.528707e-02  2.511378e+02  2.400968e+05  7.645087e+00  1.720151e+57  4.976068e+48  4.308283e-06  2.542247e+100  1.000000e+00  1.000000e+00  1.000000e+00
6.210170e+01  5.772730e+02  8.889523e+04  1.166139e+02  6.210170e+01  1.396322e+00  1.396270e+00  5.200000e-05  1.032574e+01  1.032574e+01  5.490700e-02  3.700000e-05  1.997311e-01  2.904163e-01  2.904163e-01  7.950112e-02  1.667465e+02  2.640392e+05  7.637931e+00  1.875101e+57  4.971433e+48  4.174249e-06  2.284187e+100  1.000000e+00  1.000000e+00  1.000000e+00
6.210170e+01  5.928297e+02  8.889523e+04  1.321717e+02  6.210170e+01  1.496895e+00  1.496844e+00  5.200000e-05  1.039556e+01  1.039556e+01  5.488700e-02  3.400000e-05  2.126793e-01  3.191725e-01  3.191725e-01  7.344350e-02  1.125224e+02  2.882966e+05  7.629836e+00  2.027990e+57  4.966189e+48  3.988977e-06  2.042107e+100  1.000000e+00  1.000000e+00  1.000000e+00
6.210170e+01  6.104652e+02  8.889523e+04  1.498051e+02  6.210170e+01  1.595974e+00  1.595923e+00  5.200000e-05  1.046071e+01  1.046071e+01  5.486500e-02  3.200000e-05  2.253443e-01  3.492445e-01  3.492445e-01  6.729768e-02  7.720983e+01  3.142266e+05  7.620675e+00  2.188578e+57  4.960255e+48  3.801485e-06  1.804524e+100  1.000000e+00  1.000000e+00  1.000000e+00
6.210170e+01  6.304521e+02  8.889523e+04  1.697911e+02  6.210170e+01  1.692163e+00  1.692112e+00  5.100000e-05  1.051854e+01  1.051854e+01  5.484000e-02  3.000000e-05  2.376121e-01  3.804260e-01  3.804260e-01  6.124151e-02  5.390301e+01  3.396577e+05  7.610319e+00  2.340284e+57  4.953546e+48  3.632097e-06  1.550161e+100  1.000000e+00  1.000000e+00  1.000000e+00
6.210170e+01  6.531038e+02  8.889523e+04  1.924434e+02  6.210170e+01  1.784176e+00  1.784125e+00  5.100000e-05  1.056693e+01  1.056693e+01  5.481200e-02  2.900000e-05  2.493853e-01  4.124780e-01  4.124780e-01  5.541244e-02  3.829712e+01  3.661311e+05  7.598607e+00  2.494392e+57  4.945959e+48  3.393731e-06  1.347194e+100  1.000000e+00  1.000000e+00  1.000000e+00
6.210170e+01  6.787757e+02  8.889523e+04  2.181178e+02  6.210170e+01  1.870885e+00  1.870834e+00  5.100000e-05  1.060432e+01  1.060432e+01  5.478000e-02  2.700000e-05  2.605828e-01  4.451315e-01  4.451315e-01  4.991423e-02  2.769517e+01  3.923058e+05  7.585365e+00  2.640671e+57  4.937383e+48  3.235313e-06  1.114630e+100  1.000000e+00  1.000000e+00  1.000000e+00
6.210170e+01  7.078781e+02  8.889523e+04  2.472176e+02  6.210170e+01  1.951339e+00  1.951288e+00  5.100000e-05  1.062954e+01  1.062954e+01  5.474400e-02  2.600000e-05  2.711438e-01  4.780996e-01  4.780996e-01  4.481785e-02  2.038726e+01  4.177654e+05  7.570406e+00  2.776127e+57  4.927693e+48  3.014817e-06  9.255899e+99  1.000000e+00  1.000000e+00  1.000000e+00
6.210170e+01  7.408620e+02  8.889523e+04  2.801996e+02  6.210170e+01  2.024785e+00  2.024734e+00  5.100000e-05  1.064193e+01  1.064193e+01  5.470400e-02  2.500000e-05  2.810219e-01  5.110704e-01  5.110704e-01  4.016244e-02  1.527641e+01  4.433675e+05  7.553513e+00  2.907081e+57  4.916748e+48  2.726154e-06  7.835566e+99  1.000000e+00  1.000000e+00  1.000000e+00
6.210170e+01  7.782441e+02  8.889523e+04  3.175819e+02  6.210170e+01  2.090678e+00  2.090627e+00  5.100000e-05  1.064112e+01  1.064112e+01  5.465800e-02  2.400000e-05  2.901893e-01  5.437294e-01  5.437294e-01  3.595814e-02  1.164903e+01  4.688666e+05  7.534440e+00  3.032086e+57  4.904393e+48  2.506666e-06  6.305821e+99  1.000000e+00  1.000000e+00  1.000000e+00
6.210170e+01  8.206108e+02  8.889523e+04  3.599514e+02  6.210170e+01  2.148672e+00  2.148621e+00  5.100000e-05  1.062720e+01  1.062720e+01  5.460500e-02  2.400000e-05  2.986295e-01  5.757493e-01  5.757493e-01  3.220075e-02  9.038784e+00  4.926901e+05  7.512925e+00  3.139653e+57  4.890454e+48  2.359582e-06  4.679014e+99  1.000000e+00  1.000000e+00  1.000000e+00
6.210170e+01  8.686339e+02  8.889523e+04  4.079736e+02  6.210170e+01  2.198609e+00  2.198558e+00  5.100000e-05  1.060025e+01  1.060025e+01  5.454700e-02  2.300000e-05  3.063468e-01  6.068403e-01  6.068403e-01  2.886790e-02  7.132824e+00  5.144852e+05  7.488659e+00  3.227624e+57  4.874732e+48  2.143289e-06  3.470216e+99  1.000000e+00  1.000000e+00  1.000000e+00
6.210170e+01  9.230662e+02  8.889523e+04  4.624025e+02  6.210170e+01  2.240500e+00  2.240450e+00  5.000000e-05  1.056101e+01  1.056101e+01  5.448000e-02  2.300000e-05  3.133438e-01  6.366801e-01  6.366801e-01  2.593149e-02  5.723072e+00  5.354184e+05  7.461315e+00  3.305283e+57  4.857016e+48  1.850255e-06  2.667659e+99  1.000000e+00  1.000000e+00  1.000000e+00
6.210170e+01  9.847572e+02  8.889523e+04  5.240930e+02  6.210170e+01  2.274510e+00  2.274460e+00  5.000000e-05  1.051031e+01  1.051031e+01  5.440500e-02  2.200000e-05  3.196348e-01  6.649786e-01  6.649786e-01  2.335921e-02  4.667630e+00  5.553475e+05  7.430513e+00  3.372237e+57  4.837060e+48  1.553008e-06  1.991998e+99  1.000000e+00  1.000000e+00  1.000000e+00
6.210170e+01  1.054675e+03  8.889523e+04  5.940138e+02  6.210170e+01  2.300917e+00  2.300867e+00  5.000000e-05  1.044850e+01  1.044850e+01  5.432000e-02  2.200000e-05  3.252587e-01  6.915591e-01  6.915591e-01  2.110968e-02  3.865925e+00  5.740948e+05  7.395860e+00  3.427884e+57  4.814609e+48  1.293825e-06  1.299881e+99  1.000000e+00  1.000000e+00  1.000000e+00
6.210170e+01  1.133922e+03  8.889523e+04  6.732629e+02  6.210170e+01  2.320103e+00  2.320053e+00  5.000000e-05  1.037712e+01  1.037712e+01  5.422500e-02  2.100000e-05  3.302267e-01  7.161306e-01  7.161306e-01  1.915596e-02  3.252030e+00  5.901421e+05  7.356914e+00  3.461642e+57  4.789374e+48  9.842166e-07  8.289113e+98  1.000000e+00  1.000000e+00  1.000000e+00
6.210170e+01  1.223749e+03  8.889523e+04  7.630849e+02  6.210170e+01  2.332525e+00  2.332476e+00  4.900000e-05  1.029699e+01  1.029699e+01  5.411700e-02  2.100000e-05  3.345782e-01  7.385558e-01  7.385558e-01  1.745920e-02  2.776216e+00  6.062249e+05  7.313191e+00  3.494732e+57  4.761040e+48  6.032272e-07  5.213861e+98  1.000000e+00  1.000000e+00  1.000000e+00
6.210170e+01  1.325556e+03  8.889523e+04  8.648903e+02  6.210170e+01  2.338690e+00  2.338641e+00  4.900000e-05  1.020931e+01  1.020931e+01  5.399600e-02  2.100000e-05  3.383436e-01  7.586872e-01  7.586872e-01  1.598761e-02  2.403812e+00  6.195312e+05  7.264138e+00  3.507047e+57  4.729256e+48  2.378406e-07  1.453669e+98  1.000000e+00  1.000000e+00  1.000000e+00
6.210170e+01  1.440942e+03  8.889523e+04  9.802778e+02  6.210170e+01  2.339137e+00  2.339088e+00  4.900000e-05  1.011514e+01  1.011514e+01  5.385900e-02  2.100000e-05  3.415588e-01  7.764414e-01  7.764415e-01  1.471709e-02  2.110590e+00  6.313330e+05  7.209173e+00  3.508664e+57  4.693656e+48  -2.808788e-07  -1.160537e+98  -1.000000e+00  -1.000000e+00  1.000000e+00
6.210170e+01  1.571717e+03  8.889523e+04  1.111060e+03  6.210170e+01  2.334426e+00  2.334378e+00  4.800000e-05  1.001558e+01  1.001558e+01  5.370600e-02  2.100000e-05  3.442595e-01  7.917780e-01  7.917780e-01  1.363175e-02  1.879464e+00  6.403263e+05  7.147792e+00  3.490693e+57  4.653855e+48  -7.793560e-07  -2.484912e+98  -1.000000e+00  -1.000000e+00  1.000000e+00
6.210170e+01  1.719954e+03  8.889523e+04  1.259289e+03  6.210170e+01  2.325120e+00  2.325072e+00  4.800000e-05  9.911774e+00  9.911774e+00  5.353300e-02  2.100000e-05  3.464779e-01  8.046774e-01  8.046774e-01  1.269758e-02  1.695294e+00  6.493190e+05  7.079216e+00  3.474884e+57  4.609409e+48  -1.432418e-06  -2.463204e+98  -1.000000e+00  -1.000000e+00  1.000000e+00
6.210170e+01  1.887962e+03  8.889523e+04  1.427295e+03  6.210170e+01  2.311772e+00  2.311725e+00  4.700000e-05  9.804771e+00  9.804771e+00  5.334000e-02  2.000000e-05  3.482484e-01  8.151747e-01  8.151747e-01  1.189771e-02  1.548541e+00  6.568753e+05  7.002806e+00  3.451080e+57  4.559882e+48  -2.783195e-06  -3.467820e+98  -1.000000e+00  -1.000000e+00  1.000000e+00
6.210170e+01  2.078381e+03  8.889523e+04  1.617714e+03  6.210170e+01  2.294923e+00  2.294877e+00  4.700000e-05  9.695553e+00  9.695553e+00  5.312300e-02  2.000000e-05  3.496047e-01  8.233406e-01  8.233406e-01  1.121215e-02  1.431277e+00  6.617706e+05  6.917844e+00  3.410533e+57  4.504807e+48  -4.540150e-06  -4.160806e+98  -1.000000e+00  -1.000000e+00  1.000000e+00
6.210170e+01  2.294199e+03  8.889523e+04  1.833538e+03  6.210170e+01  2.275095e+00  2.275049e+00  4.600000e-05  9.585411e+00  9.585411e+00  5.288100e-02  2.000000e-05  3.505665e-01  8.291994e-01  8.291994e-01  1.062961e-02  1.338340e+00  6.654640e+05  6.823624e+00  3.364751e+57  4.443723e+48  -5.650176e-06  -3.699886e+98  -1.000000e+00  -1.000000e+00  1.000000e+00
6.210170e+01  2.538819e+03  8.889523e+04  2.078156e+03  6.210170e+01  2.252775e+00  2.252730e+00  4.500000e-05  9.474951e+00  9.474951e+00  5.261000e-02  2.000000e-05  3.511741e-01  8.329297e-01  8.329297e-01  1.013499e-02  1.265095e+00  6.692238e+05  6.719402e+00  3.323604e+57  4.376149e+48  -1.411766e-05  -3.446494e+98  -1.000000e+00  -1.000000e+00  1.000000e+00
6.210170e+01  2.816077e+03  8.889523e+04  2.355409e+03  6.210170e+01  2.228432e+00  2.228387e+00  4.500000e-05  9.365322e+00  9.365322e+00  5.230900e-02  2.000000e-05  3.514457e-01  8.346042e-01  8.346042e-01  9.720015e-03  1.208609e+00  6.706394e+05  6.604437e+00  3.269337e+57  4.301599e+48  -5.252646e-05  -3.540644e+98  -1.000000e+00  -1.000000e+00  1.000000e+00
6.210170e+01  3.130319e+03  8.889523e+04  2.669651e+03  6.210170e+01  2.202495e+00  2.202451e+00  4.400000e-05  9.257192e+00  9.257192e+00  5.197300e-02  2.000000e-05  3.514125e-01  8.343995e-01  8.343995e-01  9.373426e-03  1.166061e+00  6.710523e+05  6.478031e+00  3.212216e+57  4.219619e+48  -7.343228e-04  -3.201040e+98  -1.000000e+00  -1.000000e+00  1.000000e+00
6.210170e+01  3.486480e+03  8.889523e+04  3.025817e+03  6.210170e+01  2.175369e+00  2.175326e+00  4.300000e-05  9.151392e+00  9.151392e+00  5.160000e-02  2.000000e-05  3.510973e-01  8.324565e-01  8.324565e-01  9.089163e-03  1.135777e+00  6.705667e+05  6.339577e+00  3.153176e+57  4.129813e+48  4.649073e-05  -2.841106e+98  1.000000e+00  -1.000000e+00  1.000000e+00
6.210170e+01  3.890162e+03  8.889523e+04  3.429500e+03  6.210170e+01  2.147427e+00  2.147385e+00  4.200000e-05  9.048613e+00  9.048613e+00  5.118600e-02  1.900000e-05  3.505242e-01  8.289402e-01  8.289402e-01  8.860638e-03  1.116317e+00  6.692765e+05  6.188515e+00  3.092992e+57  4.031813e+48  1.872395e-05  -2.483929e+98  1.000000e+00  -1.000000e+00  1.000000e+00
6.210170e+01  4.347708e+03  8.889523e+04  3.887040e+03  6.210170e+01  2.119009e+00  2.118968e+00  4.100000e-05  8.949469e+00  8.949469e+00  5.073000e-02  1.900000e-05  3.497173e-01  8.240240e-01  8.240240e-01  8.680722e-03  1.106320e+00  6.672710e+05  6.024434e+00  3.032318e+57  3.925348e+48  1.273048e-05  -2.143606e+98  1.000000e+00  -1.000000e+00  1.000000e+00
6.210170e+01  4.866291e+03  8.889523e+04  4.405622e+03  6.210170e+01  2.090425e+00  2.090385e+00  4.000000e-05  8.854420e+00  8.854420e+00  5.022700e-02  1.900000e-05  3.487033e-01  8.179009e-01  8.179009e-01  8.545216e-03  1.105007e+00  6.646340e+05  5.847054e+00  2.971725e+57  3.810230e+48  9.308492e-06  -1.920045e+98  1.000000e+00  -1.000000e+00  1.000000e+00
6.210170e+01  5.454054e+03  8.889523e+04  4.993389e+03  6.210170e+01  2.061962e+00  2.061924e+00  3.800000e-05  8.764110e+00  8.764110e+00  4.967500e-02  1.900000e-05  3.474998e-01  8.107135e-01  8.107135e-01  8.449645e-03  1.111714e+00  6.605229e+05  5.656304e+00  2.904783e+57  3.686409e+48  7.423226e-06  -1.635772e+98  1.000000e+00  -1.000000e+00  1.000000e+00
6.210170e+01  6.120229e+03  8.889523e+04  5.659571e+03  6.210170e+01  2.033876e+00  2.033839e+00  3.700000e-05  8.678934e+00  8.678934e+00  4.907000e-02  1.800000e-05  3.461304e-01  8.026383e-01  8.026383e-01  8.390019e-03  1.125823e+00  6.569489e+05  5.452320e+00  2.846401e+57  3.553968e+48  7.440157e-06  -1.270631e+98  1.000000e+00  -1.000000e+00  1.000000e+00
6.210170e+01  6.875298e+03  8.889523e+04  6.414631e+03  6.210170e+01  2.006397e+00  2.006361e+00  3.500000e-05  8.599142e+00  8.599142e+00  4.841100e-02  1.800000e-05  3.446222e-01  7.938682e-01  7.938682e-01  8.362692e-03  1.146948e+00  6.530121e+05  5.235579e+00  2.789666e+57  3.413209e+48  6.669965e-06  -1.043006e+98  1.000000e+00  -1.000000e+00  1.000000e+00
6.210170e+01  7.731096e+03  8.889523e+04  7.270426e+03  6.210170e+01  1.979733e+00  1.979699e+00  3.400000e-05  8.525141e+00  8.525141e+00  4.769500e-02  1.700000e-05  3.429941e-01  7.845429e-01  7.845429e-01  8.365300e-03  1.174783e+00  6.488060e+05  5.006748e+00  2.735055e+57  3.264558e+48  5.698020e-06  -8.887514e+97  1.000000e+00  -1.000000e+00  1.000000e+00
6.210170e+01  8.701063e+03  8.889523e+04  8.240395e+03  6.210170e+01  1.954066e+00  1.954033e+00  3.200000e-05  8.457039e+00  8.457039e+00  4.692100e-02  1.600000e-05  3.412734e-01  7.748440e-01  7.748440e-01  8.393773e-03  1.208802e+00  6.435679e+05  4.766883e+00  2.676608e+57  3.108695e+48  5.187928e-06  -7.233397e+97  1.000000e+00  -1.000000e+00  1.000000e+00
6.210170e+01  9.800430e+03  8.889523e+04  9.339770e+03  6.210170e+01  1.929559e+00  1.929529e+00  3.100000e-05  8.395081e+00  8.395081e+00  4.608700e-02  1.600000e-05  3.394805e-01  7.649043e-01  7.649043e-01  8.445217e-03  1.248662e+00  6.390599e+05  4.517371e+00  2.627245e+57  2.946515e+48  5.264399e-06  -5.343553e+97  1.000000e+00  -1.000000e+00  1.000000e+00
6.210170e+01  1.104648e+04  8.889523e+04  1.058582e+04  6.210170e+01  1.906354e+00  1.906325e+00  2.900000e-05  8.339388e+00  8.339388e+00  4.519400e-02  1.500000e-05  3.376377e-01  7.548600e-01  7.548600e-01  8.516357e-03  1.293928e+00  6.345021e+05  4.259854e+00  2.580852e+57  2.779079e+48  4.941889e-06  -4.169540e+97  1.000000e+00  -1.000000e+00  1.000000e+00
6.210170e+01  1.245877e+04  8.889523e+04  1.199810e+04  6.210170e+01  1.884568e+00  1.884541e+00  2.700000e-05  8.289987e+00  8.289987e+00  4.424200e-02  1.400000e-05  3.357682e-01  7.448432e-01  7.448432e-01  8.604437e-03  1.344063e+00  6.299571e+05  3.996313e+00  2.537611e+57  2.607670e+48  4.366582e-06  -3.399606e+97  1.000000e+00  -1.000000e+00  1.000000e+00
6.210170e+01  1.405947e+04  8.889523e+04  1.359880e+04  6.210170e+01  1.864301e+00  1.864276e+00  2.500000e-05  8.246772e+00  8.246772e+00  4.323200e-02  1.400000e-05  3.338979e-01  7.349919e-01  7.349919e-01  8.707241e-03  1.398657e+00  6.247283e+05  3.728992e+00  2.492008e+57  2.433742e+48  4.104547e-06  -2.635909e+97  1.000000e+00  -1.000000e+00  1.000000e+00
6.210170e+01  1.587372e+04  8.889523e+04  1.541306e+04  6.210170e+01  1.845634e+00  1.845610e+00  2.300000e-05  8.209631e+00  8.209631e+00  4.216800e-02  1.300000e-05  3.320500e-01  7.254207e-01  7.254207e-01  8.819712e-03  1.456632e+00  6.203819e+05  3.460257e+00  2.455474e+57  2.258832e+48  4.181611e-06  -1.817691e+97  1.000000e+00  -1.000000e+00  1.000000e+00
6.210170e+01  1.793002e+04  8.889523e+04  1.746936e+04  6.210170e+01  1.828625e+00  1.828603e+00  2.200000e-05  8.178515e+00  8.178515e+00  4.105100e-02  1.200000e-05  3.302416e-01  7.162056e-01  7.162056e-01  8.942081e-03  1.517806e+00  6.162061e+05  3.192646e+00  2.422413e+57  2.084590e+48  3.962917e-06  -1.336413e+97  1.000000e+00  -1.000000e+00  1.000000e+00
6.210170e+01  2.025605e+04  8.889523e+04  1.979538e+04  6.210170e+01  1.813343e+00  1.813323e+00  2.000000e-05  8.153292e+00  8.153292e+00  3.988900e-02  1.100000e-05  3.284949e-01  7.074439e-01  7.074439e-01  9.065725e-03  1.580044e+00  6.122459e+05  2.929183e+00  2.392810e+57  1.912986e+48  3.858511e-06  -1.077555e+97  1.000000e+00  -1.000000e+00  1.000000e+00
8.531680e+01  1.030404e+02  9.034272e+04  1.000000e+00  8.531680e+01  1.019280e-01  1.018460e-01  8.200000e-05  1.827451e+01  1.827451e+01  6.359900e-02  8.000000e-04  8.238139e-03  8.341358e-03  8.341358e-03  1.653848e-02  2.905800e+08  1.526825e+04  1.206603e+01  1.272169e+56  9.091383e+48  6.534061e-06  7.112674e+99  1.000000e+00  1.000000e+00  0.000000e+00
8.531680e+01  1.076573e+02  9.034272e+04  1.133400e+00  8.531680e+01  1.083560e-01  1.082750e-01  8.200000e-05  1.716051e+01  1.716051e+01  6.359800e-02  7.530000e-04  9.326200e-03  9.458729e-03  9.458729e-03  1.949040e-02  1.841646e+08  1.625205e+04  1.206526e+01  1.357321e+56  9.090776e+48  6.529990e-06  7.222551e+99  1.000000e+00  1.000000e+00  0.000000e+00
8.531680e+01  1.131115e+02  9.034272e+04  1.284600e+00  8.531680e+01  1.162970e-01  1.162160e-01  8.200000e-05  1.616124e+01  1.616124e+01  6.359600e-02  7.010000e-04  1.062860e-02  1.080111e-02  1.080111e-02  2.340646e-02  1.150440e+08  1.746908e+04  1.206400e+01  1.461317e+56  9.089839e+48  6.521259e-06  7.797223e+99  1.000000e+00  1.000000e+00  0.000000e+00
8.531680e+01  1.191072e+02  9.034272e+04  1.456000e+00  8.531680e+01  1.264330e-01  1.263510e-01  8.200000e-05  1.528460e+01  1.528460e+01  6.359300e-02  6.450000e-04  1.221761e-02  1.244618e-02  1.244618e-02  2.869456e-02  7.027081e+07  1.902441e+04  1.206269e+01  1.590176e+56  9.088852e+48  6.509656e-06  8.783173e+99  1.000000e+00  1.000000e+00  0.000000e+00
8.531680e+01  1.250167e+02  9.034272e+04  1.650300e+00  8.531680e+01  1.378180e-01  1.377370e-01  8.200000e-05  1.459115e+01  1.459115e+01  6.359100e-02  5.920000e-04  1.395079e-02  1.424968e-02  1.424968e-02  3.482911e-02  4.393982e+07  2.077554e+04  1.206134e+01  1.732331e+56  9.087842e+48  6.492904e-06  9.190632e+99  1.000000e+00  1.000000e+00  0.000000e+00
8.531680e+01  1.316026e+02  9.034272e+04  1.870400e+00  8.531680e+01  1.503810e-01  1.503000e-01  8.200000e-05  1.403583e+01  1.403583e+01  6.358800e-02  5.420000e-04  1.582475e-02  1.621058e-02  1.621058e-02  4.164498e-02  2.797599e+07  2.271338e+04  1.205987e+01  1.887786e+56  9.086739e+48  6.472690e-06  9.714006e+99  1.000000e+00  1.000000e+00  0.000000e+00
8.531680e+01  1.379494e+02  9.034272e+04  2.120000e+00  8.531680e+01  1.641660e-01  1.640850e-01  8.200000e-05  1.358560e+01  1.358560e+01  6.358600e-02  4.970000e-04  1.784790e-02  1.834039e-02  1.834039e-02  4.900396e-02  1.803860e+07  2.484686e+04  1.205839e+01  2.057481e+56  9.085630e+48  6.450174e-06  8.591648e+99  1.000000e+00  1.000000e+00  0.000000e+00
8.531680e+01  1.527256e+02  9.034272e+04  2.402800e+00  8.531680e+01  1.785380e-01  1.784560e-01  8.100000e-05  1.323238e+01  1.323238e+01  6.358000e-02  4.560000e-04  1.992848e-02  2.054470e-02  2.054470e-02  5.640824e-02  1.196406e+07  2.707902e+04  1.205515e+01  2.233843e+56  9.083208e+48  6.425694e-06  1.183565e+100  1.000000e+00  1.000000e+00  0.000000e+00
8.531680e+01  1.576382e+02  9.034272e+04  2.723400e+00  8.531680e+01  1.933590e-01  1.932780e-01  8.100000e-05  1.294850e+01  1.294850e+01  6.357800e-02  4.210000e-04  2.205603e-02  2.281364e-02  2.281364e-02  6.363443e-02  8.127630e+06  2.939034e+04  1.205394e+01  2.415390e+56  9.082305e+48  6.397231e-06  1.414456e+100  1.000000e+00  1.000000e+00  0.000000e+00
8.531680e+01  1.627167e+02  9.034272e+04  3.086700e+00  8.531680e+01  2.085210e-01  2.084390e-01  8.100000e-05  1.270102e+01  1.270102e+01  6.357600e-02  3.910000e-04  2.424893e-02  2.516818e-02  2.516818e-02  7.035885e-02  5.594553e+06  3.176619e+04  1.205267e+01  2.600546e+56  9.081356e+48  6.368194e-06  1.501405e+100  1.000000e+00  1.000000e+00  0.000000e+00
8.531680e+01  1.679681e+02  9.034272e+04  3.498500e+00  8.531680e+01  2.263790e-01  2.262970e-01  8.100000e-05  1.247288e+01  1.247288e+01  6.357300e-02  3.600000e-04  2.680712e-02  2.793559e-02  2.793559e-02  7.767537e-02  3.740582e+06  3.457737e+04  1.205134e+01  2.818856e+56  9.080360e+48  6.338798e-06  1.703893e+100  1.000000e+00  1.000000e+00  0.000000e+00
8.531680e+01  1.734000e+02  9.034272e+04  3.965200e+00  8.531680e+01  2.472090e-01  2.471270e-01  8.100000e-05  1.227644e+01  1.227644e+01  6.357100e-02  3.290000e-04  2.974222e-02  3.113851e-02  3.113851e-02  8.551611e-02  2.449569e+06  3.787182e+04  1.204995e+01  3.074067e+56  9.079312e+48  6.307335e-06  1.914557e+100  1.000000e+00  1.000000e+00  0.000000e+00
8.531680e+01  1.790190e+02  9.034272e+04  4.494300e+00  8.531680e+01  2.712230e-01  2.711420e-01  8.100000e-05  1.211693e+01  1.211693e+01  6.356800e-02  3.000000e-04  3.306097e-02  3.479641e-02  3.479641e-02  9.371631e-02  1.581784e+06  4.169003e+04  1.204847e+01  3.369208e+56  9.078208e+48  6.271603e-06  2.129038e+100  1.000000e+00  1.000000e+00  0.000000e+00
8.531680e+01  1.848335e+02  9.034272e+04  5.093900e+00  8.531680e+01  2.986230e-01  2.985410e-01  8.100000e-05  1.199543e+01  1.199543e+01  6.356500e-02  2.730000e-04  3.676959e-02  3.893044e-02  3.893044e-02  1.020627e-01  1.012355e+06  4.607317e+04  1.204691e+01  3.707264e+56  9.077040e+48  6.231824e-06  2.345482e+100  1.000000e+00  1.000000e+00  0.000000e+00
8.531680e+01  1.908524e+02  9.034272e+04  5.773400e+00  8.531680e+01  3.296070e-01  3.295260e-01  8.100000e-05  1.191049e+01  1.191049e+01  6.356300e-02  2.470000e-04  4.087412e-02  4.356407e-02  4.356407e-02  1.103242e-01  6.446721e+05  5.106275e+04  1.204527e+01  4.091102e+56  9.075806e+48  6.188011e-06  2.562613e+100  1.000000e+00  1.000000e+00  0.000000e+00
8.531680e+01  1.970844e+02  9.034272e+04  6.543700e+00  8.531680e+01  3.643720e-01  3.642910e-01  8.100000e-05  1.185932e+01  1.185932e+01  6.355900e-02  2.230000e-04  4.538026e-02  4.872316e-02  4.872316e-02  1.182546e-01  4.096305e+05  5.670332e+04  1.204352e+01  4.523800e+56  9.074499e+48  6.138806e-06  2.779843e+100  1.000000e+00  1.000000e+00  0.000000e+00
8.531680e+01  2.035396e+02  9.034272e+04  7.416700e+00  8.531680e+01  4.031120e-01  4.030300e-01  8.100000e-05  1.183844e+01  1.183844e+01  6.355600e-02  2.020000e-04  5.029357e-02  5.443656e-02  5.443656e-02  1.256205e-01  2.602581e+05  6.304246e+04  1.204167e+01  5.008559e+56  9.073111e+48  6.084950e-06  2.996328e+100  1.000000e+00  1.000000e+00  0.000000e+00
8.531680e+01  2.102287e+02  9.034272e+04  8.406200e+00  8.531680e+01  4.460120e-01  4.459300e-01  8.100000e-05  1.184420e+01  1.184420e+01  6.355300e-02  1.820000e-04  5.561887e-02  6.073573e-02  6.073573e-02  1.322074e-01  1.655980e+05  7.012675e+04  1.203970e+01  5.548368e+56  9.071634e+48  6.026258e-06  3.210858e+100  1.000000e+00  1.000000e+00  0.000000e+00
8.531680e+01  2.171631e+02  9.034272e+04  9.527700e+00  8.531680e+01  4.932440e-01  4.931630e-01  8.100000e-05  1.187295e+01  1.187295e+01  6.354900e-02  1.650000e-04  6.135996e-02  6.765482e-02  6.765482e-02  1.378335e-01  1.056416e+05  7.800734e+04  1.203759e+01  6.146495e+56  9.070057e+48  5.962231e-06  3.232876e+100  1.000000e+00  1.000000e+00  0.000000e+00
8.531680e+01  4.714565e+02  9.034272e+04  1.079880e+01  8.531680e+01  5.281690e-01  5.280880e-01  8.100000e-05  1.188441e+01  1.188441e+01  6.345700e-02  1.530000e-04  6.564124e-02  7.290362e-02  7.290362e-02  1.422063e-01  7.779361e+04  8.388806e+04  1.198523e+01  6.591201e+56  9.030801e+48  5.626987e-06  9.160245e+99  1.000000e+00  1.000000e+00  1.000000e+00
8.531680e+01  4.728972e+02  9.034272e+04  1.223950e+01  8.531680e+01  5.308980e-01  5.308170e-01  8.100000e-05  1.183410e+01  1.183410e+01  6.345500e-02  1.530000e-04  6.626098e-02  7.366984e-02  7.366984e-02  1.433493e-01  7.481934e+04  8.437537e+04  1.198407e+01  6.625821e+56  9.029928e+48  5.398131e-06  -1.021681e+100  1.000000e+00  -1.000000e+00  1.000000e+00
8.531680e+01  4.745300e+02  9.034272e+04  1.387240e+01  8.531680e+01  5.203810e-01  5.203000e-01  8.100000e-05  1.171556e+01  1.171556e+01  6.345200e-02  1.560000e-04  6.560543e-02  7.285940e-02  7.285940e-02  1.410635e-01  7.737943e+04  8.265529e+04  1.198275e+01  6.488365e+56  9.028940e+48  6.477984e-06  -2.663083e+100  1.000000e+00  -1.000000e+00  1.000000e+00
8.531680e+01  4.763807e+02  9.034272e+04  1.572320e+01  8.531680e+01  5.127140e-01  5.126330e-01  8.100000e-05  1.155874e+01  1.155874e+01  6.345000e-02  1.580000e-04  6.551576e-02  7.274868e-02  7.274868e-02  1.373568e-01  7.585583e+04  8.151420e+04  1.198126e+01  6.390454e+56  9.027820e+48  7.850425e-06  -1.466724e+100  1.000000e+00  -1.000000e+00  1.000000e+00
8.531680e+01  4.784787e+02  9.034272e+04  1.782080e+01  8.531680e+01  5.094240e-01  5.093430e-01  8.100000e-05  1.137048e+01  1.137048e+01  6.344700e-02  1.590000e-04  6.617325e-02  7.356127e-02  7.356127e-02  1.327424e-01  6.974358e+04  8.111531e+04  1.197956e+01  6.344855e+56  9.026550e+48  1.815755e-05  -2.685809e+99  1.000000e+00  -1.000000e+00  1.000000e+00
8.531680e+01  4.808563e+02  9.034272e+04  2.019840e+01  8.531680e+01  5.118360e-01  5.117550e-01  8.100000e-05  1.115907e+01  1.115907e+01  6.344300e-02  1.580000e-04  6.774607e-02  7.551266e-02  7.551266e-02  1.277519e-01  5.968375e+04  8.167161e+04  1.197765e+01  6.367834e+56  9.025112e+48  4.465851e-06  1.008423e+100  1.000000e+00  1.000000e+00  1.000000e+00
8.531680e+01  4.835509e+02  9.034272e+04  2.289310e+01  8.531680e+01  5.212480e-01  5.211670e-01  8.100000e-05  1.093629e+01  1.093629e+01  6.343900e-02  1.550000e-04  7.039732e-02  7.882626e-02  7.882626e-02  1.228694e-01  4.737748e+04  8.358559e+04  1.197547e+01  6.489725e+56  9.023482e+48  5.132928e-06  2.181255e+100  1.000000e+00  1.000000e+00  1.000000e+00
8.531680e+01  4.866048e+02  9.034272e+04  2.594730e+01  8.531680e+01  5.387610e-01  5.386800e-01  8.100000e-05  1.071615e+01  1.071615e+01  6.343500e-02  1.500000e-04  7.425736e-02  8.370587e-02  8.370587e-02  1.185048e-01  3.499011e+04  8.677478e+04  1.197301e+01  6.704349e+56  9.021635e+48  5.421744e-06  3.217076e+100  1.000000e+00  1.000000e+00  1.000000e+00
8.531680e+01  4.900671e+02  9.034272e+04  2.940900e+01  8.531680e+01  5.651940e-01  5.651130e-01  8.100000e-05  1.051343e+01  1.051343e+01  6.343000e-02  1.430000e-04  7.940266e-02  9.031438e-02  9.031438e-02  1.148946e-01  2.426778e+04  9.174996e+04  1.197022e+01  7.049322e+56  9.019541e+48  5.370864e-06  4.131848e+100  1.000000e+00  1.000000e+00  1.000000e+00
8.531680e+01  4.939909e+02  9.034272e+04  3.333260e+01  8.531680e+01  6.010240e-01  6.009430e-01  8.100000e-05  1.034045e+01  1.034045e+01  6.342500e-02  1.350000e-04  8.584875e-02  9.876676e-02  9.876676e-02  1.120828e-01  1.602434e+04  9.832731e+04  1.196705e+01  7.509956e+56  9.017170e+48  5.456742e-06  4.739648e+100  1.000000e+00  1.000000e+00  1.000000e+00
8.531680e+01  4.984378e+02  9.034272e+04  3.777960e+01  8.531680e+01  6.464020e-01  6.463220e-01  8.100000e-05  1.020480e+01  1.020480e+01  6.341800e-02  1.250000e-04  9.355780e-02  1.091381e-01  1.091381e-01  1.099697e-01  1.022783e+04  1.066255e+05  1.196347e+01  8.093516e+56  9.014483e+48  5.436570e-06  5.207915e+100  1.000000e+00  1.000000e+00  1.000000e+00
8.531680e+01  5.034775e+02  9.034272e+04  4.281980e+01  8.531680e+01  7.011900e-01  7.011090e-01  8.100000e-05  1.010920e+01  1.010920e+01  6.341100e-02  1.150000e-04  1.024473e-01  1.214700e-01  1.214700e-01  1.082736e-01  6.396317e+03  1.167761e+05  1.195940e+01  8.807723e+56  9.011438e+48  5.334814e-06  5.550534e+100  1.000000e+00  1.000000e+00  1.000000e+00
8.531680e+01  5.091908e+02  9.034272e+04  4.853260e+01  8.531680e+01  7.650020e-01  7.649220e-01  8.100000e-05  1.005237e+01  1.005237e+01  6.340300e-02  1.060000e-04  1.124025e-01  1.357808e-01  1.357808e-01  1.066896e-01  3.964157e+03  1.289079e+05  1.195481e+01  9.659333e+56  9.007994e+48  5.176314e-06  5.778479e+100  1.000000e+00  1.000000e+00  1.000000e+00
8.531680e+01  5.156662e+02  9.034272e+04  5.500740e+01  8.531680e+01  8.372500e-01  8.371700e-01  8.100000e-05  1.003059e+01  1.003059e+01  6.339400e-02  9.600000e-05  1.232850e-01  1.520692e-01  1.520692e-01  1.048730e-01  2.454828e+03  1.431347e+05  1.194960e+01  1.065386e+57  9.004089e+48  5.046472e-06  5.815560e+100  1.000000e+00  1.000000e+00  1.000000e+00
8.531680e+01  5.230050e+02  9.034272e+04  6.234610e+01  8.531680e+01  9.171520e-01  9.170710e-01  8.100000e-05  1.003872e+01  1.003872e+01  6.338300e-02  8.800000e-05  1.349412e-01  1.703172e-01  1.703172e-01  1.024845e-01  1.527014e+03  1.590806e+05  1.194371e+01  1.175941e+57  8.999668e+48  4.975118e-06  5.646746e+100  1.000000e+00  1.000000e+00  1.000000e+00
8.531680e+01  5.313221e+02  9.034272e+04  7.066390e+01  8.531680e+01  1.003752e+00  1.003671e+00  8.100000e-05  1.007071e+01  1.007071e+01  6.337200e-02  8.000000e-05  1.472136e-01  1.904991e-01  1.904991e-01  9.938923e-02  9.583058e+02  1.766257e+05  1.193703e+01  1.296298e+57  8.994662e+48  4.830943e-06  5.454134e+100  1.000000e+00  1.000000e+00  1.000000e+00
8.531680e+01  5.407496e+02  9.034272e+04  8.009140e+01  8.531680e+01  1.095922e+00  1.095842e+00  8.100000e-05  1.012045e+01  1.012045e+01  6.335800e-02  7.400000e-05  1.599417e-01  2.125742e-01  2.125742e-01  9.548850e-02  6.082019e+02  1.961780e+05  1.192933e+01  1.429079e+57  8.988981e+48  4.675973e-06  5.182692e+100  1.000000e+00  1.000000e+00  1.000000e+00
8.531680e+01  5.514360e+02  9.034272e+04  9.077660e+01  8.531680e+01  1.192413e+00  1.192333e+00  8.100000e-05  1.018244e+01  1.018244e+01  6.334300e-02  6.800000e-05  1.729643e-01  2.364809e-01  2.364809e-01  9.084308e-02  3.912051e+02  2.169940e+05  1.192091e+01  1.568244e+57  8.982573e+48  4.532345e-06  4.823282e+100  1.000000e+00  1.000000e+00  1.000000e+00
8.531680e+01  5.635472e+02  9.034272e+04  1.028874e+02  8.531680e+01  1.291832e+00  1.291751e+00  8.100000e-05  1.025135e+01  1.025135e+01  6.332600e-02  6.200000e-05  1.861258e-01  2.621390e-01  2.621390e-01  8.550930e-02  2.552049e+02  2.394819e+05  1.191123e+01  1.716405e+57  8.975312e+48  4.391413e-06  4.413273e+100  1.000000e+00  1.000000e+00  1.000000e+00
8.531680e+01  5.772730e+02  9.034272e+04  1.166139e+02  8.531680e+01  1.392724e+00  1.392644e+00  8.000000e-05  1.032285e+01  1.032285e+01  6.330600e-02  5.800000e-05  1.992724e-01  2.894318e-01  2.894318e-01  7.971824e-02  1.691339e+02  2.626171e+05  1.190027e+01  1.865382e+57  8.967092e+48  4.198684e-06  4.018631e+100  1.000000e+00  1.000000e+00  1.000000e+00
8.531680e+01  5.928297e+02  9.034272e+04  1.321717e+02  8.531680e+01  1.493603e+00  1.493523e+00  8.000000e-05  1.039302e+01  1.039302e+01  6.328400e-02  5.400000e-05  2.122633e-01  3.182184e-01  3.182184e-01  7.364455e-02  1.139391e+02  2.876942e+05  1.188786e+01  2.024490e+57  8.957790e+48  3.999749e-06  3.618131e+100  1.000000e+00  1.000000e+00  1.000000e+00
8.531680e+01  6.104652e+02  9.034272e+04  1.498051e+02  8.531680e+01  1.592992e+00  1.592912e+00  8.000000e-05  1.045856e+01  1.045856e+01  6.325900e-02  5.000000e-05  2.249694e-01  3.483247e-01  3.483247e-01  6.748375e-02  7.807005e+01  3.126862e+05  1.187382e+01  2.178131e+57  8.947265e+48  3.820660e-06  3.173580e+100  1.000000e+00  1.000000e+00  1.000000e+00
8.531680e+01  6.304521e+02  9.034272e+04  1.697911e+02  8.531680e+01  1.689490e+00  1.689410e+00  8.000000e-05  1.051678e+01  1.051678e+01  6.323100e-02  4.700000e-05  2.372763e-01  3.795434e-01  3.795434e-01  6.142691e-02  5.444955e+01  3.390826e+05  1.185795e+01  2.337139e+57  8.935361e+48  3.570023e-06  2.814179e+100  1.000000e+00  1.000000e+00  1.000000e+00
8.531680e+01  6.531038e+02  9.034272e+04  1.924434e+02  8.531680e+01  1.781808e+00  1.781728e+00  8.000000e-05  1.056559e+01  1.056559e+01  6.319900e-02  4.500000e-05  2.490858e-01  4.116348e-01  4.116348e-01  5.556104e-02  3.863116e+01  3.655803e+05  1.184001e+01  2.491484e+57  8.921903e+48  3.401346e-06  2.384297e+100  1.000000e+00  1.000000e+00  1.000000e+00
8.531680e+01  6.787757e+02  9.034272e+04  2.181178e+02  8.531680e+01  1.868809e+00  1.868729e+00  8.000000e-05  1.060336e+01  1.060336e+01  6.316300e-02  4.300000e-05  2.603174e-01  4.443310e-01  4.443310e-01  5.004246e-02  2.790753e+01  3.917887e+05  1.181972e+01  2.638077e+57  8.906689e+48  3.242405e-06  1.973464e+100  1.000000e+00  1.000000e+00  1.000000e+00
8.531680e+01  7.078781e+02  9.034272e+04  2.472176e+02  8.531680e+01  1.949538e+00  1.949459e+00  8.000000e-05  1.062890e+01  1.062890e+01  6.312200e-02  4.100000e-05  2.709100e-01  4.773452e-01  4.773452e-01  4.493022e-02  2.052689e+01  4.172769e+05  1.179678e+01  2.773806e+57  8.889493e+48  3.021853e-06  1.638671e+100  1.000000e+00  1.000000e+00  1.000000e+00
8.531680e+01  7.408620e+02  9.034272e+04  2.801996e+02  8.531680e+01  2.023243e+00  2.023163e+00  8.000000e-05  1.064159e+01  1.064159e+01  6.307600e-02  3.900000e-05  2.808167e-01  5.103629e-01  5.103629e-01  4.025675e-02  1.536854e+01  4.429082e+05  1.177089e+01  2.905020e+57  8.870074e+48  2.801135e-06  1.340868e+100  1.000000e+00  1.000000e+00  1.000000e+00
8.531680e+01  7.782441e+02  9.034272e+04  3.175819e+02  8.531680e+01  2.089375e+00  2.089296e+00  7.900000e-05  1.064105e+01  1.064105e+01  6.302400e-02  3.800000e-05  2.900105e-01  5.430720e-01  5.430720e-01  3.603836e-02  1.171136e+01  4.671253e+05  1.174165e+01  3.020452e+57  8.848149e+48  2.585979e-06  1.063236e+100  1.000000e+00  1.000000e+00  1.000000e+00
8.531680e+01  8.206108e+02  9.034272e+04  3.599514e+02  8.531680e+01  2.147588e+00  2.147509e+00  7.900000e-05  1.062744e+01  1.062744e+01  6.296500e-02  3.700000e-05  2.984722e-01  5.751340e-01  5.751340e-01  3.227115e-02  9.082642e+00  4.909491e+05  1.170867e+01  3.128046e+57  8.823409e+48  2.300795e-06  8.652123e+99  1.000000e+00  1.000000e+00  1.000000e+00
8.531680e+01  8.686339e+02  9.034272e+04  4.079736e+02  8.531680e+01  2.197725e+00  2.197646e+00  7.900000e-05  1.060091e+01  1.060091e+01  6.289800e-02  3.600000e-05  3.062045e-01  6.062502e-01  6.062502e-01  2.892459e-02  7.162558e+00  5.141401e+05  1.167145e+01  3.226484e+57  8.795501e+48  2.081038e-06  6.569239e+99  1.000000e+00  1.000000e+00  1.000000e+00
8.531680e+01  9.230662e+02  9.034272e+04  4.624025e+02  8.531680e+01  2.239795e+00  2.239716e+00  7.900000e-05  1.056166e+01  1.056166e+01  6.282300e-02  3.500000e-05  3.132260e-01  6.361637e-01  6.361637e-01  2.598000e-02  5.744634e+00  5.350916e+05  1.162952e+01  3.304274e+57  8.764052e+48  1.856547e-06  4.724467e+99  1.000000e+00  1.000000e+00  1.000000e+00
8.531680e+01  9.847572e+02  9.034272e+04  5.240930e+02  8.531680e+01  2.273963e+00  2.273885e+00  7.800000e-05  1.051102e+01  1.051102e+01  6.273700e-02  3.400000e-05  3.195364e-01  6.645244e-01  6.645244e-01  2.340272e-02  4.683479e+00  5.550462e+05  1.158230e+01  3.371411e+57  8.728633e+48  1.558139e-06  3.533713e+99  1.000000e+00  1.000000e+00  1.000000e+00
8.531680e+01  1.054675e+03  9.034272e+04  5.940138e+02  8.531680e+01  2.300511e+00  2.300433e+00  7.800000e-05  1.044951e+01  1.044951e+01  6.264100e-02  3.400000e-05  3.251698e-01  6.911292e-01  6.911292e-01  2.114712e-02  3.878044e+00  5.738348e+05  1.152916e+01  3.427349e+57  8.688775e+48  1.299013e-06  2.309022e+99  1.000000e+00  1.000000e+00  1.000000e+00
8.531680e+01  1.133922e+03  9.034272e+04  6.732629e+02  8.531680e+01  2.319821e+00  2.319743e+00  7.800000e-05  1.037819e+01  1.037819e+01  6.253300e-02  3.300000e-05  3.301524e-01  7.157553e-01  7.157553e-01  1.918659e-02  3.260906e+00  5.899056e+05  1.146942e+01  3.461256e+57  8.643972e+48  9.898514e-07  1.472375e+99  1.000000e+00  1.000000e+00  1.000000e+00
8.531680e+01  1.223749e+03  9.034272e+04  7.630849e+02  8.531680e+01  2.332349e+00  2.332272e+00  7.700000e-05  1.029814e+01  1.029814e+01  6.241100e-02  3.300000e-05  3.345157e-01  7.382274e-01  7.382274e-01  1.748222e-02  2.782457e+00  6.060170e+05  1.140235e+01  3.494527e+57  8.593662e+48  6.089159e-07  9.283503e+98  1.000000e+00  1.000000e+00  1.000000e+00
8.531680e+01  1.325556e+03  9.034272e+04  8.648903e+02  8.531680e+01  2.338607e+00  2.338530e+00  7.700000e-05  1.021053e+01  1.021053e+01  6.227300e-02  3.300000e-05  3.382910e-01  7.584007e-01  7.584007e-01  1.600676e-02  2.408564e+00  6.193506e+05  1.132711e+01  3.507003e+57  8.537220e+48  2.441969e-07  2.621385e+98  1.000000e+00  1.000000e+00  1.000000e+00
8.531680e+01  1.440942e+03  9.034272e+04  9.802778e+02  8.531680e+01  2.339133e+00  2.339057e+00  7.600000e-05  1.011642e+01  1.011642e+01  6.211800e-02  3.200000e-05  3.415149e-01  7.761958e-01  7.761958e-01  1.473349e-02  2.114275e+00  6.311776e+05  1.124283e+01  3.508759e+57  8.473993e+48  -2.730160e-07  -2.015998e+98  -1.000000e+00  -1.000000e+00  1.000000e+00
8.531680e+01  1.571717e+03  9.034272e+04  1.111060e+03  8.531680e+01  2.334491e+00  2.334415e+00  7.500000e-05  1.001688e+01  1.001688e+01  6.194400e-02  3.200000e-05  3.442240e-01  7.915742e-01  7.915742e-01  1.364589e-02  1.882397e+00  6.401918e+05  1.114857e+01  3.490889e+57  8.403276e+48  -7.704589e-07  -4.367335e+98  -1.000000e+00  -1.000000e+00  1.000000e+00
8.531680e+01  1.719954e+03  9.034272e+04  1.259289e+03  8.531680e+01  2.325242e+00  2.325167e+00  7.500000e-05  9.913096e+00  9.913096e+00  6.174900e-02  3.200000e-05  3.464499e-01  8.045126e-01  8.045126e-01  1.271013e-02  1.697677e+00  6.492074e+05  1.104332e+01  3.475192e+57  8.324306e+48  -1.422764e-06  -4.335611e+98  -1.000000e+00  -1.000000e+00  1.000000e+00
8.531680e+01  1.887962e+03  9.034272e+04  1.427295e+03  8.531680e+01  2.311940e+00  2.311867e+00  7.400000e-05  9.806074e+00  9.806074e+00  6.152900e-02  3.200000e-05  3.482275e-01  8.150496e-01  8.150496e-01  1.190766e-02  1.550312e+00  6.567816e+05  1.092598e+01  3.451458e+57  8.236264e+48  -2.762514e-06  -6.116245e+98  -1.000000e+00  -1.000000e+00  1.000000e+00
8.531680e+01  2.078381e+03  9.034272e+04  1.617714e+03  8.531680e+01  2.295131e+00  2.295058e+00  7.300000e-05  9.696923e+00  9.696923e+00  6.128300e-02  3.200000e-05  3.495869e-01  8.232330e-01  8.232330e-01  1.121867e-02  1.432401e+00  6.617021e+05  1.079546e+01  3.411034e+57  8.138320e+48  -4.519251e-06  -7.350615e+98  -1.000000e+00  -1.000000e+00  1.000000e+00
8.531680e+01  2.294199e+03  9.034272e+04  1.833538e+03  8.531680e+01  2.275332e+00  2.275260e+00  7.200000e-05  9.586680e+00  9.586680e+00  6.100800e-02  3.200000e-05  3.505566e-01  8.291385e-01  8.291385e-01  1.063499e-02  1.339228e+00  6.654037e+05  1.065068e+01  3.365243e+57  8.029659e+48  -5.622782e-06  -6.544222e+98  -1.000000e+00  -1.000000e+00  1.000000e+00
8.531680e+01  2.538819e+03  9.034272e+04  2.078156e+03  8.531680e+01  2.253036e+00  2.252965e+00  7.100000e-05  9.476222e+00  9.476222e+00  6.070000e-02  3.100000e-05  3.511676e-01  8.328895e-01  8.328895e-01  1.014127e-02  1.266002e+00  6.691815e+05  1.049046e+01  3.324162e+57  7.909409e+48  -1.397525e-05  -6.094170e+98  -1.000000e+00  -1.000000e+00  1.000000e+00
8.531680e+01  2.816077e+03  9.034272e+04  2.355409e+03  8.531680e+01  2.228709e+00  2.228639e+00  7.000000e-05  9.366555e+00  9.366555e+00  6.035700e-02  3.100000e-05  3.514431e-01  8.345882e-01  8.345882e-01  9.724836e-03  1.209274e+00  6.706103e+05  1.031368e+01  3.269923e+57  7.776700e+48  -5.110725e-05  -6.266614e+98  -1.000000e+00  -1.000000e+00  1.000000e+00
8.531680e+01  3.130319e+03  9.034272e+04  2.669651e+03  8.531680e+01  2.202783e+00  2.202715e+00  6.800000e-05  9.258369e+00  9.258369e+00  5.997600e-02  3.100000e-05  3.514139e-01  8.344078e-01  8.344078e-01  9.377047e-03  1.166508e+00  6.710340e+05  1.011922e+01  3.212812e+57  7.630711e+48  -1.059701e-03  -5.667670e+98  -1.000000e+00  -1.000000e+00  1.000000e+00
8.531680e+01  3.486480e+03  9.034272e+04  3.025817e+03  8.531680e+01  2.175665e+00  2.175598e+00  6.700000e-05  9.152525e+00  9.152525e+00  5.955200e-02  3.100000e-05  3.511015e-01  8.324827e-01  8.324827e-01  9.091923e-03  1.136060e+00  6.705604e+05  9.906107e+00  3.153794e+57  7.470690e+48  4.767322e-05  -5.032374e+98  1.000000e+00  -1.000000e+00  1.000000e+00
8.531680e+01  3.890162e+03  9.034272e+04  3.429500e+03  8.531680e+01  2.147724e+00  2.147659e+00  6.500000e-05  9.049691e+00  9.049691e+00  5.908200e-02  3.000000e-05  3.505310e-01  8.289819e-01  8.289819e-01  8.863215e-03  1.116526e+00  6.692788e+05  9.673444e+00  3.093607e+57  7.295961e+48  1.884037e-05  -4.401997e+98  1.000000e+00  -1.000000e+00  1.000000e+00
8.531680e+01  4.347708e+03  9.034272e+04  3.887040e+03  8.531680e+01  2.119304e+00  2.119241e+00  6.400000e-05  8.950500e+00  8.950500e+00  5.856200e-02  3.000000e-05  3.497258e-01  8.240755e-01  8.240755e-01  8.682720e-03  1.106422e+00  6.672826e+05  9.420581e+00  3.032937e+57  7.106028e+48  1.278717e-05  -3.799869e+98  1.000000e+00  -1.000000e+00  1.000000e+00
8.531680e+01  4.866291e+03  9.034272e+04  4.405622e+03  8.531680e+01  2.090716e+00  2.090654e+00  6.200000e-05  8.855430e+00  8.855430e+00  5.799000e-02  3.000000e-05  3.487120e-01  8.179536e-01  8.179536e-01  8.546884e-03  1.105045e+00  6.646558e+05  9.147058e+00  2.972359e+57  6.900537e+48  9.342662e-06  -3.405164e+98  1.000000e+00  -1.000000e+00  1.000000e+00
8.531680e+01  5.454054e+03  9.034272e+04  4.993389e+03  8.531680e+01  2.062245e+00  2.062185e+00  6.000000e-05  8.765078e+00  8.765078e+00  5.736100e-02  2.900000e-05  3.475090e-01  8.107683e-01  8.107683e-01  8.450919e-03  1.111687e+00  6.605515e+05  8.852656e+00  2.905410e+57  6.679311e+48  7.427417e-06  -2.904291e+98  1.000000e+00  -1.000000e+00  1.000000e+00
8.531680e+01  6.120229e+03  9.034272e+04  5.659571e+03  8.531680e+01  2.034146e+00  2.034089e+00  5.800000e-05  8.679755e+00  8.679755e+00  5.667200e-02  2.800000e-05  3.461436e-01  8.027158e-01  8.027158e-01  8.391195e-03  1.125773e+00  6.569749e+05  8.537658e+00  2.846952e+57  6.442556e+48  7.443619e-06  -2.257673e+98  1.000000e+00  -1.000000e+00  1.000000e+00
8.531680e+01  6.875298e+03  9.034272e+04  6.414631e+03  8.531680e+01  2.006654e+00  2.006599e+00  5.500000e-05  8.599908e+00  8.599908e+00  5.592100e-02  2.800000e-05  3.446358e-01  7.939466e-01  7.939466e-01  8.364044e-03  1.146894e+00  6.530426e+05  8.202580e+00  2.790200e+57  6.190647e+48  6.673561e-06  -1.854270e+98  1.000000e+00  -1.000000e+00  1.000000e+00
8.531680e+01  7.731096e+03  9.034272e+04  7.270426e+03  8.531680e+01  1.979974e+00  1.979921e+00  5.300000e-05  8.525741e+00  8.525741e+00  5.510400e-02  2.700000e-05  3.430117e-01  7.846430e-01  7.846430e-01  8.364727e-03  1.174395e+00  6.488305e+05  7.848554e+00  2.735496e+57  5.924418e+48  5.698439e-06  -1.580786e+98  1.000000e+00  -1.000000e+00  1.000000e+00
8.531680e+01  8.701063e+03  9.034272e+04  8.240395e+03  8.531680e+01  1.954292e+00  1.954242e+00  5.100000e-05  8.457644e+00  8.457644e+00  5.422100e-02  2.600000e-05  3.412886e-01  7.749286e-01  7.749286e-01  8.393569e-03  1.208506e+00  6.436000e+05  7.477081e+00  2.677063e+57  5.644990e+48  5.194597e-06  -1.286519e+98  1.000000e+00  -1.000000e+00  1.000000e+00
8.531680e+01  9.800430e+03  9.034272e+04  9.339770e+03  8.531680e+01  1.929768e+00  1.929720e+00  4.800000e-05  8.395621e+00  8.395621e+00  5.326900e-02  2.500000e-05  3.394954e-01  7.649862e-01  7.649862e-01  8.444607e-03  1.248303e+00  6.390925e+05  7.090247e+00  2.627665e+57  5.353921e+48  5.267554e-06  -9.516299e+97  1.000000e+00  -1.000000e+00  1.000000e+00
8.531680e+01  1.104648e+04  9.034272e+04  1.058582e+04  8.531680e+01  1.906544e+00  1.906499e+00  4.500000e-05  8.339843e+00  8.339843e+00  5.224900e-02  2.400000e-05  3.376530e-01  7.549427e-01  7.549427e-01  8.515971e-03  1.293566e+00  6.345328e+05  6.690583e+00  2.581225e+57  5.053105e+48  4.942534e-06  -7.433576e+97  1.000000e+00  -1.000000e+00  1.000000e+00
8.531680e+01  1.245877e+04  9.034272e+04  1.199810e+04  8.531680e+01  1.884740e+00  1.884697e+00  4.200000e-05  8.290326e+00  8.290326e+00  5.116000e-02  2.300000e-05  3.357851e-01  7.449329e-01  7.449329e-01  8.605020e-03  1.343857e+00  6.299835e+05  6.281118e+00  2.537920e+57  4.744806e+48  4.367543e-06  -6.064800e+97  1.000000e+00  -1.000000e+00  1.000000e+00
8.531680e+01  1.405947e+04  9.034272e+04  1.359880e+04  8.531680e+01  1.864455e+00  1.864415e+00  4.000000e-05  8.247062e+00  8.247062e+00  5.000500e-02  2.100000e-05  3.339137e-01  7.350744e-01  7.350744e-01  8.706118e-03  1.398163e+00  6.247546e+05  5.865236e+00  2.492291e+57  4.431567e+48  4.109178e-06  -4.703005e+97  1.000000e+00  -1.000000e+00  1.000000e+00
8.531680e+01  1.587372e+04  9.034272e+04  1.541306e+04  8.531680e+01  1.845769e+00  1.845732e+00  3.700000e-05  8.209935e+00  8.209935e+00  4.878600e-02  2.000000e-05  3.320620e-01  7.254822e-01  7.254822e-01  8.820098e-03  1.456420e+00  6.204097e+05  5.446678e+00  2.455746e+57  4.116202e+48  4.184947e-06  -3.246166e+97  1.000000e+00  -1.000000e+00  1.000000e+00
8.531680e+01  1.793002e+04  9.034272e+04  1.746936e+04  8.531680e+01  1.828743e+00  1.828709e+00  3.400000e-05  8.178738e+00  8.178738e+00  4.750700e-02  1.900000e-05  3.302539e-01  7.162679e-01  7.162679e-01  8.940204e-03  1.517126e+00  6.162309e+05  5.029308e+00  2.422644e+57  3.801618e+48  3.963029e-06  -2.390333e+97  1.000000e+00  -1.000000e+00  1.000000e+00
8.531680e+01  2.025605e+04  9.034272e+04  1.979538e+04  8.531680e+01  1.813443e+00  1.813411e+00  3.100000e-05  8.153435e+00  8.153435e+00  4.617400e-02  1.700000e-05  3.285072e-01  7.075052e-01  7.075052e-01  9.064676e-03  1.579569e+00  6.122654e+05  4.617872e+00  2.392986e+57  3.491389e+48  3.857791e-06  -1.929639e+97  1.000000e+00  -1.000000e+00  1.000000e+00
1.172102e+02  1.030404e+02  9.182256e+04  1.000000e+00  1.172102e+02  9.701500e-02  9.688800e-02  1.270000e-04  1.938434e+01  1.938434e+01  7.330600e-02  1.308000e-03  7.392102e-03  7.475090e-03  7.475090e-03  1.447865e-02  4.373255e+08  1.451065e+04  1.878537e+01  1.206473e+56  1.640100e+49  6.540024e-06  1.184616e+100  1.000000e+00  1.000000e+00  0.000000e+00
1.172102e+02  1.076573e+02  9.182256e+04  1.133400e+00  1.172102e+02  1.030810e-01  1.029540e-01  1.270000e-04  1.803055e+01  1.803055e+01  7.330300e-02  1.231000e-03  8.444079e-03  8.552561e-03  8.552571e-03  1.705350e-02  2.644905e+08  1.543826e+04  1.878365e+01  1.286969e+56  1.639993e+49  6.536393e-06  1.177028e+100  1.000000e+00  1.000000e+00  0.000000e+00
1.172102e+02  1.131115e+02  9.182256e+04  1.284600e+00  1.172102e+02  1.101680e-01  1.100410e-01  1.270000e-04  1.688650e+01  1.688650e+01  7.330200e-02  1.152000e-03  9.635977e-03  9.777530e-03  9.777530e-03  2.035603e-02  1.633516e+08  1.652310e+04  1.878237e+01  1.380743e+56  1.639834e+49  6.528165e-06  1.250826e+100  1.000000e+00  1.000000e+00  0.000000e+00
1.172102e+02  1.191072e+02  9.182256e+04  1.456000e+00  1.172102e+02  1.192940e-01  1.191670e-01  1.270000e-04  1.585702e+01  1.585702e+01  7.329900e-02  1.064000e-03  1.111164e-02  1.130034e-02  1.130034e-02  2.493411e-02  9.813191e+07  1.792220e+04  1.878033e+01  1.499181e+56  1.639656e+49  6.518101e-06  1.478224e+100  1.000000e+00  1.000000e+00  0.000000e+00
1.172102e+02  1.250167e+02  9.182256e+04  1.650300e+00  1.172102e+02  1.304170e-01  1.302900e-01  1.270000e-04  1.500823e+01  1.500823e+01  7.329700e-02  9.730000e-04  1.283472e-02  1.308722e-02  1.308722e-02  3.081614e-02  5.898691e+07  1.963027e+04  1.877830e+01  1.639501e+56  1.639480e+49  6.503948e-06  1.602197e+100  1.000000e+00  1.000000e+00  0.000000e+00
1.172102e+02  1.316026e+02  9.182256e+04  1.870400e+00  1.172102e+02  1.428200e-01  1.426930e-01  1.270000e-04  1.434366e+01  1.434366e+01  7.329400e-02  8.880000e-04  1.470656e-02  1.503915e-02  1.503915e-02  3.753137e-02  3.637023e+07  2.153997e+04  1.877605e+01  1.793740e+56  1.639284e+49  6.485010e-06  1.698246e+100  1.000000e+00  1.000000e+00  0.000000e+00
1.172102e+02  1.379494e+02  9.182256e+04  2.120000e+00  1.172102e+02  1.564650e-01  1.563380e-01  1.270000e-04  1.381596e+01  1.381596e+01  7.329100e-02  8.110000e-04  1.672694e-02  1.715868e-02  1.715868e-02  4.489608e-02  2.285779e+07  2.364749e+04  1.877377e+01  1.962141e+56  1.639088e+49  6.462850e-06  1.503193e+100  1.000000e+00  1.000000e+00  0.000000e+00
1.172102e+02  1.527256e+02  9.182256e+04  2.402800e+00  1.172102e+02  1.707650e-01  1.706380e-01  1.270000e-04  1.340755e+01  1.340755e+01  7.328400e-02  7.430000e-04  1.881186e-02  1.935990e-02  1.935990e-02  5.242090e-02  1.483381e+07  2.586433e+04  1.876878e+01  2.137907e+56  1.638655e+49  6.439131e-06  2.175769e+100  1.000000e+00  1.000000e+00  0.000000e+00
1.172102e+02  1.576382e+02  9.182256e+04  2.723400e+00  1.172102e+02  1.862880e-01  1.861610e-01  1.270000e-04  1.307391e+01  1.307391e+01  7.328200e-02  6.810000e-04  2.104556e-02  2.173413e-02  2.173413e-02  6.023046e-02  9.725710e+06  2.827983e+04  1.876691e+01  2.328244e+56  1.638494e+49  6.410648e-06  2.555379e+100  1.000000e+00  1.000000e+00  0.000000e+00
1.172102e+02  1.627167e+02  9.182256e+04  3.086700e+00  1.172102e+02  2.014510e-01  2.013240e-01  1.270000e-04  1.280682e+01  1.280682e+01  7.327900e-02  6.290000e-04  2.323325e-02  2.407561e-02  2.407561e-02  6.725614e-02  6.623575e+06  3.065080e+04  1.876498e+01  2.513637e+56  1.638326e+49  6.381135e-06  2.607134e+100  1.000000e+00  1.000000e+00  0.000000e+00
1.172102e+02  1.679681e+02  9.182256e+04  3.498500e+00  1.172102e+02  2.188080e-01  2.186810e-01  1.270000e-04  1.255920e+01  1.255920e+01  7.327700e-02  5.790000e-04  2.573254e-02  2.677040e-02  2.677040e-02  7.460633e-02  4.408296e+06  3.337782e+04  1.876295e+01  2.725691e+56  1.638149e+49  6.351185e-06  2.925097e+100  1.000000e+00  1.000000e+00  0.000000e+00
1.172102e+02  1.734000e+02  9.182256e+04  3.965200e+00  1.172102e+02  2.391830e-01  2.390560e-01  1.270000e-04  1.234242e+01  1.234242e+01  7.327400e-02  5.300000e-04  2.862279e-02  2.991341e-02  2.991341e-02  8.254398e-02  2.864390e+06  3.659406e+04  1.876080e+01  2.975067e+56  1.637963e+49  6.319399e-06  3.305904e+100  1.000000e+00  1.000000e+00  0.000000e+00
1.172102e+02  1.790190e+02  9.182256e+04  4.494300e+00  1.172102e+02  2.628070e-01  2.626800e-01  1.270000e-04  1.216434e+01  1.216434e+01  7.327100e-02  4.820000e-04  3.191020e-02  3.352364e-02  3.352364e-02  9.090599e-02  1.831686e+06  4.034321e+04  1.875853e+01  3.265113e+56  1.637766e+49  6.283983e-06  3.694128e+100  1.000000e+00  1.000000e+00  0.000000e+00
1.172102e+02  1.848335e+02  9.182256e+04  5.093900e+00  1.172102e+02  2.898810e-01  2.897540e-01  1.270000e-04  1.202706e+01  1.202706e+01  7.326800e-02  4.370000e-04  3.559936e-02  3.762063e-02  3.762063e-02  9.947737e-02  1.159906e+06  4.466520e+04  1.875615e+01  3.598689e+56  1.637559e+49  6.244464e-06  4.085391e+100  1.000000e+00  1.000000e+00  0.000000e+00
1.172102e+02  1.908524e+02  9.182256e+04  5.773400e+00  1.172102e+02  3.206020e-01  3.204750e-01  1.270000e-04  1.192934e+01  1.192934e+01  7.326500e-02  3.950000e-04  3.969455e-02  4.222610e-02  4.222610e-02  1.080125e-01  7.306821e+05  4.960278e+04  1.875361e+01  3.978827e+56  1.637340e+49  6.200266e-06  4.477465e+100  1.000000e+00  1.000000e+00  0.000000e+00
1.172102e+02  1.970844e+02  9.182256e+04  6.543700e+00  1.172102e+02  3.551620e-01  3.550350e-01  1.270000e-04  1.186821e+01  1.186821e+01  7.326100e-02  3.570000e-04  4.420007e-02  4.736456e-02  4.736456e-02  1.162460e-01  4.593814e+05  5.519882e+04  1.875095e+01  4.408464e+56  1.637108e+49  6.151877e-06  4.867482e+100  1.000000e+00  1.000000e+00  0.000000e+00
1.172102e+02  2.035396e+02  9.182256e+04  7.416700e+00  1.172102e+02  3.937520e-01  3.936250e-01  1.270000e-04  1.183983e+01  1.183983e+01  7.325700e-02  3.220000e-04  4.912001e-02  5.306341e-02  5.306341e-02  1.239350e-01  2.889408e+05  6.149929e+04  1.874811e+01  4.890634e+56  1.636862e+49  6.097915e-06  5.256197e+100  1.000000e+00  1.000000e+00  0.000000e+00
1.172102e+02  2.102287e+02  9.182256e+04  8.406200e+00  1.172102e+02  4.365530e-01  4.364260e-01  1.270000e-04  1.184011e+01  1.184011e+01  7.325300e-02  2.900000e-04  5.445818e-02  5.935316e-02  5.935316e-02  1.308488e-01  1.821224e+05  6.855324e+04  1.874509e+01  5.428597e+56  1.636600e+49  6.038604e-06  5.641189e+100  1.000000e+00  1.000000e+00  0.000000e+00
1.172102e+02  2.171631e+02  9.182256e+04  9.527700e+00  1.172102e+02  4.837370e-01  4.836100e-01  1.270000e-04  1.186501e+01  1.186501e+01  7.324900e-02  2.620000e-04  6.021748e-02  6.626713e-02  6.626713e-02  1.367923e-01  1.151744e+05  7.640914e+04  1.874187e+01  6.025367e+56  1.636320e+49  5.975481e-06  5.683122e+100  1.000000e+00  1.000000e+00  0.000000e+00
1.172102e+02  4.714565e+02  9.182256e+04  1.079880e+01  1.172102e+02  5.187290e-01  5.186030e-01  1.260000e-04  1.187431e+01  1.187431e+01  7.314500e-02  2.430000e-04  6.452294e-02  7.152513e-02  7.152513e-02  1.413918e-01  8.428711e+04  8.228781e+04  1.866169e+01  6.470263e+56  1.629356e+49  5.912813e-06  8.732445e+100  1.000000e+00  1.000000e+00  1.000000e+00
1.172102e+02  4.728972e+02  9.182256e+04  1.223950e+01  1.172102e+02  5.334150e-01  5.332890e-01  1.260000e-04  1.184905e+01  1.184905e+01  7.314200e-02  2.360000e-04  6.649112e-02  7.395480e-02  7.395480e-02  1.441292e-01  7.393364e+04  8.477870e+04  1.865990e+01  6.657557e+56  1.629200e+49  6.561909e-06  1.986233e+100  1.000000e+00  1.000000e+00  1.000000e+00
1.172102e+02  4.745300e+02  9.182256e+04  1.387240e+01  1.172102e+02  5.227640e-01  5.226380e-01  1.260000e-04  1.174238e+01  1.174238e+01  7.314000e-02  2.410000e-04  6.575533e-02  7.304455e-02  7.304455e-02  1.423586e-01  7.720335e+04  8.303098e+04  1.865788e+01  6.519214e+56  1.629025e+49  6.227205e-06  -5.000957e+100  1.000000e+00  -1.000000e+00  1.000000e+00
1.172102e+02  4.763807e+02  9.182256e+04  1.572320e+01  1.172102e+02  5.140560e-01  5.139300e-01  1.260000e-04  1.159185e+01  1.159185e+01  7.313700e-02  2.450000e-04  6.549976e-02  7.272892e-02  7.272892e-02  1.387978e-01  7.675352e+04  8.165576e+04  1.865560e+01  6.404397e+56  1.628826e+49  7.679207e-06  -3.076582e+100  1.000000e+00  -1.000000e+00  1.000000e+00
1.172102e+02  4.784787e+02  9.182256e+04  1.782080e+01  1.172102e+02  5.095450e-01  5.094180e-01  1.260000e-04  1.140660e+01  1.140660e+01  7.313300e-02  2.470000e-04  6.597927e-02  7.332134e-02  7.332134e-02  1.342035e-01  7.155302e+04  8.110668e+04  1.865300e+01  6.347882e+56  1.628601e+49  -9.856692e-06  -8.229457e+99  -1.000000e+00  -1.000000e+00  1.000000e+00
1.172102e+02  4.808563e+02  9.182256e+04  2.019840e+01  1.172102e+02  5.107090e-01  5.105830e-01  1.260000e-04  1.119534e+01  1.119534e+01  7.312900e-02  2.470000e-04  6.737802e-02  7.505506e-02  7.505506e-02  1.290657e-01  6.196267e+04  8.149682e+04  1.865007e+01  6.358605e+56  1.628346e+49  3.365705e-06  1.360609e+100  1.000000e+00  1.000000e+00  1.000000e+00
1.172102e+02  4.835509e+02  9.182256e+04  2.289310e+01  1.172102e+02  5.189130e-01  5.187870e-01  1.260000e-04  1.096995e+01  1.096995e+01  7.312500e-02  2.430000e-04  6.986698e-02  7.816099e-02  7.816099e-02  1.239687e-01  4.964352e+04  8.314655e+04  1.864674e+01  6.460777e+56  1.628057e+49  5.202626e-06  3.373713e+100  1.000000e+00  1.000000e+00  1.000000e+00
1.172102e+02  4.866048e+02  9.182256e+04  2.594730e+01  1.172102e+02  5.352970e-01  5.351710e-01  1.260000e-04  1.074484e+01  1.074484e+01  7.312000e-02  2.350000e-04  7.358281e-02  8.284838e-02  8.284838e-02  1.193715e-01  3.688460e+04  8.606734e+04  1.864297e+01  6.655359e+56  1.627730e+49  5.535053e-06  5.254534e+100  1.000000e+00  1.000000e+00  1.000000e+00
1.172102e+02  4.900671e+02  9.182256e+04  2.940900e+01  1.172102e+02  5.608140e-01  5.606880e-01  1.260000e-04  1.053620e+01  1.053620e+01  7.311400e-02  2.250000e-04  7.861691e-02  8.929736e-02  8.929736e-02  1.155374e-01  2.564779e+04  9.077923e+04  1.863871e+01  6.980728e+56  1.627359e+49  5.389140e-06  7.064181e+100  1.000000e+00  1.000000e+00  1.000000e+00
1.172102e+02  4.939909e+02  9.182256e+04  3.333260e+01  1.172102e+02  5.958840e-01  5.957580e-01  1.260000e-04  1.035682e+01  1.035682e+01  7.310800e-02  2.110000e-04  8.498005e-02  9.761621e-02  9.761621e-02  1.125405e-01  1.692906e+04  9.733134e+04  1.863387e+01  7.439676e+56  1.626938e+49  5.357462e-06  8.369091e+100  1.000000e+00  1.000000e+00  1.000000e+00
1.172102e+02  4.984378e+02  9.182256e+04  3.777960e+01  1.172102e+02  6.406970e-01  6.405720e-01  1.260000e-04  1.021527e+01  1.021527e+01  7.310100e-02  1.960000e-04  9.263703e-02  1.078838e-01  1.078838e-01  1.102852e-01  1.077712e+04  1.056862e+05  1.862838e+01  8.027856e+56  1.626462e+49  5.408431e-06  9.127607e+100  1.000000e+00  1.000000e+00  1.000000e+00
1.172102e+02  5.034775e+02  9.182256e+04  4.281980e+01  1.172102e+02  6.951040e-01  6.949780e-01  1.260000e-04  1.011473e+01  1.011473e+01  7.309300e-02  1.810000e-04  1.015026e-01  1.201399e-01  1.201399e-01  1.085240e-01  6.714954e+03  1.156477e+05  1.862217e+01  8.728284e+56  1.625922e+49  5.327807e-06  9.764956e+100  1.000000e+00  1.000000e+00  1.000000e+00
1.172102e+02  5.091908e+02  9.182256e+04  4.853260e+01  1.172102e+02  7.587050e-01  7.585790e-01  1.260000e-04  1.005410e+01  1.005410e+01  7.308400e-02  1.660000e-04  1.114581e-01  1.343996e-01  1.343996e-01  1.069132e-01  4.143645e+03  1.279683e+05  1.861514e+01  9.594756e+56  1.625311e+49  5.216549e-06  1.007853e+101  1.000000e+00  1.000000e+00  1.000000e+00
1.172102e+02  5.156662e+02  9.182256e+04  5.500740e+01  1.172102e+02  8.308840e-01  8.307580e-01  1.260000e-04  1.002959e+01  1.002959e+01  7.307300e-02  1.510000e-04  1.223598e-01  1.506570e-01  1.506570e-01  1.050805e-01  2.554085e+03  1.416464e+05  1.860716e+01  1.054891e+57  1.624619e+49  5.114383e-06  1.012523e+101  1.000000e+00  1.000000e+00  1.000000e+00
1.172102e+02  5.230050e+02  9.182256e+04  6.234610e+01  1.172102e+02  9.108390e-01  9.107130e-01  1.260000e-04  1.003589e+01  1.003589e+01  7.306100e-02  1.380000e-04  1.340501e-01  1.688915e-01  1.688915e-01  1.027256e-01  1.582174e+03  1.578931e+05  1.859814e+01  1.167783e+57  1.623835e+49  4.947636e-06  1.003631e+101  1.000000e+00  1.000000e+00  1.000000e+00
1.172102e+02  5.313221e+02  9.182256e+04  7.066390e+01  1.172102e+02  9.975930e-01  9.974670e-01  1.260000e-04  1.006679e+01  1.006679e+01  7.304800e-02  1.260000e-04  1.463672e-01  1.890736e-01  1.890736e-01  9.965304e-02  9.889626e+02  1.753280e+05  1.858792e+01  1.287405e+57  1.622946e+49  4.869575e-06  9.557560e+100  1.000000e+00  1.000000e+00  1.000000e+00
1.172102e+02  5.407496e+02  9.182256e+04  8.009140e+01  1.172102e+02  1.090004e+00  1.089879e+00  1.260000e-04  1.011604e+01  1.011604e+01  7.303300e-02  1.150000e-04  1.591473e-01  2.111602e-01  2.111602e-01  9.577165e-02  6.253884e+02  1.947791e+05  1.857635e+01  1.419529e+57  1.621941e+49  4.710688e-06  9.093739e+100  1.000000e+00  1.000000e+00  1.000000e+00
1.172102e+02  5.514360e+02  9.182256e+04  9.077660e+01  1.172102e+02  1.186795e+00  1.186669e+00  1.250000e-04  1.017787e+01  1.017787e+01  7.301600e-02  1.060000e-04  1.722266e-01  2.350888e-01  2.350888e-01  9.114443e-02  4.009930e+02  2.155152e+05  1.856324e+01  1.558215e+57  1.620802e+49  4.565126e-06  8.468617e+100  1.000000e+00  1.000000e+00  1.000000e+00
1.172102e+02  5.635472e+02  9.182256e+04  1.028874e+02  1.172102e+02  1.286565e+00  1.286440e+00  1.250000e-04  1.024701e+01  1.024701e+01  7.299600e-02  9.700000e-05  1.854455e-01  2.607734e-01  2.607734e-01  8.580804e-02  2.608284e+02  2.379139e+05  1.854842e+01  1.705809e+57  1.619514e+49  4.352153e-06  7.888827e+100  1.000000e+00  1.000000e+00  1.000000e+00
1.172102e+02  5.772730e+02  9.182256e+04  1.166139e+02  1.172102e+02  1.387847e+00  1.387721e+00  1.250000e-04  1.031889e+01  1.031889e+01  7.297400e-02  9.000000e-05  1.986508e-01  2.881012e-01  2.881012e-01  8.000666e-02  1.724182e+02  2.617825e+05  1.853164e+01  1.860392e+57  1.618056e+49  4.213306e-06  7.099017e+100  1.000000e+00  1.000000e+00  1.000000e+00
1.172102e+02  5.928297e+02  9.182256e+04  1.321717e+02  1.172102e+02  1.489133e+00  1.489008e+00  1.250000e-04  1.038954e+01  1.038954e+01  7.294900e-02  8.400000e-05  2.116991e-01  3.169280e-01  3.169280e-01  7.394159e-02  1.159316e+02  2.859971e+05  1.851264e+01  2.013146e+57  1.616405e+49  4.024945e-06  6.351386e+100  1.000000e+00  1.000000e+00  1.000000e+00
1.172102e+02  6.104652e+02  9.182256e+04  1.498051e+02  1.172102e+02  1.588943e+00  1.588818e+00  1.250000e-04  1.045560e+01  1.045560e+01  7.292100e-02  7.900000e-05  2.244609e-01  3.470801e-01  3.470801e-01  6.773774e-02  7.925633e+01  3.118804e+05  1.849114e+01  2.173560e+57  1.614538e+49  3.763271e-06  5.733810e+100  1.000000e+00  1.000000e+00  1.000000e+00
1.172102e+02  6.304521e+02  9.182256e+04  1.697911e+02  1.172102e+02  1.685859e+00  1.685734e+00  1.250000e-04  1.051432e+01  1.051432e+01  7.288900e-02  7.400000e-05  2.368218e-01  3.783516e-01  3.783516e-01  6.163577e-02  5.516138e+01  3.382989e+05  1.846683e+01  2.332830e+57  1.612425e+49  3.655622e-06  4.856911e+100  1.000000e+00  1.000000e+00  1.000000e+00
1.172102e+02  6.531038e+02  9.182256e+04  1.924434e+02  1.172102e+02  1.778588e+00  1.778463e+00  1.250000e-04  1.056370e+01  1.056370e+01  7.285300e-02  7.000000e-05  2.486800e-01  4.104947e-01  4.104947e-01  5.576299e-02  3.908892e+01  3.637515e+05  1.843934e+01  2.479434e+57  1.610037e+49  3.428253e-06  4.184609e+100  1.000000e+00  1.000000e+00  1.000000e+00
1.172102e+02  6.787757e+02  9.182256e+04  2.181178e+02  1.172102e+02  1.865985e+00  1.865860e+00  1.240000e-04  1.060199e+01  1.060199e+01  7.281200e-02  6.700000e-05  2.599574e-01  4.432476e-01  4.432476e-01  5.022082e-02  2.820190e+01  3.910853e+05  1.840827e+01  2.634536e+57  1.607337e+49  3.186944e-06  3.599053e+100  1.000000e+00  1.000000e+00  1.000000e+00
1.172102e+02  7.078781e+02  9.182256e+04  2.472176e+02  1.172102e+02  1.947088e+00  1.946964e+00  1.240000e-04  1.062801e+01  1.062801e+01  7.276600e-02  6.400000e-05  2.705922e-01  4.763214e-01  4.763214e-01  4.508281e-02  2.071799e+01  4.166121e+05  1.837316e+01  2.770625e+57  1.604287e+49  3.031189e-06  2.896278e+100  1.000000e+00  1.000000e+00  1.000000e+00
1.172102e+02  7.408620e+02  9.182256e+04  2.801996e+02  1.172102e+02  2.021145e+00  2.021021e+00  1.240000e-04  1.064113e+01  1.064113e+01  7.271300e-02  6.100000e-05  2.805377e-01  5.094024e-01  5.094024e-01  4.039832e-02  1.549947e+01  4.422875e+05  1.833352e+01  2.902234e+57  1.600842e+49  2.810043e-06  2.370312e+100  1.000000e+00  1.000000e+00  1.000000e+00
1.172102e+02  7.782441e+02  9.182256e+04  3.175819e+02  1.172102e+02  2.087603e+00  2.087479e+00  1.240000e-04  1.064101e+01  1.064101e+01  7.265400e-02  5.900000e-05  2.897656e-01  5.421730e-01  5.421730e-01  3.614979e-02  1.179728e+01  4.665437e+05  1.828874e+01  3.017991e+57  1.596951e+49  2.594454e-06  1.880171e+100  1.000000e+00  1.000000e+00  1.000000e+00
1.172102e+02  8.206108e+02  9.182256e+04  3.599514e+02  1.172102e+02  2.146112e+00  2.145989e+00  1.230000e-04  1.062765e+01  1.062765e+01  7.258700e-02  5.700000e-05  2.982611e-01  5.743098e-01  5.743098e-01  3.237021e-02  9.142615e+00  4.904115e+05  1.823823e+01  3.125947e+57  1.592561e+49  2.308805e-06  1.530394e+100  1.000000e+00  1.000000e+00  1.000000e+00
1.172102e+02  8.686339e+02  9.182256e+04  4.079736e+02  1.172102e+02  2.196517e+00  2.196394e+00  1.230000e-04  1.060132e+01  1.060132e+01  7.251100e-02  5.600000e-05  3.060247e-01  6.055055e-01  6.055055e-01  2.900348e-02  7.204044e+00  5.136393e+05  1.818125e+01  3.224680e+57  1.587610e+49  2.088078e-06  1.162664e+100  1.000000e+00  1.000000e+00  1.000000e+00
1.172102e+02  9.230662e+02  9.182256e+04  4.624025e+02  1.172102e+02  2.238830e+00  2.238707e+00  1.220000e-04  1.056254e+01  1.056254e+01  7.242600e-02  5.500000e-05  3.130648e-01  6.354582e-01  6.354582e-01  2.604617e-02  5.774101e+00  5.346493e+05  1.811703e+01  3.302909e+57  1.582030e+49  1.863219e-06  8.370371e+99  1.000000e+00  1.000000e+00  1.000000e+00
1.172102e+02  9.847572e+02  9.182256e+04  5.240930e+02  1.172102e+02  2.273212e+00  2.273090e+00  1.220000e-04  1.051207e+01  1.051207e+01  7.232900e-02  5.400000e-05  3.193988e-01  6.638902e-01  6.638902e-01  2.346019e-02  4.705144e+00  5.546414e+05  1.804471e+01  3.370317e+57  1.575745e+49  1.565093e-06  6.261098e+99  1.000000e+00  1.000000e+00  1.000000e+00
1.172102e+02  1.054675e+03  9.182256e+04  5.940138e+02  1.172102e+02  2.299951e+00  2.299830e+00  1.210000e-04  1.045087e+01  1.045087e+01  7.222100e-02  5.300000e-05  3.250482e-01  6.905415e-01  6.905415e-01  2.119314e-02  3.893722e+00  5.734811e+05  1.796331e+01  3.426614e+57  1.568670e+49  1.306168e-06  4.097321e+99  1.000000e+00  1.000000e+00  1.000000e+00
1.172102e+02  1.133922e+03  9.182256e+04  6.732629e+02  1.172102e+02  2.319429e+00  2.319308e+00  1.210000e-04  1.037965e+01  1.037965e+01  7.209800e-02  5.200000e-05  3.300503e-01  7.152395e-01  7.152395e-01  1.922342e-02  3.272194e+00  5.895857e+05  1.787177e+01  3.460739e+57  1.560714e+49  9.972987e-07  2.615819e+99  1.000000e+00  1.000000e+00  1.000000e+00
1.172102e+02  1.223749e+03  9.182256e+04  7.630849e+02  1.172102e+02  2.332104e+00  2.331984e+00  1.200000e-04  1.029979e+01  1.029979e+01  7.195900e-02  5.100000e-05  3.344267e-01  7.377600e-01  7.377600e-01  1.751531e-02  2.791399e+00  6.057433e+05  1.776895e+01  3.494309e+57  1.551778e+49  6.164966e-07  1.653664e+99  1.000000e+00  1.000000e+00  1.000000e+00
1.172102e+02  1.325556e+03  9.182256e+04  8.648903e+02  1.172102e+02  2.338486e+00  2.338367e+00  1.190000e-04  1.021222e+01  1.021222e+01  7.180300e-02  5.100000e-05  3.382175e-01  7.580016e-01  7.580016e-01  1.603503e-02  2.415425e+00  6.191072e+05  1.765360e+01  3.506958e+57  1.541753e+49  2.529678e-07  4.727614e+98  1.000000e+00  1.000000e+00  1.000000e+00
1.172102e+02  1.440942e+03  9.182256e+04  9.802778e+02  1.172102e+02  2.339122e+00  2.339004e+00  1.180000e-04  1.011816e+01  1.011816e+01  7.162700e-02  5.100000e-05  3.414546e-01  7.758580e-01  7.758580e-01  1.475613e-02  2.119440e+00  6.309672e+05  1.752438e+01  3.508894e+57  1.530520e+49  -2.623940e-07  -3.472704e+98  -1.000000e+00  -1.000000e+00  1.000000e+00
1.172102e+02  1.571717e+03  9.182256e+04  1.111060e+03  1.172102e+02  2.334571e+00  2.334454e+00  1.170000e-04  1.001866e+01  1.001866e+01  7.143000e-02  5.000000e-05  3.441750e-01  7.912921e-01  7.912921e-01  1.366471e-02  1.886334e+00  6.400094e+05  1.737981e+01  3.491159e+57  1.517952e+49  -7.583545e-07  -7.636266e+98  -1.000000e+00  -1.000000e+00  1.000000e+00
1.172102e+02  1.719954e+03  9.182256e+04  1.259289e+03  1.172102e+02  2.325399e+00  2.325283e+00  1.160000e-04  9.914926e+00  9.914926e+00  7.120800e-02  5.000000e-05  3.464094e-01  8.042749e-01  8.042749e-01  1.272631e-02  1.700812e+00  6.490583e+05  1.721835e+01  3.475631e+57  1.503915e+49  -1.409326e-06  -7.592505e+98  -1.000000e+00  -1.000000e+00  1.000000e+00
1.172102e+02  1.887962e+03  9.182256e+04  1.427295e+03  1.172102e+02  2.312162e+00  2.312047e+00  1.150000e-04  9.807894e+00  9.807894e+00  7.095900e-02  5.000000e-05  3.481964e-01  8.148633e-01  8.148633e-01  1.192120e-02  1.552773e+00  6.566584e+05  1.703831e+01  3.452007e+57  1.488263e+49  -2.740712e-06  -1.075949e+99  -1.000000e+00  -1.000000e+00  1.000000e+00
1.172102e+02  2.078381e+03  9.182256e+04  1.617714e+03  1.172102e+02  2.295404e+00  2.295291e+00  1.140000e-04  9.698721e+00  9.698721e+00  7.068000e-02  5.000000e-05  3.495637e-01  8.230926e-01  8.230926e-01  1.123062e-02  1.434427e+00  6.616013e+05  1.683805e+01  3.411661e+57  1.470850e+49  -4.485398e-06  -1.295349e+99  -1.000000e+00  -1.000000e+00  1.000000e+00
1.172102e+02  2.294199e+03  9.182256e+04  1.833538e+03  1.172102e+02  2.275647e+00  2.275535e+00  1.120000e-04  9.588428e+00  9.588428e+00  7.036800e-02  4.900000e-05  3.505412e-01  8.290446e-01  8.290446e-01  1.064567e-02  1.340889e+00  6.653226e+05  1.661575e+01  3.365923e+57  1.451520e+49  -5.577248e-06  -1.153162e+99  -1.000000e+00  -1.000000e+00  1.000000e+00
1.172102e+02  2.538819e+03  9.182256e+04  2.078156e+03  1.172102e+02  2.253384e+00  2.253273e+00  1.110000e-04  9.478000e+00  9.478000e+00  7.001900e-02  4.900000e-05  3.511560e-01  8.328182e-01  8.328182e-01  1.014848e-02  1.267099e+00  6.691279e+05  1.636969e+01  3.324956e+57  1.430120e+49  -1.379230e-05  -1.074263e+99  -1.000000e+00  -1.000000e+00  1.000000e+00
1.172102e+02  2.816077e+03  9.182256e+04  2.355409e+03  1.172102e+02  2.229080e+00  2.228972e+00  1.090000e-04  9.368274e+00  9.368274e+00  6.962900e-02  4.900000e-05  3.514372e-01  8.345519e-01  8.345519e-01  9.731191e-03  1.210118e+00  6.705740e+05  1.609804e+01  3.270751e+57  1.406494e+49  -4.918636e-05  -1.106238e+99  -1.000000e+00  -1.000000e+00  1.000000e+00
1.172102e+02  3.130319e+03  9.182256e+04  2.669651e+03  1.172102e+02  2.203171e+00  2.203064e+00  1.070000e-04  9.260024e+00  9.260024e+00  6.919600e-02  4.800000e-05  3.514129e-01  8.344016e-01  8.344016e-01  9.382850e-03  1.167226e+00  6.710133e+05  1.579918e+01  3.213663e+57  1.380495e+49  -2.221903e-03  -1.001169e+99  -1.000000e+00  -1.000000e+00  1.000000e+00
1.172102e+02  3.486480e+03  9.182256e+04  3.025817e+03  1.172102e+02  2.176061e+00  2.175956e+00  1.050000e-04  9.154088e+00  9.154088e+00  6.871400e-02  4.800000e-05  3.511055e-01  8.325069e-01  8.325069e-01  9.095652e-03  1.136460e+00  6.705508e+05  1.547140e+01  3.154634e+57  1.351978e+49  4.879231e-05  -8.891202e+98  1.000000e+00  -1.000000e+00  1.000000e+00
1.172102e+02  3.890162e+03  9.182256e+04  3.429500e+03  1.172102e+02  2.148125e+00  2.148023e+00  1.020000e-04  9.051238e+00  9.051238e+00  6.818000e-02  4.800000e-05  3.505364e-01  8.290151e-01  8.290151e-01  8.866485e-03  1.116849e+00  6.692878e+05  1.511336e+01  3.094497e+57  1.320823e+49  1.905643e-05  -7.784567e+98  1.000000e+00  -1.000000e+00  1.000000e+00
1.172102e+02  4.347708e+03  9.182256e+04  3.887040e+03  1.172102e+02  2.119700e+00  2.119601e+00  9.900000e-05  8.951837e+00  8.951837e+00  6.758900e-02  4.700000e-05  3.497389e-01  8.241549e-01  8.241549e-01  8.684901e-03  1.106506e+00  6.672893e+05  1.472404e+01  3.033722e+57  1.286939e+49  1.279842e-05  -6.726068e+98  1.000000e+00  -1.000000e+00  1.000000e+00
1.172102e+02  4.866291e+03  9.182256e+04  4.405622e+03  1.172102e+02  2.091106e+00  2.091009e+00  9.700000e-05  8.856719e+00  8.856719e+00  6.693800e-02  4.600000e-05  3.487264e-01  8.180398e-01  8.180398e-01  8.548604e-03  1.105045e+00  6.646758e+05  1.430252e+01  2.973160e+57  1.250247e+49  9.384741e-06  -6.025937e+98  1.000000e+00  -1.000000e+00  1.000000e+00
1.172102e+02  5.454054e+03  9.182256e+04  4.993389e+03  1.172102e+02  2.062624e+00  2.062530e+00  9.400000e-05  8.766256e+00  8.766256e+00  6.622200e-02  4.500000e-05  3.475261e-01  8.108700e-01  8.108700e-01  8.452165e-03  1.111577e+00  6.605760e+05  1.384863e+01  2.906165e+57  1.210727e+49  7.445568e-06  -5.143284e+98  1.000000e+00  -1.000000e+00  1.000000e+00
1.172102e+02  6.120229e+03  9.182256e+04  5.659571e+03  1.172102e+02  2.034512e+00  2.034421e+00  9.000000e-05  8.680880e+00  8.680880e+00  6.543800e-02  4.400000e-05  3.461609e-01  8.028172e-01  8.028172e-01  8.392092e-03  1.125601e+00  6.570089e+05  1.336247e+01  2.847704e+57  1.168389e+49  7.458011e-06  -4.000858e+98  1.000000e+00  -1.000000e+00  1.000000e+00
1.172102e+02  6.875298e+03  9.182256e+04  6.414631e+03  1.172102e+02  2.007001e+00  2.006914e+00  8.700000e-05  8.600878e+00  8.600878e+00  6.458200e-02  4.300000e-05  3.446565e-01  7.940663e-01  7.940663e-01  8.363259e-03  1.146441e+00  6.530754e+05  1.284499e+01  2.790872e+57  1.123312e+49  6.683411e-06  -3.287954e+98  1.000000e+00  -1.000000e+00  1.000000e+00
1.172102e+02  7.731096e+03  9.182256e+04  7.270426e+03  1.172102e+02  1.980302e+00  1.980219e+00  8.300000e-05  8.526699e+00  8.526699e+00  6.365200e-02  4.200000e-05  3.430301e-01  7.847475e-01  7.847475e-01  8.363608e-03  1.173907e+00  6.488732e+05  1.229766e+01  2.736179e+57  1.075621e+49  5.710124e-06  -2.804292e+98  1.000000e+00  -1.000000e+00  1.000000e+00
1.172102e+02  8.701063e+03  9.182256e+04  8.240395e+03  1.172102e+02  1.954598e+00  1.954518e+00  7.900000e-05  8.458442e+00  8.458442e+00  6.264400e-02  4.100000e-05  3.413097e-01  7.750468e-01  7.750468e-01  8.393017e-03  1.208064e+00  6.436382e+05  1.172282e+01  2.677655e+57  1.025520e+49  5.198235e-06  -2.285308e+98  1.000000e+00  -1.000000e+00  1.000000e+00
1.172102e+02  9.800430e+03  9.182256e+04  9.339770e+03  1.172102e+02  1.930051e+00  1.929976e+00  7.500000e-05  8.396329e+00  8.396329e+00  6.155800e-02  3.900000e-05  3.395165e-01  7.651021e-01  7.651022e-01  8.443937e-03  1.247813e+00  6.391320e+05  1.112355e+01  2.628214e+57  9.732741e+48  5.271690e-06  -1.691242e+98  1.000000e+00  -1.000000e+00  1.000000e+00
1.172102e+02  1.104648e+04  9.182256e+04  1.058582e+04  1.172102e+02  1.906802e+00  1.906731e+00  7.100000e-05  8.340422e+00  8.340422e+00  6.039300e-02  3.700000e-05  3.376753e-01  7.550629e-01  7.550629e-01  8.515101e-03  1.293038e+00  6.345693e+05  1.050374e+01  2.581703e+57  9.192195e+48  4.945373e-06  -1.322278e+98  1.000000e+00  -1.000000e+00  1.000000e+00
1.172102e+02  1.245877e+04  9.182256e+04  1.199810e+04  1.172102e+02  1.884973e+00  1.884907e+00  6.700000e-05  8.290816e+00  8.290816e+00  5.914900e-02  3.500000e-05  3.358069e-01  7.450485e-01  7.450485e-01  8.602393e-03  1.343021e+00  6.300190e+05  9.867958e+00  2.538349e+57  8.637538e+48  4.371347e-06  -1.079269e+98  1.000000e+00  -1.000000e+00  1.000000e+00
1.172102e+02  1.405947e+04  9.182256e+04  1.359880e+04  1.172102e+02  1.864664e+00  1.864601e+00  6.200000e-05  8.247475e+00  8.247475e+00  5.782800e-02  3.300000e-05  3.339344e-01  7.351823e-01  7.351823e-01  8.704788e-03  1.397533e+00  6.247886e+05  9.221454e+00  2.492672e+57  8.073334e+48  4.112183e-06  -8.376548e+97  1.000000e+00  -1.000000e+00  1.000000e+00
1.172102e+02  1.587372e+04  9.182256e+04  1.541306e+04  1.172102e+02  1.845954e+00  1.845896e+00  5.800000e-05  8.210252e+00  8.210252e+00  5.643300e-02  3.100000e-05  3.320825e-01  7.255876e-01  7.255876e-01  8.818692e-03  1.455737e+00  6.204412e+05  8.569963e+00  2.456078e+57  7.504568e+48  4.187949e-06  -5.787563e+97  1.000000e+00  -1.000000e+00  1.000000e+00
1.172102e+02  1.793002e+04  9.182256e+04  1.746936e+04  1.172102e+02  1.828903e+00  1.828850e+00  5.400000e-05  8.179003e+00  8.179003e+00  5.496700e-02  2.900000e-05  3.302722e-01  7.163603e-01  7.163603e-01  8.939140e-03  1.516550e+00  6.162600e+05  7.919487e+00  2.422931e+57  6.936486e+48  3.967283e-06  -4.263747e+97  1.000000e+00  -1.000000e+00  1.000000e+00
1.172102e+02  2.025605e+04  9.182256e+04  1.979538e+04  1.172102e+02  1.813582e+00  1.813533e+00  4.900000e-05  8.153672e+00  8.153672e+00  5.344000e-02  2.700000e-05  3.285228e-01  7.075831e-01  7.075831e-01  9.062617e-03  1.578817e+00  6.122944e+05  7.277403e+00  2.393252e+57  6.375519e+48  3.862997e-06  -3.443816e+97  1.000000e+00  -1.000000e+00  1.000000e+00
1.610262e+02  1.030404e+02  9.333866e+04  1.000000e+00  1.610262e+02  9.102200e-02  9.082500e-02  1.970000e-04  2.130752e+01  2.130752e+01  8.446800e-02  2.168000e-03  6.309518e-03  6.369868e-03  6.369868e-03  1.232980e-02  8.220398e+08  1.358469e+04  2.922628e+01  1.125761e+56  2.958568e+49  6.542507e-06  1.861459e+100  1.000000e+00  1.000000e+00  0.000000e+00
1.610262e+02  1.076573e+02  9.333866e+04  1.133400e+00  1.610262e+02  9.642000e-02  9.622300e-02  1.970000e-04  1.950520e+01  1.950520e+01  8.446700e-02  2.046000e-03  7.301260e-03  7.382209e-03  7.382209e-03  1.424255e-02  4.576215e+08  1.440971e+04  2.922484e+01  1.197816e+56  2.958410e+49  6.541356e-06  1.875074e+100  1.000000e+00  1.000000e+00  0.000000e+00
1.610262e+02  1.131115e+02  9.333866e+04  1.284600e+00  1.610262e+02  1.029380e-01  1.027410e-01  1.970000e-04  1.802916e+01  1.802916e+01  8.446400e-02  1.916000e-03  8.432991e-03  8.541185e-03  8.541186e-03  1.697983e-02  2.654195e+08  1.540635e+04  2.922194e+01  1.284308e+56  2.958117e+49  6.536161e-06  1.955842e+100  1.000000e+00  1.000000e+00  0.000000e+00
1.610262e+02  1.191072e+02  9.333866e+04  1.456000e+00  1.610262e+02  1.106470e-01  1.104500e-01  1.970000e-04  1.680108e+01  1.680108e+01  8.446100e-02  1.783000e-03  9.727127e-03  9.871393e-03  9.871393e-03  2.058131e-02  1.575641e+08  1.658664e+04  2.921888e+01  1.386232e+56  2.957808e+49  6.527786e-06  2.326089e+100  1.000000e+00  1.000000e+00  0.000000e+00
1.610262e+02  1.250167e+02  9.333866e+04  1.650300e+00  1.610262e+02  1.207010e-01  1.205040e-01  1.970000e-04  1.571742e+01  1.571742e+01  8.445800e-02  1.634000e-03  1.134256e-02  1.153926e-02  1.153926e-02  2.565345e-02  9.109630e+07  1.812799e+04  2.921568e+01  1.516145e+56  2.957487e+49  6.516706e-06  2.678756e+100  1.000000e+00  1.000000e+00  0.000000e+00
1.610262e+02  1.316026e+02  9.333866e+04  1.870400e+00  1.610262e+02  1.327520e-01  1.325550e-01  1.970000e-04  1.485482e+01  1.485482e+01  8.445400e-02  1.486000e-03  1.319942e-02  1.346664e-02  1.346664e-02  3.205685e-02  5.334011e+07  1.997928e+04  2.921225e+01  1.667690e+56  2.957142e+49  6.500385e-06  2.941196e+100  1.000000e+00  1.000000e+00  0.000000e+00
1.610262e+02  1.379494e+02  9.333866e+04  2.120000e+00  1.610262e+02  1.461860e-01  1.459890e-01  1.970000e-04  1.418924e+01  1.418924e+01  8.445100e-02  1.349000e-03  1.521700e-02  1.557339e-02  1.557339e-02  3.933242e-02  3.213756e+07  2.204923e+04  2.920875e+01  1.834422e+56  2.956791e+49  6.479482e-06  2.613478e+100  1.000000e+00  1.000000e+00  0.000000e+00
1.610262e+02  1.527256e+02  9.333866e+04  2.402800e+00  1.610262e+02  1.603360e-01  1.601390e-01  1.970000e-04  1.368660e+01  1.368660e+01  8.444400e-02  1.230000e-03  1.730286e-02  1.776530e-02  1.776530e-02  4.692467e-02  2.017063e+07  2.423689e+04  2.920121e+01  2.008842e+56  2.956026e+49  6.456365e-06  3.810117e+100  1.000000e+00  1.000000e+00  0.000000e+00
1.610262e+02  1.576382e+02  9.333866e+04  2.723400e+00  1.610262e+02  1.758060e-01  1.756090e-01  1.970000e-04  1.328303e+01  1.328303e+01  8.444100e-02  1.121000e-03  1.954870e-02  2.014126e-02  2.014127e-02  5.496216e-02  1.283460e+07  2.663773e+04  2.919820e+01  2.198817e+56  2.955733e+49  6.430143e-06  4.653943e+100  1.000000e+00  1.000000e+00  0.000000e+00
1.610262e+02  1.627167e+02  9.333866e+04  3.086700e+00  1.610262e+02  1.921590e-01  1.919620e-01  1.970000e-04  1.296077e+01  1.296077e+01  8.443800e-02  1.026000e-03  2.189835e-02  2.264496e-02  2.264496e-02  6.298827e-02  8.338974e+06  2.918650e+04  2.919522e+01  2.399178e+56  2.955433e+49  6.399127e-06  4.670128e+100  1.000000e+00  1.000000e+00  0.000000e+00
1.610262e+02  1.679681e+02  9.333866e+04  3.498500e+00  1.610262e+02  2.088930e-01  2.086960e-01  1.970000e-04  1.268798e+01  1.268798e+01  8.443500e-02  9.430000e-04  2.431717e-02  2.524171e-02  2.524171e-02  7.043016e-02  5.522064e+06  3.180868e+04  2.919209e+01  2.603614e+56  2.955119e+49  6.367693e-06  4.956321e+100  1.000000e+00  1.000000e+00  0.000000e+00
1.610262e+02  1.734000e+02  9.333866e+04  3.965200e+00  1.610262e+02  2.286020e-01  2.284050e-01  1.970000e-04  1.244256e+01  1.244256e+01  8.443200e-02  8.620000e-04  2.713643e-02  2.829346e-02  2.829346e-02  7.845948e-02  3.554586e+06  3.491202e+04  2.918880e+01  2.844587e+56  2.954788e+49  6.335471e-06  5.631047e+100  1.000000e+00  1.000000e+00  0.000000e+00
1.610262e+02  1.790190e+02  9.333866e+04  4.494300e+00  1.610262e+02  2.516450e-01  2.514480e-01  1.970000e-04  1.223726e+01  1.223726e+01  8.442800e-02  7.830000e-04  3.037282e-02  3.183057e-02  3.183057e-02  8.700877e-02  2.244109e+06  3.855959e+04  2.918534e+01  3.127095e+56  2.954440e+49  6.300327e-06  6.338019e+100  1.000000e+00  1.000000e+00  0.000000e+00
1.610262e+02  1.848335e+02  9.333866e+04  5.093900e+00  1.610262e+02  2.782330e-01  2.780360e-01  1.970000e-04  1.207648e+01  1.207648e+01  8.442500e-02  7.080000e-04  3.402901e-02  3.587073e-02  3.587073e-02  9.586024e-02  1.400561e+06  4.279281e+04  2.918168e+01  3.454160e+56  2.954072e+49  6.261541e-06  7.049768e+100  1.000000e+00  1.000000e+00  0.000000e+00
1.610262e+02  1.908524e+02  9.333866e+04  5.773400e+00  1.610262e+02  3.085580e-01  3.083610e-01  1.970000e-04  1.195964e+01  1.195964e+01  8.442100e-02  6.380000e-04  3.810667e-02  4.043309e-02  4.043309e-02  1.047527e-01  8.691005e+05  4.765314e+04  2.917781e+01  3.828736e+56  2.953683e+49  6.217503e-06  7.761456e+100  1.000000e+00  1.000000e+00  0.000000e+00
1.610262e+02  1.970844e+02  9.333866e+04  6.543700e+00  1.610262e+02  3.428100e-01  3.426130e-01  1.970000e-04  1.188357e+01  1.188357e+01  8.441700e-02  5.750000e-04  4.260768e-02  4.553979e-02  4.553979e-02  1.134014e-01  5.383796e+05  5.318424e+04  2.917372e+01  4.253844e+56  2.953271e+49  6.168821e-06  8.467540e+100  1.000000e+00  1.000000e+00  0.000000e+00
1.610262e+02  2.035396e+02  9.333866e+04  7.416700e+00  1.610262e+02  3.811700e-01  3.809730e-01  1.970000e-04  1.184392e+01  1.184392e+01  8.441300e-02  5.170000e-04  4.753407e-02  5.121623e-02  5.121623e-02  1.215388e-01  3.338884e+05  5.942976e+04  2.916938e+01  4.732363e+56  2.952834e+49  6.115388e-06  9.167272e+100  1.000000e+00  1.000000e+00  0.000000e+00
1.610262e+02  2.102287e+02  9.333866e+04  8.406200e+00  1.610262e+02  4.238170e-01  4.236200e-01  1.970000e-04  1.183599e+01  1.183599e+01  8.440900e-02  4.650000e-04  5.288782e-02  5.749117e-02  5.749117e-02  1.289080e-01  2.076880e+05  6.643780e+04  2.916476e+01  5.267406e+56  2.952369e+49  6.056435e-06  9.857961e+100  1.000000e+00  1.000000e+00  0.000000e+00
1.610262e+02  2.171631e+02  9.333866e+04  9.527700e+00  1.610262e+02  4.709170e-01  4.707200e-01  1.970000e-04  1.185513e+01  1.185513e+01  8.440400e-02  4.180000e-04  5.867048e-02  6.439668e-02  6.439668e-02  1.352866e-01  1.297371e+05  7.425639e+04  2.915984e+01  5.861979e+56  2.951873e+49  5.991853e-06  9.939856e+100  1.000000e+00  1.000000e+00  0.000000e+00
1.610262e+02  4.714565e+02  9.333866e+04  1.079880e+01  1.610262e+02  5.059330e-01  5.057370e-01  1.960000e-04  1.186114e+01  1.186114e+01  8.428600e-02  3.870000e-04  6.300107e-02  6.965768e-02  6.965768e-02  1.402006e-01  9.417121e+04  8.012409e+04  2.903783e+01  6.306590e+56  2.939542e+49  5.945243e-06  2.665453e+101  1.000000e+00  1.000000e+00  1.000000e+00
1.610262e+02  4.728972e+02  9.333866e+04  1.223950e+01  1.610262e+02  5.314820e-01  5.312860e-01  1.960000e-04  1.185303e+01  1.185303e+01  8.428300e-02  3.690000e-04  6.622787e-02  7.362887e-02  7.362887e-02  1.442852e-01  7.549643e+04  8.443350e+04  2.903445e+01  6.632142e+56  2.939248e+49  6.218679e-06  1.185099e+101  1.000000e+00  1.000000e+00  1.000000e+00
1.610262e+02  4.745300e+02  9.333866e+04  1.387240e+01  1.610262e+02  5.260940e-01  5.258980e-01  1.960000e-04  1.177386e+01  1.177386e+01  8.428000e-02  3.730000e-04  6.599725e-02  7.334358e-02  7.334358e-02  1.439250e-01  7.663290e+04  8.355870e+04  2.903137e+01  6.561937e+56  2.938937e+49  6.242412e-06  -6.510113e+100  1.000000e+00  -1.000000e+00  1.000000e+00
1.610262e+02  4.763807e+02  9.333866e+04  1.572320e+01  1.610262e+02  5.162010e-01  5.160050e-01  1.960000e-04  1.163393e+01  1.163393e+01  8.427600e-02  3.800000e-04  6.553515e-02  7.277261e-02  7.277261e-02  1.407368e-01  7.761509e+04  8.201027e+04  2.902787e+01  6.435202e+56  2.938585e+49  6.520657e-06  -6.539201e+100  1.000000e+00  -1.000000e+00  1.000000e+00
1.610262e+02  4.784787e+02  9.333866e+04  1.782080e+01  1.610262e+02  5.100870e-01  5.098920e-01  1.960000e-04  1.145417e+01  1.145417e+01  8.427200e-02  3.840000e-04  6.577529e-02  7.306922e-02  7.306922e-02  1.361749e-01  7.373648e+04  8.108391e+04  2.902391e+01  6.351018e+56  2.938186e+49  -8.044577e-06  -2.810992e+100  -1.000000e+00  -1.000000e+00  1.000000e+00
1.610262e+02  4.808563e+02  9.333866e+04  2.019840e+01  1.610262e+02  5.095470e-01  5.093510e-01  1.960000e-04  1.124413e+01  1.124413e+01  8.426800e-02  3.840000e-04  6.693298e-02  7.450254e-02  7.450254e-02  1.308862e-01  6.495378e+04  8.116353e+04  2.901943e+01  6.338796e+56  2.937734e+49  -6.155769e-06  1.362307e+100  -1.000000e+00  1.000000e+00  1.000000e+00
1.610262e+02  4.835509e+02  9.333866e+04  2.289310e+01  1.610262e+02  5.160720e-01  5.158770e-01  1.960000e-04  1.101599e+01  1.101599e+01  8.426300e-02  3.800000e-04  6.919407e-02  7.731862e-02  7.731863e-02  1.255192e-01  5.275640e+04  8.254008e+04  2.901434e+01  6.420640e+56  2.937222e+49  4.985398e-06  5.172943e+100  1.000000e+00  1.000000e+00  1.000000e+00
1.610262e+02  4.866048e+02  9.333866e+04  2.594730e+01  1.610262e+02  5.309370e-01  5.307410e-01  1.960000e-04  1.078499e+01  1.078499e+01  8.425800e-02  3.690000e-04  7.271185e-02  8.174421e-02  8.174421e-02  1.205909e-01  3.955688e+04  8.525794e+04  2.900858e+01  6.600073e+56  2.936641e+49  5.407621e-06  8.725254e+100  1.000000e+00  1.000000e+00  1.000000e+00
1.610262e+02  4.900671e+02  9.333866e+04  2.940900e+01  1.610262e+02  5.550900e-01  5.548950e-01  1.960000e-04  1.056808e+01  1.056808e+01  8.425100e-02  3.530000e-04  7.757994e-02  8.795951e-02  8.795951e-02  1.164465e-01  2.762396e+04  8.981145e+04  2.900205e+01  6.913734e+56  2.935984e+49  5.369199e-06  1.183555e+101  1.000000e+00  1.000000e+00  1.000000e+00
1.610262e+02  4.939909e+02  9.333866e+04  3.333260e+01  1.610262e+02  5.890110e-01  5.888150e-01  1.960000e-04  1.037940e+01  1.037940e+01  8.424400e-02  3.320000e-04  8.381710e-02  9.608160e-02  9.608160e-02  1.131891e-01  1.823498e+04  9.602651e+04  2.899464e+01  7.347653e+56  2.935238e+49  5.463622e-06  1.401870e+101  1.000000e+00  1.000000e+00  1.000000e+00
1.610262e+02  4.984378e+02  9.333866e+04  3.777960e+01  1.610262e+02  6.330880e-01  6.328920e-01  1.960000e-04  1.023025e+01  1.023025e+01  8.423600e-02  3.090000e-04  9.140272e-02  1.062092e-01  1.062092e-01  1.107453e-01  1.157280e+04  1.040826e+05  2.898626e+01  7.913919e+56  2.934394e+49  5.365658e-06  1.599820e+101  1.000000e+00  1.000000e+00  1.000000e+00
1.610262e+02  5.034775e+02  9.333866e+04  4.281980e+01  1.610262e+02  6.869420e-01  6.867460e-01  1.960000e-04  1.012276e+01  1.012276e+01  8.422700e-02  2.850000e-04  1.002311e-01  1.183571e-01  1.183571e-01  1.088781e-01  7.175210e+03  1.143784e+05  2.897677e+01  8.640054e+56  2.933437e+49  5.307144e-06  1.704495e+101  1.000000e+00  1.000000e+00  1.000000e+00
1.610262e+02  5.091908e+02  9.333866e+04  4.853260e+01  1.610262e+02  7.502270e-01  7.500310e-01  1.960000e-04  1.005679e+01  1.005679e+01  8.421600e-02  2.610000e-04  1.101830e-01  1.325428e-01  1.325428e-01  1.072210e-01  4.401611e+03  1.261104e+05  2.896601e+01  9.463263e+56  2.932354e+49  5.308558e-06  1.733000e+101  1.000000e+00  1.000000e+00  1.000000e+00
1.610262e+02  5.156662e+02  9.333866e+04  5.500740e+01  1.610262e+02  8.222900e-01  8.220940e-01  1.950000e-04  1.002840e+01  1.002840e+01  8.420400e-02  2.380000e-04  1.211086e-01  1.487555e-01  1.487555e-01  1.053766e-01  2.696408e+03  1.399487e+05  2.895382e+01  1.043039e+57  2.931126e+49  5.105378e-06  1.779756e+101  1.000000e+00  1.000000e+00  1.000000e+00
1.610262e+02  5.230050e+02  9.333866e+04  6.234610e+01  1.610262e+02  9.023030e-01  9.021070e-01  1.950000e-04  1.003217e+01  1.003217e+01  8.419100e-02  2.170000e-04  1.328432e-01  1.669687e-01  1.669687e-01  1.030556e-01  1.660678e+03  1.559931e+05  2.894002e+01  1.154537e+57  2.929736e+49  4.941119e-06  1.768311e+101  1.000000e+00  1.000000e+00  1.000000e+00
1.610262e+02  5.313221e+02  9.333866e+04  7.066390e+01  1.610262e+02  9.892540e-01  9.890580e-01  1.950000e-04  1.006152e+01  1.006152e+01  8.417600e-02  1.970000e-04  1.452197e-01  1.871491e-01  1.871491e-01  1.000022e-01  1.032263e+03  1.737734e+05  2.892440e+01  1.276885e+57  2.928162e+49  4.844983e-06  1.694241e+101  1.000000e+00  1.000000e+00  1.000000e+00
1.610262e+02  5.407496e+02  9.333866e+04  8.009140e+01  1.610262e+02  1.081980e+00  1.081785e+00  1.950000e-04  1.011005e+01  1.011005e+01  8.415900e-02  1.800000e-04  1.580693e-01  2.092497e-01  2.092497e-01  9.615061e-02  6.495605e+02  1.931087e+05  2.890671e+01  1.408265e+57  2.926380e+49  4.754456e-06  1.588412e+101  1.000000e+00  1.000000e+00  1.000000e+00
1.610262e+02  5.514360e+02  9.333866e+04  9.077660e+01  1.610262e+02  1.179173e+00  1.178978e+00  1.950000e-04  1.017169e+01  1.017169e+01  8.413900e-02  1.650000e-04  1.712246e-01  2.332052e-01  2.332052e-01  9.151842e-02  4.145620e+02  2.137424e+05  2.888668e+01  1.546324e+57  2.924362e+49  4.605430e-06  1.481075e+101  1.000000e+00  1.000000e+00  1.000000e+00
1.610262e+02  5.635472e+02  9.333866e+04  1.028874e+02  1.610262e+02  1.279421e+00  1.279226e+00  1.950000e-04  1.024109e+01  1.024109e+01  8.411700e-02  1.520000e-04  1.845223e-01  2.589273e-01  2.589273e-01  8.621045e-02  2.686742e+02  2.360599e+05  2.886401e+01  1.693448e+57  2.922078e+49  4.387693e-06  1.381540e+101  1.000000e+00  1.000000e+00  1.000000e+00
1.610262e+02  5.772730e+02  9.333866e+04  1.166139e+02  1.610262e+02  1.381224e+00  1.381029e+00  1.950000e-04  1.031347e+01  1.031347e+01  8.409200e-02  1.410000e-04  1.978066e-01  2.863007e-01  2.863007e-01  8.041521e-02  1.770284e+02  2.598648e+05  2.883834e+01  1.847736e+57  2.919492e+49  4.176503e-06  1.266835e+101  1.000000e+00  1.000000e+00  1.000000e+00
1.610262e+02  5.928297e+02  9.333866e+04  1.321717e+02  1.610262e+02  1.483063e+00  1.482869e+00  1.940000e-04  1.038471e+01  1.038471e+01  8.406400e-02  1.310000e-04  2.109342e-01  3.151843e-01  3.151843e-01  7.429278e-02  1.186142e+02  2.848785e+05  2.880930e+01  2.006611e+57  2.916566e+49  3.974310e-06  1.140869e+101  1.000000e+00  1.000000e+00  1.000000e+00
1.610262e+02  6.104652e+02  9.333866e+04  1.498051e+02  1.610262e+02  1.583439e+00  1.583244e+00  1.940000e-04  1.045148e+01  1.045148e+01  8.403200e-02  1.230000e-04  2.237718e-01  3.453986e-01  3.453986e-01  6.809972e-02  8.091448e+01  3.107900e+05  2.877643e+01  2.167365e+57  2.913256e+49  3.852529e-06  9.881351e+100  1.000000e+00  1.000000e+00  1.000000e+00
1.610262e+02  6.304521e+02  9.333866e+04  1.697911e+02  1.610262e+02  1.680925e+00  1.680731e+00  1.940000e-04  1.051103e+01  1.051103e+01  8.399600e-02  1.150000e-04  2.362026e-01  3.767332e-01  3.767332e-01  6.194618e-02  5.616935e+01  3.362323e+05  2.873925e+01  2.319443e+57  2.909510e+49  3.678871e-06  8.498079e+100  1.000000e+00  1.000000e+00  1.000000e+00
1.610262e+02  6.531038e+02  9.333866e+04  1.924434e+02  1.610262e+02  1.774209e+00  1.774015e+00  1.940000e-04  1.056110e+01  1.056110e+01  8.395500e-02  1.090000e-04  2.481287e-01  4.089503e-01  4.089503e-01  5.605002e-02  3.972809e+01  3.627357e+05  2.869721e+01  2.474038e+57  2.905275e+49  3.434280e-06  7.397433e+100  1.000000e+00  1.000000e+00  1.000000e+00
1.610262e+02  6.787757e+02  9.333866e+04  2.181178e+02  1.610262e+02  1.862140e+00  1.861947e+00  1.930000e-04  1.060006e+01  1.060006e+01  8.390900e-02  1.040000e-04  2.594692e-01  4.417822e-01  4.417822e-01  5.045873e-02  2.860324e+01  3.889865e+05  2.864969e+01  2.621160e+57  2.900488e+49  3.203038e-06  6.297487e+100  1.000000e+00  1.000000e+00  1.000000e+00
1.610262e+02  7.078781e+02  9.333866e+04  2.472176e+02  1.610262e+02  1.943754e+00  1.943561e+00  1.930000e-04  1.062677e+01  1.062677e+01  8.385600e-02  9.900000e-05  2.701604e-01  4.749339e-01  4.749339e-01  4.528941e-02  2.097990e+01  4.157124e+05  2.859599e+01  2.766309e+57  2.895078e+49  2.973452e-06  5.288280e+100  1.000000e+00  1.000000e+00  1.000000e+00
1.610262e+02  7.408620e+02  9.333866e+04  2.801996e+02  1.610262e+02  2.018287e+00  2.018094e+00  1.930000e-04  1.064050e+01  1.064050e+01  8.379700e-02  9.500000e-05  2.801577e-01  5.080973e-01  5.080973e-01  4.056885e-02  1.567065e+01  4.414476e+05  2.853535e+01  2.898460e+57  2.888968e+49  2.822288e-06  4.178621e+100  1.000000e+00  1.000000e+00  1.000000e+00
1.610262e+02  7.782441e+02  9.333866e+04  3.175819e+02  1.610262e+02  2.085183e+00  2.084991e+00  1.920000e-04  1.064090e+01  1.064090e+01  8.373000e-02  9.200000e-05  2.894328e-01  5.409538e-01  5.409538e-01  3.629986e-02  1.191463e+01  4.657511e+05  2.846687e+01  3.014617e+57  2.882069e+49  2.605836e-06  3.315637e+100  1.000000e+00  1.000000e+00  1.000000e+00
1.610262e+02  8.206108e+02  9.333866e+04  3.599514e+02  1.610262e+02  2.144095e+00  2.143904e+00  1.920000e-04  1.062800e+01  1.062800e+01  8.365400e-02  8.900000e-05  2.979712e-01  5.731799e-01  5.731799e-01  3.248786e-02  9.220504e+00  4.896861e+05  2.838959e+01  3.123121e+57  2.874283e+49  2.318823e-06  2.701191e+100  1.000000e+00  1.000000e+00  1.000000e+00
1.610262e+02  8.686339e+02  9.333866e+04  4.079736e+02  1.610262e+02  2.194865e+00  2.194673e+00  1.910000e-04  1.060205e+01  1.060205e+01  8.356800e-02  8.700000e-05  3.057731e-01  6.044654e-01  6.044654e-01  2.910979e-02  7.260355e+00  5.129731e+05  2.830244e+01  3.222330e+57  2.865502e+49  2.098088e-06  2.052582e+100  1.000000e+00  1.000000e+00  1.000000e+00
1.610262e+02  9.230662e+02  9.333866e+04  4.624025e+02  1.610262e+02  2.237505e+00  2.237315e+00  1.900000e-04  1.056365e+01  1.056365e+01  8.347200e-02  8.500000e-05  3.128467e-01  6.345052e-01  6.345052e-01  2.613645e-02  5.814664e+00  5.340427e+05  2.820417e+01  3.301001e+57  2.855602e+49  1.872874e-06  1.479090e+100  1.000000e+00  1.000000e+00  1.000000e+00
1.610262e+02  9.847572e+02  9.333866e+04  5.240930e+02  1.610262e+02  2.272181e+00  2.271991e+00  1.900000e-04  1.051353e+01  1.051353e+01  8.336200e-02  8.300000e-05  3.192097e-01  6.630200e-01  6.630200e-01  2.353331e-02  4.733804e+00  5.540955e+05  2.809348e+01  3.368852e+57  2.844448e+49  1.574809e-06  1.106717e+100  1.000000e+00  1.000000e+00  1.000000e+00
1.610262e+02  1.054675e+03  9.333866e+04  5.940138e+02  1.610262e+02  2.299178e+00  2.298989e+00  1.890000e-04  1.045247e+01  1.045247e+01  8.323900e-02  8.200000e-05  3.248894e-01  6.897745e-01  6.897745e-01  2.125000e-02  3.913660e+00  5.729829e+05  2.796890e+01  3.425476e+57  2.831895e+49  1.316085e-06  7.252486e+99  1.000000e+00  1.000000e+00  1.000000e+00
1.610262e+02  1.133922e+03  9.333866e+04  6.732629e+02  1.610262e+02  2.318882e+00  2.318694e+00  1.880000e-04  1.038159e+01  1.038159e+01  8.310000e-02  8.100000e-05  3.299107e-01  7.145354e-01  7.145354e-01  1.927961e-02  3.288704e+00  5.891456e+05  2.782876e+01  3.459989e+57  2.817774e+49  1.006985e-06  4.643899e+99  1.000000e+00  1.000000e+00  1.000000e+00
1.610262e+02  1.223749e+03  9.333866e+04  7.630849e+02  1.610262e+02  2.331755e+00  2.331568e+00  1.870000e-04  1.030182e+01  1.030182e+01  8.294300e-02  8.000000e-05  3.343109e-01  7.371531e-01  7.371531e-01  1.755842e-02  2.803068e+00  6.053531e+05  2.767137e+01  3.493874e+57  2.801913e+49  6.270410e-07  2.942884e+99  1.000000e+00  1.000000e+00  1.000000e+00
1.610262e+02  1.325556e+03  9.333866e+04  8.648903e+02  1.610262e+02  2.338310e+00  2.338125e+00  1.860000e-04  1.021441e+01  1.021441e+01  8.276600e-02  7.900000e-05  3.381196e-01  7.574695e-01  7.574695e-01  1.607199e-02  2.424543e+00  6.187690e+05  2.749477e+01  3.506836e+57  2.784117e+49  2.644809e-07  8.593731e+98  1.000000e+00  1.000000e+00  1.000000e+00
1.610262e+02  1.440942e+03  9.333866e+04  9.802778e+02  1.610262e+02  2.339091e+00  2.338907e+00  1.840000e-04  1.012043e+01  1.012043e+01  8.256700e-02  7.900000e-05  3.413735e-01  7.754039e-01  7.754039e-01  1.478700e-02  2.126391e+00  6.306706e+05  2.729689e+01  3.508997e+57  2.764174e+49  -2.475966e-07  -5.886023e+98  -1.000000e+00  -1.000000e+00  1.000000e+00
1.610262e+02  1.571717e+03  9.333866e+04  1.111060e+03  1.610262e+02  2.334667e+00  2.334484e+00  1.830000e-04  1.002106e+01  1.002106e+01  8.234300e-02  7.800000e-05  3.441065e-01  7.908986e-01  7.908986e-01  1.369159e-02  1.891918e+00  6.397598e+05  2.707543e+01  3.491516e+57  2.741855e+49  -7.425585e-07  -1.325399e+99  -1.000000e+00  -1.000000e+00  1.000000e+00
1.610262e+02  1.719954e+03  9.333866e+04  1.259289e+03  1.610262e+02  2.325600e+00  2.325418e+00  1.810000e-04  9.917311e+00  9.917311e+00  8.209200e-02  7.800000e-05  3.463560e-01  8.039610e-01  8.039610e-01  1.274808e-02  1.705052e+00  6.488439e+05  2.682802e+01  3.476141e+57  2.716917e+49  -1.391161e-06  -1.323404e+99  -1.000000e+00  -1.000000e+00  1.000000e+00
1.610262e+02  1.887962e+03  9.333866e+04  1.427295e+03  1.610262e+02  2.312450e+00  2.312271e+00  1.790000e-04  9.810298e+00  9.810298e+00  8.181000e-02  7.800000e-05  3.481544e-01  8.146122e-01  8.146122e-01  1.193771e-02  1.555871e+00  6.564820e+05  2.655219e+01  3.452690e+57  2.689112e+49  -2.707795e-06  -1.881616e+99  -1.000000e+00  -1.000000e+00  1.000000e+00
1.610262e+02  2.078381e+03  9.333866e+04  1.617714e+03  1.610262e+02  2.295765e+00  2.295587e+00  1.770000e-04  9.701154e+00  9.701154e+00  8.149300e-02  7.700000e-05  3.495309e-01  8.228937e-01  8.228937e-01  1.124753e-02  1.437288e+00  6.614620e+05  2.624520e+01  3.412502e+57  2.658163e+49  -4.432925e-06  -2.270436e+99  -1.000000e+00  -1.000000e+00  1.000000e+00
1.610262e+02  2.294199e+03  9.333866e+04  1.833538e+03  1.610262e+02  2.276064e+00  2.275889e+00  1.750000e-04  9.590865e+00  9.590865e+00  8.113900e-02  7.700000e-05  3.505164e-01  8.288928e-01  8.288928e-01  1.065874e-02  1.343000e+00  6.652157e+05  2.590431e+01  3.366885e+57  2.623795e+49  -5.524301e-06  -2.024350e+99  -1.000000e+00  -1.000000e+00  1.000000e+00
1.610262e+02  2.538819e+03  9.333866e+04  2.078156e+03  1.610262e+02  2.253844e+00  2.253672e+00  1.720000e-04  9.480345e+00  9.480345e+00  8.074300e-02  7.600000e-05  3.511409e-01  8.327248e-01  8.327248e-01  1.015920e-02  1.268680e+00  6.690436e+05  2.552682e+01  3.325959e+57  2.585732e+49  -1.353494e-05  -1.888034e+99  -1.000000e+00  -1.000000e+00  1.000000e+00
1.610262e+02  2.816077e+03  9.333866e+04  2.355409e+03  1.610262e+02  2.229574e+00  2.229405e+00  1.700000e-04  9.370538e+00  9.370538e+00  8.030100e-02  7.600000e-05  3.514301e-01  8.345082e-01  8.345082e-01  9.739774e-03  1.211335e+00  6.705145e+05  2.510989e+01  3.271813e+57  2.543688e+49  -4.643621e-05  -1.944789e+99  -1.000000e+00  -1.000000e+00  1.000000e+00
1.610262e+02  3.130319e+03  9.333866e+04  2.669651e+03  1.610262e+02  2.203687e+00  2.203521e+00  1.660000e-04  9.262239e+00  9.262239e+00  7.980900e-02  7.600000e-05  3.514112e-01  8.343915e-01  8.343915e-01  9.390233e-03  1.168184e+00  6.709783e+05  2.465093e+01  3.214782e+57  2.497398e+49  3.166840e-03  -1.761451e+99  1.000000e+00  -1.000000e+00  1.000000e+00
1.610262e+02  3.486480e+03  9.333866e+04  3.025817e+03  1.610262e+02  2.176590e+00  2.176427e+00  1.630000e-04  9.156182e+00  9.156182e+00  7.926200e-02  7.500000e-05  3.511106e-01  8.325383e-01  8.325383e-01  9.102121e-03  1.137213e+00  6.705322e+05  2.414739e+01  3.155751e+57  2.446606e+49  5.058238e-05  -1.565733e+99  1.000000e+00  -1.000000e+00  1.000000e+00
1.610262e+02  3.890162e+03  9.333866e+04  3.429500e+03  1.610262e+02  2.148659e+00  2.148500e+00  1.590000e-04  9.053224e+00  9.053224e+00  7.865600e-02  7.400000e-05  3.505467e-01  8.290780e-01  8.290780e-01  8.870587e-03  1.117192e+00  6.692846e+05  2.359713e+01  3.095607e+57  2.391090e+49  1.927368e-05  -1.371265e+99  1.000000e+00  -1.000000e+00  1.000000e+00
1.610262e+02  4.347708e+03  9.333866e+04  3.887040e+03  1.610262e+02  2.120233e+00  2.120078e+00  1.550000e-04  8.953741e+00  8.953741e+00  7.798500e-02  7.300000e-05  3.497525e-01  8.242372e-01  8.242373e-01  8.688742e-03  1.106781e+00  6.673035e+05  2.299827e+01  3.034844e+57  2.330662e+49  1.289381e-05  -1.185343e+99  1.000000e+00  -1.000000e+00  1.000000e+00
1.610262e+02  4.866291e+03  9.333866e+04  4.405622e+03  1.610262e+02  2.091630e+00  2.091479e+00  1.510000e-04  8.858507e+00  8.858507e+00  7.724500e-02  7.200000e-05  3.487434e-01  8.181421e-01  8.181421e-01  8.551432e-03  1.105143e+00  6.647014e+05  2.234952e+01  2.974255e+57  2.265187e+49  9.423576e-06  -1.063082e+99  1.000000e+00  -1.000000e+00  1.000000e+00
1.610262e+02  5.454054e+03  9.333866e+04  4.993389e+03  1.610262e+02  2.063134e+00  2.062987e+00  1.460000e-04  8.767881e+00  8.767881e+00  7.643100e-02  7.100000e-05  3.475476e-01  8.109977e-01  8.109977e-01  8.452983e-03  1.111332e+00  6.606074e+05  2.165033e+01  2.907195e+57  2.194606e+49  7.460866e-06  -9.080493e+98  1.000000e+00  -1.000000e+00  1.000000e+00
1.610262e+02  6.120229e+03  9.333866e+04  5.659571e+03  1.610262e+02  2.035002e+00  2.034861e+00  1.410000e-04  8.682363e+00  8.682363e+00  7.553900e-02  6.900000e-05  3.461853e-01  8.029598e-01  8.029598e-01  8.392878e-03  1.125326e+00  6.570460e+05  2.090092e+01  2.848676e+57  2.118938e+49  7.479203e-06  -7.064423e+98  1.000000e+00  -1.000000e+00  1.000000e+00
1.610262e+02  6.875298e+03  9.333866e+04  6.414631e+03  1.610262e+02  2.007471e+00  2.007335e+00  1.360000e-04  8.602291e+00  8.602291e+00  7.456500e-02  6.800000e-05  3.446806e-01  7.942051e-01  7.942051e-01  8.364209e-03  1.146158e+00  6.531244e+05  2.010248e+01  2.791839e+57  2.038300e+49  6.700334e-06  -5.809349e+98  1.000000e+00  -1.000000e+00  1.000000e+00
1.610262e+02  7.731096e+03  9.333866e+04  7.270426e+03  1.610262e+02  1.980746e+00  1.980616e+00  1.300000e-04  8.527934e+00  8.527934e+00  7.350500e-02  6.600000e-05  3.430572e-01  7.849016e-01  7.849016e-01  8.365291e-03  1.173688e+00  6.489224e+05  1.925720e+01  2.737060e+57  1.952908e+49  5.716898e-06  -4.960753e+98  1.000000e+00  -1.000000e+00  1.000000e+00
1.610262e+02  8.701063e+03  9.333866e+04  8.240395e+03  1.610262e+02  1.955013e+00  1.954889e+00  1.240000e-04  8.459554e+00  8.459554e+00  7.235700e-02  6.300000e-05  3.413373e-01  7.752013e-01  7.752013e-01  8.391570e-03  1.207336e+00  6.436905e+05  1.836853e+01  2.678479e+57  1.863107e+49  5.206822e-06  -4.044015e+98  1.000000e+00  -1.000000e+00  1.000000e+00
1.610262e+02  9.800430e+03  9.333866e+04  9.339770e+03  1.610262e+02  1.930435e+00  1.930318e+00  1.180000e-04  8.397335e+00  8.397335e+00  7.111800e-02  6.100000e-05  3.395435e-01  7.652505e-01  7.652505e-01  8.443225e-03  1.247221e+00  6.391866e+05  1.744111e+01  2.628984e+57  1.769363e+49  5.279519e-06  -2.995462e+98  1.000000e+00  -1.000000e+00  1.000000e+00
1.610262e+02  1.104648e+04  9.333866e+04  1.058582e+04  1.610262e+02  1.907155e+00  1.907044e+00  1.110000e-04  8.341304e+00  8.341304e+00  6.978900e-02  5.800000e-05  3.377020e-01  7.552074e-01  7.552074e-01  8.512869e-03  1.292162e+00  6.346236e+05  1.648078e+01  2.582406e+57  1.672262e+49  4.951465e-06  -2.344065e+98  1.000000e+00  -1.000000e+00  1.000000e+00
1.610262e+02  1.245877e+04  9.333866e+04  1.199810e+04  1.610262e+02  1.885293e+00  1.885188e+00  1.050000e-04  8.291585e+00  8.291585e+00  6.836800e-02  5.600000e-05  3.358327e-01  7.451858e-01  7.451858e-01  8.599388e-03  1.341982e+00  6.300723e+05  1.549459e+01  2.538987e+57  1.572512e+49  4.375831e-06  -1.915103e+98  1.000000e+00  -1.000000e+00  1.000000e+00
1.610262e+02  1.405947e+04  9.333866e+04  1.359880e+04  1.610262e+02  1.864950e+00  1.864852e+00  9.800000e-05  8.248104e+00  8.248104e+00  6.685900e-02  5.200000e-05  3.339602e-01  7.353174e-01  7.353174e-01  8.703408e-03  1.396745e+00  6.248373e+05  1.449048e+01  2.493226e+57  1.470915e+49  4.114994e-06  -1.488018e+98  1.000000e+00  -1.000000e+00  1.000000e+00
1.610262e+02  1.587372e+04  9.333866e+04  1.541306e+04  1.610262e+02  1.846207e+00  1.846116e+00  9.100000e-05  8.210757e+00  8.210757e+00  6.526300e-02  4.900000e-05  3.321076e-01  7.257164e-01  7.257164e-01  8.817222e-03  1.454986e+00  6.204855e+05  1.347729e+01  2.456555e+57  1.368362e+49  4.192432e-06  -1.028680e+98  1.000000e+00  -1.000000e+00  1.000000e+00
1.610262e+02  1.793002e+04  9.333866e+04  1.746936e+04  1.610262e+02  1.829125e+00  1.829041e+00  8.400000e-05  8.179444e+00  8.179444e+00  6.358500e-02  4.600000e-05  3.302944e-01  7.164729e-01  7.164729e-01  8.937013e-03  1.515653e+00  6.163031e+05  1.246439e+01  2.423364e+57  1.265800e+49  3.969328e-06  -7.588449e+97  1.000000e+00  -1.000000e+00  1.000000e+00
1.610262e+02  2.025605e+04  9.333866e+04  1.979538e+04  1.610262e+02  1.813772e+00  1.813695e+00  7.700000e-05  8.153937e+00  8.153937e+00  6.183600e-02  4.300000e-05  3.285466e-01  7.077017e-01  7.077017e-01  9.061294e-03  1.578042e+00  6.123278e+05  1.146322e+01  2.393580e+57  1.164388e+49  3.861000e-06  -6.142469e+97  1.000000e+00  -1.000000e+00  1.000000e+00
2.212216e+02  1.030404e+02  9.489639e+04  1.000000e+00  2.212216e+02  8.487000e-02  8.456400e-02  3.060000e-04  2.500039e+01  2.500039e+01  9.728900e-02  3.610000e-03  5.014076e-03  5.052106e-03  5.052106e-03  1.095824e-02  2.305164e+09  1.262621e+04  4.542792e+01  1.040717e+56  5.334033e+49  6.514168e-06  2.348430e+100  1.000000e+00  1.000000e+00  0.000000e+00
2.212216e+02  1.076573e+02  9.489639e+04  1.133400e+00  2.212216e+02  8.865400e-02  8.834700e-02  3.060000e-04  2.230579e+01  2.230579e+01  9.728700e-02  3.456000e-03  5.870312e-03  5.922514e-03  5.922514e-03  1.164386e-02  1.113523e+09  1.320701e+04  4.542584e+01  1.092762e+56  5.333778e+49  6.524933e-06  2.543581e+100  1.000000e+00  1.000000e+00  0.000000e+00
2.212216e+02  1.131115e+02  9.489639e+04  1.284600e+00  2.212216e+02  9.407100e-02  9.376500e-02  3.060000e-04  2.012887e+01  2.012887e+01  9.728400e-02  3.256000e-03  6.902700e-03  6.975003e-03  6.975004e-03  1.335612e-02  5.681892e+08  1.403533e+04  4.542161e+01  1.165406e+56  5.333270e+49  6.541106e-06  2.950698e+100  1.000000e+00  1.000000e+00  0.000000e+00
2.212216e+02  1.191072e+02  9.489639e+04  1.456000e+00  2.212216e+02  1.008870e-01  1.005800e-01  3.060000e-04  1.838993e+01  1.838993e+01  9.728100e-02  3.036000e-03  8.102799e-03  8.202631e-03  8.202632e-03  1.607680e-02  3.068523e+08  1.507710e+04  4.541690e+01  1.255944e+56  5.332721e+49  6.538527e-06  3.476585e+100  1.000000e+00  1.000000e+00  0.000000e+00
2.212216e+02  1.250167e+02  9.489639e+04  1.650300e+00  2.212216e+02  1.090470e-01  1.087410e-01  3.060000e-04  1.698860e+01  1.698860e+01  9.727800e-02  2.809000e-03  9.480660e-03  9.617651e-03  9.617651e-03  1.979994e-02  1.723381e+08  1.632602e+04  4.541202e+01  1.363893e+56  5.332153e+49  6.529718e-06  4.058726e+100  1.000000e+00  1.000000e+00  0.000000e+00
2.212216e+02  1.316026e+02  9.489639e+04  1.870400e+00  2.212216e+02  1.196480e-01  1.193420e-01  3.060000e-04  1.578978e+01  1.578978e+01  9.727400e-02  2.560000e-03  1.119210e-02  1.138357e-02  1.138357e-02  2.508975e-02  9.524601e+07  1.795098e+04  4.540679e+01  1.501261e+56  5.331542e+49  6.517797e-06  4.850735e+100  1.000000e+00  1.000000e+00  0.000000e+00
2.212216e+02  1.379494e+02  9.489639e+04  2.120000e+00  2.212216e+02  1.325780e-01  1.322720e-01  3.060000e-04  1.484930e+01  1.484930e+01  9.727000e-02  2.310000e-03  1.318701e-02  1.345372e-02  1.345372e-02  3.193385e-02  5.338614e+07  1.993698e+04  4.540142e+01  1.664022e+56  5.330918e+49  6.500538e-06  4.463152e+100  1.000000e+00  1.000000e+00  0.000000e+00
2.212216e+02  1.527256e+02  9.489639e+04  2.402800e+00  2.212216e+02  1.464330e-01  1.461270e-01  3.060000e-04  1.416638e+01  1.416638e+01  9.726200e-02  2.091000e-03  1.526731e-02  1.562609e-02  1.562609e-02  3.942681e-02  3.168727e+07  2.207191e+04  4.539054e+01  1.836002e+56  5.329610e+49  6.478916e-06  6.593905e+100  1.000000e+00  1.000000e+00  0.000000e+00
2.212216e+02  1.576382e+02  9.489639e+04  2.723400e+00  2.212216e+02  1.617140e-01  1.614080e-01  3.060000e-04  1.363516e+01  1.363516e+01  9.725800e-02  1.893000e-03  1.751739e-02  1.799155e-02  1.799155e-02  4.760446e-02  1.924004e+07  2.443493e+04  4.538515e+01  2.024333e+56  5.329029e+49  6.453946e-06  8.250806e+100  1.000000e+00  1.000000e+00  0.000000e+00
2.212216e+02  1.627167e+02  9.489639e+04  3.086700e+00  2.212216e+02  1.786710e-01  1.783650e-01  3.060000e-04  1.321185e+01  1.321185e+01  9.725500e-02  1.713000e-03  1.997437e-02  2.059347e-02  2.059347e-02  5.634799e-02  1.181473e+07  2.706812e+04  4.538058e+01  2.232521e+56  5.328497e+49  6.424382e-06  8.482466e+100  1.000000e+00  1.000000e+00  0.000000e+00
2.212216e+02  1.679681e+02  9.489639e+04  3.498500e+00  2.212216e+02  1.960490e-01  1.957430e-01  3.060000e-04  1.288375e+01  1.288375e+01  9.725200e-02  1.561000e-03  2.247521e-02  2.326246e-02  2.326246e-02  6.470005e-02  7.521311e+06  2.977977e+04  4.537579e+01  2.445300e+56  5.327938e+49  6.391580e-06  8.607769e+100  1.000000e+00  1.000000e+00  0.000000e+00
2.212216e+02  1.734000e+02  9.489639e+04  3.965200e+00  2.212216e+02  2.148300e-01  2.145240e-01  3.060000e-04  1.259927e+01  1.259927e+01  9.724800e-02  1.424000e-03  2.518433e-02  2.617748e-02  2.617748e-02  7.284001e-02  4.793196e+06  3.272661e+04  4.537075e+01  2.674742e+56  5.327351e+49  6.357835e-06  9.404355e+100  1.000000e+00  1.000000e+00  0.000000e+00
2.212216e+02  1.790190e+02  9.489639e+04  4.494300e+00  2.212216e+02  2.369890e-01  2.366830e-01  3.060000e-04  1.235376e+01  1.235376e+01  9.724400e-02  1.291000e-03  2.833415e-02  2.959822e-02  2.959823e-02  8.158535e-02  2.978289e+06  3.622193e+04  4.536544e+01  2.945912e+56  5.326732e+49  6.322656e-06  1.068354e+101  1.000000e+00  1.000000e+00  0.000000e+00
2.212216e+02  1.848335e+02  9.489639e+04  5.093900e+00  2.212216e+02  2.628270e-01  2.625210e-01  3.060000e-04  1.215707e+01  1.215707e+01  9.724000e-02  1.164000e-03  3.193173e-02  3.354741e-02  3.354741e-02  9.077356e-02  1.822866e+06  4.032145e+04  4.535985e+01  3.263130e+56  5.326080e+49  6.283655e-06  1.199281e+101  1.000000e+00  1.000000e+00  0.000000e+00
2.212216e+02  1.908524e+02  9.489639e+04  5.773400e+00  2.212216e+02  2.925410e-01  2.922350e-01  3.060000e-04  1.201058e+01  1.201058e+01  9.723600e-02  1.046000e-03  3.597530e-02  3.804087e-02  3.804087e-02  1.001209e-01  1.107676e+06  4.506693e+04  4.535394e+01  3.629382e+56  5.325390e+49  6.240462e-06  1.329529e+101  1.000000e+00  1.000000e+00  0.000000e+00
2.212216e+02  1.970844e+02  9.489639e+04  6.543700e+00  2.212216e+02  3.263100e-01  3.260050e-01  3.060000e-04  1.191128e+01  1.191128e+01  9.723200e-02  9.370000e-04  4.046264e-02  4.309675e-02  4.309675e-02  1.093248e-01  6.719826e+05  5.049935e+04  4.534767e+01  4.047489e+56  5.324659e+49  6.192648e-06  1.458111e+101  1.000000e+00  1.000000e+00  0.000000e+00
2.212216e+02  2.035396e+02  9.489639e+04  7.416700e+00  2.212216e+02  3.643090e-01  3.640030e-01  3.060000e-04  1.185411e+01  1.185411e+01  9.722700e-02  8.390000e-04  4.539233e-02  4.873708e-02  4.873708e-02  1.180657e-01  4.084309e+05  5.666213e+04  4.534103e+01  4.520333e+56  5.323884e+49  6.138826e-06  1.585238e+101  1.000000e+00  1.000000e+00  0.000000e+00
2.212216e+02  2.102287e+02  9.489639e+04  8.406200e+00  2.212216e+02  4.067050e-01  4.063990e-01  3.060000e-04  1.183342e+01  1.183342e+01  9.722200e-02  7.520000e-04  5.076338e-02  5.498777e-02  5.498777e-02  1.260624e-01  2.493116e+05  6.360265e+04  4.533397e+01  5.051013e+56  5.323060e+49  6.079794e-06  1.710101e+101  1.000000e+00  1.000000e+00  0.000000e+00
2.212216e+02  2.171631e+02  9.489639e+04  9.527700e+00  2.212216e+02  4.536560e-01  4.533500e-01  3.060000e-04  1.184360e+01  1.184360e+01  9.721600e-02  6.740000e-04  5.657500e-02  6.187872e-02  6.187872e-02  1.330614e-01  1.530510e+05  7.136607e+04  4.532645e+01  5.642298e+56  5.322181e+49  6.015702e-06  1.726554e+101  1.000000e+00  1.000000e+00  0.000000e+00
2.212216e+02  4.714565e+02  9.489639e+04  1.079880e+01  2.212216e+02  4.886590e-01  4.883540e-01  3.050000e-04  1.184446e+01  1.184446e+01  9.709400e-02  6.230000e-04  6.093572e-02  6.713890e-02  6.713890e-02  1.384178e-01  1.098353e+05  7.720826e+04  4.515440e+01  6.085684e+56  5.301256e+49  5.967045e-06  5.002406e+101  1.000000e+00  1.000000e+00  1.000000e+00
2.212216e+02  4.728972e+02  9.489639e+04  1.223950e+01  2.212216e+02  5.161420e-01  5.158380e-01  3.040000e-04  1.183554e+01  1.183554e+01  9.707900e-02  5.900000e-04  6.441142e-02  7.138796e-02  7.138796e-02  1.430174e-01  8.599777e+04  8.182917e+04  4.513490e+01  6.435344e+56  5.299814e+49  5.900116e-06  3.699247e+101  1.000000e+00  1.000000e+00  1.000000e+00
2.212216e+02  4.745300e+02  9.489639e+04  1.387240e+01  2.212216e+02  5.297130e-01  5.294090e-01  3.040000e-04  1.180423e+01  1.180423e+01  9.707600e-02  5.750000e-04  6.628035e-02  7.369382e-02  7.369382e-02  1.454745e-01  7.581807e+04  8.413857e+04  4.513020e+01  6.608452e+56  5.299264e+49  6.713336e-06  4.709515e+100  1.000000e+00  1.000000e+00  1.000000e+00
2.212216e+02  4.763807e+02  9.489639e+04  1.572320e+01  2.212216e+02  5.195990e-01  5.192940e-01  3.040000e-04  1.168493e+01  1.168493e+01  9.707200e-02  5.860000e-04  6.567854e-02  7.294969e-02  7.294969e-02  1.431603e-01  7.809425e+04  8.248419e+04  4.512486e+01  6.475882e+56  5.298640e+49  6.436135e-06  -1.271990e+101  1.000000e+00  -1.000000e+00  1.000000e+00
2.212216e+02  4.784787e+02  9.489639e+04  1.782080e+01  2.212216e+02  5.114930e-01  5.111890e-01  3.040000e-04  1.151551e+01  1.151551e+01  9.706800e-02  5.950000e-04  6.560514e-02  7.285904e-02  7.285904e-02  1.388206e-01  7.615071e+04  8.126946e+04  4.511880e+01  6.371146e+56  5.297933e+49  7.687189e-06  -7.301741e+100  1.000000e+00  -1.000000e+00  1.000000e+00
2.212216e+02  4.808563e+02  9.489639e+04  2.019840e+01  2.212216e+02  5.086390e-01  5.083350e-01  3.040000e-04  1.130927e+01  1.130927e+01  9.706300e-02  5.980000e-04  6.642880e-02  7.387762e-02  7.387762e-02  1.334175e-01  6.876167e+04  8.091207e+04  4.511196e+01  6.326721e+56  5.297133e+49  1.013754e-05  -2.258243e+99  1.000000e+00  -1.000000e+00  1.000000e+00
2.212216e+02  4.835509e+02  9.489639e+04  2.289310e+01  2.212216e+02  5.128240e-01  5.125200e-01  3.040000e-04  1.107891e+01  1.107891e+01  9.705700e-02  5.930000e-04  6.836798e-02  7.628719e-02  7.628719e-02  1.277119e-01  5.700035e+04  8.187076e+04  4.510419e+01  6.377555e+56  5.296226e+49  4.657568e-06  6.919386e+100  1.000000e+00  1.000000e+00  1.000000e+00
2.212216e+02  4.866048e+02  9.489639e+04  2.594730e+01  2.212216e+02  5.255010e-01  5.251970e-01  3.040000e-04  1.084071e+01  1.084071e+01  9.705100e-02  5.790000e-04  7.159745e-02  8.033632e-02  8.033632e-02  1.223546e-01  4.335524e+04  8.422872e+04  4.509539e+01  6.530156e+56  5.295198e+49  5.326192e-06  1.363699e+101  1.000000e+00  1.000000e+00  1.000000e+00
2.212216e+02  4.900671e+02  9.489639e+04  2.940900e+01  2.212216e+02  5.477380e-01  5.474340e-01  3.040000e-04  1.061318e+01  1.061318e+01  9.704400e-02  5.550000e-04  7.622710e-02  8.622155e-02  8.622155e-02  1.177657e-01  3.050543e+04  8.847594e+04  4.508543e+01  6.821003e+56  5.294033e+49  5.303707e-06  1.957233e+101  1.000000e+00  1.000000e+00  1.000000e+00
2.212216e+02  4.939909e+02  9.489639e+04  3.333260e+01  2.212216e+02  5.801690e-01  5.798650e-01  3.040000e-04  1.041315e+01  1.041315e+01  9.703600e-02  5.240000e-04  8.229130e-02  9.407789e-02  9.407790e-02  1.141250e-01  2.016120e+04  9.448187e+04  4.507414e+01  7.239613e+56  5.292714e+49  5.410369e-06  2.380814e+101  1.000000e+00  1.000000e+00  1.000000e+00
2.212216e+02  4.984378e+02  9.489639e+04  3.777960e+01  2.212216e+02  6.229930e-01  6.226890e-01  3.040000e-04  1.025199e+01  1.025199e+01  9.702600e-02  4.880000e-04  8.975452e-02  1.039848e-01  1.039848e-01  1.114070e-01  1.275086e+04  1.023767e+05  4.506134e+01  7.794329e+56  5.291219e+49  5.389871e-06  2.713811e+101  1.000000e+00  1.000000e+00  1.000000e+00
2.212216e+02  5.034775e+02  9.489639e+04  4.281980e+01  2.212216e+02  6.760360e-01  6.757320e-01  3.040000e-04  1.013476e+01  1.013476e+01  9.701600e-02  4.490000e-04  9.852305e-02  1.159756e-01  1.159756e-01  1.093461e-01  7.852780e+03  1.122975e+05  4.504685e+01  8.493260e+56  5.289525e+49  5.349296e-06  2.920174e+101  1.000000e+00  1.000000e+00  1.000000e+00
2.212216e+02  5.091908e+02  9.489639e+04  4.853260e+01  2.212216e+02  7.388370e-01  7.385340e-01  3.040000e-04  1.006114e+01  1.006114e+01  9.700400e-02  4.110000e-04  1.084634e-01  1.300531e-01  1.300531e-01  1.076203e-01  4.779524e+03  1.240308e+05  4.503043e+01  9.317639e+56  5.287607e+49  5.261906e-06  3.043363e+101  1.000000e+00  1.000000e+00  1.000000e+00
2.212216e+02  5.156662e+02  9.489639e+04  5.500740e+01  2.212216e+02  8.107070e-01  8.104030e-01  3.040000e-04  1.002724e+01  1.002724e+01  9.699100e-02  3.740000e-04  1.194164e-01  1.461988e-01  1.461988e-01  1.057747e-01  2.903870e+03  1.379744e+05  4.501183e+01  1.029398e+57  5.285434e+49  5.111667e-06  3.103786e+101  1.000000e+00  1.000000e+00  1.000000e+00
2.212216e+02  5.230050e+02  9.489639e+04  6.234610e+01  2.212216e+02  8.907690e-01  8.904660e-01  3.030000e-04  1.002739e+01  1.002739e+01  9.697600e-02  3.410000e-04  1.312076e-01  1.643780e-01  1.643780e-01  1.034647e-01  1.773765e+03  1.537867e+05  4.499076e+01  1.139315e+57  5.282973e+49  5.016907e-06  3.048334e+101  1.000000e+00  1.000000e+00  1.000000e+00
2.212216e+02  5.313221e+02  9.489639e+04  7.066390e+01  2.212216e+02  9.779700e-01  9.776660e-01  3.030000e-04  1.005452e+01  1.005452e+01  9.695900e-02  3.100000e-04  1.436632e-01  1.845535e-01  1.845535e-01  1.004690e-01  1.094490e+03  1.713484e+05  4.496691e+01  1.260192e+57  5.280186e+49  4.917889e-06  2.927317e+101  1.000000e+00  1.000000e+00  1.000000e+00
2.212216e+02  5.407496e+02  9.489639e+04  8.009140e+01  2.212216e+02  1.071107e+00  1.070804e+00  3.030000e-04  1.010197e+01  1.010197e+01  9.693900e-02  2.830000e-04  1.566061e-01  2.066705e-01  2.066705e-01  9.665873e-02  6.840755e+02  1.904884e+05  4.493989e+01  1.390310e+57  5.277030e+49  4.753277e-06  2.794491e+101  1.000000e+00  1.000000e+00  1.000000e+00
2.212216e+02  5.514360e+02  9.489639e+04  9.077660e+01  2.212216e+02  1.168842e+00  1.168539e+00  3.030000e-04  1.016337e+01  1.016337e+01  9.691700e-02  2.590000e-04  1.698633e-01  2.306601e-01  2.306601e-01  9.205073e-02  4.339453e+02  2.116029e+05  4.490931e+01  1.532162e+57  5.273457e+49  4.517564e-06  2.665340e+101  1.000000e+00  1.000000e+00  1.000000e+00
2.212216e+02  5.635472e+02  9.489639e+04  1.028874e+02  2.212216e+02  1.269720e+00  1.269417e+00  3.030000e-04  1.023299e+01  1.023299e+01  9.689200e-02  2.380000e-04  1.832681e-01  2.564324e-01  2.564324e-01  8.675038e-02  2.797366e+02  2.345470e+05  4.487469e+01  1.684186e+57  5.269412e+49  4.352623e-06  2.458882e+101  1.000000e+00  1.000000e+00  1.000000e+00
2.212216e+02  5.772730e+02  9.489639e+04  1.166139e+02  2.212216e+02  1.372226e+00  1.371924e+00  3.020000e-04  1.030600e+01  1.030600e+01  9.686400e-02  2.200000e-04  1.966605e-01  2.838685e-01  2.838685e-01  8.092845e-02  1.834104e+02  2.583476e+05  4.483551e+01  1.838634e+57  5.264833e+49  4.276186e-06  2.176343e+101  1.000000e+00  1.000000e+00  1.000000e+00
2.212216e+02  5.928297e+02  9.489639e+04  1.321717e+02  2.212216e+02  1.474812e+00  1.474509e+00  3.020000e-04  1.037813e+01  1.037813e+01  9.683200e-02  2.050000e-04  2.098935e-01  3.128233e-01  3.128233e-01  7.479052e-02  1.223933e+02  2.825138e+05  4.479117e+01  1.991368e+57  5.259653e+49  4.082493e-06  1.949628e+101  1.000000e+00  1.000000e+00  1.000000e+00
2.212216e+02  6.104652e+02  9.489639e+04  1.498051e+02  2.212216e+02  1.575954e+00  1.575652e+00  3.020000e-04  1.044585e+01  1.044585e+01  9.679600e-02  1.910000e-04  2.228340e-01  3.431206e-01  3.431206e-01  6.854192e-02  8.316928e+01  3.083915e+05  4.474101e+01  2.152058e+57  5.253791e+49  3.815547e-06  1.761457e+101  1.000000e+00  1.000000e+00  1.000000e+00
2.212216e+02  6.304521e+02  9.489639e+04  1.697911e+02  2.212216e+02  1.674207e+00  1.673905e+00  3.010000e-04  1.050641e+01  1.050641e+01  9.675500e-02  1.800000e-04  2.353619e-01  3.745447e-01  3.745447e-01  6.238268e-02  5.758262e+01  3.347985e+05  4.468427e+01  2.311523e+57  5.247161e+49  3.630083e-06  1.527892e+101  1.000000e+00  1.000000e+00  1.000000e+00
2.212216e+02  6.531038e+02  9.489639e+04  1.924434e+02  2.212216e+02  1.768244e+00  1.767943e+00  3.010000e-04  1.055748e+01  1.055748e+01  9.670900e-02  1.700000e-04  2.473796e-01  4.068596e-01  4.068596e-01  5.640636e-02  4.058948e+01  3.613712e+05  4.462010e+01  2.466800e+57  5.239663e+49  3.453647e-06  1.298057e+101  1.000000e+00  1.000000e+00  1.000000e+00
2.212216e+02  6.787757e+02  9.489639e+04  2.181178e+02  2.212216e+02  1.856902e+00  1.856601e+00  3.000000e-04  1.059749e+01  1.059749e+01  9.665700e-02  1.620000e-04  2.588020e-01  4.397866e-01  4.397866e-01  5.078150e-02  2.915803e+01  3.876851e+05  4.454757e+01  2.614566e+57  5.231187e+49  3.221345e-06  1.105393e+101  1.000000e+00  1.000000e+00  1.000000e+00
2.212216e+02  7.078781e+02  9.489639e+04  2.472176e+02  2.212216e+02  1.939205e+00  1.938905e+00  3.000000e-04  1.062500e+01  1.062500e+01  9.659700e-02  1.550000e-04  2.695731e-01  4.730533e-01  4.730533e-01  4.556858e-02  2.133994e+01  4.144880e+05  4.446558e+01  2.760404e+57  5.221607e+49  2.989915e-06  9.286067e+100  1.000000e+00  1.000000e+00  1.000000e+00
2.212216e+02  7.408620e+02  9.489639e+04  2.801996e+02  2.212216e+02  2.014382e+00  2.014083e+00  2.990000e-04  1.063955e+01  1.063955e+01  9.653000e-02  1.490000e-04  2.796408e-01  5.063274e-01  5.063274e-01  4.080143e-02  1.590648e+01  4.403035e+05  4.437296e+01  2.893287e+57  5.210783e+49  2.838841e-06  7.338522e+100  1.000000e+00  1.000000e+00  1.000000e+00
2.212216e+02  7.782441e+02  9.489639e+04  3.175819e+02  2.212216e+02  2.081875e+00  2.081577e+00  2.990000e-04  1.064066e+01  1.064066e+01  9.645400e-02  1.430000e-04  2.889800e-01  5.392999e-01  5.392999e-01  3.650188e-02  1.207514e+01  4.646720e+05  4.426837e+01  3.009993e+57  5.198561e+49  2.621031e-06  5.826944e+100  1.000000e+00  1.000000e+00  1.000000e+00
2.212216e+02  8.206108e+02  9.489639e+04  3.599514e+02  2.212216e+02  2.141334e+00  2.141036e+00  2.980000e-04  1.062843e+01  1.062843e+01  9.636900e-02  1.390000e-04  2.975753e-01  5.716408e-01  5.716408e-01  3.265793e-02  9.330322e+00  4.887013e+05  4.415030e+01  3.119267e+57  5.184764e+49  2.332126e-06  4.752832e+100  1.000000e+00  1.000000e+00  1.000000e+00
2.212216e+02  8.686339e+02  9.489639e+04  4.079736e+02  2.212216e+02  2.192598e+00  2.192301e+00  2.970000e-04  1.060307e+01  1.060307e+01  9.627200e-02  1.350000e-04  3.054283e-01  6.030428e-01  6.030428e-01  2.925309e-02  7.337268e+00  5.120701e+05  4.401712e+01  3.219132e+57  5.169200e+49  2.111701e-06  3.611689e+100  1.000000e+00  1.000000e+00  1.000000e+00
2.212216e+02  9.230662e+02  9.489639e+04  4.624025e+02  2.212216e+02  2.235683e+00  2.235387e+00  2.960000e-04  1.056514e+01  1.056514e+01  9.616200e-02  1.320000e-04  3.125479e-01  6.332017e-01  6.332017e-01  2.625606e-02  5.868867e+00  5.332161e+05  4.386699e+01  3.298375e+57  5.151655e+49  1.886296e-06  2.604858e+100  1.000000e+00  1.000000e+00  1.000000e+00
2.212216e+02  9.847572e+02  9.489639e+04  5.240930e+02  2.212216e+02  2.270756e+00  2.270461e+00  2.950000e-04  1.051539e+01  1.051539e+01  9.603800e-02  1.300000e-04  3.189528e-01  6.618397e-01  6.618398e-01  2.363225e-02  4.772739e+00  5.533458e+05  4.369786e+01  3.366789e+57  5.131889e+49  1.587598e-06  1.951804e+100  1.000000e+00  1.000000e+00  1.000000e+00
2.212216e+02  1.054675e+03  9.489639e+04  5.940138e+02  2.212216e+02  2.298105e+00  2.297811e+00  2.930000e-04  1.045476e+01  1.045476e+01  9.589900e-02  1.280000e-04  3.246665e-01  6.887001e-01  6.887001e-01  2.133872e-02  3.943487e+00  5.723152e+05  4.350746e+01  3.423989e+57  5.109639e+49  1.329610e-06  1.280892e+100  1.000000e+00  1.000000e+00  1.000000e+00
2.212216e+02  1.133922e+03  9.489639e+04  6.732629e+02  2.212216e+02  2.318117e+00  2.317825e+00  2.920000e-04  1.038408e+01  1.038408e+01  9.574100e-02  1.260000e-04  3.297228e-01  7.135894e-01  7.135894e-01  1.934712e-02  3.309608e+00  5.885364e+05  4.329337e+01  3.458880e+57  5.084616e+49  1.020759e-06  8.222008e+99  1.000000e+00  1.000000e+00  1.000000e+00
2.212216e+02  1.223749e+03  9.489639e+04  7.630849e+02  2.212216e+02  2.331259e+00  2.330969e+00  2.900000e-04  1.030459e+01  1.030459e+01  9.556400e-02  1.250000e-04  3.341501e-01  7.363103e-01  7.363103e-01  1.761948e-02  2.819647e+00  6.048238e+05  4.305285e+01  3.493283e+57  5.056501e+49  6.409303e-07  5.241506e+99  1.000000e+00  1.000000e+00  1.000000e+00
2.212216e+02  1.325556e+03  9.489639e+04  8.648903e+02  2.212216e+02  2.338048e+00  2.337759e+00  2.890000e-04  1.021738e+01  1.021738e+01  9.536400e-02  1.230000e-04  3.379835e-01  7.567316e-01  7.567316e-01  1.612333e-02  2.437141e+00  6.183052e+05  4.278288e+01  3.506639e+57  5.024945e+49  2.802624e-07  1.571139e+99  1.000000e+00  1.000000e+00  1.000000e+00
2.212216e+02  1.440942e+03  9.489639e+04  9.802778e+02  2.212216e+02  2.339030e+00  2.338744e+00  2.870000e-04  1.012354e+01  1.012354e+01  9.513900e-02  1.220000e-04  3.412599e-01  7.747681e-01  7.747681e-01  1.482978e-02  2.136093e+00  6.302697e+05  4.248028e+01  3.509154e+57  4.989573e+49  -2.282777e-07  -9.789888e+98  -1.000000e+00  -1.000000e+00  1.000000e+00
2.212216e+02  1.571717e+03  9.489639e+04  1.111060e+03  2.212216e+02  2.334775e+00  2.334491e+00  2.840000e-04  1.002426e+01  1.002426e+01  9.488500e-02  1.220000e-04  3.440128e-01  7.903605e-01  7.903605e-01  1.372662e-02  1.899309e+00  6.394118e+05  4.214162e+01  3.491938e+57  4.949983e+49  -7.211972e-07  -2.282258e+99  -1.000000e+00  -1.000000e+00  1.000000e+00
2.212216e+02  1.719954e+03  9.489639e+04  1.259289e+03  2.212216e+02  2.325851e+00  2.325570e+00  2.820000e-04  9.920526e+00  9.920526e+00  9.460100e-02  1.210000e-04  3.462812e-01  8.035221e-01  8.035221e-01  1.277784e-02  1.710917e+00  6.485481e+05  4.176313e+01  3.476809e+57  4.905736e+49  -1.365780e-06  -2.283187e+99  -1.000000e+00  -1.000000e+00  1.000000e+00
2.212216e+02  1.887962e+03  9.489639e+04  1.427295e+03  2.212216e+02  2.312822e+00  2.312544e+00  2.790000e-04  9.813595e+00  9.813595e+00  9.428100e-02  1.210000e-04  3.480934e-01  8.142481e-01  8.142481e-01  1.196439e-02  1.560699e+00  6.562424e+05  4.134097e+01  3.453631e+57  4.856377e+49  -2.667694e-06  -3.268327e+99  -1.000000e+00  -1.000000e+00  1.000000e+00
2.212216e+02  2.078381e+03  9.489639e+04  1.617714e+03  2.212216e+02  2.296234e+00  2.295959e+00  2.760000e-04  9.704412e+00  9.704412e+00  9.392300e-02  1.200000e-04  3.494850e-01  8.226159e-01  8.226159e-01  1.126907e-02  1.440968e+00  6.612642e+05  4.087108e+01  3.413595e+57  4.801434e+49  -4.372371e-06  -3.960905e+99  -1.000000e+00  -1.000000e+00  1.000000e+00
2.212216e+02  2.294199e+03  9.489639e+04  1.833538e+03  2.212216e+02  2.276612e+00  2.276340e+00  2.720000e-04  9.594043e+00  9.594043e+00  9.352100e-02  1.200000e-04  3.504846e-01  8.286984e-01  8.286984e-01  1.067524e-02  1.345690e+00  6.650537e+05  4.034917e+01  3.368078e+57  4.740403e+49  -5.448545e-06  -3.532806e+99  -1.000000e+00  -1.000000e+00  1.000000e+00
2.212216e+02  2.538819e+03  9.489639e+04  2.078156e+03  2.212216e+02  2.254455e+00  2.254186e+00  2.680000e-04  9.483500e+00  9.483500e+00  9.307300e-02  1.190000e-04  3.511191e-01  8.325909e-01  8.325909e-01  1.017424e-02  1.270976e+00  6.689252e+05  3.977097e+01  3.327311e+57  4.672780e+49  -1.323718e-05  -3.297266e+99  -1.000000e+00  -1.000000e+00  1.000000e+00
2.212216e+02  2.816077e+03  9.489639e+04  2.355409e+03  2.212216e+02  2.230229e+00  2.229965e+00  2.640000e-04  9.373586e+00  9.373586e+00  9.257200e-02  1.180000e-04  3.514190e-01  8.344395e-01  8.344396e-01  9.751898e-03  1.213018e+00  6.704260e+05  3.913206e+01  3.273218e+57  4.598050e+49  -4.335631e-05  -3.401970e+99  -1.000000e+00  -1.000000e+00  1.000000e+00
2.212216e+02  3.130319e+03  9.489639e+04  2.669651e+03  2.212216e+02  2.204374e+00  2.204115e+00  2.590000e-04  9.265198e+00  9.265198e+00  9.201400e-02  1.180000e-04  3.514084e-01  8.343742e-01  8.343742e-01  9.399420e-03  1.169365e+00  6.709208e+05  3.842839e+01  3.216250e+57  4.515732e+49  7.054377e-04  -3.082328e+99  1.000000e+00  -1.000000e+00  1.000000e+00
2.212216e+02  3.486480e+03  9.489639e+04  3.025817e+03  2.212216e+02  2.177297e+00  2.177043e+00  2.540000e-04  9.159049e+00  9.159049e+00  9.139400e-02  1.170000e-04  3.511147e-01  8.325635e-01  8.325635e-01  9.110511e-03  1.138162e+00  6.705038e+05  3.765586e+01  3.157269e+57  4.425349e+49  5.414021e-05  -2.743211e+99  1.000000e+00  -1.000000e+00  1.000000e+00
2.212216e+02  3.890162e+03  9.489639e+04  3.429500e+03  2.212216e+02  2.149373e+00  2.149124e+00  2.480000e-04  9.055877e+00  9.055877e+00  9.070600e-02  1.160000e-04  3.505604e-01  8.291618e-01  8.291618e-01  8.877557e-03  1.117869e+00  6.692711e+05  3.681131e+01  3.097072e+57  4.326522e+49  1.949632e-05  -2.404561e+99  1.000000e+00  -1.000000e+00  1.000000e+00
2.212216e+02  4.347708e+03  9.489639e+04  3.887040e+03  2.212216e+02  2.120946e+00  2.120704e+00  2.420000e-04  8.956284e+00  8.956284e+00  8.994500e-02  1.140000e-04  3.497707e-01  8.243480e-01  8.243480e-01  8.693969e-03  1.107183e+00  6.673126e+05  3.589149e+01  3.036320e+57  4.218871e+49  1.302326e-05  -2.078656e+99  1.000000e+00  -1.000000e+00  1.000000e+00
2.212216e+02  4.866291e+03  9.489639e+04  4.405622e+03  2.212216e+02  2.092333e+00  2.092098e+00  2.350000e-04  8.860903e+00  8.860903e+00  8.910400e-02  1.130000e-04  3.487663e-01  8.182795e-01  8.182795e-01  8.555336e-03  1.105294e+00  6.647275e+05  3.489449e+01  2.975706e+57  4.102159e+49  9.482193e-06  -1.866004e+99  1.000000e+00  -1.000000e+00  1.000000e+00
2.212216e+02  5.454054e+03  9.489639e+04  4.993389e+03  2.212216e+02  2.063819e+00  2.063591e+00  2.280000e-04  8.770116e+00  8.770116e+00  8.818000e-02  1.110000e-04  3.475745e-01  8.111574e-01  8.111574e-01  8.456706e-03  1.111399e+00  6.606466e+05  3.381903e+01  2.908599e+57  3.976241e+49  7.487352e-06  -1.595128e+99  1.000000e+00  -1.000000e+00  1.000000e+00
2.212216e+02  6.120229e+03  9.489639e+04  5.659571e+03  2.212216e+02  2.035664e+00  2.035444e+00  2.200000e-04  8.684412e+00  8.684412e+00  8.716600e-02  1.080000e-04  3.462162e-01  8.031412e-01  8.031412e-01  8.394459e-03  1.125029e+00  6.570948e+05  3.266536e+01  2.850014e+57  3.841134e+49  7.503070e-06  -1.241984e+99  1.000000e+00  -1.000000e+00  1.000000e+00
2.212216e+02  6.875298e+03  9.489639e+04  6.414631e+03  2.212216e+02  2.008104e+00  2.007892e+00  2.120000e-04  8.604156e+00  8.604156e+00  8.605900e-02  1.060000e-04  3.447144e-01  7.944008e-01  7.944008e-01  8.364841e-03  1.145696e+00  6.531805e+05  3.143508e+01  2.793104e+57  3.697019e+49  6.719287e-06  -1.022008e+99  1.000000e+00  -1.000000e+00  1.000000e+00
2.212216e+02  7.731096e+03  9.489639e+04  7.270426e+03  2.212216e+02  1.981344e+00  1.981141e+00  2.030000e-04  8.529644e+00  8.529644e+00  8.485300e-02  1.030000e-04  3.430920e-01  7.850999e-01  7.850999e-01  8.365568e-03  1.173130e+00  6.489854e+05  3.013144e+01  2.738258e+57  3.544270e+49  5.731515e-06  -8.733093e+98  1.000000e+00  -1.000000e+00  1.000000e+00
2.212216e+02  8.701063e+03  9.489639e+04  8.240395e+03  2.212216e+02  1.955574e+00  1.955380e+00  1.940000e-04  8.461086e+00  8.461086e+00  8.354600e-02  9.900000e-05  3.413735e-01  7.754038e-01  7.754038e-01  8.391557e-03  1.206674e+00  6.437566e+05  2.875945e+01  2.679592e+57  3.383467e+49  5.213455e-06  -7.127849e+98  1.000000e+00  -1.000000e+00  1.000000e+00
2.212216e+02  9.800430e+03  9.489639e+04  9.339770e+03  2.212216e+02  1.930955e+00  1.930771e+00  1.840000e-04  8.398630e+00  8.398630e+00  8.213500e-02  9.600000e-05  3.395826e-01  7.654654e-01  7.654654e-01  8.441454e-03  1.246264e+00  6.392493e+05  2.732605e+01  2.629972e+57  3.215417e+49  5.286174e-06  -5.285095e+98  1.000000e+00  -1.000000e+00  1.000000e+00
2.212216e+02  1.104648e+04  9.489639e+04  1.058582e+04  2.212216e+02  1.907633e+00  1.907458e+00  1.740000e-04  8.342434e+00  8.342434e+00  8.061900e-02  9.100000e-05  3.377409e-01  7.554175e-01  7.554175e-01  8.511853e-03  1.291289e+00  6.346867e+05  2.584006e+01  2.583308e+57  3.041147e+49  4.960629e-06  -4.136976e+98  1.000000e+00  -1.000000e+00  1.000000e+00
2.212216e+02  1.245877e+04  9.489639e+04  1.199810e+04  2.212216e+02  1.885728e+00  1.885564e+00  1.640000e-04  8.292572e+00  8.292572e+00  7.899800e-02  8.700000e-05  3.358702e-01  7.453852e-01  7.453852e-01  8.598741e-03  1.341148e+00  6.301358e+05  2.431213e+01  2.539813e+57  2.861897e+49  4.382734e-06  -3.383773e+98  1.000000e+00  -1.000000e+00  1.000000e+00
2.212216e+02  1.405947e+04  9.489639e+04  1.359880e+04  2.212216e+02  1.865340e+00  1.865186e+00  1.540000e-04  8.248896e+00  8.248896e+00  7.727400e-02  8.200000e-05  3.339980e-01  7.355147e-01  7.355147e-01  8.701172e-03  1.395637e+00  6.248945e+05  2.275443e+01  2.493935e+57  2.679093e+49  4.121986e-06  -2.631323e+98  1.000000e+00  -1.000000e+00  1.000000e+00
2.212216e+02  1.587372e+04  9.489639e+04  1.541306e+04  2.212216e+02  1.846554e+00  1.846411e+00  1.430000e-04  8.211454e+00  8.211454e+00  7.545100e-02  7.700000e-05  3.321419e-01  7.258928e-01  7.258928e-01  8.813644e-03  1.453579e+00  6.205432e+05  2.118061e+01  2.457208e+57  2.494330e+49  4.199121e-06  -1.820504e+98  1.000000e+00  -1.000000e+00  1.000000e+00
2.212216e+02  1.793002e+04  9.489639e+04  1.746936e+04  2.212216e+02  1.829429e+00  1.829296e+00  1.320000e-04  8.179988e+00  8.179988e+00  7.353300e-02  7.200000e-05  3.303273e-01  7.166391e-01  7.166391e-01  8.934188e-03  1.514414e+00  6.163545e+05  1.960512e+01  2.423917e+57  2.309301e+49  3.974834e-06  -1.344823e+98  1.000000e+00  -1.000000e+00  1.000000e+00
2.212216e+02  2.025605e+04  9.489639e+04  1.979538e+04  2.212216e+02  1.814035e+00  1.813914e+00  1.220000e-04  8.154391e+00  8.154391e+00  7.153000e-02  6.700000e-05  3.285760e-01  7.078480e-01  7.078480e-01  9.058858e-03  1.576924e+00  6.123767e+05  1.804560e+01  2.394072e+57  2.126081e+49  3.868339e-06  -1.088809e+98  1.000000e+00  -1.000000e+00  1.000000e+00
3.039195e+02  1.030404e+02  9.650283e+04  1.000000e+00  3.039195e+02  8.327600e-02  8.280100e-02  4.750000e-04  3.270101e+01  3.270101e+01  1.119930e-01  5.704000e-03  3.761317e-03  3.782672e-03  3.782672e-03  1.283582e-02  1.136682e+10  1.233545e+04  7.052263e+01  1.007900e+56  9.606396e+49  7.836111e-06  -1.548937e+99  1.000000e+00  -1.000000e+00  0.000000e+00
3.039195e+02  1.076573e+02  9.650283e+04  1.133400e+00  3.039195e+02  8.264200e-02  8.216700e-02  4.750000e-04  2.837152e+01  2.837152e+01  1.119910e-01  5.747000e-03  4.302279e-03  4.330244e-03  4.330244e-03  1.124885e-02  5.087732e+09  1.225453e+04  7.051910e+01  1.005913e+56  9.605933e+49  8.267490e-06  9.365654e+99  1.000000e+00  1.000000e+00  0.000000e+00
3.039195e+02  1.131115e+02  9.650283e+04  1.284600e+00  3.039195e+02  8.488700e-02  8.441200e-02  4.750000e-04  2.465708e+01  2.465708e+01  1.119880e-01  5.595000e-03  5.084864e-03  5.123980e-03  5.123980e-03  1.090289e-02  2.138224e+09  1.260547e+04  7.051338e+01  1.039515e+56  9.605110e+49  6.437972e-06  3.014013e+100  1.000000e+00  1.000000e+00  0.000000e+00
3.039195e+02  1.191072e+02  9.650283e+04  1.456000e+00  3.039195e+02  8.960500e-02  8.913000e-02  4.750000e-04  2.168267e+01  2.168267e+01  1.119850e-01  5.300000e-03  6.103784e-03  6.160243e-03  6.160244e-03  1.188844e-02  9.354726e+08  1.332878e+04  7.050626e+01  1.103914e+56  9.604142e+49  6.531098e-06  4.676972e+100  1.000000e+00  1.000000e+00  0.000000e+00
3.039195e+02  1.250167e+02  9.650283e+04  1.650300e+00  3.039195e+02  9.629900e-02  9.582500e-02  4.750000e-04  1.938422e+01  1.938422e+01  1.119810e-01  4.931000e-03  7.337654e-03  7.419416e-03  7.419417e-03  1.418780e-02  4.446711e+08  1.435203e+04  7.049865e+01  1.193284e+56  9.603117e+49  6.541485e-06  5.748473e+100  1.000000e+00  1.000000e+00  0.000000e+00
3.039195e+02  1.316026e+02  9.650283e+04  1.870400e+00  3.039195e+02  1.046490e-01  1.041750e-01  4.750000e-04  1.761496e+01  1.761496e+01  1.119760e-01  4.537000e-03  8.774784e-03  8.891994e-03  8.891995e-03  1.773427e-02  2.272675e+08  1.562880e+04  7.049071e+01  1.303922e+56  9.602044e+49  6.534982e-06  6.989015e+100  1.000000e+00  1.000000e+00  0.000000e+00
3.039195e+02  1.379494e+02  9.650283e+04  2.120000e+00  3.039195e+02  1.152260e-01  1.147520e-01  4.750000e-04  1.618666e+01  1.618666e+01  1.119720e-01  4.120000e-03  1.051420e-02  1.068298e-02  1.068298e-02  2.281342e-02  1.183625e+08  1.724886e+04  7.048245e+01  1.442335e+56  9.600929e+49  6.523151e-06  6.718175e+100  1.000000e+00  1.000000e+00  0.000000e+00
3.039195e+02  1.527256e+02  9.650283e+04  2.402800e+00  3.039195e+02  1.281980e-01  1.277230e-01  4.750000e-04  1.509881e+01  1.509881e+01  1.119640e-01  3.702000e-03  1.254064e-02  1.278158e-02  1.278158e-02  2.954952e-02  6.351236e+07  1.923953e+04  7.046720e+01  1.606925e+56  9.598763e+49  6.506730e-06  1.117952e+101  1.000000e+00  1.000000e+00  0.000000e+00
3.039195e+02  1.576382e+02  9.650283e+04  2.723400e+00  3.039195e+02  1.430120e-01  1.425380e-01  4.750000e-04  1.429268e+01  1.429268e+01  1.119590e-01  3.318000e-03  1.477886e-02  1.511477e-02  1.511477e-02  3.751768e-02  3.547644e+07  2.152012e+04  7.045736e+01  1.791391e+56  9.597556e+49  6.483979e-06  1.408680e+101  1.000000e+00  1.000000e+00  0.000000e+00
3.039195e+02  1.627167e+02  9.650283e+04  3.086700e+00  3.039195e+02  1.596960e-01  1.592220e-01  4.750000e-04  1.367932e+01  1.367932e+01  1.119550e-01  2.971000e-03  1.724298e-02  1.770217e-02  1.770217e-02  4.645993e-02  2.032028e+07  2.409860e+04  7.045036e+01  1.997273e+56  9.596612e+49  6.456995e-06  1.512977e+101  1.000000e+00  1.000000e+00  0.000000e+00
3.039195e+02  1.679681e+02  9.650283e+04  3.498500e+00  3.039195e+02  1.782240e-01  1.777490e-01  4.740000e-04  1.320798e+01  1.320798e+01  1.119510e-01  2.662000e-03  1.993015e-02  2.054648e-02  2.054648e-02  5.602457e-02  1.187774e+07  2.697470e+04  7.044302e+01  2.224817e+56  9.595620e+49  6.424926e-06  1.553918e+101  1.000000e+00  1.000000e+00  0.000000e+00
3.039195e+02  1.734000e+02  9.650283e+04  3.965200e+00  3.039195e+02  1.971950e-01  1.967200e-01  4.740000e-04  1.285159e+01  1.285159e+01  1.119470e-01  2.406000e-03  2.266316e-02  2.346389e-02  2.346390e-02  6.509580e-02  7.258660e+06  2.993548e+04  7.043530e+01  2.457067e+56  9.594578e+49  6.389334e-06  1.589835e+101  1.000000e+00  1.000000e+00  0.000000e+00
3.039195e+02  1.790190e+02  9.650283e+04  4.494300e+00  3.039195e+02  2.180620e-01  2.175880e-01  4.740000e-04  1.254800e+01  1.254800e+01  1.119430e-01  2.175000e-03  2.566775e-02  2.670027e-02  2.670027e-02  7.404348e-02  4.430515e+06  3.321181e+04  7.042719e+01  2.712094e+56  9.593481e+49  6.352390e-06  1.753595e+101  1.000000e+00  1.000000e+00  0.000000e+00
3.039195e+02  1.848335e+02  9.650283e+04  5.093900e+00  3.039195e+02  2.427090e-01  2.422350e-01  4.740000e-04  1.229525e+01  1.229525e+01  1.119380e-01  1.954000e-03  2.915612e-02  3.049654e-02  3.049654e-02  8.358105e-02  2.644651e+06  3.710391e+04  7.041864e+01  3.013935e+56  9.592324e+49  6.313803e-06  1.993011e+101  1.000000e+00  1.000000e+00  0.000000e+00
3.039195e+02  1.908524e+02  9.650283e+04  5.773400e+00  3.039195e+02  2.714360e-01  2.709610e-01  4.740000e-04  1.210100e+01  1.210100e+01  1.119330e-01  1.747000e-03  3.313043e-02  3.487339e-02  3.487339e-02  9.347963e-02  1.561322e+06  4.166954e+04  7.040956e+01  3.367017e+56  9.591100e+49  6.271112e-06  2.234965e+101  1.000000e+00  1.000000e+00  0.000000e+00
3.039195e+02  1.970844e+02  9.650283e+04  6.543700e+00  3.039195e+02  3.044210e-01  3.039470e-01  4.740000e-04  1.196381e+01  1.196381e+01  1.119280e-01  1.558000e-03  3.758257e-02  3.984331e-02  3.984332e-02  1.033924e-01  9.193221e+05  4.694971e+04  7.040002e+01  3.774169e+56  9.589807e+49  6.223617e-06  2.472797e+101  1.000000e+00  1.000000e+00  0.000000e+00
3.039195e+02  2.035396e+02  9.650283e+04  7.416700e+00  3.039195e+02  3.418220e-01  3.413480e-01  4.740000e-04  1.187800e+01  1.187800e+01  1.119230e-01  1.387000e-03  4.250486e-02  4.542230e-02  4.542230e-02  1.129576e-01  5.427871e+05  5.298529e+04  7.038986e+01  4.238166e+56  9.588434e+49  6.169938e-06  2.706406e+101  1.000000e+00  1.000000e+00  0.000000e+00
3.039195e+02  2.102287e+02  9.650283e+04  8.406200e+00  3.039195e+02  3.837910e-01  3.833170e-01  4.740000e-04  1.183646e+01  1.183646e+01  1.119170e-01  1.235000e-03  4.789113e-02  5.163126e-02  5.163126e-02  1.218278e-01  3.223889e+05  5.982129e+04  7.037909e+01  4.761928e+56  9.586974e+49  6.111114e-06  2.934047e+101  1.000000e+00  1.000000e+00  0.000000e+00
3.039195e+02  2.171631e+02  9.650283e+04  9.527700e+00  3.039195e+02  4.304720e-01  4.299980e-01  4.740000e-04  1.183203e+01  1.183203e+01  1.119110e-01  1.101000e-03  5.373623e-02  5.849592e-02  5.849592e-02  1.297059e-01  1.929880e+05  6.749992e+04  7.036760e+01  5.347944e+56  9.585420e+49  6.047685e-06  2.968352e+101  1.000000e+00  1.000000e+00  0.000000e+00
3.039195e+02  4.714565e+02  9.650283e+04  1.079880e+01  3.039195e+02  4.653990e-01  4.649270e-01  4.720000e-04  1.182459e+01  1.182459e+01  1.117920e-01  1.015000e-03  5.813277e-02  6.374885e-02  6.374885e-02  1.356887e-01  1.362540e+05  7.329829e+04  7.014023e+01  5.788858e+56  9.551975e+49  5.998798e-06  8.728271e+101  1.000000e+00  1.000000e+00  1.000000e+00
3.039195e+02  4.728972e+02  9.650283e+04  1.223950e+01  3.039195e+02  4.931260e-01  4.926540e-01  4.720000e-04  1.181036e+01  1.181036e+01  1.117560e-01  9.570000e-04  6.167030e-02  6.803271e-02  6.803271e-02  1.407992e-01  1.052280e+05  7.793583e+04  7.007552e+01  6.140559e+56  9.545861e+49  5.961703e-06  8.453625e+101  1.000000e+00  1.000000e+00  1.000000e+00
3.039195e+02  4.745300e+02  9.650283e+04  1.387240e+01  3.039195e+02  5.220760e-01  5.216040e-01  4.720000e-04  1.180491e+01  1.180491e+01  1.117520e-01  9.040000e-04  6.532095e-02  7.250826e-02  7.250826e-02  1.453686e-01  8.149246e+04  8.280652e+04  7.006836e+01  6.508877e+56  9.544889e+49  5.365497e-06  4.554113e+101  1.000000e+00  1.000000e+00  1.000000e+00
3.039195e+02  4.763807e+02  9.650283e+04  1.572320e+01  3.039195e+02  5.242720e-01  5.238010e-01  4.720000e-04  1.173922e+01  1.173922e+01  1.117480e-01  9.000000e-04  6.596286e-02  7.330106e-02  7.330106e-02  1.458409e-01  7.785568e+04  8.321972e+04  7.006023e+01  6.536451e+56  9.543788e+49  4.920921e-06  -7.314061e+100  1.000000e+00  -1.000000e+00  1.000000e+00
3.039195e+02  4.784787e+02  9.650283e+04  1.782080e+01  3.039195e+02  5.144600e-01  5.139880e-01  4.720000e-04  1.159110e+01  1.159110e+01  1.117430e-01  9.170000e-04  6.555541e-02  7.279763e-02  7.279763e-02  1.422585e-01  7.833276e+04  8.168431e+04  7.005102e+01  6.409868e+56  9.542539e+49  6.791676e-06  -1.710846e+101  1.000000e+00  -1.000000e+00  1.000000e+00
3.039195e+02  4.808563e+02  9.650283e+04  2.019840e+01  3.039195e+02  5.086080e-01  5.081360e-01  4.720000e-04  1.139448e+01  1.139448e+01  1.117370e-01  9.280000e-04  6.592808e-02  7.325806e-02  7.325806e-02  1.369132e-01  7.328309e+04  8.084948e+04  7.004057e+01  6.330781e+56  9.541123e+49  -1.617504e-07  -6.031472e+100  -1.000000e+00  -1.000000e+00  1.000000e+00
3.039195e+02  4.835509e+02  9.650283e+04  2.289310e+01  3.039195e+02  5.095490e-01  5.090770e-01  4.720000e-04  1.116450e+01  1.116450e+01  1.117310e-01  9.260000e-04  6.741063e-02  7.509559e-02  7.509559e-02  1.308511e-01  6.266757e+04  8.119003e+04  7.002875e+01  6.335837e+56  9.539521e+49  3.094555e-06  6.983499e+100  1.000000e+00  1.000000e+00  1.000000e+00
3.039195e+02  4.866048e+02  9.650283e+04  2.594730e+01  3.039195e+02  5.190940e-01  5.186220e-01  4.720000e-04  1.091863e+01  1.091863e+01  1.117240e-01  9.080000e-04  7.021976e-02  7.860339e-02  7.860339e-02  1.249259e-01  4.878246e+04  8.311303e+04  7.001534e+01  6.456101e+56  9.537704e+49  5.131497e-06  1.919648e+101  1.000000e+00  1.000000e+00  1.000000e+00
3.039195e+02  4.900671e+02  9.650283e+04  2.940900e+01  3.039195e+02  5.385440e-01  5.380720e-01  4.710000e-04  1.067770e+01  1.067770e+01  1.117160e-01  8.750000e-04  7.449462e-02  8.400796e-02  8.400797e-02  1.197093e-01  3.478639e+04  8.668601e+04  7.000016e+01  6.696669e+56  9.535646e+49  5.434804e-06  2.976373e+101  1.000000e+00  1.000000e+00  1.000000e+00
3.039195e+02  4.939909e+02  9.650283e+04  3.333260e+01  3.039195e+02  5.686710e-01  5.681990e-01  4.710000e-04  1.046153e+01  1.046153e+01  1.117070e-01  8.290000e-04  8.028734e-02  9.146288e-02  9.146288e-02  1.155107e-01  2.308323e+04  9.224342e+04  6.998296e+01  7.082075e+56  9.533315e+49  5.435077e-06  3.867860e+101  1.000000e+00  1.000000e+00  1.000000e+00
3.039195e+02  4.984378e+02  9.650283e+04  3.777960e+01  3.039195e+02  6.097300e-01  6.092590e-01  4.710000e-04  1.028433e+01  1.028433e+01  1.116960e-01  7.730000e-04  8.756752e-02  1.010539e-01  1.010539e-01  1.123608e-01  1.454821e+04  9.977156e+04  6.996348e+01  7.610007e+56  9.530673e+49  5.419299e-06  4.526516e+101  1.000000e+00  1.000000e+00  1.000000e+00
3.039195e+02  5.034775e+02  9.650283e+04  4.281980e+01  3.039195e+02  6.615360e-01  6.610650e-01  4.710000e-04  1.015312e+01  1.015312e+01  1.116850e-01  7.120000e-04  9.623560e-02  1.128099e-01  1.128099e-01  1.100452e-01  8.887854e+03  1.094106e+05  6.994140e+01  8.288893e+56  9.527681e+49  5.371255e-06  4.956661e+101  1.000000e+00  1.000000e+00  1.000000e+00
3.039195e+02  5.091908e+02  9.650283e+04  4.853260e+01  3.039195e+02  7.235860e-01  7.231150e-01  4.710000e-04  1.006844e+01  1.006844e+01  1.116710e-01  6.510000e-04  1.061475e-01  1.267257e-01  1.267257e-01  1.081585e-01  5.350879e+03  1.209716e+05  6.991639e+01  9.101795e+56  9.524291e+49  5.270978e-06  5.233331e+101  1.000000e+00  1.000000e+00  1.000000e+00
3.039195e+02  5.156662e+02  9.650283e+04  5.500740e+01  3.039195e+02  7.951210e-01  7.946510e-01  4.710000e-04  1.002656e+01  1.002656e+01  1.116560e-01  5.920000e-04  1.171286e-01  1.427693e-01  1.427693e-01  1.062855e-01  3.214166e+03  1.348469e+05  6.988806e+01  1.007491e+57  9.520452e+49  5.105010e-06  5.388908e+101  1.000000e+00  1.000000e+00  1.000000e+00
3.039195e+02  5.230050e+02  9.650283e+04  6.234610e+01  3.039195e+02  8.751940e-01  8.747240e-01  4.710000e-04  1.002128e+01  1.002128e+01  1.116390e-01  5.380000e-04  1.289921e-01  1.608963e-01  1.608963e-01  1.040354e-01  1.942123e+03  1.507118e+05  6.985600e+01  1.118003e+57  9.516104e+49  5.059157e-06  5.261811e+101  1.000000e+00  1.000000e+00  1.000000e+00
3.039195e+02  5.313221e+02  9.650283e+04  7.066390e+01  3.039195e+02  9.626940e-01  9.622230e-01  4.700000e-04  1.004522e+01  1.004522e+01  1.116200e-01  4.880000e-04  1.415502e-01  1.810569e-01  1.810569e-01  1.010814e-01  1.185830e+03  1.679628e+05  6.981966e+01  1.236788e+57  9.511179e+49  4.954028e-06  5.074161e+101  1.000000e+00  1.000000e+00  1.000000e+00
3.039195e+02  5.407496e+02  9.650283e+04  8.009140e+01  3.039195e+02  1.056361e+00  1.055891e+00  4.700000e-04  1.009106e+01  1.009106e+01  1.115980e-01  4.450000e-04  1.546170e-01  2.031908e-01  2.031908e-01  9.733528e-02  7.343250e+02  1.873919e+05  6.977853e+01  1.369333e+57  9.505603e+49  4.701457e-06  4.952148e+101  1.000000e+00  1.000000e+00  1.000000e+00
3.039195e+02  5.514360e+02  9.650283e+04  9.077660e+01  3.039195e+02  1.154806e+00  1.154336e+00  4.700000e-04  1.015194e+01  1.015194e+01  1.115730e-01  4.070000e-04  1.680124e-01  2.272246e-01  2.272246e-01  9.276536e-02  4.619443e+02  2.089386e+05  6.973193e+01  1.514679e+57  9.499288e+49  4.582782e-06  4.605806e+101  1.000000e+00  1.000000e+00  1.000000e+00
3.039195e+02  5.635472e+02  9.650283e+04  1.028874e+02  3.039195e+02  1.256533e+00  1.256064e+00  4.690000e-04  1.022192e+01  1.022192e+01  1.115450e-01  3.740000e-04  1.815613e-01  2.530606e-01  2.530606e-01  8.747522e-02  2.955817e+02  2.310677e+05  6.967921e+01  1.660881e+57  9.492140e+49  4.489901e-06  4.163506e+101  1.000000e+00  1.000000e+00  1.000000e+00
3.039195e+02  5.772730e+02  9.650283e+04  1.166139e+02  3.039195e+02  1.359984e+00  1.359515e+00  4.690000e-04  1.029575e+01  1.029575e+01  1.115130e-01  3.450000e-04  1.951000e-01  2.805788e-01  2.805788e-01  8.164146e-02  1.925455e+02  2.547113e+05  6.961951e+01  1.814402e+57  9.484048e+49  4.269304e-06  3.826668e+101  1.000000e+00  1.000000e+00  1.000000e+00
3.039195e+02  5.928297e+02  9.650283e+04  1.321717e+02  3.039195e+02  1.463574e+00  1.463106e+00  4.680000e-04  1.036900e+01  1.036900e+01  1.114770e-01  3.200000e-04  2.084776e-01  3.096313e-01  3.096313e-01  7.546774e-02  1.277529e+02  2.796281e+05  6.955196e+01  1.973039e+57  9.474891e+49  4.057810e-06  3.454512e+101  1.000000e+00  1.000000e+00  1.000000e+00
3.039195e+02  6.104652e+02  9.650283e+04  1.498051e+02  3.039195e+02  1.565754e+00  1.565286e+00  4.680000e-04  1.043807e+01  1.043807e+01  1.114360e-01  2.990000e-04  2.215567e-01  3.400365e-01  3.400365e-01  6.916747e-02  8.637464e+01  3.054670e+05  6.947552e+01  2.133708e+57  9.464529e+49  3.858213e-06  3.058405e+101  1.000000e+00  1.000000e+00  1.000000e+00
3.039195e+02  6.304521e+02  9.650283e+04  1.697911e+02  3.039195e+02  1.665047e+00  1.664579e+00  4.670000e-04  1.049995e+01  1.049995e+01  1.113900e-01  2.810000e-04  2.342183e-01  3.715841e-01  3.715841e-01  6.293038e-02  5.952019e+01  3.318762e+05  6.938904e+01  2.293445e+57  9.452808e+49  3.668468e-06  2.655670e+101  1.000000e+00  1.000000e+00  1.000000e+00
3.039195e+02  6.531038e+02  9.650283e+04  1.924434e+02  3.039195e+02  1.760105e+00  1.759638e+00  4.670000e-04  1.055238e+01  1.055238e+01  1.113380e-01  2.650000e-04  2.463597e-01  4.040282e-01  4.040282e-01  5.690866e-02  4.180628e+01  3.584544e+05  6.929125e+01  2.448987e+57  9.439551e+49  3.424038e-06  2.310811e+101  1.000000e+00  1.000000e+00  1.000000e+00
3.039195e+02  6.787757e+02  9.650283e+04  2.181178e+02  3.039195e+02  1.849748e+00  1.849282e+00  4.660000e-04  1.059357e+01  1.059357e+01  1.112790e-01  2.520000e-04  2.579002e-01  4.371027e-01  4.371027e-01  5.122116e-02  2.992983e+01  3.858971e+05  6.918069e+01  2.605413e+57  9.424564e+49  3.250721e-06  1.936328e+101  1.000000e+00  1.000000e+00  1.000000e+00
3.039195e+02  7.078781e+02  9.650283e+04  2.472176e+02  3.039195e+02  1.932986e+00  1.932521e+00  4.650000e-04  1.062245e+01  1.062245e+01  1.112120e-01  2.410000e-04  2.687732e-01  4.705029e-01  4.705029e-01  4.594858e-02  2.183998e+01  4.116210e+05  6.905573e+01  2.743330e+57  9.407626e+49  3.088625e-06  1.562906e+101  1.000000e+00  1.000000e+00  1.000000e+00
3.039195e+02  7.408620e+02  9.650283e+04  2.801996e+02  3.039195e+02  2.009040e+00  2.008576e+00  4.640000e-04  1.063824e+01  1.063824e+01  1.111360e-01  2.310000e-04  2.789334e-01  5.039153e-01  5.039153e-01  4.112703e-02  1.623687e+01  4.374846e+05  6.891459e+01  2.876750e+57  9.388491e+49  2.797078e-06  1.322370e+101  1.000000e+00  1.000000e+00  1.000000e+00
3.039195e+02  7.782441e+02  9.650283e+04  3.175819e+02  3.039195e+02  2.077343e+00  2.076880e+00  4.630000e-04  1.064021e+01  1.064021e+01  1.110500e-01  2.230000e-04  2.883631e-01  5.370548e-01  5.370548e-01  3.677798e-02  1.229695e+01  4.632179e+05  6.875515e+01  3.003791e+57  9.366880e+49  2.571636e-06  1.066485e+101  1.000000e+00  1.000000e+00  1.000000e+00
3.039195e+02  8.206108e+02  9.650283e+04  3.599514e+02  3.039195e+02  2.137544e+00  2.137082e+00  4.620000e-04  1.062885e+01  1.062885e+01  1.109540e-01  2.160000e-04  2.970369e-01  5.695548e-01  5.695548e-01  3.289228e-02  9.483055e+00  4.873551e+05  6.857531e+01  3.113947e+57  9.342494e+49  2.350625e-06  8.320342e+100  1.000000e+00  1.000000e+00  1.000000e+00
3.039195e+02  8.686339e+02  9.650283e+04  4.079736e+02  3.039195e+02  2.189481e+00  2.189020e+00  4.610000e-04  1.060447e+01  1.060447e+01  1.108440e-01  2.100000e-04  3.049535e-01  6.010907e-01  6.010907e-01  2.945463e-02  7.444815e+00  5.108457e+05  6.837235e+01  3.214763e+57  9.314979e+49  2.129960e-06  6.326273e+100  1.000000e+00  1.000000e+00  1.000000e+00
3.039195e+02  9.230662e+02  9.650283e+04  4.624025e+02  3.039195e+02  2.233171e+00  2.232712e+00  4.590000e-04  1.056704e+01  1.056704e+01  1.107210e-01  2.060000e-04  3.121407e-01  6.314306e-01  6.314306e-01  2.642174e-02  5.944462e+00  5.320888e+05  6.814354e+01  3.294752e+57  9.283956e+49  1.904627e-06  4.567810e+100  1.000000e+00  1.000000e+00  1.000000e+00
3.039195e+02  9.847572e+02  9.650283e+04  5.240930e+02  3.039195e+02  2.268783e+00  2.268326e+00  4.570000e-04  1.051790e+01  1.051790e+01  1.105810e-01  2.020000e-04  3.185998e-01  6.602219e-01  6.602220e-01  2.377062e-02  4.827711e+00  5.523260e+05  6.788563e+01  3.363958e+57  9.248992e+49  1.605222e-06  3.426925e+100  1.000000e+00  1.000000e+00  1.000000e+00
3.039195e+02  1.054675e+03  9.650283e+04  5.940138e+02  3.039195e+02  2.296607e+00  2.296152e+00  4.550000e-04  1.045765e+01  1.045765e+01  1.104230e-01  1.980000e-04  3.243652e-01  6.872510e-01  6.872510e-01  2.145480e-02  3.983490e+00  5.713884e+05  6.759531e+01  3.421806e+57  9.209631e+49  1.347877e-06  2.254013e+100  1.000000e+00  1.000000e+00  1.000000e+00
3.039195e+02  1.133922e+03  9.650283e+04  6.732629e+02  3.039195e+02  2.317040e+00  2.316587e+00  4.530000e-04  1.038744e+01  1.038744e+01  1.102450e-01  1.960000e-04  3.294629e-01  7.122832e-01  7.122832e-01  1.944468e-02  3.339477e+00  5.877068e+05  6.726879e+01  3.457346e+57  9.165358e+49  1.038789e-06  1.453731e+100  1.000000e+00  1.000000e+00  1.000000e+00
3.039195e+02  1.223749e+03  9.650283e+04  7.630849e+02  3.039195e+02  2.330549e+00  2.330099e+00  4.510000e-04  1.030822e+01  1.030822e+01  1.100450e-01  1.930000e-04  3.339308e-01  7.351636e-01  7.351636e-01  1.769924e-02  2.841800e+00  6.040912e+05  6.690184e+01  3.492373e+57  9.115602e+49  6.599598e-07  9.288936e+99  1.000000e+00  1.000000e+00  1.000000e+00
3.039195e+02  1.325556e+03  9.650283e+04  8.648903e+02  3.039195e+02  2.337653e+00  2.337205e+00  4.480000e-04  1.022129e+01  1.022129e+01  1.098190e-01  1.920000e-04  3.377971e-01  7.557217e-01  7.557217e-01  1.619126e-02  2.454149e+00  6.176564e+05  6.648999e+01  3.506227e+57  9.059756e+49  3.015940e-07  2.888349e+99  1.000000e+00  1.000000e+00  1.000000e+00
3.039195e+02  1.440942e+03  9.650283e+04  9.802778e+02  3.039195e+02  2.338910e+00  2.338465e+00  4.450000e-04  1.012764e+01  1.012764e+01  1.095640e-01  1.900000e-04  3.411041e-01  7.738981e-01  7.738981e-01  1.488716e-02  2.149260e+00  6.297102e+05  6.602826e+01  3.509259e+57  8.997144e+49  -2.022643e-07  -1.592691e+99  -1.000000e+00  -1.000000e+00  1.000000e+00
3.039195e+02  1.571717e+03  9.650283e+04  1.111060e+03  3.039195e+02  2.334888e+00  2.334447e+00  4.410000e-04  1.002847e+01  1.002847e+01  1.092780e-01  1.890000e-04  3.438847e-01  7.896260e-01  7.896260e-01  1.377524e-02  1.909622e+00  6.389239e+05  6.551136e+01  3.492404e+57  8.927045e+49  -6.916688e-07  -3.871306e+99  -1.000000e+00  -1.000000e+00  1.000000e+00
3.039195e+02  1.719954e+03  9.650283e+04  1.259289e+03  3.039195e+02  2.326161e+00  2.325724e+00  4.370000e-04  9.924873e+00  9.924873e+00  1.089560e-01  1.880000e-04  3.461756e-01  8.029031e-01  8.029031e-01  1.281916e-02  1.719027e+00  6.481407e+05  6.493365e+01  3.477688e+57  8.848692e+49  -1.333167e-06  -3.890806e+99  -1.000000e+00  -1.000000e+00  1.000000e+00
3.039195e+02  1.887962e+03  9.650283e+04  1.427295e+03  3.039195e+02  2.313296e+00  2.312863e+00  4.330000e-04  9.817944e+00  9.817944e+00  1.085950e-01  1.870000e-04  3.480104e-01  8.137527e-01  8.137527e-01  1.199864e-02  1.567033e+00  6.558994e+05  6.428907e+01  3.454793e+57  8.761263e+49  -2.613380e-06  -5.645979e+99  -1.000000e+00  -1.000000e+00  1.000000e+00
3.039195e+02  2.078381e+03  9.650283e+04  1.617714e+03  3.039195e+02  2.296842e+00  2.296414e+00  4.280000e-04  9.708743e+00  9.708743e+00  1.081900e-01  1.860000e-04  3.494216e-01  8.222319e-01  8.222319e-01  1.129610e-02  1.445747e+00  6.609804e+05  6.357127e+01  3.414986e+57  8.663895e+49  -4.281425e-06  -6.847300e+99  -1.000000e+00  -1.000000e+00  1.000000e+00
3.039195e+02  2.294199e+03  9.650283e+04  1.833538e+03  3.039195e+02  2.277328e+00  2.276905e+00  4.230000e-04  9.598382e+00  9.598382e+00  1.077360e-01  1.860000e-04  3.504364e-01  8.284036e-01  8.284036e-01  1.070276e-02  1.350045e+00  6.648291e+05  6.277369e+01  3.369692e+57  8.555697e+49  -5.351689e-06  -6.116472e+99  -1.000000e+00  -1.000000e+00  1.000000e+00
3.039195e+02  2.538819e+03  9.650283e+04  2.078156e+03  3.039195e+02  2.255255e+00  2.254838e+00  4.170000e-04  9.487691e+00  9.487691e+00  1.072280e-01  1.850000e-04  3.510885e-01  8.324028e-01  8.324028e-01  1.019395e-02  1.274017e+00  6.687458e+05  6.188968e+01  3.329036e+57  8.435762e+49  -1.275724e-05  -5.729981e+99  -1.000000e+00  -1.000000e+00  1.000000e+00
3.039195e+02  2.816077e+03  9.650283e+04  2.355409e+03  3.039195e+02  2.231093e+00  2.230683e+00  4.100000e-04  9.377723e+00  9.377723e+00  1.066620e-01  1.840000e-04  3.514002e-01  8.343233e-01  8.343233e-01  9.768825e-03  1.215468e+00  6.702978e+05  6.091262e+01  3.275100e+57  8.303184e+49  -3.991925e-05  -5.903968e+99  -1.000000e+00  -1.000000e+00  1.000000e+00
3.039195e+02  3.130319e+03  9.650283e+04  2.669651e+03  3.039195e+02  2.205284e+00  2.204881e+00  4.030000e-04  9.269201e+00  9.269201e+00  1.060300e-01  1.830000e-04  3.514017e-01  8.343327e-01  8.343327e-01  9.413887e-03  1.171273e+00  6.708331e+05  5.983577e+01  3.218207e+57  8.157049e+49  3.698212e-04  -5.356903e+99  1.000000e+00  -1.000000e+00  1.000000e+00
3.039195e+02  3.486480e+03  9.650283e+04  3.025817e+03  3.039195e+02  2.178235e+00  2.177840e+00  3.950000e-04  9.162906e+00  9.162906e+00  1.053280e-01  1.810000e-04  3.511181e-01  8.325847e-01  8.325847e-01  9.121694e-03  1.139507e+00  6.704522e+05  5.865322e+01  3.159271e+57  7.996545e+49  5.932065e-05  -4.772465e+99  1.000000e+00  -1.000000e+00  1.000000e+00
3.039195e+02  3.890162e+03  9.650283e+04  3.429500e+03  3.039195e+02  2.150324e+00  2.149937e+00  3.860000e-04  9.059530e+00  9.059530e+00  1.045480e-01  1.800000e-04  3.505741e-01  8.292458e-01  8.292458e-01  8.886309e-03  1.118737e+00  6.692480e+05  5.735940e+01  3.099068e+57  7.820912e+49  1.991913e-05  -4.185603e+99  1.000000e+00  -1.000000e+00  1.000000e+00
3.039195e+02  4.347708e+03  9.650283e+04  3.887040e+03  3.039195e+02  2.121899e+00  2.121522e+00  3.770000e-04  8.959805e+00  8.959805e+00  1.036850e-01  1.780000e-04  3.497903e-01  8.244671e-01  8.244671e-01  8.700797e-03  1.107707e+00  6.673221e+05  5.594942e+01  3.038348e+57  7.629476e+49  1.319898e-05  -3.621897e+99  1.000000e+00  -1.000000e+00  1.000000e+00
3.039195e+02  4.866291e+03  9.650283e+04  4.405622e+03  3.039195e+02  2.093274e+00  2.092907e+00  3.670000e-04  8.864130e+00  8.864130e+00  1.027330e-01  1.750000e-04  3.487961e-01  8.184588e-01  8.184588e-01  8.560850e-03  1.105522e+00  6.647519e+05  5.441987e+01  2.977639e+57  7.421769e+49  9.538867e-06  -3.255327e+99  1.000000e+00  -1.000000e+00  1.000000e+00
3.039195e+02  5.454054e+03  9.650283e+04  4.993389e+03  3.039195e+02  2.064739e+00  2.064383e+00  3.560000e-04  8.773160e+00  8.773160e+00  1.016840e-01  1.720000e-04  3.476088e-01  8.113612e-01  8.113612e-01  8.460508e-03  1.111334e+00  6.606915e+05  5.276889e+01  2.910488e+57  7.197524e+49  7.524641e-06  -2.783809e+99  1.000000e+00  -1.000000e+00  1.000000e+00
3.039195e+02  6.120229e+03  9.650283e+04  5.659571e+03  3.039195e+02  2.036554e+00  2.036210e+00  3.440000e-04  8.687206e+00  8.687206e+00  1.005340e-01  1.690000e-04  3.462561e-01  8.033749e-01  8.033749e-01  8.397425e-03  1.124789e+00  6.571526e+05  5.099625e+01  2.851815e+57  6.956697e+49  7.533430e-06  -2.170113e+99  1.000000e+00  -1.000000e+00  1.000000e+00
3.039195e+02  6.875298e+03  9.650283e+04  6.414631e+03  3.039195e+02  2.008954e+00  2.008623e+00  3.310000e-04  8.606685e+00  8.606685e+00  9.927600e-02  1.650000e-04  3.447591e-01  7.946588e-01  7.946588e-01  8.366379e-03  1.145187e+00  6.532463e+05  4.910405e+01  2.794792e+57  6.699569e+49  6.742023e-06  -1.787115e+99  1.000000e+00  -1.000000e+00  1.000000e+00
3.039195e+02  7.731096e+03  9.650283e+04  7.270426e+03  3.039195e+02  1.982152e+00  1.981834e+00  3.170000e-04  8.531927e+00  8.531927e+00  9.790600e-02  1.600000e-04  3.431401e-01  7.853731e-01  7.853731e-01  8.366609e-03  1.172483e+00  6.490598e+05  4.709703e+01  2.739848e+57  6.426765e+49  5.750968e-06  -1.527797e+99  1.000000e+00  -1.000000e+00  1.000000e+00
3.039195e+02  8.701063e+03  9.650283e+04  8.240395e+03  3.039195e+02  1.956333e+00  1.956030e+00  3.030000e-04  8.463170e+00  8.463170e+00  9.641900e-02  1.550000e-04  3.414219e-01  7.756747e-01  7.756747e-01  8.391327e-03  1.205810e+00  6.438384e+05  4.498249e+01  2.681089e+57  6.139266e+49  5.228398e-06  -1.242762e+99  1.000000e+00  -1.000000e+00  1.000000e+00
3.039195e+02  9.800430e+03  9.650283e+04  9.339770e+03  3.039195e+02  1.931662e+00  1.931374e+00  2.880000e-04  8.400479e+00  8.400479e+00  9.481400e-02  1.490000e-04  3.396321e-01  7.657381e-01  7.657381e-01  8.440899e-03  1.245269e+00  6.393343e+05  4.277079e+01  2.631357e+57  5.838469e+49  5.300719e-06  -9.262933e+98  1.000000e+00  -1.000000e+00  1.000000e+00
3.039195e+02  1.104648e+04  9.650283e+04  1.058582e+04  3.039195e+02  1.908284e+00  1.908011e+00  2.730000e-04  8.344089e+00  8.344089e+00  9.308800e-02  1.430000e-04  3.377891e-01  7.556784e-01  7.556784e-01  8.510011e-03  1.290051e+00  6.347745e+05  4.047518e+01  2.584592e+57  5.526157e+49  4.970820e-06  -7.260128e+98  1.000000e+00  -1.000000e+00  1.000000e+00
3.039195e+02  1.245877e+04  9.650283e+04  1.199810e+04  3.039195e+02  1.886320e+00  1.886063e+00  2.570000e-04  8.293949e+00  8.293949e+00  9.124100e-02  1.360000e-04  3.359199e-01  7.456494e-01  7.456494e-01  8.594839e-03  1.339561e+00  6.302176e+05  3.811182e+01  2.540942e+57  5.204523e+49  4.390306e-06  -5.944323e+98  1.000000e+00  -1.000000e+00  1.000000e+00
3.039195e+02  1.405947e+04  9.650283e+04  1.359880e+04  3.039195e+02  1.865875e+00  1.865634e+00  2.410000e-04  8.250113e+00  8.250113e+00  8.927500e-02  1.290000e-04  3.340444e-01  7.357577e-01  7.357577e-01  8.698221e-03  1.394145e+00  6.249766e+05  3.569910e+01  2.494970e+57  4.876060e+49  4.128827e-06  -4.626114e+98  1.000000e+00  -1.000000e+00  1.000000e+00
3.039195e+02  1.587372e+04  9.650283e+04  1.541306e+04  3.039195e+02  1.847030e+00  1.846805e+00  2.240000e-04  8.212423e+00  8.212423e+00  8.719400e-02  1.210000e-04  3.321882e-01  7.261311e-01  7.261311e-01  8.810894e-03  1.452179e+00  6.206166e+05  3.325809e+01  2.458093e+57  4.543625e+49  4.203994e-06  -3.206909e+98  1.000000e+00  -1.000000e+00  1.000000e+00
3.039195e+02  1.793002e+04  9.650283e+04  1.746936e+04  3.039195e+02  1.829847e+00  1.829639e+00  2.080000e-04  8.180740e+00  8.180740e+00  8.500200e-02  1.140000e-04  3.303725e-01  7.168678e-01  7.168678e-01  8.931741e-03  1.513070e+00  6.164205e+05  3.081090e+01  2.424675e+57  4.210226e+49  3.982186e-06  -2.369852e+98  1.000000e+00  -1.000000e+00  1.000000e+00
3.039195e+02  2.025605e+04  9.650283e+04  1.979538e+04  3.039195e+02  1.814399e+00  1.814207e+00  1.910000e-04  8.155017e+00  8.155017e+00  8.271100e-02  1.060000e-04  3.286166e-01  7.080500e-01  7.080500e-01  9.055197e-03  1.575287e+00  6.124387e+05  2.838507e+01  2.394738e+57  3.879613e+49  3.877473e-06  -1.919816e+98  1.000000e+00  -1.000000e+00  1.000000e+00
4.175319e+02  1.030404e+02  9.816773e+04  1.000000e+00  4.175319e+02  1.052060e-01  1.044710e-01  7.350000e-04  4.869546e+01  4.869546e+01  1.288230e-01  6.985000e-03  3.191044e-03  3.206400e-03  3.206401e-03  2.495348e-02  5.027765e+10  1.552509e+04  1.092963e+02  1.254731e+56  1.727119e+50  6.768245e-06  -2.071955e+101  1.000000e+00  -1.000000e+00  0.000000e+00
4.175319e+02  1.076573e+02  9.816773e+04  1.133400e+00  4.175319e+02  9.197100e-02  9.123600e-02  7.350000e-04  4.197228e+01  4.197228e+01  1.288210e-01  7.990000e-03  3.236454e-03  3.252251e-03  3.252251e-03  1.870169e-02  3.511080e+10  1.356965e+04  1.092901e+02  1.100703e+56  1.727029e+50  6.791840e-06  -1.556827e+101  1.000000e+00  -1.000000e+00  0.000000e+00
4.175319e+02  1.131115e+02  9.816773e+04  1.284600e+00  4.175319e+02  8.458300e-02  8.384800e-02  7.350000e-04  3.567494e+01  3.567494e+01  1.288170e-01  8.687000e-03  3.501891e-03  3.520394e-03  3.520394e-03  1.432247e-02  1.813060e+10  1.248403e+04  1.092817e+02  1.017391e+56  1.726892e+50  6.945891e-06  -6.191218e+100  1.000000e+00  -1.000000e+00  0.000000e+00
4.175319e+02  1.191072e+02  9.816773e+04  1.456000e+00  4.175319e+02  8.199300e-02  8.125800e-02  7.350000e-04  3.008596e+01  3.008596e+01  1.288130e-01  8.960000e-03  4.025257e-03  4.049726e-03  4.049726e-03  1.166385e-02  7.358318e+09  1.211367e+04  1.092713e+02  9.925361e+55  1.726724e+50  4.257581e-06  1.925909e+99  1.000000e+00  1.000000e+00  0.000000e+00
4.175319e+02  1.250167e+02  9.816773e+04  1.650300e+00  4.175319e+02  8.368000e-02  8.294500e-02  7.350000e-04  2.537595e+01  2.537595e+01  1.288090e-01  8.779000e-03  4.870579e-03  4.906454e-03  4.906454e-03  1.074821e-02  2.614195e+09  1.238355e+04  1.092598e+02  1.020290e+56  1.726544e+50  6.318514e-06  4.734984e+100  1.000000e+00  1.000000e+00  0.000000e+00
4.175319e+02  1.316026e+02  9.816773e+04  1.870400e+00  4.175319e+02  8.891300e-02  8.817900e-02  7.350000e-04  2.176386e+01  2.176386e+01  1.288040e-01  8.261000e-03  6.034097e-03  6.089268e-03  6.089269e-03  1.167736e-02  9.731723e+08  1.318646e+04  1.092476e+02  1.092007e+56  1.726352e+50  6.528405e-06  8.548404e+100  1.000000e+00  1.000000e+00  0.000000e+00
4.175319e+02  1.379494e+02  9.816773e+04  2.120000e+00  4.175319e+02  9.678800e-02  9.605400e-02  7.340000e-04  1.912028e+01  1.912028e+01  1.287990e-01  7.588000e-03  7.476697e-03  7.561607e-03  7.561608e-03  1.437007e-02  4.100353e+08  1.438987e+04  1.092349e+02  1.197000e+56  1.726155e+50  6.541629e-06  8.787005e+100  1.000000e+00  1.000000e+00  0.000000e+00
4.175319e+02  1.527256e+02  9.816773e+04  2.402800e+00  4.175319e+02  1.063990e-01  1.056650e-01  7.340000e-04  1.724323e+01  1.724323e+01  1.287910e-01  6.901000e-03  9.113833e-03  9.240349e-03  9.240350e-03  1.851845e-02  1.963376e+08  1.585971e+04  1.092135e+02  1.324044e+56  1.725800e+50  6.533582e-06  1.677805e+101  1.000000e+00  1.000000e+00  0.000000e+00
4.175319e+02  1.576382e+02  9.816773e+04  2.723400e+00  4.175319e+02  1.189790e-01  1.182450e-01  7.340000e-04  1.576632e+01  1.576632e+01  1.287840e-01  6.171000e-03  1.114604e-02  1.133592e-02  1.133592e-02  2.468074e-02  9.564561e+07  1.778715e+04  1.091968e+02  1.486951e+56  1.725556e+50  6.518660e-06  2.235948e+101  1.000000e+00  1.000000e+00  0.000000e+00
4.175319e+02  1.627167e+02  9.816773e+04  3.086700e+00  4.175319e+02  1.347310e-01  1.339970e-01  7.340000e-04  1.466640e+01  1.466640e+01  1.287790e-01  5.449000e-03  1.356830e-02  1.385085e-02  1.385085e-02  3.297709e-02  4.780474e+07  2.020736e+04  1.091853e+02  1.685023e+56  1.725383e+50  6.496660e-06  2.530284e+101  1.000000e+00  1.000000e+00  0.000000e+00
4.175319e+02  1.679681e+02  9.816773e+04  3.498500e+00  4.175319e+02  1.527980e-01  1.520640e-01  7.340000e-04  1.387794e+01  1.387794e+01  1.287750e-01  4.804000e-03  1.626199e-02  1.666974e-02  1.666974e-02  4.267972e-02  2.501849e+07  2.299424e+04  1.091741e+02  1.908807e+56  1.725208e+50  6.468034e-06  2.739658e+101  1.000000e+00  1.000000e+00  0.000000e+00
4.175319e+02  1.734000e+02  9.816773e+04  3.965200e+00  4.175319e+02  1.730010e-01  1.722670e-01  7.340000e-04  1.330279e+01  1.330279e+01  1.287700e-01  4.243000e-03  1.920822e-02  1.977999e-02  1.977999e-02  5.324052e-02  1.357417e+07  2.612583e+04  1.091623e+02  2.157305e+56  1.725023e+50  6.433569e-06  2.848225e+101  1.000000e+00  1.000000e+00  0.000000e+00
4.175319e+02  1.790190e+02  9.816773e+04  4.494300e+00  4.175319e+02  1.941320e-01  1.933980e-01  7.340000e-04  1.288439e+01  1.288439e+01  1.287660e-01  3.780000e-03  2.225439e-02  2.302595e-02  2.302595e-02  6.351458e-02  7.757117e+06  2.942001e+04  1.091499e+02  2.416219e+56  1.724829e+50  6.394587e-06  2.920499e+101  1.000000e+00  1.000000e+00  0.000000e+00
4.175319e+02  1.848335e+02  9.816773e+04  5.093900e+00  4.175319e+02  2.170180e-01  2.162840e-01  7.340000e-04  1.254567e+01  1.254567e+01  1.287600e-01  3.381000e-03  2.554956e-02  2.657238e-02  2.657239e-02  7.342308e-02  4.495986e+06  3.301130e+04  1.091368e+02  2.696014e+56  1.724624e+50  6.354118e-06  3.197453e+101  1.000000e+00  1.000000e+00  0.000000e+00
4.175319e+02  1.908524e+02  9.816773e+04  5.773400e+00  4.175319e+02  2.440890e-01  2.433560e-01  7.340000e-04  1.227186e+01  1.227186e+01  1.287550e-01  3.006000e-03  2.937783e-02  3.073924e-02  3.073924e-02  8.388952e-02  2.555760e+06  3.728653e+04  1.091230e+02  3.027625e+56  1.724408e+50  6.311791e-06  3.640857e+101  1.000000e+00  1.000000e+00  0.000000e+00
4.175319e+02  1.970844e+02  9.816773e+04  6.543700e+00  4.175319e+02  2.757290e-01  2.749950e-01  7.340000e-04  1.206932e+01  1.206932e+01  1.287490e-01  2.661000e-03  3.374281e-02  3.555276e-02  3.555277e-02  9.465415e-02  1.442591e+06  4.231845e+04  1.091085e+02  3.416717e+56  1.724179e+50  6.264743e-06  4.089796e+101  1.000000e+00  1.000000e+00  0.000000e+00
4.175319e+02  2.035396e+02  9.816773e+04  7.416700e+00  4.175319e+02  3.120920e-01  3.113580e-01  7.330000e-04  1.193356e+01  1.193356e+01  1.287430e-01  2.350000e-03  3.862724e-02  4.101989e-02  4.101989e-02  1.052869e-01  8.162301e+05  4.814768e+04  1.090930e+02  3.866020e+56  1.723936e+50  6.212293e-06  4.526612e+101  1.000000e+00  1.000000e+00  0.000000e+00
4.175319e+02  2.102287e+02  9.816773e+04  8.406200e+00  4.175319e+02  3.532990e-01  3.525660e-01  7.330000e-04  1.185564e+01  1.185564e+01  1.287370e-01  2.076000e-03  4.401483e-02  4.715180e-02  4.715180e-02  1.153666e-01  4.655808e+05  5.481243e+04  1.090766e+02  4.377984e+56  1.723679e+50  6.153913e-06  4.948978e+101  1.000000e+00  1.000000e+00  0.000000e+00
4.175319e+02  2.171631e+02  9.816773e+04  9.527700e+00  4.175319e+02  3.994660e-01  3.987330e-01  7.330000e-04  1.182572e+01  1.182572e+01  1.287300e-01  1.836000e-03  4.989232e-02  5.396646e-02  5.396647e-02  1.244922e-01  2.684603e+05  6.235470e+04  1.090591e+02  4.955157e+56  1.723404e+50  6.089206e-06  5.025455e+101  1.000000e+00  1.000000e+00  0.000000e+00
4.175319e+02  4.714565e+02  9.816773e+04  1.079880e+01  4.175319e+02  4.341920e-01  4.334600e-01  7.310000e-04  1.180400e+01  1.180400e+01  1.286180e-01  1.684000e-03  5.432927e-02  5.919993e-02  5.919993e-02  1.313851e-01  1.850505e+05  6.808057e+04  1.087705e+02  5.391807e+56  1.718301e+50  6.041962e-06  1.492598e+102  1.000000e+00  1.000000e+00  1.000000e+00
4.175319e+02  4.728972e+02  9.816773e+04  1.223950e+01  4.175319e+02  4.619260e-01  4.611960e-01  7.300000e-04  1.178030e+01  1.178030e+01  1.285550e-01  1.581000e-03  5.791592e-02  6.348793e-02  6.348793e-02  1.372146e-01  1.403877e+05  7.268518e+04  1.086149e+02  5.741938e+56  1.716426e+50  6.003930e-06  1.489800e+102  1.000000e+00  1.000000e+00  1.000000e+00
4.175319e+02  4.745300e+02  9.816773e+04  1.387240e+01  4.175319e+02  4.928000e-01  4.920700e-01  7.300000e-04  1.177008e+01  1.177008e+01  1.285500e-01  1.482000e-03  6.184045e-02  6.824006e-02  6.824006e-02  1.426856e-01  1.051784e+05  7.784622e+04  1.086040e+02  6.133390e+56  1.716255e+50  5.959737e-06  1.356023e+102  1.000000e+00  1.000000e+00  1.000000e+00
4.175319e+02  4.763807e+02  9.816773e+04  1.572320e+01  4.175319e+02  5.214400e-01  5.207100e-01  7.300000e-04  1.176400e+01  1.176400e+01  1.285450e-01  1.400000e-03  6.546827e-02  7.269006e-02  7.269006e-02  1.470545e-01  8.151428e+04  8.266874e+04  1.085916e+02  6.497829e+56  1.716061e+50  7.493708e-06  6.091719e+101  1.000000e+00  1.000000e+00  1.000000e+00
4.175319e+02  4.784787e+02  9.816773e+04  1.782080e+01  4.175319e+02  5.194010e-01  5.186710e-01  7.300000e-04  1.167328e+01  1.167328e+01  1.285400e-01  1.406000e-03  6.571908e-02  7.299977e-02  7.299977e-02  1.462276e-01  7.952078e+04  8.239337e+04  1.085776e+02  6.471346e+56  1.715841e+50  7.235462e-06  -1.847645e+101  1.000000e+00  -1.000000e+00  1.000000e+00
4.175319e+02  4.808563e+02  9.816773e+04  2.019840e+01  4.175319e+02  5.105670e-01  5.098370e-01  7.300000e-04  1.150072e+01  1.150072e+01  1.285340e-01  1.430000e-03  6.557055e-02  7.281633e-02  7.281633e-02  1.415782e-01  7.786842e+04  8.100955e+04  1.085618e+02  6.353599e+56  1.715591e+50  7.881763e-06  -2.158183e+101  1.000000e+00  -1.000000e+00  1.000000e+00
4.175319e+02  4.835509e+02  9.816773e+04  2.289310e+01  4.175319e+02  5.071800e-01  5.064500e-01  7.300000e-04  1.127867e+01  1.127867e+01  1.285270e-01  1.439000e-03  6.641802e-02  7.386426e-02  7.386427e-02  1.353400e-01  6.980805e+04  8.060265e+04  1.085438e+02  6.303880e+56  1.715309e+50  1.047525e-05  -2.018452e+99  1.000000e+00  -1.000000e+00  1.000000e+00
4.175319e+02  4.866048e+02  9.816773e+04  2.594730e+01  4.175319e+02  5.122530e-01  5.115230e-01  7.300000e-04  1.102750e+01  1.102750e+01  1.285190e-01  1.424000e-03  6.861026e-02  7.658940e-02  7.658940e-02  1.287431e-01  5.645335e+04  8.173790e+04  1.085235e+02  6.365606e+56  1.714989e+50  4.692108e-06  2.260681e+101  1.000000e+00  1.000000e+00  1.000000e+00
4.175319e+02  4.900671e+02  9.816773e+04  2.940900e+01  4.175319e+02  5.275820e-01  5.268530e-01  7.300000e-04  1.077101e+01  1.077101e+01  1.285100e-01  1.383000e-03  7.234621e-02  8.128166e-02  8.128166e-02  1.226665e-01  4.126235e+04  8.464926e+04  1.085004e+02  6.556956e+56  1.714626e+50  5.357454e-06  4.255619e+101  1.000000e+00  1.000000e+00  1.000000e+00
4.175319e+02  4.939909e+02  9.816773e+04  3.333260e+01  4.175319e+02  5.542280e-01  5.534980e-01  7.290000e-04  1.053348e+01  1.053348e+01  1.284990e-01  1.316000e-03  7.771379e-02  8.813193e-02  8.813193e-02  1.176347e-01  2.766658e+04  8.948487e+04  1.084743e+02  6.888713e+56  1.714215e+50  5.455753e-06  6.014758e+101  1.000000e+00  1.000000e+00  1.000000e+00
4.175319e+02  4.984378e+02  9.816773e+04  3.777960e+01  4.175319e+02  5.925730e-01  5.918440e-01  7.290000e-04  1.033375e+01  1.033375e+01  1.284880e-01  1.230000e-03  8.469653e-02  9.724149e-02  9.724149e-02  1.138116e-01  1.740970e+04  9.661845e+04  1.084447e+02  7.387917e+56  1.713750e+50  5.411166e-06  7.363132e+101  1.000000e+00  1.000000e+00  1.000000e+00
4.175319e+02  5.034775e+02  9.816773e+04  4.281980e+01  4.175319e+02  6.424490e-01  6.417200e-01  7.290000e-04  1.018226e+01  1.018226e+01  1.284740e-01  1.135000e-03  9.319144e-02  1.086385e-01  1.086385e-01  1.110456e-01  1.053251e+04  1.057581e+05  1.084111e+02  8.030700e+56  1.713222e+50  5.382183e-06  8.274539e+101  1.000000e+00  1.000000e+00  1.000000e+00
4.175319e+02  5.091908e+02  9.816773e+04  4.853260e+01  4.175319e+02  7.032780e-01  7.025500e-01  7.290000e-04  1.008130e+01  1.008130e+01  1.284590e-01  1.036000e-03  1.030369e-01  1.223024e-01  1.223025e-01  1.089376e-01  6.253513e+03  1.172617e+05  1.083731e+02  8.841203e+56  1.712625e+50  5.246003e-06  8.918676e+101  1.000000e+00  1.000000e+00  1.000000e+00
4.175319e+02  5.156662e+02  9.816773e+04  5.500740e+01  4.175319e+02  7.742100e-01  7.734810e-01  7.280000e-04  1.002745e+01  1.002745e+01  1.284420e-01  9.410000e-04  1.140381e-01  1.381847e-01  1.381847e-01  1.069969e-01  3.698551e+03  1.309121e+05  1.083301e+02  9.799827e+56  1.711948e+50  5.205595e-06  9.046201e+101  1.000000e+00  1.000000e+00  1.000000e+00
4.175319e+02  5.230050e+02  9.816773e+04  6.234610e+01  4.175319e+02  8.541940e-01  8.534660e-01  7.280000e-04  1.001412e+01  1.001412e+01  1.284230e-01  8.520000e-04  1.259868e-01  1.562229e-01  1.562229e-01  1.047476e-01  2.199971e+03  1.462464e+05  1.082814e+02  1.086807e+57  1.711182e+50  5.091069e-06  9.024056e+101  1.000000e+00  1.000000e+00  1.000000e+00
4.175319e+02  5.313221e+02  9.816773e+04  7.066390e+01  4.175319e+02  9.420240e-01  9.412970e-01  7.280000e-04  1.003308e+01  1.003308e+01  1.284010e-01  7.720000e-04  1.386787e-01  1.763545e-01  1.763545e-01  1.018871e-01  1.324287e+03  1.640032e+05  1.082261e+02  1.209693e+57  1.710314e+50  4.943744e-06  8.818063e+101  1.000000e+00  1.000000e+00  1.000000e+00
4.175319e+02  5.407496e+02  9.816773e+04  8.009140e+01  4.175319e+02  1.036358e+00  1.035631e+00  7.270000e-04  1.007634e+01  1.007634e+01  1.283770e-01  7.020000e-04  1.519108e-01  1.985046e-01  1.985046e-01  9.822033e-02  8.094084e+02  1.830954e+05  1.081636e+02  1.340056e+57  1.709331e+50  4.816830e-06  8.386036e+101  1.000000e+00  1.000000e+00  1.000000e+00
4.175319e+02  5.514360e+02  9.816773e+04  9.077660e+01  4.175319e+02  1.135732e+00  1.135005e+00  7.270000e-04  1.013640e+01  1.013640e+01  1.283490e-01  6.400000e-04  1.654906e-01  2.225900e-01  2.225900e-01  9.374102e-02  5.034632e+02  2.043349e+05  1.080929e+02  1.483468e+57  1.708218e+50  4.620450e-06  7.945175e+101  1.000000e+00  1.000000e+00  1.000000e+00
4.175319e+02  5.635472e+02  9.816773e+04  1.028874e+02  4.175319e+02  1.238583e+00  1.237857e+00  7.260000e-04  1.020666e+01  1.020666e+01  1.283170e-01  5.860000e-04  1.792351e-01  2.485087e-01  2.485087e-01  8.844634e-02  3.187667e+02  2.268973e+05  1.080128e+02  1.633277e+57  1.706959e+50  4.441291e-06  7.362186e+101  1.000000e+00  1.000000e+00  1.000000e+00
4.175319e+02  5.772730e+02  9.816773e+04  1.166139e+02  4.175319e+02  1.343302e+00  1.342576e+00  7.260000e-04  1.028157e+01  1.028157e+01  1.282810e-01  5.400000e-04  1.929727e-01  2.761346e-01  2.761347e-01  8.259961e-02  2.057841e+02  2.511650e+05  1.079221e+02  1.791879e+57  1.705533e+50  4.269625e-06  6.697168e+101  1.000000e+00  1.000000e+00  1.000000e+00
4.175319e+02  5.928297e+02  9.816773e+04  1.321717e+02  4.175319e+02  1.448246e+00  1.447521e+00  7.250000e-04  1.035635e+01  1.035635e+01  1.282410e-01  5.010000e-04  2.065463e-01  3.053145e-01  3.053145e-01  7.638208e-02  1.354609e+02  2.760159e+05  1.078195e+02  1.950357e+57  1.703919e+50  4.119094e-06  5.940507e+101  1.000000e+00  1.000000e+00  1.000000e+00
4.175319e+02  6.104652e+02  9.816773e+04  1.498051e+02  4.175319e+02  1.551827e+00  1.551103e+00  7.240000e-04  1.042720e+01  1.042720e+01  1.281950e-01  4.670000e-04  2.198150e-01  3.358650e-01  3.358650e-01  7.001808e-02  9.095629e+01  3.018393e+05  1.077034e+02  2.111286e+57  1.702093e+50  3.847447e-06  5.376147e+101  1.000000e+00  1.000000e+00  1.000000e+00
4.175319e+02  6.304521e+02  9.816773e+04  1.697911e+02  4.175319e+02  1.652529e+00  1.651805e+00  7.230000e-04  1.049096e+01  1.049096e+01  1.281430e-01  4.380000e-04  2.326566e-01  3.675723e-01  3.675723e-01  6.369954e-02  6.229673e+01  3.292509e+05  1.075720e+02  2.278867e+57  1.700027e+50  3.643913e-06  4.707361e+101  1.000000e+00  1.000000e+00  1.000000e+00
4.175319e+02  6.531038e+02  9.816773e+04  1.924434e+02  4.175319e+02  1.748975e+00  1.748253e+00  7.220000e-04  1.054525e+01  1.054525e+01  1.280840e-01  4.130000e-04  2.449674e-01  4.001907e-01  4.001907e-01  5.759364e-02  4.352528e+01  3.559311e+05  1.074234e+02  2.435491e+57  1.697691e+50  3.528252e-06  3.907564e+101  1.000000e+00  1.000000e+00  1.000000e+00
4.175319e+02  6.787757e+02  9.816773e+04  2.181178e+02  4.175319e+02  1.839957e+00  1.839235e+00  7.210000e-04  1.058826e+01  1.058826e+01  1.280170e-01  3.920000e-04  2.566639e-01  4.334473e-01  4.334473e-01  5.182786e-02  3.102038e+01  3.823610e+05  1.072555e+02  2.584624e+57  1.695050e+50  3.289703e-06  3.330674e+101  1.000000e+00  1.000000e+00  1.000000e+00
4.175319e+02  7.078781e+02  9.816773e+04  2.472176e+02  4.175319e+02  1.924466e+00  1.923746e+00  7.200000e-04  1.061873e+01  1.061873e+01  1.279420e-01  3.740000e-04  2.676820e-01  4.670453e-01  4.670453e-01  4.647076e-02  2.254178e+01  4.093272e+05  1.070656e+02  2.732048e+57  1.692064e+50  3.051138e-06  2.803864e+101  1.000000e+00  1.000000e+00  1.000000e+00
4.175319e+02  7.408620e+02  9.816773e+04  2.801996e+02  4.175319e+02  2.001709e+00  2.000991e+00  7.180000e-04  1.063587e+01  1.063587e+01  1.278560e-01  3.590000e-04  2.779775e-01  5.006745e-01  5.006746e-01  4.157069e-02  1.669744e+01  4.353237e+05  1.068511e+02  2.866688e+57  1.688691e+50  2.824694e-06  2.297966e+101  1.000000e+00  1.000000e+00  1.000000e+00
4.175319e+02  7.782441e+02  9.816773e+04  3.175819e+02  4.175319e+02  2.071115e+00  2.070399e+00  7.170000e-04  1.063938e+01  1.063938e+01  1.277600e-01  3.460000e-04  2.875211e-01  5.340060e-01  5.340060e-01  3.715414e-02  1.260572e+01  4.612359e+05  1.066089e+02  2.995261e+57  1.684881e+50  2.597720e-06  1.854489e+101  1.000000e+00  1.000000e+00  1.000000e+00
4.175319e+02  8.206108e+02  9.816773e+04  3.599514e+02  4.175319e+02  2.132325e+00  2.131610e+00  7.150000e-04  1.062925e+01  1.062925e+01  1.276510e-01  3.350000e-04  2.963006e-01  5.667155e-01  5.667155e-01  3.321034e-02  9.694300e+00  4.855063e+05  1.063354e+02  3.106530e+57  1.680580e+50  2.444941e-06  1.385039e+101  1.000000e+00  1.000000e+00  1.000000e+00
4.175319e+02  8.686339e+02  9.816773e+04  4.079736e+02  4.175319e+02  2.185178e+00  2.184465e+00  7.130000e-04  1.060572e+01  1.060572e+01  1.275270e-01  3.260000e-04  3.043185e-01  5.984909e-01  5.984909e-01  2.971771e-02  7.590696e+00  5.077676e+05  1.060268e+02  3.198194e+57  1.675728e+50  2.166735e-06  1.086709e+101  1.000000e+00  1.000000e+00  1.000000e+00
4.175319e+02  9.230662e+02  9.816773e+04  4.624025e+02  4.175319e+02  2.229691e+00  2.228980e+00  7.110000e-04  1.056940e+01  1.056940e+01  1.273880e-01  3.190000e-04  3.115844e-01  6.290206e-01  6.290206e-01  2.664551e-02  6.048577e+00  5.305430e+05  1.056790e+02  3.289686e+57  1.670257e+50  1.864292e-06  8.579661e+100  1.000000e+00  1.000000e+00  1.000000e+00
4.175319e+02  9.847572e+02  9.816773e+04  5.240930e+02  4.175319e+02  2.266037e+00  2.265329e+00  7.080000e-04  1.052105e+01  1.052105e+01  1.272300e-01  3.120000e-04  3.181189e-01  6.580256e-01  6.580256e-01  2.395655e-02  4.902102e+00  5.509210e+05  1.052869e+02  3.359933e+57  1.664091e+50  1.628784e-06  5.988505e+100  1.000000e+00  1.000000e+00  1.000000e+00
4.175319e+02  1.054675e+03  9.816773e+04  5.940138e+02  4.175319e+02  2.294512e+00  2.293807e+00  7.050000e-04  1.046148e+01  1.046148e+01  1.270530e-01  3.070000e-04  3.239508e-01  6.852639e-01  6.852640e-01  2.161311e-02  4.038606e+00  5.701240e+05  1.048455e+02  3.418776e+57  1.657148e+50  1.372330e-06  3.948508e+100  1.000000e+00  1.000000e+00  1.000000e+00
4.175319e+02  1.133922e+03  9.816773e+04  6.732629e+02  4.175319e+02  2.315517e+00  2.314816e+00  7.020000e-04  1.039184e+01  1.039184e+01  1.268520e-01  3.030000e-04  3.291072e-01  7.105000e-01  7.105000e-01  1.957744e-02  3.380392e+00  5.865650e+05  1.043489e+02  3.455134e+57  1.649336e+50  1.095299e-06  2.230631e+100  1.000000e+00  1.000000e+00  1.000000e+00
4.175319e+02  1.223749e+03  9.816773e+04  7.630849e+02  4.175319e+02  2.329525e+00  2.328827e+00  6.980000e-04  1.031319e+01  1.031319e+01  1.266260e-01  3.000000e-04  3.336229e-01  7.335576e-01  7.335576e-01  1.781356e-02  2.873284e+00  6.016624e+05  1.037907e+02  3.480395e+57  1.640557e+50  7.135510e-07  1.564034e+100  1.000000e+00  1.000000e+00  1.000000e+00
4.175319e+02  1.325556e+03  9.816773e+04  8.648903e+02  4.175319e+02  2.337062e+00  2.336368e+00  6.940000e-04  1.022644e+01  1.022644e+01  1.263710e-01  2.970000e-04  3.375416e-01  7.543408e-01  7.543408e-01  1.628493e-02  2.477775e+00  6.167594e+05  1.031641e+02  3.505546e+57  1.630700e+50  2.961582e-07  6.075145e+99  1.000000e+00  1.000000e+00  1.000000e+00
4.175319e+02  1.440942e+03  9.816773e+04  9.802778e+02  4.175319e+02  2.338691e+00  2.338002e+00  6.890000e-04  1.013312e+01  1.013312e+01  1.260840e-01  2.950000e-04  3.408875e-01  7.726902e-01  7.726902e-01  1.496570e-02  2.167412e+00  6.275357e+05  1.024616e+02  3.498817e+57  1.619649e+50  -9.800052e-08  -3.067094e+99  -1.000000e+00  -1.000000e+00  1.000000e+00
4.175319e+02  1.571717e+03  9.816773e+04  1.111060e+03  4.175319e+02  2.334988e+00  2.334304e+00  6.840000e-04  1.003413e+01  1.003413e+01  1.257610e-01  2.930000e-04  3.437056e-01  7.886002e-01  7.886002e-01  1.384094e-02  1.923693e+00  6.382490e+05  1.016749e+02  3.492958e+57  1.607273e+50  -6.464036e-07  -3.983670e+99  -1.000000e+00  -1.000000e+00  1.000000e+00
4.175319e+02  1.719954e+03  9.816773e+04  1.259289e+03  4.175319e+02  2.326529e+00  2.325852e+00  6.780000e-04  9.930626e+00  9.930626e+00  1.253980e-01  2.910000e-04  3.460298e-01  8.020496e-01  8.020496e-01  1.287230e-02  1.729789e+00  6.475660e+05  1.007954e+02  3.478739e+57  1.593435e+50  -1.512123e-06  -8.112781e+99  -1.000000e+00  -1.000000e+00  1.000000e+00
4.175319e+02  1.887962e+03  9.816773e+04  1.427295e+03  4.175319e+02  2.313889e+00  2.313218e+00  6.710000e-04  9.823779e+00  9.823779e+00  1.249910e-01  2.900000e-04  3.478930e-01  8.130524e-01  8.130524e-01  1.204526e-02  1.575758e+00  6.540971e+05  9.981367e+01  3.446393e+57  1.577989e+50  -2.223898e-06  -9.995211e+99  -1.000000e+00  -1.000000e+00  1.000000e+00
4.175319e+02  2.078381e+03  9.816773e+04  1.617714e+03  4.175319e+02  2.297620e+00  2.296956e+00  6.640000e-04  9.714560e+00  9.714560e+00  1.245330e-01  2.890000e-04  3.493307e-01  8.216824e-01  8.216824e-01  1.133892e-02  1.453127e+00  6.605798e+05  9.872013e+01  3.416795e+57  1.560781e+50  -4.021216e-06  -1.015513e+100  -1.000000e+00  -1.000000e+00  1.000000e+00
4.175319e+02  2.294199e+03  9.816773e+04  1.833538e+03  4.175319e+02  2.278257e+00  2.277601e+00  6.560000e-04  9.604165e+00  9.604165e+00  1.240210e-01  2.880000e-04  3.503682e-01  8.279870e-01  8.279871e-01  1.073420e-02  1.355336e+00  6.645041e+05  9.750458e+01  3.371772e+57  1.541652e+50  -6.690647e-06  -1.144797e+100  -1.000000e+00  -1.000000e+00  1.000000e+00
4.175319e+02  2.538819e+03  9.816773e+04  2.078156e+03  4.175319e+02  2.256300e+00  2.255653e+00  6.470000e-04  9.493351e+00  9.493351e+00  1.234480e-01  2.870000e-04  3.510419e-01  8.321158e-01  8.321158e-01  1.022257e-02  1.278440e+00  6.672745e+05  9.615697e+01  3.322236e+57  1.520442e+50  -8.218589e-06  -1.007539e+100  -1.000000e+00  -1.000000e+00  1.000000e+00
4.175319e+02  2.816077e+03  9.816773e+04  2.355409e+03  4.175319e+02  2.232228e+00  2.231592e+00  6.370000e-04  9.383253e+00  9.383253e+00  1.228080e-01  2.850000e-04  3.513717e-01  8.341477e-01  8.341477e-01  9.792220e-03  1.218857e+00  6.701033e+05  9.466653e+01  3.277553e+57  1.496981e+50  -3.801898e-05  -9.211173e+99  -1.000000e+00  -1.000000e+00  1.000000e+00
4.175319e+02  3.130319e+03  9.816773e+04  2.669651e+03  4.175319e+02  2.206482e+00  2.205857e+00  6.260000e-04  9.274512e+00  9.274512e+00  1.220940e-01  2.840000e-04  3.513913e-01  8.342682e-01  8.342683e-01  9.433432e-03  1.173892e+00  6.706886e+05  9.302349e+01  3.220729e+57  1.471115e+50  2.458606e-04  -9.223969e+99  1.000000e+00  -1.000000e+00  1.000000e+00
4.175319e+02  3.486480e+03  9.816773e+04  3.025817e+03  4.175319e+02  2.179476e+00  2.178863e+00  6.140000e-04  9.168047e+00  9.168047e+00  1.213010e-01  2.820000e-04  3.511211e-01  8.326031e-01  8.326031e-01  9.138532e-03  1.141573e+00  6.703601e+05  9.121768e+01  3.161885e+57  1.442683e+50  6.896384e-05  -8.221633e+99  1.000000e+00  -1.000000e+00  1.000000e+00
4.175319e+02  3.890162e+03  9.816773e+04  3.429500e+03  4.175319e+02  2.151587e+00  2.150987e+00  6.000000e-04  9.064478e+00  9.064478e+00  1.204190e-01  2.790000e-04  3.505886e-01  8.293344e-01  8.293344e-01  8.899584e-03  1.120178e+00  6.692022e+05  8.924048e+01  3.101733e+57  1.411549e+50  2.060490e-05  -7.222045e+99  1.000000e+00  -1.000000e+00  1.000000e+00
4.175319e+02  4.347708e+03  9.816773e+04  3.887040e+03  4.175319e+02  2.123165e+00  2.122579e+00  5.860000e-04  8.964435e+00  8.964435e+00  1.194430e-01  2.760000e-04  3.498182e-01  8.246366e-01  8.246366e-01  8.711562e-03  1.108658e+00  6.673067e+05  8.708489e+01  3.040953e+57  1.377598e+50  1.339369e-05  -6.257422e+99  1.000000e+00  -1.000000e+00  1.000000e+00
4.175319e+02  4.866291e+03  9.816773e+04  4.405622e+03  4.175319e+02  2.094528e+00  2.093958e+00  5.700000e-04  8.868497e+00  8.868497e+00  1.183650e-01  2.720000e-04  3.488332e-01  8.186820e-01  8.186820e-01  8.568622e-03  1.105961e+00  6.647689e+05  8.474449e+01  2.980210e+57  1.340729e+50  9.650026e-06  -5.628024e+99  1.000000e+00  -1.000000e+00  1.000000e+00
4.175319e+02  5.454054e+03  9.816773e+04  4.993389e+03  4.175319e+02  2.065967e+00  2.065414e+00  5.530000e-04  8.777205e+00  8.777205e+00  1.171780e-01  2.680000e-04  3.476553e-01  8.116375e-01  8.116375e-01  8.466617e-03  1.111410e+00  6.607300e+05  8.221611e+01  2.912956e+57  1.300891e+50  7.581361e-06  -4.816615e+99  1.000000e+00  -1.000000e+00  1.000000e+00
4.175319e+02  6.120229e+03  9.816773e+04  5.659571e+03  4.175319e+02  2.037746e+00  2.037211e+00  5.350000e-04  8.691010e+00  8.691010e+00  1.158750e-01  2.620000e-04  3.463071e-01  8.036744e-01  8.036744e-01  8.401347e-03  1.124483e+00  6.572176e+05  7.949887e+01  2.854231e+57  1.258069e+50  7.588609e-06  -3.757197e+99  1.000000e+00  -1.000000e+00  1.000000e+00
4.175319e+02  6.875298e+03  9.816773e+04  6.414631e+03  4.175319e+02  2.010098e+00  2.009583e+00  5.150000e-04  8.610175e+00  8.610175e+00  1.144490e-01  2.560000e-04  3.448157e-01  7.949859e-01  7.949860e-01  8.368932e-03  1.144575e+00  6.533272e+05  7.659581e+01  2.797090e+57  1.212307e+50  6.776298e-06  -3.098630e+99  1.000000e+00  -1.000000e+00  1.000000e+00
4.175319e+02  7.731096e+03  9.816773e+04  7.270426e+03  4.175319e+02  1.983239e+00  1.982745e+00  4.950000e-04  8.535093e+00  8.535093e+00  1.128950e-01  2.490000e-04  3.432010e-01  7.857198e-01  7.857198e-01  8.366500e-03  1.171405e+00  6.491515e+05  7.351323e+01  2.742008e+57  1.163702e+50  6.172188e-06  -2.523532e+99  1.000000e+00  -1.000000e+00  1.000000e+00
4.175319e+02  8.701063e+03  9.816773e+04  8.240395e+03  4.175319e+02  1.957357e+00  1.956885e+00  4.730000e-04  8.466017e+00  8.466017e+00  1.112080e-01  2.420000e-04  3.414858e-01  7.760323e-01  7.760323e-01  8.391381e-03  1.204704e+00  6.447712e+05  7.026182e+01  2.689342e+57  1.112421e+50  5.332762e-06  -2.127341e+99  1.000000e+00  -1.000000e+00  1.000000e+00
4.175319e+02  9.800430e+03  9.816773e+04  9.339770e+03  4.175319e+02  1.932617e+00  1.932167e+00  4.500000e-04  8.403035e+00  8.403035e+00  1.093840e-01  2.330000e-04  3.396967e-01  7.660938e-01  7.660938e-01  8.439654e-03  1.243876e+00  6.394395e+05  6.685701e+01  2.633229e+57  1.058704e+50  4.908050e-06  -1.727695e+99  1.000000e+00  -1.000000e+00  1.000000e+00
4.175319e+02  1.104648e+04  9.816773e+04  1.058582e+04  4.175319e+02  1.909166e+00  1.908740e+00  4.260000e-04  8.346320e+00  8.346320e+00  1.074220e-01  2.230000e-04  3.378550e-01  7.560352e-01  7.560353e-01  8.508277e-03  1.288530e+00  6.348803e+05  6.331837e+01  2.586300e+57  1.002859e+50  4.984617e-06  -1.264361e+99  1.000000e+00  -1.000000e+00  1.000000e+00
4.175319e+02  1.245877e+04  9.816773e+04  1.199810e+04  4.175319e+02  1.887127e+00  1.886725e+00  4.020000e-04  8.295860e+00  8.295860e+00  1.053200e-01  2.130000e-04  3.359861e-01  7.460020e-01  7.460020e-01  8.594009e-03  1.338165e+00  6.303205e+05  5.967035e+01  2.542477e+57  9.452684e+49  4.401583e-06  -1.036290e+99  1.000000e+00  -1.000000e+00  1.000000e+00
4.175319e+02  1.405947e+04  9.816773e+04  1.359880e+04  4.175319e+02  1.866605e+00  1.866228e+00  3.770000e-04  8.251722e+00  8.251722e+00  1.030820e-01  2.020000e-04  3.341099e-01  7.361001e-01  7.361001e-01  8.694476e-03  1.392244e+00  6.250746e+05  5.594121e+01  2.496334e+57  8.863766e+49  4.141663e-06  -8.070494e+98  1.000000e+00  -1.000000e+00  1.000000e+00
4.175319e+02  1.587372e+04  9.816773e+04  1.541306e+04  4.175319e+02  1.847683e+00  1.847332e+00  3.510000e-04  8.213818e+00  8.213818e+00  1.007090e-01  1.900000e-04  3.322493e-01  7.264452e-01  7.264452e-01  8.807862e-03  1.450304e+00  6.207134e+05  5.216254e+01  2.459330e+57  8.266820e+49  4.218279e-06  -5.598852e+98  1.000000e+00  -1.000000e+00  1.000000e+00
4.175319e+02  1.793002e+04  9.816773e+04  1.746936e+04  4.175319e+02  1.830425e+00  1.830100e+00  3.260000e-04  8.181935e+00  8.181935e+00  9.820900e-02  1.780000e-04  3.304286e-01  7.171518e-01  7.171518e-01  8.925600e-03  1.510606e+00  6.165142e+05  4.836870e+01  2.425785e+57  7.667252e+49  3.992546e-06  -4.145171e+98  1.000000e+00  -1.000000e+00  1.000000e+00
4.175319e+02  2.025605e+04  9.816773e+04  1.979538e+04  4.175319e+02  1.814902e+00  1.814602e+00  3.000000e-04  8.155947e+00  8.155947e+00  9.559300e-02  1.660000e-04  3.286703e-01  7.083179e-01  7.083180e-01  9.051268e-03  1.573326e+00  6.125219e+05  4.460223e+01  2.395682e+57  7.071787e+49  3.884623e-06  -3.365235e+98  1.000000e+00  -1.000000e+00  1.000000e+00
5.736153e+02  1.030404e+02  9.990423e+04  1.000000e+00  5.736153e+02  1.954500e-01  1.943160e-01  1.134000e-03  6.832492e+01  6.832492e+01  1.480330e-01  5.800000e-03  4.225107e-03  4.252074e-03  4.252075e-03  5.916890e-02  2.929612e+10  2.885328e+04  1.690069e+02  2.321374e+56  3.097428e+50  6.732099e-06  -7.237756e+101  1.000000e+00  -1.000000e+00  0.000000e+00
5.736153e+02  1.076573e+02  9.990423e+04  1.133400e+00  5.736153e+02  1.689210e-01  1.677880e-01  1.134000e-03  6.470582e+01  6.470582e+01  1.480290e-01  6.710000e-03  3.855873e-03  3.878319e-03  3.878320e-03  4.961526e-02  3.880742e+10  2.491270e+04  1.689954e+02  2.004733e+56  3.097239e+50  6.735256e-06  -7.118694e+101  1.000000e+00  -1.000000e+00  0.000000e+00
5.736153e+02  1.131115e+02  9.990423e+04  1.284600e+00  5.736153e+02  1.385690e-01  1.374350e-01  1.133000e-03  5.904509e+01  5.904509e+01  1.480260e-01  8.180000e-03  3.466273e-03  3.484400e-03  3.484400e-03  3.857612e-02  5.139420e+10  2.040859e+04  1.689825e+02  1.643914e+56  3.097004e+50  6.743607e-06  -6.363638e+101  1.000000e+00  -1.000000e+00  0.000000e+00
5.736153e+02  1.191072e+02  9.990423e+04  1.456000e+00  5.736153e+02  1.112230e-01  1.100900e-01  1.133000e-03  5.140211e+01  5.140211e+01  1.480210e-01  1.019000e-02  3.195928e-03  3.211331e-03  3.211331e-03  2.784930e-02  5.568513e+10  1.635619e+04  1.689676e+02  1.320636e+56  3.096724e+50  6.756768e-06  -4.808485e+101  1.000000e+00  -1.000000e+00  0.000000e+00
5.736153e+02  1.250167e+02  9.990423e+04  1.650300e+00  5.736153e+02  9.232100e-02  9.118800e-02  1.133000e-03  4.282388e+01  4.282388e+01  1.480160e-01  1.227500e-02  3.184177e-03  3.199467e-03  3.199468e-03  1.927303e-02  3.925312e+10  1.356122e+04  1.689506e+02  1.099659e+56  3.096410e+50  6.792027e-06  -2.873545e+101  1.000000e+00  -1.000000e+00  0.000000e+00
5.736153e+02  1.316026e+02  9.990423e+04  1.870400e+00  5.736153e+02  8.300400e-02  8.187100e-02  1.133000e-03  3.480343e+01  3.480343e+01  1.480110e-01  1.365100e-02  3.522547e-03  3.541269e-03  3.541270e-03  1.369757e-02  1.683713e+10  1.219227e+04  1.689321e+02  9.945551e+55  3.096074e+50  7.248023e-06  -9.218763e+100  1.000000e+00  -1.000000e+00  0.000000e+00
5.736153e+02  1.379494e+02  9.990423e+04  2.120000e+00  5.736153e+02  8.137800e-02  8.024500e-02  1.133000e-03  2.805893e+01  2.805893e+01  1.480050e-01  1.392300e-02  4.283683e-03  4.311406e-03  4.311407e-03  1.092189e-02  5.047990e+09  1.197019e+04  1.689128e+02  9.831012e+55  3.095725e+50  7.771920e-06  -5.717898e+98  1.000000e+00  -1.000000e+00  0.000000e+00
5.736153e+02  1.527256e+02  9.990423e+04  2.402800e+00  5.736153e+02  8.553200e-02  8.439900e-02  1.133000e-03  2.317096e+01  2.317096e+01  1.479970e-01  1.324400e-02  5.452122e-03  5.497119e-03  5.497121e-03  1.084604e-02  1.500871e+09  1.261292e+04  1.688827e+02  1.042358e+56  3.095145e+50  6.490019e-06  1.852423e+101  1.000000e+00  1.000000e+00  0.000000e+00
5.736153e+02  1.576382e+02  9.990423e+04  2.723400e+00  5.736153e+02  9.362700e-02  9.249400e-02  1.133000e-03  1.975479e+01  1.975479e+01  1.479890e-01  1.209700e-02  7.000180e-03  7.074552e-03  7.074553e-03  1.317044e-02  5.223506e+08  1.385042e+04  1.688565e+02  1.150789e+56  3.094687e+50  6.541665e-06  2.696053e+101  1.000000e+00  1.000000e+00  0.000000e+00
5.736153e+02  1.627167e+02  9.990423e+04  3.086700e+00  5.736153e+02  1.048550e-01  1.037230e-01  1.132000e-03  1.735196e+01  1.735196e+01  1.479830e-01  1.080000e-02  8.925295e-03  9.046592e-03  9.046594e-03  1.778444e-02  2.093356e+08  1.556680e+04  1.688362e+02  1.299097e+56  3.094345e+50  6.535744e-06  3.506333e+101  1.000000e+00  1.000000e+00  0.000000e+00
5.736153e+02  1.679681e+02  9.990423e+04  3.498500e+00  5.736153e+02  1.201000e-01  1.189670e-01  1.132000e-03  1.559212e+01  1.559212e+01  1.479780e-01  9.428000e-03  1.137675e-02  1.157466e-02  1.157466e-02  2.519101e-02  8.811705e+07  1.790233e+04  1.688189e+02  1.495865e+56  3.094034e+50  6.517106e-06  4.287700e+101  1.000000e+00  1.000000e+00  0.000000e+00
5.736153e+02  1.734000e+02  9.990423e+04  3.965200e+00  5.736153e+02  1.391760e-01  1.380430e-01  1.132000e-03  1.438706e+01  1.438706e+01  1.479730e-01  8.135000e-03  1.428806e-02  1.460176e-02  1.460176e-02  3.524353e-02  3.945678e+07  2.083519e+04  1.688009e+02  1.734905e+56  3.093707e+50  6.489307e-06  4.845310e+101  1.000000e+00  1.000000e+00  0.000000e+00
5.736153e+02  1.790190e+02  9.990423e+04  4.494300e+00  5.736153e+02  1.610160e-01  1.598840e-01  1.132000e-03  1.357741e+01  1.357741e+01  1.479670e-01  7.031000e-03  1.751598e-02  1.799005e-02  1.799005e-02  4.685312e-02  1.894402e+07  2.420976e+04  1.687820e+02  2.004731e+56  3.093364e+50  6.453560e-06  5.175024e+101  1.000000e+00  1.000000e+00  0.000000e+00
5.736153e+02  1.848335e+02  9.990423e+04  5.093900e+00  5.736153e+02  1.848100e-01  1.836780e-01  1.132000e-03  1.302302e+01  1.302302e+01  1.479610e-01  6.125000e-03  2.096018e-02  2.164307e-02  2.164308e-02  5.886457e-02  9.700389e+06  2.790833e+04  1.687621e+02  2.296898e+56  3.093003e+50  6.411084e-06  5.315884e+101  1.000000e+00  1.000000e+00  0.000000e+00
5.736153e+02  1.908524e+02  9.990423e+04  5.773400e+00  5.736153e+02  2.097390e-01  2.086070e-01  1.132000e-03  1.261603e+01  1.261603e+01  1.479550e-01  5.396000e-03  2.455488e-02  2.549798e-02  2.549798e-02  7.009583e-02  5.234946e+06  3.181102e+04  1.687411e+02  2.601856e+56  3.092621e+50  6.366586e-06  5.691121e+101  1.000000e+00  1.000000e+00  0.000000e+00
5.736153e+02  1.970844e+02  9.990423e+04  6.543700e+00  5.736153e+02  2.389940e-01  2.378630e-01  1.132000e-03  1.229594e+01  1.229594e+01  1.479490e-01  4.735000e-03  2.870831e-02  3.000685e-02  3.000685e-02  8.171120e-02  2.793539e+06  3.642428e+04  1.687189e+02  2.960134e+56  3.092218e+50  6.319359e-06  6.474167e+101  1.000000e+00  1.000000e+00  0.000000e+00
5.736153e+02  2.035396e+02  9.990423e+04  7.416700e+00  5.736153e+02  2.734310e-01  2.722990e-01  1.132000e-03  1.206619e+01  1.206619e+01  1.479420e-01  4.138000e-03  3.347026e-02  3.525023e-02  3.525023e-02  9.361361e-02  1.485771e+06  4.189657e+04  1.686953e+02  3.383502e+56  3.091790e+50  6.267887e-06  7.313926e+101  1.000000e+00  1.000000e+00  0.000000e+00
5.736153e+02  2.102287e+02  9.990423e+04  8.406200e+00  5.736153e+02  3.131890e-01  3.120570e-01  1.131000e-03  1.191892e+01  1.191892e+01  1.479340e-01  3.612000e-03  3.881065e-02  4.122687e-02  4.122687e-02  1.052757e-01  7.970463e+05  4.826933e+04  1.686703e+02  3.874800e+56  3.091336e+50  6.210347e-06  8.122061e+101  1.000000e+00  1.000000e+00  0.000000e+00
5.736153e+02  2.171631e+02  9.990423e+04  9.527700e+00  5.736153e+02  3.583330e-01  3.572010e-01  1.131000e-03  1.184042e+01  1.184042e+01  1.479270e-01  3.157000e-03  4.469930e-02  4.793862e-02  4.793862e-02  1.161582e-01  4.339640e+05  5.557678e+04  1.686438e+02  4.436033e+56  3.090853e+50  6.146296e-06  8.300742e+101  1.000000e+00  1.000000e+00  0.000000e+00
5.736153e+02  4.714565e+02  9.990423e+04  1.079880e+01  5.736153e+02  3.925900e-01  3.914610e-01  1.129000e-03  1.179198e+01  1.179198e+01  1.478250e-01  2.875000e-03  4.917379e-02  5.312621e-02  5.312622e-02  1.243583e-01  2.883463e+05  6.117271e+04  1.682874e+02  4.864335e+56  3.083335e+50  6.098290e-06  2.501960e+102  1.000000e+00  1.000000e+00  1.000000e+00
5.736153e+02  4.728972e+02  9.990423e+04  1.223950e+01  5.736153e+02  4.201430e-01  4.190160e-01  1.127000e-03  1.175077e+01  1.175077e+01  1.477380e-01  2.682000e-03  5.280957e-02  5.739865e-02  5.739865e-02  1.312496e-01  2.130334e+05  6.570563e+04  1.679976e+02  5.210321e+56  3.078811e+50  6.060634e-06  2.511307e+102  1.000000e+00  1.000000e+00  1.000000e+00
5.736153e+02  4.745300e+02  9.990423e+04  1.387240e+01  5.736153e+02  4.511520e-01  4.500260e-01  1.127000e-03  1.172677e+01  1.172677e+01  1.477240e-01  2.497000e-03  5.682326e-02  6.217609e-02  6.217610e-02  1.378235e-01  1.550971e+05  7.083970e+04  1.679536e+02  5.601161e+56  3.078284e+50  6.018885e-06  2.487650e+102  1.000000e+00  1.000000e+00  1.000000e+00
5.736153e+02  4.763807e+02  9.990423e+04  1.572320e+01  5.736153e+02  4.854810e-01  4.843550e-01  1.126000e-03  1.171996e+01  1.171996e+01  1.477190e-01  2.320000e-03  6.118263e-02  6.743907e-02  6.743908e-02  1.438249e-01  1.118424e+05  7.656558e+04  1.679349e+02  6.035763e+56  3.077943e+50  5.967709e-06  2.215120e+102  1.000000e+00  1.000000e+00  1.000000e+00
5.736153e+02  4.784787e+02  9.990423e+04  1.782080e+01  5.736153e+02  5.159200e-01  5.147940e-01  1.126000e-03  1.171490e+01  1.171490e+01  1.477130e-01  2.183000e-03  6.504672e-02  7.217011e-02  7.217011e-02  1.483042e-01  8.490578e+04  8.168747e+04  1.679137e+02  6.422870e+56  3.077557e+50  1.560935e-05  1.006474e+102  1.000000e+00  1.000000e+00  1.000000e+00
5.736153e+02  4.808563e+02  9.990423e+04  2.019840e+01  5.736153e+02  5.152190e-01  5.140930e-01  1.126000e-03  1.161503e+01  1.161503e+01  1.477060e-01  2.186000e-03  6.551683e-02  7.275000e-02  7.275001e-02  1.470356e-01  8.120198e+04  8.164231e+04  1.678897e+02  6.412639e+56  3.077119e+50  1.519167e-05  -2.119681e+101  1.000000e+00  -1.000000e+00  1.000000e+00
5.736153e+02  4.835509e+02  9.990423e+04  2.289310e+01  5.736153e+02  5.074990e-01  5.063730e-01  1.126000e-03  1.142245e+01  1.142245e+01  1.476980e-01  2.219000e-03  6.562324e-02  7.288138e-02  7.288139e-02  1.415257e-01  7.752751e+04  8.048145e+04  1.678626e+02  6.309580e+56  3.076624e+50  -3.146303e-05  -2.440442e+101  -1.000000e+00  -1.000000e+00  1.000000e+00
5.736153e+02  4.866048e+02  9.990423e+04  2.594730e+01  5.736153e+02  5.064610e-01  5.053350e-01  1.126000e-03  1.117646e+01  1.117646e+01  1.476890e-01  2.223000e-03  6.693035e-02  7.449928e-02  7.449929e-02  1.344353e-01  6.672776e+04  8.051570e+04  1.678317e+02  6.290281e+56  3.076062e+50  -2.972105e-05  1.308695e+101  -1.000000e+00  1.000000e+00  1.000000e+00
5.736153e+02  4.900671e+02  9.990423e+04  2.940900e+01  5.736153e+02  5.156830e-01  5.145580e-01  1.126000e-03  1.090624e+01  1.090624e+01  1.476790e-01  2.183000e-03  6.983766e-02  7.812423e-02  7.812424e-02  1.272797e-01  5.107594e+04  8.242746e+04  1.677968e+02  6.407325e+56  3.075425e+50  5.042487e-06  5.142822e+101  1.000000e+00  1.000000e+00  1.000000e+00
5.736153e+02  4.939909e+02  9.990423e+04  3.333260e+01  5.736153e+02  5.369500e-01  5.358250e-01  1.125000e-03  1.064247e+01  1.064247e+01  1.476670e-01  2.096000e-03  7.452007e-02  8.404039e-02  8.404039e-02  1.210273e-01  3.510963e+04  8.630472e+04  1.677573e+02  6.667833e+56  3.074704e+50  5.445314e-06  8.549547e+101  1.000000e+00  1.000000e+00  1.000000e+00
5.736153e+02  4.984378e+02  9.990423e+04  3.777960e+01  5.736153e+02  5.709880e-01  5.698640e-01  1.125000e-03  1.041156e+01  1.041156e+01  1.476540e-01  1.970000e-03  8.100155e-02  9.239271e-02  9.239271e-02  1.161374e-01  2.220317e+04  9.263103e+04  1.677125e+02  7.107445e+56  3.073887e+50  5.419506e-06  1.134039e+102  1.000000e+00  1.000000e+00  1.000000e+00
5.736153e+02  5.034775e+02  9.990423e+04  4.281980e+01  5.736153e+02  6.177160e-01  6.165920e-01  1.125000e-03  1.023031e+01  1.023031e+01  1.476390e-01  1.821000e-03  8.918289e-02  1.032165e-01  1.032165e-01  1.125960e-01  1.330532e+04  1.011702e+05  1.676617e+02  7.706823e+56  3.072961e+50  5.395773e-06  1.333631e+102  1.000000e+00  1.000000e+00  1.000000e+00
5.736153e+02  5.091908e+02  9.990423e+04  4.853260e+01  5.736153e+02  6.764850e-01  6.753610e-01  1.124000e-03  1.010468e+01  1.010468e+01  1.476220e-01  1.662000e-03  9.888195e-02  1.164747e-01  1.164747e-01  1.100426e-01  7.760402e+03  1.122661e+05  1.676043e+02  8.489164e+56  3.071913e+50  5.310298e-06  1.459233e+102  1.000000e+00  1.000000e+00  1.000000e+00
5.736153e+02  5.156662e+02  9.990423e+04  5.500740e+01  5.736153e+02  7.463000e-01  7.451770e-01  1.124000e-03  1.003240e+01  1.003240e+01  1.476030e-01  1.506000e-03  1.098729e-01  1.320926e-01  1.320926e-01  1.079194e-01  4.493203e+03  1.253731e+05  1.675391e+02  9.410147e+56  3.070726e+50  5.259504e-06  1.508966e+102  1.000000e+00  1.000000e+00  1.000000e+00
5.736153e+02  5.230050e+02  9.990423e+04  6.234610e+01  5.736153e+02  8.259490e-01  8.248260e-01  1.123000e-03  1.000644e+01  1.000644e+01  1.475820e-01  1.360000e-03  1.219144e-01  1.499791e-01  1.499791e-01  1.056907e-01  2.616198e+03  1.407470e+05  1.674654e+02  1.048503e+57  3.069381e+50  5.102448e-06  1.532922e+102  1.000000e+00  1.000000e+00  1.000000e+00
5.736153e+02  5.313221e+02  9.990423e+04  7.066390e+01  5.736153e+02  9.140810e-01  9.129590e-01  1.123000e-03  1.001769e+01  1.001769e+01  1.475570e-01  1.228000e-03  1.347718e-01  1.700457e-01  1.700457e-01  1.029267e-01  1.543271e+03  1.583283e+05  1.673819e+02  1.170503e+57  3.067858e+50  4.996981e-06  1.495026e+102  1.000000e+00  1.000000e+00  1.000000e+00
5.736153e+02  5.407496e+02  9.990423e+04  8.009140e+01  5.736153e+02  1.009215e+00  1.008093e+00  1.122000e-03  1.005677e+01  1.005677e+01  1.475290e-01  1.112000e-03  1.482200e-01  1.922009e-01  1.922009e-01  9.937872e-02  9.261212e+02  1.774327e+05  1.672873e+02  1.301410e+57  3.066133e+50  4.845222e-06  1.436555e+102  1.000000e+00  1.000000e+00  1.000000e+00
5.736153e+02  5.514360e+02  9.990423e+04  9.077660e+01  5.736153e+02  1.109780e+00  1.108658e+00  1.121000e-03  1.011525e+01  1.011525e+01  1.474980e-01  1.010000e-03  1.620473e-01  2.163458e-01  2.163458e-01  9.495968e-02  5.665516e+02  1.988550e+05  1.671802e+02  1.446697e+57  3.064180e+50  4.622180e-06  1.373608e+102  1.000000e+00  1.000000e+00  1.000000e+00
5.736153e+02  5.635472e+02  9.990423e+04  1.028874e+02  5.736153e+02  1.214116e+00  1.212995e+00  1.121000e-03  1.018573e+01  1.018573e+01  1.474620e-01  9.230000e-04  1.760555e-01  2.423664e-01  2.423664e-01  8.976020e-02  3.537870e+02  2.218124e+05  1.670590e+02  1.599970e+57  3.061969e+50  4.483412e-06  1.263426e+102  1.000000e+00  1.000000e+00  1.000000e+00
5.736153e+02  5.772730e+02  9.990423e+04  1.166139e+02  5.736153e+02  1.320522e+00  1.319403e+00  1.120000e-03  1.026195e+01  1.026195e+01  1.474220e-01  8.480000e-04  1.900630e-01  2.701304e-01  2.701304e-01  8.388806e-02  2.254849e+02  2.458916e+05  1.669217e+02  1.757658e+57  3.059466e+50  4.301721e-06  1.152533e+102  1.000000e+00  1.000000e+00  1.000000e+00
5.736153e+02  5.928297e+02  9.990423e+04  1.321717e+02  5.736153e+02  1.427293e+00  1.426175e+00  1.119000e-03  1.033877e+01  1.033877e+01  1.473760e-01  7.840000e-04  2.039041e-01  2.994777e-01  2.994777e-01  7.762227e-02  1.468121e+02  2.714523e+05  1.667665e+02  1.921987e+57  3.056634e+50  4.131530e-06  1.031302e+102  1.000000e+00  1.000000e+00  1.000000e+00
5.736153e+02  6.104652e+02  9.990423e+04  1.498051e+02  5.736153e+02  1.532767e+00  1.531649e+00  1.117000e-03  1.041197e+01  1.041197e+01  1.473250e-01  7.290000e-04  2.174327e-01  3.302218e-01  3.302218e-01  7.117145e-02  9.763149e+01  2.972695e+05  1.665908e+02  2.083346e+57  3.053430e+50  3.983556e-06  8.984581e+101  1.000000e+00  1.000000e+00  1.000000e+00
5.736153e+02  6.304521e+02  9.990423e+04  1.697911e+02  5.736153e+02  1.635380e+00  1.634264e+00  1.116000e-03  1.047827e+01  1.047827e+01  1.472660e-01  6.820000e-04  2.305211e-01  3.621428e-01  3.621428e-01  6.474916e-02  6.631156e+01  3.237220e+05  1.663920e+02  2.244235e+57  3.049805e+50  3.717500e-06  7.989144e+101  1.000000e+00  1.000000e+00  1.000000e+00
5.736153e+02  6.531038e+02  9.990423e+04  1.924434e+02  5.736153e+02  1.733709e+00  1.732594e+00  1.115000e-03  1.053508e+01  1.053508e+01  1.472000e-01  6.430000e-04  2.430635e-01  3.949934e-01  3.949934e-01  5.852667e-02  4.599007e+01  3.514354e+05  1.661672e+02  2.409034e+57  3.045704e+50  3.521046e-06  6.863046e+101  1.000000e+00  1.000000e+00  1.000000e+00
5.736153e+02  6.787757e+02  9.990423e+04  2.181178e+02  5.736153e+02  1.826511e+00  1.825398e+00  1.113000e-03  1.058051e+01  1.058051e+01  1.471250e-01  6.090000e-04  2.549748e-01  4.284981e-01  4.284981e-01  5.265316e-02  3.257212e+01  3.779874e+05  1.659131e+02  2.559463e+57  3.041068e+50  3.342990e-06  5.703551e+101  1.000000e+00  1.000000e+00  1.000000e+00
5.736153e+02  7.078781e+02  9.990423e+04  2.472176e+02  5.736153e+02  1.912752e+00  1.911641e+00  1.111000e-03  1.061328e+01  1.061328e+01  1.470410e-01  5.810000e-04  2.661893e-01  4.623549e-01  4.623549e-01  4.717202e-02  2.353079e+01  4.050397e+05  1.656257e+02  2.707847e+57  3.035827e+50  3.035761e-06  4.937703e+101  1.000000e+00  1.000000e+00  1.000000e+00
5.736153e+02  7.408620e+02  9.990423e+04  2.801996e+02  5.736153e+02  1.991618e+00  1.990510e+00  1.109000e-03  1.063253e+01  1.063253e+01  1.469450e-01  5.570000e-04  2.766630e-01  4.962516e-01  4.962516e-01  4.218238e-02  1.734939e+01  4.324073e+05  1.653010e+02  2.853045e+57  3.029904e+50  2.867485e-06  3.980021e+101  1.000000e+00  1.000000e+00  1.000000e+00
5.736153e+02  7.782441e+02  9.990423e+04  3.175819e+02  5.736153e+02  2.062528e+00  2.061422e+00  1.106000e-03  1.063808e+01  1.063808e+01  1.468360e-01  5.360000e-04  2.863639e-01  5.298461e-01  5.298461e-01  3.767396e-02  1.304149e+01  4.572488e+05  1.649340e+02  2.973870e+57  3.023212e+50  2.709052e-06  3.050009e+101  1.000000e+00  1.000000e+00  1.000000e+00
5.736153e+02  8.206108e+02  9.990423e+04  3.599514e+02  5.736153e+02  2.125113e+00  2.124010e+00  1.104000e-03  1.062944e+01  1.062944e+01  1.467130e-01  5.190000e-04  2.952930e-01  5.628550e-01  5.628550e-01  3.364769e-02  9.991307e+00  4.816372e+05  1.645198e+02  3.086187e+57  3.015656e+50  2.417195e-06  2.485206e+101  1.000000e+00  1.000000e+00  1.000000e+00
5.736153e+02  8.686339e+02  9.990423e+04  4.079736e+02  5.736153e+02  2.179214e+00  2.178113e+00  1.100000e-03  1.060739e+01  1.060739e+01  1.465750e-01  5.050000e-04  3.034401e-01  5.949150e-01  5.949150e-01  3.008311e-02  7.795686e+00  5.054531e+05  1.640524e+02  3.189585e+57  3.007133e+50  2.126628e-06  1.994126e+101  1.000000e+00  1.000000e+00  1.000000e+00
5.736153e+02  9.230662e+02  9.990423e+04  4.624025e+02  5.736153e+02  2.224849e+00  2.223752e+00  1.097000e-03  1.057232e+01  1.057232e+01  1.464180e-01  4.930000e-04  3.108220e-01  6.257346e-01  6.257347e-01  2.695280e-02  6.193756e+00  5.284234e+05  1.635255e+02  3.282594e+57  2.997522e+50  1.896578e-06  1.484017e+101  1.000000e+00  1.000000e+00  1.000000e+00
5.736153e+02  9.847572e+02  9.990423e+04  5.240930e+02  5.736153e+02  2.262197e+00  2.261104e+00  1.093000e-03  1.052504e+01  1.052504e+01  1.462410e-01  4.830000e-04  3.174594e-01  6.550275e-01  6.550275e-01  2.421455e-02  5.006604e+00  5.489919e+05  1.629318e+02  3.354260e+57  2.986692e+50  1.719144e-06  9.660071e+100  1.000000e+00  1.000000e+00  1.000000e+00
5.736153e+02  1.054675e+03  9.990423e+04  5.940138e+02  5.736153e+02  2.291559e+00  2.290471e+00  1.089000e-03  1.046643e+01  1.046643e+01  1.460410e-01  4.750000e-04  3.233806e-01  6.825416e-01  6.825416e-01  2.182741e-02  4.114750e+00  5.669545e+05  1.622632e+02  3.403749e+57  2.974494e+50  1.421937e-06  6.697262e+100  1.000000e+00  1.000000e+00  1.000000e+00
5.736153e+02  1.133922e+03  9.990423e+04  6.732629e+02  5.736153e+02  2.313346e+00  2.312262e+00  1.083000e-03  1.039748e+01  1.039748e+01  1.458160e-01  4.680000e-04  3.286199e-01  7.080666e-01  7.080666e-01  1.975763e-02  3.437003e+00  5.849847e+05  1.615107e+02  3.451881e+57  2.960768e+50  1.074746e-06  4.652599e+100  1.000000e+00  1.000000e+00  1.000000e+00
5.736153e+02  1.223749e+03  9.990423e+04  7.630849e+02  5.736153e+02  2.328036e+00  2.326958e+00  1.078000e-03  1.031943e+01  1.031943e+01  1.455620e-01  4.630000e-04  3.332081e-01  7.314007e-01  7.314007e-01  1.796222e-02  2.915254e+00  6.002636e+05  1.606649e+02  3.478329e+57  2.945338e+50  7.652875e-07  2.287859e+100  1.000000e+00  1.000000e+00  1.000000e+00
5.736153e+02  1.325556e+03  9.990423e+04  8.648903e+02  5.736153e+02  2.336165e+00  2.335093e+00  1.071000e-03  1.023328e+01  1.023328e+01  1.452750e-01  4.590000e-04  3.371867e-01  7.524276e-01  7.524276e-01  1.641260e-02  2.510333e+00  6.140989e+05  1.597153e+02  3.493818e+57  2.928014e+50  3.686678e-07  9.976137e+99  1.000000e+00  1.000000e+00  1.000000e+00
5.736153e+02  1.440942e+03  9.990423e+04  9.802778e+02  5.736153e+02  2.338304e+00  2.337240e+00  1.064000e-03  1.014031e+01  1.014031e+01  1.449520e-01  4.550000e-04  3.405896e-01  7.710331e-01  7.710331e-01  1.507273e-02  2.192454e+00  6.264535e+05  1.586502e+02  3.498643e+57  2.908580e+50  -7.941587e-08  3.805689e+98  -1.000000e+00  1.000000e+00  1.000000e+00
5.736153e+02  1.571717e+03  9.990423e+04  1.111060e+03  5.736153e+02  2.335035e+00  2.333979e+00  1.056000e-03  1.004156e+01  1.004156e+01  1.445890e-01  4.520000e-04  3.434580e-01  7.871854e-01  7.871855e-01  1.393193e-02  1.943356e+00  6.373052e+05  1.574571e+02  3.493524e+57  2.886813e+50  -5.976410e-07  -6.270476e+99  -1.000000e+00  -1.000000e+00  1.000000e+00
5.736153e+02  1.719954e+03  9.990423e+04  1.259289e+03  5.736153e+02  2.326947e+00  2.325899e+00  1.047000e-03  9.938264e+00  9.938264e+00  1.441810e-01  4.500000e-04  3.458259e-01  8.008573e-01  8.008574e-01  1.295086e-02  1.745487e+00  6.467577e+05  1.561230e+02  3.479984e+57  2.862469e+50  -1.442136e-06  -1.341888e+100  -1.000000e+00  -1.000000e+00  1.000000e+00
5.736153e+02  1.887962e+03  9.990423e+04  1.427295e+03  5.736153e+02  2.314616e+00  2.313579e+00  1.037000e-03  9.831480e+00  9.831480e+00  1.437220e-01  4.480000e-04  3.477296e-01  8.120798e-01  8.120799e-01  1.211074e-02  1.588067e+00  6.534079e+05  1.546335e+02  3.448182e+57  2.835288e+50  -2.140978e-06  -1.667063e+100  -1.000000e+00  -1.000000e+00  1.000000e+00
5.736153e+02  2.078381e+03  9.990423e+04  1.617714e+03  5.736153e+02  2.298604e+00  2.297577e+00  1.026000e-03  9.722345e+00  9.722345e+00  1.432070e-01  4.470000e-04  3.492004e-01  8.208948e-01  8.208948e-01  1.139204e-02  1.462631e+00  6.600117e+05  1.529737e+02  3.419119e+57  2.804997e+50  -3.882493e-06  -1.707807e+100  -1.000000e+00  -1.000000e+00  1.000000e+00
5.736153e+02  2.294199e+03  9.990423e+04  1.833538e+03  5.736153e+02  2.279447e+00  2.278433e+00  1.014000e-03  9.611839e+00  9.611839e+00  1.426300e-01  4.450000e-04  3.502713e-01  8.273954e-01  8.273954e-01  1.078064e-02  1.363122e+00  6.640305e+05  1.511279e+02  3.374412e+57  2.771310e+50  -6.427297e-06  -1.936195e+100  -1.000000e+00  -1.000000e+00  1.000000e+00
5.736153e+02  2.538819e+03  9.990423e+04  2.078156e+03  5.736153e+02  2.257655e+00  2.256654e+00  1.000000e-03  9.500936e+00  9.500936e+00  1.419850e-01  4.430000e-04  3.509722e-01  8.316876e-01  8.316876e-01  1.025889e-02  1.284231e+00  6.668963e+05  1.490805e+02  3.325191e+57  2.733937e+50  -7.913568e-06  -1.701778e+100  -1.000000e+00  -1.000000e+00  1.000000e+00
5.736153e+02  2.816077e+03  9.990423e+04  2.355409e+03  5.736153e+02  2.233709e+00  2.232724e+00  9.850000e-04  9.390649e+00  9.390649e+00  1.412640e-01  4.410000e-04  3.513278e-01  8.338769e-01  8.338770e-01  9.824420e-03  1.223650e+00  6.698107e+05  1.468154e+02  3.280744e+57  2.692586e+50  -3.302308e-05  -1.562325e+100  -1.000000e+00  -1.000000e+00  1.000000e+00
5.736153e+02  3.130319e+03  9.990423e+04  2.669651e+03  5.736153e+02  2.208056e+00  2.207088e+00  9.680000e-04  9.281742e+00  9.281742e+00  1.404600e-01  4.390000e-04  3.513680e-01  8.341247e-01  8.341247e-01  9.460598e-03  1.177653e+00  6.704766e+05  1.443166e+02  3.224119e+57  2.646963e+50  1.948179e-04  -1.568403e+100  1.000000e+00  -1.000000e+00  1.000000e+00
5.736153e+02  3.486480e+03  9.990423e+04  3.025817e+03  5.736153e+02  2.181109e+00  2.180159e+00  9.500000e-04  9.174961e+00  9.174961e+00  1.395650e-01  4.360000e-04  3.511194e-01  8.325929e-01  8.325929e-01  9.160247e-03  1.144306e+00  6.702079e+05  1.415690e+02  3.165320e+57  2.596792e+50  8.465913e-05  -1.400525e+100  1.000000e+00  -1.000000e+00  1.000000e+00
5.736153e+02  3.890162e+03  9.990423e+04  3.429500e+03  5.736153e+02  2.153256e+00  2.152326e+00  9.300000e-04  9.071099e+00  9.071099e+00  1.385710e-01  4.320000e-04  3.506043e-01  8.294310e-01  8.294310e-01  8.915796e-03  1.121971e+00  6.691098e+05  1.385587e+02  3.105221e+57  2.541814e+50  2.159548e-05  -1.231033e+100  1.000000e+00  -1.000000e+00  1.000000e+00
5.736153e+02  4.347708e+03  9.990423e+04  3.887040e+03  5.736153e+02  2.124844e+00  2.123936e+00  9.080000e-04  8.970756e+00  8.970756e+00  1.374700e-01  4.270000e-04  3.498482e-01  8.248189e-01  8.248189e-01  8.725949e-03  1.110000e+00  6.672677e+05  1.352737e+02  3.044456e+57  2.481811e+50  1.372600e-05  -1.067989e+100  1.000000e+00  -1.000000e+00  1.000000e+00
5.736153e+02  4.866291e+03  9.990423e+04  4.405622e+03  5.736153e+02  2.096196e+00  2.095312e+00  8.840000e-04  8.874456e+00  8.874456e+00  1.362530e-01  4.220000e-04  3.488766e-01  8.189433e-01  8.189433e-01  8.580067e-03  1.106738e+00  6.647723e+05  1.317047e+02  2.983660e+57  2.416607e+50  9.801517e-06  -9.618463e+99  1.000000e+00  -1.000000e+00  1.000000e+00
5.736153e+02  5.454054e+03  9.990423e+04  4.993389e+03  5.736153e+02  2.067607e+00  2.066749e+00  8.580000e-04  8.782805e+00  8.782805e+00  1.349120e-01  4.150000e-04  3.477093e-01  8.119590e-01  8.119590e-01  8.476227e-03  1.111804e+00  6.607699e+05  1.278454e+02  2.916321e+57  2.346085e+50  7.648815e-06  -8.242652e+99  1.000000e+00  -1.000000e+00  1.000000e+00
5.736153e+02  6.120229e+03  9.990423e+04  5.659571e+03  5.736153e+02  2.039339e+00  2.038508e+00  8.300000e-04  8.696158e+00  8.696158e+00  1.334390e-01  4.070000e-04  3.463726e-01  8.040589e-01  8.040589e-01  8.407596e-03  1.124240e+00  6.572823e+05  1.236944e+02  2.857442e+57  2.270216e+50  7.650783e-06  -6.438060e+99  1.000000e+00  -1.000000e+00  1.000000e+00
5.736153e+02  6.875298e+03  9.990423e+04  6.414631e+03  5.736153e+02  2.011632e+00  2.010831e+00  8.010000e-04  8.614916e+00  8.614916e+00  1.318270e-01  3.980000e-04  3.448888e-01  7.954092e-01  7.954092e-01  8.372467e-03  1.143840e+00  6.534158e+05  1.192544e+02  2.800161e+57  2.189045e+50  6.826314e-06  -5.313550e+99  1.000000e+00  -1.000000e+00  1.000000e+00
5.736153e+02  7.731096e+03  9.990423e+04  7.270426e+03  5.736153e+02  1.984702e+00  1.983933e+00  7.690000e-04  8.539418e+00  8.539418e+00  1.300680e-01  3.880000e-04  3.432802e-01  7.861710e-01  7.861711e-01  8.368546e-03  1.170366e+00  6.492583e+05  1.145348e+02  2.744917e+57  2.102740e+50  6.207700e-06  -4.333748e+99  1.000000e+00  -1.000000e+00  1.000000e+00
5.736153e+02  8.701063e+03  9.990423e+04  8.240395e+03  5.736153e+02  1.958738e+00  1.958002e+00  7.360000e-04  8.469876e+00  8.469876e+00  1.281570e-01  3.760000e-04  3.415709e-01  7.765096e-01  7.765096e-01  8.391595e-03  1.203242e+00  6.448861e+05  1.095506e+02  2.692034e+57  2.011573e+50  5.358193e-06  -3.674172e+99  1.000000e+00  -1.000000e+00  1.000000e+00
5.736153e+02  9.800430e+03  9.990423e+04  9.339770e+03  5.736153e+02  1.933910e+00  1.933209e+00  7.010000e-04  8.406500e+00  8.406500e+00  1.260900e-01  3.620000e-04  3.397837e-01  7.665735e-01  7.665735e-01  8.438141e-03  1.242093e+00  6.395635e+05  1.043246e+02  2.635735e+57  1.915954e+50  4.933484e-06  -2.971978e+99  1.000000e+00  -1.000000e+00  1.000000e+00
5.736153e+02  1.104648e+04  9.990423e+04  1.058582e+04  5.736153e+02  1.910364e+00  1.909700e+00  6.640000e-04  8.349440e+00  8.349440e+00  1.238650e-01  3.480000e-04  3.379407e-01  7.564994e-01  7.564994e-01  8.505696e-03  1.286469e+00  6.350123e+05  9.888602e+01  2.588634e+57  1.816414e+50  5.007320e-06  -2.178463e+99  1.000000e+00  -1.000000e+00  1.000000e+00
5.736153e+02  1.245877e+04  9.990423e+04  1.199810e+04  5.736153e+02  1.888226e+00  1.887599e+00  6.270000e-04  8.298552e+00  8.298552e+00  1.214790e-01  3.320000e-04  3.360727e-01  7.464628e-01  7.464628e-01  8.590819e-03  1.335927e+00  6.304504e+05  9.327101e+01  2.544586e+57  1.713612e+50  4.418236e-06  -1.788244e+99  1.000000e+00  -1.000000e+00  1.000000e+00
5.736153e+02  1.405947e+04  9.990423e+04  1.359880e+04  5.736153e+02  1.867603e+00  1.867014e+00  5.880000e-04  8.254042e+00  8.254042e+00  1.189350e-01  3.150000e-04  3.341946e-01  7.365433e-01  7.365433e-01  8.690613e-03  1.389835e+00  6.252019e+05  8.752255e+01  2.498235e+57  1.608330e+50  4.156642e-06  -1.394242e+99  1.000000e+00  -1.000000e+00  1.000000e+00
5.736153e+02  1.587372e+04  9.990423e+04  1.541306e+04  5.736153e+02  1.848579e+00  1.848030e+00  5.490000e-04  8.215761e+00  8.215761e+00  1.162360e-01  2.970000e-04  3.323317e-01  7.268696e-01  7.268696e-01  8.800685e-03  1.447310e+00  6.208339e+05  8.168874e+01  2.461014e+57  1.501448e+50  4.232523e-06  -9.691106e+98  1.000000e+00  -1.000000e+00  1.000000e+00
5.736153e+02  1.793002e+04  9.990423e+04  1.746936e+04  5.736153e+02  1.831220e+00  1.830710e+00  5.100000e-04  8.183532e+00  8.183532e+00  1.133890e-01  2.780000e-04  3.305075e-01  7.175517e-01  7.175517e-01  8.921193e-03  1.508092e+00  6.166264e+05  7.582190e+01  2.427260e+57  1.393921e+50  4.005673e-06  -7.185649e+98  1.000000e+00  -1.000000e+00  1.000000e+00
5.736153e+02  2.025605e+04  9.990423e+04  1.979538e+04  5.736153e+02  1.815599e+00  1.815128e+00  4.710000e-04  8.157218e+00  8.157218e+00  1.104070e-01  2.590000e-04  3.287452e-01  7.086914e-01  7.086914e-01  9.044365e-03  1.570320e+00  6.126236e+05  6.998774e+01  2.396953e+57  1.286952e+50  3.897014e-06  -5.842442e+98  1.000000e+00  -1.000000e+00  1.000000e+00
7.880463e+02  1.030404e+02  1.017301e+05  1.000000e+00  7.880463e+02  1.254780e-01  1.237350e-01  1.742000e-03  7.266460e+01  7.266460e+01  1.698780e-01  1.388400e-02  2.550497e-03  2.560297e-03  2.560297e-03  5.313564e-02  3.282428e+11  1.833766e+04  2.605537e+02  1.477684e+56  5.535654e+50  6.731143e-06  0.000000e+00  1.000000e+00  -1.000000e+00  0.000000e+00
7.880463e+02  1.076573e+02  1.017301e+05  1.133400e+00  7.880463e+02  2.031440e-01  2.014020e-01  1.742000e-03  7.966295e+01  7.966295e+01  1.698740e-01  8.575000e-03  3.766416e-03  3.787830e-03  3.787830e-03  7.725354e-02  6.795279e+10  2.987598e+04  2.605342e+02  2.406118e+56  5.535280e+50  6.716863e-06  0.000000e+00  1.000000e+00  -1.000000e+00  0.000000e+00
7.880463e+02  1.131115e+02  1.017301e+05  1.284600e+00  7.880463e+02  2.356330e-01  2.338910e-01  1.742000e-03  7.883207e+01  7.883207e+01  1.698690e-01  7.392000e-03  4.414837e-03  4.444290e-03  4.444291e-03  8.272866e-02  3.288450e+10  3.471731e+04  2.605128e+02  2.794758e+56  5.534842e+50  6.820638e-06  0.000000e+00  1.000000e+00  -1.000000e+00  0.000000e+00
7.880463e+02  1.191072e+02  1.017301e+05  1.456000e+00  7.880463e+02  2.276970e-01  2.259560e-01  1.742000e-03  7.432869e+01  7.432869e+01  1.698640e-01  7.649000e-03  4.524628e-03  4.555569e-03  4.555570e-03  7.434350e-02  2.613592e+10  3.354931e+04  2.604899e+02  2.699885e+56  5.534361e+50  6.780716e-06  0.000000e+00  1.000000e+00  -1.000000e+00  0.000000e+00
7.880463e+02  1.250167e+02  1.017301e+05  1.650300e+00  7.880463e+02  2.022440e-01  2.005020e-01  1.742000e-03  6.975614e+01  6.975614e+01  1.698590e-01  8.611000e-03  4.282269e-03  4.309974e-03  4.309974e-03  6.237013e-02  2.887439e+10  2.977129e+04  2.604651e+02  2.395439e+56  5.533827e+50  6.735356e-06  0.000000e+00  1.000000e+00  -1.000000e+00  0.000000e+00
7.880463e+02  1.316026e+02  1.017301e+05  1.870400e+00  7.880463e+02  1.678240e-01  1.660830e-01  1.741000e-03  6.498176e+01  6.498176e+01  1.698530e-01  1.037600e-02  3.814561e-03  3.836527e-03  3.836527e-03  4.970740e-02  4.103087e+10  2.465911e+04  2.604377e+02  1.984596e+56  5.533244e+50  6.736467e-06  -1.210261e+102  1.000000e+00  -1.000000e+00  0.000000e+00
7.880463e+02  1.379494e+02  1.017301e+05  2.120000e+00  7.880463e+02  1.279770e-01  1.262350e-01  1.741000e-03  5.698523e+01  5.698523e+01  1.698470e-01  1.360500e-02  3.317034e-03  3.333630e-03  3.333630e-03  3.502834e-02  5.815428e+10  1.874766e+04  2.604082e+02  1.511290e+56  5.532625e+50  6.748074e-06  -1.047559e+102  1.000000e+00  -1.000000e+00  0.000000e+00
7.880463e+02  1.527256e+02  1.017301e+05  2.402800e+00  7.880463e+02  9.782500e-02  9.608400e-02  1.741000e-03  4.662174e+01  4.662174e+01  1.698380e-01  1.779500e-02  3.099164e-03  3.113646e-03  3.113647e-03  2.250544e-02  5.247756e+10  1.428326e+04  2.603661e+02  1.156094e+56  5.531686e+50  6.774946e-06  -5.752931e+101  1.000000e+00  -1.000000e+00  0.000000e+00
7.880463e+02  1.576382e+02  1.017301e+05  2.723400e+00  7.880463e+02  8.263300e-02  8.089200e-02  1.741000e-03  3.612472e+01  3.612472e+01  1.698290e-01  2.106400e-02  3.378554e-03  3.395773e-03  3.395775e-03  1.428000e-02  2.162626e+10  1.204440e+04  2.603264e+02  9.816561e+55  5.530861e+50  7.187200e-06  -3.481018e+101  1.000000e+00  -1.000000e+00  0.000000e+00
7.880463e+02  1.627167e+02  1.017301e+05  3.086700e+00  7.880463e+02  8.034300e-02  7.860300e-02  1.740000e-03  2.752524e+01  2.752524e+01  1.698210e-01  2.166200e-02  4.311197e-03  4.339279e-03  4.339281e-03  1.057929e-02  4.735661e+09  1.172829e+04  2.602923e+02  9.639580e+55  5.530190e+50  7.567360e-06  1.235152e+101  1.000000e+00  1.000000e+00  0.000000e+00
7.880463e+02  1.679681e+02  1.017301e+05  3.498500e+00  7.880463e+02  8.710800e-02  8.536800e-02  1.740000e-03  2.168108e+01  2.168108e+01  1.698150e-01  1.997700e-02  5.934132e-03  5.987481e-03  5.987483e-03  1.112462e-02  1.007865e+09  1.276856e+04  2.602632e+02  1.057563e+56  5.529610e+50  6.518471e-06  4.223595e+101  1.000000e+00  1.000000e+00  0.000000e+00
7.880463e+02  1.734000e+02  1.017301e+05  3.965200e+00  7.880463e+02  9.953400e-02  9.779400e-02  1.740000e-03  1.805850e+01  1.805850e+01  1.698090e-01  1.748100e-02  8.140889e-03  8.241668e-03  8.241672e-03  1.544622e-02  2.879828e+08  1.466675e+04  2.602357e+02  1.222154e+56  5.529034e+50  6.540911e-06  6.232907e+101  1.000000e+00  1.000000e+00  0.000000e+00
7.880463e+02  1.790190e+02  1.017301e+05  4.494300e+00  7.880463e+02  1.171530e-01  1.154130e-01  1.740000e-03  1.573002e+01  1.573002e+01  1.698030e-01  1.485100e-02  1.100031e-02  1.118521e-02  1.118522e-02  2.361004e-02  9.771404e+07  1.736371e+04  2.602069e+02  1.450332e+56  5.528429e+50  6.520946e-06  7.882925e+101  1.000000e+00  1.000000e+00  0.000000e+00
7.880463e+02  1.848335e+02  1.017301e+05  5.093900e+00  7.880463e+02  1.398690e-01  1.381290e-01  1.740000e-03  1.427794e+01  1.427794e+01  1.697960e-01  1.243700e-02  1.446893e-02  1.479072e-02  1.479073e-02  3.542743e-02  3.724504e+07  2.085553e+04  2.601766e+02  1.735317e+56  5.527793e+50  6.487396e-06  9.033830e+101  1.000000e+00  1.000000e+00  0.000000e+00
7.880463e+02  1.908524e+02  1.017301e+05  5.773400e+00  7.880463e+02  1.660000e-01  1.642600e-01  1.739000e-03  1.338609e+01  1.338609e+01  1.697890e-01  1.047800e-02  1.831620e-02  1.883530e-02  1.883530e-02  4.914446e-02  1.589309e+07  2.489659e+04  2.601447e+02  2.057989e+56  5.527122e+50  6.443644e-06  9.553820e+101  1.000000e+00  1.000000e+00  0.000000e+00
7.880463e+02  1.970844e+02  1.017301e+05  6.543700e+00  7.880463e+02  1.938750e-01  1.921360e-01  1.739000e-03  1.281440e+01  1.281440e+01  1.697820e-01  8.970000e-03  2.234629e-02  2.312436e-02  2.312437e-02  6.270434e-02  7.502088e+06  2.923918e+04  2.601110e+02  2.399920e+56  5.526413e+50  6.393964e-06  1.000399e+102  1.000000e+00  1.000000e+00  0.000000e+00
7.880463e+02  2.035396e+02  1.017301e+05  7.416700e+00  7.880463e+02  2.248820e-01  2.231430e-01  1.739000e-03  1.239965e+01  1.239965e+01  1.697740e-01  7.733000e-03  2.678712e-02  2.791386e-02  2.791386e-02  7.584876e-02  3.666276e+06  3.411003e+04  2.600753e+02  2.779469e+56  5.525663e+50  6.341257e-06  1.111592e+102  1.000000e+00  1.000000e+00  0.000000e+00
7.880463e+02  2.102287e+02  1.017301e+05  8.406200e+00  7.880463e+02  2.617020e-01  2.599640e-01  1.739000e-03  1.210682e+01  1.210682e+01  1.697660e-01  6.644000e-03  3.192708e-02  3.354228e-02  3.354228e-02  8.930253e-02  1.794640e+06  3.994359e+04  2.600375e+02  3.231598e+56  5.524866e+50  6.284920e-06  1.267245e+102  1.000000e+00  1.000000e+00  0.000000e+00
7.880463e+02  2.171631e+02  1.017301e+05  9.527700e+00  7.880463e+02  3.046700e-01  3.029320e-01  1.738000e-03  1.192425e+01  1.192425e+01  1.697570e-01  5.706000e-03  3.773814e-02  4.001828e-02  4.001828e-02  1.024866e-01  8.926289e+05  4.681507e+04  2.599972e+02  3.761957e+56  5.524019e+50  6.222116e-06  1.311764e+102  1.000000e+00  1.000000e+00  0.000000e+00
7.880463e+02  4.714565e+02  1.017301e+05  1.079880e+01  7.880463e+02  3.378440e-01  3.361090e-01  1.736000e-03  1.181945e+01  1.181945e+01  1.696660e-01  5.137000e-03  4.221835e-02  4.509510e-02  4.509510e-02  1.125374e-01  5.593715e+05  5.216794e+04  2.595658e+02  4.173669e+56  5.513240e+50  6.175067e-06  4.059895e+102  1.000000e+00  1.000000e+00  1.000000e+00
7.880463e+02  4.728972e+02  1.017301e+05  1.223950e+01  7.880463e+02  3.648270e-01  3.630950e-01  1.733000e-03  1.174215e+01  1.174215e+01  1.695700e-01  4.749000e-03  4.589033e-02  4.931197e-02  4.931198e-02  1.209570e-01  3.962185e+05  5.655132e+04  2.591304e+02  4.509875e+56  5.504510e+50  6.136615e-06  4.095085e+102  1.000000e+00  1.000000e+00  1.000000e+00
7.880463e+02  4.745300e+02  1.017301e+05  1.387240e+01  7.880463e+02  3.954550e-01  3.937240e-01  1.731000e-03  1.168913e+01  1.168913e+01  1.695300e-01  4.378000e-03  4.996853e-02  5.405570e-02  5.405571e-02  1.291683e-01  2.764246e+05  6.156089e+04  2.589558e+02  4.893161e+56  5.502037e+50  6.093776e-06  4.116851e+102  1.000000e+00  1.000000e+00  1.000000e+00
7.880463e+02  4.763807e+02  1.017301e+05  1.572320e+01  7.880463e+02  4.300620e-01  4.283300e-01  1.731000e-03  1.166066e+01  1.166066e+01  1.695240e-01  4.026000e-03  5.447403e-02  5.937200e-02  5.937200e-02  1.368974e-01  1.902654e+05  6.726157e+04  2.589275e+02  5.328025e+56  5.501442e+50  6.045795e-06  4.087483e+102  1.000000e+00  1.000000e+00  1.000000e+00
7.880463e+02  4.784787e+02  1.017301e+05  1.782080e+01  7.880463e+02  4.684030e-01  4.666720e-01  1.731000e-03  1.165480e+01  1.165480e+01  1.695170e-01  3.696000e-03  5.936039e-02  6.522963e-02  6.522963e-02  1.438402e-01  1.301082e+05  7.363273e+04  2.588956e+02  5.812471e+56  5.500768e+50  5.990900e-06  3.741029e+102  1.000000e+00  1.000000e+00  1.000000e+00
7.880463e+02  4.808563e+02  1.017301e+05  2.019840e+01  7.880463e+02  5.046300e-01  5.028990e-01  1.731000e-03  1.165711e+01  1.165711e+01  1.695090e-01  3.430000e-03  6.393869e-02  7.080705e-02  7.080706e-02  1.491154e-01  9.302820e+04  7.970588e+04  2.588595e+02  6.272170e+56  5.500004e+50  5.638505e-06  2.045928e+102  1.000000e+00  1.000000e+00  1.000000e+00
7.880463e+02  4.835509e+02  1.017301e+05  2.289310e+01  7.880463e+02  5.110080e-01  5.092770e-01  1.731000e-03  1.156965e+01  1.156965e+01  1.695000e-01  3.386000e-03  6.523622e-02  7.240375e-02  7.240375e-02  1.485665e-01  8.382539e+04  8.084951e+04  2.588185e+02  6.352242e+56  5.499139e+50  1.264107e-05  4.172183e+100  1.000000e+00  1.000000e+00  1.000000e+00
7.880463e+02  4.866048e+02  1.017301e+05  2.594730e+01  7.880463e+02  5.045900e-01  5.028590e-01  1.730000e-03  1.136497e+01  1.136497e+01  1.694900e-01  3.429000e-03  6.557700e-02  7.282429e-02  7.282430e-02  1.425247e-01  7.834977e+04  7.991566e+04  2.587722e+02  6.265013e+56  5.498159e+50  -1.215330e-06  -2.578162e+101  -1.000000e+00  -1.000000e+00  1.000000e+00
7.880463e+02  4.900671e+02  1.017301e+05  2.940900e+01  7.880463e+02  5.053290e-01  5.035990e-01  1.730000e-03  1.109733e+01  1.109733e+01  1.694790e-01  3.423000e-03  6.725696e-02  7.490468e-02  7.490469e-02  1.345276e-01  6.516784e+04  8.028635e+04  2.587196e+02  6.268517e+56  5.497048e+50  2.398471e-06  3.427881e+101  1.000000e+00  1.000000e+00  1.000000e+00
7.880463e+02  4.939909e+02  1.017301e+05  3.333260e+01  7.880463e+02  5.182560e-01  5.165270e-01  1.729000e-03  1.080859e+01  1.080859e+01  1.694660e-01  3.337000e-03  7.082015e-02  7.935757e-02  7.935757e-02  1.266430e-01  4.739188e+04  8.280127e+04  2.586600e+02  6.427782e+56  5.495789e+50  5.205291e-06  1.015865e+102  1.000000e+00  1.000000e+00  1.000000e+00
7.880463e+02  4.984378e+02  1.017301e+05  3.777960e+01  7.880463e+02  5.452390e-01  5.435100e-01  1.729000e-03  1.053737e+01  1.053737e+01  1.694510e-01  3.171000e-03  7.642512e-02  8.647541e-02  8.647542e-02  1.200660e-01  3.070033e+04  8.785818e+04  2.585926e+02  6.773253e+56  5.494363e+50  5.386449e-06  1.584882e+102  1.000000e+00  1.000000e+00  1.000000e+00
7.880463e+02  5.034775e+02  1.017301e+05  4.281980e+01  7.880463e+02  5.866150e-01  5.848870e-01  1.728000e-03  1.031277e+01  1.031277e+01  1.694340e-01  2.947000e-03  8.401557e-02  9.634304e-02  9.634305e-02  1.151456e-01  1.833819e+04  9.543331e+04  2.585162e+02  7.302182e+56  5.492748e+50  5.450297e-06  2.001882e+102  1.000000e+00  1.000000e+00  1.000000e+00
7.880463e+02  5.091908e+02  1.017301e+05  4.853260e+01  7.880463e+02  6.417360e-01  6.400080e-01  1.728000e-03  1.014898e+01  1.014898e+01  1.694160e-01  2.693000e-03  9.339333e-02  1.089137e-01  1.089137e-01  1.117621e-01  1.048635e+04  1.055765e+05  2.584296e+02  8.015924e+56  5.490918e+50  5.377415e-06  2.300406e+102  1.000000e+00  1.000000e+00  1.000000e+00
7.880463e+02  5.156662e+02  1.017301e+05  5.500740e+01  7.880463e+02  7.094070e-01  7.076800e-01  1.727000e-03  1.004728e+01  1.004728e+01  1.693940e-01  2.435000e-03  1.042867e-01  1.240734e-01  1.240734e-01  1.092518e-01  5.904676e+03  1.183307e+05  2.583316e+02  8.914381e+56  5.488846e+50  5.279304e-06  2.466102e+102  1.000000e+00  1.000000e+00  1.000000e+00
7.880463e+02  5.230050e+02  1.017301e+05  6.234610e+01  7.880463e+02  7.881590e-01  7.864320e-01  1.727000e-03  1.000092e+01  1.000092e+01  1.693700e-01  2.191000e-03  1.164006e-01  1.416843e-01  1.416844e-01  1.069218e-01  3.335776e+03  1.333365e+05  2.582206e+02  9.966558e+56  5.486498e+50  5.152486e-06  2.534910e+102  1.000000e+00  1.000000e+00  1.000000e+00
7.880463e+02  5.313221e+02  1.017301e+05  7.066390e+01  7.880463e+02  8.763860e-01  8.746610e-01  1.726000e-03  9.999270e+00  9.999270e+00  1.693430e-01  1.969000e-03  1.294520e-01  1.616165e-01  1.616165e-01  1.042670e-01  1.912090e+03  1.508387e+05  2.580948e+02  1.118631e+57  5.483839e+50  5.001651e-06  2.522410e+102  1.000000e+00  1.000000e+00  1.000000e+00
7.880463e+02  5.407496e+02  1.017301e+05  8.009140e+01  7.880463e+02  9.723840e-01  9.706600e-01  1.725000e-03  1.003105e+01  1.003105e+01  1.693120e-01  1.774000e-03  1.431770e-01  1.837461e-01  1.837461e-01  1.008672e-01  1.117652e+03  1.702005e+05  2.579524e+02  1.252085e+57  5.480828e+50  4.927924e-06  2.399903e+102  1.000000e+00  1.000000e+00  1.000000e+00
7.880463e+02  5.514360e+02  1.017301e+05  9.077660e+01  7.880463e+02  1.074438e+00  1.072714e+00  1.724000e-03  1.008661e+01  1.008661e+01  1.692760e-01  1.604000e-03  1.573322e-01  2.079483e-01  2.079483e-01  9.660475e-02  6.680760e+02  1.910476e+05  2.577911e+02  1.393727e+57  5.477419e+50  4.754400e-06  2.278393e+102  1.000000e+00  1.000000e+00  1.000000e+00
7.880463e+02  5.635472e+02  1.017301e+05  1.028874e+02  7.880463e+02  1.180699e+00  1.178977e+00  1.722000e-03  1.015687e+01  1.015687e+01  1.692370e-01  1.459000e-03  1.716963e-01  2.340908e-01  2.340908e-01  9.145296e-02  4.086030e+02  2.141575e+05  2.576086e+02  1.548853e+57  5.473559e+50  4.521769e-06  2.148853e+102  1.000000e+00  1.000000e+00  1.000000e+00
7.880463e+02  5.772730e+02  1.017301e+05  1.166139e+02  7.880463e+02  1.289345e+00  1.287624e+00  1.721000e-03  1.023461e+01  1.023461e+01  1.691920e-01  1.335000e-03  1.860713e-01  2.620295e-01  2.620295e-01  8.563485e-02  2.559524e+02  2.386223e+05  2.574019e+02  1.710134e+57  5.469190e+50  4.376305e-06  1.947314e+102  1.000000e+00  1.000000e+00  1.000000e+00
7.880463e+02  5.928297e+02  1.017301e+05  1.321717e+02  7.880463e+02  1.398562e+00  1.396842e+00  1.720000e-03  1.031404e+01  1.031404e+01  1.691400e-01  1.229000e-03  2.002787e-01  2.915944e-01  2.915945e-01  7.929185e-02  1.640449e+02  2.639667e+05  2.571679e+02  1.873558e+57  5.464245e+50  4.190918e-06  1.748753e+102  1.000000e+00  1.000000e+00  1.000000e+00
7.880463e+02  6.104652e+02  1.017301e+05  1.498051e+02  7.880463e+02  1.506596e+00  1.504878e+00  1.718000e-03  1.039047e+01  1.039047e+01  1.690830e-01  1.140000e-03  2.141624e-01  3.225903e-01  3.225903e-01  7.275669e-02  1.076604e+02  2.905320e+05  2.569033e+02  2.041201e+57  5.458649e+50  3.956090e-06  1.566778e+102  1.000000e+00  1.000000e+00  1.000000e+00
7.880463e+02  6.304521e+02  1.017301e+05  1.697911e+02  7.880463e+02  1.611802e+00  1.610086e+00  1.716000e-03  1.046018e+01  1.046018e+01  1.690170e-01  1.065000e-03  2.275904e-01  3.547956e-01  3.547957e-01  6.617707e-02  7.225122e+01  3.179154e+05  2.566039e+02  2.209675e+57  5.452319e+50  3.734999e-06  1.376634e+102  1.000000e+00  1.000000e+00  1.000000e+00
7.880463e+02  6.531038e+02  1.017301e+05  1.924434e+02  7.880463e+02  1.712695e+00  1.710981e+00  1.714000e-03  1.052049e+01  1.052049e+01  1.689430e-01  1.000000e-03  2.404505e-01  3.879535e-01  3.879535e-01  5.980118e-02  4.960096e+01  3.457384e+05  2.562653e+02  2.375888e+57  5.445160e+50  3.598403e-06  1.158491e+102  1.000000e+00  1.000000e+00  1.000000e+00
7.880463e+02  6.787757e+02  1.017301e+05  2.181178e+02  7.880463e+02  1.807980e+00  1.806269e+00  1.711000e-03  1.056940e+01  1.056940e+01  1.688590e-01  9.460000e-04  2.526533e-01  4.217785e-01  4.217785e-01  5.375968e-02  3.481135e+01  3.724169e+05  2.558824e+02  2.527791e+57  5.437064e+50  3.412885e-06  9.653565e+101  1.000000e+00  1.000000e+00  1.000000e+00
7.880463e+02  7.078781e+02  1.017301e+05  2.472176e+02  7.880463e+02  1.896585e+00  1.894877e+00  1.708000e-03  1.060526e+01  1.060526e+01  1.687640e-01  9.010000e-04  2.641391e-01  4.559855e-01  4.559855e-01  4.815899e-02  2.497022e+01  3.996749e+05  2.554494e+02  2.678285e+57  5.427910e+50  3.098401e-06  8.367322e+101  1.000000e+00  1.000000e+00  1.000000e+00
7.880463e+02  7.408620e+02  1.017301e+05  2.801996e+02  7.880463e+02  1.977669e+00  1.975964e+00  1.705000e-03  1.062739e+01  1.062739e+01  1.686570e-01  8.620000e-04  2.748580e-01  4.902418e-01  4.902419e-01  4.300678e-02  1.827654e+01  4.272120e+05  2.549603e+02  2.825100e+57  5.417569e+50  2.856410e-06  6.950450e+101  1.000000e+00  1.000000e+00  1.000000e+00
7.880463e+02  7.782441e+02  1.017301e+05  3.175819e+02  7.880463e+02  2.050631e+00  2.048930e+00  1.701000e-03  1.063530e+01  1.063530e+01  1.685360e-01  8.300000e-04  2.847865e-01  5.242292e-01  5.242293e-01  3.837412e-02  1.365683e+01  4.535326e+05  2.544076e+02  2.957337e+57  5.405884e+50  2.691151e-06  5.425225e+101  1.000000e+00  1.000000e+00  1.000000e+00
7.880463e+02  8.206108e+02  1.017301e+05  3.599514e+02  7.880463e+02  2.115099e+00  2.113402e+00  1.697000e-03  1.062914e+01  1.062914e+01  1.683980e-01  8.020000e-04  2.939098e-01  5.576015e-01  5.576015e-01  3.423887e-02  1.040757e+01  4.781834e+05  2.537839e+02  3.071868e+57  5.392695e+50  2.464910e-06  4.241924e+101  1.000000e+00  1.000000e+00  1.000000e+00
7.880463e+02  8.686339e+02  1.017301e+05  4.079736e+02  7.880463e+02  2.170907e+00  2.169215e+00  1.692000e-03  1.060910e+01  1.060910e+01  1.682430e-01  7.800000e-04  3.022347e-01  5.900469e-01  5.900469e-01  3.058597e-02  8.085652e+00  5.022598e+05  2.530798e+02  3.177391e+57  5.377808e+50  2.234045e-06  3.255121e+101  1.000000e+00  1.000000e+00  1.000000e+00
7.880463e+02  9.230662e+02  1.017301e+05  4.624025e+02  7.880463e+02  2.218079e+00  2.216392e+00  1.687000e-03  1.057585e+01  1.057585e+01  1.680680e-01  7.610000e-04  3.097729e-01  6.212456e-01  6.212456e-01  2.737459e-02  6.397925e+00  5.241219e+05  2.522858e+02  3.262200e+57  5.361019e+50  2.005736e-06  2.369490e+101  1.000000e+00  1.000000e+00  1.000000e+00
7.880463e+02  9.847572e+02  1.017301e+05  5.240930e+02  7.880463e+02  2.256797e+00  2.255115e+00  1.681000e-03  1.053004e+01  1.053004e+01  1.678690e-01  7.450000e-04  3.165511e-01  6.509255e-01  6.509255e-01  2.457046e-02  5.153815e+00  5.449271e+05  2.513908e+02  3.335650e+57  5.342094e+50  1.705685e-06  1.782875e+101  1.000000e+00  1.000000e+00  1.000000e+00
7.880463e+02  1.054675e+03  1.017301e+05  5.940138e+02  7.880463e+02  2.287373e+00  2.285699e+00  1.674000e-03  1.047270e+01  1.047270e+01  1.676460e-01  7.320000e-04  3.225967e-01  6.788199e-01  6.788199e-01  2.212646e-02  4.221962e+00  5.645378e+05  2.503827e+02  3.397392e+57  5.320778e+50  1.399220e-06  1.297686e+101  1.000000e+00  1.000000e+00  1.000000e+00
7.880463e+02  1.133922e+03  1.017301e+05  6.732629e+02  7.880463e+02  2.310226e+00  2.308560e+00  1.667000e-03  1.040482e+01  1.040482e+01  1.673930e-01  7.210000e-04  3.279454e-01  7.047152e-01  7.047152e-01  2.000792e-02  3.516461e+00  5.828213e+05  2.492487e+02  3.447283e+57  5.296795e+50  1.118774e-06  8.120986e+100  1.000000e+00  1.000000e+00  1.000000e+00
7.880463e+02  1.223749e+03  1.017301e+05  7.630849e+02  7.880463e+02  2.325852e+00  2.324193e+00  1.658000e-03  1.032765e+01  1.032765e+01  1.671080e-01  7.130000e-04  3.326306e-01  7.284107e-01  7.284107e-01  1.817367e-02  2.975315e+00  5.983322e+05  2.479733e+02  3.475248e+57  5.269823e+50  8.129959e-07  4.074206e+100  1.000000e+00  1.000000e+00  1.000000e+00
7.880463e+02  1.325556e+03  1.017301e+05  8.648903e+02  7.880463e+02  2.334792e+00  2.333144e+00  1.649000e-03  1.024218e+01  1.024218e+01  1.667870e-01  7.060000e-04  3.366955e-01  7.497899e-01  7.497899e-01  1.658868e-02  2.555804e+00  6.123690e+05  2.465409e+02  3.491949e+57  5.239530e+50  4.200426e-07  1.871517e+100  1.000000e+00  1.000000e+00  1.000000e+00
7.880463e+02  1.440942e+03  1.017301e+05  9.802778e+02  7.880463e+02  2.337630e+00  2.335991e+00  1.638000e-03  1.014969e+01  1.014969e+01  1.664250e-01  7.010000e-04  3.401765e-01  7.687429e-01  7.687429e-01  1.522127e-02  2.227607e+00  6.249375e+05  2.449342e+02  3.498059e+57  5.205546e+50  -2.293276e-08  2.261397e+99  -1.000000e+00  1.000000e+00  1.000000e+00
7.880463e+02  1.571717e+03  1.017301e+05  1.111060e+03  7.880463e+02  2.334961e+00  2.333335e+00  1.626000e-03  1.005137e+01  1.005137e+01  1.660180e-01  6.960000e-04  3.431122e-01  7.852144e-01  7.852144e-01  1.405555e-02  1.970512e+00  6.359856e+05  2.431339e+02  3.494023e+57  5.167469e+50  -5.330972e-07  -9.309725e+99  -1.000000e+00  -1.000000e+00  1.000000e+00
7.880463e+02  1.719954e+03  1.017301e+05  1.259289e+03  7.880463e+02  2.327381e+00  2.325768e+00  1.613000e-03  9.948338e+00  9.948338e+00  1.655600e-01  6.930000e-04  3.455402e-01  7.991910e-01  7.991910e-01  1.305688e-02  1.767065e+00  6.456168e+05  2.411201e+02  3.481384e+57  5.124872e+50  -1.350296e-06  -2.161706e+100  -1.000000e+00  -1.000000e+00  1.000000e+00
7.880463e+02  1.887962e+03  1.017301e+05  1.427295e+03  7.880463e+02  2.315476e+00  2.313879e+00  1.598000e-03  9.841678e+00  9.841678e+00  1.650460e-01  6.900000e-04  3.474984e-01  8.107055e-01  8.107055e-01  1.220026e-02  1.605189e+00  6.524278e+05  2.388709e+02  3.450326e+57  5.077293e+50  -2.033487e-06  -2.727828e+100  -1.000000e+00  -1.000000e+00  1.000000e+00
7.880463e+02  2.078381e+03  1.017301e+05  1.617714e+03  7.880463e+02  2.299819e+00  2.298238e+00  1.581000e-03  9.732609e+00  9.732609e+00  1.644680e-01  6.870000e-04  3.490165e-01  8.197857e-01  8.197857e-01  1.146803e-02  1.476280e+00  6.591895e+05  2.363638e+02  3.421959e+57  5.024254e+50  -3.695899e-06  -2.813623e+100  -1.000000e+00  -1.000000e+00  1.000000e+00
7.880463e+02  2.294199e+03  1.017301e+05  1.833538e+03  7.880463e+02  2.280950e+00  2.279387e+00  1.562000e-03  9.622048e+00  9.622048e+00  1.638210e-01  6.850000e-04  3.501304e-01  8.265360e-01  8.265360e-01  1.084421e-02  1.373913e+00  6.633453e+05  2.335747e+02  3.377764e+57  4.965242e+50  -6.103264e-06  -3.214701e+100  -1.000000e+00  -1.000000e+00  1.000000e+00
7.880463e+02  2.538819e+03  1.017301e+05  2.078156e+03  7.880463e+02  2.259389e+00  2.257847e+00  1.542000e-03  9.510992e+00  9.510992e+00  1.630970e-01  6.820000e-04  3.508705e-01  8.310624e-01  8.310625e-01  1.031529e-02  1.293229e+00  6.663329e+05  2.304791e+02  3.328925e+57  4.899740e+50  -7.525488e-06  -2.830627e+100  -1.000000e+00  -1.000000e+00  1.000000e+00
7.880463e+02  2.816077e+03  1.017301e+05  2.355409e+03  7.880463e+02  2.235622e+00  2.234103e+00  1.519000e-03  9.400535e+00  9.400535e+00  1.622880e-01  6.790000e-04  3.512590e-01  8.334522e-01  8.334523e-01  9.869953e-03  1.230528e+00  6.693711e+05  2.270527e+02  3.284870e+57  4.827230e+50  -2.831893e-05  -2.604426e+100  -1.000000e+00  -1.000000e+00  1.000000e+00
7.880463e+02  3.130319e+03  1.017301e+05  2.669651e+03  7.880463e+02  2.210101e+00  2.208608e+00  1.494000e-03  9.291333e+00  9.291333e+00  1.613850e-01  6.760000e-04  3.513304e-01  8.338930e-01  8.338930e-01  9.498249e-03  1.182958e+00  6.701374e+05  2.232705e+02  3.228457e+57  4.747182e+50  2.069338e-04  -2.623275e+100  1.000000e+00  -1.000000e+00  1.000000e+00
7.880463e+02  3.486480e+03  1.017301e+05  3.025817e+03  7.880463e+02  2.183247e+00  2.181781e+00  1.466000e-03  9.184252e+00  9.184252e+00  1.603800e-01  6.720000e-04  3.511080e-01  8.325225e-01  8.325226e-01  9.189734e-03  1.148177e+00  6.699635e+05  2.191092e+02  3.169831e+57  4.659096e+50  1.324404e-04  -2.346092e+100  1.000000e+00  -1.000000e+00  1.000000e+00
7.880463e+02  3.890162e+03  1.017301e+05  3.429500e+03  7.880463e+02  2.155448e+00  2.154012e+00  1.436000e-03  9.080023e+00  9.080023e+00  1.592630e-01  6.660000e-04  3.506164e-01  8.295047e-01  8.295047e-01  8.943796e-03  1.125288e+00  6.689468e+05  2.145468e+02  3.109816e+57  4.562507e+50  2.310698e-05  -2.066651e+100  1.000000e+00  -1.000000e+00  1.000000e+00
7.880463e+02  4.347708e+03  1.017301e+05  3.887040e+03  7.880463e+02  2.127057e+00  2.125655e+00  1.402000e-03  8.979199e+00  8.979199e+00  1.580240e-01  6.590000e-04  3.498833e-01  8.250318e-01  8.250318e-01  8.746876e-03  1.112103e+00  6.671690e+05  2.095642e+02  3.049017e+57  4.457003e+50  1.416966e-05  -1.795263e+100  1.000000e+00  -1.000000e+00  1.000000e+00
7.880463e+02  4.866291e+03  1.017301e+05  4.405622e+03  7.880463e+02  2.098405e+00  2.097039e+00  1.366000e-03  8.882502e+00  8.882502e+00  1.566550e-01  6.510000e-04  3.489278e-01  8.192517e-01  8.192517e-01  8.596399e-03  1.108006e+00  6.647407e+05  2.041460e+02  2.988225e+57  4.342255e+50  1.004056e-05  -1.619097e+100  1.000000e+00  -1.000000e+00  1.000000e+00
7.880463e+02  5.454054e+03  1.017301e+05  4.993389e+03  7.880463e+02  2.069782e+00  2.068455e+00  1.327000e-03  8.790294e+00  8.790294e+00  1.551460e-01  6.410000e-04  3.477787e-01  8.123715e-01  8.123715e-01  8.487724e-03  1.112206e+00  6.607805e+05  1.982817e+02  2.920721e+57  4.218034e+50  7.747438e-06  -1.390082e+100  1.000000e+00  -1.000000e+00  1.000000e+00
7.880463e+02  6.120229e+03  1.017301e+05  5.659571e+03  7.880463e+02  2.041460e+00  2.040175e+00  1.285000e-03  8.703151e+00  8.703151e+00  1.534860e-01  6.300000e-04  3.464544e-01  8.045393e-01  8.045393e-01  8.416604e-03  1.124137e+00  6.573367e+05  1.919674e+02  2.861715e+57  4.084254e+50  7.751793e-06  -1.086335e+100  1.000000e+00  -1.000000e+00  1.000000e+00
7.880463e+02  6.875298e+03  1.017301e+05  6.414631e+03  7.880463e+02  2.013682e+00  2.012442e+00  1.240000e-03  8.621418e+00  8.621418e+00  1.516690e-01  6.160000e-04  3.449800e-01  7.959371e-01  7.959371e-01  8.379526e-03  1.143277e+00  6.535086e+05  1.852058e+02  2.804289e+57  3.940963e+50  6.899382e-06  -8.979209e+99  1.000000e+00  -1.000000e+00  1.000000e+00
7.880463e+02  7.731096e+03  1.017301e+05  7.270426e+03  7.880463e+02  1.986663e+00  1.985471e+00  1.192000e-03  8.545365e+00  8.545365e+00  1.496840e-01  6.000000e-04  3.433803e-01  7.867416e-01  7.867416e-01  8.370907e-03  1.168958e+00  6.493768e+05  1.780099e+02  2.748831e+57  3.788426e+50  6.260727e-06  -7.335967e+99  1.000000e+00  -1.000000e+00  1.000000e+00
7.880463e+02  8.701063e+03  1.017301e+05  8.240395e+03  7.880463e+02  1.960597e+00  1.959455e+00  1.141000e-03  8.475283e+00  8.475283e+00  1.475270e-01  5.820000e-04  3.416769e-01  7.771043e-01  7.771043e-01  8.392594e-03  1.201490e+00  6.450249e+05  1.704011e+02  2.695722e+57  3.627095e+50  5.396880e-06  -6.228934e+99  1.000000e+00  -1.000000e+00  1.000000e+00
7.880463e+02  9.800430e+03  1.017301e+05  9.339770e+03  7.880463e+02  1.935654e+00  1.934566e+00  1.088000e-03  8.411307e+00  8.411307e+00  1.451910e-01  5.620000e-04  3.398959e-01  7.671920e-01  7.671920e-01  8.437109e-03  1.239871e+00  6.397099e+05  1.624116e+02  2.639130e+57  3.457643e+50  4.961939e-06  -5.046645e+99  1.000000e+00  -1.000000e+00  1.000000e+00
7.880463e+02  1.104648e+04  1.017301e+05  1.058582e+04  7.880463e+02  1.911986e+00  1.910954e+00  1.032000e-03  8.353690e+00  8.353690e+00  1.426740e-01  5.400000e-04  3.380555e-01  7.571220e-01  7.571221e-01  8.503306e-03  1.283934e+00  6.351651e+05  1.540848e+02  2.591757e+57  3.280982e+50  5.037053e-06  -3.704187e+99  1.000000e+00  -1.000000e+00  1.000000e+00
7.880463e+02  1.245877e+04  1.017301e+05  1.199810e+04  7.880463e+02  1.889720e+00  1.888745e+00  9.750000e-04  8.302282e+00  8.302282e+00  1.399720e-01  5.160000e-04  3.361875e-01  7.470747e-01  7.470747e-01  8.586475e-03  1.332954e+00  6.306066e+05  1.454748e+02  2.547442e+57  3.098253e+50  4.443627e-06  -3.044192e+99  1.000000e+00  -1.000000e+00  1.000000e+00
7.880463e+02  1.405947e+04  1.017301e+05  1.359880e+04  7.880463e+02  1.868965e+00  1.868049e+00  9.160000e-04  8.257272e+00  8.257272e+00  1.370890e-01  4.900000e-04  3.343075e-01  7.371350e-01  7.371350e-01  8.685093e-03  1.386600e+00  6.253562e+05  1.366457e+02  2.500815e+57  2.910810e+50  4.177159e-06  -2.377655e+99  1.000000e+00  -1.000000e+00  1.000000e+00
7.880463e+02  1.587372e+04  1.017301e+05  1.541306e+04  7.880463e+02  1.849807e+00  1.848951e+00  8.560000e-04  8.218476e+00  8.218476e+00  1.340270e-01  4.630000e-04  3.324427e-01  7.274414e-01  7.274414e-01  8.797631e-03  1.444422e+00  6.209808e+05  1.276702e+02  2.463305e+57  2.720193e+50  4.253915e-06  -1.655735e+99  1.000000e+00  -1.000000e+00  1.000000e+00
7.880463e+02  1.793002e+04  1.017301e+05  1.746936e+04  7.880463e+02  1.832315e+00  1.831520e+00  7.950000e-04  8.185838e+00  8.185838e+00  1.307930e-01  4.340000e-04  3.306120e-01  7.180811e-01  7.180811e-01  8.914200e-03  1.504479e+00  6.167673e+05  1.186283e+02  2.429301e+57  2.528093e+50  4.024360e-06  -1.229936e+99  1.000000e+00  -1.000000e+00  1.000000e+00
7.880463e+02  2.025605e+04  1.017301e+05  1.979538e+04  7.880463e+02  1.816564e+00  1.815829e+00  7.350000e-04  8.159019e+00  8.159019e+00  1.274020e-01  4.050000e-04  3.288474e-01  7.092013e-01  7.092013e-01  9.037580e-03  1.566786e+00  6.127496e+05  1.096201e+02  2.398700e+57  2.336641e+50  3.911681e-06  -1.002505e+99  1.000000e+00  -1.000000e+00  1.000000e+00
1.082637e+03  1.316026e+02  1.036704e+05  1.870400e+00  1.082637e+03  6.282800e-02  6.016600e-02  2.662000e-03  5.995818e+01  5.995818e+01  1.945700e-01  4.237600e-02  1.547708e-03  1.551310e-03  1.551311e-03  3.001415e-02  2.252688e+12  8.910740e+03  3.999032e+02  7.182272e+55  9.842061e+50  6.737760e-06  0.000000e+00  1.000000e+00  -1.000000e+00  0.000000e+00
1.082637e+03  1.379494e+02  1.036704e+05  2.120000e+00  1.082637e+03  1.866990e-01  1.840360e-01  2.662000e-03  7.838018e+01  7.838018e+01  1.945630e-01  1.425900e-02  3.518168e-03  3.536843e-03  3.536844e-03  7.202464e-02  8.909217e+10  2.729527e+04  3.998599e+02  2.198539e+56  9.840995e+50  6.719759e-06  0.000000e+00  1.000000e+00  -1.000000e+00  0.000000e+00
1.082637e+03  1.527256e+02  1.036704e+05  2.402800e+00  1.082637e+03  2.306420e-01  2.279800e-01  2.662000e-03  7.777664e+01  7.777664e+01  1.945530e-01  1.154100e-02  4.379971e-03  4.408959e-03  4.408960e-03  7.985764e-02  3.302657e+10  3.384103e+04  3.998008e+02  2.724140e+56  9.839471e+50  6.786873e-06  0.000000e+00  1.000000e+00  -1.000000e+00  0.000000e+00
1.082637e+03  1.576382e+02  1.036704e+05  2.723400e+00  1.082637e+03  2.114810e-01  2.088190e-01  2.661000e-03  7.205002e+01  7.205002e+01  1.945440e-01  1.258400e-02  4.335293e-03  4.363690e-03  4.363691e-03  6.731479e-02  2.930401e+10  3.100447e+04  3.997420e+02  2.495026e+56  9.838038e+50  6.748483e-06  0.000000e+00  1.000000e+00  -1.000000e+00  0.000000e+00
1.082637e+03  1.627167e+02  1.036704e+05  3.086700e+00  1.082637e+03  1.694050e-01  1.667440e-01  2.661000e-03  6.592754e+01  6.592754e+01  1.945350e-01  1.570800e-02  3.795254e-03  3.816997e-03  3.816998e-03  5.106309e-02  4.323303e+10  2.475635e+04  3.996881e+02  1.992716e+56  9.836782e+50  6.737735e-06  0.000000e+00  1.000000e+00  -1.000000e+00  0.000000e+00
1.082637e+03  1.679681e+02  1.036704e+05  3.498500e+00  1.082637e+03  1.173910e-01  1.147310e-01  2.661000e-03  5.485964e+01  5.485964e+01  1.945270e-01  2.266500e-02  3.160563e-03  3.175626e-03  3.175627e-03  3.162291e-02  6.684750e+10  1.704177e+04  3.996389e+02  1.375204e+56  9.835657e+50  6.755155e-06  -2.748568e+102  1.000000e+00  -1.000000e+00  0.000000e+00
1.082637e+03  1.734000e+02  1.036704e+05  3.965200e+00  1.082637e+03  8.413300e-02  8.147200e-02  2.660000e-03  3.966529e+01  3.966529e+01  1.945190e-01  3.162100e-02  3.132819e-03  3.147618e-03  3.147620e-03  1.637645e-02  3.617910e+10  1.212437e+04  3.995937e+02  9.859162e+55  9.834606e+50  6.970179e-06  -1.187541e+102  1.000000e+00  -1.000000e+00  0.000000e+00
1.082637e+03  1.790190e+02  1.036704e+05  4.494300e+00  1.082637e+03  7.866700e-02  7.600600e-02  2.660000e-03  2.719553e+01  2.719553e+01  1.945120e-01  3.381500e-02  4.272422e-03  4.299998e-03  4.300001e-03  1.018658e-02  4.770476e+09  1.134388e+04  3.995498e+02  9.328664e+55  9.833543e+50  7.439580e-06  2.143130e+101  1.000000e+00  1.000000e+00  0.000000e+00
1.082637e+03  1.848335e+02  1.036704e+05  5.093900e+00  1.082637e+03  8.931700e-02  8.665800e-02  2.660000e-03  2.013568e+01  2.013568e+01  1.945050e-01  2.977900e-02  6.551658e-03  6.616755e-03  6.616758e-03  1.169106e-02  6.457352e+08  1.297578e+04  3.995038e+02  1.077210e+56  9.832427e+50  6.533224e-06  9.519649e+101  1.000000e+00  1.000000e+00  0.000000e+00
1.082637e+03  1.908524e+02  1.036704e+05  5.773400e+00  1.082637e+03  1.083580e-01  1.056990e-01  2.659000e-03  1.642989e+01  1.642989e+01  1.944970e-01  2.454300e-02  9.741121e-03  9.885806e-03  9.885810e-03  1.927336e-02  1.464982e+08  1.588522e+04  3.994554e+02  1.325831e+56  9.831252e+50  6.532303e-06  1.363543e+102  1.000000e+00  1.000000e+00  0.000000e+00
1.082637e+03  1.970844e+02  1.036704e+05  6.543700e+00  1.082637e+03  1.346270e-01  1.319680e-01  2.659000e-03  1.440833e+01  1.440833e+01  1.944890e-01  1.975200e-02  1.380072e-02  1.409314e-02  1.409314e-02  3.240551e-02  4.315368e+07  1.991726e+04  3.994044e+02  1.657780e+56  9.830013e+50  6.494396e-06  1.625607e+102  1.000000e+00  1.000000e+00  0.000000e+00
1.082637e+03  2.035396e+02  1.036704e+05  7.416700e+00  1.082637e+03  1.656140e-01  1.629550e-01  2.659000e-03  1.331316e+01  1.331316e+01  1.944800e-01  1.605400e-02  1.837369e-02  1.889610e-02  1.889610e-02  4.850044e-02  1.544073e+07  2.470674e+04  3.993506e+02  2.041089e+56  9.828702e+50  6.442497e-06  1.742221e+102  1.000000e+00  1.000000e+00  0.000000e+00
1.082637e+03  2.102287e+02  1.036704e+05  8.406200e+00  1.082637e+03  1.990210e-01  1.963630e-01  2.658000e-03  1.266902e+01  1.266902e+01  1.944710e-01  1.335700e-02  2.320266e-02  2.404276e-02  2.404277e-02  6.439875e-02  6.384067e+06  2.991622e+04  3.992934e+02  2.451003e+56  9.827312e+50  6.384278e-06  1.861542e+102  1.000000e+00  1.000000e+00  0.000000e+00
1.082637e+03  2.171631e+02  1.036704e+05  9.527700e+00  1.082637e+03  2.373390e-01  2.346810e-01  2.658000e-03  1.223758e+01  1.223758e+01  1.944610e-01  1.119900e-02  2.864537e-02  2.993807e-02  2.993808e-02  7.997158e-02  2.764197e+06  3.594947e+04  3.992328e+02  2.920670e+56  9.825835e+50  6.321250e-06  1.905312e+102  1.000000e+00  1.000000e+00  0.000000e+00
1.082637e+03  4.714565e+02  1.036704e+05  1.079880e+01  1.082637e+03  2.679170e-01  2.652620e-01  2.655000e-03  1.199470e+01  1.199470e+01  1.943800e-01  9.908000e-03  3.299078e-02  3.471865e-02  3.471865e-02  9.227242e-02  1.574064e+06  4.080584e+04  3.987194e+02  3.296840e+56  9.810733e+50  6.274799e-06  6.213884e+102  1.000000e+00  1.000000e+00  1.000000e+00
1.082637e+03  4.728972e+02  1.036704e+05  1.223950e+01  1.082637e+03  2.933600e-01  2.907100e-01  2.651000e-03  1.183018e+01  1.183018e+01  1.942840e-01  9.035000e-03  3.662618e-02  3.876965e-02  3.876966e-02  1.027574e-01  1.039365e+06  4.487346e+04  3.981274e+02  3.610968e+56  9.795931e+50  6.237471e-06  6.315578e+102  1.000000e+00  1.000000e+00  1.000000e+00
1.082637e+03  4.745300e+02  1.036704e+05  1.387240e+01  1.082637e+03  3.227200e-01  3.200720e-01  2.648000e-03  1.170707e+01  1.170707e+01  1.942220e-01  8.206000e-03  4.071541e-02  4.338374e-02  4.338375e-02  1.133199e-01  6.751739e+05  4.959707e+04  3.977563e+02  3.974773e+56  9.788670e+50  6.195097e-06  6.452954e+102  1.000000e+00  1.000000e+00  1.000000e+00
1.082637e+03  4.763807e+02  1.036704e+05  1.572320e+01  1.082637e+03  3.564140e-01  3.537670e-01  2.647000e-03  1.162454e+01  1.162454e+01  1.941990e-01  7.428000e-03  4.528565e-02  4.861405e-02  4.861405e-02  1.236071e-01  4.326646e+05  5.505732e+04  3.976269e+02  4.394097e+56  9.786597e+50  6.147714e-06  6.545621e+102  1.000000e+00  1.000000e+00  1.000000e+00
1.082637e+03  4.784787e+02  1.036704e+05  1.782080e+01  1.082637e+03  3.947800e-01  3.921330e-01  2.647000e-03  1.157977e+01  1.157977e+01  1.941920e-01  6.705000e-03  5.035434e-02  5.450781e-02  5.450782e-02  1.332697e-01  2.744394e+05  6.132531e+04  3.975793e+02  4.873880e+56  9.785431e+50  6.094042e-06  6.556717e+102  1.000000e+00  1.000000e+00  1.000000e+00
1.082637e+03  4.808563e+02  1.036704e+05  2.019840e+01  1.082637e+03  4.376930e-01  4.350460e-01  2.647000e-03  1.156857e+01  1.156857e+01  1.941830e-01  6.047000e-03  5.588191e-02  6.104980e-02  6.104981e-02  1.418943e-01  1.735865e+05  6.840240e+04  3.975254e+02  5.413583e+56  9.784110e+50  6.034027e-06  6.265989e+102  1.000000e+00  1.000000e+00  1.000000e+00
1.082637e+03  4.835509e+02  1.036704e+05  2.289310e+01  1.082637e+03  4.818860e-01  4.792400e-01  2.646000e-03  1.157882e+01  1.157882e+01  1.941730e-01  5.491000e-03  6.146976e-02  6.778848e-02  6.778849e-02  1.488066e-01  1.130378e+05  7.576402e+04  3.974643e+02  5.972533e+56  9.782614e+50  5.926177e-06  4.413206e+102  1.000000e+00  1.000000e+00  1.000000e+00
1.082637e+03  4.866048e+02  1.036704e+05  2.594730e+01  1.082637e+03  5.041350e-01  5.014900e-01  2.646000e-03  1.153217e+01  1.153217e+01  1.941620e-01  5.248000e-03  6.456804e-02  7.158062e-02  7.158063e-02  1.507072e-01  8.952727e+04  7.954377e+04  3.973951e+02  6.254479e+56  9.780918e+50  9.064212e-06  1.240133e+102  1.000000e+00  1.000000e+00  1.000000e+00
1.082637e+03  4.900671e+02  1.036704e+05  2.940900e+01  1.082637e+03  5.009580e-01  4.983120e-01  2.645000e-03  1.133597e+01  1.133597e+01  1.941490e-01  5.280000e-03  6.527154e-02  7.244732e-02  7.244732e-02  1.449762e-01  8.158084e+04  7.918107e+04  3.973165e+02  6.210862e+56  9.778996e+50  2.184948e-05  -1.465242e+101  1.000000e+00  -1.000000e+00  1.000000e+00
1.082637e+03  4.939909e+02  1.036704e+05  3.333260e+01  1.082637e+03  5.024470e-01  4.998020e-01  2.645000e-03  1.105170e+01  1.105170e+01  1.941350e-01  5.264000e-03  6.714944e-02  7.477118e-02  7.477119e-02  1.360046e-01  6.641284e+04  7.970842e+04  3.972276e+02  6.224356e+56  9.776817e+50  3.195580e-06  6.230405e+101  1.000000e+00  1.000000e+00  1.000000e+00
1.082637e+03  4.984378e+02  1.036704e+05  3.777960e+01  1.082637e+03  5.179340e-01  5.152900e-01  2.644000e-03  1.074208e+01  1.074208e+01  1.941180e-01  5.105000e-03  7.121437e-02  7.985363e-02  7.985364e-02  1.270888e-01  4.625710e+04  8.264883e+04  3.971267e+02  6.412709e+56  9.774347e+50  5.344898e-06  1.711335e+102  1.000000e+00  1.000000e+00  1.000000e+00
1.082637e+03  5.034775e+02  1.036704e+05  4.281980e+01  1.082637e+03  5.498770e-01  5.472340e-01  2.643000e-03  1.045891e+01  1.045891e+01  1.941000e-01  4.807000e-03  7.765345e-02  8.805419e-02  8.805420e-02  1.198796e-01  2.830410e+04  8.845850e+04  3.970124e+02  6.811029e+56  9.771548e+50  5.437341e-06  2.701535e+102  1.000000e+00  1.000000e+00  1.000000e+00
1.082637e+03  5.091908e+02  1.036704e+05  4.853260e+01  1.082637e+03  5.982010e-01  5.955580e-01  2.642000e-03  1.023604e+01  1.023604e+01  1.940790e-01  4.417000e-03  8.631707e-02  9.938853e-02  9.938854e-02  1.147467e-01  1.596478e+04  9.750400e+04  3.968828e+02  7.445510e+56  9.768376e+50  5.389130e-06  3.396724e+102  1.000000e+00  1.000000e+00  1.000000e+00
1.082637e+03  5.156662e+02  1.036704e+05  5.500740e+01  1.082637e+03  6.615720e-01  6.589310e-01  2.641000e-03  1.008578e+01  1.008578e+01  1.940550e-01  3.993000e-03  9.688344e-02  1.137038e-01  1.137038e-01  1.112576e-01  8.689394e+03  1.091336e+05  3.967361e+02  8.264438e+56  9.764783e+50  5.349892e-06  3.820836e+102  1.000000e+00  1.000000e+00  1.000000e+00
1.082637e+03  5.230050e+02  1.036704e+05  6.234610e+01  1.082637e+03  7.381240e-01  7.354840e-01  2.640000e-03  1.000452e+01  1.000452e+01  1.940280e-01  3.577000e-03  1.089720e-01  1.307876e-01  1.307876e-01  1.085843e-01  4.710918e+03  1.237855e+05  3.965702e+02  9.296236e+56  9.760717e+50  5.213597e-06  4.050234e+102  1.000000e+00  1.000000e+00  1.000000e+00
1.082637e+03  5.313221e+02  1.036704e+05  7.066390e+01  1.082637e+03  8.258080e-01  8.231690e-01  2.639000e-03  9.980262e+00  9.980262e+00  1.939980e-01  3.196000e-03  1.222133e-01  1.504339e-01  1.504340e-01  1.059419e-01  2.590495e+03  1.406455e+05  3.963819e+02  1.047525e+57  9.756108e+50  5.137163e-06  4.047669e+102  1.000000e+00  1.000000e+00  1.000000e+00
1.082637e+03  5.407496e+02  1.036704e+05  8.009140e+01  1.082637e+03  9.225600e-01  9.199220e-01  2.638000e-03  9.999234e+00  9.999234e+00  1.939630e-01  2.859000e-03  1.362729e-01  1.724577e-01  1.724577e-01  1.027686e-01  1.457882e+03  1.597475e+05  3.961689e+02  1.179883e+57  9.750893e+50  4.949583e-06  3.994887e+102  1.000000e+00  1.000000e+00  1.000000e+00
1.082637e+03  5.514360e+02  1.036704e+05  9.077660e+01  1.082637e+03  1.026306e+00  1.023670e+00  2.636000e-03  1.004853e+01  1.004853e+01  1.939240e-01  2.568000e-03  1.508538e-01  1.966891e-01  1.966891e-01  9.867911e-02  8.420804e+02  1.812745e+05  3.959278e+02  1.327532e+57  9.744987e+50  4.769090e-06  3.828761e+102  1.000000e+00  1.000000e+00  1.000000e+00
1.082637e+03  5.635472e+02  1.036704e+05  1.028874e+02  1.082637e+03  1.134987e+00  1.132353e+00  2.634000e-03  1.011724e+01  1.011724e+01  1.938800e-01  2.321000e-03  1.656955e-01  2.229645e-01  2.229645e-01  9.369234e-02  5.001023e+02  2.043237e+05  3.956548e+02  1.483144e+57  9.738301e+50  4.621581e-06  3.556739e+102  1.000000e+00  1.000000e+00  1.000000e+00
1.082637e+03  5.772730e+02  1.036704e+05  1.166139e+02  1.082637e+03  1.246561e+00  1.243929e+00  2.632000e-03  1.019645e+01  1.019645e+01  1.938290e-01  2.112000e-03  1.805703e-01  2.511153e-01  2.511153e-01  8.790168e-02  3.052591e+02  2.290014e+05  3.953457e+02  1.647012e+57  9.730731e+50  4.441217e-06  3.261809e+102  1.000000e+00  1.000000e+00  1.000000e+00
1.082637e+03  5.928297e+02  1.036704e+05  1.321717e+02  1.082637e+03  1.359040e+00  1.356410e+00  2.630000e-03  1.027911e+01  1.027911e+01  1.937730e-01  1.935000e-03  1.952801e-01  2.809572e-01  2.809572e-01  8.155064e-02  1.914467e+02  2.548147e+05  3.949959e+02  1.814897e+57  9.722164e+50  4.290574e-06  2.910684e+102  1.000000e+00  1.000000e+00  1.000000e+00
1.082637e+03  6.104652e+02  1.036704e+05  1.498051e+02  1.082637e+03  1.470524e+00  1.467897e+00  2.627000e-03  1.035981e+01  1.035981e+01  1.937080e-01  1.787000e-03  2.096536e-01  3.122807e-01  3.122808e-01  7.485991e-02  1.232103e+02  2.812196e+05  3.946000e+02  1.982282e+57  9.712469e+50  4.041736e-06  2.618007e+102  1.000000e+00  1.000000e+00  1.000000e+00
1.082637e+03  6.304521e+02  1.036704e+05  1.697911e+02  1.082637e+03  1.579251e+00  1.576627e+00  2.624000e-03  1.043425e+01  1.043425e+01  1.936350e-01  1.662000e-03  2.235484e-01  3.448550e-01  3.448551e-01  6.812745e-02  8.135341e+01  3.094706e+05  3.941520e+02  2.158171e+57  9.701499e+50  3.795178e-06  2.323082e+102  1.000000e+00  1.000000e+00  1.000000e+00
1.082637e+03  6.531038e+02  1.036704e+05  1.924434e+02  1.082637e+03  1.683640e+00  1.681019e+00  2.621000e-03  1.049929e+01  1.049929e+01  1.935530e-01  1.557000e-03  2.368486e-01  3.784219e-01  3.784219e-01  6.154940e-02  5.505082e+01  3.373649e+05  3.936453e+02  2.325780e+57  9.689090e+50  3.638651e-06  1.962382e+102  1.000000e+00  1.000000e+00  1.000000e+00
1.082637e+03  6.787757e+02  1.036704e+05  2.181178e+02  1.082637e+03  1.782321e+00  1.779704e+00  2.617000e-03  1.055279e+01  1.055279e+01  1.934590e-01  1.468000e-03  2.494597e-01  4.126878e-01  4.126878e-01  5.529733e-02  3.815961e+01  3.652820e+05  3.930724e+02  2.487742e+57  9.675059e+50  3.439363e-06  1.652890e+102  1.000000e+00  1.000000e+00  1.000000e+00
1.082637e+03  7.078781e+02  1.036704e+05  2.472176e+02  1.082637e+03  1.874163e+00  1.871550e+00  2.613000e-03  1.059303e+01  1.059303e+01  1.933530e-01  1.394000e-03  2.613177e-01  4.473544e-01  4.473544e-01  4.947639e-02  2.706848e+01  3.927354e+05  3.924247e+02  2.640348e+57  9.659195e+50  3.186404e-06  1.394406e+102  1.000000e+00  1.000000e+00  1.000000e+00
1.082637e+03  7.408620e+02  1.036704e+05  2.801996e+02  1.082637e+03  1.958286e+00  1.955678e+00  2.608000e-03  1.061916e+01  1.061916e+01  1.932340e-01  1.332000e-03  2.723752e-01  4.820921e-01  4.820921e-01  4.415031e-02  1.963391e+01  4.205426e+05  3.916927e+02  2.789742e+57  9.641267e+50  2.935437e-06  1.161368e+102  1.000000e+00  1.000000e+00  1.000000e+00
1.082637e+03  7.782441e+02  1.036704e+05  3.175819e+02  1.082637e+03  2.034069e+00  2.031467e+00  2.603000e-03  1.063079e+01  1.063079e+01  1.930990e-01  1.279000e-03  2.826062e-01  5.165664e-01  5.165664e-01  3.934698e-02  1.455154e+01  4.471388e+05  3.908659e+02  2.924506e+57  9.621015e+50  2.762345e-06  9.101492e+101  1.000000e+00  1.000000e+00  1.000000e+00
1.082637e+03  8.206108e+02  1.036704e+05  3.599514e+02  1.082637e+03  2.101118e+00  2.098522e+00  2.596000e-03  1.062781e+01  1.062781e+01  1.929460e-01  1.236000e-03  2.920036e-01  5.504478e-01  5.504478e-01  3.506288e-02  1.101075e+01  4.721546e+05  3.899323e+02  3.042162e+57  9.598147e+50  2.531862e-06  7.136556e+101  1.000000e+00  1.000000e+00  1.000000e+00
1.082637e+03  8.686339e+02  1.036704e+05  4.079736e+02  1.082637e+03  2.159270e+00  2.156680e+00  2.589000e-03  1.061068e+01  1.061068e+01  1.927730e-01  1.199000e-03  3.005697e-01  5.833957e-01  5.833957e-01  3.127704e-02  8.499441e+00  4.965149e+05  3.888786e+02  3.150062e+57  9.572337e+50  2.236331e-06  5.730547e+101  1.000000e+00  1.000000e+00  1.000000e+00
1.082637e+03  9.230662e+02  1.036704e+05  4.624025e+02  1.082637e+03  2.208549e+00  2.205968e+00  2.582000e-03  1.057974e+01  1.057974e+01  1.925770e-01  1.169000e-03  3.083285e-01  6.151254e-01  6.151254e-01  2.796323e-02  6.690109e+00  5.200917e+05  3.876900e+02  3.247863e+57  9.543225e+50  1.999959e-06  4.303101e+101  1.000000e+00  1.000000e+00  1.000000e+00
1.082637e+03  9.847572e+02  1.036704e+05  5.240930e+02  1.082637e+03  2.249148e+00  2.246576e+00  2.573000e-03  1.053603e+01  1.053603e+01  1.923560e-01  1.144000e-03  3.152990e-01  6.453200e-01  6.453201e-01  2.505507e-02  5.360406e+00  5.412505e+05  3.863503e+02  3.324002e+57  9.510409e+50  1.763406e-06  3.038221e+101  1.000000e+00  1.000000e+00  1.000000e+00
1.082637e+03  1.054675e+03  1.036704e+05  5.940138e+02  1.082637e+03  2.281392e+00  2.278830e+00  2.563000e-03  1.048059e+01  1.048059e+01  1.921070e-01  1.123000e-03  3.215111e-01  6.737070e-01  6.737071e-01  2.253348e-02  4.372507e+00  5.611946e+05  3.848410e+02  3.388162e+57  9.473437e+50  1.455642e-06  2.221608e+101  1.000000e+00  1.000000e+00  1.000000e+00
1.082637e+03  1.133922e+03  1.036704e+05  6.732629e+02  1.082637e+03  2.305714e+00  2.303162e+00  2.551000e-03  1.041415e+01  1.041415e+01  1.918250e-01  1.107000e-03  3.270115e-01  7.001075e-01  7.001076e-01  2.034982e-02  3.627810e+00  5.798333e+05  3.831424e+02  3.440559e+57  9.431828e+50  1.177561e-06  1.407239e+101  1.000000e+00  1.000000e+00  1.000000e+00
1.082637e+03  1.223749e+03  1.036704e+05  7.630849e+02  1.082637e+03  2.322621e+00  2.320082e+00  2.539000e-03  1.033812e+01  1.033812e+01  1.915080e-01  1.093000e-03  3.318321e-01  7.243022e-01  7.243023e-01  1.846150e-02  3.059040e+00  5.956443e+05  3.812319e+02  3.470500e+57  9.385025e+50  8.770483e-07  7.224113e+100  1.000000e+00  1.000000e+00  1.000000e+00
1.082637e+03  1.325556e+03  1.036704e+05  8.648903e+02  1.082637e+03  2.332679e+00  2.330154e+00  2.525000e-03  1.025367e+01  1.025367e+01  1.911490e-01  1.082000e-03  3.360138e-01  7.461493e-01  7.461494e-01  1.683062e-02  2.619518e+00  6.099556e+05  3.790857e+02  3.488873e+57  9.332446e+50  4.883432e-07  3.520468e+100  1.000000e+00  1.000000e+00  1.000000e+00
1.082637e+03  1.440942e+03  1.036704e+05  9.802778e+02  1.082637e+03  2.336480e+00  2.333971e+00  2.509000e-03  1.016200e+01  1.016200e+01  1.907460e-01  1.074000e-03  3.395975e-01  7.655475e-01  7.655475e-01  1.542447e-02  2.276626e+00  6.228265e+05  3.766773e+02  3.496852e+57  9.273447e+50  5.137569e-08  7.475014e+99  1.000000e+00  1.000000e+00  1.000000e+00
1.082637e+03  1.571717e+03  1.036704e+05  1.111060e+03  1.082637e+03  2.334637e+00  2.332146e+00  2.491000e-03  1.006426e+01  1.006426e+01  1.902920e-01  1.067000e-03  3.426251e-01  7.824498e-01  7.824498e-01  1.422845e-02  2.008909e+00  6.341355e+05  3.739792e+02  3.494273e+57  9.207335e+50  -4.482930e-07  -1.266438e+100  -1.000000e+00  -1.000000e+00  1.000000e+00
1.082637e+03  1.719954e+03  1.036704e+05  1.259289e+03  1.082637e+03  2.327758e+00  2.325287e+00  2.471000e-03  9.961575e+00  9.961575e+00  1.897810e-01  1.061000e-03  3.451369e-01  7.968469e-01  7.968469e-01  1.320208e-02  1.797178e+00  6.440044e+05  3.709583e+02  3.482847e+57  9.133319e+50  -1.229018e-06  -3.355124e+100  -1.000000e+00  -1.000000e+00  1.000000e+00
1.082637e+03  1.887962e+03  1.036704e+05  1.427295e+03  1.082637e+03  2.316446e+00  2.313998e+00  2.448000e-03  9.855204e+00  9.855204e+00  1.892070e-01  1.057000e-03  3.471669e-01  8.087404e-01  8.087404e-01  1.232309e-02  1.629040e+00  6.510418e+05  3.675846e+02  3.452879e+57  9.050648e+50  -1.895602e-06  -4.336574e+100  -1.000000e+00  -1.000000e+00  1.000000e+00
1.082637e+03  2.078381e+03  1.036704e+05  1.617714e+03  1.082637e+03  2.301279e+00  2.298856e+00  2.424000e-03  9.746126e+00  9.746126e+00  1.885620e-01  1.053000e-03  3.487538e-01  8.182048e-01  8.182048e-01  1.157184e-02  1.495298e+00  6.580030e+05  3.638214e+02  3.425374e+57  8.958429e+50  -3.451777e-06  -4.517878e+100  -1.000000e+00  -1.000000e+00  1.000000e+00
1.082637e+03  2.294199e+03  1.036704e+05  1.833538e+03  1.082637e+03  2.282816e+00  2.280420e+00  2.396000e-03  9.635614e+00  9.635614e+00  1.878400e-01  1.049000e-03  3.499235e-01  8.252766e-01  8.252767e-01  1.093110e-02  1.389012e+00  6.623551e+05  3.596341e+02  3.381974e+57  8.855802e+50  -5.683398e-06  -5.206722e+100  -1.000000e+00  -1.000000e+00  1.000000e+00
1.082637e+03  2.538819e+03  1.036704e+05  2.078156e+03  1.082637e+03  2.261580e+00  2.259215e+00  2.365000e-03  9.524482e+00  9.524482e+00  1.870310e-01  1.046000e-03  3.507133e-01  8.300986e-01  8.300987e-01  1.038976e-02  1.305434e+00  6.655167e+05  3.549840e+02  3.333741e+57  8.741824e+50  -7.044317e-06  -4.602296e+100  -1.000000e+00  -1.000000e+00  1.000000e+00
1.082637e+03  2.816077e+03  1.036704e+05  2.355409e+03  1.082637e+03  2.238068e+00  2.235737e+00  2.331000e-03  9.413735e+00  9.413735e+00  1.861260e-01  1.041000e-03  3.511501e-01  8.327819e-01  8.327823e-01  9.932158e-03  1.240162e+00  6.687141e+05  3.498316e+02  3.290176e+57  8.615562e+50  -2.356034e-05  -4.250368e+100  -1.000000e+00  -1.000000e+00  1.000000e+00
1.082637e+03  3.130319e+03  1.036704e+05  2.669651e+03  1.082637e+03  2.212738e+00  2.210445e+00  2.293000e-03  9.304197e+00  9.304197e+00  1.851170e-01  1.036000e-03  3.512632e-01  8.334786e-01  8.334786e-01  9.551108e-03  1.190666e+00  6.696203e+05  3.441443e+02  3.234093e+57  8.476088e+50  4.666799e-04  -4.300016e+100  1.000000e+00  -1.000000e+00  1.000000e+00
1.082637e+03  3.486480e+03  1.036704e+05  3.025817e+03  1.082637e+03  2.186019e+00  2.183767e+00  2.252000e-03  9.196639e+00  9.196639e+00  1.839930e-01  1.030000e-03  3.510803e-01  8.323518e-01  8.323518e-01  9.234071e-03  1.154169e+00  6.695648e+05  3.378810e+02  3.175642e+57  8.322515e+50  4.073074e-04  -3.855305e+100  1.000000e+00  -1.000000e+00  1.000000e+00
1.082637e+03  3.890162e+03  1.036704e+05  3.429500e+03  1.082637e+03  2.158306e+00  2.156099e+00  2.206000e-03  9.091904e+00  9.091904e+00  1.827430e-01  1.022000e-03  3.506225e-01  8.295419e-01  8.295420e-01  8.980148e-03  1.129806e+00  6.686569e+05  3.310084e+02  3.115740e+57  8.153975e+50  2.555981e-05  -3.400455e+100  1.000000e+00  -1.000000e+00  1.000000e+00
1.082637e+03  4.347708e+03  1.036704e+05  3.887040e+03  1.082637e+03  2.129959e+00  2.127803e+00  2.156000e-03  8.990599e+00  8.990599e+00  1.813570e-01  1.012000e-03  3.499163e-01  8.252329e-01  8.252329e-01  8.776866e-03  1.115418e+00  6.669826e+05  3.234967e+02  3.055031e+57  7.969731e+50  1.490370e-05  -2.958981e+100  1.000000e+00  -1.000000e+00  1.000000e+00
1.082637e+03  4.866291e+03  1.036704e+05  4.405622e+03  1.082637e+03  2.101310e+00  2.099208e+00  2.102000e-03  8.893299e+00  8.893299e+00  1.798230e-01  1.000000e-03  3.489867e-01  8.196063e-01  8.196064e-01  8.620703e-03  1.110231e+00  6.646373e+05  3.153197e+02  2.994193e+57  7.769141e+50  1.035673e-05  -2.675167e+100  1.000000e+00  -1.000000e+00  1.000000e+00
1.082637e+03  5.454054e+03  1.036704e+05  4.993389e+03  1.082637e+03  2.072657e+00  2.070614e+00  2.043000e-03  8.800469e+00  8.800469e+00  1.781310e-01  9.860000e-04  3.478590e-01  8.128499e-01  8.128500e-01  8.506063e-03  1.113304e+00  6.607459e+05  3.064610e+02  2.926561e+57  7.551774e+50  7.891059e-06  -2.300495e+100  1.000000e+00  -1.000000e+00  1.000000e+00
1.082637e+03  6.120229e+03  1.036704e+05  5.659571e+03  1.082637e+03  2.044275e+00  2.042295e+00  1.980000e-03  8.712647e+00  8.712647e+00  1.762700e-01  9.690000e-04  3.465540e-01  8.051248e-01  8.051248e-01  8.430796e-03  1.124417e+00  6.573625e+05  2.969115e+02  2.867391e+57  7.317411e+50  7.885360e-06  -1.800862e+100  1.000000e+00  -1.000000e+00  1.000000e+00
1.082637e+03  6.875298e+03  1.036704e+05  6.414631e+03  1.082637e+03  2.016410e+00  2.014498e+00  1.912000e-03  8.630195e+00  8.630195e+00  1.742300e-01  9.480000e-04  3.450960e-01  7.966093e-01  7.966093e-01  8.388621e-03  1.142591e+00  6.535814e+05  2.866738e+02  2.809733e+57  7.066099e+50  6.993505e-06  -1.491316e+100  1.000000e+00  -1.000000e+00  1.000000e+00
1.082637e+03  7.731096e+03  1.036704e+05  7.270426e+03  1.082637e+03  1.989281e+00  1.987441e+00  1.840000e-03  8.553413e+00  8.553413e+00  1.720000e-01  9.250000e-04  3.435091e-01  7.874771e-01  7.874771e-01  8.378206e-03  1.167789e+00  6.494866e+05  2.757631e+02  2.754002e+57  6.798201e+50  6.333322e-06  -1.220352e+100  1.000000e+00  -1.000000e+00  1.000000e+00
1.082637e+03  8.701063e+03  1.036704e+05  8.240395e+03  1.082637e+03  1.963087e+00  1.961324e+00  1.763000e-03  8.482592e+00  8.482592e+00  1.695740e-01  8.980000e-04  3.418161e-01  7.778860e-01  7.778861e-01  8.395776e-03  1.199539e+00  6.451640e+05  2.642101e+02  2.700597e+57  6.514454e+50  5.453963e-06  -1.037246e+100  1.000000e+00  -1.000000e+00  1.000000e+00
1.082637e+03  9.800430e+03  1.036704e+05  9.339770e+03  1.082637e+03  1.938003e+00  1.936320e+00  1.682000e-03  8.418001e+00  8.418001e+00  1.669450e-01  8.680000e-04  3.400376e-01  7.679749e-01  7.679750e-01  8.437724e-03  1.237325e+00  6.398763e+05  2.520604e+02  2.643733e+57  6.215969e+50  5.002148e-06  -8.421000e+99  1.000000e+00  -1.000000e+00  1.000000e+00
1.082637e+03  1.104648e+04  1.036704e+05  1.058582e+04  1.082637e+03  1.914177e+00  1.912579e+00  1.598000e-03  8.359547e+00  8.359547e+00  1.641080e-01  8.350000e-04  3.382058e-01  7.579380e-01  7.579380e-01  8.501210e-03  1.280815e+00  6.353364e+05  2.393774e+02  2.595954e+57  5.904285e+50  5.075421e-06  -6.197204e+99  1.000000e+00  -1.000000e+00  1.000000e+00
1.082637e+03  1.245877e+04  1.036704e+05  1.199810e+04  1.082637e+03  1.891748e+00  1.890237e+00  1.511000e-03  8.307467e+00  8.307467e+00  1.610610e-01  7.990000e-04  3.363382e-01  7.478791e-01  7.478791e-01  8.580351e-03  1.329003e+00  6.307880e+05  2.262405e+02  2.551312e+57  5.581342e+50  4.479621e-06  -5.097074e+99  1.000000e+00  -1.000000e+00  1.000000e+00
1.082637e+03  1.405947e+04  1.036704e+05  1.359880e+04  1.082637e+03  1.870822e+00  1.869401e+00  1.421000e-03  8.261766e+00  8.261766e+00  1.578050e-01  7.590000e-04  3.344576e-01  7.379225e-01  7.379225e-01  8.679386e-03  1.382607e+00  6.255365e+05  2.127451e+02  2.504311e+57  5.249475e+50  4.208073e-06  -3.962985e+99  1.000000e+00  -1.000000e+00  1.000000e+00
1.082637e+03  1.587372e+04  1.036704e+05  1.541306e+04  1.082637e+03  1.851491e+00  1.850161e+00  1.329000e-03  8.222351e+00  8.222351e+00  1.543430e-01  7.180000e-04  3.325884e-01  7.281930e-01  7.281931e-01  8.788688e-03  1.439800e+00  6.211596e+05  1.990001e+02  2.466460e+57  4.911351e+50  4.284162e-06  -2.784011e+99  1.000000e+00  -1.000000e+00  1.000000e+00
1.082637e+03  1.793002e+04  1.036704e+05  1.746936e+04  1.082637e+03  1.833825e+00  1.832588e+00  1.237000e-03  8.189064e+00  8.189064e+00  1.506820e-01  6.750000e-04  3.307541e-01  7.188021e-01  7.188021e-01  8.905945e-03  1.499902e+00  6.169368e+05  1.851259e+02  2.432092e+57  4.569927e+50  4.053933e-06  -2.071847e+99  1.000000e+00  -1.000000e+00  1.000000e+00
1.082637e+03  2.025605e+04  1.036704e+05  1.979538e+04  1.082637e+03  1.817902e+00  1.816757e+00  1.145000e-03  8.161760e+00  8.161760e+00  1.468390e-01  6.300000e-04  3.289791e-01  7.098596e-01  7.098596e-01  9.029752e-03  1.562191e+00  6.129131e+05  1.712764e+02  2.401190e+57  4.228981e+50  3.943612e-06  -1.690146e+99  1.000000e+00  -1.000000e+00  1.000000e+00
1.487352e+03  1.679681e+02  1.057577e+05  3.498500e+00  1.487352e+03  2.845900e-02  2.441800e-02  4.041000e-03  4.532102e+01  4.532102e+01  2.223080e-01  1.419950e-01  9.274710e-04  9.287633e-04  9.287655e-04  1.560451e-02  1.515412e+13  3.615222e+03  6.104139e+02  2.914391e+55  1.738384e+51  6.739463e-06  0.000000e+00  1.000000e+00  -1.000000e+00  0.000000e+00
1.487352e+03  1.734000e+02  1.057577e+05  3.965200e+00  1.487352e+03  1.923550e-01  1.883150e-01  4.041000e-03  7.801035e+01  7.801035e+01  2.222990e-01  2.100600e-02  3.641947e-03  3.661964e-03  3.661966e-03  7.238351e-02  7.531559e+10  2.793421e+04  6.103389e+02  2.249783e+56  1.738185e+51  6.692871e-06  0.000000e+00  1.000000e+00  -1.000000e+00  0.000000e+00
1.487352e+03  1.790190e+02  1.057577e+05  4.494300e+00  1.487352e+03  2.126550e-01  2.086150e-01  4.040000e-03  7.395821e+01  7.395821e+01  2.222900e-01  1.899800e-02  4.246890e-03  4.274137e-03  4.274139e-03  7.005879e-02  3.380791e+10  3.096996e+04  6.102670e+02  2.492780e+56  1.737992e+51  6.659046e-06  0.000000e+00  1.000000e+00  -1.000000e+00  0.000000e+00
1.487352e+03  1.848335e+02  1.057577e+05  5.093900e+00  1.487352e+03  1.555020e-01  1.514620e-01  4.040000e-03  6.469927e+01  6.469927e+01  2.222820e-01  2.597800e-02  3.549917e-03  3.568933e-03  3.568934e-03  4.726607e-02  5.589501e+10  2.248697e+04  6.101967e+02  1.811126e+56  1.737796e+51  6.743008e-06  0.000000e+00  1.000000e+00  -1.000000e+00  0.000000e+00
1.487352e+03  1.908524e+02  1.057577e+05  5.773400e+00  1.487352e+03  9.005900e-02  8.602000e-02  4.039000e-03  4.567744e+01  4.567744e+01  2.222730e-01  4.485000e-02  2.912096e-03  2.924878e-03  2.924881e-03  2.094387e-02  6.667118e+10  1.279104e+04  6.101236e+02  1.036872e+56  1.737592e+51  6.846774e-06  0.000000e+00  1.000000e+00  -1.000000e+00  0.000000e+00
1.487352e+03  1.970844e+02  1.057577e+05  6.543700e+00  1.487352e+03  7.608600e-02  7.204800e-02  4.039000e-03  2.695407e+01  2.695407e+01  2.222640e-01  5.307900e-02  4.169313e-03  4.195570e-03  4.195574e-03  9.686968e-03  5.126085e+09  1.075647e+04  6.100468e+02  8.849089e+55  1.737376e+51  8.270397e-06  1.937777e+101  1.000000e+00  1.000000e+00  0.000000e+00
1.487352e+03  2.035396e+02  1.057577e+05  7.416700e+00  1.487352e+03  9.247800e-02  8.844000e-02  4.038000e-03  1.854045e+01  1.854045e+01  2.222540e-01  4.366500e-02  7.367134e-03  7.449558e-03  7.449564e-03  1.268623e-02  3.897436e+08  1.326188e+04  6.099659e+02  1.103133e+56  1.737149e+51  6.540132e-06  2.033691e+102  1.000000e+00  1.000000e+00  0.000000e+00
1.487352e+03  2.102287e+02  1.057577e+05  8.406200e+00  1.487352e+03  1.209200e-01  1.168820e-01  4.037000e-03  1.500544e+01  1.500544e+01  2.222440e-01  3.339000e-02  1.190226e-02  1.211906e-02  1.211906e-02  2.513366e-02  7.015027e+07  1.761359e+04  6.098804e+02  1.467713e+56  1.736908e+51  6.514149e-06  2.758950e+102  1.000000e+00  1.000000e+00  0.000000e+00
1.487352e+03  2.171631e+02  1.057577e+05  9.527700e+00  1.487352e+03  1.571630e-01  1.531260e-01  4.037000e-03  1.340787e+01  1.340787e+01  2.222330e-01  2.568600e-02  1.731298e-02  1.777597e-02  1.777598e-02  4.359752e-02  1.868559e+07  2.320143e+04  6.097897e+02  1.918764e+56  1.736653e+51  6.455234e-06  2.927881e+102  1.000000e+00  1.000000e+00  0.000000e+00
1.487352e+03  4.714565e+02  1.057577e+05  1.079880e+01  1.487352e+03  1.844690e-01  1.804360e-01  4.033000e-03  1.273399e+01  1.273399e+01  2.221620e-01  2.186200e-02  2.139633e-02  2.210848e-02  2.210849e-02  5.850692e-02  8.698010e+06  2.744753e+04  6.091871e+02  2.254753e+56  1.734580e+51  6.407311e-06  8.549965e+102  1.000000e+00  1.000000e+00  1.000000e+00
1.487352e+03  4.728972e+02  1.057577e+05  1.223950e+01  1.487352e+03  2.065200e-01  2.024920e-01  4.028000e-03  1.231896e+01  1.231896e+01  2.220710e-01  1.950400e-02  2.476112e-02  2.572046e-02  2.572047e-02  7.107384e-02  5.090821e+06  3.090062e+04  6.084301e+02  2.525288e+56  1.732272e+51  6.369160e-06  8.749501e+102  1.000000e+00  1.000000e+00  1.000000e+00
1.487352e+03  4.745300e+02  1.057577e+05  1.387240e+01  1.487352e+03  2.324120e-01  2.283880e-01  4.024000e-03  1.199240e+01  1.199240e+01  2.219990e-01  1.731400e-02  2.862422e-02  2.991497e-02  2.991498e-02  8.431720e-02  2.925216e+06  3.498019e+04  6.078494e+02  2.843067e+56  1.730775e+51  6.327635e-06  9.131874e+102  1.000000e+00  1.000000e+00  1.000000e+00
1.487352e+03  4.763807e+02  1.057577e+05  1.572320e+01  1.487352e+03  2.630420e-01  2.590210e-01  4.022000e-03  1.175056e+01  1.175056e+01  2.219510e-01  1.528900e-02  3.306348e-02  3.479919e-02  3.479920e-02  9.796679e-02  1.652896e+06  3.983949e+04  6.074706e+02  3.219932e+56  1.729984e+51  6.281198e-06  9.544162e+102  1.000000e+00  1.000000e+00  1.000000e+00
1.487352e+03  4.784787e+02  1.057577e+05  1.782080e+01  1.487352e+03  2.990170e-01  2.949960e-01  4.021000e-03  1.158718e+01  1.158718e+01  2.219330e-01  1.344600e-02  3.811533e-02  4.044284e-02  4.044285e-02  1.115525e-01  9.244602e+05  4.559166e+04  6.073274e+02  3.664317e+56  1.729697e+51  6.228234e-06  9.883883e+102  1.000000e+00  1.000000e+00  1.000000e+00
1.487352e+03  4.808563e+02  1.057577e+05  2.019840e+01  1.487352e+03  3.407470e-01  3.367270e-01  4.020000e-03  1.149320e+01  1.149320e+01  2.219230e-01  1.179800e-02  4.378973e-02  4.689342e-02  4.689343e-02  1.244798e-01  5.154098e+05  5.232477e+04  6.072468e+02  4.182470e+56  1.729469e+51  6.168662e-06  1.008414e+103  1.000000e+00  1.000000e+00  1.000000e+00
1.487352e+03  4.835509e+02  1.057577e+05  2.289310e+01  1.487352e+03  3.882780e-01  3.842590e-01  4.019000e-03  1.145718e+01  1.145718e+01  2.219120e-01  1.035200e-02  5.005499e-02  5.415696e-02  5.415697e-02  1.361742e-01  2.889139e+05  6.007232e+04  6.071567e+02  4.776176e+56  1.729214e+51  6.100982e-06  9.999788e+102  1.000000e+00  1.000000e+00  1.000000e+00
1.487352e+03  4.866048e+02  1.057577e+05  2.594730e+01  1.487352e+03  4.401930e-01  4.361740e-01  4.019000e-03  1.146411e+01  1.146411e+01  2.219000e-01  9.130000e-03  5.671317e-02  6.204419e-02  6.204420e-02  1.459116e-01  1.657988e+05  6.863453e+04  6.070542e+02  5.429230e+56  1.728923e+51  6.023264e-06  8.733590e+102  1.000000e+00  1.000000e+00  1.000000e+00
1.487352e+03  4.900671e+02  1.057577e+05  2.940900e+01  1.487352e+03  4.846950e-01  4.806770e-01  4.018000e-03  1.147018e+01  1.147018e+01  2.218860e-01  8.290000e-03  6.241371e-02  6.893955e-02  6.893956e-02  1.518622e-01  1.068947e+05  7.606587e+04  6.069378e+02  5.991891e+56  1.728593e+51  5.656724e-06  4.660170e+102  1.000000e+00  1.000000e+00  1.000000e+00
1.487352e+03  4.939909e+02  1.057577e+05  3.333260e+01  1.487352e+03  4.947920e-01  4.907740e-01  4.017000e-03  1.133340e+01  1.133340e+01  2.218700e-01  8.119000e-03  6.448278e-02  7.147573e-02  7.147574e-02  1.489474e-01  8.906724e+04  7.787677e+04  6.068055e+02  6.117091e+56  1.728218e+51  3.684130e-06  8.626670e+101  1.000000e+00  1.000000e+00  1.000000e+00
1.487352e+03  4.984378e+02  1.057577e+05  3.777960e+01  1.487352e+03  4.965710e-01  4.925550e-01  4.016000e-03  1.104925e+01  1.104925e+01  2.218510e-01  8.088000e-03  6.637894e-02  7.381587e-02  7.381589e-02  1.394482e-01  7.213823e+04  7.845468e+04  6.066560e+02  6.134474e+56  1.727795e+51  3.412142e-06  9.357218e+101  1.000000e+00  1.000000e+00  1.000000e+00
1.487352e+03  5.034775e+02  1.057577e+05  4.281980e+01  1.487352e+03  5.125260e-01  5.085110e-01  4.015000e-03  1.071591e+01  1.071591e+01  2.218310e-01  7.834000e-03  7.064290e-02  7.913474e-02  7.913476e-02  1.290513e-01  4.890214e+04  8.153492e+04  6.064869e+02  6.331001e+56  1.727315e+51  5.272142e-06  2.623356e+102  1.000000e+00  1.000000e+00  1.000000e+00
1.487352e+03  5.091908e+02  1.057577e+05  4.853260e+01  1.487352e+03  5.477860e-01  5.437720e-01  4.014000e-03  1.041091e+01  1.041091e+01  2.218080e-01  7.327000e-03  7.771486e-02  8.813330e-02  8.813331e-02  1.206607e-01  2.837609e+04  8.798687e+04  6.062951e+02  6.774091e+56  1.726772e+51  5.467150e-06  4.212075e+102  1.000000e+00  1.000000e+00  1.000000e+00
1.487352e+03  5.156662e+02  1.057577e+05  5.500740e+01  1.487352e+03  6.021370e-01  5.981240e-01  4.012000e-03  1.018016e+01  1.018016e+01  2.217820e-01  6.664000e-03  8.736191e-02  1.007795e-01  1.007795e-01  1.148634e-01  1.504820e+04  9.792296e+04  6.060776e+02  7.470958e+56  1.726155e+51  5.408116e-06  5.396858e+102  1.000000e+00  1.000000e+00  1.000000e+00
1.487352e+03  5.230050e+02  1.057577e+05  6.234610e+01  1.487352e+03  6.733840e-01  6.693740e-01  4.011000e-03  1.003616e+01  1.003616e+01  2.217520e-01  5.956000e-03  9.910083e-02  1.167795e-01  1.167795e-01  1.110238e-01  7.743576e+03  1.113041e+05  6.058312e+02  8.414863e+56  1.725457e+51  5.330623e-06  6.046437e+102  1.000000e+00  1.000000e+00  1.000000e+00
1.487352e+03  5.313221e+02  1.057577e+05  7.066390e+01  1.487352e+03  7.587570e-01  7.547480e-01  4.009000e-03  9.969569e+00  9.969569e+00  2.217180e-01  5.284000e-03  1.124108e-01  1.357930e-01  1.357930e-01  1.080843e-01  4.014497e+03  1.272983e+05  6.055524e+02  9.538478e+56  1.724667e+51  5.236107e-06  6.307018e+102  1.000000e+00  1.000000e+00  1.000000e+00
1.487352e+03  5.407496e+02  1.057577e+05  8.009140e+01  1.487352e+03  8.554670e-01  8.514600e-01  4.007000e-03  9.963159e+00  9.963159e+00  2.216800e-01  4.684000e-03  1.268200e-01  1.575128e-01  1.575128e-01  1.050419e-01  2.134683e+03  1.462024e+05  6.052367e+02  1.085828e+57  1.723772e+51  5.071045e-06  6.327406e+102  1.000000e+00  1.000000e+00  1.000000e+00
1.487352e+03  5.514360e+02  1.057577e+05  9.077660e+01  1.487352e+03  9.608560e-01  9.568520e-01  4.005000e-03  9.999424e+00  9.999424e+00  2.216360e-01  4.168000e-03  1.419270e-01  1.816782e-01  1.816782e-01  1.012730e-01  1.172404e+03  1.671913e+05  6.048794e+02  1.230669e+57  1.722760e+51  4.884996e-06  6.156823e+102  1.000000e+00  1.000000e+00  1.000000e+00
1.487352e+03  5.635472e+02  1.057577e+05  1.028874e+02  1.487352e+03  1.072400e+00  1.068398e+00  4.002000e-03  1.006338e+01  1.006338e+01  2.215870e-01  3.732000e-03  1.573963e-01  2.080614e-01  2.080614e-01  9.658064e-02  6.665410e+02  1.907643e+05  6.044744e+02  1.391522e+57  1.721612e+51  4.719937e-06  5.797140e+102  1.000000e+00  1.000000e+00  1.000000e+00
1.487352e+03  5.772730e+02  1.057577e+05  1.166139e+02  1.487352e+03  1.187699e+00  1.183701e+00  3.999000e-03  1.014316e+01  1.014316e+01  2.215320e-01  3.367000e-03  1.729477e-01  2.364495e-01  2.364495e-01  9.090967e-02  3.917022e+02  2.152576e+05  6.040167e+02  1.555342e+57  1.720315e+51  4.549425e-06  5.327716e+102  1.000000e+00  1.000000e+00  1.000000e+00
1.487352e+03  5.928297e+02  1.057577e+05  1.321717e+02  1.487352e+03  1.304472e+00  1.300476e+00  3.995000e-03  1.022962e+01  1.022962e+01  2.214690e-01  3.063000e-03  1.883462e-01  2.666271e-01  2.666271e-01  8.454038e-02  2.377868e+02  2.419349e+05  6.034974e+02  1.731046e+57  1.718844e+51  4.345034e-06  4.844539e+102  1.000000e+00  1.000000e+00  1.000000e+00
1.487352e+03  6.104652e+02  1.057577e+05  1.498051e+02  1.487352e+03  1.420583e+00  1.416591e+00  3.992000e-03  1.031578e+01  1.031578e+01  2.213980e-01  2.810000e-03  2.033978e-01  2.983680e-01  2.983680e-01  7.773423e-02  1.488691e+02  2.688601e+05  6.029109e+02  1.903664e+57  1.717181e+51  4.120230e-06  4.336944e+102  1.000000e+00  1.000000e+00  1.000000e+00
1.487352e+03  6.304521e+02  1.057577e+05  1.697911e+02  1.487352e+03  1.534088e+00  1.530101e+00  3.987000e-03  1.039663e+01  1.039663e+01  2.213170e-01  2.599000e-03  2.179411e-01  3.314201e-01  3.314201e-01  7.079587e-02  9.598689e+01  2.978669e+05  6.022469e+02  2.086482e+57  1.715300e+51  3.911362e-06  3.815473e+102  1.000000e+00  1.000000e+00  1.000000e+00
1.487352e+03  6.531038e+02  1.057577e+05  1.924434e+02  1.487352e+03  1.643248e+00  1.639266e+00  3.982000e-03  1.046828e+01  1.046828e+01  2.212250e-01  2.423000e-03  2.318513e-01  3.655172e-01  3.655172e-01  6.395932e-02  6.364451e+01  3.257883e+05  6.014959e+02  2.255466e+57  1.713171e+51  3.734145e-06  3.238691e+102  1.000000e+00  1.000000e+00  1.000000e+00
1.487352e+03  6.787757e+02  1.057577e+05  2.181178e+02  1.487352e+03  1.746585e+00  1.742609e+00  3.977000e-03  1.052818e+01  1.052818e+01  2.211220e-01  2.277000e-03  2.450294e-01  4.003608e-01  4.003609e-01  5.742157e-02  4.333990e+01  3.548882e+05  6.006462e+02  2.427355e+57  1.710763e+51  3.443357e-06  2.823908e+102  1.000000e+00  1.000000e+00  1.000000e+00
1.487352e+03  7.078781e+02  1.057577e+05  2.472176e+02  1.487352e+03  1.842878e+00  1.838907e+00  3.970000e-03  1.057448e+01  1.057448e+01  2.210050e-01  2.154000e-03  2.574062e-01  4.356388e-01  4.356388e-01  5.132375e-02  3.027866e+01  3.837506e+05  5.996854e+02  2.591477e+57  1.708041e+51  3.233517e-06  2.352163e+102  1.000000e+00  1.000000e+00  1.000000e+00
1.487352e+03  7.408620e+02  1.057577e+05  2.801996e+02  1.487352e+03  1.931190e+00  1.927227e+00  3.963000e-03  1.060626e+01  1.060626e+01  2.208730e-01  2.052000e-03  2.689332e-01  4.710120e-01  4.710120e-01  4.573555e-02  2.167393e+01  4.119389e+05  5.985996e+02  2.744652e+57  1.704963e+51  3.039680e-06  1.907858e+102  1.000000e+00  1.000000e+00  1.000000e+00
1.487352e+03  7.782441e+02  1.057577e+05  3.175819e+02  1.487352e+03  2.010855e+00  2.006900e+00  3.955000e-03  1.062288e+01  1.062288e+01  2.207230e-01  1.967000e-03  2.795891e-01  5.061509e-01  5.061509e-01  4.069628e-02  1.588067e+01  4.389432e+05  5.973730e+02  2.883106e+57  1.701487e+51  2.861208e-06  1.498890e+102  1.000000e+00  1.000000e+00  1.000000e+00
1.487352e+03  8.206108e+02  1.057577e+05  3.599514e+02  1.487352e+03  2.081468e+00  2.077522e+00  3.946000e-03  1.062443e+01  1.062443e+01  2.205530e-01  1.896000e-03  2.893648e-01  5.407052e-01  5.407053e-01  3.620317e-02  1.189681e+01  4.643687e+05  5.959884e+02  3.004367e+57  1.697563e+51  2.623442e-06  1.180167e+102  1.000000e+00  1.000000e+00  1.000000e+00
1.487352e+03  8.686339e+02  1.057577e+05  4.079736e+02  1.487352e+03  2.142850e+00  2.138915e+00  3.936000e-03  1.061129e+01  1.061129e+01  2.203620e-01  1.837000e-03  2.982672e-01  5.743334e-01  5.743335e-01  3.223655e-02  9.103607e+00  4.891898e+05  5.944253e+02  3.116128e+57  1.693132e+51  2.321958e-06  9.497914e+101  1.000000e+00  1.000000e+00  1.000000e+00
1.487352e+03  9.230662e+02  1.057577e+05  4.624025e+02  1.487352e+03  2.195039e+00  2.191115e+00  3.924000e-03  1.058379e+01  1.058379e+01  2.201450e-01  1.788000e-03  3.063251e-01  6.067500e-01  6.067501e-01  2.875975e-02  7.108563e+00  5.131770e+05  5.926613e+02  3.217247e+57  1.688133e+51  2.023918e-06  7.508368e+101  1.000000e+00  1.000000e+00  1.000000e+00
1.487352e+03  9.847572e+02  1.057577e+05  5.240930e+02  1.487352e+03  2.238233e+00  2.234321e+00  3.911000e-03  1.054305e+01  1.054305e+01  2.199010e-01  1.747000e-03  3.135600e-01  6.376286e-01  6.376286e-01  2.572888e-02  5.658665e+00  5.361757e+05  5.906730e+02  3.307245e+57  1.682497e+51  1.845603e-06  5.184751e+101  1.000000e+00  1.000000e+00  1.000000e+00
1.487352e+03  1.054675e+03  1.057577e+05  5.940138e+02  1.487352e+03  2.272777e+00  2.268881e+00  3.897000e-03  1.048999e+01  1.048999e+01  2.196240e-01  1.714000e-03  3.200100e-01  6.667132e-01  6.667132e-01  2.309951e-02  4.588773e+00  5.551726e+05  5.884329e+02  3.364282e+57  1.676148e+51  1.600372e-06  3.397760e+101  1.000000e+00  1.000000e+00  1.000000e+00
1.487352e+03  1.133922e+03  1.057577e+05  6.732629e+02  1.487352e+03  2.299123e+00  2.295243e+00  3.880000e-03  1.042570e+01  1.042570e+01  2.193130e-01  1.688000e-03  3.257155e-01  6.937747e-01  6.937748e-01  2.082363e-02  3.786841e+00  5.742501e+05  5.859114e+02  3.419787e+57  1.669000e+51  1.213217e-06  2.661291e+101  1.000000e+00  1.000000e+00  1.000000e+00
1.487352e+03  1.223749e+03  1.057577e+05  7.630849e+02  1.487352e+03  2.317803e+00  2.313942e+00  3.861000e-03  1.035143e+01  1.035143e+01  2.189610e-01  1.666000e-03  3.307181e-01  7.186197e-01  7.186197e-01  1.885895e-02  3.177887e+00  5.919142e+05  5.830734e+02  3.463285e+57  1.660956e+51  9.112482e-07  1.559369e+101  1.000000e+00  1.000000e+00  1.000000e+00
1.487352e+03  1.325556e+03  1.057577e+05  8.648903e+02  1.487352e+03  2.329402e+00  2.325561e+00  3.840000e-03  1.026837e+01  1.026837e+01  2.185640e-01  1.649000e-03  3.350613e-01  7.411002e-01  7.411002e-01  1.716516e-02  2.709783e+00  6.066093e+05  5.798867e+02  3.484063e+57  1.651922e+51  5.780789e-07  6.611490e+100  1.000000e+00  1.000000e+00  1.000000e+00
1.487352e+03  1.440942e+03  1.057577e+05  9.802778e+02  1.487352e+03  2.334535e+00  2.330719e+00  3.817000e-03  1.017780e+01  1.017780e+01  2.181170e-01  1.635000e-03  3.387881e-01  7.611101e-01  7.611102e-01  1.570642e-02  2.346086e+00  6.198616e+05  5.763089e+02  3.494399e+57  1.641779e+51  1.494118e-07  1.981290e+100  1.000000e+00  1.000000e+00  1.000000e+00
1.487352e+03  1.571717e+03  1.057577e+05  1.111060e+03  1.487352e+03  2.333836e+00  2.330045e+00  3.791000e-03  1.008089e+01  1.008089e+01  2.176130e-01  1.624000e-03  3.419426e-01  7.785970e-01  7.785971e-01  1.446567e-02  2.062905e+00  6.315207e+05  5.722977e+02  3.493811e+57  1.630407e+51  -3.373710e-07  -1.451047e+100  -1.000000e+00  -1.000000e+00  1.000000e+00
1.487352e+03  1.719954e+03  1.057577e+05  1.259289e+03  1.487352e+03  2.327931e+00  2.324170e+00  3.761000e-03  9.978837e+00  9.978837e+00  2.170470e-01  1.616000e-03  3.445656e-01  7.935413e-01  7.935413e-01  1.340427e-02  1.839893e+00  6.417099e+05  5.678073e+02  3.484067e+57  1.617675e+51  -1.073385e-06  -4.960670e+100  -1.000000e+00  -1.000000e+00  1.000000e+00
1.487352e+03  1.887962e+03  1.057577e+05  1.427295e+03  1.487352e+03  2.317442e+00  2.313714e+00  3.728000e-03  9.872825e+00  9.872825e+00  2.164100e-01  1.609000e-03  3.466962e-01  8.059617e-01  8.059618e-01  1.249398e-02  1.662892e+00  6.490546e+05  5.627892e+02  3.455607e+57  1.603446e+51  -1.715055e-06  -6.610433e+100  -1.000000e+00  -1.000000e+00  1.000000e+00
1.487352e+03  2.078381e+03  1.057577e+05  1.617714e+03  1.487352e+03  2.302965e+00  2.299273e+00  3.691000e-03  9.764002e+00  9.764002e+00  2.156950e-01  1.603000e-03  3.483702e-01  8.159034e-01  8.159034e-01  1.171683e-02  1.522354e+00  6.563084e+05  5.571895e+02  3.429477e+57  1.587568e+51  -3.159614e-06  -6.998857e+100  -1.000000e+00  -1.000000e+00  1.000000e+00
1.487352e+03  2.294199e+03  1.057577e+05  1.833538e+03  1.487352e+03  2.285067e+00  2.281417e+00  3.650000e-03  9.653438e+00  9.653438e+00  2.148940e-01  1.597000e-03  3.496219e-01  8.234450e-01  8.234450e-01  1.105462e-02  1.410773e+00  6.609081e+05  5.509544e+02  3.387051e+57  1.569886e+51  -5.191109e-06  -8.195958e+100  -1.000000e+00  -1.000000e+00  1.000000e+00
1.487352e+03  2.538819e+03  1.057577e+05  2.078156e+03  1.487352e+03  2.264292e+00  2.260687e+00  3.605000e-03  9.542157e+00  9.542157e+00  2.139960e-01  1.592000e-03  3.504834e-01  8.286908e-01  8.286908e-01  1.049395e-02  1.322877e+00  6.642964e+05  5.440273e+02  3.339604e+57  1.550239e+51  -6.458998e-06  -7.267246e+100  -1.000000e+00  -1.000000e+00  1.000000e+00
1.487352e+03  2.816077e+03  1.057577e+05  2.355409e+03  1.487352e+03  2.241143e+00  2.237589e+00  3.554000e-03  9.431143e+00  9.431143e+00  2.129910e-01  1.586000e-03  3.509837e-01  8.317579e-01  8.317580e-01  1.002062e-02  1.254198e+00  6.677198e+05  5.363497e+02  3.296799e+57  1.528461e+51  -1.912438e-05  -6.739427e+100  -1.000000e+00  -1.000000e+00  1.000000e+00
1.487352e+03  3.130319e+03  1.057577e+05  2.669651e+03  1.487352e+03  2.216093e+00  2.212595e+00  3.498000e-03  9.321192e+00  9.321192e+00  2.118700e-01  1.579000e-03  3.511544e-01  8.328082e-01  8.328083e-01  9.625387e-03  1.201834e+00  6.688150e+05  5.278644e+02  3.241196e+57  1.504390e+51  -2.142465e-04  -6.857799e+100  -1.000000e+00  -1.000000e+00  1.000000e+00
1.487352e+03  3.486480e+03  1.057577e+05  3.025817e+03  1.487352e+03  2.189578e+00  2.186141e+00  3.437000e-03  9.213200e+00  9.213200e+00  2.106200e-01  1.570000e-03  3.510197e-01  8.319796e-01  8.319796e-01  9.298013e-03  1.163170e+00  6.689375e+05  5.185138e+02  3.183141e+57  1.477860e+51  -2.808956e-04  -6.167012e+100  -1.000000e+00  -1.000000e+00  1.000000e+00
1.487352e+03  3.890162e+03  1.057577e+05  3.429500e+03  1.487352e+03  2.162001e+00  2.158632e+00  3.369000e-03  9.107844e+00  9.107844e+00  2.092300e-01  1.558000e-03  3.506081e-01  8.294537e-01  8.294537e-01  9.030688e-03  1.136356e+00  6.681801e+05  5.082452e+02  3.123437e+57  1.448722e+51  3.006535e-05  -5.456294e+100  1.000000e+00  -1.000000e+00  1.000000e+00
1.487352e+03  4.347708e+03  1.057577e+05  3.887040e+03  1.487352e+03  2.133731e+00  2.130435e+00  3.295000e-03  9.005885e+00  9.005885e+00  2.076870e-01  1.544000e-03  3.499410e-01  8.253830e-01  8.253830e-01  8.818646e-03  1.120297e+00  6.666425e+05  4.970111e+02  3.062840e+57  1.416838e+51  1.600550e-05  -4.760253e+100  1.000000e+00  -1.000000e+00  1.000000e+00
1.487352e+03  4.866291e+03  1.057577e+05  4.405622e+03  1.487352e+03  2.105105e+00  2.101890e+00  3.215000e-03  8.907774e+00  8.907774e+00  2.059790e-01  1.527000e-03  3.490489e-01  8.199809e-01  8.199809e-01  8.655008e-03  1.113641e+00  6.644092e+05  4.847689e+02  3.001952e+57  1.382088e+51  1.081413e-05  -4.314556e+100  1.000000e+00  -1.000000e+00  1.000000e+00
1.487352e+03  5.454054e+03  1.057577e+05  4.993389e+03  1.487352e+03  2.076431e+00  2.073304e+00  3.127000e-03  8.814184e+00  8.814184e+00  2.040940e-01  1.506000e-03  3.479501e-01  8.133932e-01  8.133933e-01  8.534270e-03  1.115541e+00  6.606193e+05  4.714910e+02  2.934220e+57  1.344390e+51  8.098367e-06  -3.707517e+100  1.000000e+00  -1.000000e+00  1.000000e+00
1.487352e+03  6.120229e+03  1.057577e+05  5.659571e+03  1.487352e+03  2.047986e+00  2.044953e+00  3.033000e-03  8.725487e+00  8.725487e+00  2.020180e-01  1.481000e-03  3.466721e-01  8.058200e-01  8.058200e-01  8.451434e-03  1.125224e+00  6.573204e+05  4.571592e+02  2.874857e+57  1.303692e+51  8.076629e-06  -2.916329e+100  1.000000e+00  -1.000000e+00  1.000000e+00
1.487352e+03  6.875298e+03  1.057577e+05  6.414631e+03  1.487352e+03  2.020021e+00  2.017090e+00  2.932000e-03  8.642131e+00  8.642131e+00  1.997400e-01  1.451000e-03  3.452365e-01  7.974249e-01  7.974250e-01  8.404371e-03  1.142428e+00  6.536095e+05  4.417740e+02  2.816940e+57  1.259992e+51  7.131896e-06  -2.419786e+100  1.000000e+00  -1.000000e+00  1.000000e+00
1.487352e+03  7.731096e+03  1.057577e+05  7.270426e+03  1.487352e+03  1.992763e+00  1.989940e+00  2.823000e-03  8.564434e+00  8.564434e+00  1.972490e-01  1.417000e-03  3.436676e-01  7.883831e-01  7.883832e-01  8.389238e-03  1.166643e+00  6.495735e+05  4.253525e+02  2.760904e+57  1.213338e+51  6.440795e-06  -1.983832e+100  1.000000e+00  -1.000000e+00  1.000000e+00
1.487352e+03  8.701063e+03  1.057577e+05  8.240395e+03  1.487352e+03  1.966414e+00  1.963706e+00  2.708000e-03  8.492695e+00  8.492695e+00  1.945350e-01  1.377000e-03  3.419882e-01  7.788537e-01  7.788538e-01  8.402389e-03  1.197448e+00  6.452984e+05  4.079372e+02  2.707155e+57  1.163846e+51  5.531480e-06  -1.690127e+100  1.000000e+00  -1.000000e+00  1.000000e+00
1.487352e+03  9.800430e+03  1.057577e+05  9.339770e+03  1.487352e+03  1.941152e+00  1.938565e+00  2.587000e-03  8.427084e+00  8.427084e+00  1.915910e-01  1.333000e-03  3.402231e-01  7.690009e-01  7.690009e-01  8.440359e-03  1.234407e+00  6.400374e+05  3.895913e+02  2.649837e+57  1.111695e+51  5.062061e-06  -1.375192e+100  1.000000e+00  -1.000000e+00  1.000000e+00
1.487352e+03  1.104648e+04  1.057577e+05  1.058582e+04  1.487352e+03  1.917133e+00  1.914672e+00  2.461000e-03  8.367721e+00  8.367721e+00  1.884110e-01  1.283000e-03  3.383971e-01  7.589780e-01  7.589781e-01  8.499725e-03  1.276994e+00  6.355245e+05  3.704042e+02  2.601654e+57  1.057137e+51  5.137616e-06  -1.013629e+100  1.000000e+00  -1.000000e+00  1.000000e+00
1.487352e+03  1.245877e+04  1.057577e+05  1.199810e+04  1.487352e+03  1.894495e+00  1.892166e+00  2.329000e-03  8.314759e+00  8.314759e+00  1.849910e-01  1.229000e-03  3.365312e-01  7.489106e-01  7.489106e-01  8.578142e-03  1.324896e+00  6.309938e+05  3.504932e+02  2.556586e+57  1.000502e+51  4.830574e-06  -7.900972e+99  1.000000e+00  -1.000000e+00  1.000000e+00
1.487352e+03  1.405947e+04  1.057577e+05  1.359880e+04  1.487352e+03  1.873350e+00  1.871157e+00  2.194000e-03  8.268155e+00  8.268155e+00  1.813310e-01  1.171000e-03  3.346510e-01  7.389383e-01  7.389383e-01  8.673317e-03  1.377633e+00  6.265037e+05  3.299965e+02  2.514775e+57  9.421822e+50  4.269967e-06  -6.398781e+99  1.000000e+00  -1.000000e+00  1.000000e+00
1.487352e+03  1.587372e+04  1.057577e+05  1.541306e+04  1.487352e+03  1.853795e+00  1.851740e+00  2.055000e-03  8.227842e+00  8.227842e+00  1.774340e-01  1.109000e-03  3.327801e-01  7.291834e-01  7.291835e-01  8.779682e-03  1.434182e+00  6.213683e+05  3.090769e+02  2.470785e+57  8.826380e+50  4.022446e-06  -4.991412e+99  1.000000e+00  -1.000000e+00  1.000000e+00
1.487352e+03  1.793002e+04  1.057577e+05  1.746936e+04  1.487352e+03  1.835903e+00  1.833988e+00  1.915000e-03  8.193753e+00  8.193753e+00  1.733080e-01  1.043000e-03  3.309395e-01  7.197444e-01  7.197444e-01  8.893660e-03  1.493581e+00  6.171415e+05  2.879146e+02  2.435970e+57  8.223811e+50  4.093983e-06  -3.422061e+99  1.000000e+00  -1.000000e+00  1.000000e+00
1.487352e+03  2.025605e+04  1.057577e+05  1.979538e+04  1.487352e+03  1.819756e+00  1.817981e+00  1.775000e-03  8.165681e+00  8.165681e+00  1.689710e-01  9.750000e-04  3.291565e-01  7.107469e-01  7.107469e-01  9.016572e-03  1.555737e+00  6.131071e+05  2.667416e+02  2.404618e+57  7.620718e+50  3.981436e-06  -2.798845e+99  1.000000e+00  -1.000000e+00  1.000000e+00
2.043360e+03  1.970844e+02  1.080389e+05  6.543700e+00  2.043360e+03  1.255050e-01  1.194240e-01  6.080000e-03  7.084006e+01  7.084006e+01  2.532180e-01  4.844500e-02  2.616750e-03  2.627067e-03  2.627069e-03  5.076407e-02  2.749232e+11  1.770268e+04  9.253187e+02  1.426425e+56  3.044834e+51  6.721203e-06  0.000000e+00  1.000000e+00  -1.000000e+00  0.000000e+00
2.043360e+03  2.035396e+02  1.080389e+05  7.416700e+00  2.043360e+03  1.921660e-01  1.860860e-01  6.079000e-03  7.288159e+01  7.288159e+01  2.532070e-01  3.163600e-02  3.894390e-03  3.917288e-03  3.917290e-03  6.425539e-02  4.782094e+10  2.762082e+04  9.251973e+02  2.223928e+56  3.044442e+51  6.642593e-06  0.000000e+00  1.000000e+00  -1.000000e+00  0.000000e+00
2.043360e+03  2.102287e+02  1.080389e+05  8.406200e+00  2.043360e+03  1.056790e-01  9.960000e-02  6.078000e-03  5.443456e+01  5.443456e+01  2.531960e-01  5.751800e-02  2.867443e-03  2.879836e-03  2.879839e-03  2.981476e-02  1.025342e+11  1.479714e+04  9.250694e+02  1.195681e+56  3.044028e+51  6.787751e-06  0.000000e+00  1.000000e+00  -1.000000e+00  0.000000e+00
2.043360e+03  2.171631e+02  1.080389e+05  9.527700e+00  2.043360e+03  7.228600e-02  6.620800e-02  6.078000e-03  2.663199e+01  2.663199e+01  2.531830e-01  8.407700e-02  4.008944e-03  4.033214e-03  4.033219e-03  9.021345e-03  5.808034e+09  9.889691e+03  9.249341e+02  8.138071e+55  3.043589e+51  6.335801e-06  0.000000e+00  1.000000e+00  -1.000000e+00  0.000000e+00
2.043360e+03  4.714565e+02  1.080389e+05  1.079880e+01  2.043360e+03  8.709800e-02  8.102500e-02  6.073000e-03  1.846592e+01  1.846592e+01  2.531220e-01  6.972700e-02  6.966541e-03  7.040195e-03  7.040203e-03  1.162586e-02  4.723655e+08  1.215119e+04  9.242373e+02  1.009377e+56  3.040800e+51  6.551500e-06  1.098744e+103  1.000000e+00  1.000000e+00  1.000000e+00
2.043360e+03  4.728972e+02  1.080389e+05  1.223950e+01  2.043360e+03  1.044920e-01  9.842500e-02  6.067000e-03  1.547040e+01  1.547040e+01  2.530400e-01  5.806200e-02  9.976115e-03  1.012793e-02  1.012794e-02  2.003282e-02  1.351761e+08  1.480715e+04  9.233090e+02  1.233222e+56  3.037404e+51  6.538486e-06  1.173438e+103  1.000000e+00  1.000000e+00  1.000000e+00
2.043360e+03  4.745300e+02  1.080389e+05  1.387240e+01  2.043360e+03  1.270800e-01  1.210180e-01  6.062000e-03  1.375193e+01  1.375193e+01  2.529660e-01  4.770000e-02  1.364881e-02  1.393476e-02  1.393477e-02  3.344758e-02  4.707817e+07  1.827146e+04  9.225091e+02  1.518500e+56  3.034811e+51  6.503206e-06  1.271930e+103  1.000000e+00  1.000000e+00  1.000000e+00
2.043360e+03  4.763807e+02  1.080389e+05  1.572320e+01  2.043360e+03  1.541840e-01  1.481260e-01  6.057000e-03  1.274236e+01  1.274236e+01  2.529060e-01  3.928700e-02  1.787186e-02  1.836570e-02  1.836572e-02  5.046420e-02  1.845246e+07  2.245428e+04  9.218604e+02  1.855444e+56  3.032983e+51  6.457700e-06  1.298901e+103  1.000000e+00  1.000000e+00  1.000000e+00
2.043360e+03  4.784787e+02  1.080389e+05  1.782080e+01  2.043360e+03  1.851500e-01  1.790960e-01  6.054000e-03  1.211919e+01  1.211919e+01  2.528620e-01  3.270000e-02  2.256486e-02  2.335853e-02  2.335854e-02  6.883862e-02  7.844766e+06  2.726989e+04  9.214027e+02  2.236955e+56  3.031889e+51  6.404244e-06  1.312635e+103  1.000000e+00  1.000000e+00  1.000000e+00
2.043360e+03  4.808563e+02  1.080389e+05  2.019840e+01  2.043360e+03  2.211140e-01  2.150610e-01  6.053000e-03  1.171238e+01  1.171238e+01  2.528410e-01  2.737500e-02  2.788389e-02  2.910714e-02  2.910716e-02  8.729925e-02  3.452745e+06  3.291351e+04  9.211874e+02  2.678767e+56  3.031372e+51  6.344240e-06  1.363684e+103  1.000000e+00  1.000000e+00  1.000000e+00
2.043360e+03  4.835509e+02  1.080389e+05  2.289310e+01  2.043360e+03  2.640990e-01  2.580470e-01  6.052000e-03  1.146205e+01  1.146205e+01  2.528290e-01  2.291600e-02  3.403184e-02  3.587388e-02  3.587389e-02  1.054994e-01  1.540750e+06  3.972591e+04  9.210547e+02  3.208000e+56  3.030937e+51  6.278300e-06  1.434625e+103  1.000000e+00  1.000000e+00  1.000000e+00
2.043360e+03  4.866048e+02  1.080389e+05  2.594730e+01  2.043360e+03  3.148530e-01  3.088020e-01  6.051000e-03  1.133685e+01  1.133685e+01  2.528150e-01  1.921900e-02  4.102013e-02  4.373004e-02  4.373006e-02  1.225625e-01  7.035300e+05  4.785892e+04  9.209042e+02  3.836113e+56  3.030445e+51  6.204095e-06  1.480760e+103  1.000000e+00  1.000000e+00  1.000000e+00
2.043360e+03  4.900671e+02  1.080389e+05  2.940900e+01  2.043360e+03  3.728990e-01  3.668490e-01  6.050000e-03  1.130561e+01  1.130561e+01  2.528000e-01  1.622400e-02  4.871675e-02  5.259280e-02  5.259282e-02  1.373382e-01  3.336594e+05  5.727941e+04  9.207335e+02  4.559590e+56  3.029886e+51  6.119166e-06  1.451218e+103  1.000000e+00  1.000000e+00  1.000000e+00
2.043360e+03  4.939909e+02  1.080389e+05  3.333260e+01  2.043360e+03  4.342550e-01  4.282060e-01  6.049000e-03  1.133124e+01  1.133124e+01  2.527820e-01  1.392900e-02  5.660419e-02  6.191367e-02  6.191368e-02  1.484939e-01  1.703615e+05  6.738184e+04  9.205404e+02  5.330578e+56  3.029254e+51  6.006192e-06  1.152929e+103  1.000000e+00  1.000000e+00  1.000000e+00
2.043360e+03  4.984378e+02  1.080389e+05  3.777960e+01  2.043360e+03  4.770550e-01  4.710070e-01  6.047000e-03  1.131238e+01  1.131238e+01  2.527620e-01  1.267600e-02  6.228676e-02  6.878453e-02  6.878455e-02  1.525423e-01  1.084723e+05  7.456527e+04  9.203214e+02  5.871533e+56  3.028536e+51  5.426199e-06  5.365736e+102  1.000000e+00  1.000000e+00  1.000000e+00
2.043360e+03  5.034775e+02  1.080389e+05  4.281980e+01  2.043360e+03  4.864340e-01  4.803890e-01  6.046000e-03  1.108984e+01  1.108984e+01  2.527400e-01  1.242900e-02  6.478594e-02  7.184884e-02  7.184886e-02  1.453070e-01  8.487668e+04  7.633699e+04  9.200731e+02  5.984830e+56  3.027724e+51  5.197507e-06  1.858993e+102  1.000000e+00  1.000000e+00  1.000000e+00
2.043360e+03  5.091908e+02  1.080389e+05  4.853260e+01  2.043360e+03  5.003590e-01  4.943150e-01  6.044000e-03  1.074212e+01  1.074212e+01  2.527140e-01  1.207900e-02  6.879763e-02  7.682327e-02  7.682329e-02  1.333377e-01  5.767549e+04  7.909703e+04  9.197921e+02  6.157055e+56  3.026804e+51  5.192609e-06  3.401232e+102  1.000000e+00  1.000000e+00  1.000000e+00
2.043360e+03  5.156662e+02  1.080389e+05  5.500740e+01  2.043360e+03  5.358180e-01  5.297760e-01  6.042000e-03  1.040163e+01  1.040163e+01  2.526850e-01  1.127600e-02  7.608475e-02  8.603916e-02  8.603918e-02  1.228627e-01  3.212487e+04  8.550506e+04  9.194738e+02  6.594276e+56  3.025762e+51  5.491342e-06  6.006103e+102  1.000000e+00  1.000000e+00  1.000000e+00
2.043360e+03  5.230050e+02  1.080389e+05  6.234610e+01  2.043360e+03  5.942310e-01  5.881910e-01  6.039000e-03  1.014621e+01  1.014621e+01  2.526530e-01  1.016400e-02  8.650335e-02  9.963614e-02  9.963616e-02  1.157123e-01  1.592655e+04  9.628266e+04  9.191133e+02  7.350625e+56  3.024581e+51  5.392779e-06  8.049007e+102  1.000000e+00  1.000000e+00  1.000000e+00
2.043360e+03  5.313221e+02  1.080389e+05  7.066390e+01  2.043360e+03  6.724840e-01  6.664470e-01  6.037000e-03  9.995481e+00  9.995481e+00  2.526160e-01  8.977000e-03  9.937099e-02  1.171560e-01  1.171560e-01  1.111868e-01  7.650005e+03  1.108937e+05  9.187052e+02  8.381543e+56  3.023245e+51  5.347667e-06  9.080805e+102  1.000000e+00  1.000000e+00  1.000000e+00
2.043360e+03  5.407496e+02  1.080389e+05  8.009140e+01  2.043360e+03  7.665170e-01  7.604830e-01  6.034000e-03  9.935402e+00  9.935402e+00  2.525740e-01  7.872000e-03  1.139510e-01  1.380564e-01  1.380564e-01  1.078214e-01  3.741297e+03  1.285108e+05  9.182430e+02  9.619027e+56  3.021731e+51  5.239471e-06  9.473317e+102  1.000000e+00  1.000000e+00  1.000000e+00
2.043360e+03  5.514360e+02  1.080389e+05  9.077660e+01  2.043360e+03  8.724640e-01  8.664330e-01  6.030000e-03  9.941939e+00  9.941939e+00  2.525260e-01  6.912000e-03  1.296158e-01  1.618733e-01  1.618733e-01  1.043580e-01  1.901721e+03  1.491875e+05  9.177192e+02  1.106023e+57  3.020016e+51  5.038372e-06  9.496906e+102  1.000000e+00  1.000000e+00  1.000000e+00
2.043360e+03  5.635472e+02  1.080389e+05  1.028874e+02  2.043360e+03  9.868610e-01  9.808350e-01  6.027000e-03  9.992589e+00  9.992589e+00  2.524720e-01  6.107000e-03  1.458679e-01  1.882350e-01  1.882350e-01  1.000681e-01  1.010195e+03  1.723342e+05  9.171263e+02  1.265447e+57  3.018075e+51  4.828834e-06  9.178963e+102  1.000000e+00  1.000000e+00  1.000000e+00
2.043360e+03  5.772730e+02  1.080389e+05  1.166139e+02  2.043360e+03  1.106597e+00  1.100574e+00  6.022000e-03  1.006942e+01  1.006942e+01  2.524110e-01  5.442000e-03  1.623179e-01  2.168331e-01  2.168331e-01  9.474082e-02  5.605482e+02  1.977891e+05  9.164549e+02  1.438328e+57  3.015876e+51  4.667803e-06  8.520590e+102  1.000000e+00  1.000000e+00  1.000000e+00
2.043360e+03  5.928297e+02  1.080389e+05  1.321717e+02  2.043360e+03  1.228856e+00  1.222839e+00  6.017000e-03  1.015912e+01  1.015912e+01  2.523420e-01  4.897000e-03  1.786596e-01  2.473902e-01  2.473903e-01  8.850902e-02  3.241620e+02  2.241941e+05  9.156947e+02  1.613876e+57  3.013387e+51  4.458359e-06  7.794774e+102  1.000000e+00  1.000000e+00  1.000000e+00
2.043360e+03  6.104652e+02  1.080389e+05  1.498051e+02  2.043360e+03  1.351099e+00  1.345087e+00  6.012000e-03  1.025208e+01  1.025208e+01  2.522640e-01  4.449000e-03  1.946510e-01  2.796370e-01  2.796370e-01  8.161605e-02  1.947154e+02  2.528096e+05  9.148344e+02  1.801017e+57  3.010571e+51  4.224359e-06  7.040469e+102  1.000000e+00  1.000000e+00  1.000000e+00
2.043360e+03  6.304521e+02  1.080389e+05  1.697911e+02  2.043360e+03  1.471050e+00  1.465044e+00  6.005000e-03  1.034135e+01  1.034135e+01  2.521750e-01  4.082000e-03  2.101027e-01  3.132969e-01  3.132969e-01  7.444238e-02  1.212160e+02  2.815310e+05  9.138599e+02  1.983472e+57  3.007380e+51  4.034670e-06  6.146003e+102  1.000000e+00  1.000000e+00  1.000000e+00
2.043360e+03  6.531038e+02  1.080389e+05  1.924434e+02  2.043360e+03  1.586732e+00  1.580734e+00  5.998000e-03  1.042204e+01  1.042204e+01  2.520750e-01  3.780000e-03  2.248704e-01  3.480820e-01  3.480820e-01  6.728045e-02  7.800670e+01  3.112878e+05  9.127597e+02  2.167903e+57  3.003777e+51  3.817889e-06  5.323973e+102  1.000000e+00  1.000000e+00  1.000000e+00
2.043360e+03  6.787757e+02  1.080389e+05  2.181178e+02  2.043360e+03  1.696468e+00  1.690478e+00  5.990000e-03  1.049092e+01  1.049092e+01  2.519620e-01  3.531000e-03  2.388437e-01  3.836770e-01  3.836770e-01  6.037986e-02  5.178918e+01  3.405583e+05  9.115143e+02  2.342629e+57  2.999700e+51  3.630904e-06  4.469372e+102  1.000000e+00  1.000000e+00  1.000000e+00
2.043360e+03  7.078781e+02  1.080389e+05  2.472176e+02  2.043360e+03  1.798911e+00  1.792930e+00  5.981000e-03  1.054589e+01  1.054589e+01  2.518330e-01  3.325000e-03  2.519464e-01  4.197513e-01  4.197513e-01  5.390902e-02  3.540184e+01  3.697204e+05  9.101073e+02  2.510394e+57  2.995092e+51  3.342045e-06  3.826712e+102  1.000000e+00  1.000000e+00  1.000000e+00
2.043360e+03  7.408620e+02  1.080389e+05  2.801996e+02  2.043360e+03  1.893020e+00  1.887050e+00  5.971000e-03  1.058552e+01  1.058552e+01  2.516880e-01  3.154000e-03  2.641341e-01  4.559701e-01  4.559701e-01  4.794891e-02  2.486373e+01  3.994298e+05  9.085157e+02  2.676127e+57  2.989880e+51  3.128467e-06  3.149525e+102  1.000000e+00  1.000000e+00  1.000000e+00
2.043360e+03  7.782441e+02  1.080389e+05  3.175819e+02  2.043360e+03  1.978074e+00  1.972115e+00  5.959000e-03  1.060934e+01  1.060934e+01  2.515230e-01  3.012000e-03  2.753821e-01  4.919792e-01  4.919793e-01  4.257917e-02  1.792337e+01  4.269391e+05  9.067163e+02  2.819475e+57  2.983988e+51  2.931118e-06  2.491134e+102  1.000000e+00  1.000000e+00  1.000000e+00
2.043360e+03  8.206108e+02  1.080389e+05  3.599514e+02  2.043360e+03  2.053629e+00  2.047684e+00  5.946000e-03  1.061726e+01  1.061726e+01  2.513380e-01  2.895000e-03  2.856876e-01  5.274302e-01  5.274303e-01  3.780726e-02  1.324400e+01  4.542010e+05  9.046860e+02  2.955323e+57  2.977339e+51  2.678742e-06  1.996584e+102  1.000000e+00  1.000000e+00  1.000000e+00
2.043360e+03  8.686339e+02  1.080389e+05  4.079736e+02  2.043360e+03  2.119500e+00  2.113569e+00  5.931000e-03  1.060959e+01  1.060959e+01  2.511270e-01  2.798000e-03  2.950640e-01  5.619814e-01  5.619815e-01  3.357444e-02  1.000760e+01  4.796152e+05  9.023959e+02  3.072123e+57  2.969839e+51  2.435901e-06  1.545662e+102  1.000000e+00  1.000000e+00  1.000000e+00
2.043360e+03  9.230662e+02  1.080389e+05  4.624025e+02  2.043360e+03  2.175722e+00  2.169808e+00  5.914000e-03  1.058704e+01  1.058704e+01  2.508900e-01  2.718000e-03  3.035363e-01  5.953056e-01  5.953056e-01  2.988252e-02  7.731632e+00  5.042270e+05  8.998075e+02  3.178338e+57  2.961362e+51  2.131357e-06  1.225733e+102  1.000000e+00  1.000000e+00  1.000000e+00
2.043360e+03  9.847572e+02  1.080389e+05  5.240930e+02  2.043360e+03  2.222519e+00  2.216624e+00  5.895000e-03  1.055048e+01  1.055048e+01  2.506210e-01  2.652000e-03  3.111393e-01  6.271000e-01  6.271001e-01  2.666974e-02  6.097516e+00  5.278110e+05  8.968910e+02  3.272888e+57  2.951811e+51  1.885032e-06  9.032818e+101  1.000000e+00  1.000000e+00  1.000000e+00
2.043360e+03  1.054675e+03  1.080389e+05  5.940138e+02  2.043360e+03  2.260257e+00  2.254383e+00  5.874000e-03  1.050099e+01  1.050099e+01  2.503180e-01  2.599000e-03  3.179135e-01  6.570903e-01  6.570904e-01  2.388658e-02  4.903654e+00  5.488214e+05  8.936036e+02  3.345020e+57  2.941046e+51  1.634444e-06  6.250803e+101  1.000000e+00  1.000000e+00  1.000000e+00
2.043360e+03  1.133922e+03  1.080389e+05  6.732629e+02  2.043360e+03  2.289413e+00  2.283563e+00  5.850000e-03  1.043973e+01  1.043973e+01  2.499750e-01  2.555000e-03  3.239042e-01  6.850412e-01  6.850412e-01  2.148219e-02  4.016854e+00  5.684877e+05  8.899030e+02  3.404721e+57  2.928925e+51  1.362765e-06  4.080149e+101  1.000000e+00  1.000000e+00  1.000000e+00
2.043360e+03  1.223749e+03  1.080389e+05  7.630849e+02  2.043360e+03  2.310553e+00  2.304731e+00  5.822000e-03  1.036790e+01  1.036790e+01  2.495880e-01  2.520000e-03  3.291597e-01  7.107632e-01  7.107633e-01  1.941207e-02  3.349245e+00  5.852651e+05  8.857369e+02  3.441269e+57  2.915281e+51  1.041555e-06  2.593243e+101  1.000000e+00  1.000000e+00  1.000000e+00
2.043360e+03  1.325556e+03  1.080389e+05  8.648903e+02  2.043360e+03  2.324292e+00  2.318500e+00  5.792000e-03  1.028683e+01  1.028683e+01  2.491530e-01  2.492000e-03  3.337264e-01  7.340968e-01  7.340968e-01  1.762870e-02  2.839077e+00  6.019410e+05  8.810579e+02  3.476354e+57  2.899955e+51  6.508732e-07  1.623681e+101  1.000000e+00  1.000000e+00  1.000000e+00
2.043360e+03  1.440942e+03  1.080389e+05  9.802778e+02  2.043360e+03  2.331277e+00  2.325519e+00  5.758000e-03  1.019785e+01  1.019785e+01  2.486610e-01  2.470000e-03  3.376500e-01  7.549264e-01  7.549264e-01  1.609784e-02  2.445386e+00  6.156972e+05  8.758025e+02  3.489827e+57  2.882740e+51  2.771856e-07  4.702858e+100  1.000000e+00  1.000000e+00  1.000000e+00
2.043360e+03  1.571717e+03  1.080389e+05  1.111060e+03  2.043360e+03  2.332170e+00  2.326450e+00  5.720000e-03  1.010218e+01  1.010218e+01  2.481080e-01  2.452000e-03  3.409781e-01  7.731953e-01  7.731954e-01  1.479763e-02  2.140284e+00  6.278324e+05  8.699075e+02  3.492015e+57  2.863431e+51  -2.473945e-07  -3.246565e+100  -1.000000e+00  -1.000000e+00  1.000000e+00
2.043360e+03  1.719954e+03  1.080389e+05  1.259289e+03  2.043360e+03  2.327626e+00  2.321950e+00  5.677000e-03  1.000106e+01  1.000106e+01  2.474850e-01  2.439000e-03  3.437548e-01  7.888819e-01  7.888820e-01  1.368382e-02  1.900543e+00  6.370764e+05  8.633072e+02  3.474288e+57  2.841809e+51  -7.589225e-07  -7.333854e+100  -1.000000e+00  -1.000000e+00  1.000000e+00
2.043360e+03  1.887962e+03  1.080389e+05  1.427295e+03  2.043360e+03  2.318287e+00  2.312659e+00  5.629000e-03  9.895651e+00  9.895651e+00  2.467850e-01  2.428000e-03  3.460227e-01  8.020076e-01  8.020077e-01  1.273182e-02  1.711117e+00  6.462137e+05  8.559278e+02  3.458237e+57  2.817633e+51  -1.429190e-06  -7.367703e+100  -1.000000e+00  -1.000000e+00  1.000000e+00
2.043360e+03  2.078381e+03  1.080389e+05  1.617714e+03  2.043360e+03  2.304777e+00  2.299202e+00  5.575000e-03  9.787225e+00  9.787225e+00  2.459980e-01  2.419000e-03  3.478171e-01  8.126003e-01  8.126004e-01  1.191831e-02  1.560845e+00  6.538592e+05  8.476883e+02  3.433997e+57  2.790637e+51  -2.800384e-06  -1.038063e+101  -1.000000e+00  -1.000000e+00  1.000000e+00
2.043360e+03  2.294199e+03  1.080389e+05  1.833538e+03  2.043360e+03  2.287681e+00  2.282166e+00  5.515000e-03  9.676727e+00  9.676727e+00  2.451150e-01  2.411000e-03  3.491794e-01  8.207680e-01  8.207681e-01  1.122425e-02  1.441534e+00  6.588003e+05  8.385071e+02  3.392990e+57  2.760553e+51  -4.601184e-06  -1.240149e+101  -1.000000e+00  -1.000000e+00  1.000000e+00
2.043360e+03  2.538819e+03  1.080389e+05  2.078156e+03  2.043360e+03  2.267560e+00  2.262111e+00  5.449000e-03  9.565393e+00  9.565393e+00  2.441270e-01  2.403000e-03  3.501366e-01  8.265739e-01  8.265740e-01  1.063965e-02  1.347864e+00  6.625020e+05  8.283022e+02  3.346708e+57  2.727113e+51  -5.768723e-06  -1.105117e+101  -1.000000e+00  -1.000000e+00  1.000000e+00
2.043360e+03  2.816077e+03  1.080389e+05  2.355409e+03  2.043360e+03  2.244935e+00  2.239560e+00  5.375000e-03  9.454073e+00  9.454073e+00  2.430200e-01  2.394000e-03  3.507248e-01  8.301686e-01  8.301687e-01  1.014453e-02  1.274419e+00  6.662291e+05  8.169842e+02  3.304971e+57  2.690020e+51  -1.500553e-05  -1.032984e+101  -1.000000e+00  -1.000000e+00  1.000000e+00
2.043360e+03  3.130319e+03  1.080389e+05  2.669651e+03  2.043360e+03  2.220294e+00  2.215000e+00  5.293000e-03  9.343735e+00  9.343735e+00  2.417840e-01  2.384000e-03  3.509713e-01  8.316818e-01  8.316819e-01  9.729921e-03  1.218011e+00  6.675921e+05  8.044635e+02  3.250148e+57  2.648982e+51  -6.479835e-05  -1.057721e+101  -1.000000e+00  -1.000000e+00  1.000000e+00
2.043360e+03  3.486480e+03  1.080389e+05  3.025817e+03  2.043360e+03  2.194085e+00  2.188881e+00  5.204000e-03  9.235122e+00  9.235122e+00  2.404060e-01  2.372000e-03  3.509073e-01  8.312888e-01  8.312888e-01  9.386273e-03  1.176078e+00  6.679481e+05  7.906545e+02  3.192606e+57  2.603715e+51  -2.707835e-04  -9.557216e+100  -1.000000e+00  -1.000000e+00  1.000000e+00
2.043360e+03  3.890162e+03  1.080389e+05  3.429500e+03  2.043360e+03  2.166722e+00  2.161617e+00  5.105000e-03  9.129028e+00  9.129028e+00  2.388720e-01  2.356000e-03  3.505583e-01  8.291488e-01  8.291489e-01  9.105026e-03  1.146537e+00  6.674004e+05  7.754745e+02  3.133252e+57  2.553946e+51  4.044113e-05  -8.485654e+100  1.000000e+00  -1.000000e+00  1.000000e+00
2.043360e+03  4.347708e+03  1.080389e+05  3.887040e+03  2.043360e+03  2.138585e+00  2.133589e+00  4.996000e-03  9.026203e+00  9.026203e+00  2.371680e-01  2.336000e-03  3.499476e-01  8.254233e-01  8.254233e-01  8.880593e-03  1.128081e+00  6.660475e+05  7.588495e+02  3.072834e+57  2.499433e+51  1.782942e-05  -7.426309e+100  1.000000e+00  -1.000000e+00  1.000000e+00
2.043360e+03  4.866291e+03  1.080389e+05  4.405622e+03  2.043360e+03  2.110021e+00  2.105143e+00  4.878000e-03  8.927181e+00  8.927181e+00  2.352810e-01  2.312000e-03  3.491034e-01  8.203097e-01  8.203098e-01  8.705148e-03  1.119223e+00  6.639799e+05  7.407129e+02  3.012012e+57  2.439951e+51  1.234706e-05  -6.414962e+100  1.000000e+00  -1.000000e+00  1.000000e+00
2.043360e+03  5.454054e+03  1.080389e+05  4.993389e+03  2.043360e+03  2.081345e+00  2.076596e+00  4.749000e-03  8.832542e+00  8.832542e+00  2.331950e-01  2.282000e-03  3.480487e-01  8.139814e-01  8.139815e-01  8.574549e-03  1.119250e+00  6.612940e+05  7.210146e+02  2.951399e+57  2.375336e+51  9.120272e-06  -5.733134e+100  1.000000e+00  -1.000000e+00  1.000000e+00
2.043360e+03  6.120229e+03  1.080389e+05  5.659571e+03  2.043360e+03  2.052844e+00  2.048233e+00  4.610000e-03  8.742809e+00  8.742809e+00  2.308970e-01  2.246000e-03  3.468059e-01  8.066084e-01  8.066084e-01  8.483870e-03  1.127391e+00  6.571516e+05  6.997227e+02  2.884623e+57  2.305479e+51  7.318216e-06  -4.907665e+100  1.000000e+00  -1.000000e+00  1.000000e+00
2.043360e+03  6.875298e+03  1.080389e+05  6.414631e+03  2.043360e+03  2.024774e+00  2.020313e+00  4.461000e-03  8.658295e+00  8.658295e+00  2.283730e-01  2.203000e-03  3.454028e-01  7.983910e-01  7.983911e-01  8.428899e-03  1.143021e+00  6.535435e+05  6.768305e+02  2.826419e+57  2.230354e+51  7.331793e-06  -3.816849e+100  1.000000e+00  -1.000000e+00  1.000000e+00
2.043360e+03  7.731096e+03  1.080389e+05  7.270426e+03  2.043360e+03  1.997368e+00  1.993067e+00  4.301000e-03  8.579411e+00  8.579411e+00  2.256090e-01  2.153000e-03  3.438605e-01  7.894872e-01  7.894873e-01  8.406493e-03  1.165757e+00  6.495934e+05  6.523553e+02  2.770024e+57  2.150016e+51  6.592388e-06  -3.137200e+100  1.000000e+00  -1.000000e+00  1.000000e+00
2.043360e+03  8.701063e+03  1.080389e+05  8.240395e+03  2.043360e+03  1.970835e+00  1.966704e+00  4.131000e-03  8.506475e+00  8.506475e+00  2.225950e-01  2.096000e-03  3.422017e-01  7.800568e-01  7.800569e-01  8.413201e-03  1.195240e+00  6.453875e+05  6.263507e+02  2.715845e+57  2.064635e+51  5.640091e-06  -2.680428e+100  1.000000e+00  -1.000000e+00  1.000000e+00
2.043360e+03  9.800430e+03  1.080389e+05  9.339770e+03  2.043360e+03  1.945356e+00  1.941405e+00  3.951000e-03  8.439592e+00  8.439592e+00  2.193210e-01  2.031000e-03  3.404547e-01  7.702841e-01  7.702842e-01  8.446179e-03  1.231075e+00  6.401723e+05  5.989035e+02  2.657981e+57  1.974493e+51  5.149083e-06  -2.185782e+100  1.000000e+00  -1.000000e+00  1.000000e+00
2.043360e+03  1.104648e+04  1.080389e+05  1.058582e+04  2.043360e+03  1.921099e+00  1.917335e+00  3.763000e-03  8.379081e+00  8.379081e+00  2.157790e-01  1.959000e-03  3.386374e-01  7.602872e-01  7.602873e-01  8.502843e-03  1.272932e+00  6.357065e+05  5.701412e+02  2.609320e+57  1.880003e+51  5.223412e-06  -1.615238e+100  1.000000e+00  -1.000000e+00  1.000000e+00
2.043360e+03  1.245877e+04  1.080389e+05  1.199810e+04  2.043360e+03  1.898199e+00  1.894632e+00  3.567000e-03  8.324864e+00  8.324864e+00  2.119650e-01  1.879000e-03  3.367800e-01  7.502430e-01  7.502431e-01  8.575769e-03  1.319647e+00  6.312003e+05  5.402249e+02  2.563665e+57  1.781692e+51  4.901288e-06  -1.263457e+100  1.000000e+00  -1.000000e+00  1.000000e+00
2.043360e+03  1.405947e+04  1.080389e+05  1.359880e+04  2.043360e+03  1.876780e+00  1.873415e+00  3.365000e-03  8.277067e+00  8.277067e+00  2.078780e-01  1.793000e-03  3.349026e-01  7.402629e-01  7.402630e-01  8.666708e-03  1.371440e+00  6.267269e+05  5.093583e+02  2.521270e+57  1.680223e+51  4.332151e-06  -1.032814e+100  1.000000e+00  -1.000000e+00  1.000000e+00
2.043360e+03  1.587372e+04  1.080389e+05  1.541306e+04  2.043360e+03  1.856941e+00  1.853783e+00  3.158000e-03  8.235670e+00  8.235670e+00  2.035200e-01  1.700000e-03  3.330280e-01  7.304664e-01  7.304665e-01  8.769178e-03  1.427089e+00  6.216023e+05  4.777786e+02  2.476718e+57  1.576376e+51  4.076094e-06  -8.018532e+99  1.000000e+00  -1.000000e+00  1.000000e+00
2.043360e+03  1.793002e+04  1.080389e+05  1.746936e+04  2.043360e+03  1.838758e+00  1.835810e+00  2.947000e-03  8.200434e+00  8.200434e+00  1.988970e-01  1.603000e-03  3.311840e-01  7.209894e-01  7.209895e-01  8.883568e-03  1.486427e+00  6.173710e+05  4.457511e+02  2.441279e+57  1.471018e+51  4.147835e-06  -5.521649e+99  1.000000e+00  -1.000000e+00  1.000000e+00
2.043360e+03  2.025605e+04  1.080389e+05  1.979538e+04  2.043360e+03  1.822320e+00  1.819584e+00  2.736000e-03  8.171338e+00  8.171338e+00  1.940290e-01  1.502000e-03  3.293921e-01  7.119275e-01  7.119276e-01  9.002811e-03  1.547792e+00  6.133303e+05  4.136243e+02  2.409352e+57  1.365294e+51  4.035896e-06  -4.525345e+99  1.000000e+00  -1.000000e+00  1.000000e+00
2.807216e+03  4.714565e+02  1.105765e+05  1.079880e+01  2.807216e+03  1.822600e-02  9.185000e-03  9.041000e-03  3.056416e+01  3.056416e+01  2.872340e-01  4.960600e-01  8.807745e-04  8.819399e-04  8.819476e-04  7.443882e-03  9.366802e+12  1.362283e+03  1.389521e+03  1.099189e+55  5.271685e+51  6.743556e-06  0.000000e+00  1.000000e+00  -1.000000e+00  1.000000e+00
2.807216e+03  4.728972e+02  1.105765e+05  1.223950e+01  2.807216e+03  1.081410e-01  9.910700e-02  9.034000e-03  6.196319e+01  6.196319e+01  2.871600e-01  8.354100e-02  2.577745e-03  2.587756e-03  2.587759e-03  4.878405e-02  2.858028e+11  1.469689e+04  1.388424e+03  1.184065e+56  5.266926e+51  6.520945e-06  4.342244e+103  1.000000e+00  1.000000e+00  1.000000e+00
2.807216e+03  4.745300e+02  1.105765e+05  1.387240e+01  2.807216e+03  1.104350e-01  1.014080e-01  9.028000e-03  5.639279e+01  5.639279e+01  2.870910e-01  8.174500e-02  2.892447e-03  2.905057e-03  2.905062e-03  4.605365e-02  1.516505e+11  1.504998e+04  1.387400e+03  1.212881e+56  5.262873e+51  6.501700e-06  -1.389102e+103  1.000000e+00  -1.000000e+00  1.000000e+00
2.807216e+03  4.763807e+02  1.105765e+05  1.572320e+01  2.807216e+03  6.424400e-02  5.522300e-02  9.021000e-03  3.587821e+01  3.587821e+01  2.870260e-01  1.404250e-01  2.644744e-03  2.655282e-03  2.655289e-03  1.912385e-02  9.853180e+10  8.219010e+03  1.386472e+03  6.671215e+55  5.259538e+51  4.456478e-06  -1.638209e+103  1.000000e+00  -1.000000e+00  1.000000e+00
2.807216e+03  4.784787e+02  1.105765e+05  1.782080e+01  2.807216e+03  6.479600e-02  5.578000e-02  9.016000e-03  2.036393e+01  2.036393e+01  2.869690e-01  1.391480e-01  4.699663e-03  4.733055e-03  4.733067e-03  1.042945e-02  3.032780e+09  8.342479e+03  1.385673e+03  6.873387e+55  5.256972e+51  4.566710e-06  6.935302e+102  1.000000e+00  1.000000e+00  1.000000e+00
2.807216e+03  4.808563e+02  1.105765e+05  2.019840e+01  2.807216e+03  8.840700e-02  7.939500e-02  9.012000e-03  1.486926e+01  1.486926e+01  2.869240e-01  1.019400e-01  8.781676e-03  8.899072e-03  8.899089e-03  1.952173e-02  2.492639e+08  1.193107e+04  1.385055e+03  9.912557e+55  5.255218e+51  6.562630e-06  1.536921e+103  1.000000e+00  1.000000e+00  1.000000e+00
2.807216e+03  4.835509e+02  1.105765e+05  2.289310e+01  2.807216e+03  1.228040e-01  1.137950e-01  9.010000e-03  1.272048e+01  1.272048e+01  2.868960e-01  7.336600e-02  1.425909e-02  1.457151e-02  1.457153e-02  4.024008e-02  4.551024e+07  1.719399e+04  1.384676e+03  1.426594e+56  5.254181e+51  6.507014e-06  1.788551e+103  1.000000e+00  1.000000e+00  1.000000e+00
2.807216e+03  4.866048e+02  1.105765e+05  2.594730e+01  2.807216e+03  1.654380e-01  1.564300e-01  9.008000e-03  1.178603e+01  1.178603e+01  2.868810e-01  5.445100e-02  2.073242e-02  2.140029e-02  2.140031e-02  6.651789e-02  1.157717e+07  2.378334e+04  1.384457e+03  1.956135e+56  5.253358e+51  6.434189e-06  1.879333e+103  1.000000e+00  1.000000e+00  1.000000e+00
2.807216e+03  4.900671e+02  1.105765e+05  2.940900e+01  2.807216e+03  2.155040e-01  2.064980e-01  9.007000e-03  1.133544e+01  1.133544e+01  2.868640e-01  4.179400e-02  2.808012e-02  2.932108e-02  2.932110e-02  9.241230e-02  3.528850e+06  3.161716e+04  1.384210e+03  2.572694e+56  5.252426e+51  6.351581e-06  1.958103e+103  1.000000e+00  1.000000e+00  1.000000e+00
2.807216e+03  4.939909e+02  1.105765e+05  3.333260e+01  2.807216e+03  2.754910e-01  2.664860e-01  9.005000e-03  1.113893e+01  1.113893e+01  2.868460e-01  3.268700e-02  3.652971e-02  3.866154e-02  3.866157e-02  1.159430e-01  1.188267e+06  4.113401e+04  1.383932e+03  3.312599e+56  5.251377e+51  6.258644e-06  2.047891e+103  1.000000e+00  1.000000e+00  1.000000e+00
2.807216e+03  4.984378e+02  1.105765e+05  3.777960e+01  2.807216e+03  3.451790e-01  3.361760e-01  9.003000e-03  1.110754e+01  1.110754e+01  2.868240e-01  2.608200e-02  4.589949e-02  4.932255e-02  4.932258e-02  1.355185e-01  4.434664e+05  5.236373e+04  1.383616e+03  4.178328e+56  5.250183e+51  6.156058e-06  2.006860e+103  1.000000e+00  1.000000e+00  1.000000e+00
2.807216e+03  5.034775e+02  1.105765e+05  4.281980e+01  2.807216e+03  4.174420e-01  4.084420e-01  9.001000e-03  1.115553e+01  1.115553e+01  2.868000e-01  2.156100e-02  5.526981e-02  6.031937e-02  6.031940e-02  1.489659e-01  1.925552e+05  6.420358e+04  1.383258e+03  5.083496e+56  5.248832e+51  6.015298e-06  1.532004e+103  1.000000e+00  1.000000e+00  1.000000e+00
2.807216e+03  5.091908e+02  1.105765e+05  4.853260e+01  2.807216e+03  4.637780e-01  4.547800e-01  8.998000e-03  1.111347e+01  1.111347e+01  2.867720e-01  1.940100e-02  6.163704e-02  6.799219e-02  6.799221e-02  1.514693e-01  1.135055e+05  7.198193e+04  1.382852e+03  5.666510e+56  5.247298e+51  5.568887e-06  7.411942e+102  1.000000e+00  1.000000e+00  1.000000e+00
2.807216e+03  5.156662e+02  1.105765e+05  5.500740e+01  2.807216e+03  4.808550e-01  4.718600e-01  8.995000e-03  1.082578e+01  1.082578e+01  2.867410e-01  1.870600e-02  6.560501e-02  7.285887e-02  7.285890e-02  1.408780e-01  7.727869e+04  7.513832e+04  1.382393e+03  5.876035e+56  5.245564e+51  5.403593e-06  4.485448e+102  1.000000e+00  1.000000e+00  1.000000e+00
2.807216e+03  5.230050e+02  1.105765e+05  6.234610e+01  2.807216e+03  5.119010e-01  5.029090e-01  8.992000e-03  1.044807e+01  1.044807e+01  2.867050e-01  1.756500e-02  7.236550e-02  8.130606e-02  8.130609e-02  1.275122e-01  4.283638e+04  8.089917e+04  1.381873e+03  6.264681e+56  5.243601e+51  5.437345e-06  7.453978e+102  1.000000e+00  1.000000e+00  1.000000e+00
2.807216e+03  5.313221e+02  1.105765e+05  7.066390e+01  2.807216e+03  5.703160e-01  5.613290e-01  8.988000e-03  1.014190e+01  1.014190e+01  2.866650e-01  1.576000e-02  8.305741e-02  9.508259e-02  9.508262e-02  1.177885e-01  1.986631e+04  9.147250e+04  1.381284e+03  7.003791e+56  5.241377e+51  5.483423e-06  1.078876e+103  1.000000e+00  1.000000e+00  1.000000e+00
2.807216e+03  5.407496e+02  1.105765e+05  8.009140e+01  2.807216e+03  6.535030e-01  6.445190e-01  8.984000e-03  9.962251e+00  9.962251e+00  2.866190e-01  1.374700e-02  9.688838e-02  1.137106e-01  1.137106e-01  1.119316e-01  8.739830e+03  1.068129e+05  1.380615e+03  8.086506e+56  5.238851e+51  5.338768e-06  1.294704e+103  1.000000e+00  1.000000e+00  1.000000e+00
2.807216e+03  5.514360e+02  1.105765e+05  9.077660e+01  2.807216e+03  7.556020e-01  7.466230e-01  8.979000e-03  9.895565e+00  9.895565e+00  2.865680e-01  1.188300e-02  1.127805e-01  1.363350e-01  1.363351e-01  1.079725e-01  3.945060e+03  1.263291e+05  1.379860e+03  9.461137e+56  5.236001e+51  5.195978e-06  1.373605e+103  1.000000e+00  1.000000e+00  1.000000e+00
2.807216e+03  5.635472e+02  1.105765e+05  1.028874e+02  2.807216e+03  8.710410e-01  8.620680e-01  8.973000e-03  9.908530e+00  9.908530e+00  2.865090e-01  1.030200e-02  1.298408e-01  1.622263e-01  1.622264e-01  1.041041e-01  1.880711e+03  1.487236e+05  1.379005e+03  1.102250e+57  5.232773e+51  5.067969e-06  1.355244e+103  1.000000e+00  1.000000e+00  1.000000e+00
2.807216e+03  5.772730e+02  1.105765e+05  1.166139e+02  2.807216e+03  9.951220e-01  9.861550e-01  8.967000e-03  9.970792e+00  9.970792e+00  2.864430e-01  9.011000e-03  1.474105e-01  1.908315e-01  1.908315e-01  9.937606e-02  9.517850e+02  1.736859e+05  1.378038e+03  1.273963e+57  5.229121e+51  4.822781e-06  1.309647e+103  1.000000e+00  1.000000e+00  1.000000e+00
2.807216e+03  5.928297e+02  1.105765e+05  1.321717e+02  2.807216e+03  1.123894e+00  1.114933e+00  8.960000e-03  1.005959e+01  1.005959e+01  2.863680e-01  7.972000e-03  1.650162e-01  2.217239e-01  2.217240e-01  9.351862e-02  5.095309e+02  2.013279e+05  1.376940e+03  1.461404e+57  5.224978e+51  4.641640e-06  1.208008e+103  1.000000e+00  1.000000e+00  1.000000e+00
2.807216e+03  6.104652e+02  1.105765e+05  1.498051e+02  2.807216e+03  1.253983e+00  1.245031e+00  8.952000e-03  1.015930e+01  1.015930e+01  2.862840e-01  7.139000e-03  1.823095e-01  2.545354e-01  2.545354e-01  8.676476e-02  2.872124e+02  2.294610e+05  1.375699e+03  1.647541e+57  5.220292e+51  4.437068e-06  1.088212e+103  1.000000e+00  1.000000e+00  1.000000e+00
2.807216e+03  6.304521e+02  1.105765e+05  1.697911e+02  2.807216e+03  1.382516e+00  1.373573e+00  8.943000e-03  1.025923e+01  1.025923e+01  2.861870e-01  6.469000e-03  1.990385e-01  2.889307e-01  2.889307e-01  7.939039e-02  1.694306e+02  2.598120e+05  1.374293e+03  1.844760e+57  5.214981e+51  4.169314e-06  9.775102e+102  1.000000e+00  1.000000e+00  1.000000e+00
2.807216e+03  6.531038e+02  1.105765e+05  1.924434e+02  2.807216e+03  1.507059e+00  1.498126e+00  8.933000e-03  1.035225e+01  1.035225e+01  2.860790e-01  5.927000e-03  2.150192e-01  3.245769e-01  3.245770e-01  7.187075e-02  1.042505e+02  2.901638e+05  1.372704e+03  2.036071e+57  5.208983e+51  3.950935e-06  8.477835e+102  1.000000e+00  1.000000e+00  1.000000e+00
2.807216e+03  6.787757e+02  1.105765e+05  2.181178e+02  2.807216e+03  1.625614e+00  1.616692e+00  8.921000e-03  1.043380e+01  1.043380e+01  2.859550e-01  5.488000e-03  2.301210e-01  3.611327e-01  3.611328e-01  6.450265e-02  6.663550e+01  3.214149e+05  1.370906e+03  2.227892e+57  5.202194e+51  3.711525e-06  7.284700e+102  1.000000e+00  1.000000e+00  1.000000e+00
2.807216e+03  7.078781e+02  1.105765e+05  2.472176e+02  2.807216e+03  1.736584e+00  1.727676e+00  8.908000e-03  1.050087e+01  1.050087e+01  2.858160e-01  5.130000e-03  2.442599e-01  3.982525e-01  3.982526e-01  5.752149e-02  4.410461e+01  3.519787e+05  1.368871e+03  2.408182e+57  5.194513e+51  3.506274e-06  6.058500e+102  1.000000e+00  1.000000e+00  1.000000e+00
2.807216e+03  7.408620e+02  1.105765e+05  2.801996e+02  2.807216e+03  1.838775e+00  1.829881e+00  8.894000e-03  1.055198e+01  1.055198e+01  2.856580e-01  4.837000e-03  2.573809e-01  4.355640e-01  4.355640e-01  5.107713e-02  3.014591e+01  3.821884e+05  1.366574e+03  2.579457e+57  5.185838e+51  3.269098e-06  5.012301e+102  1.000000e+00  1.000000e+00  1.000000e+00
2.807216e+03  7.782441e+02  1.105765e+05  3.175819e+02  2.807216e+03  1.931352e+00  1.922475e+00  8.877000e-03  1.058591e+01  1.058591e+01  2.854800e-01  4.596000e-03  2.694727e-01  4.727323e-01  4.727323e-01  4.524511e-02  2.122818e+01  4.115004e+05  1.363978e+03  2.737836e+57  5.176038e+51  3.051309e-06  4.033735e+102  1.000000e+00  1.000000e+00  1.000000e+00
2.807216e+03  8.206108e+02  1.105765e+05  3.599514e+02  2.807216e+03  2.013819e+00  2.004961e+00  8.858000e-03  1.060297e+01  1.060297e+01  2.852780e-01  4.399000e-03  2.805269e-01  5.093651e-01  5.093652e-01  4.004733e-02  1.536786e+01  4.394683e+05  1.361047e+03  2.880186e+57  5.164966e+51  2.784734e-06  3.248729e+102  1.000000e+00  1.000000e+00  1.000000e+00
2.807216e+03  8.686339e+02  1.105765e+05  4.079736e+02  2.807216e+03  2.085971e+00  2.077134e+00  8.837000e-03  1.060339e+01  1.060339e+01  2.850490e-01  4.236000e-03  2.905661e-01  5.451177e-01  5.451177e-01  3.546587e-02  1.141522e+01  4.669764e+05  1.357735e+03  3.013676e+57  5.152460e+51  2.526420e-06  2.569132e+102  1.000000e+00  1.000000e+00  1.000000e+00
2.807216e+03  9.230662e+02  1.105765e+05  4.624025e+02  2.807216e+03  2.147842e+00  2.139029e+00  8.813000e-03  1.058781e+01  1.058781e+01  2.847910e-01  4.103000e-03  2.996250e-01  5.796584e-01  5.796585e-01  3.146543e-02  8.686447e+00  4.923682e+05  1.353997e+03  3.126403e+57  5.138347e+51  2.276941e-06  1.956705e+102  1.000000e+00  1.000000e+00  1.000000e+00
2.807216e+03  9.847572e+02  1.105765e+05  5.240930e+02  2.807216e+03  2.199678e+00  2.190892e+00  8.786000e-03  1.055723e+01  1.055723e+01  2.844990e-01  3.994000e-03  3.077447e-01  6.126712e-01  6.126713e-01  2.799170e-02  6.760690e+00  5.167888e+05  1.349781e+03  3.227658e+57  5.122424e+51  2.023424e-06  1.457446e+102  1.000000e+00  1.000000e+00  1.000000e+00
2.807216e+03  1.054675e+03  1.105765e+05  5.940138e+02  2.807216e+03  2.241880e+00  2.233124e+00  8.755000e-03  1.051281e+01  1.051281e+01  2.841700e-01  3.905000e-03  3.149741e-01  6.438749e-01  6.438750e-01  2.499185e-02  5.374407e+00  5.386092e+05  1.345031e+03  3.306014e+57  5.104487e+51  1.772132e-06  1.020007e+102  1.000000e+00  1.000000e+00  1.000000e+00
2.807216e+03  1.133922e+03  1.105765e+05  6.732629e+02  2.807216e+03  2.274969e+00  2.266248e+00  8.721000e-03  1.045592e+01  1.045592e+01  2.837980e-01  3.833000e-03  3.213621e-01  6.730086e-01  6.730087e-01  2.240856e-02  4.358533e+00  5.590381e+05  1.339679e+03  3.371294e+57  5.084276e+51  1.452922e-06  7.359296e+101  1.000000e+00  1.000000e+00  1.000000e+00
2.807216e+03  1.223749e+03  1.105765e+05  7.630849e+02  2.807216e+03  2.299548e+00  2.290866e+00  8.682000e-03  1.038765e+01  1.038765e+01  2.833780e-01  3.776000e-03  3.269694e-01  6.999005e-01  6.999007e-01  2.018743e-02  3.601327e+00  5.779828e+05  1.333657e+03  3.423726e+57  5.061533e+51  1.160994e-06  4.596089e+101  1.000000e+00  1.000000e+00  1.000000e+00
2.807216e+03  1.325556e+03  1.105765e+05  8.648903e+02  2.807216e+03  2.316282e+00  2.307643e+00  8.639000e-03  1.030959e+01  1.030959e+01  2.829040e-01  3.730000e-03  3.318421e-01  7.243536e-01  7.243537e-01  1.828041e-02  3.028504e+00  5.939975e+05  1.326886e+03  3.453285e+57  5.035960e+51  8.450794e-07  2.303322e+101  1.000000e+00  1.000000e+00  1.000000e+00
2.807216e+03  1.440942e+03  1.105765e+05  9.802778e+02  2.807216e+03  2.325860e+00  2.317270e+00  8.590000e-03  1.022294e+01  1.022294e+01  2.823690e-01  3.693000e-03  3.360388e-01  7.462824e-01  7.462825e-01  1.664602e-02  2.589835e+00  6.084107e+05  1.319280e+03  3.470905e+57  5.007233e+51  4.420344e-07  1.052279e+101  1.000000e+00  1.000000e+00  1.000000e+00
2.807216e+03  1.571717e+03  1.105765e+05  1.111060e+03  2.807216e+03  2.328984e+00  2.320449e+00  8.535000e-03  1.012912e+01  1.012912e+01  2.817670e-01  3.665000e-03  3.396067e-01  7.655985e-01  7.655986e-01  1.526000e-02  2.252050e+00  6.212383e+05  1.310745e+03  3.477326e+57  4.974997e+51  -1.188615e-08  1.216786e+100  -1.000000e+00  1.000000e+00  1.000000e+00
2.807216e+03  1.719954e+03  1.105765e+05  1.259289e+03  2.807216e+03  2.326350e+00  2.317876e+00  8.474000e-03  1.002937e+01  1.002937e+01  2.810900e-01  3.643000e-03  3.425965e-01  7.822874e-01  7.822876e-01  1.407693e-02  1.988355e+00  6.324481e+05  1.301184e+03  3.473193e+57  4.938881e+51  -5.352424e-07  -5.192081e+100  -1.000000e+00  -1.000000e+00  1.000000e+00
2.807216e+03  1.887962e+03  1.105765e+05  1.427295e+03  2.807216e+03  2.318633e+00  2.310227e+00  8.405000e-03  9.924948e+00  9.924948e+00  2.803280e-01  3.625000e-03  3.450526e-01  7.963580e-01  7.963581e-01  1.306348e-02  1.780488e+00  6.421632e+05  1.290487e+03  3.460200e+57  4.898472e+51  -1.370383e-06  -1.195272e+101  -1.000000e+00  -1.000000e+00  1.000000e+00
2.807216e+03  2.078381e+03  1.105765e+05  1.617714e+03  2.807216e+03  2.306486e+00  2.298158e+00  8.328000e-03  9.817158e+00  9.817158e+00  2.794720e-01  3.611000e-03  3.470138e-01  8.078355e-01  8.078356e-01  1.220066e-02  1.616375e+00  6.490151e+05  1.278540e+03  3.428699e+57  4.853337e+51  -2.078951e-06  -1.506476e+101  -1.000000e+00  -1.000000e+00  1.000000e+00
2.807216e+03  2.294199e+03  1.105765e+05  1.833538e+03  2.807216e+03  2.290529e+00  2.282286e+00  8.243000e-03  9.706951e+00  9.706951e+00  2.785110e-01  3.599000e-03  3.485255e-01  8.168341e-01  8.168342e-01  1.146704e-02  1.486607e+00  6.557429e+05  1.265220e+03  3.399623e+57  4.803012e+51  -3.799535e-06  -1.545327e+101  -1.000000e+00  -1.000000e+00  1.000000e+00
2.807216e+03  2.538819e+03  1.105765e+05  2.078156e+03  2.807216e+03  2.271346e+00  2.263198e+00  8.148000e-03  9.595634e+00  9.595634e+00  2.774330e-01  3.587000e-03  3.496159e-01  8.234090e-01  8.234092e-01  1.084417e-02  1.384030e+00  6.598654e+05  1.250401e+03  3.354975e+57  4.747017e+51  -6.328395e-06  -1.753019e+101  -1.000000e+00  -1.000000e+00  1.000000e+00
2.807216e+03  2.816077e+03  1.105765e+05  2.355409e+03  2.807216e+03  2.249480e+00  2.241438e+00  8.042000e-03  9.484044e+00  9.484044e+00  2.762270e-01  3.575000e-03  3.503243e-01  8.277187e-01  8.277188e-01  1.031739e-02  1.303548e+00  6.627955e+05  1.233948e+03  3.305713e+57  4.684847e+51  -7.880482e-06  -1.549398e+101  -1.000000e+00  -1.000000e+00  1.000000e+00
2.807216e+03  3.130319e+03  1.105765e+05  2.669651e+03  2.807216e+03  2.225438e+00  2.217513e+00  7.925000e-03  9.373195e+00  9.373195e+00  2.748790e-01  3.561000e-03  3.506788e-01  8.298868e-01  8.298869e-01  9.877712e-03  1.241701e+00  6.657257e+05  1.215735e+03  3.261037e+57  4.616015e+51  -3.325099e-05  -1.422946e+101  -1.000000e+00  -1.000000e+00  1.000000e+00
2.807216e+03  3.486480e+03  1.105765e+05  3.025817e+03  2.807216e+03  2.199689e+00  2.191894e+00  7.795000e-03  9.263936e+00  9.263936e+00  2.733740e-01  3.544000e-03  3.507094e-01  8.300745e-01  8.300746e-01  9.511832e-03  1.195199e+00  6.664073e+05  1.195630e+03  3.204329e+57  4.540020e+51  1.959201e-04  -1.422290e+101  1.000000e+00  -1.000000e+00  1.000000e+00
2.807216e+03  3.890162e+03  1.105765e+05  3.429500e+03  2.807216e+03  2.172663e+00  2.165010e+00  7.653000e-03  9.157040e+00  9.157040e+00  2.716990e-01  3.522000e-03  3.504442e-01  8.284510e-01  8.284512e-01  9.208537e-03  1.161442e+00  6.661551e+05  1.173503e+03  3.145594e+57  4.456372e+51  8.403567e-05  -1.269093e+101  1.000000e+00  -1.000000e+00  1.000000e+00
2.807216e+03  4.347708e+03  1.105765e+05  3.887040e+03  2.807216e+03  2.144751e+00  2.137255e+00  7.497000e-03  9.053194e+00  9.053194e+00  2.698360e-01  3.495000e-03  3.499103e-01  8.251964e-01  8.251965e-01  8.968992e-03  1.139886e+00  6.650604e+05  1.149238e+03  3.085533e+57  4.364627e+51  2.130747e-05  -1.115851e+101  1.000000e+00  -1.000000e+00  1.000000e+00
2.807216e+03  4.866291e+03  1.105765e+05  4.405622e+03  2.807216e+03  2.116315e+00  2.108989e+00  7.326000e-03  8.953022e+00  8.953022e+00  2.677710e-01  3.462000e-03  3.491341e-01  8.204951e-01  8.204953e-01  8.779064e-03  1.128247e+00  6.632218e+05  1.122730e+03  3.024877e+57  4.264390e+51  1.360464e-05  -9.675778e+100  1.000000e+00  -1.000000e+00  1.000000e+00
2.807216e+03  5.454054e+03  1.105765e+05  4.993389e+03  2.807216e+03  2.087681e+00  2.080541e+00  7.140000e-03  8.857140e+00  8.857140e+00  2.654870e-01  3.420000e-03  3.481387e-01  8.145186e-01  8.145187e-01  8.635023e-03  1.125649e+00  6.607372e+05  1.093900e+03  2.964260e+57  4.155345e+51  9.745181e-06  -8.710463e+100  1.000000e+00  -1.000000e+00  1.000000e+00
2.807216e+03  6.120229e+03  1.105765e+05  5.659571e+03  2.807216e+03  2.059145e+00  2.052206e+00  6.939000e-03  8.766034e+00  8.766034e+00  2.629670e-01  3.370000e-03  3.469488e-01  8.074512e-01  8.074513e-01  8.533281e-03  1.131603e+00  6.567592e+05  1.062682e+03  2.897255e+57  4.037253e+51  7.627623e-06  -7.458231e+100  1.000000e+00  -1.000000e+00  1.000000e+00
2.807216e+03  6.875298e+03  1.105765e+05  6.414631e+03  2.807216e+03  2.030974e+00  2.024252e+00  6.722000e-03  8.680115e+00  8.680115e+00  2.601960e-01  3.310000e-03  3.455895e-01  7.994781e-01  7.994783e-01  8.467024e-03  1.145064e+00  6.533027e+05  1.029060e+03  2.838782e+57  3.910030e+51  7.626140e-06  -5.817255e+100  1.000000e+00  -1.000000e+00  1.000000e+00
2.807216e+03  7.731096e+03  1.105765e+05  7.270426e+03  2.807216e+03  2.003409e+00  1.996919e+00  6.489000e-03  8.599694e+00  8.599694e+00  2.571590e-01  3.239000e-03  3.440869e-01  7.907860e-01  7.907862e-01  8.434240e-03  1.165792e+00  6.494742e+05  9.930454e+02  2.781954e+57  3.773728e+51  6.806757e-06  -4.798678e+100  1.000000e+00  -1.000000e+00  1.000000e+00
2.807216e+03  8.701063e+03  1.105765e+05  8.240395e+03  2.807216e+03  1.976665e+00  1.970424e+00  6.242000e-03  8.525199e+00  8.525199e+00  2.538420e-01  3.158000e-03  3.424603e-01  7.815172e-01  7.815173e-01  8.433872e-03  1.193670e+00  6.453709e+05  9.546980e+02  2.727267e+57  3.628558e+51  5.798071e-06  -4.110790e+100  1.000000e+00  -1.000000e+00  1.000000e+00
2.807216e+03  9.800430e+03  1.105765e+05  9.339770e+03  2.807216e+03  1.950936e+00  1.944957e+00  5.979000e-03  8.456815e+00  8.456815e+00  2.502340e-01  3.065000e-03  3.407359e-01  7.718463e-01  7.718464e-01  8.458328e-03  1.227751e+00  6.402401e+05  9.141347e+02  2.668831e+57  3.474957e+51  5.269783e-06  -3.348784e+100  1.000000e+00  -1.000000e+00  1.000000e+00
2.807216e+03  1.104648e+04  1.105765e+05  1.058582e+04  2.807216e+03  1.926390e+00  1.920686e+00  5.703000e-03  8.394705e+00  8.394705e+00  2.463250e-01  2.961000e-03  3.389381e-01  7.619295e-01  7.619296e-01  8.507601e-03  1.267990e+00  6.358381e+05  8.715241e+02  2.619517e+57  3.313557e+51  5.343103e-06  -2.494185e+100  1.000000e+00  -1.000000e+00  1.000000e+00
2.807216e+03  1.245877e+04  1.105765e+05  1.199810e+04  2.807216e+03  1.903174e+00  1.897758e+00  5.416000e-03  8.338953e+00  8.338953e+00  2.421080e-01  2.846000e-03  3.370921e-01  7.519185e-01  7.519186e-01  8.575912e-03  1.313528e+00  6.313844e+05  8.270917e+02  2.573200e+57  3.145204e+51  5.006052e-06  -1.957119e+100  1.000000e+00  -1.000000e+00  1.000000e+00
2.807216e+03  1.405947e+04  1.105765e+05  1.359880e+04  2.807216e+03  1.881414e+00  1.876296e+00  5.118000e-03  8.289604e+00  8.289604e+00  2.375810e-01  2.720000e-03  3.352218e-01  7.419476e-01  7.419477e-01  8.660339e-03  1.363882e+00  6.269451e+05  7.811261e+02  2.530082e+57  2.970987e+51  4.415834e-06  -1.605972e+100  1.000000e+00  -1.000000e+00  1.000000e+00
2.807216e+03  1.587372e+04  1.105765e+05  1.541306e+04  2.807216e+03  1.861216e+00  1.856404e+00  4.811000e-03  8.246623e+00  8.246623e+00  2.327450e-01  2.585000e-03  3.333513e-01  7.321443e-01  7.321444e-01  8.761207e-03  1.418933e+00  6.218328e+05  7.339645e+02  2.484724e+57  2.792174e+51  4.152108e-06  -1.251035e+100  1.000000e+00  -1.000000e+00  1.000000e+00
2.807216e+03  1.793002e+04  1.105765e+05  1.746936e+04  2.807216e+03  1.842665e+00  1.838165e+00  4.500000e-03  8.209985e+00  8.209985e+00  2.276050e-01  2.442000e-03  3.315017e-01  7.226110e-01  7.226110e-01  8.869306e-03  1.476880e+00  6.176146e+05  6.859937e+02  2.448555e+57  2.610229e+51  4.226427e-06  -8.649019e+99  1.000000e+00  -1.000000e+00  1.000000e+00
2.807216e+03  2.025605e+04  1.105765e+05  1.979538e+04  2.807216e+03  1.825856e+00  1.821670e+00  4.186000e-03  8.179478e+00  8.179478e+00  2.221830e-01  2.293000e-03  3.297027e-01  7.134881e-01  7.134882e-01  8.986978e-03  1.537824e+00  6.135726e+05  6.377281e+02  2.415869e+57  2.427100e+51  4.109576e-06  -7.116318e+99  1.000000e+00  -1.000000e+00  1.000000e+00
3.856620e+03  2.035396e+02  1.134569e+05  7.416700e+00  3.856620e+03  1.330700e-02  3.200000e-05  1.327500e-02  5.497880e-01  5.497880e-01  3.243360e-01  9.975980e-01  3.574890e-02  3.778773e-02  3.778840e-02  7.481598e-03  8.549971e+04  5.009260e+00  2.066342e+03  3.980625e+52  9.016269e+51  6.320635e-06  0.000000e+00  1.000000e+00  -1.000000e+00  0.000000e+00
3.856620e+03  2.102287e+02  1.134569e+05  8.406200e+00  3.856620e+03  1.331500e-02  4.200000e-05  1.327300e-02  6.247860e-01  6.247860e-01  3.243210e-01  9.968600e-01  3.147655e-02  3.304523e-02  3.304591e-02  3.995158e-03  8.617594e+04  6.562378e+00  2.066052e+03  5.218866e+52  9.015067e+51  6.336919e-06  0.000000e+00  1.000000e+00  -1.000000e+00  0.000000e+00
3.856620e+03  2.171631e+02  1.134569e+05  9.527700e+00  3.856620e+03  1.332900e-02  5.800000e-05  1.327100e-02  7.350070e-01  7.350070e-01  3.243060e-01  9.956850e-01  2.678416e-02  2.791065e-02  2.791114e-02  1.864434e-03  9.016909e+04  9.028438e+00  2.065758e+03  7.193783e+52  9.013823e+51  6.425546e-06  0.000000e+00  1.000000e+00  -1.000000e+00  0.000000e+00
3.856620e+03  4.714565e+02  1.134569e+05  1.079880e+01  3.856620e+03  1.334000e-02  7.500000e-05  1.326500e-02  8.420420e-01  8.420420e-01  3.242600e-01  9.943800e-01  2.340012e-02  2.425487e-02  2.425533e-02  1.036072e-03  9.847424e+04  1.175097e+01  2.064849e+03  9.381022e+52  9.009015e+51  6.506343e-06  1.793695e+100  1.000000e+00  1.000000e+00  1.000000e+00
3.856620e+03  4.728972e+02  1.134569e+05  1.223950e+01  3.856620e+03  1.335300e-02  9.500000e-05  1.325700e-02  9.488060e-01  9.488060e-01  3.241970e-01  9.928650e-01  2.078618e-02  2.145758e-02  2.145796e-02  6.669369e-04  1.145855e+05  1.490014e+01  2.063580e+03  1.191277e+53  9.002586e+51  6.533335e-06  -5.716798e+100  1.000000e+00  -1.000000e+00  1.000000e+00
3.856620e+03  4.745300e+02  1.134569e+05  1.387240e+01  3.856620e+03  1.337700e-02  1.280000e-04  1.325000e-02  1.108168e+00  1.108168e+00  3.241330e-01  9.904360e-01  1.782997e-02  1.832146e-02  1.832178e-02  4.377705e-04  1.619653e+05  1.993632e+01  2.062339e+03  1.597533e+53  8.996705e+51  6.523412e-06  -2.539653e+100  1.000000e+00  -1.000000e+00  1.000000e+00
3.856620e+03  4.763807e+02  1.134569e+05  1.572320e+01  3.856620e+03  1.342700e-02  1.850000e-04  1.324200e-02  1.367969e+00  1.367969e+00  3.240700e-01  9.861910e-01  1.449743e-02  1.482051e-02  1.482078e-02  3.301425e-04  3.436752e+05  2.876705e+01  2.061131e+03  2.313039e+53  8.991376e+51  6.528084e-06  4.997912e+100  1.000000e+00  1.000000e+00  1.000000e+00
3.856620e+03  4.784787e+02  1.134569e+05  1.782080e+01  3.856620e+03  1.353700e-02  3.030000e-04  1.323400e-02  1.855130e+00  1.855130e+00  3.240100e-01  9.776500e-01  1.077775e-02  1.095517e-02  1.095537e-02  3.200508e-04  1.466255e+06  4.667879e+01  2.059991e+03  3.771799e+53  8.986717e+51  6.560885e-06  1.487435e+101  1.000000e+00  1.000000e+00  1.000000e+00
3.856620e+03  4.808563e+02  1.134569e+05  2.019840e+01  3.856620e+03  1.384000e-02  6.130000e-04  1.322800e-02  3.031627e+00  3.031627e+00  3.239530e-01  9.557330e-01  6.742980e-03  6.811957e-03  6.812075e-03  3.955162e-04  1.891443e+07  9.362146e+01  2.058953e+03  7.612591e+53  8.982835e+51  6.619164e-06  6.092187e+101  1.000000e+00  1.000000e+00  1.000000e+00
3.856620e+03  4.835509e+02  1.134569e+05  2.289310e+01  3.856620e+03  1.536800e-02  2.146000e-03  1.322200e-02  7.872079e+00  7.872079e+00  3.239050e-01  8.603630e-01  2.883397e-03  2.895929e-03  2.895971e-03  1.145002e-03  3.829476e+09  3.234570e+02  2.058072e+03  2.638476e+54  8.979825e+51  6.675082e-06  5.362063e+102  1.000000e+00  1.000000e+00  1.000000e+00
3.856620e+03  4.866048e+02  1.134569e+05  2.594730e+01  3.856620e+03  3.223000e-02  1.901200e-02  1.321800e-02  2.247040e+01  2.247040e+01  3.238680e-01  4.101040e-01  2.118504e-03  2.125260e-03  2.125276e-03  9.263590e-03  1.447251e+11  2.836154e+03  2.057413e+03  2.302928e+55  8.977699e+51  6.684589e-06  1.134121e+103  1.000000e+00  1.000000e+00  1.000000e+00
3.856620e+03  4.900671e+02  1.134569e+05  2.940900e+01  3.856620e+03  5.484900e-02  4.163400e-02  1.321500e-02  1.590936e+01  1.590936e+01  3.238470e-01  2.409350e-01  5.092090e-03  5.131317e-03  5.131340e-03  1.136363e-02  2.212775e+09  6.239552e+03  2.057008e+03  5.138205e+55  8.976112e+51  6.626053e-06  1.607446e+103  1.000000e+00  1.000000e+00  1.000000e+00
3.856620e+03  4.939909e+02  1.134569e+05  3.333260e+01  3.856620e+03  9.522400e-02  8.201100e-02  1.321300e-02  1.233131e+01  1.233131e+01  3.238260e-01  1.387530e-01  1.140558e-02  1.160450e-02  1.160453e-02  3.166806e-02  1.093807e+08  1.236782e+04  2.056613e+03  1.025732e+56  8.974399e+51  6.552298e-06  2.202689e+103  1.000000e+00  1.000000e+00  1.000000e+00
3.856620e+03  4.984378e+02  1.134569e+05  3.777960e+01  3.856620e+03  1.514400e-01  1.382300e-01  1.321000e-02  1.122161e+01  1.122161e+01  3.238030e-01  8.722800e-02  1.993270e-02  2.054919e-02  2.054922e-02  6.655914e-02  1.410231e+07  2.101570e+04  2.056166e+03  1.728898e+56  8.972459e+51  6.453820e-06  2.500200e+103  1.000000e+00  1.000000e+00  1.000000e+00
3.856620e+03  5.034775e+02  1.134569e+05  4.281980e+01  3.856620e+03  2.200790e-01  2.068730e-01  1.320700e-02  1.087715e+01  1.087715e+01  3.237770e-01  6.000800e-02  2.988449e-02  3.129452e-02  3.129455e-02  1.008556e-01  2.820903e+06  3.174888e+04  2.055660e+03  2.576411e+56  8.970261e+51  6.340363e-06  2.642407e+103  1.000000e+00  1.000000e+00  1.000000e+00
3.856620e+03  5.091908e+02  1.134569e+05  4.853260e+01  3.856620e+03  3.016360e-01  2.884330e-01  1.320300e-02  1.083456e+01  1.083456e+01  3.237480e-01  4.377100e-02  4.112005e-02  4.384366e-02  4.384370e-02  1.285405e-01  7.289228e+05  4.474921e+04  2.055086e+03  3.585867e+56  8.967769e+51  6.213252e-06  2.633415e+103  1.000000e+00  1.000000e+00  1.000000e+00
3.856620e+03  5.156662e+02  1.134569e+05  5.500740e+01  3.856620e+03  3.876930e-01  3.744940e-01  1.319900e-02  1.091810e+01  1.091810e+01  3.237140e-01  3.404500e-02  5.244718e-02  5.697047e-02  5.697051e-02  1.464863e-01  2.460946e+05  5.874701e+04  2.054435e+03  4.660017e+56  8.964943e+51  6.044308e-06  2.067910e+103  1.000000e+00  1.000000e+00  1.000000e+00
3.856620e+03  5.230050e+02  1.134569e+05  6.234610e+01  3.856620e+03  4.458570e-01  4.326630e-01  1.319400e-02  1.088354e+01  1.088354e+01  3.236760e-01  2.959300e-02  6.050719e-02  6.661851e-02  6.661855e-02  1.490408e-01  1.225247e+05  6.848718e+04  2.053698e+03  5.390812e+56  8.961745e+51  5.718249e-06  1.139699e+103  1.000000e+00  1.000000e+00  1.000000e+00
3.856620e+03  5.313221e+02  1.134569e+05  7.066390e+01  3.856620e+03  4.766070e-01  4.634180e-01  1.318900e-02  1.056385e+01  1.056385e+01  3.236330e-01  2.767300e-02  6.663768e-02  7.413639e-02  7.413643e-02  1.362615e-01  6.913188e+04  7.400421e+04  2.052863e+03  5.771760e+56  8.958121e+51  5.532780e-06  8.711404e+102  1.000000e+00  1.000000e+00  1.000000e+00
3.856620e+03  5.407496e+02  1.134569e+05  8.009140e+01  3.856620e+03  5.280650e-01  5.148820e-01  1.318300e-02  1.018987e+01  1.018987e+01  3.235840e-01  2.496500e-02  7.654216e-02  8.662555e-02  8.662559e-02  1.224043e-01  3.106041e+04  8.342710e+04  2.051918e+03  6.426507e+56  8.954016e+51  5.484084e-06  1.279099e+103  1.000000e+00  1.000000e+00  1.000000e+00
3.856620e+03  5.514360e+02  1.134569e+05  9.077660e+01  3.856620e+03  6.112090e-01  5.980330e-01  1.317600e-02  9.944183e+00  9.944183e+00  3.235290e-01  2.155800e-02  9.078255e-02  1.053707e-01  1.053707e-01  1.137281e-01  1.229605e+04  9.849004e+04  2.050850e+03  7.489113e+56  8.949378e+51  5.438374e-06  1.658106e+103  1.000000e+00  1.000000e+00  1.000000e+00
3.856620e+03  5.635472e+02  1.134569e+05  1.028874e+02  3.856620e+03  7.193630e-01  7.061940e-01  1.316900e-02  9.846634e+00  9.846634e+00  3.234670e-01  1.830600e-02  1.079050e-01  1.292481e-01  1.292482e-01  1.086566e-01  4.951723e+03  1.187897e+05  2.049639e+03  8.922088e+56  8.944120e+51  5.241722e-06  1.850632e+103  1.000000e+00  1.000000e+00  1.000000e+00
3.856620e+03  5.772730e+02  1.134569e+05  1.166139e+02  3.856620e+03  8.441930e-01  8.310330e-01  1.316000e-02  9.854802e+00  9.854802e+00  3.233960e-01  1.558900e-02  1.265248e-01  1.570552e-01  1.570553e-01  1.044303e-01  2.147107e+03  1.430853e+05  2.048269e+03  1.062265e+57  8.938171e+51  5.056451e-06  1.868970e+103  1.000000e+00  1.000000e+00  1.000000e+00
3.856620e+03  5.928297e+02  1.134569e+05  1.321717e+02  3.856620e+03  9.788740e-01  9.657240e-01  1.315000e-02  9.924835e+00  9.924835e+00  3.233150e-01  1.343400e-02  1.456751e-01  1.879117e-01  1.879117e-01  9.941569e-02  1.010266e+03  1.702125e+05  2.046714e+03  1.249431e+57  8.931421e+51  4.853105e-06  1.786768e+103  1.000000e+00  1.000000e+00  1.000000e+00
3.856620e+03  6.104652e+02  1.134569e+05  1.498051e+02  3.856620e+03  1.118065e+00  1.104926e+00  1.313900e-02  1.002556e+01  1.002556e+01  3.232250e-01  1.175200e-02  1.647176e-01  2.211798e-01  2.211799e-01  9.317865e-02  5.122980e+02  1.996311e+05  2.044958e+03  1.448880e+57  8.923796e+51  4.671163e-06  1.634236e+103  1.000000e+00  1.000000e+00  1.000000e+00
3.856620e+03  6.304521e+02  1.134569e+05  1.697911e+02  3.856620e+03  1.257535e+00  1.244408e+00  1.312700e-02  1.013669e+01  1.013669e+01  3.231220e-01  1.043800e-02  1.832338e-01  2.563642e-01  2.563643e-01  8.593434e-02  2.773644e+02  2.298939e+05  2.042969e+03  1.649097e+57  8.915161e+51  4.446822e-06  1.463128e+103  1.000000e+00  1.000000e+00  1.000000e+00
3.856620e+03  6.531038e+02  1.134569e+05  1.924434e+02  3.856620e+03  1.393913e+00  1.380801e+00  1.311200e-02  1.024566e+01  1.024566e+01  3.230050e-01  9.407000e-03  2.009452e-01  2.930329e-01  2.930330e-01  7.816826e-02  1.590581e+02  2.617904e+05  2.040720e+03  1.855503e+57  8.905393e+51  4.136028e-06  1.310882e+103  1.000000e+00  1.000000e+00  1.000000e+00
3.856620e+03  6.787757e+02  1.134569e+05  2.181178e+02  3.856620e+03  1.524538e+00  1.511442e+00  1.309600e-02  1.034472e+01  1.034472e+01  3.228740e-01  8.590000e-03  2.176713e-01  3.307837e-01  3.307838e-01  7.026009e-02  9.585404e+01  2.945106e+05  2.038174e+03  2.061599e+57  8.894340e+51  3.931715e-06  1.119453e+103  1.000000e+00  1.000000e+00  1.000000e+00
3.856620e+03  7.078781e+02  1.134569e+05  2.472176e+02  3.856620e+03  1.647360e+00  1.634282e+00  1.307800e-02  1.042919e+01  1.042919e+01  3.227240e-01  7.939000e-03  2.333026e-01  3.692275e-01  3.692275e-01  6.265582e-02  6.043259e+01  3.262275e+05  2.035296e+03  2.253565e+57  8.881843e+51  3.671026e-06  9.497532e+102  1.000000e+00  1.000000e+00  1.000000e+00
3.856620e+03  7.408620e+02  1.134569e+05  2.801996e+02  3.856620e+03  1.760871e+00  1.747814e+00  1.305800e-02  1.049654e+01  1.049654e+01  3.225550e-01  7.415000e-03  2.477782e-01  4.079710e-01  4.079711e-01  5.552858e-02  3.963789e+01  3.590143e+05  2.032038e+03  2.446819e+57  8.867702e+51  3.445951e-06  7.887063e+102  1.000000e+00  1.000000e+00  1.000000e+00
3.856620e+03  7.782441e+02  1.134569e+05  3.175819e+02  3.856620e+03  1.864044e+00  1.851010e+00  1.303400e-02  1.054553e+01  1.054553e+01  3.223640e-01  6.993000e-03  2.610775e-01  4.466267e-01  4.466268e-01  4.905467e-02  2.696156e+01  3.890903e+05  2.028362e+03  2.613221e+57  8.851734e+51  3.250582e-06  6.257645e+102  1.000000e+00  1.000000e+00  1.000000e+00
3.856620e+03  8.206108e+02  1.134569e+05  3.599514e+02  3.856620e+03  1.956274e+00  1.943266e+00  1.300800e-02  1.057593e+01  1.057593e+01  3.221480e-01  6.650000e-03  2.732075e-01  4.848093e-01  4.848094e-01  4.326966e-02  1.895091e+01  4.191314e+05  2.024209e+03  2.773060e+57  8.833700e+51  2.898216e-06  5.263496e+102  1.000000e+00  1.000000e+00  1.000000e+00
3.856620e+03  8.686339e+02  1.134569e+05  4.079736e+02  3.856620e+03  2.037300e+00  2.024321e+00  1.297900e-02  1.058803e+01  1.058803e+01  3.219030e-01  6.371000e-03  2.841983e-01  5.221503e-01  5.221504e-01  3.818510e-02  1.373077e+01  4.488398e+05  2.019515e+03  2.924587e+57  8.813318e+51  2.681776e-06  4.108439e+102  1.000000e+00  1.000000e+00  1.000000e+00
3.856620e+03  9.230662e+02  1.134569e+05  4.624025e+02  3.856620e+03  2.107158e+00  2.094212e+00  1.294500e-02  1.058262e+01  1.058262e+01  3.216270e-01  6.143000e-03  2.940936e-01  5.582964e-01  5.582965e-01  3.373030e-02  1.022124e+01  4.752984e+05  2.014220e+03  3.046436e+57  8.790322e+51  2.475073e-06  3.042413e+102  1.000000e+00  1.000000e+00  1.000000e+00
3.856620e+03  9.847572e+02  1.134569e+05  5.240930e+02  3.856620e+03  2.166119e+00  2.153211e+00  1.290800e-02  1.056086e+01  1.056086e+01  3.213150e-01  5.959000e-03  3.029455e-01  5.929123e-01  5.929124e-01  2.988267e-02  7.807386e+00  5.007674e+05  2.008244e+03  3.156343e+57  8.764374e+51  2.155077e-06  2.390395e+102  1.000000e+00  1.000000e+00  1.000000e+00
3.856620e+03  1.054675e+03  1.134569e+05  5.940138e+02  3.856620e+03  2.214628e+00  2.201763e+00  1.286500e-02  1.052390e+01  1.052390e+01  3.209610e-01  5.809000e-03  3.108177e-01  6.257163e-01  6.257164e-01  2.656733e-02  6.105579e+00  5.249998e+05  2.001509e+03  3.253115e+57  8.735123e+51  1.894314e-06  1.745450e+102  1.000000e+00  1.000000e+00  1.000000e+00
3.856620e+03  1.133922e+03  1.134569e+05  6.732629e+02  3.856620e+03  2.253267e+00  2.240450e+00  1.281700e-02  1.047325e+01  1.047325e+01  3.205630e-01  5.688000e-03  3.177700e-01  6.564375e-01  6.564377e-01  2.372302e-02  4.881045e+00  5.464919e+05  1.993917e+03  3.326416e+57  8.702153e+51  1.630128e-06  1.195338e+102  1.000000e+00  1.000000e+00  1.000000e+00
3.856620e+03  1.223749e+03  1.134569e+05  7.630849e+02  3.856620e+03  2.282703e+00  2.269940e+00  1.276300e-02  1.041025e+01  1.041025e+01  3.201120e-01  5.591000e-03  3.238692e-01  6.848738e-01  6.848740e-01  2.128588e-02  3.982417e+00  5.664757e+05  1.985371e+03  3.386360e+57  8.665039e+51  1.344232e-06  7.708979e+101  1.000000e+00  1.000000e+00  1.000000e+00
3.856620e+03  1.325556e+03  1.134569e+05  8.648903e+02  3.856620e+03  2.303665e+00  2.290962e+00  1.270300e-02  1.033653e+01  1.033653e+01  3.196050e-01  5.514000e-03  3.291746e-01  7.108376e-01  7.108377e-01  1.920072e-02  3.311966e+00  5.834693e+05  1.975764e+03  3.422659e+57  8.623314e+51  1.011531e-06  4.805898e+101  1.000000e+00  1.000000e+00  1.000000e+00
3.856620e+03  1.440942e+03  1.134569e+05  9.802778e+02  3.856620e+03  2.316903e+00  2.304269e+00  1.263500e-02  1.025342e+01  1.025342e+01  3.190320e-01  5.453000e-03  3.337498e-01  7.342188e-01  7.342190e-01  1.741887e-02  2.804277e+00  6.001841e+05  1.964963e+03  3.456555e+57  8.576402e+51  6.086800e-07  2.914046e+101  1.000000e+00  1.000000e+00  1.000000e+00
3.856620e+03  1.571717e+03  1.134569e+05  1.111060e+03  3.856620e+03  2.323179e+00  2.310621e+00  1.255800e-02  1.016237e+01  1.016237e+01  3.183860e-01  5.406000e-03  3.376522e-01  7.549380e-01  7.549382e-01  1.591205e-02  2.417080e+00  6.139060e+05  1.952841e+03  3.468643e+57  8.523745e+51  2.166864e-07  7.268698e+100  1.000000e+00  1.000000e+00  1.000000e+00
3.856620e+03  1.719954e+03  1.134569e+05  1.259289e+03  3.856620e+03  2.323246e+00  2.310774e+00  1.247200e-02  1.006476e+01  1.006476e+01  3.176590e-01  5.368000e-03  3.409363e-01  7.729619e-01  7.729621e-01  1.462732e-02  2.116940e+00  6.259251e+05  1.939254e+03  3.469229e+57  8.464727e+51  -3.370776e-07  -7.636280e+100  -1.000000e+00  -1.000000e+00  1.000000e+00
3.856620e+03  1.887962e+03  1.134569e+05  1.427295e+03  3.856620e+03  2.317829e+00  2.305453e+00  1.237600e-02  9.961917e+00  9.961917e+00  3.168410e-01  5.340000e-03  3.436530e-01  7.882992e-01  7.882994e-01  1.353069e-02  1.882037e+00  6.350245e+05  1.924039e+03  3.450060e+57  8.398634e+51  -8.749583e-07  -1.521997e+101  -1.000000e+00  -1.000000e+00  1.000000e+00
3.856620e+03  2.078381e+03  1.134569e+05  1.617714e+03  3.856620e+03  2.307627e+00  2.295358e+00  1.226900e-02  9.855139e+00  9.855139e+00  3.159220e-01  5.317000e-03  3.458474e-01  8.009826e-01  8.009828e-01  1.259872e-02  1.697533e+00  6.439312e+05  1.907034e+03  3.432287e+57  8.324763e+51  -1.583197e-06  -1.519335e+101  -1.000000e+00  -1.000000e+00  1.000000e+00
3.856620e+03  2.294199e+03  1.134569e+05  1.833538e+03  3.856620e+03  2.293300e+00  2.281151e+00  1.214900e-02  9.745627e+00  9.745627e+00  3.148890e-01  5.298000e-03  3.475623e-01  8.110849e-01  8.110851e-01  1.180571e-02  1.551824e+00  6.513192e+05  1.888065e+03  3.406360e+57  8.242344e+51  -3.086591e-06  -2.060320e+101  -1.000000e+00  -1.000000e+00  1.000000e+00
3.856620e+03  2.538819e+03  1.134569e+05  2.078156e+03  3.856620e+03  2.275466e+00  2.263451e+00  1.201500e-02  9.634492e+00  9.634492e+00  3.137310e-01  5.280000e-03  3.488376e-01  8.187083e-01  8.187085e-01  1.113330e-02  1.436880e+00  6.560187e+05  1.866945e+03  3.364115e+57  8.150571e+51  -5.094769e-06  -2.410470e+101  -1.000000e+00  -1.000000e+00  1.000000e+00
3.856620e+03  2.816077e+03  1.134569e+05  2.355409e+03  3.856620e+03  2.254706e+00  2.242839e+00  1.186700e-02  9.522833e+00  9.522833e+00  3.124340e-01  5.263000e-03  3.497078e-01  8.239661e-01  8.239663e-01  1.056519e-02  1.346658e+00  6.594807e+05  1.843474e+03  3.316848e+57  8.048580e+51  -8.635282e-06  -2.324509e+101  -1.000000e+00  -1.000000e+00  1.000000e+00
3.856620e+03  3.130319e+03  1.134569e+05  2.669651e+03  3.856620e+03  2.231549e+00  2.219847e+00  1.170200e-02  9.411518e+00  9.411518e+00  3.109830e-01  5.244000e-03  3.502099e-01  8.270208e-01  8.270210e-01  1.008797e-02  1.276664e+00  6.617486e+05  1.817460e+03  3.265188e+57  7.935526e+51  -1.065491e-05  -2.037259e+101  -1.000000e+00  -1.000000e+00  1.000000e+00
3.856620e+03  3.486480e+03  1.134569e+05  3.025817e+03  3.856620e+03  2.206496e+00  2.194975e+00  1.152100e-02  9.301592e+00  9.301592e+00  3.093620e-01  5.221000e-03  3.503704e-01  8.280003e-01  8.280005e-01  9.690833e-03  1.223563e+00  6.640577e+05  1.788710e+03  3.218602e+57  7.810566e+51  -2.292190e-04  -1.842329e+101  -1.000000e+00  -1.000000e+00  1.000000e+00
3.856620e+03  3.890162e+03  1.134569e+05  3.429500e+03  3.856620e+03  2.179991e+00  2.168671e+00  1.132000e-02  9.193688e+00  9.193688e+00  3.075560e-01  5.193000e-03  3.502246e-01  8.271101e-01  8.271103e-01  9.363140e-03  1.184674e+00  6.641999e+05  1.757033e+03  3.160755e+57  7.672860e+51  -2.861448e-04  -1.812225e+101  -1.000000e+00  -1.000000e+00  1.000000e+00
3.856620e+03  4.347708e+03  1.134569e+05  3.887040e+03  3.856620e+03  2.152453e+00  2.141353e+00  1.110000e-02  9.088701e+00  9.088701e+00  3.055460e-01  5.157000e-03  3.497949e-01  8.244950e-01  8.244952e-01  9.096127e-03  1.157947e+00  6.634668e+05  1.722244e+03  3.101355e+57  7.521602e+51  2.999933e-05  -1.601747e+101  1.000000e+00  -1.000000e+00  1.000000e+00
3.856620e+03  4.866291e+03  1.134569e+05  4.405622e+03  3.856620e+03  2.124256e+00  2.113398e+00  1.085800e-02  8.987188e+00  8.987188e+00  3.033150e-01  5.112000e-03  3.491119e-01  8.203610e-01  8.203612e-01  8.886270e-03  1.142357e+00  6.619486e+05  1.684179e+03  3.041081e+57  7.356082e+51  1.590386e-05  -1.396293e+101  1.000000e+00  -1.000000e+00  1.000000e+00
3.856620e+03  5.454054e+03  1.134569e+05  4.993389e+03  3.856620e+03  2.095744e+00  2.085148e+00  1.059500e-02  8.889807e+00  8.889807e+00  3.008450e-01  5.056000e-03  3.481989e-01  8.148786e-01  8.148788e-01  8.724263e-03  1.136320e+00  6.597473e+05  1.642707e+03  2.980609e+57  7.175713e+51  1.078375e-05  -1.264298e+101  1.000000e+00  -1.000000e+00  1.000000e+00
3.856620e+03  6.120229e+03  1.134569e+05  5.659571e+03  3.856620e+03  2.067224e+00  2.056914e+00  1.031000e-02  8.796990e+00  8.796990e+00  2.981170e-01  4.987000e-03  3.470844e-01  8.082524e-01  8.082526e-01  8.605150e-03  1.138916e+00  6.560007e+05  1.597720e+03  2.913414e+57  6.980018e+51  8.092728e-06  -1.087405e+101  1.000000e+00  -1.000000e+00  1.000000e+00
3.856620e+03  6.875298e+03  1.134569e+05  6.414631e+03  3.856620e+03  2.038980e+00  2.028978e+00  1.000100e-02  8.709329e+00  8.709329e+00  2.951130e-01  4.905000e-03  3.457879e-01  8.006356e-01  8.006358e-01  8.525508e-03  1.149677e+00  6.527604e+05  1.549165e+03  2.854705e+57  6.768753e+51  8.076389e-06  -8.506525e+100  1.000000e+00  -1.000000e+00  1.000000e+00
3.856620e+03  7.731096e+03  1.134569e+05  7.270426e+03  3.856620e+03  2.011261e+00  2.001591e+00  9.670000e-03  8.627073e+00  8.627073e+00  2.918160e-01  4.808000e-03  3.443393e-01  7.922372e-01  7.922374e-01  8.479672e-03  1.167765e+00  6.491175e+05  1.497035e+03  2.797483e+57  6.541889e+51  7.135627e-06  -7.045509e+100  1.000000e+00  -1.000000e+00  1.000000e+00
3.856620e+03  8.701063e+03  1.134569e+05  8.240395e+03  3.856620e+03  1.984295e+00  1.974979e+00  9.316000e-03  8.550692e+00  8.550692e+00  2.882090e-01  4.695000e-03  3.427571e-01  7.831978e-01  7.831979e-01  8.467912e-03  1.193297e+00  6.451718e+05  1.441405e+03  2.742275e+57  6.299723e+51  6.448908e-06  -5.764719e+100  1.000000e+00  -1.000000e+00  1.000000e+00
3.856620e+03  9.800430e+03  1.134569e+05  9.339770e+03  3.856620e+03  1.958281e+00  1.949341e+00  8.940000e-03  8.480304e+00  8.480304e+00  2.842790e-01  4.565000e-03  3.410713e-01  7.737149e-01  7.737150e-01  8.482160e-03  1.225155e+00  6.409950e+05  1.382403e+03  2.689364e+57  6.042810e+51  5.532676e-06  -4.883180e+100  1.000000e+00  -1.000000e+00  1.000000e+00
3.856620e+03  1.104648e+04  1.134569e+05  1.058582e+04  3.856620e+03  1.933399e+00  1.924855e+00  8.544000e-03  8.416138e+00  8.416138e+00  2.800120e-01  4.419000e-03  3.393049e-01  7.639397e-01  7.639398e-01  8.522407e-03  1.263381e+00  6.358576e+05  1.320243e+03  2.633018e+57  5.772079e+51  5.073122e-06  -3.984731e+100  1.000000e+00  -1.000000e+00  1.000000e+00
3.856620e+03  1.245877e+04  1.134569e+05  1.199810e+04  3.856620e+03  1.909804e+00  1.901676e+00  8.129000e-03  8.358393e+00  8.358393e+00  2.754020e-01  4.256000e-03  3.374798e-01  7.540068e-01  7.540069e-01  8.581380e-03  1.306857e+00  6.314864e+05  1.255238e+03  2.585885e+57  5.488865e+51  5.153109e-06  -2.922729e+100  1.000000e+00  -1.000000e+00  1.000000e+00
3.856620e+03  1.405947e+04  1.134569e+05  1.359880e+04  3.856620e+03  1.887632e+00  1.879934e+00  7.697000e-03  8.307044e+00  8.307044e+00  2.704420e-01  4.078000e-03  3.356235e-01  7.440751e-01  7.440753e-01  8.660930e-03  1.355851e+00  6.271081e+05  1.187776e+03  2.541883e+57  5.194857e+51  4.536189e-06  -2.407483e+100  1.000000e+00  -1.000000e+00  1.000000e+00
3.856620e+03  1.587372e+04  1.134569e+05  1.541306e+04  3.856620e+03  1.866995e+00  1.859742e+00  7.253000e-03  8.262119e+00  8.262119e+00  2.651320e-01  3.885000e-03  3.337593e-01  7.342682e-01  7.342683e-01  8.754217e-03  1.409135e+00  6.220371e+05  1.118330e+03  2.495596e+57  4.892097e+51  4.255483e-06  -1.871410e+100  1.000000e+00  -1.000000e+00  1.000000e+00
3.856620e+03  1.793002e+04  1.134569e+05  1.746936e+04  3.856620e+03  1.847986e+00  1.841187e+00  6.799000e-03  8.223505e+00  8.223505e+00  2.594760e-01  3.679000e-03  3.319123e-01  7.247137e-01  7.247139e-01  8.858485e-03  1.466084e+00  6.178414e+05  1.047448e+03  2.458441e+57  4.582974e+51  4.333813e-06  -1.310065e+100  1.000000e+00  -1.000000e+00  1.000000e+00
3.856620e+03  2.025605e+04  1.134569e+05  1.979538e+04  3.856620e+03  1.830708e+00  1.824368e+00  6.339000e-03  8.191209e+00  8.191209e+00  2.534950e-01  3.463000e-03  3.301054e-01  7.155178e-01  7.155179e-01  8.970956e-03  1.525758e+00  6.138158e+05  9.758800e+02  2.424827e+57  4.270744e+51  4.217044e-06  -1.081179e+100  1.000000e+00  -1.000000e+00  1.000000e+00
5.298317e+03  2.171631e+02  1.167978e+05  9.527700e+00  5.298317e+03  1.915400e-02  3.700000e-05  1.911700e-02  5.046040e-01  5.046040e-01  3.637180e-01  9.980540e-01  5.606582e-02  6.126957e-02  6.135366e-02  1.950314e-02  2.352856e+04  5.924750e+00  3.024542e+03  4.654259e+52  1.512364e+52  -7.285409e-07  0.000000e+00  -1.000000e+00  -1.000000e+00  0.000000e+00
5.298317e+03  4.714565e+02  1.167978e+05  1.079880e+01  5.298317e+03  1.915400e-02  4.400000e-05  1.911100e-02  5.355070e-01  5.355070e-01  3.636860e-01  9.977240e-01  5.283010e-02  5.742293e-02  5.742402e-02  1.435254e-02  2.324895e+04  6.946612e+00  3.023641e+03  5.452741e+52  1.511750e+52  -4.177812e-06  0.000000e+00  -1.000000e+00  -1.000000e+00  1.000000e+00
5.298317e+03  4.728972e+02  1.167978e+05  1.223950e+01  5.298317e+03  1.915200e-02  5.000000e-05  1.910200e-02  5.618590e-01  5.618590e-01  3.636320e-01  9.973750e-01  5.034681e-02  5.449897e-02  5.449998e-02  1.132862e-02  2.333852e+04  8.010600e+00  3.022221e+03  6.281330e+52  1.510918e+52  2.700635e-05  0.000000e+00  1.000000e+00  -1.000000e+00  1.000000e+00
5.298317e+03  4.745300e+02  1.167978e+05  1.387240e+01  5.298317e+03  1.915200e-02  5.900000e-05  1.909300e-02  5.952220e-01  5.952220e-01  3.635760e-01  9.969000e-01  4.752495e-02  5.120564e-02  5.120659e-02  8.569909e-03  2.358443e+04  9.461656e+00  3.020772e+03  7.411390e+52  1.510111e+52  2.679981e-05  0.000000e+00  1.000000e+00  -1.000000e+00  1.000000e+00
5.298317e+03  4.763807e+02  1.167978e+05  1.572320e+01  5.298317e+03  1.915500e-02  7.200000e-05  1.908400e-02  6.385540e-01  6.385540e-01  3.635180e-01  9.962460e-01  4.430746e-02  4.748797e-02  4.748880e-02  6.091213e-03  2.378624e+04  1.146714e+01  3.019297e+03  8.974943e+52  1.509333e+52  6.203276e-06  0.000000e+00  1.000000e+00  -1.000000e+00  1.000000e+00
5.298317e+03  4.784787e+02  1.167978e+05  1.782080e+01  5.298317e+03  1.916400e-02  9.000000e-05  1.907400e-02  6.962030e-01  6.962030e-01  3.634580e-01  9.953260e-01  4.065616e-02  4.331645e-02  4.331720e-02  4.065716e-03  2.440230e+04  1.425609e+01  3.017816e+03  1.115613e+53  1.508594e+52  6.312111e-06  2.494384e+100  1.000000e+00  1.000000e+00  1.000000e+00
5.298317e+03  4.808563e+02  1.167978e+05  2.019840e+01  5.298317e+03  1.918000e-02  1.160000e-04  1.906500e-02  7.758540e-01  7.758540e-01  3.633990e-01  9.939780e-01  3.651404e-02  3.864399e-02  3.864490e-02  2.508716e-03  2.576584e+04  1.838712e+01  3.016358e+03  1.439856e+53  1.507909e+52  6.267686e-06  3.344971e+100  1.000000e+00  1.000000e+00  1.000000e+00
5.298317e+03  4.835509e+02  1.167978e+05  2.289310e+01  5.298317e+03  1.921200e-02  1.560000e-04  1.905600e-02  8.915210e-01  8.915210e-01  3.633420e-01  9.918770e-01  3.182925e-02  3.343428e-02  3.343488e-02  1.442675e-03  2.944151e+04  2.477695e+01  3.014985e+03  1.944398e+53  1.507305e+52  6.328880e-06  4.838292e+100  1.000000e+00  1.000000e+00  1.000000e+00
5.298317e+03  4.866048e+02  1.167978e+05  2.594730e+01  5.298317e+03  1.927400e-02  2.260000e-04  1.904800e-02  1.072019e+00  1.072019e+00  3.632880e-01  9.882800e-01  2.655511e-02  2.766198e-02  2.766247e-02  8.713988e-04  4.399207e+04  3.578406e+01  3.013716e+03  2.819710e+53  1.506785e+52  6.366844e-06  7.621706e+100  1.000000e+00  1.000000e+00  1.000000e+00
5.298317e+03  4.900671e+02  1.167978e+05  2.940900e+01  5.298317e+03  1.940700e-02  3.660000e-04  1.904100e-02  1.387052e+00  1.387052e+00  3.632430e-01  9.811610e-01  2.066523e-02  2.132870e-02  2.132907e-02  7.106920e-04  1.257032e+05  5.750211e+01  3.012645e+03  4.563309e+53  1.506369e+52  6.446911e-06  1.607069e+101  1.000000e+00  1.000000e+00  1.000000e+00
5.298317e+03  4.939909e+02  1.167978e+05  3.333260e+01  5.298317e+03  1.976100e-02  7.250000e-04  1.903600e-02  2.051322e+00  2.051322e+00  3.632080e-01  9.633150e-01  1.422828e-02  1.453934e-02  1.453957e-02  8.918418e-04  1.019627e+06  1.129280e+02  3.011826e+03  9.058452e+53  1.506041e+52  6.503837e-06  5.224020e+101  1.000000e+00  1.000000e+00  1.000000e+00
5.298317e+03  4.984378e+02  1.167978e+05  3.777960e+01  5.298317e+03  2.123500e-02  2.203000e-03  1.903200e-02  4.020145e+00  4.020145e+00  3.631840e-01  8.962410e-01  7.801901e-03  7.894409e-03  7.894540e-03  1.597779e-03  3.684818e+07  3.376228e+02  3.011205e+03  2.744605e+54  1.505734e+52  6.589086e-06  3.298954e+102  1.000000e+00  1.000000e+00  1.000000e+00
5.298317e+03  5.034775e+02  1.167978e+05  4.281980e+01  5.298317e+03  3.308100e-02  1.405300e-02  1.902800e-02  1.006582e+01  1.006582e+01  3.631560e-01  5.751940e-01  4.854053e-03  4.889684e-03  4.889738e-03  6.383452e-03  1.579203e+09  2.118300e+03  3.010500e+03  1.736297e+55  1.505385e+52  6.647245e-06  1.259653e+103  1.000000e+00  1.000000e+00  1.000000e+00
5.298317e+03  5.091908e+02  1.167978e+05  4.853260e+01  5.298317e+03  7.662500e-02  5.760200e-02  1.902300e-02  1.095360e+01  1.095360e+01  3.631250e-01  2.482580e-01  1.033229e-02  1.049523e-02  1.049530e-02  2.746860e-02  1.554661e+08  8.696999e+03  3.009711e+03  7.186467e+55  1.504992e+52  6.579552e-06  2.423623e+103  1.000000e+00  1.000000e+00  1.000000e+00
5.298317e+03  5.156662e+02  1.167978e+05  5.500740e+01  5.298317e+03  1.482780e-01  1.292600e-01  1.901700e-02  1.045027e+01  1.045027e+01  3.630900e-01  1.282550e-01  2.095704e-02  2.163972e-02  2.163977e-02  7.096646e-02  1.170377e+07  1.970078e+04  3.008811e+03  1.615594e+56  1.504544e+52  6.452186e-06  3.057662e+103  1.000000e+00  1.000000e+00  1.000000e+00
5.298317e+03  5.230050e+02  1.167978e+05  6.234610e+01  5.298317e+03  2.397340e-01  2.207230e-01  1.901100e-02  1.043042e+01  1.043042e+01  3.630500e-01  7.930100e-02  3.394758e-02  3.578023e-02  3.578029e-02  1.121933e-01  1.658925e+06  3.405010e+04  3.007799e+03  2.747452e+56  1.504040e+52  6.301842e-06  3.214884e+103  1.000000e+00  1.000000e+00  1.000000e+00
5.298317e+03  5.313221e+02  1.167978e+05  7.066390e+01  5.298317e+03  3.418060e-01  3.228020e-01  1.900400e-02  1.058806e+01  1.058806e+01  3.630050e-01  5.559900e-02  4.768089e-02  5.138683e-02  5.138688e-02  1.390019e-01  3.760218e+05  5.046331e+04  3.006647e+03  4.016152e+56  1.503467e+52  6.114847e-06  2.723578e+103  1.000000e+00  1.000000e+00  1.000000e+00
5.298317e+03  5.407496e+02  1.167978e+05  8.009140e+01  5.298317e+03  4.205060e-01  4.015100e-01  1.899600e-02  1.061952e+01  1.061952e+01  3.629540e-01  4.517400e-02  5.848556e-02  6.417376e-02  6.417381e-02  1.451041e-01  1.413670e+05  6.351219e+04  3.005343e+03  5.001883e+56  1.502818e+52  5.804091e-06  1.732334e+103  1.000000e+00  1.000000e+00  1.000000e+00
5.298317e+03  5.514360e+02  1.167978e+05  9.077660e+01  5.298317e+03  4.699470e-01  4.509600e-01  1.898700e-02  1.031398e+01  1.031398e+01  3.628960e-01  4.040200e-02  6.729826e-02  7.495598e-02  7.495604e-02  1.319147e-01  6.370712e+04  7.226205e+04  3.003865e+03  5.623407e+56  1.502083e+52  5.631148e-06  1.392572e+103  1.000000e+00  1.000000e+00  1.000000e+00
5.298317e+03  5.635472e+02  1.167978e+05  1.028874e+02  5.298317e+03  5.433650e-01  5.243880e-01  1.897600e-02  9.970527e+00  9.970527e+00  3.628300e-01  3.492400e-02  8.049241e-02  9.172961e-02  9.172967e-02  1.180753e-01  2.329671e+04  8.537231e+04  3.002193e+03  6.546534e+56  1.501251e+52  5.535489e-06  1.852528e+103  1.000000e+00  1.000000e+00  1.000000e+00
5.298317e+03  5.772730e+02  1.167978e+05  1.166139e+02  5.298317e+03  6.515330e-01  6.325680e-01  1.896500e-02  9.795632e+00  9.795632e+00  3.627550e-01  2.910800e-02  9.823937e-02  1.155815e-01  1.155816e-01  1.102752e-01  8.034537e+03  1.052712e+05  3.000292e+03  7.955941e+56  1.500306e+52  5.342670e-06  2.263192e+103  1.000000e+00  1.000000e+00  1.000000e+00
5.298317e+03  5.928297e+02  1.167978e+05  1.321717e+02  5.298317e+03  7.839090e-01  7.649570e-01  1.895200e-02  9.774672e+00  9.774672e+00  3.626710e-01  2.417600e-02  1.184527e-01  1.447504e-01  1.447505e-01  1.053956e-01  3.013064e+03  1.306168e+05  2.998149e+03  9.740429e+56  1.499240e+52  5.141749e-06  2.385516e+103  1.000000e+00  1.000000e+00  1.000000e+00
5.298317e+03  6.104652e+02  1.167978e+05  1.498051e+02  5.298317e+03  9.297950e-01  9.108580e-01  1.893700e-02  9.844355e+00  9.844355e+00  3.625760e-01  2.036600e-02  1.395023e-01  1.776975e-01  1.776976e-01  1.003559e-01  1.266333e+03  1.595144e+05  2.995729e+03  1.174629e+57  1.498035e+52  4.935133e-06  2.309992e+103  1.000000e+00  1.000000e+00  1.000000e+00
5.298317e+03  6.304521e+02  1.167978e+05  1.697911e+02  5.298317e+03  1.081236e+00  1.062316e+00  1.892000e-02  9.956636e+00  9.956636e+00  3.624680e-01  1.749800e-02  1.603945e-01  2.133823e-01  2.133824e-01  9.396706e-02  5.901211e+02  1.909932e+05  2.992982e+03  1.389128e+57  1.496668e+52  4.683804e-06  2.143743e+103  1.000000e+00  1.000000e+00  1.000000e+00
5.298317e+03  6.531038e+02  1.167978e+05  1.924434e+02  5.298317e+03  1.232436e+00  1.213535e+00  1.890100e-02  1.008211e+01  1.008211e+01  3.623450e-01  1.533600e-02  1.805488e-01  2.510733e-01  2.510735e-01  8.638281e-02  3.001655e+02  2.242333e+05  2.989871e+03  1.610670e+57  1.495121e+52  4.431638e-06  1.921164e+103  1.000000e+00  1.000000e+00  1.000000e+00
5.298317e+03  6.787757e+02  1.167978e+05  2.181178e+02  5.298317e+03  1.379156e+00  1.360277e+00  1.887900e-02  1.020403e+01  1.020403e+01  3.622070e-01  1.368900e-02  1.996289e-01  2.901966e-01  2.901967e-01  7.817516e-02  1.643861e+02  2.582683e+05  2.986360e+03  1.831491e+57  1.493373e+52  4.192798e-06  1.669390e+103  1.000000e+00  1.000000e+00  1.000000e+00
5.298317e+03  7.078781e+02  1.167978e+05  2.472176e+02  5.298317e+03  1.518307e+00  1.499453e+00  1.885400e-02  1.031313e+01  1.031313e+01  3.620500e-01  1.241800e-02  2.174456e-01  3.302522e-01  3.302523e-01  6.987028e-02  9.581821e+01  2.924293e+05  2.982385e+03  2.046219e+57  1.491395e+52  3.936936e-06  1.424272e+103  1.000000e+00  1.000000e+00  1.000000e+00
5.298317e+03  7.408620e+02  1.167978e+05  2.801996e+02  5.298317e+03  1.647708e+00  1.628881e+00  1.882700e-02  1.040441e+01  1.040441e+01  3.618720e-01  1.142600e-02  2.339077e-01  3.707835e-01  3.707836e-01  6.191570e-02  5.895031e+01  3.264825e+05  2.977886e+03  2.253028e+57  1.489157e+52  3.691151e-06  1.188713e+103  1.000000e+00  1.000000e+00  1.000000e+00
5.298317e+03  7.782441e+02  1.167978e+05  3.175819e+02  5.298317e+03  1.765908e+00  1.747112e+00  1.879500e-02  1.047552e+01  1.047552e+01  3.616710e-01  1.064300e-02  2.489853e-01  4.113524e-01  4.113525e-01  5.456608e-02  3.801605e+01  3.594554e+05  2.972802e+03  2.444653e+57  1.486627e+52  3.438342e-06  9.739768e+102  1.000000e+00  1.000000e+00  1.000000e+00
5.298317e+03  8.206108e+02  1.167978e+05  3.599514e+02  5.298317e+03  1.872053e+00  1.853294e+00  1.876000e-02  1.052575e+01  1.052575e+01  3.614440e-01  1.002100e-02  2.626919e-01  4.515391e-01  4.515393e-01  4.794987e-02  2.555431e+01  3.916781e+05  2.967055e+03  2.623866e+57  1.483768e+52  3.162119e-06  7.924881e+102  1.000000e+00  1.000000e+00  1.000000e+00
5.298317e+03  8.686339e+02  1.167978e+05  4.079736e+02  5.298317e+03  1.965769e+00  1.947049e+00  1.872000e-02  1.055548e+01  1.055548e+01  3.611860e-01  9.523000e-03  2.750655e-01  4.909291e-01  4.909293e-01  4.211916e-02  1.783105e+01  4.225626e+05  2.960570e+03  2.786712e+57  1.480541e+52  2.913324e-06  6.252747e+102  1.000000e+00  1.000000e+00  1.000000e+00
5.298317e+03  9.230662e+02  1.167978e+05  4.624025e+02  5.298317e+03  2.047061e+00  2.028386e+00  1.867500e-02  1.056512e+01  1.056512e+01  3.608950e-01  9.123000e-03  2.861792e-01  5.291849e-01  5.291851e-01  3.701774e-02  1.285663e+01  4.516146e+05  2.953242e+03  2.929921e+57  1.476895e+52  2.625334e-06  4.924432e+102  1.000000e+00  1.000000e+00  1.000000e+00
5.298317e+03  9.847572e+02  1.167978e+05  5.240930e+02  5.298317e+03  2.116218e+00  2.097594e+00  1.862400e-02  1.055628e+01  1.055628e+01  3.605670e-01  8.800000e-03  2.960949e-01  5.659249e-01  5.659251e-01  3.263078e-02  9.563344e+00  4.797675e+05  2.944981e+03  3.061318e+57  1.472783e+52  2.346255e-06  3.805666e+102  1.000000e+00  1.000000e+00  1.000000e+00
5.298317e+03  1.054675e+03  1.167978e+05  5.940138e+02  5.298317e+03  2.173753e+00  2.155187e+00  1.856600e-02  1.053050e+01  1.053050e+01  3.601950e-01  8.541000e-03  3.048897e-01  6.008290e-01  6.008292e-01  2.884433e-02  7.298860e+00  5.054026e+05  2.935656e+03  3.169514e+57  1.468143e+52  2.134750e-06  2.693999e+102  1.000000e+00  1.000000e+00  1.000000e+00
5.298317e+03  1.133922e+03  1.167978e+05  6.732629e+02  5.298317e+03  2.220327e+00  2.201825e+00  1.850100e-02  1.048919e+01  1.048919e+01  3.597750e-01  8.333000e-03  3.126486e-01  6.336404e-01  6.336406e-01  2.561673e-02  5.716814e+00  5.282864e+05  2.925150e+03  3.253660e+57  1.462915e+52  1.865753e-06  1.887119e+102  1.000000e+00  1.000000e+00  1.000000e+00
5.298317e+03  1.223749e+03  1.167978e+05  7.630849e+02  5.298317e+03  2.256700e+00  2.238272e+00  1.842800e-02  1.043404e+01  1.043404e+01  3.593010e-01  8.166000e-03  3.194501e-01  6.641266e-01  6.641268e-01  2.286505e-02  4.582115e+00  5.496064e+05  2.913318e+03  3.323500e+57  1.457027e+52  1.532641e-06  1.358097e+102  1.000000e+00  1.000000e+00  1.000000e+00
5.298317e+03  1.325556e+03  1.167978e+05  8.648903e+02  5.298317e+03  2.283695e+00  2.265349e+00  1.834600e-02  1.036677e+01  1.036677e+01  3.587660e-01  8.034000e-03  3.253690e-01  6.920934e-01  6.920936e-01  2.051924e-02  3.751366e+00  5.693014e+05  2.900008e+03  3.379573e+57  1.450402e+52  1.191045e-06  9.386579e+101  1.000000e+00  1.000000e+00  1.000000e+00
5.298317e+03  1.440942e+03  1.167978e+05  9.802778e+02  5.298317e+03  2.302157e+00  2.283904e+00  1.825400e-02  1.028899e+01  1.028899e+01  3.581620e-01  7.929000e-03  3.304792e-01  7.174082e-01  7.174084e-01  1.852274e-02  3.132489e+00  5.873110e+05  2.885036e+03  3.422276e+57  1.442951e+52  8.617644e-07  5.303488e+101  1.000000e+00  1.000000e+00  1.000000e+00
5.298317e+03  1.571717e+03  1.167978e+05  1.111060e+03  5.298317e+03  2.312935e+00  2.294785e+00  1.815000e-02  1.020220e+01  1.020220e+01  3.574820e-01  7.847000e-03  3.348507e-01  7.399897e-01  7.399900e-01  1.684492e-02  2.667596e+00  6.021654e+05  2.868229e+03  3.441621e+57  1.434585e+52  4.995201e-07  2.018383e+101  1.000000e+00  1.000000e+00  1.000000e+00
5.298317e+03  1.719954e+03  1.167978e+05  1.259289e+03  5.298317e+03  2.316861e+00  2.298827e+00  1.803300e-02  1.010795e+01  1.010795e+01  3.567160e-01  7.784000e-03  3.385466e-01  7.597924e-01  7.597927e-01  1.541235e-02  2.310387e+00  6.153436e+05  2.849376e+03  3.449348e+57  1.425201e+52  3.929558e-08  3.238729e+100  1.000000e+00  1.000000e+00  1.000000e+00
5.298317e+03  1.887962e+03  1.167978e+05  1.427295e+03  5.298317e+03  2.314737e+00  2.296835e+00  1.790300e-02  1.000763e+01  1.000763e+01  3.558520e-01  7.734000e-03  3.416271e-01  7.768247e-01  7.768249e-01  1.419579e-02  2.033815e+00  6.267964e+05  2.828247e+03  3.445970e+57  1.414684e+52  -4.894009e-07  -8.450210e+100  -1.000000e+00  -1.000000e+00  1.000000e+00
5.298317e+03  2.078381e+03  1.167978e+05  1.617714e+03  5.298317e+03  2.307327e+00  2.289570e+00  1.775700e-02  9.902636e+00  9.902636e+00  3.548820e-01  7.696000e-03  3.441437e-01  7.911126e-01  7.911129e-01  1.316313e-02  1.817957e+00  6.366828e+05  2.804623e+03  3.433455e+57  1.402923e+52  -1.321389e-06  -2.036081e+101  -1.000000e+00  -1.000000e+00  1.000000e+00
5.298317e+03  2.294199e+03  1.167978e+05  1.833538e+03  5.298317e+03  2.295351e+00  2.277757e+00  1.759400e-02  9.794388e+00  9.794388e+00  3.537920e-01  7.665000e-03  3.461413e-01  8.027022e-01  8.027025e-01  1.228445e-02  1.648129e+00  6.436594e+05  2.778238e+03  3.402287e+57  1.389787e+52  -2.037588e-06  -2.590211e+101  -1.000000e+00  -1.000000e+00  1.000000e+00
5.298317e+03  2.538819e+03  1.167978e+05  2.078156e+03  5.298317e+03  2.279478e+00  2.262066e+00  1.741200e-02  9.683891e+00  9.683891e+00  3.525680e-01  7.638000e-03  3.476699e-01  8.117244e-01  8.117246e-01  1.154350e-02  1.515006e+00  6.504606e+05  2.748833e+03  3.373405e+57  1.375147e+52  -3.763937e-06  -2.670121e+101  -1.000000e+00  -1.000000e+00  1.000000e+00
5.298317e+03  2.816077e+03  1.167978e+05  2.355409e+03  5.298317e+03  2.260334e+00  2.243125e+00  1.720900e-02  9.572336e+00  9.572336e+00  3.511960e-01  7.614000e-03  3.487677e-01  8.182884e-01  8.182887e-01  1.091539e-02  1.410148e+00  6.546273e+05  2.716121e+03  3.328922e+57  1.358858e+52  -6.297771e-06  -3.023976e+101  -1.000000e+00  -1.000000e+00  1.000000e+00
5.298317e+03  3.130319e+03  1.167978e+05  2.669651e+03  5.298317e+03  2.238493e+00  2.221509e+00  1.698500e-02  9.460766e+00  9.460766e+00  3.496600e-01  7.588000e-03  3.494710e-01  8.225309e-01  8.225312e-01  1.038765e-02  1.328542e+00  6.575851e+05  2.679835e+03  3.279869e+57  1.340787e+52  -1.145068e-05  -2.879840e+101  -1.000000e+00  -1.000000e+00  1.000000e+00
5.298317e+03  3.486480e+03  1.167978e+05  3.025817e+03  5.298317e+03  2.214486e+00  2.197750e+00  1.673600e-02  9.350144e+00  9.350144e+00  3.479440e-01  7.557000e-03  3.498133e-01  8.246068e-01  8.246071e-01  9.946203e-03  1.265840e+00  6.593630e+05  2.639669e+03  3.226699e+57  1.320783e+52  -1.402527e-05  -2.505480e+101  -1.000000e+00  -1.000000e+00  1.000000e+00
5.298317e+03  3.890162e+03  1.167978e+05  3.429500e+03  5.298317e+03  2.188795e+00  2.172334e+00  1.646100e-02  9.241270e+00  9.241270e+00  3.460290e-01  7.521000e-03  3.498284e-01  8.246983e-01  8.246986e-01  9.581578e-03  1.219206e+00  6.612111e+05  2.595336e+03  3.178982e+57  1.298701e+52  1.144965e-04  -2.238903e+101  1.000000e+00  -1.000000e+00  1.000000e+00
5.298317e+03  4.347708e+03  1.167978e+05  3.887040e+03  5.298317e+03  2.161862e+00  2.145703e+00  1.615900e-02  9.134995e+00  9.134995e+00  3.438960e-01  7.474000e-03  3.495435e-01  8.229700e-01  8.229703e-01  9.283020e-03  1.186016e+00  6.609735e+05  2.546580e+03  3.120668e+57  1.274411e+52  8.001943e-05  -2.177476e+101  1.000000e+00  -1.000000e+00  1.000000e+00
5.298317e+03  4.866291e+03  1.167978e+05  4.405622e+03  5.298317e+03  2.134086e+00  2.118259e+00  1.582700e-02  9.031905e+00  9.031905e+00  3.415250e-01  7.416000e-03  3.489910e-01  8.196320e-01  8.196323e-01  9.042347e-03  1.164448e+00  6.598956e+05  2.493138e+03  3.061092e+57  1.247783e+52  2.100030e-05  -1.911634e+101  1.000000e+00  -1.000000e+00  1.000000e+00
5.298317e+03  5.454054e+03  1.167978e+05  4.993389e+03  5.298317e+03  2.105834e+00  2.090370e+00  1.546400e-02  8.932748e+00  8.932748e+00  3.388970e-01  7.344000e-03  3.481935e-01  8.148464e-01  8.148466e-01  8.853079e-03  1.153193e+00  6.580884e+05  2.434790e+03  3.001015e+57  1.218706e+52  1.270958e-05  -1.743263e+101  1.000000e+00  -1.000000e+00  1.000000e+00
5.298317e+03  6.120229e+03  1.167978e+05  5.659571e+03  5.298317e+03  2.077432e+00  2.062362e+00  1.507000e-02  8.837988e+00  8.837988e+00  3.359900e-01  7.254000e-03  3.471803e-01  8.088198e-01  8.088200e-01  8.714328e-03  1.151773e+00  6.546780e+05  2.371363e+03  2.933839e+57  1.187091e+52  8.829653e-06  -1.508163e+101  1.000000e+00  -1.000000e+00  1.000000e+00
5.298317e+03  6.875298e+03  1.167978e+05  6.414631e+03  5.298317e+03  2.049181e+00  2.034538e+00  1.464300e-02  8.748190e+00  8.748190e+00  3.327840e-01  7.146000e-03  3.459742e-01  8.017239e-01  8.017261e-01  8.615134e-03  1.158659e+00  6.517397e+05  2.302732e+03  2.874978e+57  1.152881e+52  8.775963e-06  -1.185122e+101  1.000000e+00  -1.000000e+00  1.000000e+00
5.298317e+03  7.731096e+03  1.167978e+05  7.270426e+03  5.298317e+03  2.021341e+00  2.007159e+00  1.418200e-02  8.663664e+00  8.663664e+00  3.292600e-01  7.016000e-03  3.446035e-01  7.937599e-01  7.937602e-01  8.551073e-03  1.173078e+00  6.483616e+05  2.228878e+03  2.817388e+57  1.116049e+52  7.629725e-06  -9.868404e+100  1.000000e+00  -1.000000e+00  1.000000e+00
5.298317e+03  8.701063e+03  1.167978e+05  8.240395e+03  5.298317e+03  1.994159e+00  1.980470e+00  1.368900e-02  8.584875e+00  8.584875e+00  3.253970e-01  6.865000e-03  3.430895e-01  7.850852e-01  7.850854e-01  8.523554e-03  1.195349e+00  6.446393e+05  2.149825e+03  2.761606e+57  1.076619e+52  6.819641e-06  -8.116621e+100  1.000000e+00  -1.000000e+00  1.000000e+00
5.298317e+03  9.800430e+03  1.167978e+05  9.339770e+03  5.298317e+03  1.967846e+00  1.954682e+00  1.316400e-02  8.512025e+00  8.512025e+00  3.211790e-01  6.689000e-03  3.414599e-01  7.758877e-01  7.758879e-01  8.524716e-03  1.224351e+00  6.406534e+05  2.065726e+03  2.707980e+57  1.034662e+52  5.804233e-06  -6.944470e+100  1.000000e+00  -1.000000e+00  1.000000e+00
5.298317e+03  1.104648e+04  1.167978e+05  1.058582e+04  5.298317e+03  1.942592e+00  1.929985e+00  1.260800e-02  8.445437e+00  8.445437e+00  3.165910e-01  6.490000e-03  3.397357e-01  7.663088e-01  7.663090e-01  8.550699e-03  1.259518e+00  6.356723e+05  1.976844e+03  2.650769e+57  9.903063e+51  5.278851e-06  -5.666961e+100  1.000000e+00  -1.000000e+00  1.000000e+00
5.298317e+03  1.245877e+04  1.167978e+05  1.199810e+04  5.298317e+03  1.918563e+00  1.906539e+00  1.202300e-02  8.385063e+00  8.385063e+00  3.116220e-01  6.267000e-03  3.379491e-01  7.565449e-01  7.565451e-01  8.599152e-03  1.300512e+00  6.314234e+05  1.883569e+03  2.602624e+57  9.437446e+51  5.359916e-06  -4.180750e+100  1.000000e+00  -1.000000e+00  1.000000e+00
5.298317e+03  1.405947e+04  1.167978e+05  1.359880e+04  5.298317e+03  1.895906e+00  1.884492e+00  1.141400e-02  8.331205e+00  8.331205e+00  3.062630e-01  6.020000e-03  3.361171e-01  7.466995e-01  7.466997e-01  8.668048e-03  1.347041e+00  6.271506e+05  1.786406e+03  2.557601e+57  8.952272e+51  5.031202e-06  -3.263173e+100  1.000000e+00  -1.000000e+00  1.000000e+00
5.298317e+03  1.587372e+04  1.167978e+05  1.541306e+04  5.298317e+03  1.874744e+00  1.863961e+00  1.078300e-02  8.283792e+00  8.283792e+00  3.005110e-01  5.752000e-03  3.342677e-01  7.369263e-01  7.369265e-01  8.750746e-03  1.397867e+00  6.229135e+05  1.686002e+03  2.515868e+57  8.450748e+51  4.430484e-06  -2.649740e+100  1.000000e+00  -1.000000e+00  1.000000e+00
5.298317e+03  1.793002e+04  1.167978e+05  1.746936e+04  5.298317e+03  1.855177e+00  1.845042e+00  1.013500e-02  8.242736e+00  8.242736e+00  2.943680e-01  5.463000e-03  3.324265e-01  7.273577e-01  7.273579e-01  8.849403e-03  1.453201e+00  6.180168e+05  1.583102e+03  2.471882e+57  7.936580e+51  4.159830e-06  -2.063730e+100  1.000000e+00  -1.000000e+00  1.000000e+00
5.298317e+03  2.025605e+04  1.167978e+05  1.979538e+04  5.298317e+03  1.837320e+00  1.827843e+00  9.477000e-03  8.208025e+00  8.208025e+00  2.878530e-01  5.158000e-03  3.306190e-01  7.181166e-01  7.181168e-01  8.955141e-03  1.511258e+00  6.140268e+05  1.478758e+03  2.437079e+57  7.415014e+51  4.361413e-06  -1.580761e+100  1.000000e+00  -1.000000e+00  1.000000e+00
7.278954e+03  4.784787e+02  1.207631e+05  1.782080e+01  7.278954e+03  2.694100e-02  6.200000e-05  2.688000e-02  5.192570e-01  5.192570e-01  4.044460e-01  9.977040e-01  7.663352e-02  8.674279e-02  8.674454e-02  2.657939e-02  6.705878e+03  9.955908e+00  4.341226e+03  7.690182e+52  2.475443e+52  4.308591e-06  0.000000e+00  1.000000e+00  -1.000000e+00  1.000000e+00
7.278954e+03  4.808563e+02  1.207631e+05  2.019840e+01  7.278954e+03  2.694200e-02  7.400000e-05  2.686800e-02  5.468150e-01  5.468150e-01  4.043890e-01  9.972640e-01  7.277257e-02  8.182107e-02  8.182274e-02  2.057670e-02  6.719652e+03  1.189290e+01  4.339384e+03  9.165468e+52  2.474400e+52  4.460371e-06  0.000000e+00  1.000000e+00  -1.000000e+00  1.000000e+00
7.278954e+03  4.835509e+02  1.207631e+05  2.289310e+01  7.278954e+03  2.694600e-02  8.900000e-05  2.685600e-02  5.818680e-01  5.818680e-01  4.043300e-01  9.966850e-01  6.839864e-02  7.632543e-02  7.632697e-02  1.514348e-02  6.743657e+03  1.446800e+01  4.337520e+03  1.112829e+53  2.473391e+52  5.696256e-06  0.000000e+00  1.000000e+00  -1.000000e+00  1.000000e+00
7.278954e+03  4.866048e+02  1.207631e+05  2.594730e+01  7.278954e+03  2.695500e-02  1.100000e-04  2.684500e-02  6.276220e-01  6.276220e-01  4.042710e-01  9.959020e-01  6.343496e-02  7.018910e-02  7.019046e-02  1.048062e-02  6.802457e+03  1.792466e+01  4.335686e+03  1.376942e+53  2.472446e+52  5.740153e-06  2.573049e+100  1.000000e+00  1.000000e+00  1.000000e+00
7.278954e+03  4.900671e+02  1.207631e+05  2.940900e+01  7.278954e+03  2.698500e-02  1.390000e-04  2.684600e-02  6.842960e-01  6.842960e-01  4.085410e-01  9.948460e-01  5.824438e-02  6.388323e-02  6.443932e-02  6.694611e-03  6.911046e+03  2.262851e+01  4.379296e+03  1.736899e+53  2.473262e+52  -6.005715e-06  3.348745e+100  -1.000000e+00  1.000000e+00  1.000000e+00
7.278954e+03  4.939909e+02  1.207631e+05  3.333260e+01  7.278954e+03  2.700800e-02  1.840000e-04  2.682300e-02  7.752340e-01  7.752340e-01  4.041600e-01  9.931730e-01  5.145602e-02  5.580201e-02  5.580308e-02  3.932314e-03  7.267372e+03  3.002758e+01  4.332264e+03  2.307953e+53  2.470809e+52  8.479785e-06  4.632859e+100  1.000000e+00  1.000000e+00  1.000000e+00
7.278954e+03  4.984378e+02  1.207631e+05  3.777960e+01  7.278954e+03  2.707000e-02  2.560000e-04  2.681400e-02  9.028510e-01  9.028510e-01  4.041120e-01  9.905500e-01  4.428489e-02  4.746203e-02  4.746293e-02  2.143535e-03  8.389733e+03  4.159154e+01  4.330821e+03  3.206500e+53  2.470150e+52  6.183959e-06  7.051834e+100  1.000000e+00  1.000000e+00  1.000000e+00
7.278954e+03  5.034775e+02  1.207631e+05  4.281980e+01  7.278954e+03  2.719400e-02  3.870000e-04  2.680700e-02  1.108400e+00  1.108400e+00  4.040760e-01  9.857710e-01  3.623775e-02  3.833455e-02  3.833522e-02  1.280928e-03  1.366472e+04  6.268552e+01  4.329676e+03  4.862314e+53  2.469577e+52  6.246688e-06  1.282661e+101  1.000000e+00  1.000000e+00  1.000000e+00
7.278954e+03  5.091908e+02  1.207631e+05  4.853260e+01  7.278954e+03  2.748500e-02  6.840000e-04  2.680100e-02  1.485894e+00  1.485894e+00  4.040440e-01  9.751100e-01  2.732055e-02  2.849372e-02  2.849431e-02  1.226070e-03  5.370250e+04  1.098496e+02  4.328616e+03  8.610898e+53  2.468976e+52  6.341569e-06  3.172276e+101  1.000000e+00  1.000000e+00  1.000000e+00
7.278954e+03  5.156662e+02  1.207631e+05  5.500740e+01  7.278954e+03  2.842500e-02  1.632000e-03  2.679400e-02  2.352949e+00  2.352949e+00  4.040080e-01  9.425970e-01  1.784331e-02  1.833555e-02  1.833584e-02  2.071455e-03  7.634254e+05  2.568707e+02  4.327414e+03  2.047189e+54  2.468293e+52  6.466719e-06  1.443450e+102  1.000000e+00  1.000000e+00  1.000000e+00
7.278954e+03  5.230050e+02  1.207631e+05  6.234610e+01  7.278954e+03  3.399100e-02  7.206000e-03  2.678600e-02  5.069272e+00  5.069272e+00  4.039670e-01  7.880140e-01  9.903811e-03  1.005341e-02  1.005355e-02  5.766363e-03  4.034618e+07  1.105452e+03  4.326056e+03  8.988234e+54  2.467522e+52  6.572489e-06  8.646997e+102  1.000000e+00  1.000000e+00  1.000000e+00
7.278954e+03  5.313221e+02  1.207631e+05  7.066390e+01  7.278954e+03  7.233900e-02  4.556300e-02  2.677600e-02  8.941700e+00  8.941700e+00  4.039200e-01  3.701490e-01  1.194911e-02  1.216764e-02  1.216772e-02  2.826316e-02  7.735270e+07  6.923216e+03  4.324514e+03  5.689268e+55  2.466648e+52  6.563453e-06  2.315421e+103  1.000000e+00  1.000000e+00  1.000000e+00
7.278954e+03  5.407496e+02  1.207631e+05  8.009140e+01  7.278954e+03  1.609350e-01  1.341690e-01  2.676600e-02  9.704160e+00  9.704160e+00  4.038680e-01  1.663140e-01  2.449484e-02  2.543323e-02  2.543330e-02  7.984729e-02  6.036701e+06  2.056884e+04  4.322766e+03  1.675090e+56  2.465656e+52  6.418092e-06  3.385218e+103  1.000000e+00  1.000000e+00  1.000000e+00
7.278954e+03  5.514360e+02  1.207631e+05  9.077660e+01  7.278954e+03  2.762440e-01  2.494900e-01  2.675400e-02  1.008874e+01  1.008874e+01  4.038080e-01  9.684900e-02  4.044241e-02  4.307378e-02  4.307386e-02  1.226784e-01  7.559474e+05  3.882373e+04  4.320793e+03  3.106495e+56  2.464535e+52  6.213407e-06  3.307017e+103  1.000000e+00  1.000000e+00  1.000000e+00
7.278954e+03  5.635472e+02  1.207631e+05  1.028874e+02  7.278954e+03  3.820060e-01  3.552650e-01  2.674100e-02  1.028667e+01  1.028667e+01  4.037410e-01  7.000000e-02  5.485006e-02  5.981935e-02  5.981943e-02  1.384563e-01  1.859233e+05  5.612153e+04  4.318552e+03  4.427402e+56  2.463264e+52  5.945531e-06  2.410917e+103  1.000000e+00  1.000000e+00  1.000000e+00
7.278954e+03  5.772730e+02  1.207631e+05  1.166139e+02  7.278954e+03  4.554860e-01  4.287610e-01  2.672500e-02  1.006923e+01  1.006923e+01  4.036640e-01  5.867400e-02  6.681294e-02  7.435365e-02  7.435374e-02  1.278517e-01  6.401936e+04  6.874545e+04  4.316014e+03  5.344577e+56  2.461824e+52  5.713585e-06  1.947333e+103  1.000000e+00  1.000000e+00  1.000000e+00
7.278954e+03  5.928297e+02  1.207631e+05  1.321717e+02  7.278954e+03  5.507870e-01  5.240790e-01  2.670800e-02  9.777907e+00  9.777907e+00  4.035770e-01  4.849100e-02  8.319922e-02  9.526886e-02  9.526896e-02  1.143187e-01  1.911706e+04  8.586811e+04  4.313143e+03  6.562438e+56  2.460195e+52  5.491239e-06  2.371907e+103  1.000000e+00  1.000000e+00  1.000000e+00
7.278954e+03  6.104652e+02  1.207631e+05  1.498051e+02  7.278954e+03  6.830840e-01  6.563950e-01  2.668900e-02  9.673410e+00  9.673410e+00  4.034790e-01  3.907100e-02  1.042980e-01  1.240895e-01  1.240896e-01  1.070625e-01  5.783162e+03  1.104486e+05  4.309891e+03  8.306291e+56  2.458349e+52  5.312470e-06  2.733116e+103  1.000000e+00  1.000000e+00  1.000000e+00
7.278954e+03  6.304521e+02  1.207631e+05  1.697911e+02  7.278954e+03  8.384290e-01  8.117620e-01  2.666700e-02  9.719542e+00  9.719542e+00  4.033680e-01  3.180500e-02  1.274095e-01  1.584282e-01  1.584283e-01  1.019866e-01  2.025074e+03  1.401702e+05  4.306213e+03  1.038918e+57  2.456261e+52  5.094079e-06  2.773358e+103  1.000000e+00  1.000000e+00  1.000000e+00
7.278954e+03  6.531038e+02  1.207631e+05  1.924434e+02  7.278954e+03  1.003611e+00  9.769690e-01  2.664200e-02  9.838991e+00  9.838991e+00  4.032420e-01  2.654600e-02  1.506595e-01  1.963562e-01  1.963564e-01  9.594663e-02  8.240616e+02  1.735831e+05  4.302048e+03  1.268969e+57  2.453898e+52  4.797312e-06  2.635177e+103  1.000000e+00  1.000000e+00  1.000000e+00
7.278954e+03  6.787757e+02  1.207631e+05  2.181178e+02  7.278954e+03  1.169544e+00  1.142931e+00  2.661300e-02  9.982371e+00  9.982371e+00  4.030990e-01  2.275500e-02  1.730472e-01  2.366377e-01  2.366379e-01  8.834472e-02  3.795461e+02  2.093495e+05  4.297336e+03  1.509859e+57  2.451223e+52  4.534785e-06  2.367263e+103  1.000000e+00  1.000000e+00  1.000000e+00
7.278954e+03  7.078781e+02  1.207631e+05  2.472176e+02  7.278954e+03  1.330174e+00  1.303593e+00  2.658100e-02  1.012346e+01  1.012346e+01  4.029380e-01  1.998300e-02  1.940712e-01  2.784237e-01  2.784239e-01  7.979066e-02  1.932210e+02  2.456300e+05  4.292007e+03  1.747227e+57  2.448198e+52  4.261751e-06  2.059107e+103  1.000000e+00  1.000000e+00  1.000000e+00
7.278954e+03  7.408620e+02  1.207631e+05  2.801996e+02  7.278954e+03  1.481500e+00  1.454955e+00  2.654500e-02  1.024917e+01  1.024917e+01  4.027550e-01  1.791800e-02  2.134984e-01  3.210568e-01  3.210570e-01  7.102078e-02  1.067392e+02  2.826153e+05  4.285973e+03  1.982167e+57  2.444774e+52  3.966481e-06  1.760483e+103  1.000000e+00  1.000000e+00  1.000000e+00
7.278954e+03  7.782441e+02  1.207631e+05  3.175819e+02  7.278954e+03  1.620976e+00  1.594471e+00  2.650400e-02  1.035347e+01  1.035347e+01  4.025480e-01  1.635100e-02  2.312449e-01  3.639758e-01  3.639759e-01  6.261234e-02  6.312363e+01  3.189145e+05  4.279160e+03  2.204255e+57  2.440908e+52  3.704127e-06  1.458466e+103  1.000000e+00  1.000000e+00  1.000000e+00
7.278954e+03  8.206108e+02  1.207631e+05  3.599514e+02  7.278954e+03  1.747103e+00  1.720645e+00  2.645800e-02  1.043382e+01  1.043382e+01  4.023140e-01  1.514400e-02  2.473186e-01  4.066899e-01  4.066901e-01  5.484655e-02  3.951601e+01  3.542640e+05  4.271455e+03  2.411668e+57  2.436534e+52  3.457505e-06  1.179275e+103  1.000000e+00  1.000000e+00  1.000000e+00
7.278954e+03  8.686339e+02  1.207631e+05  4.079736e+02  7.278954e+03  1.859178e+00  1.832772e+00  2.640600e-02  1.049008e+01  1.049008e+01  4.020490e-01  1.420300e-02  2.617724e-01  4.487350e-01  4.487352e-01  4.793618e-02  2.599906e+01  3.877055e+05  4.262745e+03  2.597661e+57  2.431592e+52  3.207041e-06  9.334977e+102  1.000000e+00  1.000000e+00  1.000000e+00
7.278954e+03  9.230662e+02  1.207631e+05  4.624025e+02  7.278954e+03  1.957063e+00  1.930716e+00  2.634700e-02  1.052308e+01  1.052308e+01  4.017500e-01  1.346200e-02  2.746906e-01  4.896882e-01  4.896884e-01  4.188684e-02  1.785512e+01  4.196155e+05  4.252926e+03  2.765610e+57  2.426018e+52  2.881414e-06  7.510125e+102  1.000000e+00  1.000000e+00  1.000000e+00
7.278954e+03  9.847572e+02  1.207631e+05  5.240930e+02  7.278954e+03  2.041039e+00  2.014758e+00  2.628000e-02  1.053416e+01  1.053416e+01  4.014110e-01  1.287600e-02  2.861759e-01  5.291731e-01  5.291733e-01  3.666731e-02  1.273576e+01  4.507408e+05  4.241829e+03  2.921753e+57  2.419719e+52  2.630432e-06  5.766190e+102  1.000000e+00  1.000000e+00  1.000000e+00
7.278954e+03  1.054675e+03  1.207631e+05  5.940138e+02  7.278954e+03  2.111688e+00  2.085482e+00  2.620500e-02  1.052522e+01  1.052522e+01  4.010280e-01  1.241000e-02  2.963331e-01  5.668404e-01  5.668407e-01  3.220101e-02  9.394796e+00  4.782443e+05  4.229321e+03  3.045736e+57  2.412619e+52  2.395718e-06  4.189189e+102  1.000000e+00  1.000000e+00  1.000000e+00
7.278954e+03  1.133922e+03  1.207631e+05  6.732629e+02  7.278954e+03  2.169778e+00  2.143658e+00  2.612100e-02  1.049816e+01  1.049816e+01  4.005960e-01  1.203800e-02  3.052696e-01  6.023898e-01  6.023900e-01  2.839655e-02  7.140841e+00  5.042995e+05  4.215207e+03  3.154687e+57  2.404608e+52  2.057593e-06  3.217066e+102  1.000000e+00  1.000000e+00  1.000000e+00
7.278954e+03  1.223749e+03  1.207631e+05  7.630849e+02  7.278954e+03  2.216207e+00  2.190181e+00  2.602500e-02  1.045499e+01  1.045499e+01  4.001070e-01  1.174300e-02  3.130893e-01  6.355654e-01  6.355656e-01  2.517084e-02  5.577831e+00  5.288200e+05  4.199307e+03  3.248952e+57  2.395582e+52  1.774091e-06  2.291977e+102  1.000000e+00  1.000000e+00  1.000000e+00
7.278954e+03  1.325556e+03  1.207631e+05  8.648903e+02  7.278954e+03  2.251937e+00  2.226020e+00  2.591800e-02  1.039760e+01  1.039760e+01  3.995560e-01  1.150900e-02  3.198930e-01  6.661713e-01  6.661716e-01  2.243772e-02  4.465378e+00  5.502501e+05  4.181415e+03  3.317817e+57  2.385424e+52  1.537994e-06  1.398544e+102  1.000000e+00  1.000000e+00  1.000000e+00
7.278954e+03  1.440942e+03  1.207631e+05  9.802778e+02  7.278954e+03  2.277954e+00  2.252158e+00  2.579700e-02  1.032797e+01  1.032797e+01  3.989330e-01  1.132400e-02  3.257704e-01  6.940413e-01  6.940416e-01  2.012490e-02  3.656653e+00  5.685065e+05  4.161282e+03  3.361672e+57  2.373995e+52  1.195324e-06  8.970856e+101  1.000000e+00  1.000000e+00  1.000000e+00
7.278954e+03  1.571717e+03  1.207631e+05  1.111060e+03  7.278954e+03  2.295241e+00  2.269581e+00  2.566100e-02  1.024778e+01  1.024778e+01  3.982310e-01  1.118000e-02  3.308113e-01  7.190928e-01  7.190931e-01  1.818226e-02  3.059496e+00  5.863689e+05  4.138649e+03  3.402241e+57  2.361148e+52  7.934650e-07  5.622306e+101  1.000000e+00  1.000000e+00  1.000000e+00
7.278954e+03  1.719954e+03  1.207631e+05  1.259289e+03  7.278954e+03  2.304750e+00  2.279241e+00  2.550800e-02  1.015876e+01  1.015876e+01  3.974400e-01  1.106800e-02  3.350926e-01  7.412653e-01  7.412657e-01  1.654093e-02  2.610004e+00  6.010360e+05  4.113256e+03  3.419546e+57  2.346730e+52  4.130580e-07  1.904751e+101  1.000000e+00  1.000000e+00  1.000000e+00
7.278954e+03  1.887962e+03  1.207631e+05  1.427295e+03  7.278954e+03  2.307392e+00  2.282055e+00  2.533700e-02  1.006251e+01  1.006251e+01  3.965490e-01  1.098100e-02  3.386857e-01  7.605508e-01  7.605511e-01  1.514913e-02  2.266291e+00  6.139014e+05  4.084791e+03  3.424694e+57  2.330568e+52  -6.664576e-08  8.340067e+98  -1.000000e+00  1.000000e+00  1.000000e+00
7.278954e+03  2.078381e+03  1.207631e+05  1.617714e+03  7.278954e+03  2.304032e+00  2.278887e+00  2.514500e-02  9.960618e+00  9.960618e+00  3.955460e-01  1.091400e-02  3.416519e-01  7.769636e-01  7.769640e-01  1.397061e-02  2.000816e+00  6.250426e+05  4.052910e+03  3.419138e+57  2.312465e+52  -6.248091e-07  -1.252748e+101  -1.000000e+00  -1.000000e+00  1.000000e+00
7.278954e+03  2.294199e+03  1.207631e+05  1.833538e+03  7.278954e+03  2.295476e+00  2.270545e+00  2.493100e-02  9.854471e+00  9.854471e+00  3.944190e-01  1.086100e-02  3.440496e-01  7.905720e-01  7.905723e-01  1.297261e-02  1.794034e+00  6.345796e+05  4.017285e+03  3.404541e+57  2.292236e+52  -1.536137e-06  -2.543056e+101  -1.000000e+00  -1.000000e+00  1.000000e+00
7.278954e+03  2.538819e+03  1.207631e+05  2.078156e+03  7.278954e+03  2.282471e+00  2.257780e+00  2.469100e-02  9.745385e+00  9.745385e+00  3.931520e-01  1.081800e-02  3.459298e-01  8.014643e-01  8.014660e-01  1.212890e-02  1.632258e+00  6.411995e+05  3.977524e+03  3.371470e+57  2.269659e+52  -2.302312e-06  -3.121123e+101  -1.000000e+00  -1.000000e+00  1.000000e+00
7.278954e+03  2.816077e+03  1.207631e+05  2.355409e+03  7.278954e+03  2.265714e+00  2.241290e+00  2.442500e-02  9.634538e+00  9.634538e+00  3.917320e-01  1.078000e-02  3.473409e-01  8.097711e-01  8.097715e-01  1.141598e-02  1.505372e+00  6.476414e+05  3.933261e+03  3.340964e+57  2.244516e+52  -4.261172e-06  -3.153251e+101  -1.000000e+00  -1.000000e+00  1.000000e+00
7.278954e+03  3.130319e+03  1.207631e+05  2.669651e+03  7.278954e+03  2.245834e+00  2.221705e+00  2.412800e-02  9.523062e+00  9.523062e+00  3.901410e-01  1.074400e-02  3.483233e-01  8.156227e-01  8.156231e-01  1.081589e-02  1.406233e+00  6.514878e+05  3.884074e+03  3.295387e+57  2.216577e+52  -7.298488e-06  -3.511622e+101  -1.000000e+00  -1.000000e+00  1.000000e+00
7.278954e+03  3.486480e+03  1.207631e+05  3.025817e+03  7.278954e+03  2.223412e+00  2.199613e+00  2.379900e-02  9.411974e+00  9.411974e+00  3.883600e-01  1.070400e-02  3.489161e-01  8.191807e-01  8.191811e-01  1.031339e-02  1.329553e+00  6.541198e+05  3.829551e+03  3.245366e+57  2.185605e+52  -1.414418e-05  -3.319719e+101  -1.000000e+00  -1.000000e+00  1.000000e+00
7.278954e+03  3.890162e+03  1.207631e+05  3.429500e+03  7.278954e+03  2.198980e+00  2.175544e+00  2.343600e-02  9.302196e+00  9.302196e+00  3.863710e-01  1.065800e-02  3.491543e-01  8.206168e-01  8.206171e-01  9.895018e-03  1.271289e+00  6.556045e+05  3.769276e+03  3.191613e+57  2.151360e+52  -1.715772e-05  -2.866895e+101  -1.000000e+00  -1.000000e+00  1.000000e+00
7.278954e+03  4.347708e+03  1.207631e+05  3.887040e+03  7.278954e+03  2.173016e+00  2.149982e+00  2.303400e-02  9.194617e+00  9.194617e+00  3.841530e-01  1.060000e-02  3.490688e-01  8.201009e-01  8.201013e-01  9.552168e-03  1.228706e+00  6.571837e+05  3.702854e+03  3.143592e+57  2.113618e+52  8.751233e-05  -2.543494e+101  1.000000e+00  -1.000000e+00  1.000000e+00
7.278954e+03  4.866291e+03  1.207631e+05  4.405622e+03  7.278954e+03  2.145957e+00  2.123364e+00  2.259300e-02  9.089860e+00  9.089860e+00  3.816850e-01  1.052800e-02  3.486948e-01  8.178499e-01  8.178503e-01  9.270425e-03  1.198866e+00  6.567183e+05  3.629904e+03  3.085303e+57  2.072160e+52  4.179316e-05  -2.464465e+101  1.000000e+00  -1.000000e+00  1.000000e+00
7.278954e+03  5.454054e+03  1.207631e+05  4.993389e+03  7.278954e+03  2.118195e+00  2.096085e+00  2.211000e-02  8.988641e+00  8.988641e+00  3.789440e-01  1.043800e-02  3.480595e-01  8.140455e-01  8.140459e-01  9.048546e-03  1.180935e+00  6.554512e+05  3.550068e+03  3.026014e+57  2.026782e+52  1.712374e-05  -2.270415e+101  1.000000e+00  -1.000000e+00  1.000000e+00
7.278954e+03  6.120229e+03  1.207631e+05  5.659571e+03  7.278954e+03  2.090088e+00  2.068505e+00  2.158300e-02  8.891668e+00  8.891668e+00  3.759080e-01  1.032600e-02  3.471867e-01  8.088576e-01  8.088580e-01  8.876763e-03  1.173136e+00  6.525130e+05  3.463062e+03  2.959172e+57  1.977321e+52  1.009235e-05  -1.974518e+101  1.000000e+00  -1.000000e+00  1.000000e+00
7.278954e+03  6.875298e+03  1.207631e+05  6.414631e+03  7.278954e+03  2.061955e+00  2.040945e+00  2.101000e-02  8.799293e+00  8.799293e+00  3.725540e-01  1.018900e-02  3.461091e-01  8.025138e-01  8.025142e-01  8.749462e-03  1.174428e+00  6.499985e+05  3.368680e+03  2.900349e+57  1.923654e+52  9.964228e-06  -1.559853e+101  1.000000e+00  -1.000000e+00  1.000000e+00
7.278954e+03  7.731096e+03  1.207631e+05  7.270426e+03  7.278954e+03  2.034087e+00  2.013695e+00  2.039100e-02  8.712143e+00  8.712143e+00  3.688580e-01  1.002500e-02  3.448467e-01  7.951654e-01  7.951657e-01  8.663334e-03  1.184315e+00  6.470007e+05  3.266780e+03  2.842593e+57  1.865700e+52  8.430029e-06  -1.307056e+101  1.000000e+00  -1.000000e+00  1.000000e+00
7.278954e+03  8.701063e+03  1.207631e+05  8.240395e+03  7.278954e+03  2.006738e+00  1.987012e+00  1.972600e-02  8.630481e+00  8.630481e+00  3.648000e-01  9.830000e-03  3.434292e-01  7.870211e-01  7.870215e-01  8.612102e-03  1.201787e+00  6.436018e+05  3.157352e+03  2.786313e+57  1.803452e+52  7.391552e-06  -1.082906e+101  1.000000e+00  -1.000000e+00  1.000000e+00
7.278954e+03  9.800430e+03  1.207631e+05  9.339770e+03  7.278954e+03  1.980141e+00  1.961127e+00  1.901400e-02  8.554607e+00  8.554607e+00  3.603580e-01  9.602000e-03  3.418832e-01  7.782627e-01  7.782631e-01  8.593093e-03  1.226543e+00  6.398923e+05  3.040536e+03  2.731953e+57  1.736984e+52  6.204526e-06  -9.328191e+100  1.000000e+00  -1.000000e+00  1.000000e+00
7.278954e+03  1.104648e+04  1.207631e+05  1.058582e+04  7.278954e+03  1.954501e+00  1.936244e+00  1.825700e-02  8.484923e+00  8.484923e+00  3.555140e-01  9.341000e-03  3.402277e-01  7.690264e-01  7.690267e-01  8.601558e-03  1.257865e+00  6.351345e+05  2.916612e+03  2.673739e+57  1.666451e+52  5.581550e-06  -7.625583e+100  1.000000e+00  -1.000000e+00  1.000000e+00
7.278954e+03  1.245877e+04  1.207631e+05  1.199810e+04  7.278954e+03  1.929999e+00  1.912541e+00  1.745900e-02  8.421427e+00  8.421427e+00  3.502540e-01  9.046000e-03  3.384957e-01  7.595149e-01  7.595152e-01  8.634394e-03  1.295324e+00  6.310864e+05  2.786016e+03  2.624553e+57  1.592101e+52  5.664216e-06  -5.684297e+100  1.000000e+00  -1.000000e+00  1.000000e+00
7.278954e+03  1.405947e+04  1.207631e+05  1.359880e+04  7.278954e+03  1.906794e+00  1.890172e+00  1.662200e-02  8.364374e+00  8.364374e+00  3.445650e-01  8.717000e-03  3.367068e-01  7.498507e-01  7.498510e-01  8.689533e-03  1.338599e+00  6.269741e+05  2.649399e+03  2.578321e+57  1.514299e+52  5.290334e-06  -4.469293e+100  1.000000e+00  -1.000000e+00  1.000000e+00
7.278954e+03  1.587372e+04  1.207631e+05  1.541306e+04  7.278954e+03  1.885021e+00  1.869270e+00  1.575100e-02  8.313722e+00  8.313722e+00  3.384400e-01  8.356000e-03  3.348901e-01  7.401970e-01  7.401972e-01  8.759762e-03  1.386430e+00  6.228625e+05  2.507566e+03  2.535264e+57  1.433502e+52  4.968741e-06  -3.466736e+100  1.000000e+00  -1.000000e+00  1.000000e+00
7.278954e+03  1.793002e+04  1.207631e+05  1.746936e+04  7.278954e+03  1.864794e+00  1.849941e+00  1.485300e-02  8.269560e+00  8.269560e+00  3.318790e-01  7.965000e-03  3.330659e-01  7.306627e-01  7.306629e-01  8.845979e-03  1.438810e+00  6.188126e+05  2.361515e+03  2.495483e+57  1.350273e+52  4.371001e-06  -2.800999e+100  1.000000e+00  -1.000000e+00  1.000000e+00
7.278954e+03  2.025605e+04  1.207631e+05  1.979538e+04  7.278954e+03  1.846241e+00  1.832306e+00  1.393500e-02  8.231786e+00  8.231786e+00  3.248970e-01  7.548000e-03  3.312652e-01  7.214037e-01  7.214040e-01  8.943600e-03  1.494679e+00  6.141491e+05  2.212669e+03  2.453658e+57  1.265421e+52  3.855393e-06  -2.573871e+100  1.000000e+00  -1.000000e+00  1.000000e+00
1.000000e+04  4.866048e+02  1.255740e+05  2.594730e+01  1.000000e+04  3.691700e-02  8.500000e-05  3.683200e-02  5.142170e-01  5.142170e-01  4.455640e-01  9.977100e-01  1.060378e-01  1.265689e-01  1.265714e-01  4.127479e-02  2.052467e+03  1.378656e+01  6.102396e+03  1.050091e+53  3.946066e+52  4.766653e-06  0.000000e+00  1.000000e+00  -1.000000e+00  1.000000e+00
1.000000e+04  4.900671e+02  1.255740e+05  2.940900e+01  1.000000e+04  3.691900e-02  1.010000e-04  3.681800e-02  5.402740e-01  5.402740e-01  4.455030e-01  9.972620e-01  1.009283e-01  1.193336e-01  1.193360e-01  3.229664e-02  2.055927e+03  1.656266e+01  6.099968e+03  1.257591e+53  3.944619e+52  4.856469e-06  1.966672e+100  1.000000e+00  1.000000e+00  1.000000e+00
1.000000e+04  4.939909e+02  1.255740e+05  3.333260e+01  1.000000e+04  3.692500e-02  1.220000e-04  3.680300e-02  5.733160e-01  5.733160e-01  4.454420e-01  9.966870e-01  9.512804e-02  1.112868e-01  1.112891e-01  2.407851e-02  2.060496e+03  2.021262e+01  6.097551e+03  1.530407e+53  3.943227e+52  5.329880e-06  2.281171e+100  1.000000e+00  1.000000e+00  1.000000e+00
1.000000e+04  4.984378e+02  1.255740e+05  3.777960e+01  1.000000e+04  3.693900e-02  1.510000e-04  3.678800e-02  6.160730e-01  6.160730e-01  4.453810e-01  9.959250e-01  8.855842e-02  1.023790e-01  1.023810e-01  1.702406e-02  2.083548e+03  2.500046e+01  6.095175e+03  1.888741e+53  3.941912e+52  5.635992e-06  2.729745e+100  1.000000e+00  1.000000e+00  1.000000e+00
1.000000e+04  5.034775e+02  1.255740e+05  4.281980e+01  1.000000e+04  3.696400e-02  1.890000e-04  3.677400e-02  6.729860e-01  6.729860e-01  4.453230e-01  9.948780e-01  8.112408e-02  9.255248e-02  9.255435e-02  1.105644e-02  2.098238e+03  3.168346e+01  6.092923e+03  2.390365e+53  3.940701e+52  5.704607e-06  3.425215e+100  1.000000e+00  1.000000e+00  1.000000e+00
1.000000e+04  5.091908e+02  1.255740e+05  4.853260e+01  1.000000e+04  3.700800e-02  2.460000e-04  3.676200e-02  7.517690e-01  7.517690e-01  4.452710e-01  9.933590e-01  7.270914e-02  8.174077e-02  8.174232e-02  6.553175e-03  2.150134e+03  4.129572e+01  6.090889e+03  3.115626e+53  3.939601e+52  5.842620e-06  4.589166e+100  1.000000e+00  1.000000e+00  1.000000e+00
1.000000e+04  5.156662e+02  1.255740e+05  5.500740e+01  1.000000e+04  3.708600e-02  3.350000e-04  3.675100e-02  8.663480e-01  8.663480e-01  4.452280e-01  9.909670e-01  6.322739e-02  6.993478e-02  6.993613e-02  3.539181e-03  2.334960e+03  5.643667e+01  6.089127e+03  4.267103e+53  3.938556e+52  5.939780e-06  6.896700e+100  1.000000e+00  1.000000e+00  1.000000e+00
1.000000e+04  5.230050e+02  1.255740e+05  6.234610e+01  1.000000e+04  3.723900e-02  4.980000e-04  3.674100e-02  1.046178e+00  1.046178e+00  4.451870e-01  9.866320e-01  5.257452e-02  5.712087e-02  5.712191e-02  1.935091e-03  3.211485e+03  8.351119e+01  6.087373e+03  6.348444e+53  3.937427e+52  6.072984e-06  1.214047e+101  1.000000e+00  1.000000e+00  1.000000e+00
1.000000e+04  5.313221e+02  1.255740e+05  7.066390e+01  1.000000e+04  3.758600e-02  8.560000e-04  3.673000e-02  1.362452e+00  1.362452e+00  4.451410e-01  9.772260e-01  4.074592e-02  4.341839e-02  4.341919e-02  1.572401e-03  9.333476e+03  1.416532e+02  6.085386e+03  1.088042e+54  3.936148e+52  6.203697e-06  2.739430e+101  1.000000e+00  1.000000e+00  1.000000e+00
1.000000e+04  5.407496e+02  1.255740e+05  8.009140e+01  1.000000e+04  3.863400e-02  1.917000e-03  3.671700e-02  2.033721e+00  2.033721e+00  4.450880e-01  9.503750e-01  2.805819e-02  2.929717e-02  2.929768e-02  2.582264e-03  9.899667e+04  3.104746e+02  6.083137e+03  2.427093e+54  3.934700e+52  6.323791e-06  1.085653e+102  1.000000e+00  1.000000e+00  1.000000e+00
1.000000e+04  5.514360e+02  1.255740e+05  9.077660e+01  1.000000e+04  4.404400e-02  7.342000e-03  3.670200e-02  3.918941e+00  3.918941e+00  4.450280e-01  8.332940e-01  1.659984e-02  1.702495e-02  1.702520e-02  7.388074e-03  3.907504e+06  1.147955e+03  6.080588e+03  9.205782e+54  3.933059e+52  6.487147e-06  6.839315e+102  1.000000e+00  1.000000e+00  1.000000e+00
1.000000e+04  5.635472e+02  1.255740e+05  1.028874e+02  1.000000e+04  8.402300e-02  4.733800e-02  3.668500e-02  7.633044e+00  7.633044e+00  4.449610e-01  4.366100e-01  1.625852e-02  1.666608e-02  1.666622e-02  3.437973e-02  2.017452e+07  7.265064e+03  6.077701e+03  5.920274e+55  3.931199e+52  6.510573e-06  2.064022e+103  1.000000e+00  1.000000e+00  1.000000e+00
1.000000e+04  5.772730e+02  1.255740e+05  1.166139e+02  1.000000e+04  1.923150e-01  1.556490e-01  3.666600e-02  9.203132e+00  9.203132e+00  4.448840e-01  1.906570e-01  3.086454e-02  3.237117e-02  3.237129e-02  9.117401e-02  2.170099e+06  2.410103e+04  6.074427e+03  1.942369e+56  3.929092e+52  6.340072e-06  3.080499e+103  1.000000e+00  1.000000e+00  1.000000e+00
1.000000e+04  5.928297e+02  1.255740e+05  1.321717e+02  1.000000e+04  3.231000e-01  2.864560e-01  3.664500e-02  9.794681e+00  9.794681e+00  4.447970e-01  1.134160e-01  4.872243e-02  5.259942e-02  5.259954e-02  1.255498e-01  3.048427e+05  4.511955e+04  6.070713e+03  3.571797e+56  3.926703e+52  6.066788e-06  2.740001e+103  1.000000e+00  1.000000e+00  1.000000e+00
1.000000e+04  6.104652e+02  1.255740e+05  1.498051e+02  1.000000e+04  4.269580e-01  3.903370e-01  3.662000e-02  9.798102e+00  9.798102e+00  4.446990e-01  8.577100e-02  6.436126e-02  7.132627e-02  7.132638e-02  1.234254e-01  7.450565e+04  6.261891e+04  6.066513e+03  4.871792e+56  3.924000e+52  5.797327e-06  2.238294e+103  1.000000e+00  1.000000e+00  1.000000e+00
1.000000e+04  6.304521e+02  1.255740e+05  1.697911e+02  1.000000e+04  5.429760e-01  5.063830e-01  3.659300e-02  9.589810e+00  9.589810e+00  4.445870e-01  6.739300e-02  8.362814e-02  9.583285e-02  9.583299e-02  1.108590e-01  1.806801e+04  8.321736e+04  6.061758e+03  6.349977e+56  3.920940e+52  5.530157e-06  2.466953e+103  1.000000e+00  1.000000e+00  1.000000e+00
1.000000e+04  6.531038e+02  1.255740e+05  1.924434e+02  1.000000e+04  6.974130e-01  6.608520e-01  3.656200e-02  9.552110e+00  9.552110e+00  4.444610e-01  5.242500e-02  1.078382e-01  1.291519e-01  1.291520e-01  1.039406e-01  4.751549e+03  1.118966e+05  6.056372e+03  8.387426e+56  3.917476e+52  5.269077e-06  2.780102e+103  1.000000e+00  1.000000e+00  1.000000e+00
1.000000e+04  6.787757e+02  1.255740e+05  2.181178e+02  1.000000e+04  8.742720e-01  8.377460e-01  3.652600e-02  9.657158e+00  9.657158e+00  4.443180e-01  4.177900e-02  1.337146e-01  1.683560e-01  1.683562e-01  9.861309e-02  1.537962e+03  1.463884e+05  6.050297e+03  1.079988e+57  3.913563e+52  5.022829e-06  2.752005e+103  1.000000e+00  1.000000e+00  1.000000e+00
1.000000e+04  7.078781e+02  1.255740e+05  2.472176e+02  1.000000e+04  1.057346e+00  1.020859e+00  3.648700e-02  9.818578e+00  9.818578e+00  4.441560e-01  3.450800e-02  1.590560e-01  2.109981e-01  2.109983e-01  9.173862e-02  6.007723e+02  1.836918e+05  6.043402e+03  1.334920e+57  3.909129e+52  4.733522e-06  2.530749e+103  1.000000e+00  1.000000e+00  1.000000e+00
1.000000e+04  7.408620e+02  1.255740e+05  2.801996e+02  1.000000e+04  1.236254e+00  1.199812e+00  3.644100e-02  9.986935e+00  9.986935e+00  4.439730e-01  2.947700e-02  1.828340e-01  2.555722e-01  2.555724e-01  8.321846e-02  2.715453e+02  2.230295e+05  6.035605e+03  1.596899e+57  3.904111e+52  4.383664e-06  2.250176e+103  1.000000e+00  1.000000e+00  1.000000e+00
1.000000e+04  7.782441e+02  1.255740e+05  3.175819e+02  1.000000e+04  1.404758e+00  1.368368e+00  3.639000e-02  1.013921e+01  1.013921e+01  4.437650e-01  2.590500e-02  2.046346e-01  3.010836e-01  3.010838e-01  7.403575e-02  1.375479e+02  2.630088e+05  6.026798e+03  1.855171e+57  3.898444e+52  4.119321e-06  1.898280e+103  1.000000e+00  1.000000e+00  1.000000e+00
1.000000e+04  8.206108e+02  1.255740e+05  3.599514e+02  1.000000e+04  1.559295e+00  1.522963e+00  3.633300e-02  1.026593e+01  1.026593e+01  4.435310e-01  2.330100e-02  2.243426e-01  3.467909e-01  3.467911e-01  6.501673e-02  7.627397e+01  3.013963e+05  6.016850e+03  2.093016e+57  3.892038e+52  3.855855e-06  1.553589e+103  1.000000e+00  1.000000e+00  1.000000e+00
1.000000e+04  8.686339e+02  1.255740e+05  4.079736e+02  1.000000e+04  1.698025e+00  1.661757e+00  3.626700e-02  1.036401e+01  1.036401e+01  4.432650e-01  2.135900e-02  2.419903e-01  3.920891e-01  3.920893e-01  5.667232e-02  4.552971e+01  3.390203e+05  6.005585e+03  2.316944e+57  3.884792e+52  3.546798e-06  1.267209e+103  1.000000e+00  1.000000e+00  1.000000e+00
1.000000e+04  9.230662e+02  1.255740e+05  4.624025e+02  1.000000e+04  1.820274e+00  1.784080e+00  3.619400e-02  1.043354e+01  1.043354e+01  4.429650e-01  1.988400e-02  2.576836e-01  4.364601e-01  4.364603e-01  4.924870e-02  2.889825e+01  3.748628e+05  5.992892e+03  2.519814e+57  3.876617e+52  3.244692e-06  1.012344e+103  1.000000e+00  1.000000e+00  1.000000e+00
1.000000e+04  9.847572e+02  1.255740e+05  5.240930e+02  1.000000e+04  1.926122e+00  1.890011e+00  3.611000e-02  1.047603e+01  1.047603e+01  4.426250e-01  1.874800e-02  2.715617e-01  4.794507e-01  4.794510e-01  4.279392e-02  1.931733e+01  4.091931e+05  5.978522e+03  2.704441e+57  3.867371e+52  2.934905e-06  7.998924e+102  1.000000e+00  1.000000e+00  1.000000e+00
1.000000e+04  1.054675e+03  1.255740e+05  5.940138e+02  1.000000e+04  2.016150e+00  1.980134e+00  3.601600e-02  1.049375e+01  1.049375e+01  4.422410e-01  1.786400e-02  2.837749e-01  5.206592e-01  5.206596e-01  3.726745e-02  1.349979e+01  4.414262e+05  5.962334e+03  2.867139e+57  3.856949e+52  2.655738e-06  6.122449e+102  1.000000e+00  1.000000e+00  1.000000e+00
1.000000e+04  1.133922e+03  1.255740e+05  6.732629e+02  1.000000e+04  2.091262e+00  2.055351e+00  3.591000e-02  1.048894e+01  1.048894e+01  4.418060e-01  1.717200e-02  2.944819e-01  5.597677e-01  5.597682e-01  3.258725e-02  9.810606e+00  4.711586e+05  5.944052e+03  3.006021e+57  3.845183e+52  2.400379e-06  4.507499e+102  1.000000e+00  1.000000e+00  1.000000e+00
1.000000e+04  1.223749e+03  1.255740e+05  7.630849e+02  1.000000e+04  2.152535e+00  2.116744e+00  3.579100e-02  1.046443e+01  1.046443e+01  4.413160e-01  1.662700e-02  3.038201e-01  5.964588e-01  5.964591e-01  2.862350e-02  7.371439e+00  4.979897e+05  5.923451e+03  3.118996e+57  3.831923e+52  2.158499e-06  3.151581e+102  1.000000e+00  1.000000e+00  1.000000e+00
1.000000e+04  1.325556e+03  1.255740e+05  8.648903e+02  1.000000e+04  2.201139e+00  2.165483e+00  3.565600e-02  1.042258e+01  1.042258e+01  4.407620e-01  1.619900e-02  3.119278e-01  6.305070e-01  6.305074e-01  2.529149e-02  5.709644e+00  5.217681e+05  5.900261e+03  3.206036e+57  3.816992e+52  1.820345e-06  2.295582e+102  1.000000e+00  1.000000e+00  1.000000e+00
1.000000e+04  1.440942e+03  1.255740e+05  9.802778e+02  1.000000e+04  2.238271e+00  2.202767e+00  3.550500e-02  1.036566e+01  1.036566e+01  4.401360e-01  1.586300e-02  3.189314e-01  6.617413e-01  6.617417e-01  2.248836e-02  4.543348e+00  5.450044e+05  5.874148e+03  3.286940e+57  3.800182e+52  1.514909e-06  1.560216e+102  1.000000e+00  1.000000e+00  1.000000e+00
1.000000e+04  1.571717e+03  1.255740e+05  1.111060e+03  1.000000e+04  2.265117e+00  2.229783e+00  3.533400e-02  1.029587e+01  1.029587e+01  4.394300e-01  1.559900e-02  3.249444e-01  6.900400e-01  6.900404e-01  2.015533e-02  3.708961e+00  5.635860e+05  5.844770e+03  3.331973e+57  3.781272e+52  1.211370e-06  9.015420e+101  1.000000e+00  1.000000e+00  1.000000e+00
1.000000e+04  1.719954e+03  1.255740e+05  1.259289e+03  1.000000e+04  2.282817e+00  2.247675e+00  3.514200e-02  1.021522e+01  1.021522e+01  4.386350e-01  1.539400e-02  3.300692e-01  7.153349e-01  7.153354e-01  1.819240e-02  3.095807e+00  5.816341e+05  5.811796e+03  3.372956e+57  3.760041e+52  8.018723e-07  5.602093e+101  1.000000e+00  1.000000e+00  1.000000e+00
1.000000e+04  1.887962e+03  1.255740e+05  1.427295e+03  1.000000e+04  2.292456e+00  2.257529e+00  3.492700e-02  1.012562e+01  1.012562e+01  4.377380e-01  1.523600e-02  3.343959e-01  7.375984e-01  7.375989e-01  1.653697e-02  2.636711e+00  5.964073e+05  5.774782e+03  3.390346e+57  3.736209e+52  4.123344e-07  1.863883e+101  1.000000e+00  1.000000e+00  1.000000e+00
1.000000e+04  2.078381e+03  1.255740e+05  1.617714e+03  1.000000e+04  2.295046e+00  2.260360e+00  3.468600e-02  1.002886e+01  1.002886e+01  4.367280e-01  1.511300e-02  3.380035e-01  7.568397e-01  7.568403e-01  1.514251e-02  2.288170e+00  6.093047e+05  5.733289e+03  3.395323e+57  3.709496e+52  -7.765096e-08  -3.631774e+99  -1.000000e+00  -1.000000e+00  1.000000e+00
1.000000e+04  2.294199e+03  1.255740e+05  1.833538e+03  1.000000e+04  2.291525e+00  2.257110e+00  3.441600e-02  9.926507e+00  9.926507e+00  4.355920e-01  1.501900e-02  3.409651e-01  7.731225e-01  7.731230e-01  1.396644e-02  2.020462e+00  6.204218e+05  5.686875e+03  3.389449e+57  3.679609e+52  -6.492489e-07  -1.289608e+101  -1.000000e+00  -1.000000e+00  1.000000e+00
1.000000e+04  2.538819e+03  1.255740e+05  2.078156e+03  1.000000e+04  2.282762e+00  2.248648e+00  3.411400e-02  9.820081e+00  9.820081e+00  4.343150e-01  1.494400e-02  3.433422e-01  7.865248e-01  7.865253e-01  1.297342e-02  1.812693e+00  6.298871e+05  5.635021e+03  3.374438e+57  3.646217e+52  -1.586434e-06  -2.538137e+101  -1.000000e+00  -1.000000e+00  1.000000e+00
1.000000e+04  2.816077e+03  1.255740e+05  2.355409e+03  1.000000e+04  2.269549e+00  2.235771e+00  3.377700e-02  9.710952e+00  9.710952e+00  4.328810e-01  1.488300e-02  3.451909e-01  7.971600e-01  7.971605e-01  1.213677e-02  1.650866e+00  6.364287e+05  5.577188e+03  3.341079e+57  3.608972e+52  -2.375895e-06  -3.114704e+101  -1.000000e+00  -1.000000e+00  1.000000e+00
1.000000e+04  3.130319e+03  1.255740e+05  2.669651e+03  1.000000e+04  2.252607e+00  2.219205e+00  3.340200e-02  9.600332e+00  9.600332e+00  4.312730e-01  1.482800e-02  3.465619e-01  8.051712e-01  8.051718e-01  1.143217e-02  1.524495e+00  6.427616e+05  5.512840e+03  3.310300e+57  3.567527e+52  -4.431175e-06  -3.107280e+101  -1.000000e+00  -1.000000e+00  1.000000e+00
1.000000e+04  3.486480e+03  1.255740e+05  3.025817e+03  1.000000e+04  2.232593e+00  2.199608e+00  3.298500e-02  9.489258e+00  9.489258e+00  4.294720e-01  1.477400e-02  3.475034e-01  8.107348e-01  8.107354e-01  1.084018e-02  1.426120e+00  6.465088e+05  5.441384e+03  3.264664e+57  3.521498e+52  -7.667116e-06  -3.449134e+101  -1.000000e+00  -1.000000e+00  1.000000e+00
1.000000e+04  3.890162e+03  1.255740e+05  3.429500e+03  1.000000e+04  2.210106e+00  2.177583e+00  3.252300e-02  9.378930e+00  9.378930e+00  4.274570e-01  1.471600e-02  3.480498e-01  8.139878e-01  8.139883e-01  1.034673e-02  1.350535e+00  6.490449e+05  5.362251e+03  3.214725e+57  3.470518e+52  -1.532205e-05  -3.244451e+101  -1.000000e+00  -1.000000e+00  1.000000e+00
1.000000e+04  4.347708e+03  1.255740e+05  3.887040e+03  1.000000e+04  2.185678e+00  2.153666e+00  3.201200e-02  9.270081e+00  9.270081e+00  4.252070e-01  1.464600e-02  3.482445e-01  8.151513e-01  8.151519e-01  9.936511e-03  1.293365e+00  6.504445e+05  5.274840e+03  3.161245e+57  3.414202e+52  -6.950751e-05  -2.998112e+101  -1.000000e+00  -1.000000e+00  1.000000e+00
1.000000e+04  4.866291e+03  1.255740e+05  4.405622e+03  1.000000e+04  2.159801e+00  2.128352e+00  3.144900e-02  9.163661e+00  9.163661e+00  4.227000e-01  1.456100e-02  3.481178e-01  8.143940e-01  8.143946e-01  9.600950e-03  1.251973e+00  6.508571e+05  5.178609e+03  3.105427e+57  3.352193e+52  -2.377381e-04  -2.690233e+101  -1.000000e+00  -1.000000e+00  1.000000e+00
1.000000e+04  5.454054e+03  1.255740e+05  4.993389e+03  1.000000e+04  2.132908e+00  2.102078e+00  3.083000e-02  9.060390e+00  9.060390e+00  4.199110e-01  1.445500e-02  3.477018e-01  8.119139e-01  8.119145e-01  9.330053e-03  1.223935e+00  6.503858e+05  5.073045e+03  3.048024e+57  3.284158e+52  3.875365e-05  -2.374567e+101  1.000000e+00  -1.000000e+00  1.000000e+00
1.000000e+04  6.120229e+03  1.255740e+05  5.659571e+03  1.000000e+04  2.105395e+00  2.075242e+00  3.015300e-02  8.960886e+00  8.960886e+00  4.168160e-01  1.432200e-02  3.470279e-01  8.079185e-01  8.079190e-01  9.115428e-03  1.207433e+00  6.491386e+05  4.957659e+03  2.989808e+57  3.209781e+52  1.755908e-05  -2.046438e+101  1.000000e+00  -1.000000e+00  1.000000e+00
1.000000e+04  6.875298e+03  1.255740e+05  6.414631e+03  1.000000e+04  2.077615e+00  2.048200e+00  2.941600e-02  8.865716e+00  8.865716e+00  4.133890e-01  1.415800e-02  3.461250e-01  8.026065e-01  8.026070e-01  8.950219e-03  1.201077e+00  6.472239e+05  4.832081e+03  2.931527e+57  3.128820e+52  1.230114e-05  -1.750776e+101  1.000000e+00  -1.000000e+00  1.000000e+00
1.000000e+04  7.731096e+03  1.255740e+05  7.270426e+03  1.000000e+04  2.049886e+00  2.021271e+00  2.861500e-02  8.775409e+00  8.775409e+00  4.096060e-01  1.395900e-02  3.450198e-01  7.961675e-01  7.961682e-01  8.829780e-03  1.204045e+00  6.447485e+05  4.696054e+03  2.873834e+57  3.041102e+52  9.814853e-06  -1.478294e+101  1.000000e+00  -1.000000e+00  1.000000e+00
1.000000e+04  8.701063e+03  1.255740e+05  8.240395e+03  1.000000e+04  2.022489e+00  1.994739e+00  2.775100e-02  8.690321e+00  8.690321e+00  4.054400e-01  1.372100e-02  3.437416e-01  7.888062e-01  7.888066e-01  8.748594e-03  1.215346e+00  6.418044e+05  4.549425e+03  2.817230e+57  2.946528e+52  8.335056e-06  -1.232006e+101  1.000000e+00  -1.000000e+00  1.000000e+00
1.000000e+04  9.800430e+03  1.255740e+05  9.339770e+03  1.000000e+04  1.995682e+00  1.968860e+00  2.682300e-02  8.610958e+00  8.610958e+00  4.008690e-01  1.344000e-02  3.423115e-01  7.806766e-01  7.806770e-01  8.702315e-03  1.234362e+00  6.384991e+05  4.392256e+03  2.762303e+57  2.845131e+52  7.352855e-06  -1.012957e+101  1.000000e+00  -1.000000e+00  1.000000e+00
1.000000e+04  1.104648e+04  1.255740e+05  1.058582e+04  1.000000e+04  1.969688e+00  1.943857e+00  2.583100e-02  8.537527e+00  8.537527e+00  3.958700e-01  1.311400e-02  3.407587e-01  7.719734e-01  7.719738e-01  8.687139e-03  1.260540e+00  6.349162e+05  4.224776e+03  2.709433e+57  2.737056e+52  6.181964e-06  -8.574655e+100  1.000000e+00  -1.000000e+00  1.000000e+00
1.000000e+04  1.245877e+04  1.255740e+05  1.199810e+04  1.000000e+04  1.944709e+00  1.919929e+00  2.478000e-02  8.470275e+00  8.470275e+00  3.904250e-01  1.274200e-02  3.391086e-01  7.628629e-01  7.628633e-01  8.697859e-03  1.293085e+00  6.303151e+05  4.047474e+03  2.652811e+57  2.622609e+52  5.570617e-06  -7.086245e+100  1.000000e+00  -1.000000e+00  1.000000e+00
1.000000e+04  1.405947e+04  1.255740e+05  1.359880e+04  1.000000e+04  1.920916e+00  1.897245e+00  2.367100e-02  8.409259e+00  8.409259e+00  3.845160e-01  1.232300e-02  3.373901e-01  7.535231e-01  7.535235e-01  8.733540e-03  1.331824e+00  6.264427e+05  3.861046e+03  2.605243e+57  2.502236e+52  5.670666e-06  -5.196584e+100  1.000000e+00  -1.000000e+00  1.000000e+00
1.000000e+04  1.587372e+04  1.255740e+05  1.541306e+04  1.000000e+04  1.898466e+00  1.875954e+00  2.251200e-02  8.354749e+00  8.354749e+00  3.781320e-01  1.185800e-02  3.356225e-01  7.440694e-01  7.440698e-01  8.786272e-03  1.375465e+00  6.225386e+05  3.666449e+03  2.560765e+57  2.376554e+52  5.303852e-06  -4.049854e+100  1.000000e+00  -1.000000e+00  1.000000e+00
1.000000e+04  1.793002e+04  1.255740e+05  1.746936e+04  1.000000e+04  1.877486e+00  1.856179e+00  2.130800e-02  8.306638e+00  8.306638e+00  3.712680e-01  1.134900e-02  3.338360e-01  7.346687e-01  7.346690e-01  8.857983e-03  1.424219e+00  6.186512e+05  3.464937e+03  2.519382e+57  2.246362e+52  4.643603e-06  -3.325377e+100  1.000000e+00  -1.000000e+00  1.000000e+00
1.000000e+04  2.025605e+04  1.255740e+05  1.979538e+04  1.000000e+04  1.858119e+00  1.838050e+00  2.007000e-02  8.264980e+00  8.264980e+00  3.639360e-01  1.080100e-02  3.320576e-01  7.254596e-01  7.254599e-01  8.938848e-03  1.476108e+00  6.141082e+05  3.258351e+03  2.475829e+57  2.112843e+52  4.077678e-06  -3.033627e+100  1.000000e+00  -1.000000e+00  1.000000e+00
